turbine_idx,P_rated_kW,Hub_height_m,Diameter_m,Latitude,Longitude,Lifetime_production_kWh,acidification - accumulated exceedance (AE)[mol H+-Eq],climate change - global warming potential (GWP100)[kg CO2-Eq],climate change: biogenic - global warming potential (GWP100)[kg CO2-Eq],climate change: fossil - global warming potential (GWP100)[kg CO2-Eq],climate change: land use and land use change - global warming potential (GWP100)[kg CO2-Eq],ecotoxicity: freshwater - comparative toxic unit for ecosystems (CTUe)[CTUe],"ecotoxicity: freshwater, inorganics - comparative toxic unit for ecosystems (CTUe)[CTUe]","ecotoxicity: freshwater, organics - comparative toxic unit for ecosystems (CTUe)[CTUe]","energy resources: non-renewable - abiotic depletion potential (ADP): fossil fuels[MJ, net calorific value]",eutrophication: freshwater - fraction of nutrients reaching freshwater end compartment (P)[kg P-Eq],eutrophication: marine - fraction of nutrients reaching marine end compartment (N)[kg N-Eq],eutrophication: terrestrial - accumulated exceedance (AE)[mol N-Eq],human toxicity: carcinogenic - comparative toxic unit for human (CTUh)[CTUh],"human toxicity: carcinogenic, inorganics - comparative toxic unit for human (CTUh)[CTUh]","human toxicity: carcinogenic, organics - comparative toxic unit for human (CTUh)[CTUh]",human toxicity: non-carcinogenic - comparative toxic unit for human (CTUh)[CTUh],"human toxicity: non-carcinogenic, inorganics - comparative toxic unit for human (CTUh)[CTUh]","human toxicity: non-carcinogenic, organics - comparative toxic unit for human (CTUh)[CTUh]",ionising radiation: human health - human exposure efficiency relative to u235[kBq U235-Eq],land use - soil quality index[dimensionless],material resources: metals/minerals - abiotic depletion potential (ADP): elements (ultimate reserves)[kg Sb-Eq],ozone depletion - ozone depletion potential (ODP)[kg CFC-11-Eq],particulate matter formation - impact on human health[disease incidence],photochemical oxidant formation: human health - tropospheric ozone concentration increase[kg NMVOC-Eq],water use - user deprivation potential (deprivation-weighted water consumption)[m3 world eq. deprived]
75560,8000,116,154,51.71676,3.05631,476544000.0,0.00014586248738564827,0.028882591513647457,3.607622024940618e-05,0.028791722379658987,5.479291373905743e-05,0.1533475355298407,0.1422981564815942,0.011049379048246535,0.34153545776256444,1.2178776059623757e-05,3.739654111027949e-05,0.00034826581772308857,2.1392823730293085e-10,1.489349779266843e-10,6.499325937624657e-11,6.913390040251487e-10,6.704564165544982e-10,2.088258747065029e-11,0.0014095117970608282,0.6754087678729866,3.3313047130690696e-07,4.6057824103564025e-10,2.408800996406579e-09,0.00014532709163669213,0.013131094698086071
75564,8000,116,154,51.72185,3.03714,476544000.0,0.00014671561897236057,0.029059469230459933,3.6257781862573974e-05,0.028968288312945383,5.4923135651973747e-05,0.1543279848412192,0.14322043347599717,0.011107551365222052,0.3434740435766617,1.2266777878037573e-05,3.7598455933458985e-05,0.0003501522321898663,2.1524859023334138e-10,1.497205943410698e-10,6.552799589227164e-11,6.957374677734594e-10,6.747196450741154e-10,2.1017822699343644e-11,0.0014166292521599977,0.6760216058987571,3.350094102283792e-07,4.636920762514867e-10,2.423158994422155e-09,0.00014616718364940897,0.01320524327319495
75565,8000,116,154,51.72957,3.05957,476544000.0,0.0001475412147655116,0.029235446014989223,3.6437339848115826e-05,0.029143956325304046,5.505234983706323e-05,0.15527577317458646,0.1441103456351672,0.011165427539419298,0.34539592132741875,1.2352694469485575e-05,3.779863385380105e-05,0.0003520161698384448,2.1656842041089895e-10,1.5050153748023004e-10,6.606688293066893e-11,6.997921471323646e-10,6.786557211874874e-10,2.1136425944877132e-11,0.0014236938341837173,0.6766186678012707,3.365580774317262e-07,4.667578303662244e-10,2.4375930859321106e-09,0.00014699969458711,0.013279002210136677
75566,8000,116,154,51.77589,3.04005,476544000.0,0.00014623536728426782,0.028887732775944332,3.6102406335413966e-05,0.02879682685832223,5.480351128667861e-05,0.15375675453832033,0.14270532854943344,0.011051425988886875,0.34165588050764795,1.22078857043083e-05,3.7416057317108344e-05,0.0003485325599687725,2.1393210214798684e-10,1.4899965835110668e-10,6.493244379688021e-11,6.961478445236304e-10,6.750328016351175e-10,2.1115042888512735e-11,0.001410117334422328,0.6755150601427348,3.3780877062384396e-07,4.610883312418904e-10,2.406958204855669e-09,0.00014540396111465892,0.013136037115465366
75568,8000,116,154,51.7784,3.02289,476544000.0,0.00014659757761357144,0.028975210958931748,3.6188657844249716e-05,0.02888415553955585,5.486676153164794e-05,0.1541760084039322,0.14309586993813267,0.011080138465799567,0.34260328999163125,1.224687163324487e-05,3.7513604814271905e-05,0.0003494293390761363,2.1459157818307523e-10,1.4938131785365175e-10,6.521026032942352e-11,6.975187112680948e-10,6.763760951896996e-10,2.1142616078395198e-11,0.0014135704044645012,0.6758020188216853,3.379429499929925e-07,4.6255574711368766e-10,2.4144468112157215e-09,0.0001458104722198603,0.013172254920024452
75569,8000,116,154,51.7693,3.01159,476544000.0,0.00014651412221840693,0.028974135100186024,3.6182807086868935e-05,0.028883087871120833,5.4864421978321204e-05,0.1540847703191189,0.1430050691744177,0.011079701144701248,0.34257745961387237,1.2240347268578495e-05,3.7509279277366196e-05,0.0003493700375575528,2.1459074724921732e-10,1.4936682672545527e-10,6.522392052376208e-11,6.964408035158791e-10,6.753502906465468e-10,2.1090512869332105e-11,0.0014134360480565146,0.6757793670398756,3.36893703177647e-07,4.624430769163608e-10,2.4148678629860516e-09,0.00014579354120496771,0.013171152281969165
75570,8000,116,154,51.76369,3.03187,476544000.0,0.00014654276891572053,0.028974493049414633,3.618481388244664e-05,0.02888344301538545,5.486522014673444e-05,0.15411603533112436,0.1430361872287747,0.011079848102349708,0.3425861559568095,1.2242588208408187e-05,3.751075761357931e-05,0.000349390332760111,2.145910273067571e-10,1.4937180316021034e-10,6.521922414654677e-11,6.968110501809775e-10,6.757026408657349e-10,2.110840931524244e-11,0.0014134819893569758,0.6757869698774818,3.3725419606292847e-07,4.6248152514031264e-10,2.414722027861865e-09,0.00014579931144431823,0.01317153023404467
75574,8000,116,154,51.75935,2.99913,476544000.0,0.0001464227294646934,0.02897295763825698,3.617639996646167e-05,0.028881919378066834,5.486186022369e-05,0.15398485804761883,0.14290563561674388,0.011079222430874966,0.34254918333960116,1.2233202289112261e-05,3.750454275181562e-05,0.00034930509977312683,2.1458983761421307e-10,1.4935095721807372e-10,6.52388803961394e-11,6.95260361378771e-10,6.742269079404569e-10,2.1033453438313914e-11,0.0014132889244222013,0.6757545718288206,3.3574464253621793e-07,4.6231970516590026e-10,2.415329043502325e-09,0.00014577500253136016,0.013169944807210659
75575,8000,116,154,51.7499,2.98832,476544000.0,0.0001459423109805544,0.028883971696479795,3.6081863469421515e-05,0.02879309452987013,5.479530314023482e-05,0.1534364479176248,0.14238655291393829,0.011049895003686505,0.3415654286813157,1.2184973107955754e-05,3.740087760419664e-05,0.00034832441051701606,2.1392919196161327e-10,1.4894876895802187e-10,6.498042300359142e-11,6.923623708965991e-10,6.714303073458798e-10,2.0932063550719324e-11,0.0014096458009661456,0.6754357736602967,3.3412381573916176e-07,4.6069302247810454e-10,2.408438678910977e-09,0.00014534456881422432,0.013132165962780886
75576,8000,116,154,51.73897,2.9791,476544000.0,0.00014624891712474388,0.028970707645535103,3.6164213361521316e-05,0.0288796864485503,5.485698362328065e-05,0.15379479313675345,0.14271648410132273,0.011078309035430762,0.3424952469775999,1.2219615161088785e-05,3.7495528688881125e-05,0.0003491815430485664,2.1458810279380236e-10,1.493207784230049e-10,6.526732437079748e-11,6.930156078821592e-10,6.720906601338709e-10,2.0924947748288168e-11,0.0014130089550836269,0.6757072535295492,3.3355965022609615e-07,4.6208486136671657e-10,2.416204896163767e-09,0.0001457397063541337,0.013167647905574655
75577,8000,116,154,51.77983,3.05719,476544000.0,0.00014631023062651002,0.028888701601933436,3.610765523507923e-05,0.028797788335112887,5.480561158546587e-05,0.15383861678896713,0.14278679746513237,0.01105181932383478,0.34167910748755764,1.2213737899581893e-05,3.741993963992649e-05,0.00034858577605880966,2.1393284923285862e-10,1.4901265682390588e-10,6.492019240895278e-11,6.971146964401235e-10,6.759529183897377e-10,2.1161778050385733e-11,0.0014102379167030019,0.6755354365737136,3.387498846377151e-07,4.6118947614111636e-10,2.406580931361418e-09,0.00014541916264862093,0.01313702640920404
75580,8000,116,154,51.74275,3.06363,476544000.0,0.0001464498765253951,0.028973045744572826,3.6178268043891036e-05,0.028882004968373537,5.486250815540061e-05,0.1540133101576242,0.14293401830348926,0.011079291854134974,0.34255365967165036,1.2235356945546853e-05,3.750580125247561e-05,0.00034932299389194065,2.1458998867602556e-10,1.4935572282082496e-10,6.52342658552006e-11,6.956166840093418e-10,6.745660137629833e-10,2.1050670246358333e-11,0.001413328531646784,0.6757579581676584,3.360935875340912e-07,4.623511246036891e-10,2.4151619446145694e-09,0.00014577955324722192,0.013170291095047089
75585,8000,116,154,51.74719,3.09309,476544000.0,0.0001469137205697573,0.02906166748624901,3.62716223859392e-05,0.028970467328280472,5.49285355826033e-05,0.15454289508043925,0.14343440452052153,0.011108490559917748,0.34353002745741273,1.2282308973266433e-05,3.7608521944981454e-05,0.00035029110323673424,2.152504007617633e-10,1.4975506289126383e-10,6.549533787049951e-11,6.983038714972742e-10,6.771620049804283e-10,2.114186651684588e-11,0.0014169426161994576,0.6760699685290164,3.375104218217826e-07,4.6395242370595336e-10,2.4221186072449642e-09,0.00014620607442905476,0.013207843831910773
75586,8000,116,154,51.73713,3.08053,476544000.0,0.00014682382453064913,0.029060517944082997,3.626532135109145e-05,0.028969326603220505,5.492601951140406e-05,0.15444465950095515,0.14333663741289338,0.011108022088061817,0.34350234374580163,1.227527993798441e-05,3.760386788768068e-05,0.00035022727496383777,2.1524950995617692e-10,1.4973945156575164e-10,6.551005839042529e-11,6.971425734103908e-10,6.760568407250385e-10,2.1085732685352302e-11,0.0014167980371107708,0.6760457107203118,3.3637992713855627e-07,4.6383124490935776e-10,2.4225732290884895e-09,0.00014618787091436565,0.01320665654021195
75595,8000,116,154,51.78642,3.07705,476544000.0,0.00014716979405277408,0.029065271602764273,3.628961539238358e-05,0.028974046142281433,5.493584509045221e-05,0.15482426798874582,0.1437143512927226,0.011109916696023289,0.34361382736215845,1.2302290814913256e-05,3.762196623278296e-05,0.0003504746783816188,2.1525308833721435e-10,1.4979946734454714e-10,6.545362099266726e-11,7.01604724646494e-10,6.803032956549425e-10,2.1301428991551175e-11,0.001417359614258765,0.6761440800995068,3.4072108128007113e-07,4.643041915293221e-10,2.420861523770363e-09,0.0001462591322788655,0.013211241484616438
75601,8000,116,154,51.75915,3.10795,476544000.0,0.0001466255562956165,0.028975154539262023,3.619056341091086e-05,0.02888409661012616,5.486736572494861e-05,0.1542046424975021,0.14312447343034354,0.011080169067158616,0.34260569613399555,1.224911048754245e-05,3.751481835052028e-05,0.0003494469965029462,2.1459166683683756e-10,1.493862585741693e-10,6.520540826266833e-11,6.978891496280819e-10,6.767286385066549e-10,2.1160511121426898e-11,0.0014136089213575304,0.6758032700763404,3.3830687850043386e-07,4.6258518809569977e-10,2.4142576501678076e-09,0.00014581462442914952,0.01317260485143088
75602,8000,116,154,51.75029,3.11181,476544000.0,0.0001477678875911874,0.029238223456435546,3.645321166610293e-05,0.029146711602975856,5.5058641793583766e-05,0.1555229067693193,0.1443563316685699,0.011166575100749416,0.34546390973560304,1.2370433146646651e-05,3.7810300343981916e-05,0.00035217646706327385,2.165706114235598e-10,1.5054092539649803e-10,6.602968602706181e-11,7.027229927005283e-10,6.81444901239187e-10,2.1278091461341045e-11,0.0014240564949744021,0.6766779918771604,3.3941215213723275e-07,4.670609629945762e-10,2.4364328171556147e-09,0.00014704515217677075,0.013281990235586233
75606,8000,116,154,51.7056,3.12481,476544000.0,0.00014644719356482106,0.02897305802107702,3.617808623383739e-05,0.028882017481660145,5.486245318303754e-05,0.1540105965098523,0.14293130568042145,0.0110792908294309,0.3425535318837914,1.2235141406579689e-05,3.750568877786896e-05,0.0003493213372719061,2.1458998330114366e-10,1.4935524768167475e-10,6.523473561946893e-11,6.955810123042514e-10,6.745320651015205e-10,2.1048947202730844e-11,0.0014133249455827157,0.6757579425947442,3.360584890667067e-07,4.6234843857849305e-10,2.4151808740369535e-09,0.00014577918016636917,0.013170257863877646
75608,8000,116,154,51.68579,3.08064,476544000.0,0.00014589109365283206,0.028883363489462615,3.60782797858262e-05,0.028792491319857783,5.479388981900248e-05,0.15338069812416313,0.14233105702938648,0.011049641094776701,0.34155035682948365,1.2180962614007766e-05,3.739825251403377e-05,0.00034828829415871804,2.1392870571311093e-10,1.4893986532256456e-10,6.498884039054639e-11,6.916997176562906e-10,6.707996836413314e-10,2.090003401495909e-11,0.001409564159776613,0.6754226636808037,3.334783652229809e-07,4.606249156538375e-10,2.4087030731305564e-09,0.00014533436829809892,0.013131491726478503
75612,8000,116,154,51.66167,3.11821,476544000.0,0.000146117793458866,0.028887086601185975,3.609428022746557e-05,0.028796191730137876,5.480059082062537e-05,0.15363228919910712,0.14258123747322984,0.011051051725877283,0.3416325266314858,1.219858658914141e-05,3.7410456661467676e-05,0.00034845365008643686,2.139313274261281e-10,1.4897907089085737e-10,6.495225653527076e-11,6.946103636515132e-10,6.735696156578801e-10,2.1040747993632953e-11,0.0014099416556357632,0.6754963704062302,3.3630520795947017e-07,4.6094696840261186e-10,2.407651459838695e-09,0.00014538328526570422,0.013134524827584355
75620,8000,116,154,51.64174,3.11238,476544000.0,0.00014727525555392035,0.029150697238575492,3.6358035722967275e-05,0.029059346762067746,5.49924407847808e-05,0.15496871910568433,0.14383108563869876,0.01113763346698563,0.3445006208336331,1.2321049305553073e-05,3.7706919545664285e-05,0.00035119572031618924,2.1591058050971356e-10,1.5013629642563301e-10,6.57742840840806e-11,6.99632100492127e-10,6.784646807558304e-10,2.1167419736296365e-11,0.0014204190129049573,0.6763804706954005,3.375906035430507e-07,4.654500957719135e-10,2.4297901838153376e-09,0.0001466181492685573,0.013244126523599855
75621,8000,116,154,51.65163,3.11529,476544000.0,0.000146887064234181,0.029062720799697052,3.6269940884807045e-05,0.028971522467152865,5.492839165938091e-05,0.1545202963490901,0.14341155693033017,0.01110873941875996,0.3435427212568839,1.2280052419800714e-05,3.760793279035249e-05,0.0003502796090208605,2.152507714257475e-10,1.4975015791842976e-10,6.55006135073178e-11,6.979292140387626e-10,6.768054207411046e-10,2.112379329765763e-11,0.0014169215600185186,0.6760839765224829,3.371345404607459e-07,4.6394434132943114e-10,2.422413861565007e-09,0.00014620577053615298,0.013207557724133536
75626,8000,116,154,51.63165,3.07154,476544000.0,0.00014704204369939765,0.02906600577474944,3.6280978484852806e-05,0.028974791504085634,5.49332921789497e-05,0.15469575728954654,0.14358584777029773,0.011109909519248869,0.34360998592368425,1.2292009343446112e-05,3.761669558099511e-05,0.00035039659531786374,2.1525290053637452e-10,1.4977681378133748e-10,6.547608675503704e-11,6.999029484041755e-10,6.786837161669912e-10,2.121923223718418e-11,0.0014171912033774446,0.6761456138415859,3.3904548841923144e-07,4.6417928406748007e-10,2.4217800755624757e-09,0.000146241914535532,0.0132096662457221
75628,8000,116,154,51.67757,3.06483,476544000.0,0.00014590982057904758,0.028883966784134307,3.607964117743236e-05,0.028793092571858515,5.479457109835974e-05,0.1534028665147145,0.14235302663616078,0.011049839878553715,0.3415615785911076,1.2182381928712438e-05,3.7399428425161076e-05,0.0003483035302674301,2.1392905694318641e-10,1.489430454532335e-10,6.498601148995294e-11,6.91933728178031e-10,6.710223731983925e-10,2.0911354979638334e-11,0.0014095999709769476,0.6754332496190681,3.3370325587244704e-07,4.6065742706774654e-10,2.408650237863996e-09,0.00014533948970930425,0.01313175627122798
75634,8000,116,154,51.63566,3.09202,476544000.0,0.00014657068076174797,0.028976622799297157,3.618700796202567e-05,0.028885569024280796,5.486676705433851e-05,0.15415484062582285,0.1430743539798298,0.011080486645993105,0.34262133116240334,1.2244551591262911e-05,3.751320833620832e-05,0.00034941960179771166,2.145921111114386e-10,1.4937629956946882e-10,6.521581154196981e-11,6.971330867727287e-10,6.760090645225049e-10,2.112402225022359e-11,0.0014135546195233393,0.6758214607293731,3.3755349753824336e-07,4.625545638704805e-10,2.414784896581266e-09,0.00014581144080287343,0.013171982741532496
75635,8000,116,154,51.64702,3.09544,476544000.0,0.0001465651972783669,0.028976296549732498,3.618658927381135e-05,0.028885243457503304,5.4866502955385896e-05,0.1541476487097586,0.14306726187858432,0.01108038683117433,0.34261580240468226,1.2244154483148511e-05,3.751277915149664e-05,0.0003494143429650658,2.1459194015101114e-10,1.4937539798448067e-10,6.52165421665305e-11,6.970678172273037e-10,6.759469566538672e-10,2.112086057343626e-11,0.00141354179277197,0.6758160861375456,3.3749200981757004e-07,4.6254205577026406e-10,2.4147831511632082e-09,0.00014580939460823948,0.01317189820264243
75637,8000,116,154,51.62584,3.05024,476544000.0,0.0001466855751679627,0.028979059118125636,3.619519084718851e-05,0.028887993526782375,5.4870400496066176e-05,0.15428492368233976,0.14320356930286907,0.011081354379470715,0.342671212898662,1.2253415763008873e-05,3.751970521668941e-05,0.00034950633517742837,2.145936899856532e-10,1.4939606076197057e-10,6.519762922368268e-11,6.985962979623209e-10,6.774015228392538e-10,2.1194775123066904e-11,0.0014137545358495886,0.6758671708304425,3.389701544825645e-07,4.6272875911148304e-10,2.4143151522297254e-09,0.00014583823987903753,0.013173545946224517
75644,8000,116,154,51.62058,3.02985,634841183.906204,0.0001101481449542149,0.021753993210697813,2.717269259016062e-05,0.021685630783257068,4.118973485058412e-05,0.11585780783139268,0.10753928334450605,0.008318524486886658,0.25724348589511775,9.201003582912381e-06,2.816638582783042e-05,0.0002623863893972644,1.6108545109830238e-10,1.1215088121504475e-10,4.8934569883257636e-11,5.248917284557024e-10,5.089581651801764e-10,1.5933563275525776e-11,0.0010613032722001112,0.5073558829474097,2.549223131352598e-07,3.474065612636817e-10,1.81215282426346e-09,0.0001094826542122216,0.00988925704215326
75648,8000,116,154,51.67122,3.04463,476544000.0,0.00014635642302607984,0.02897299012873628,3.6171870410849756e-05,0.028881957873690748,5.4860384634683695e-05,0.15391652423968782,0.14283740248310356,0.01107912175658429,0.3425419635006998,1.2227908954788368e-05,3.7501609384108806e-05,0.00034926271399370723,2.1458958142703384e-10,1.493392682729609e-10,6.525031315407296e-11,6.943846628171312e-10,6.73393515000734e-10,2.0991147816397056e-11,0.0014131960597911384,0.6757500672894203,3.3488512360220627e-07,4.6224791131122704e-10,2.4157656860612106e-09,0.00014576479242810872,0.013169110719578327
75649,8000,116,154,51.68385,3.04695,476544000.0,0.00014626399113103525,0.0289712512574367,3.6165316972021584e-05,0.028880228383404746,5.485755705992803e-05,0.15381290897231548,0.14273442379719134,0.011078485175124147,0.34250514933861437,1.2220750454205072e-05,3.749650812443158e-05,0.0003491941163497206,2.1458841191990066e-10,1.4932332675480022e-10,6.526508516510044e-11,6.932027110778782e-10,6.722687100720307e-10,2.093400100584729e-11,0.0014130386883590771,0.6757166565029332,3.337389816114609e-07,4.621121895761049e-10,2.416169041648639e-09,0.00014574404067407902,0.013167863591188142
75665,9500,116,164,51.71627,2.98042,791404022.158837,0.00010253874222435492,0.020227485104792237,2.5453872083728716e-05,0.020163150916764377,3.888031594412703e-05,0.10760784353079517,0.09988545621094289,0.007722387319852274,0.2394466632058221,8.527034308371328e-06,2.6158617708602543e-05,0.0002435767684944098,1.5157604839287287e-10,1.0646600454827107e-10,4.511004384460189e-11,4.89803810925297e-10,4.750111093676446e-10,1.479270155765184e-11,0.0009935383779312707,0.48141878850829956,2.3934070829483327e-07,3.2093829058628423e-10,1.6898919193135411e-09,0.00010159660910062642,0.009216291909772483
75667,9500,116,164,51.61391,3.00776,725034507.338444,0.00011219700654048618,0.022084671750835234,2.780325197345409e-05,0.022014420574082136,4.244792477964545e-05,0.11776514446950526,0.10933385318574154,0.008431291283763711,0.2614806255898779,9.32859822262816e-06,2.8568434012891715e-05,0.00026607792583274254,1.6545493557736263e-10,1.1625868401546917e-10,4.9196251561893544e-11,5.381072425822747e-10,5.217927856554574e-10,1.631445692681659e-11,0.001084956660710942,0.5255929168441945,2.646081064710298e-07,3.5072516808982224e-10,1.8434498143428478e-09,0.00011095943445746461,0.010063639238661522
75672,9500,116,164,51.70086,2.98593,791404022.158837,0.00010284301838550687,0.020281624282078827,2.5511896954433677e-05,0.020217191414756034,3.892097036835728e-05,0.10795615936632479,0.10021593300465949,0.007740226361665287,0.24004911400448609,8.55720270973841e-06,2.62220226657877e-05,0.0002441798789220897,1.5197417079120468e-10,1.067107136422672e-10,4.526345714893756e-11,4.917345834139553e-10,4.768718418500706e-10,1.4862741563884138e-11,0.000995761901305018,0.4816203423679565,2.4049459087601654e-07,3.219452896147115e-10,1.6940070914370918e-09,0.0001018601626687809,0.00923925569746072
75673,9500,116,164,51.61512,2.98732,725034507.338444,0.000112402325500202,0.022141696323345162,2.7857639781504218e-05,0.022071350126007864,4.248855755579145e-05,0.11800466769810788,0.10955469009120762,0.008449977606900253,0.26209244257069897,9.351668294515571e-06,2.8630823211648438e-05,0.00026664381327418666,1.658880410178867e-10,1.1650386065197108e-10,4.93841803659157e-11,5.385863465497863e-10,5.222741627075072e-10,1.6312183842278377e-11,0.0010871727523602125,0.525771875502433,2.642859916709757e-07,3.516444410756749e-10,1.8485313321204684e-09,0.00011121979496681433,0.010087009054642148
75674,9500,116,164,51.62739,2.96624,791404022.158837,0.0001029552221204458,0.020284487410641202,2.5519953075600802e-05,0.02022004272986246,3.8924727703140485e-05,0.10808546252550127,0.10034425417112718,0.0077412083543741085,0.24010508207593492,8.565799504522694e-06,2.622864188319793e-05,0.00024426716061683027,1.519759330075842e-10,1.06729916321333e-10,4.524601668625128e-11,4.931530106235992e-10,4.782216687914877e-10,1.4931341832110947e-11,0.0009959647069857013,0.4816723400373478,2.4186395927573976e-07,3.2212507109293535e-10,1.693604033043123e-09,0.00010188810203409294,0.009240805183612826
75678,9500,116,164,51.68759,2.96958,791404022.158837,0.000103605363211953,0.020441442376840226,2.567533328636751e-05,0.02037672861334409,3.903843020976567e-05,0.10883350064979457,0.10104072915147018,0.007792771498324373,0.2418000024351626,8.636024914212388e-06,2.640406377827358e-05,0.0002458787641714409,1.531667393936117e-10,1.0741884154256211e-10,4.574789785104967e-11,4.95597592820508e-10,4.806180062258711e-10,1.4979586594636315e-11,0.0010021798858209174,0.4821741303876675,2.4208351046462164e-07,3.247499501005497e-10,1.7070359359802797e-09,0.00010261788443872257,0.009306127627089454
75680,9500,116,164,51.69977,2.9614,791404022.158837,0.00010307423964722137,0.020334622296913987,2.556477347960793e-05,0.020270098032745452,3.895949068892439e-05,0.10822367359829684,0.10046604647051226,0.007757627127784575,0.24062596421466467,8.581684472028098e-06,2.628152804520146e-05,0.00024473001528535926,1.5237147502579934e-10,1.0694277698951454e-10,4.542869803628489e-11,4.927261145405386e-10,4.778387386555194e-10,1.4887375885018632e-11,0.0009978646924751903,0.4817990354434151,2.4073580247853575e-07,3.2284967697108954e-10,1.6984678968498011e-09,0.00010210816674915705,0.009261244829743916
75686,9500,116,164,51.66996,2.94783,791404022.158837,0.00010321146268072676,0.020337301087545993,2.557451566125624e-05,0.020272762841400838,3.896373048389758e-05,0.10837795500794807,0.10061935576140872,0.007758599246539358,0.24068207659737345,8.592299855199119e-06,2.6289156489448277e-05,0.0002448323729831597,1.5237325555678229e-10,1.0696642428470584e-10,4.54068312720765e-11,4.944787080267945e-10,4.795065924873988e-10,1.4972115539395146e-11,0.0009980998460719446,0.48185011604269334,2.424345105528876e-07,3.2305311088040253e-10,1.6978802773566607e-09,0.0001021393299568391,0.009263100900504997
75687,9500,116,164,51.68556,2.94413,791404022.158837,0.00010290805957370725,0.02028315997966574,2.5516550229554574e-05,0.02021872033459656,3.892309483962413e-05,0.10803053188160859,0.1002897707692891,0.007740761112319479,0.24007969833093676,8.562201336642576e-06,2.622578930329579e-05,0.0002442298126358667,1.519751358473929e-10,1.0672186939589498e-10,4.5253266451497994e-11,4.925594984903825e-10,4.776568643813951e-10,1.490263410898677e-11,0.0009958775219284773,0.4816485986414547,2.412919890522357e-07,3.2204702713900296e-10,1.693759183031012e-09,0.0001018759053339696,0.009240148024123351
75689,9500,116,164,51.77898,2.96032,791404022.158837,0.00010271107301528495,0.020229645525394573,2.5465945374844046e-05,0.02016529445944583,3.888512057389816e-05,0.10779595862801081,0.10007268527734317,0.007723273350667611,0.23949908442563175,8.540514320220007e-06,2.6167515004512786e-05,0.00024369889677168245,1.5157773637380436e-10,1.0649594003146096e-10,4.508179634234346e-11,4.920309606092635e-10,4.77130606136316e-10,1.4900354472947006e-11,0.0009938148593948413,0.4814646330136548,2.415091291653825e-07,3.21169726437565e-10,1.6890154311039266e-09,0.00010163134722345084,0.009218565902961903
75690,9500,116,164,51.78289,2.98046,791404022.158837,0.00010273077046313669,0.02022977089100787,2.546730905662506e-05,0.020165417964714095,3.888561723715122e-05,0.10781689077528536,0.10009354996437701,0.007723340810908334,0.2395032534923028,8.542070110820082e-06,2.616846300312868e-05,0.00024371220796410887,1.5157787395575492e-10,1.0649938571677914e-10,4.507848823897584e-11,4.922881668481358e-10,4.773753830864557e-10,1.4912783761679567e-11,0.0009938445590451754,0.48146802434623065,2.417605258807171e-07,3.211937511143607e-10,1.6889012574205546e-09,0.00010163487361750384,0.00921882006988671
75691,9500,116,164,51.78645,2.99706,791404022.158837,0.00010299502581091132,0.020282951204255415,2.5522468830724467e-05,0.02021850377699705,3.89249584276457e-05,0.10811937886002554,0.10037853192079615,0.00774084693922939,0.24008667650266738,8.56916450333739e-06,2.6229542391948313e-05,0.0002442845191908802,1.5197539619953652e-10,1.0673723326449824e-10,4.5238162935038356e-11,4.937116594962817e-10,4.787533679403643e-10,1.4958291555916926e-11,0.0009959967214155118,0.48165197992327985,2.4242416364469576e-07,3.2213787133350346e-10,1.6931673685765912e-09,0.00010188868960631653,0.009241234136868852
75692,9500,116,164,51.77216,2.97735,791404022.158837,0.00010292152450059637,0.02028208023421329,2.5517326183076436e-05,0.020217639977037932,3.892293099227922e-05,0.10803938177955758,0.10029889870436878,0.007740483075188792,0.2400650749710573,8.563408866647854e-06,2.6225776214766237e-05,0.0002442326989969612,1.519746992375598e-10,1.0672445540692571e-10,4.5250243830634205e-11,4.927606541603896e-10,4.778483296732374e-10,1.491232448715181e-11,0.0009958795883239049,0.4816331942467117,2.4149783189371675e-07,3.220401692813287e-10,1.6935470112627296e-09,0.0001018740577755539,0.009240266637239333
75693,9500,116,164,51.76172,2.96402,791404022.158837,0.00010311197063697858,0.02033445481036035,2.5567331001104727e-05,0.020269927213354674,3.8960266004570096e-05,0.1082618603192825,0.1005042173456265,0.007757642973656006,0.24062783868701165,8.584715000268925e-06,2.6283112724498005e-05,0.000244753340160582,1.5237155296341587e-10,1.0694945794165819e-10,4.542209502175774e-11,4.932276604124626e-10,4.783160583201968e-10,1.4911602092265374e-11,0.0009979152047266847,0.4817993329196612,2.4122924846099034e-07,3.2288755414065015e-10,1.6982022826143887e-09,0.00010211343231084297,0.009261712410172112
75696,9500,116,164,51.73999,2.92349,791404022.158837,0.00010284789249780288,0.020281670206091278,2.551223639387879e-05,0.02021723686999383,3.892109970356588e-05,0.10796140880810191,0.10022116160856855,0.007740247199533392,0.2400503690648446,8.557585846991825e-06,2.6222265700816445e-05,0.0002441832522074514,1.5197421162120134e-10,1.0671156332493781e-10,4.526264829626364e-11,4.917979048939079e-10,4.769321029818379e-10,1.4865801912069453e-11,0.0009957694836325358,0.48162140816772125,2.4055636408029335e-07,3.219515321849785e-10,1.693980554314535e-09,0.00010186108971987185,0.00923931929576341
75697,9500,116,164,51.76508,2.88842,791404022.158837,0.0001034670017636717,0.02038976720644764,2.5628983686746997e-05,0.020325135655367196,3.90025673936993e-05,0.10866809495879287,0.10089220264921632,0.007775892309576537,0.2412537787121319,8.618787195379919e-06,2.6349442706309913e-05,0.0002453952822661111,1.5277041698631704e-10,1.0720287741957655e-10,4.556753956674057e-11,4.958027033146178e-10,4.807899052445389e-10,1.501279807007816e-11,0.0010002285590315404,0.4820225539221927,2.430061155674857e-07,3.239734414768137e-10,1.702121103087901e-09,0.00010238917874253485,0.009285371335562722
75698,9500,116,164,51.76771,2.90475,791404022.158837,0.00010296492895676062,0.02028335805202456,2.5520465406597768e-05,0.0202189131286185,3.892445799945659e-05,0.10809019840777667,0.1003492881079111,0.007740910299865572,0.24008927806291963,8.566713379111945e-06,2.6228433349400946e-05,0.0002442673703475217,1.519754584489356e-10,1.0673185001121666e-10,4.5243608437719054e-11,4.933056522372451e-10,4.783669650987653e-10,1.493868713847934e-11,0.0009959607049154302,0.4816558978757184,2.4202258735802755e-07,3.2211311627663226e-10,1.6934106875192637e-09,0.00010188548779267618,0.009240874088533522
75700,9500,116,164,51.76067,2.93237,791404022.158837,0.0001028942704458142,0.020282103638504943,2.5515465738964934e-05,0.020217665843947203,3.892232881876999e-05,0.10801134148517041,0.10027089699513914,0.007740444490031275,0.2400622580605289,8.561231896100826e-06,2.6224576208297617e-05,0.0002442153306687545,1.519745985123787e-10,1.0671964889044594e-10,4.525494962193283e-11,4.924004957595705e-10,4.775055705231429e-10,1.489492523642699e-11,0.000995841575256524,0.4816314955610865,2.4114424917184245e-07,3.220108604755814e-10,1.693727641797081e-09,0.00010186989781670939,0.009239924276106072
75701,9500,116,164,51.74976,2.94933,791404022.158837,0.00010330725874732828,0.02038693588095675,2.5617681181234278e-05,0.02032232044398483,3.899775579068534e-05,0.10848983882394649,0.10071499832030086,0.007774840503645629,0.24119276184905294,8.606394222894536e-06,2.6340725198701243e-05,0.00024527765688358373,1.5276847496733754e-10,1.0717529251270572e-10,4.559318245463193e-11,4.937562474485814e-10,4.788423899401305e-10,1.4913857508450394e-11,0.0009999593059562763,0.4819674560518924,2.410202554968979e-07,3.2374235640841154e-10,1.7028381973647808e-09,0.00010235395019580976,0.009283224241715057
75703,9500,116,164,51.77619,2.94329,791404022.158837,0.00010318408606581232,0.020335592534716288,2.557241464645784e-05,0.020271057742552404,3.896237751742328e-05,0.10834167546653356,0.10058359672789685,0.007758078738636718,0.24065327853176405,8.590327121835246e-06,2.6286968529010483e-05,0.00024480569289441417,1.523723657222657e-10,1.069619388435178e-10,4.541042687874801e-11,4.941545790747385e-10,4.791981667160359e-10,1.4956412358702064e-11,0.0009980345601671612,0.4818220705979666,2.421298549456949e-07,3.2298907071801555e-10,1.6978623872982474e-09,0.00010212882289191927,0.009262675063289419
75704,9500,116,164,51.75397,2.83249,794943932.355232,0.0001024067864037619,0.020143253245538006,2.5363507485597393e-05,0.020079172740739094,3.8716997313313686e-05,0.10749134989031281,0.09980118862458592,0.007690161265726895,0.23850571936876744,8.514239096061172e-06,2.6059899181989252e-05,0.00024273163520062535,1.5090506221545165e-10,1.060479527379153e-10,4.4857109477536414e-11,4.917798940936484e-10,4.7685207354082e-10,1.492782055282777e-11,0.0009896627045402932,0.47938832454501135,2.4230830973540873e-07,3.199805349420083e-10,1.6809194719516104e-09,0.00010121611252564875,0.009179619243456557
75705,9500,116,164,51.75772,2.85319,794943932.355232,0.00010283478839296486,0.020247685921100777,2.5466429134535524e-05,0.020183426995903374,3.879249606286312e-05,0.10798543819515506,0.10026098749181504,0.007724450703339996,0.23963415615637865,8.560536359971703e-06,2.6176319351325127e-05,0.00024380040635802431,1.5169550301024497e-10,1.0650452333865969e-10,4.5190979671585345e-11,4.933505386182252e-10,4.783931948698208e-10,1.4957343748403812e-11,0.0009937868832960441,0.47972508218691706,2.4240112495561484e-07,3.2172407634092187e-10,1.6898871691932992e-09,0.00010170088034695995,0.009222941960528726
75706,9500,116,164,51.75266,2.86733,794943932.355232,0.00010255287921138094,0.02019423541173809,2.5410159418170036e-05,0.02013007256428194,3.875268803798389e-05,0.10766247266518705,0.0999556223097682,0.007706850355418863,0.2390435409207903,8.532123139377737e-06,2.6114386045947655e-05,0.00024321585431439553,1.51299443133029e-10,1.0626451749160742e-10,4.503492564142168e-11,4.916959136846066e-10,4.767953607579224e-10,1.490055292668366e-11,0.0009916098540067265,0.4795328162038838,2.415114014543467e-07,3.2075345904938777e-10,1.6857046479802608e-09,0.00010144340884658125,0.009200366407988604
75707,9500,116,164,51.74886,2.88364,791404022.158837,0.00010296374586082695,0.020283719160911057,2.5520432919799005e-05,0.020219274140606456,3.892458738480301e-05,0.10809066789200593,0.10034965911224852,0.007741008779757418,0.24009455458681558,8.566574381185166e-06,2.6228585529337534e-05,0.00024426853605189267,1.519756180368249e-10,1.0673157011611529e-10,4.524404792070969e-11,4.932821906171004e-10,4.78344627655314e-10,1.493756296178593e-11,0.0009959646892109294,0.4816612999955619,2.4199673593167953e-07,3.221190371748341e-10,1.6934599696503126e-09,0.00010188662287295548,0.0092408762611326
75708,9500,116,164,51.74411,2.90328,791404022.158837,0.00010290585505059617,0.020282700899664698,2.551633794300414e-05,0.020218261714686846,3.892284703484572e-05,0.10802610451758349,0.10028547473964518,0.007740629777938308,0.2400725591930172,8.56208220745348e-06,2.6225430738258836e-05,0.0002442259502922426,1.519749178060047e-10,1.0672157181080667e-10,4.525334599519811e-11,4.925403860017704e-10,4.77638687063625e-10,1.490169893814486e-11,0.000995867234201267,0.4816414513137894,2.4127683318656335e-07,3.2203544804460377e-10,1.693720743166681e-09,0.000101873884596086,0.009240098524574846
75709,9500,116,164,51.73443,2.88686,791404022.158837,0.00010317560065000719,0.020336368187499832,2.5571938415293876e-05,0.02027183372719038,3.8962521894159776e-05,0.10833654436100482,0.10057826392528225,0.007758280435722578,0.24066392146804122,8.589554387577896e-06,2.6287030788561615e-05,0.00024480438152390854,1.5237268422046678e-10,1.0696029033643393e-10,4.5412393884032936e-11,4.940257439027528e-10,4.790755358243016e-10,1.495020807845068e-11,0.0009980347477476891,0.48183322610563856,2.419973586201959e-07,3.2299529439038226e-10,1.6980070524503525e-09,0.00010213033507140233,0.009262604818960758
75710,9500,116,164,51.73114,2.94139,791404022.158837,0.00010278714914026575,0.020280669374062518,2.5507948701788774e-05,0.02021624212256389,3.891930279683633e-05,0.1078939807605109,0.10015411243494392,0.007739868325566968,0.2400283034253685,8.552863969510016e-06,2.6218993808560082e-05,0.0002441389284472224,1.5197350766860694e-10,1.0670105898156132e-10,4.527244868704574e-11,4.910180786726052e-10,4.761899772228273e-10,1.4828101449777407e-11,0.0009956682843714729,0.4816016094847359,2.397990166843254e-07,3.218651746783651e-10,1.694261957451623e-09,0.00010184797077131971,0.009238506434578181
75714,9500,116,164,51.71704,2.85231,794943932.355232,0.00010281123486604945,0.020247801897243477,2.5464834136060454e-05,0.02018354504610087,3.879201700654278e-05,0.10796165368432335,0.10023720969564114,0.007724443988682218,0.23963315727989695,8.558643144710974e-06,2.617533659701114e-05,0.00024378590672696594,1.5169545955892227e-10,1.0650035050195483e-10,4.5195109056967525e-11,4.930372008916519e-10,4.78094992026728e-10,1.494220886492329e-11,0.000993755529816683,0.479725070192737,2.42092758711348e-07,3.217006597435713e-10,1.6900542931631356e-09,0.0001016976350615769,0.009222650614351402
75715,9500,116,164,51.72184,2.88255,791404022.158837,0.00010342426467332859,0.020389643589201943,2.56260448313106e-05,0.02032501599048718,3.9001553883452295e-05,0.10862337402281677,0.10084758680874047,0.007775787214076328,0.24124695790335052,8.615393297365481e-06,2.634747003155691e-05,0.00024536719233053824,1.527701860420887e-10,1.0719537203879608e-10,4.557481400329271e-11,4.95241423583364e-10,4.802557450545984e-10,1.4985678528765036e-11,0.0010001664422133814,0.4820174522968798,2.4245633821486353e-07,3.239242798393877e-10,1.7023858998740573e-09,0.00010238206976132345,0.009284826895041388
75716,9500,116,164,51.71101,2.89322,791404022.158837,0.00010292828890034073,0.020283537988085742,2.551798415011066e-05,0.020219096291366225,3.892371256940674e-05,0.10805319679490447,0.10031229707318624,0.007740899721718214,0.24008771704561432,8.563768337170762e-06,2.6226904298068677e-05,0.00024424481205968926,1.5197539063835153e-10,1.0672535880723265e-10,4.525003183111897e-11,4.928182319190348e-10,4.77903088238348e-10,1.4915143680686195e-11,0.0009959119237207168,0.481655871958333,2.415429042642727e-07,3.220766796932038e-10,1.6936706119777796e-09,0.00010188043765643612,0.009240420845488529
75718,9500,116,164,51.74276,2.77467,794943932.355232,0.00010350108973234567,0.020356904720297997,2.5586286890321146e-05,0.02029244301788223,3.887541552544267e-05,0.1087480776603095,0.10098761203349019,0.00776046562681931,0.24086204852893772,8.625251550358546e-06,2.6306063072393108e-05,0.00024504764558124035,1.5248909694206266e-10,1.0700213291105297e-10,4.5486964031009775e-11,4.979617927075932e-10,4.828279056710179e-10,1.5133887036574836e-11,0.0009983215255799734,0.4801525860101346,2.4543997632984995e-07,3.2382357818392186e-10,1.6978498574930909e-09,0.00010224025594589754,0.00926949424813474
75719,9500,116,164,51.74577,2.7937,794943932.355232,0.00010250140041429071,0.02014515844377395,2.537023243161842e-05,0.020081068265594162,3.871994574816466e-05,0.10759799809325223,0.0999071503739821,0.0076908477192701545,0.23854528087226218,8.521551113172757e-06,2.606519193735214e-05,0.00024280252013391524,1.5090631637374966e-10,1.0606424581460299e-10,4.484207055914674e-11,4.929870260683458e-10,4.780008379252938e-10,1.4986188143051437e-11,0.0009898257513846647,0.4794244291336125,2.4347785585260066e-07,3.2012196327546557e-10,1.680521011294284e-09,0.00010123781190147583,0.009180901740101981
75721,9500,116,164,51.74292,2.83941,794943932.355232,0.00010261342009828335,0.020195530426519986,2.5414472704526354e-05,0.02013136134636062,3.875460745483329e-05,0.10773106956780652,0.10002375885056013,0.007707310717246394,0.2390699936536679,8.536792514131812e-06,2.6117815807558966e-05,0.0002432616164118531,1.5130028020779192e-10,1.0627492795742872e-10,4.5025352250363296e-11,4.924666735464199e-10,4.775288505974608e-10,1.4937822948958642e-11,0.0009917153712787371,0.47955707320059915,2.4225754704708126e-07,3.2084547192141397e-10,1.685458422503631e-09,0.00010145757110467603,0.009201190634078992
75722,9500,116,164,51.72958,2.85596,794943932.355232,0.0001027985225977953,0.020247419103591267,2.5463913576502697e-05,0.02018316362392865,3.879156608611534e-05,0.10794673050801777,0.10022241402190636,0.007724316486111392,0.2396259405475539,8.557676377458485e-06,2.617455352855198e-05,0.00024377570663947944,1.516952333098108e-10,1.0649818646624285e-10,4.519704684356801e-11,4.928777680044889e-10,4.779432714596338e-10,1.4934496544854587e-11,0.0009937316387033782,0.4797182907931142,2.419393179673736e-07,3.216791243374051e-10,1.6900932359209644e-09,0.00010169425621696502,0.00922247230008768
75724,9500,116,164,51.70291,2.84006,794943932.355232,0.00010285779699599857,0.020248812118261406,2.546815340080533e-05,0.020184550465483647,3.879349937695004e-05,0.10801447833236341,0.1002896763226494,0.007724802009714017,0.23965371536731322,8.562232613741713e-06,2.617798250221155e-05,0.00024382117827655058,1.5169610983077717e-10,1.0650835440034052e-10,4.5187755430436735e-11,4.936296848617608e-10,4.786588261095347e-10,1.4970858752225462e-11,0.0009938369059225428,0.47974394257795056,2.4266620613036995e-07,3.21771711150247e-10,1.6898665573641123e-09,0.00010170857924924613,0.009223285201255425
75725,9500,116,164,51.70362,2.8703,794943932.355232,0.00010301555790905743,0.020299993117728874,2.551562983285541e-05,0.020235647949785104,3.882953811091613e-05,0.10819858410945661,0.10045701840119917,0.007741565708257471,0.24019587420234534,8.581022862134025e-06,2.6233101594750002e-05,0.0002443139465826079,1.5209062896788193e-10,1.0672693561564058e-10,4.536369335224145e-11,4.936953570339033e-10,4.787445308249538e-10,1.4950826208948827e-11,0.0009958035976461023,0.47989233747242466,2.4201458358356497e-07,3.2256135508738833e-10,1.6945984368761177e-09,0.0001019384196293761,0.009244188818642028
75726,9500,116,164,51.69219,2.85992,794943932.355232,0.00010258765027318641,0.020195580787195352,2.5412717363125774e-05,0.02013141401956404,3.875405026818576e-05,0.10770468855755974,0.09999740647210878,0.007707282085450948,0.23906775341088027,8.534730610879101e-06,2.6116697167040296e-05,0.0002432453444458998,1.5130019782235178e-10,1.0627037761370836e-10,4.5029820208643506e-11,4.921255153829973e-10,4.772041730578689e-10,1.4921342325127813e-11,0.0009916798701014925,0.47955589632621587,2.4192239671979435e-07,3.208183231847755e-10,1.685632465007483e-09,0.00010145374084004692,0.009200868253091257
77058,4000,90,130,54.00543,5.87803,238272000.0,0.00016984976745383404,0.03336935984301782,4.075640746249085e-05,0.03327070421848881,5.7899217066516965e-05,0.17843055999548507,0.16591772860823012,0.012512831387255044,0.3939954772235306,1.4337617338511445e-05,4.313161544947987e-05,0.00039975764705129296,2.388547256449445e-10,1.625387453438202e-10,7.631598030112441e-11,8.229067241435797e-10,7.972554979602632e-10,2.5651226183316653e-11,0.0015843711533031202,0.6900313922889869,4.0470263642700926e-07,5.381541743869362e-10,2.7301101509409645e-09,0.0001668792444906781,0.015353543052925953
77059,4000,90,130,54.05077,5.82185,238272000.0,0.00017280490704413265,0.033743035133664265,4.12075970461716e-05,0.03364363121534978,5.819632126831425e-05,0.18177469341053715,0.16913791055705646,0.01263678285348074,0.3983164635652547,1.4610783431633537e-05,4.3602342046447115e-05,0.00040443826418414555,2.4150960547838933e-10,1.6432607627395084e-10,7.718352920443859e-11,8.477510725284401e-10,8.210535855725356e-10,2.6697486955904232e-11,0.001600676426329482,0.691654134074613,4.240506551820573e-07,5.461442183216738e-10,2.7529649052860335e-09,0.00016882675162743693,0.015518521449040217
77060,4000,90,130,54.05581,5.8156,238272000.0,0.0001729744074356566,0.03374576862057279,4.121955362644134e-05,0.033646347757125473,5.8201309820876644e-05,0.1819625693695113,0.1693247457779333,0.012637823591578098,0.39837714767677496,1.462396684770791e-05,4.361143842679456e-05,0.00040456163078797205,2.415115428251479e-10,1.643553996880537e-10,7.715614313709437e-11,8.499284152400258e-10,8.231256668786033e-10,2.6802748361422378e-11,0.0016009578888848794,0.6917084797086149,4.2616571252862963e-07,5.463840093616942e-10,2.7521728471045052e-09,0.00016886314264789832,0.015520786881546912
77061,4000,90,130,54.00538,5.89057,238272000.0,0.0001696026174293085,0.03336518427143306,4.073894801498396e-05,0.033266553462201344,5.7891861216726573e-05,0.1781557271165491,0.16564446604292288,0.0125112610736263,0.3939041467954855,1.431841794191422e-05,4.311824423918954e-05,0.00039957675301765936,2.388518143384074e-10,1.6249602617558043e-10,7.635578816282707e-11,8.197360481064852e-10,7.94238110031132e-10,2.5497938075353263e-11,0.0015839577796356267,0.6899492634264729,4.0162418969559274e-07,5.378007405125142e-10,2.7312432092724336e-09,0.00016682548876979168,0.015350230824691932
77062,4000,90,130,54.01057,5.8849,238272000.0,0.00016972685834712003,0.03336717173072395,4.07477098221173e-05,0.0332685285101316,5.789551077023047e-05,0.17829336141129468,0.16578134198347333,0.012512019427821406,0.3939483852328723,1.4328083157162296e-05,4.312490257597674e-05,0.0003996670926055462,2.388532270316386e-10,1.6251752293513306e-10,7.633570409650568e-11,8.213323542930455e-10,7.9575724485517e-10,2.557510943787559e-11,0.0015841638343734729,0.6899888524133659,4.031749616761528e-07,5.379761808674937e-10,2.730660786535557e-09,0.00016685210380016792,0.01535189058484086
77063,4000,90,130,54.01577,5.87924,238272000.0,0.00016985711004560515,0.03336925623287807,4.075689564508597e-05,0.03327059999995952,5.789933727346131e-05,0.17843765862534997,0.16592484390672407,0.012512814718626019,0.393994777263797,1.4338215866004829e-05,4.3131883547962445e-05,0.00039976180756833105,2.3885470847604095e-10,1.6254005953280138e-10,7.63146489432397e-11,8.230058705033527e-10,7.973498570604867e-10,2.5656013442866035e-11,0.0015843798719661377,0.6900303702435311,4.0480073412529744e-07,5.381601268026287e-10,2.7300502885304197e-09,0.00016688000971675277,0.015353630686332055
77064,4000,90,130,54.02096,5.87358,238272000.0,0.00016999296347043006,0.03337143172261041,4.076647670172711e-05,0.03327276191698726,5.790332892141655e-05,0.17858816789480936,0.16607452330978717,0.012513644585022236,0.39404318455709786,1.4348784186076134e-05,4.31391655100401e-05,0.00039986060307242634,2.3885625424275167e-10,1.6256356509543543e-10,7.629268914731639e-11,8.247513303999088e-10,7.99010934890968e-10,2.5740395508940865e-11,0.0015846052216333835,0.6900736939982736,4.0649638699602346e-07,5.383520104469983e-10,2.729413689035783e-09,0.00016690912067549016,0.015355445687622545
77065,4000,90,130,54.02616,5.86791,238272000.0,0.00017013421725525107,0.0333736947095279,4.077643875505309e-05,0.033275010791090104,5.7907479682741146e-05,0.17874466488487323,0.16623015716184994,0.012514507723023352,0.39409353137665165,1.4359772485515853e-05,4.314673751786118e-05,0.00039996333126289074,2.388578619195538e-10,1.6258800483492043e-10,7.626985708463354e-11,8.26566152583388e-10,8.007380217488217e-10,2.5828130834566236e-11,0.0015848395451954346,0.6901187554195768,4.0825941468939903e-07,5.385515420746169e-10,2.7287519010493066e-09,0.00016693939255598385,0.015357332885884235
77066,4000,90,130,54.0313,5.86094,238272000.0,0.00017109714221394412,0.033552249763924756,4.096573270330467e-05,0.033453243138589654,5.804089263179542e-05,0.17984637339940385,0.16727304516628422,0.012573328233119631,0.3960700267570634,1.4456325347492056e-05,4.3354491584158015e-05,0.0004019291588524107,2.401794272919225e-10,1.6339263385676773e-10,7.67867934351549e-11,8.323770109418118e-10,8.063453665721587e-10,2.6031644369653023e-11,0.0015921378574048433,0.6907653773234778,4.11511096000224e-07,5.418188380571369e-10,2.742586111804118e-09,0.0001678027159634185,0.015432944475902717
77067,4000,90,130,54.03641,5.85388,238272000.0,0.00017127292247496668,0.0335550935428097,4.097813347541214e-05,0.03345606933943258,5.804606990170622e-05,0.1800412522718821,0.16746684223376168,0.012574410038120501,0.3961330943804654,1.4469996085437384e-05,4.3363930094778774e-05,0.0004020571441778691,2.401814405222551e-10,1.6342304189833935e-10,7.675839862391593e-11,8.346348266342452e-10,8.084940302367338e-10,2.6140796397511214e-11,0.001592429889058395,0.6908218735630068,4.1370425169945394e-07,5.420676933327822e-10,2.741765746281894e-09,0.00016784048819510545,0.015435294267693547
77068,4000,90,130,54.04157,5.84812,238272000.0,0.00017142790727915294,0.03355758150615804,4.09890645912599e-05,0.033458541815258265,5.805062630851235e-05,0.1802129854452624,0.16763762697561854,0.012575358469643935,0.39618841022022105,1.4482051919856252e-05,4.337224099740166e-05,0.0004021698850177996,2.4018320675300923e-10,1.6344985639133714e-10,7.673335036167222e-11,8.366259557398181e-10,8.103889005453418e-10,2.6237055194476305e-11,0.0015926870689487696,0.6908713912897035,4.1563851435380115e-07,5.422867208540109e-10,2.7410402020288994e-09,0.00016787372100167194,0.015437365153333623
77069,4000,90,130,54.01046,5.87179,238272000.0,0.00017077654289716202,0.033547321358966306,4.094315000272827e-05,0.0334483466474246,5.803156153898545e-05,0.17949215053176645,0.16692072353216386,0.012571426999602663,0.3959588720446002,1.4431359865856027e-05,4.3337423528510496e-05,0.0004016971078015356,2.401758730269211e-10,1.6333712262256912e-10,7.68387504043521e-11,8.282534481251821e-10,8.024211467876353e-10,2.5832301337546798e-11,0.0015916092724037104,0.6906662631861503,4.0750354551322844e-07,5.413701188525015e-10,2.744112068859621e-09,0.0001677347681482249,0.01542867099213812
77070,4000,90,130,54.04674,5.84235,238272000.0,0.00017237910305507447,0.03373592981375327,4.117752880277228e-05,0.03363656859849226,5.818368645823589e-05,0.1813016108047943,0.1686675087360048,0.012634102068789503,0.3981604425723125,1.4577694682424342e-05,4.357935562694768e-05,0.00040412708202516845,2.415046300529866e-10,1.6425245975607405e-10,7.725217029691267e-11,8.422865275419587e-10,8.158532247273161e-10,2.6433302814642677e-11,0.0015999656290671801,0.6915139850140861,4.187443498736811e-07,5.455370721967255e-10,2.7549271973416794e-09,0.00016873446192214499,0.015512819146416938
77071,4000,90,130,54.05191,5.83659,238272000.0,0.0001733333012609609,0.03391432682395396,4.136620484406616e-05,0.03381464378401533,5.8316835094565766e-05,0.182393565414935,0.1697007012332025,0.012692864181732573,0.4001335540933871,1.4673570933251119e-05,4.37866315450801e-05,0.00040608646578570374,2.4282608779894454e-10,1.6505558248243618e-10,7.777050531650853e-11,8.47985661352251e-10,8.213542466691268e-10,2.6631414683124167e-11,0.0016072491792790517,0.6921575456920058,4.218876420112737e-07,5.487916767142892e-10,2.768800195198323e-09,0.00016959584848652464,0.01558831328143397
77072,4000,90,130,54.05707,5.83082,238272000.0,0.00017270559807134917,0.033741174386802235,4.1200557026590426e-05,0.033641780543219146,5.819328655649848e-05,0.1816634041319363,0.1690273031367784,0.012636100995157915,0.3982770228057438,1.4603091400739835e-05,4.359686549917002e-05,0.0004043646027463163,2.415083523726825e-10,1.6430894719815478e-10,7.719940517452786e-11,8.464810187224306e-10,8.1984493807139e-10,2.6636080651040718e-11,0.001600507463557548,0.6916183515118762,4.228190197118593e-07,5.459985484801187e-10,2.753399134197984e-09,0.00016880448331002207,0.015517181887099359
77073,4000,90,130,54.00533,5.90311,238272000.0,0.00016935550397227726,0.03336100956885562,4.072149118439572e-05,0.03326240357110744,5.7884506563779107e-05,0.17788093607763317,0.16537124501542846,0.01250969106220476,0.39381283364663594,1.4299221354955107e-05,4.310487514976077e-05,0.00039939588708767565,2.3884890357699756e-10,1.6245331327822565e-10,7.639559029877202e-11,8.165658357317537e-10,7.912211633416975e-10,2.5344672390056277e-11,0.0015835444710601539,0.6898671505354745,3.9854619111431883e-07,5.374473639490178e-10,2.7323761288699203e-09,0.00016677174192024008,0.015346919098407541
77074,4000,90,130,54.01019,5.89848,238272000.0,0.0001694589804592981,0.03336265257257792,4.072878697971692e-05,0.033264036244740586,5.78875408576187e-05,0.1779955099303951,0.1654851906765186,0.012510319253876563,0.3938494942244896,1.4307272737925293e-05,4.311041370399141e-05,0.00039947106266439146,2.388500745699582e-10,1.6247121970809762e-10,7.637885486186066e-11,8.178956178304976e-10,7.924866591658582e-10,2.540895866463946e-11,0.0015837158954773178,0.6898999360972061,3.998381404681723e-07,5.375932373729095e-10,2.731889632190478e-09,0.00016679386386421452,0.015348300880802142
77075,4000,90,130,54.01506,5.89385,238272000.0,0.00016956833835744177,0.033364390603479656,4.073649767459607e-05,0.03326576335748084,5.789074832422302e-05,0.1781166036387495,0.165605620031282,0.012510983607467547,0.3938882631381651,1.4315781543647032e-05,4.311626799075861e-05,0.0003995505198341235,2.388513128675856e-10,1.624901435812973e-10,7.63611692862884e-11,8.193009465818944e-10,7.938240494123101e-10,2.547689716958435e-11,0.0015838970890307657,0.6899346100973878,4.012034739335353e-07,5.377474347695194e-10,2.731375672901288e-09,0.00016681724917733674,0.015349761278810265
77076,4000,90,130,54.01992,5.88923,238272000.0,0.00016968285308943595,0.033366212214855154,4.0744572189210063e-05,0.033267573534924384,5.789410774156274e-05,0.1782434151903556,0.16573173545001138,0.012511679740344285,0.39392888454992064,1.4324691386433665e-05,4.312239926023026e-05,0.000399633732502177,2.388526102966742e-10,1.6250995949945447e-10,7.634265079721988e-11,8.207725091388416e-10,7.952244714477132e-10,2.554803769112833e-11,0.0015840868522589459,0.689970943844894,4.0263314314885245e-07,5.379089358457343e-10,2.730837664309604e-09,0.00016684174316679217,0.01535129061947674
77077,4000,90,130,54.02479,5.8846,238272000.0,0.00016980258740799815,0.03336811832707268,4.0753014937860174e-05,0.033269467691217885,5.789762091693371e-05,0.1783760137117703,0.16586360569944483,0.012512408012325558,0.3939713795525704,1.4334007158393692e-05,4.312881082810516e-05,0.0003997207458530722,2.3885396753275113e-10,1.6253067833686098e-10,7.632328919589027e-11,8.223111135924598e-10,7.966886942992724e-10,2.5622419293187355e-11,0.0015842852879316774,0.69000895606629,4.0412793382658777e-07,5.380778275470414e-10,2.7302753026334188e-09,0.0001668673589705465,0.015352889737179245
77078,4000,90,130,54.02965,5.87997,238272000.0,0.0001699268238195523,0.033370097606024246,4.076177534018841e-05,0.03327143456384798,5.7901266836078346e-05,0.17851360503461608,0.1660004409508,0.012513164083816166,0.39401549481988424,1.4343673024999353e-05,4.313546432377388e-05,0.00039981103893906635,2.388553764828292e-10,1.625521759209439e-10,7.63032005618854e-11,8.239075381259623e-10,7.982079419632394e-10,2.5699596162722972e-11,0.0015844912083245366,0.6900484203167155,4.056788860446736e-07,5.382530995688398e-10,2.729691967889948e-09,0.00016689394341063595,0.01535454905356117
77079,4000,90,130,54.03426,5.87007,238272000.0,0.00017094595994741912,0.03354961426187733,4.095504181854792e-05,0.03345062286212964,5.803635792914522e-05,0.17967787667100316,0.16710553161355504,0.012572345057448229,0.3960129408755786,1.4444591075666604e-05,4.3346266265935354e-05,0.00040181807215120663,2.4017760942287965e-10,1.633665185226971e-10,7.681109090018273e-11,8.304392678264514e-10,8.045013068845125e-10,2.5937960941938835e-11,0.0015918837236997309,0.6907139026660917,4.0963037374140294e-07,5.416010177632644e-10,2.7432698505758953e-09,0.00016776953643403593,0.01543091453218499
77080,4000,90,130,54.0155,5.86555,238272000.0,0.00017012389103491105,0.03337377281064114,4.07757431376669e-05,0.03327508978607449,5.790728142898161e-05,0.1787343650648306,0.16621985270489312,0.01251451235993749,0.3940935020897322,1.4358939103590206e-05,4.3146322124947074e-05,0.0003999571197058105,2.3885785527999857e-10,1.6258617000805928e-10,7.627168527193947e-11,8.264281881738215e-10,8.006067206200209e-10,2.5821467553800604e-11,0.001584826225829307,0.6901191646289064,4.081234273623405e-07,5.385418203387852e-10,2.728828307377582e-09,0.00016693806935664897,0.015357206444677904
77081,4000,90,130,54.03907,5.86527,238272000.0,0.000171079962053522,0.033551755419297176,4.096449168277589e-05,0.033452750634456775,5.8040293157625135e-05,0.1798263129511284,0.16725315063954674,0.012573162311581712,0.39606061824754285,1.4455015956873282e-05,4.33534463359782e-05,0.0004019154963546374,2.401791319911644e-10,1.6338970469456857e-10,7.678942729659599e-11,8.321610436363662e-10,8.061398457296386e-10,2.6021197906727548e-11,0.0015921059291279635,0.6907565647717571,4.1130305607746863e-07,5.417901929355653e-10,2.7426413869211268e-09,0.00016779823356639226,0.015432704578179142
77082,4000,90,130,54.04389,5.86046,238272000.0,0.00017201008220958392,0.033729755343127006,4.115146807732112e-05,0.03363043114568969,5.817272935999363e-05,0.18089153805045477,0.16825976390972,0.0126317741407348,0.39802497767509903,1.4549020548751739e-05,4.355942510122717e-05,0.000403857308671908,2.4150031053048667e-10,1.6418866367848814e-10,7.731164685199862e-11,8.375510702262141e-10,8.113467041555836e-10,2.6204366070630565e-11,0.001599349359242682,0.6913922718762088,4.1414615409712076e-07,5.450105588892106e-10,2.7566258879185703e-09,0.00016865441857295835,0.015507876485932288
77083,4000,90,130,54.04871,5.85566,238272000.0,0.00017215069472905722,0.033732003630228775,4.1161384311419386e-05,0.033632665386551436,5.8176859365919266e-05,0.18104730384075876,0.16841467171161553,0.012632632129143312,0.3980750295671923,1.4559959510345283e-05,4.3566960222645506e-05,0.00040395954689929794,2.415019088933303e-10,1.6421299334194306e-10,7.728891555138739e-11,8.393577496739328e-10,8.130660420451292e-10,2.6291707628803567e-11,0.0015995825497613918,0.6914370614176037,4.159013070762962e-07,5.452090962619875e-10,2.755966594928695e-09,0.00016868453685264348,0.015509754907283685
77084,4000,90,130,54.05352,5.85085,238272000.0,0.00017229425027123844,0.03373430008187165,4.117150824100688e-05,0.03363494749733921,5.818107629143225e-05,0.18120633500129285,0.16857282661789436,0.01263350838339852,0.3981261456561166,1.4571127287718751e-05,4.3574653682754925e-05,0.00040406393088069704,2.4150354121437346e-10,1.642378320065281e-10,7.726570920784548e-11,8.412022188760431e-10,8.148213427634659e-10,2.6380876112577186e-11,0.0015998206382968141,0.6914828052517908,4.176931631292978e-07,5.454118111560734e-10,2.7552936304198613e-09,0.00016871528955622047,0.015511672696437344
77085,4000,90,130,54.05834,5.84604,238272000.0,0.00017323300252970684,0.03391244028493991,4.1359093688878793e-05,0.033812767424243655,5.831376700737594e-05,0.1822811330305404,0.1695889595185225,0.012692173512017966,0.4000936115948652,1.4665803135580225e-05,4.378109630493034e-05,0.0004060120315699955,2.428248189044078e-10,1.650382841243111e-10,7.778653478009685e-11,8.46703107138326e-10,8.201337033393942e-10,2.6569403798931877e-11,0.001607078419150443,0.6921212962987545,4.206439428690399e-07,5.486444102931409e-10,2.7692379178071923e-09,0.0001695733317543357,0.015586960025978955
77086,4000,90,130,54.03493,5.88311,238272000.0,0.00017070377904738552,0.03354549609281419,4.0937929846079967e-05,0.033446529024461415,5.802913850669703e-05,0.17940844513565551,0.16683764620417135,0.01257079893148421,0.3959230486465404,1.4425780977151759e-05,4.3333148831865926e-05,0.00040164067357893957,2.4017474456112077e-10,1.6332466350627343e-10,7.685008105484746e-11,8.273329175650466e-10,8.015451355682789e-10,2.5787781996767706e-11,0.0015914782457626614,0.6906330213173414,4.0661459570206517e-07,5.412541595582667e-10,2.744377072460562e-09,0.000167716764503443,0.015427667642641031
77087,4000,90,130,54.03986,5.87875,238272000.0,0.00017083329165373579,0.033547555563641474,4.094706177553984e-05,0.033448575564271374,5.803293759455673e-05,0.17955186171368243,0.16698027567641832,0.012571586037264222,0.3959689794809367,1.4435857821065019e-05,4.334008270162268e-05,0.0004017347807107588,2.401762115875407e-10,1.6334707483592953e-10,7.682913675161136e-11,8.289972246701968e-10,8.031289842198615e-10,2.5868240450335358e-11,0.0015916928508928469,0.6906741027835828,4.0823152805114277e-07,5.414367979766829e-10,2.7437685191535196e-09,0.0001677444638323389,0.015429397245623373
77088,4000,90,130,54.04479,5.87438,238272000.0,0.00017096675292308137,0.03354967922343199,4.095647231257946e-05,0.033450685898003964,5.8036853115450684e-05,0.1796996574185894,0.1671272598887878,0.012572397529801686,0.3960163316514087,1.44462417214167e-05,4.334722876896263e-05,0.00040183176449631197,2.4017772397837563e-10,1.6337016917981186e-10,7.680755479856389e-11,8.30712243833884e-10,8.047610932939182e-10,2.5951150539965806e-11,0.001591914020923819,0.6907164580345253,4.0989771767699883e-07,5.416250327281409e-10,2.743141572830299e-09,0.00016777301278572928,0.015431179648002445
77089,4000,90,130,54.04973,5.87001,238272000.0,0.0001711037804812091,0.0335518605575541,4.096613443779205e-05,0.03345285354945094,5.8040873665370626e-05,0.1798514067919684,0.16727817582750557,0.012573230964462886,0.39606496304099337,1.4456902980896853e-05,4.335456631593591e-05,0.0004019313447779421,2.401792772046456e-10,1.6339388045641712e-10,7.678539674822858e-11,8.324730707791509e-10,8.064367956149486e-10,2.6036275164202386e-11,0.0015921411154589213,0.6907599591776065,4.1160840339839617e-07,5.418183159151229e-10,2.742497980216201e-09,0.0001678023279973197,0.015433009722740828
77090,4000,90,130,54.05466,5.86564,238272000.0,0.0001720363079817428,0.03372989091660062,4.11532795223067e-05,0.03363056425998275,5.8173377095560277e-05,0.18091926092911106,0.16828740568715192,0.012631855241959184,0.3980300585897153,1.4551095847829773e-05,4.35606695153826e-05,0.0004038748645071861,2.4150047944030205e-10,1.6419325756819751e-10,7.730722187210466e-11,8.378942035862383e-10,8.116732566816319e-10,2.6220946904606354e-11,0.0015993884118319682,0.6913963105856707,4.1448178533455875e-07,5.450419199768352e-10,2.7564702666827045e-09,0.00016865899920583537,0.015508213408730728
77091,4000,90,130,54.02054,5.85932,238272000.0,0.00017026845890959175,0.03337610078095484,4.078594051414145e-05,0.03327740330573038,5.791153471031798e-05,0.17889458947079762,0.16637919041510996,0.01251539905568774,0.39414520839813005,1.4370183740877275e-05,4.315407853138645e-05,0.0004000623214824727,2.3885950608957115e-10,1.6261118079929005e-10,7.62483252902812e-11,8.282853312002392e-10,8.023740820579266e-10,2.5911249142312778e-11,0.0015850662331141296,0.6901654640773939,4.099274723689307e-07,5.387462708681835e-10,2.7281523608212436e-09,0.0001669690949143031,0.015359138482731384
77092,4000,90,130,54.05959,5.86126,238272000.0,0.00017217947726568783,0.033732172347988226,4.116337502662119e-05,0.0336328313941054,5.8177578856193077e-05,0.1810778227783612,0.16844509609892888,0.012632726679432391,0.39808090458700074,1.4562234669081632e-05,4.3568337259597975e-05,0.000403978920494322,2.415021033436441e-10,1.6421803114979862e-10,7.728407219384559e-11,8.397339021400143e-10,8.134240176161656e-10,2.6309884523848734e-11,0.0015996257214121986,0.691441796891204,4.162690779880817e-07,5.452439128221854e-10,2.755798095395058e-09,0.00016868963686127481,0.015510125619533842
77093,4000,90,130,54.00528,5.91558,238272000.0,0.0001683173682521181,0.03318105994041624,4.0526867503809217e-05,0.03308278427128388,5.774880162854056e-05,0.17669501222728626,0.16424465400090968,0.01245035822637664,0.3918066877438722,1.4196841192481019e-05,4.289298177770182e-05,0.00039737435074542135,2.375263958449436e-10,1.6163570880646336e-10,7.589068703848039e-11,8.097927951414845e-10,7.846981568049606e-10,2.509463833652397e-11,0.001576118425575678,0.6891936517457855,3.9436131454457315e-07,5.340700387822861e-10,2.7188724630086903e-09,0.000165891607313507,0.015270293695982552
77094,4000,90,130,54.01028,5.91149,238272000.0,0.00016841148280959256,0.03318254074250419,4.053350140260871e-05,0.033084255685557236,5.775155554433891e-05,0.17679915664618256,0.16434823083258895,0.012450925813593609,0.3918398283025192,1.4204165809451872e-05,4.2898011548853984e-05,0.0003974426526396759,2.3752745472265693e-10,1.6165199785175252e-10,7.587545687090459e-11,8.110025611478265e-10,7.858494388886513e-10,2.5153122259175226e-11,0.0015762741284844643,0.6892232649764176,3.955367713716209e-07,5.342024437322623e-10,2.7184284219364754e-09,0.00016591167828052162,0.015271549821911907
77095,4000,90,130,54.01529,5.90739,238272000.0,0.0001685124875361195,0.033184132989488004,4.054062137896122e-05,0.033085837855722784,5.775451238625438e-05,0.1769109397396728,0.16445940394148448,0.012451535798188368,0.3918754405951918,1.4212026289931233e-05,4.290341127333101e-05,0.00039751597112439843,2.375285925030716e-10,1.6166947882494864e-10,7.585911367812311e-11,8.123008287031033e-10,7.870849439957507e-10,2.5215884707352434e-11,0.0015764412779578337,0.689255092353184,3.967981954112517e-07,5.343446027292791e-10,2.7179522216646676e-09,0.0001659332297399048,0.015272898052944309
77096,4000,90,130,54.0203,5.9033,238272000.0,0.00016941190494007126,0.03336162090750869,4.072542973552485e-05,0.033263009440081384,5.7886037691776533e-05,0.1779420545714119,0.1654321001523912,0.012509954419020747,0.3938285549579025,1.4303644965197928e-05,4.310773277927117e-05,0.00039943534727572913,2.3884941243590956e-10,1.6246312959849107e-10,7.638628283741865e-11,8.172968251979101e-10,7.91916821754452e-10,2.5380003443458104e-11,0.0015836334608754761,0.6898806989140047,3.9925867084457516e-07,5.375211966995962e-10,2.7320782519506257e-09,0.0001667827613542235,0.015347658809500528
77097,4000,90,130,54.0253,5.8992,238272000.0,0.00016952467495642734,0.03336340382601749,4.073337976246077e-05,0.03326478110505381,5.788934120121414e-05,0.17806688281564942,0.16555624591245655,0.012510636903192979,0.3938683934620888,1.4312420411759787e-05,4.3113764428775615e-05,0.00039951723382043367,2.388506851167553e-10,1.624826457709988e-10,7.636803934575664e-11,8.187462052061263e-10,7.932961339128304e-10,2.5450071293295904e-11,0.0015838201617531858,0.6899163127388144,4.006668770586109e-07,5.376800186664672e-10,2.731547181374913e-09,0.00016680684219121399,0.015349164332053111
77098,4000,90,130,54.03031,5.8951,238272000.0,0.00016964272306597687,0.03336527203115717,4.07417021293521e-05,0.03326663752890535,5.789280012246187e-05,0.17819756214020407,0.1656862102983726,0.01251135184183151,0.39391012413872556,1.432160635751895e-05,4.312007942701294e-05,0.00039960296278968775,2.388520182014856e-10,1.6250307501555635e-10,7.634894318592938e-11,8.202633820951929e-10,7.947399653767768e-10,2.5523416718416334e-11,0.0015840156297601124,0.6899536213974594,4.021409393919842e-07,5.378463108765155e-10,2.7309914661667483e-09,0.00016683205682732874,0.01535074040614179
77099,4000,90,130,54.0356,5.89624,238272000.0,0.00017046180871517258,0.03354138021372945,4.092083257884917e-05,0.03344243745634675,5.802192480385752e-05,0.17913924181618512,0.1665699880253322,0.012569253790852964,0.3958332152255431,1.440698739283915e-05,4.332004207080552e-05,0.00040146342236817707,2.401718816026011e-10,1.6328284513667372e-10,7.68890364659275e-11,8.24229296220277e-10,7.985915612712326e-10,2.5637734949044397e-11,0.0015910731001798218,0.6905521906658144,4.0360147741849113e-07,5.409075771528998e-10,2.745483183124025e-09,0.00016766403374066704,0.015424423515099943
77100,4000,90,130,54.04065,5.89232,238272000.0,0.00017058737904750967,0.0335433668362175,4.09296851766997e-05,0.03344441154717861,5.802560386219517e-05,0.1792782453049536,0.16670823119299272,0.012570014111960922,0.39587759563806424,1.4416758759987282e-05,4.332675911514367e-05,0.00040155461078375857,2.4017329934786086e-10,1.6330457629104148e-10,7.686872305681948e-11,8.258431638020808e-10,8.001274090917552e-10,2.5715754710325758e-11,0.0015912810139113837,0.6905918671476289,4.051694877772526e-07,5.410844532394476e-10,2.744891984563893e-09,0.0001676908528017297,0.015426099989564254
77101,4000,90,130,54.0457,5.88839,238272000.0,0.0001715097614027369,0.03372122360399549,4.1116113282929584e-05,0.03362194968631295,5.815780439960797e-05,0.18033480769722568,0.16770623437600676,0.012628573321218979,0.3978389093698022,1.4510163790541261e-05,4.3532312203614506e-05,0.00040349069340280615,2.4149438108140706e-10,1.6410220027707488e-10,7.739218080433228e-11,8.311341926245298e-10,8.052400561817488e-10,2.589413644278083e-11,0.001598511307632535,0.6912248139807874,4.0791656787793314e-07,5.44293505608899e-10,2.7589105293535774e-09,0.00016854530941464547,0.015501167609844017
77102,4000,90,130,54.02558,5.85308,238272000.0,0.00017121020184927293,0.03355430485181549,4.0973739021517676e-05,0.03345528679259514,5.8044320198831854e-05,0.17997277565094222,0.16739868875428984,0.012574086896652455,0.3961139795090899,1.4465090265862916e-05,4.336069052197106e-05,0.00040201268222985354,2.401808250827046e-10,1.6341214720824358e-10,7.676867787446119e-11,8.33824296793043e-10,8.077226787413618e-10,2.6101618051681087e-11,0.0015923292248090101,0.6908051518061101,4.129151142909097e-07,5.419834132827498e-10,2.742084472730281e-09,0.00016782783633489254,0.015434466523543933
77103,4000,90,130,54.05076,5.88446,238272000.0,0.00017164365057656712,0.03372334504814181,4.1125552782250194e-05,0.033624057766782824,5.8161728576737516e-05,0.18048303499396293,0.16785365008844377,0.012629384905519177,0.3978862780579392,1.452058209897025e-05,4.35394760633226e-05,0.00040358794002849836,2.414958942121563e-10,1.6412537045172135e-10,7.737052376043508e-11,8.328549066573597e-10,8.068775850533423e-10,2.597732160401729e-11,0.0015987330455718778,0.6912671677971338,4.095883628617522e-07,5.444821636064464e-10,2.7582805343295413e-09,0.00016857391692913788,0.01550295530006198
77104,4000,90,130,54.05581,5.88053,238272000.0,0.00017178092255645174,0.03372552158947782,4.113523097803725e-05,0.03362622060595205,5.8165752547743376e-05,0.1806350143735992,0.16800479696204432,0.012630217411554952,0.39793486599992695,1.4531263448409894e-05,4.354682177251538e-05,0.0004036876516425372,2.4149744625503915e-10,1.6414912574119889e-10,7.734832051384038e-11,8.346190632170975e-10,8.085564562529597e-10,2.6062606964137763e-11,0.001598960409309168,0.6913106144834115,4.113023532730364e-07,5.44675618095259e-10,2.7576347943539236e-09,0.00016860325270396116,0.015504788228390857
77105,4000,90,130,54.06086,5.8766,238272000.0,0.00017112895491026682,0.03355195095847504,4.096786793794638e-05,0.03345294161226555,5.804147827154372e-05,0.1798778321761421,0.16730453441413579,0.01257329776200634,0.3960692444917366,1.4458899995331639e-05,4.335573830158486e-05,0.0004019479849897925,2.401794212495093e-10,1.633982980476431e-10,7.678112320186632e-11,8.328033123118833e-10,8.067510803019204e-10,2.605223200996278e-11,0.0015921779807191389,0.6907632317000878,4.1193173877981714e-07,5.418476259975441e-10,2.7423440243763764e-09,0.00016780657981239195,0.015433331259102621
77106,4000,90,130,54.00523,5.92812,238272000.0,0.00016807035163823107,0.03317688736153726,4.050941757988368e-05,0.0330786364938889,5.774145006847822e-05,0.17642033116245734,0.16397154219658758,0.012448788965869798,0.39171541769155693,1.417765206835929e-05,4.28796182042139e-05,0.00039719355829597586,2.3752348644629137e-10,1.6159301255170542e-10,7.593047389458611e-11,8.066238145653558e-10,7.816823823492293e-10,2.4941432216126367e-11,0.0015757052866050376,0.6891115784501112,3.9128450800067777e-07,5.337168104473008e-10,2.720004994737794e-09,0.00016583788330890167,0.015266983290623704
77107,4000,90,130,54.01089,5.92419,238272000.0,0.00016816473779978887,0.033178356797848925,4.051606852674418e-05,0.03308009652414504,5.774420517713086e-05,0.176524702874912,0.16407534903366106,0.012449353841250949,0.3917484194144624,1.4184999755855432e-05,4.288465361897529e-05,0.0003972619739289666,2.3752454125884025e-10,1.6160935169958644e-10,7.591518955925392e-11,8.078374117634423e-10,7.828373108259051e-10,2.5000100937537166e-11,0.0015758611941455104,0.6891410393189975,3.9246381319612844e-07,5.338492850954785e-10,2.7195578723884752e-09,0.00016585795505785373,0.015268242301767687
77108,4000,90,130,54.01655,5.92026,238272000.0,0.0001690607008822589,0.03335577316791814,4.0700631091321115e-05,0.033257196914849844,5.787562197697808e-05,0.1775519147005491,0.16504416785408352,0.01250774684646564,0.3937000595677075,1.4276351718048878e-05,4.308878075961655e-05,0.0003991787514902481,2.3884531449678413e-10,1.6240240801280703e-10,7.644290648397724e-11,8.127893795830417e-10,7.876272888494529e-10,2.516209073358876e-11,0.0015830473931488117,0.6897652974551951,3.9488164698316807e-07,5.370206758213213e-10,2.733698221316536e-09,0.00016670668716581028,0.015342956140726727
77109,4000,90,130,54.02221,5.91633,238272000.0,0.0001691725886350267,0.0333575257488853,4.070851672358599e-05,0.03325893833959889,5.7878892562818506e-05,0.1776756895762839,0.16516727014341348,0.012508419432870472,0.39373934067910316,1.4285060534452584e-05,4.309475592316389e-05,0.00039925991002143197,2.388465697584669e-10,1.6242177474179453e-10,7.64247950166725e-11,8.142277765072787e-10,7.889961493157085e-10,2.523162719157014e-11,0.0015832323769220706,0.6898003834323457,3.962793139969231e-07,5.371779278533964e-10,2.733169419519823e-09,0.00016673051972553238,0.015344449109442677
77110,4000,90,130,54.02788,5.9124,238272000.0,0.0001692921986435516,0.03335940311084769,4.071694711781923e-05,0.033260803773201744,5.78823905281191e-05,0.17780802503243331,0.16529888552975228,0.012509139502681095,0.3937813901856825,1.429436994269998e-05,4.310114564773032e-05,0.0003993466903154228,2.3884791339571957e-10,1.624424773653044e-10,7.640543603041529e-11,8.157653654734926e-10,7.904594064796549e-10,2.530595899383762e-11,0.0015834301876804019,0.6898379490831507,3.9777333356872197e-07,5.373461094270997e-10,2.732604560744746e-09,0.00016675601112083898,0.015346045300479954
77111,4000,90,130,54.03362,5.90974,238272000.0,0.00017018800087159836,0.03353679729449486,4.090149570910487e-05,0.033437882004653904,5.801379413184715e-05,0.17883496679281155,0.16626744072191352,0.012567526070898087,0.39573267900553527,1.4385711814927277e-05,4.3305253041703035e-05,0.00040126324635558964,2.401686758741863e-10,1.632355097272213e-10,7.693316614696513e-11,8.207156928839458e-10,7.952478239159366e-10,2.5467868968009344e-11,0.0015906158130128275,0.6904618577086755,4.00189731613417e-07,5.405168812175589e-10,2.74674340655895e-09,0.00016760463710982151,0.01542075606273141
77112,4000,90,130,54.03937,5.90719,238272000.0,0.00017029657023493909,0.03353847484211357,4.0909144376904445e-05,0.0334395487399762,5.801695776046632e-05,0.17895496273677594,0.1663867904395917,0.01256817229718426,0.39577044945128104,1.4394165192352759e-05,4.3311037914128176e-05,0.0004013418749644072,2.401698834095032e-10,1.6325430663531444e-10,7.691557677418891e-11,8.221119306786438e-10,7.965765639615361e-10,2.5535366717107734e-11,0.0015907949497552172,0.6904955525069326,4.015466187567594e-07,5.406690088932352e-10,2.7462276348133e-09,0.00016762767860332894,0.01542220366204994
77113,4000,90,130,54.03063,5.84682,238272000.0,0.00017136409238778375,0.03355678433855565,4.0984594177112906e-05,0.033457750896017435,5.80488483610907e-05,0.18014333888378675,0.16756830772384157,0.012575031159945203,0.39616904107141615,1.4477059857236847e-05,4.33689479020131e-05,0.00040212467552312134,2.4018258298177973e-10,1.634387705799164e-10,7.67438124018635e-11,8.358011700136042e-10,8.096039821086895e-10,2.619718790491463e-11,0.001592584731114669,0.6908544581378051,4.148354550344689e-07,5.422010759394705e-10,2.7413650972280906e-09,0.0001678608677126186,0.015436523217746093
77114,4000,90,130,54.04505,5.90335,238272000.0,0.00017043452802244447,0.03354064778326157,4.0918868984295664e-05,0.03344170791869358,5.802099558369674e-05,0.17910763360356852,0.16653862866694935,0.012569004936619249,0.3958190631294511,1.4404901694101431e-05,4.331841211148071e-05,0.00040144200757345923,2.4017143661587695e-10,1.632781834693861e-10,7.689325314649095e-11,8.238852155413954e-10,7.982641225532762e-10,2.5621092988119204e-11,0.0015910232229169883,0.690538996146573,4.032695943755646e-07,5.40863140741813e-10,2.745577002992298e-09,0.0001676571080551555,0.015424045062936256
77115,4000,90,130,54.05074,5.89951,238272000.0,0.00017057787594913396,0.03354290787948288,4.092897384362721e-05,0.03344395371349634,5.8025192142919096e-05,0.1792662800316999,0.16669640929610594,0.012569870735594034,0.3958696100166649,1.4416057402169839e-05,4.332607570549949e-05,0.00040154606448481725,2.4017305153479857e-10,1.6330299274719322e-10,7.687005878760547e-11,8.257277352516294e-10,8.000175688985646e-10,2.571016635306489e-11,0.0015912604502274859,0.6905841714798366,4.0505982245046503e-07,5.410649025729231e-10,2.7449012100377555e-09,0.00016768769558663603,0.01542595851580249
77116,4000,90,130,54.05643,5.89567,238272000.0,0.00017072599479023864,0.03354524533600686,4.093941530034722e-05,0.03344627639141012,5.802952929640147e-05,0.17943021656219996,0.16685945061694496,0.012570765945255045,0.39592187128771755,1.442758413080205e-05,4.333399557348876e-05,0.00040165359603110265,2.4017472117578905e-10,1.6332862730556322e-10,7.684609387022597e-11,8.276315313064749e-10,8.018293292351506e-10,2.580220207132422e-11,0.00159150560643114,0.6906308828784025,4.0690957060043673e-07,5.41273422194922e-10,2.7442031715399067e-09,0.00016771930895176634,0.015427935753540796
77117,4000,90,130,54.06212,5.89183,238272000.0,0.00017008598210307182,0.0333718535603714,4.0772893695965385e-05,0.03327317506583011,5.790560084533037e-05,0.17868622007124255,0.1661723042486319,0.012513915822610713,0.3940603208793186,1.4356152233969738e-05,4.3143545768165284e-05,0.00039992255618592683,2.388568264656033e-10,1.6257987056692825e-10,7.627695589867515e-11,8.259696526072867e-10,8.001703870642968e-10,2.5799265542990005e-11,0.0015847428114488637,0.690087121155727,4.076885388488578e-07,5.384620642507756e-10,2.7288549330885476e-09,0.00016692515181087448,0.015356637907100049
77118,4000,90,130,54.00517,5.94066,238272000.0,0.00016782337751076735,0.03317271595105794,4.049197071773942e-05,0.03307448988037266,5.773409996754061e-05,0.1761456994535217,0.16369847935288626,0.012447220100635507,0.3916241700951423,1.4158466189038333e-05,4.286625718492176e-05,0.00039701279934532845,2.375205777532775e-10,1.6155032355145217e-10,7.597025420182547e-11,8.034553692511423e-10,7.786671172659484e-10,2.478825198519395e-11,0.001575292225746125,0.6890295261249589,3.8820821751634456e-07,5.333636518705878e-10,2.7211373835445408e-09,0.00016578417019152912,0.015263673475970563
77119,4000,90,130,54.01046,5.93761,238272000.0,0.00016869265459813705,0.03334969525867695,4.0674649949816613e-05,0.033251155880248906,5.78647284782254e-05,0.1771433008454352,0.16463785345729287,0.0125054473881424,0.3935661556730002,1.4247743394078799e-05,4.3068948395926376e-05,0.000398910118432631,2.3884104292421525e-10,1.6233876453822537e-10,7.650227838599006e-11,8.08064683852283e-10,7.83131007467534e-10,2.4933676384749026e-11,0.0015824340066194077,0.6896451261755093,3.90293254050013e-07,5.36497156171091e-10,2.7354016618309372e-09,0.00016662714843210727,0.015338030330026588
77120,4000,90,130,54.01575,5.93456,238272000.0,0.00016877822082176578,0.03335101658479653,4.0680677949669477e-05,0.03325246868537564,5.7867221471221055e-05,0.17723786893714705,0.16473191246195543,0.012505956475191682,0.39359591164409724,1.4254405809449334e-05,4.307350714947515e-05,0.000398972083383843,2.3884199425275426e-10,1.623535790069041e-10,7.648841524585027e-11,8.091651108827065e-10,7.841782370277864e-10,2.498687385492011e-11,0.0015825751763778146,0.6896716698578869,3.913626737271253e-07,5.366170359861808e-10,2.7349950782193645e-09,0.0001666453051178503,0.015339171181742276
77121,4000,90,130,54.02104,5.9315,238272000.0,0.00016887205700840682,0.033352471802913286,4.068728938413994e-05,0.033253914555445754,5.78699580833939e-05,0.17734160599703852,0.1648350895110524,0.012506516485986151,0.39362863627130734,1.4261711381899855e-05,4.307851001507017e-05,0.00039904007021632584,2.3884304034372557e-10,1.6236982406790696e-10,7.647321627581876e-11,8.103717595620847e-10,7.853265530461939e-10,2.504520651589088e-11,0.0015827300869665367,0.6897008730528478,3.925352722389194e-07,5.367486257394014e-10,2.734549910273913e-09,0.0001666652392463484,0.015340422589243926
77122,4000,90,130,54.02633,5.92845,238272000.0,0.0001689731312048098,0.03335404396291613,4.06944114178058e-05,0.03325547664368796,5.787290781034849e-05,0.17745336675454515,0.16494624575593536,0.01250712099860985,0.39366395547828303,1.4269579886150239e-05,4.308390143731e-05,0.0003991133262064357,2.3884416926188605e-10,1.6238732125521088e-10,7.645684800667527e-11,8.116713804767127e-10,7.86563346646545e-10,2.5108033830167697e-11,0.0015828970199630481,0.6897324002080757,3.9379818166664226e-07,5.368904593793806e-10,2.734070944752545e-09,0.0001666867281359562,0.015341770745538452
77123,4000,90,130,54.03162,5.9254,238272000.0,0.00016987346090454686,0.03353152552973078,4.087928130400649e-05,0.033432641797558636,5.80044508681383e-05,0.17848539412045397,0.16591985475802148,0.012565539362432576,0.3956170806569604,1.43612721208114e-05,4.328825995351647e-05,0.0004010332540591609,2.401649900312108e-10,1.6318113402253852e-10,7.698385600867244e-11,8.166795538529224e-10,7.914068131646501e-10,2.5272740688272265e-11,0.0015900903882011118,0.6903579789622553,3.9627065523359833e-07,5.400679232042217e-10,2.748190287892053e-09,0.0001675363786568893,0.01541654269882248
77124,4000,90,130,54.03566,5.84058,238272000.0,0.00017152123105045118,0.033559316738058,4.099567852702657e-05,0.03346026758718294,5.8053472348036804e-05,0.1803175048584318,0.16774150934387225,0.012575995514559637,0.3962252734824674,1.4489282015859453e-05,4.33773798966611e-05,0.00040223903571353264,2.4018437824793997e-10,1.6346595576903708e-10,7.6718422478903e-11,8.378197559551442e-10,8.115249816241387e-10,2.6294774331005366e-11,0.0015928456393785062,0.6909048139680793,4.1679631098285906e-07,5.424233443052198e-10,2.7406306046965223e-09,0.00016789459838955443,0.015438623349399196
77125,4000,90,130,54.03693,5.92233,238272000.0,0.0001699881669576964,0.033533318163121294,4.088736501594951e-05,0.03343442299603742,5.8007802067931666e-05,0.17861226754638634,0.16604603979434218,0.012566227752044197,0.3956572898449344,1.4370200806187216e-05,4.329438330161458e-05,0.00040111643504510695,2.4016627504770424e-10,1.6320098938284603e-10,7.696528566485839e-11,8.18154271001564e-10,7.928102381339237e-10,2.5344032867640428e-11,0.0015902799674247807,0.6903938864704843,3.977036469468444e-07,5.402290544455423e-10,2.7476476952912026e-09,0.00016756079657294948,0.015418073079782076
77126,4000,90,130,54.04222,5.91928,238272000.0,0.00017010796185188632,0.033535193305698104,4.089580775478574e-05,0.03343628619471505,5.8011303228259583e-05,0.17874478356975337,0.16617783605927702,0.012566947510476404,0.3956993275664019,1.4379525237161614e-05,4.330077999782949e-05,0.00040120332217693215,2.40167618429999e-10,1.6322172502042786e-10,7.694589340957131e-11,8.19694347995843e-10,7.942758631822665e-10,2.5418484813576537e-11,0.0015904780038127806,0.6904314323094417,3.9920012524774613e-07,5.403973936811826e-10,2.7470813740131318e-09,0.00016758630865969725,0.015419671495844918
77127,4000,90,130,54.04751,5.91622,238272000.0,0.00017023309346168893,0.0335371550159501,4.0904627013809566e-05,0.033438235427265615,5.801496167068079e-05,0.1788832172233715,0.1663155170466948,0.012567700176676737,0.39574328348060783,1.4389264685396614e-05,4.330746337920834e-05,0.0004012940961895533,2.4016902303905153e-10,1.63243383805275e-10,7.69256392337767e-11,8.21302967618041e-10,7.958067172219927e-10,2.5496250396048244e-11,0.001590684909927077,0.6904706968821583,4.00763181379691e-07,5.405732927977833e-10,2.746490172794701e-09,0.00016761296835793665,0.01542134126283164
77128,4000,90,130,54.05279,5.91317,238272000.0,0.00016957013808169383,0.033363388183657236,4.073648634964118e-05,0.03326476134150061,5.789035580698482e-05,0.1781137670882522,0.1656030593121801,0.012510707776072145,0.39387344323144224,1.431604897582398e-05,4.311577946121912e-05,0.00039954633107421397,2.388508637929483e-10,1.6249065900390028e-10,7.636020478904818e-11,8.19346485234504e-10,7.938674138144044e-10,2.547907142009954e-11,0.0015838839383652396,0.6899195021780654,4.012560142048948e-07,5.377293767842947e-10,2.7312485602023543e-09,0.00016681386700771576,0.01534973653955663
77129,4000,90,130,54.05808,5.91011,238272000.0,0.00016970419781403597,0.03336549456823959,4.074593549251604e-05,0.03326685435543553,5.789427731154489e-05,0.17826210000944254,0.16575058455547276,0.012511515453969821,0.3939206059587905,1.432648275072203e-05,4.312294237083981e-05,0.00039964360689058963,2.3885237076369555e-10,1.6251386220876052e-10,7.633850855493518e-11,8.210697773327733e-10,7.955073965883611e-10,2.556238074441233e-11,0.0015841056808460884,0.6899616398445083,4.029304568975217e-07,5.37917920296192e-10,2.730615718514187e-09,0.0001668424460679697,0.015351525666828493
77130,4000,90,130,54.06337,5.90705,238272000.0,0.00016984212132504104,0.03336766360558398,4.0755657232790596e-05,0.03326900963567253,5.7898312678659915e-05,0.17841471718723076,0.16590237023632923,0.012512346950901622,0.39396915712391917,1.4337217000589783e-05,4.3130312827752725e-05,0.00039974369668791893,2.388539220524773e-10,1.6253773377603386e-10,7.631618827644359e-11,8.228426947315589e-10,7.971946055693985e-10,2.5648089162160496e-11,0.0015843338446560181,0.6900050215358129,4.0465310254376915e-07,5.381119367139846e-10,2.7299648612127904e-09,0.0001668718559171688,0.01535336645107405
77131,4000,90,130,54.0407,5.83434,238272000.0,0.0001724743307129376,0.033737705303670665,4.118427831985774e-05,0.03363833443269326,5.818659265754688e-05,0.18140828525968472,0.16877353179858476,0.012634753461100039,0.39819813070897403,1.4585071678447003e-05,4.358460211994322e-05,0.0004041976693524348,2.415058276593165e-10,1.6426888661404766e-10,7.723694104526893e-11,8.435045767347523e-10,8.170123822389756e-10,2.6492194495776617e-11,0.0016001275104827772,0.6915481634154389,4.1992562488549506e-07,5.456765799242938e-10,2.754509802917516e-09,0.00016875578297572717,0.015514103240583171
77132,4000,90,130,54.04574,5.82809,238272000.0,0.00017263832434604638,0.033740349102042225,4.1195846334338184e-05,0.03364096183694792,5.819141875996892e-05,0.18159005333770617,0.16895429319565555,0.012635760142050725,0.39825683007275947,1.4597826898443152e-05,4.359340247485106e-05,0.0004043170232956109,2.4150770166337115e-10,1.642972575385462e-10,7.721044412482504e-11,8.456112007381449e-10,8.1901716368377e-10,2.6594037054374827e-11,0.001600399815024173,0.691600730038426,4.2197199361838804e-07,5.45908562961531e-10,2.75374337569514e-09,0.00016879098849383978,0.015516295031572704
77133,4000,90,130,54.00478,6.02745,238272000.0,0.00016611845880848275,0.03314392384744,4.037153159998781e-05,0.03304586895352663,5.768336231338008e-05,0.17424987333743844,0.16181348233251033,0.012436391004928184,0.3909943285143808,1.4026021184592615e-05,4.2774025345297205e-05,0.00039576500092739555,2.375005002463742e-10,1.6125563084131921e-10,7.624486940505511e-11,7.815827799800851e-10,7.57851970241797e-10,2.3730809738288155e-11,0.0015724408365324339,0.6884631624738957,3.66971763629079e-07,5.309257994874831e-10,2.728954992753518e-09,0.00016541339125539478,0.015240825264574263
77134,4000,90,130,54.05785,5.99676,238272000.0,0.00016671923046608517,0.03299000445318458,4.0292463042421856e-05,0.032892116270964715,5.75957191774489e-05,0.17487865755219076,0.16249164768599836,0.012387009866192481,0.3895689433390971,1.4051161526280214e-05,4.264985840929009e-05,0.0003949341698599419,2.3619654268999126e-10,1.607216349970605e-10,7.547490769293087e-11,7.95871264229404e-10,7.71372301251195e-10,2.449896297820915e-11,0.0015677300073543704,0.688309051780605,3.8324914333112684e-07,5.29859035337497e-10,2.707746847031793e-09,0.00016488366176003251,0.015186085515800116
77135,4000,90,130,54.06375,5.99335,238272000.0,0.00016769869800625523,0.03316875649773599,4.048291455069459e-05,0.03307054399433694,5.7729588848357054e-05,0.17599837514048242,0.16355246260263853,0.012445912537843929,0.39155031494156795,1.4149009662073905e-05,4.2858460658239665e-05,0.00039691166551316455,2.375182653636641e-10,1.6152913967803877e-10,7.59891256856255e-11,8.018961397415516e-10,7.771833186329697e-10,2.4712821108581926e-11,0.0015750546972397585,0.6889599163623339,3.86709281461624e-07,5.331483399247062e-10,2.721495724534859e-09,0.0001657502818087009,0.01526191490190042
77136,4000,90,130,54.06964,5.98994,238272000.0,0.00016868054658893727,0.03334754754439618,4.067353409895521e-05,0.033249010481440945,5.7863528856270705e-05,0.17712073472822773,0.16461590473114585,0.01250482999708192,0.39353254804987503,1.4247042916202033e-05,4.306719103028191e-05,0.00039889089736662626,2.388400155269257e-10,1.6233705615777468e-10,7.650295936915118e-11,8.079515881705987e-10,7.830234308992991e-10,2.492815727129974e-11,0.001582383350392658,0.6896115535398463,3.9019911307563067e-07,5.364410250154977e-10,2.7352335451412562e-09,0.00016661741526282874,0.01533777614003115
77137,4000,90,130,54.00471,6.04072,238272000.0,0.00016506716707410956,0.03296375338837298,4.017597873046203e-05,0.03286603014320135,5.754726644115368e-05,0.17304932662926362,0.1606723516491807,0.012376974980082958,0.3889833425829498,1.3922618843489507e-05,4.2561421028059816e-05,0.0003937338431058109,2.361778381979981e-10,1.6043575210582478e-10,7.574208609217342e-11,7.746409302292095e-10,7.511683156797362e-10,2.3472614549473163e-11,0.0015649928093145274,0.6877853137708699,3.6262297665728703e-07,5.275296894634089e-10,2.7155118061644444e-09,0.00016453040044081982,0.015164023617373895
77138,4000,90,130,54.0102,6.03756,238272000.0,0.00016517147853315275,0.03296537247744851,4.0183328413568473e-05,0.03286763883987054,5.755030916440311e-05,0.17316465088183308,0.1607870529800569,0.0123775979017762,0.3890197416638504,1.393073978794698e-05,4.256698318697363e-05,0.00039380942712240955,2.3617900171431377e-10,1.6045381038076627e-10,7.572519133354762e-11,7.759822505989644e-10,7.524447929572457e-10,2.3537457641718686e-11,0.001565165035346106,0.6878177986131152,3.6392643516879597e-07,5.27675997415941e-10,2.7150171058990227e-09,0.00016455256507521914,0.015165414791174586
77139,4000,90,130,54.01569,6.0344,238272000.0,0.0001660870085055099,0.033143094020184394,4.0369269837972014e-05,0.033045042452992564,5.768229735384736e-05,0.1742135022392088,0.16177739407715036,0.012436108162058443,0.39097823152225397,1.4023614907684798e-05,4.277215451435827e-05,0.0003957403906317712,2.374999938718183e-10,1.6125025380135326e-10,7.624974007046518e-11,7.811857934044808e-10,7.574741841057815e-10,2.3711609298699368e-11,0.001572383563621073,0.6884481725288629,3.665887309020213e-07,5.308748619909885e-10,2.729064826471482e-09,0.00016540546019685987,0.015240389657612829
77144,4000,90,130,54.01067,6.02404,238272000.0,0.00016701680954633942,0.033321363812887944,4.055626059126622e-05,0.03322299270935211,5.7814842944564253e-05,0.17527966182613047,0.16278486730262862,0.012494794523501915,0.39294659995186704,1.4117560696408735e-05,4.2978272163550093e-05,0.0003976834367998512,2.388212939858177e-10,1.6204910316665257e-10,7.67721908191653e-11,7.865657428705173e-10,7.626714453053713e-10,2.3894297565145957e-11,0.0015796307670436212,0.6890879594173882,3.6941982587783147e-07,5.34100270178024e-10,2.7430824685405577e-09,0.00016626258150768665,0.015315570310075407
77145,4000,90,130,54.04315,6.01855,238272000.0,0.0001660692910113443,0.032979482328683,4.024661076647884e-05,0.03288165914464569,5.757657327083465e-05,0.1741580672771119,0.1617750593886378,0.012383007888474165,0.3893356430094489,1.4000615511833291e-05,4.261495576116988e-05,0.00039446091063170385,2.3618909550170545e-10,1.6060920411833672e-10,7.557989138336883e-11,7.875232547081577e-10,7.634278687852357e-10,2.4095385922921965e-11,0.0015666501181915119,0.688100047261769,3.751402660167585e-07,5.289387568952199e-10,2.7107792613266687e-09,0.0001647439736922202,0.015177396919169526
77146,4000,90,130,54.04864,6.01539,238272000.0,0.0001670337669102361,0.033157995608073795,4.043600516469055e-05,0.03305984959988904,5.771000302007395e-05,0.17526118203451824,0.16281936268889305,0.012441819345625226,0.3913116923346418,1.4097297255634467e-05,4.282275517352858e-05,0.0003964275109935302,2.375106481911258e-10,1.6141411466521593e-10,7.609653352591e-11,7.933554876119645e-10,7.690555565891175e-10,2.4299931022847e-11,0.0015739499607805515,0.6887461508217233,3.7841324813854186e-07,5.322069128577804e-10,2.7245985386176852e-09,0.00016560738606323017,0.015253026078660878
77147,4000,90,130,54.05412,6.01222,238272000.0,0.00016800127389231132,0.033336558475015154,4.062561347057556e-05,0.03323808933926273,5.7843522281846245e-05,0.17636765978278174,0.16386701017266295,0.012500649610118852,0.3932888374270695,1.4194214664034703e-05,4.303071765205237e-05,0.00039839632121733574,2.388322358465669e-10,1.622195494470375e-10,7.661268639952957e-11,7.992266414015694e-10,7.747202836697302e-10,2.450635773183932e-11,0.0015812548476595361,0.6893932369524629,3.817240320850535e-07,5.354793709777714e-10,2.7384037332237253e-09,0.0001664714517748754,0.015328695783050137
77148,4000,90,130,54.05961,6.00905,238272000.0,0.00016738665637513185,0.03316356767584786,4.046088209669325e-05,0.03306538645621623,5.7720337534936656e-05,0.17565177143943833,0.16320781840688137,0.012443953032557022,0.39143625052784975,1.412475901322724e-05,4.284162584130616e-05,0.00039668371895113614,2.375146274970905e-10,1.614751877442981e-10,7.603943975279255e-11,7.978911663328213e-10,7.73371965706209e-10,2.4519200626612313e-11,0.001574534088417819,0.6888574872523563,3.828201357713184e-07,5.327037683211717e-10,2.722935840067267e-09,0.0001656827155779158,0.01525773694685891
77149,4000,90,130,54.0651,6.00588,238272000.0,0.00016756654893848987,0.033166409744719204,4.0473563831163104e-05,0.03306821057443593,5.772560645211182e-05,0.1758508897798068,0.16340584861362317,0.012445041166183675,0.39149977049648516,1.4138758004239804e-05,4.2851246451414025e-05,0.0003968143346540851,2.37516656754954e-10,1.6150632066984188e-10,7.601033608511226e-11,8.002032859160557e-10,7.755723097940562e-10,2.463097612199959e-11,0.0015748318842765273,0.6889142675004576,3.8506658964024426e-07,5.32957082320145e-10,2.7220884292295643e-09,0.0001657211221511653,0.015260138482905425
77150,4000,90,130,54.07059,6.0027,238272000.0,0.00016854071451625555,0.033345081007382066,4.0663641971264404e-05,0.033246558043290214,5.7859322120588066e-05,0.1769647527346239,0.16446084013781737,0.01250391259680654,0.393479314690888,1.4236193180128944e-05,4.305956684446512e-05,0.0003987879965770967,2.388383209783287e-10,1.623129071819923e-10,7.652541379633651e-11,8.061599516471569e-10,7.813184148020327e-10,2.484153684512426e-11,0.0015821478439064936,0.6895635039516332,3.8846043119519604e-07,5.362389805723656e-10,2.7358626256274088e-09,0.00016658662114138904,0.015335897229758913
77151,4000,90,130,54.00464,6.05399,238272000.0,0.00016480995655050035,0.03295940887732138,4.0157808716253695e-05,0.03286171145699576,5.753961160935733e-05,0.17276331122358327,0.16038797019147674,0.012375341032106574,0.3888883099201562,1.3902637788000378e-05,4.2547506113890256e-05,0.00039354559109125285,2.36174808853378e-10,1.6039129380527466e-10,7.578351504810346e-11,7.713411661009472e-10,7.480280804681619e-10,2.331308563278515e-11,0.0015645626249819044,0.6876998574536418,3.594191884610825e-07,5.271618893007439e-10,2.7166911055268743e-09,0.00016447446030619402,0.015160576610237805
77152,4000,90,130,54.01072,6.0505,238272000.0,0.0001649372821836462,0.032961391996552875,4.016678086866496e-05,0.03286368188709549,5.7543328588717516e-05,0.17290411130202699,0.16052800801886272,0.012376103283164347,0.38893284183199334,1.3912549609837755e-05,4.255429931256867e-05,0.0003936378874760055,2.361762321770665e-10,1.6041333491882826e-10,7.576289725823836e-11,7.729782731136139e-10,7.495860450740396e-10,2.3392228039574175e-11,0.0015647729557196146,0.6877396129882679,3.610100295715204e-07,5.273406131546308e-10,2.7160880437381473e-09,0.00016450153999754907,0.015162275040096198
77155,4000,90,130,54.01657,6.02064,238272000.0,0.0001663492692953697,0.033147511935227456,4.038779502073709e-05,0.033049434042859725,5.769009734699595e-05,0.17450507774991084,0.16206730686736576,0.012437770882545109,0.39107495172241186,1.4043989756737281e-05,4.278633589423084e-05,0.0003959322754929043,2.3750307727874275e-10,1.6129558738416423e-10,7.620748989457869e-11,7.845506062536821e-10,7.606763235370064e-10,2.387428271667576e-11,0.001572822008326203,0.6885351258079522,3.6985577176002627e-07,5.312496461184795e-10,2.7278610024166855e-09,0.00016546245522577345,0.015243903782986673
77159,4000,90,130,54.04722,6.02949,238272000.0,0.0001660169187316798,0.0329783934300014,4.0242883666753566e-05,0.03288057561994462,5.757492639002595e-05,0.17409887296006607,0.1617162545892413,0.012382618370824812,0.3893132299943374,1.3996572284360947e-05,4.261200657050432e-05,0.00039442149038801757,2.3618838566080593e-10,1.6060019209738997e-10,7.558819356341609e-11,7.868558090823406e-10,7.627926965941418e-10,2.4063112488198668e-11,0.0015665593291238349,0.6880795404340196,3.74493880368792e-07,5.288597859690227e-10,2.710995876051561e-09,0.00016473183697194438,0.015176685388147452
77160,4000,90,130,54.05329,6.02598,238272000.0,0.00016700965785133287,0.033157356456269195,4.04342709457362e-05,0.03305921299998306,5.77091853403926e-05,0.17523328663692564,0.1627916849535559,0.012441601683369757,0.3912993073950279,1.409545303452793e-05,4.282131932226045e-05,0.00039640862919176044,2.375102586386085e-10,1.614099933521349e-10,7.610026528647376e-11,7.930512328576536e-10,7.687660173383205e-10,2.428521551933301e-11,0.0015739060093744649,0.6887346138707651,3.7811971255476673e-07,5.321678049328698e-10,2.724682386323238e-09,0.00016560129524575333,0.015252692009520386
77161,4000,90,130,54.05937,6.02248,238272000.0,0.00016800485519254918,0.033336359208885745,4.0625831639160496e-05,0.03323788986057213,5.784351667444985e-05,0.17637042542165327,0.16386982530901376,0.012500600112639561,0.3932862661306627,1.4194524970173587e-05,4.30307640437739e-05,0.00039839755759428464,2.3883215975118164e-10,1.6222021986050608e-10,7.661193989067572e-11,7.99278232276776e-10,7.747693872319157e-10,2.4508845044860502e-11,0.0015812567729087971,0.6893904767349281,3.8177621645688e-07,5.354793031893858e-10,2.7383574191579154e-09,0.00016647128159364417,0.015328731489830803
77162,4000,90,130,54.06545,6.01898,238272000.0,0.0001674169833057597,0.03316379332641681,4.046298604724036e-05,0.03306560922405891,5.772111631065101e-05,0.17568415221569247,0.16324008624240724,0.012444065973285316,0.39144315863939955,1.4127150334497835e-05,4.284310392748521e-05,0.0003967043873299296,2.375148541821287e-10,1.614804863943896e-10,7.60343677877392e-11,7.98286461391834e-10,7.73748157594392e-10,2.45383037974422e-11,0.0015745803257289877,0.6888632049181908,3.8320624382801174e-07,5.327414094897792e-10,2.7227638095112885e-09,0.00016568826417701332,0.015258129815530437
77163,4000,90,130,54.07153,6.01547,238272000.0,0.00016920800079362996,0.033518650722782664,4.083205234821253e-05,0.033419834730289054,5.7983940145390524e-05,0.1777377528129913,0.1651768954749906,0.012560857338000822,0.39534670299430136,1.430977872624934e-05,4.325133174359898e-05,0.0004005374906581836,2.401564081711062e-10,1.6306643404296286e-10,7.70899741281435e-11,8.081778700148415e-10,7.833161911918024e-10,2.4861678823039198e-11,0.0015889518299330534,0.6901120276307666,3.8802942624309464e-07,5.390836907003794e-10,2.751053277505221e-09,0.00016738567693067561,0.01540754720825812
77166,4000,90,130,54.02246,6.01723,238272000.0,0.00016648944371350552,0.033149706376801875,4.0397674079619725e-05,0.033051614508467705,5.7694194254550596e-05,0.17466013882028647,0.1622215256506081,0.012438613169678404,0.3911241453969609,1.4054900424190486e-05,4.2793820967179155e-05,0.0003960339454721483,2.375046493337822e-10,1.6131985051202244e-10,7.618479882175986e-11,7.863526748492094e-10,7.623912747180603e-10,2.3961400131149077e-11,0.001573053739377955,0.6885790635044028,3.716068224214702e-07,5.314466292305983e-10,2.7271983729503574e-09,0.00016549230852645874,0.015245774135978187
77174,4000,90,130,54.05551,6.0381,238272000.0,0.00016613701501109064,0.032980038484308555,4.025131616757702e-05,0.03288220883319588,5.75783349450982e-05,0.17423062251930202,0.16184734788724597,0.01238327463205612,0.389351853076111,1.4005949188555587e-05,4.261828616006633e-05,0.0003945073443600968,2.3618962550918475e-10,1.6062102635912015e-10,7.556859915006473e-11,7.884048645386819e-10,7.642668722614997e-10,2.413799227718222e-11,0.001566754189690864,0.6881136100878545,3.760009718987016e-07,5.290238582549631e-10,2.7104011075740222e-09,0.00016475655533809393,0.015178276717910125
77175,4000,90,130,54.06116,6.03485,238272000.0,0.00016712339078965024,0.03315890350630299,4.044225519440742e-05,0.033060748842498607,5.7712408609977694e-05,0.17535800462408377,0.16291578446684396,0.012442220157239827,0.391335721490045,1.4104334439890486e-05,4.282726003612038e-05,0.00039648987637168256,2.375114278572162e-10,1.6142972584842222e-10,7.608170200879413e-11,7.945184467338684e-10,7.701623078509761e-10,2.4356138882892507e-11,0.0015740903755661981,0.6887667134830361,3.795472665151275e-07,5.323229672448623e-10,2.724117884277725e-09,0.00016562466429329668,0.015254198509329962
77176,4000,90,130,54.06682,6.03159,238272000.0,0.00016811099207311624,0.03333778860972386,4.063328071115498e-05,0.03323930881053274,5.784651847995789e-05,0.1764867465807099,0.1639855732851865,0.012501173295523454,0.3933200334245435,1.4202814969352173e-05,4.3036299860337616e-05,0.000398473302031723,2.388332443572727e-10,1.622386372860377e-10,7.659460707123515e-11,8.006477644231001e-10,7.760727182097303e-10,2.457504621337001e-11,0.0015814286014206036,0.6894202146390062,3.8310884393329937e-07,5.356238163012964e-10,2.737828970922418e-09,0.00016649303752126187,0.015330136695100197
77177,4000,90,130,54.02836,6.01383,238272000.0,0.00016584913068516677,0.0329762945752149,4.023112925373904e-05,0.032878493195554345,5.7570250406806624e-05,0.17391573831211213,0.16153398133196642,0.012381756980145722,0.3892622598338086,1.3983447043454187e-05,4.260334643116512e-05,0.000394302606093377,2.361867442777877e-10,1.605710448184933e-10,7.56156994592945e-11,7.846872680861241e-10,7.607289754453379e-10,2.395829264078631e-11,0.0015662902081042312,0.6880349746094621,3.723824857662653e-07,5.28634543112686e-10,2.7118497907061736e-09,0.00016469803143186158,0.015174471557155556
77178,4000,90,130,54.07247,6.02834,238272000.0,0.00016909887086886602,0.033516678595188906,4.082432585817642e-05,0.0334178736326377,5.798063669302632e-05,0.17761579803969893,0.16505566978884512,0.012560128250853897,0.39530445081056287,1.4301317032935856e-05,4.32453548081829e-05,0.0004004569318401224,2.4015506421439686e-10,1.6304759665256504e-10,7.710746756183199e-11,8.067806380982181e-10,7.819865126331199e-10,2.4794125465098338e-11,0.001588767294459247,0.690073810955931,3.866738723401057e-07,5.38925066076239e-10,2.75153880758255e-09,0.00016736147181581945,0.015406078609158208
77188,4000,90,130,54.03425,6.01042,238272000.0,0.00016680315407426686,0.033154634347491295,4.041978566793417e-05,0.03305651119142892,5.77033703944516e-05,0.17500724425097575,0.16256674136707827,0.01244050288389756,0.3912344928779849,1.4079316421758014e-05,4.281058209717933e-05,0.00039626157251081634,2.37508175247279e-10,1.6137414806849446e-10,7.613402717878472e-11,7.903853391360714e-10,7.662289874435733e-10,2.4156351692498084e-11,0.0015735726165261449,0.6886776517030685,3.7552518367797515e-07,5.318878132539819e-10,2.725717342735441e-09,0.00016555918163537709,0.015249960781367365
77189,4000,90,130,54.06089,6.0483,238272000.0,0.0001661936692126502,0.032980694016057764,4.025527795899222e-05,0.032882858847249424,5.757989084935814e-05,0.17429220957571687,0.16190865887614314,0.012383550699573781,0.3893682664002049,1.4010387538627785e-05,4.2621180132605715e-05,0.0003945472026812035,2.3619015552536314e-10,1.6063087855294676e-10,7.555927697241646e-11,7.891382351200837e-10,7.649647956165206e-10,2.417343950356308e-11,0.0015668442276084804,0.688127849592237,3.7671544170409247e-07,5.290988504734508e-10,2.7101066632584215e-09,0.00016476777568665335,0.015179021710960307
77190,4000,90,130,54.06715,6.0447,238272000.0,0.00016799788797734093,0.0333357612867856,4.0625275075053994e-05,0.03323729290980466,5.784310190588528e-05,0.17636042846104605,0.16386000618018187,0.012500422280864202,0.3932764917795149,1.4194043073484151e-05,4.303011469364954e-05,0.0003983898981326762,2.388318590269482e-10,1.62219110607767e-10,7.661274841918133e-11,7.991992883490647e-10,7.746942726048277e-10,2.4505015744237225e-11,0.0015812376058502975,0.6893808590206388,3.8170344015507206e-07,5.354597471313114e-10,2.738334095576138e-09,0.00016646801166821885,0.0153286154005895
77191,4000,90,130,54.07341,6.04111,238272000.0,0.00016900986810624213,0.03351503296275867,4.08180193968892e-05,0.03341623701693533,5.797792642645387e-05,0.17751616136378004,0.1649566380874173,0.012559523276362733,0.39526943313803586,1.4294420555777346e-05,4.324045909718931e-05,0.0004003910322531886,2.4015395117569596e-10,1.630322408651052e-10,7.712171031059091e-11,8.056419111487907e-10,7.809028418330058e-10,2.4739069315785032e-11,0.0015886162108719138,0.6900420765445272,3.855694131990235e-07,5.387949533616188e-10,2.7519305052632255e-09,0.00016734159489599257,0.015404879107025963
77199,4000,90,130,54.04017,6.007,238272000.0,0.00016697294165848807,0.033157307300522236,4.0431753770593936e-05,0.03305916720749747,5.770833925416798e-05,0.17519513329629235,0.16275360603576866,0.012441527260523713,0.39129430279750826,1.4092530227462051e-05,4.281965692321341e-05,0.0003963848007429344,2.3751008620497065e-10,1.6140353405969273e-10,7.610655214527811e-11,7.925677874946802e-10,7.683059292922085e-10,2.4261858202471724e-11,0.0015738535363229698,0.6887310984611794,3.7764572527462947e-07,5.321267088449499e-10,2.724916443033575e-09,0.00016559539622164316,0.015252226969609983
77203,4000,90,130,54.0627,6.06055,238272000.0,0.00016694557370995768,0.0331556207776311,4.0429656301772275e-05,0.03305748412533212,5.770699599721332e-05,0.17515896589654267,0.162717953002259,0.012441012894283726,0.39126583602996834,1.409055546323463e-05,4.2817481845639425e-05,0.00039635824365873715,2.375092064367183e-10,1.6139904578679155e-10,7.611016064992686e-11,7.922432940509721e-10,7.679971560714424e-10,2.4246137979529833e-11,0.0015737886073286765,0.6887033886745773,3.77340539361429e-07,5.320631182195001e-10,2.7249010316899873e-09,0.00016558497099703156,0.015251802283754876
77204,4000,90,130,54.06852,6.05721,238272000.0,0.0001679435260375209,0.03333467045651486,4.062141166710207e-05,0.03323620763535609,5.784140949167029e-05,0.1762991700340019,0.16379914110013666,0.012500028933865242,0.3932538185412904,1.4189841367854501e-05,4.302707583248668e-05,0.0003983491905223069,2.388311401752036e-10,1.6220974841120126e-10,7.662139176400248e-11,7.985056287768332e-10,7.740341529565028e-10,2.447147582033053e-11,0.0015811439847106023,0.6893601728259358,3.810313476571158e-07,5.35378563823143e-10,2.7385634781573484e-09,0.00016645555795340102,0.01532787870356829
77205,4000,90,130,54.07435,6.05387,238272000.0,0.00016894180317500356,0.033513725557204874,4.08131899691922e-05,0.033414936534610765,5.797583262491634e-05,0.17743973505447838,0.16488068803559855,0.012559047018879924,0.3952419200942071,1.428915251287082e-05,4.323668735472997e-05,0.00040034037476984683,2.4015307770982124e-10,1.6302050719109047e-10,7.71325705187309e-11,8.047721319045788e-10,7.800751167214675e-10,2.46970151831114e-11,0.0015884999043272573,0.6900170639119075,3.8472620363393737e-07,5.386944726024203e-10,2.752224427960003e-09,0.00016732621531621736,0.01540395947327016
77206,4000,90,130,54.04607,6.00359,238272000.0,0.00016714814578461414,0.033160068283387134,4.0444104047835615e-05,0.033061910711518455,5.7713467820845215e-05,0.1753890292710171,0.16294644418733878,0.012442585083678374,0.3913560621100524,1.4106165237560597e-05,4.282902281752841e-05,0.00039651197488738875,2.375120593814158e-10,1.6143385697344389e-10,7.607820240797208e-11,7.948198001017974e-10,7.704490723589925e-10,2.4370727742804922e-11,0.0015741434611364867,0.6887862922056318,3.7983383569078117e-07,5.323732807388133e-10,2.7240903104903744e-09,0.00016563277619651229,0.015254565583953104
77207,4000,90,130,54.05196,6.00018,238272000.0,0.000167327908799136,0.033162903407167946,4.0456775992921e-05,0.03306472790034703,5.7718730827998906e-05,0.17558798127266162,0.16314431020139003,0.012443671071271645,0.3914194628944587,1.412015475254381e-05,4.2838633720658325e-05,0.00039664247041462403,2.375140849475457e-10,1.6146496844789856e-10,7.604911649964729e-11,7.971303610963565e-10,7.726479333349181e-10,2.4482427761438583e-11,0.001574440965892867,0.6888429570749104,3.820788146517329e-07,5.326263144649891e-10,2.723242946185257e-09,0.00016567113721430583,0.015256965158822168
