turbine_idx,P_rated_kW,Hub_height_m,Diameter_m,Latitude,Longitude,Lifetime_production_kWh,acidification - accumulated exceedance (AE)[mol H+-Eq],climate change - global warming potential (GWP100)[kg CO2-Eq],climate change: biogenic - global warming potential (GWP100)[kg CO2-Eq],climate change: fossil - global warming potential (GWP100)[kg CO2-Eq],climate change: land use and land use change - global warming potential (GWP100)[kg CO2-Eq],ecotoxicity: freshwater - comparative toxic unit for ecosystems (CTUe)[CTUe],"ecotoxicity: freshwater, inorganics - comparative toxic unit for ecosystems (CTUe)[CTUe]","ecotoxicity: freshwater, organics - comparative toxic unit for ecosystems (CTUe)[CTUe]","energy resources: non-renewable - abiotic depletion potential (ADP): fossil fuels[MJ, net calorific value]",eutrophication: freshwater - fraction of nutrients reaching freshwater end compartment (P)[kg P-Eq],eutrophication: marine - fraction of nutrients reaching marine end compartment (N)[kg N-Eq],eutrophication: terrestrial - accumulated exceedance (AE)[mol N-Eq],human toxicity: carcinogenic - comparative toxic unit for human (CTUh)[CTUh],"human toxicity: carcinogenic, inorganics - comparative toxic unit for human (CTUh)[CTUh]","human toxicity: carcinogenic, organics - comparative toxic unit for human (CTUh)[CTUh]",human toxicity: non-carcinogenic - comparative toxic unit for human (CTUh)[CTUh],"human toxicity: non-carcinogenic, inorganics - comparative toxic unit for human (CTUh)[CTUh]","human toxicity: non-carcinogenic, organics - comparative toxic unit for human (CTUh)[CTUh]",ionising radiation: human health - human exposure efficiency relative to u235[kBq U235-Eq],land use - soil quality index[dimensionless],material resources: metals/minerals - abiotic depletion potential (ADP): elements (ultimate reserves)[kg Sb-Eq],ozone depletion - ozone depletion potential (ODP)[kg CFC-11-Eq],particulate matter formation - impact on human health[disease incidence],photochemical oxidant formation: human health - tropospheric ozone concentration increase[kg NMVOC-Eq],water use - user deprivation potential (deprivation-weighted water consumption)[m3 world eq. deprived]
5911,4000,122,130,45.03532,14.93924,168192000.0,0.00014463537580606143,0.025673806137270886,3.7381080686768255e-05,0.0255754861666204,6.093888996370173e-05,0.13541613818993894,0.12496709518275004,0.01044904300718881,0.2994196439835176,1.0323875041279938e-05,3.447916533880392e-05,0.00032658514520051964,1.5373317821536062e-10,1.187144630964006e-10,3.501871511896013e-11,6.946157608549505e-10,6.703948211036527e-10,2.4220939751297917e-11,0.0015366088326270592,0.8591161440224385,4.35751599123713e-07,3.53385388982136e-10,1.9148626758400778e-09,0.0001281079717577667,0.012122319085348165
5912,4000,122,130,45.03952,14.93476,168192000.0,0.00014502203162769332,0.025679885992806857,3.7408337253537703e-05,0.02558152745097157,6.095020458173497e-05,0.13584401589000195,0.1253926418257567,0.010451374064245133,0.2995557521267545,1.0353970064429843e-05,3.449981340509262e-05,0.0003268655854211462,1.537375274593271e-10,1.1878139035616352e-10,3.495613710316371e-11,6.995864000008524e-10,6.751251644717375e-10,2.4461235529114752e-11,0.0015372485494842387,0.8592378105154813,4.4058127914461094e-07,3.5392933857314627e-10,1.913037110172562e-09,0.00012819038004151476,0.012127480062957965
5913,4000,122,130,45.02625,14.95782,168192000.0,0.00014399595287815624,0.025663776523435215,3.7336009108361644e-05,0.025565520324932922,6.092018939391485e-05,0.1347086617316042,0.12426346675620645,0.010445194975397651,0.29919493023153076,1.0274103042601505e-05,3.444503315988332e-05,0.0003261215060655348,1.5372599704957203e-10,1.186037788138412e-10,3.5122218235730957e-11,6.863951446171197e-10,6.625716137417382e-10,2.382353087538139e-11,0.0015355513040824146,0.8589153181073772,4.277639064388371e-07,3.524863406650016e-10,1.9178845165615743e-09,0.0001279717816362532,0.012113785413847137
5914,4000,122,130,45.02242,14.96368,168192000.0,0.00014375507035822396,0.025660023273108207,3.7319033169192056e-05,0.02556179108456091,6.091315537809405e-05,0.1344422597073139,0.12399850737820044,0.010443752329113373,0.29911065257434744,1.0255349903226864e-05,3.4432189169059884e-05,0.0003259469783627518,1.537233031956651e-10,1.1856207701884044e-10,3.51612261768248e-11,6.832977399716933e-10,6.596239461249294e-10,2.3673793846763893e-11,0.001535153305995507,0.85884004480383,4.24754062020729e-07,3.521481536522657e-10,1.919025788035886e-09,0.00012792056796612222,0.012110571807836399
5915,4000,122,130,45.01719,14.96716,168192000.0,0.0001433540191065946,0.025653762486503508,3.7290767913020326e-05,0.025555570279461624,6.0901439128845196e-05,0.13399866462980692,0.12355731750998238,0.010441347119824447,0.2989701580969766,1.0224128810293446e-05,3.441079813584223e-05,0.00032565633939270867,1.5371881271005264e-10,1.1849264902761635e-10,3.522616368243644e-11,6.781410534046087e-10,6.54716548232298e-10,2.3424505172310663e-11,0.0015344904828476723,0.8587145393530311,4.1974324509927823e-07,3.515848598903777e-10,1.92092454864271e-09,0.00012783525755380744,0.012105220832637334
5916,4000,122,130,45.01163,14.98481,168192000.0,0.00014341816286670515,0.025654932829338773,3.729531128484253e-05,0.02555673413205049,6.09033860034253e-05,0.13407040437749385,0.12362862556645378,0.01044177881103999,0.29899516240118057,1.0229101397043878e-05,3.441431528198295e-05,0.00032570372501671577,1.5371960786301963e-10,1.1850371983273214e-10,3.5215888030287645e-11,6.789621350988231e-10,6.554979320729932e-10,2.34642030258298e-11,0.001534599138403599,0.8587371824322977,4.205397410279255e-07,3.5167832840078745e-10,1.920640312658989e-09,0.0001278495195281563,0.012106084656562863
5917,4000,122,130,45.00913,14.98714,168192000.0,0.00014329716489275236,0.025653076471006588,3.728678796083225e-05,0.025554889817807472,6.0899865238269006e-05,0.13393672322879746,0.12349566102553716,0.010441062203260226,0.2989532627014981,1.0219677909508561e-05,3.440788002254983e-05,0.00032561621212098206,1.5371826788774815e-10,1.1848276682935496e-10,3.5235501058393335e-11,6.774056450710784e-10,6.540166862740892e-10,2.338895879698916e-11,0.0015343996723586344,0.8586998119029442,4.190270184706971e-07,3.515090314103877e-10,1.92121691686635e-09,0.000127823900079571,0.012104471795429983
5918,4000,122,130,45.00384,14.99224,168192000.0,0.00014308013862430452,0.025649776461389984,3.727150419431272e-05,0.025551611394134092,6.0893563061564274e-05,0.133697086706811,0.12325730159821023,0.010439785108600665,0.2988785540054827,1.0202771946549416e-05,3.439635431825362e-05,0.0003254594038170736,1.5371587794744092e-10,1.1844517891592904e-10,3.5270699031512015e-11,6.746132252799177e-10,6.513592575543145e-10,2.3253967725603146e-11,0.0015340423664298001,0.8586332332162233,4.1631288151497096e-07,3.512059659978987e-10,1.9222545437146324e-09,0.00012777805635730911,0.012101580311473858
5919,4000,122,130,44.99937,14.99893,168192000.0,0.0001428717108310386,0.025646570061988335,3.725682098550318e-05,0.025548425746466815,6.088749453600619e-05,0.133466770533577,0.1230282222501662,0.010438548283410724,0.2988062484831027,1.0186540378853301e-05,3.438526418778192e-05,0.00032530861018033406,1.5371356578718407e-10,1.1840908756577621e-10,3.530447822140803e-11,6.719322470813119e-10,6.488078841013408e-10,2.3124362979971177e-11,0.00153369863576003,0.8585687276624692,4.137073605013493e-07,3.5091416610689414e-10,1.9232467864833226e-09,0.00012773389325427078,0.012098801630163063
5920,4000,122,130,45.00148,14.99497,168192000.0,0.0001430189939749394,0.025648876875871023,3.726720221127816e-05,0.025550717873140543,6.089180051918812e-05,0.13362971311744726,0.12319027942863821,0.010439433688808989,0.2988579577847027,1.0198005159801102e-05,3.4393124192439604e-05,0.00032541538566704074,1.537152183391891e-10,1.184345829875169e-10,3.528063535167237e-11,6.738258376637025e-10,6.506099330099416e-10,2.321590465376094e-11,0.001533942171411817,0.858614933974161,4.1554732516619403e-07,3.511211831567981e-10,1.9225503535525044e-09,0.00012776525059790612,0.012100767095555177
5921,4000,122,130,44.99894,14.99225,168192000.0,0.00014270351713797003,0.025643916237811305,3.7244963269581e-05,0.02554578870575342,6.088256878828836e-05,0.13328060281330814,0.12284307106449871,0.010437531748809363,0.2987469053863305,1.0173450293586029e-05,3.43762771939541e-05,0.0003251865712518502,1.5371166973502786e-10,1.1837997628602628e-10,3.533169344900172e-11,6.697702375731491e-10,6.467503929333427e-10,2.3019844639806405e-11,0.0015334202189851162,0.8585156646774234,4.1160673532744296e-07,3.506773682534211e-10,1.9240398513454637e-09,0.0001276980126950133,0.01209655619509976
5922,4000,122,130,45.00212,14.98539,168192000.0,0.00014265551593162543,0.025643044743126855,3.7241563870978696e-05,0.025544922065523036,6.088111373282249e-05,0.1332269374628855,0.12278972756420692,0.010437209898678471,0.29872825844473216,1.016972858495275e-05,3.437364762966579e-05,0.0003251511338131435,1.5371107665765559e-10,1.1837169072872558e-10,3.5339385928930166e-11,6.691556971744066e-10,6.461655643657674e-10,2.2990132808639235e-11,0.0015333389754646801,0.8584987856522764,4.1101056131563285e-07,3.5060750846374033e-10,1.9242530527694156e-09,0.00012768735569390383,0.012095909967135644
5923,4000,122,130,45.00399,14.98011,168192000.0,0.00014260119974263344,0.02564211907162142,3.72377253579434e-05,0.025544001852892552,6.0879493370912e-05,0.1331664952237261,0.12272963269694799,0.010436862526777994,0.29870806503383046,1.0165509778816723e-05,3.4370706435137646e-05,0.00032511135672454904,1.5371043309183531e-10,1.1836230316579883e-10,3.5348129926036637e-11,6.68458993853433e-10,6.455025436887619e-10,2.2956450164671106e-11,0.0015332479898827903,0.8584806056633139,4.1033419135804216e-07,3.5052966604222946e-10,1.924501262893787e-09,0.0001276755176447081,0.012095181582816724
5924,4000,122,130,44.9961,14.99787,168192000.0,0.0001427594295211541,0.025644908009339495,3.724891979926816e-05,0.025546774835972993,6.088425356721545e-05,0.13334300346323358,0.12290510331561642,0.010437900147617033,0.2987682753985545,1.0177788271042096e-05,3.4379326890662567e-05,0.00032522772467309164,1.5371234992417892e-10,1.1838963202477738e-10,3.532271789940167e-11,6.704865693721505e-10,6.474320921048994e-10,2.3054477267251096e-11,0.0015335144869754677,0.8585349704093616,4.1230184725230526e-07,3.507582752295967e-10,1.9237888237253255e-09,0.00012771034075735078,0.012097307824427798
5925,4000,122,130,44.99633,15.00635,168192000.0,0.0001423328894480889,0.025637969338066866,3.7218820614278646e-05,0.025539878845681634,6.087167177094249e-05,0.13286990429779127,0.12243464009473404,0.010435264203057147,0.298614654122571,1.014461752189077e-05,3.435641749793022e-05,0.0003249171212815296,1.5370744656419406e-10,1.1831584694029594e-10,3.5391599623898255e-11,6.65008236043031e-10,6.422186041517208e-10,2.2789631891310242e-11,0.0015328051573606926,0.8583972309711797,4.0698073432648136e-07,3.5015358856480797e-10,1.9257760372409193e-09,0.00012761858541418463,0.012091603524227149
5926,4000,122,130,44.99424,15.00905,168192000.0,0.0001421373225782637,0.025634890607951336,3.720503401764616e-05,0.025536819626543174,6.086594739050773e-05,0.1326534709448852,0.1222193867688231,0.010434084176062014,0.2985457579854163,1.0129396187337132e-05,3.434597186009942e-05,0.000324775258084941,1.5370524512002563e-10,1.1828199647488624e-10,3.542324864513952e-11,6.624942118033196e-10,6.398261155666255e-10,2.266809623669403e-11,0.0015324815383317464,0.8583356385161836,4.045380326022976e-07,3.4987839214719905e-10,1.9266989772271226e-09,0.00012757689093976138,0.012088992980279534
5927,4000,122,130,44.98857,15.00549,168192000.0,0.0001424020329392878,0.025639427117540692,3.7223744423791625e-05,0.025541329517978308,6.087385513857962e-05,0.13294815489060646,0.12251237077414497,0.01043578411646142,0.29864454918070565,1.0149953451633472e-05,3.4360320115816365e-05,0.00032496924662217525,1.537083930364266e-10,1.1832774183921674e-10,3.538065119721e-11,6.658890519951306e-10,6.430568289977924e-10,2.2832222997338237e-11,0.0015329253522160086,0.8584246226772588,4.078335904632768e-07,3.502582620132137e-10,1.9254922284427133e-09,0.0001276346759966684,0.01209254396083002
5928,4000,122,130,44.98629,15.00826,168192000.0,0.000142227119956742,0.025636689306540096,3.7211415948902884e-05,0.02553860914846683,6.086874212434947e-05,0.1327546530220316,0.1223199199223869,0.010434733099644612,0.298583165674533,1.013633769835341e-05,3.43509865948277e-05,0.00032484244975205937,1.5370643126952426e-10,1.1829746321227482e-10,3.54089680572496e-11,6.636401918564769e-10,6.409166852497874e-10,2.2723506606689618e-11,0.0015326361575070013,0.8583697748786612,4.0564840326166315e-07,3.500124442685622e-10,1.9263195117542347e-09,0.0001275974425251225,0.012090209863476397
5929,4000,122,130,44.9907,15.02043,168192000.0,0.00014134290672851403,0.02562216682514421,3.7149002054737666e-05,0.02552417522279792,6.084260029153944e-05,0.13177327367902897,0.12134404343910596,0.010429230239922916,0.2982626310439761,1.0067592212544742e-05,3.430341697064265e-05,0.00032419783260736844,1.5369620350704182e-10,1.181445349276455e-10,3.555166857939646e-11,6.522866775936827e-10,6.301120506671696e-10,2.217462692651316e-11,0.0015311635544720667,0.8580821335063152,3.9462183561378385e-07,3.4875616463257244e-10,1.9304230237377155e-09,0.00012740672788351843,0.012078378347082691
5930,4000,122,130,44.98783,15.0214,168192000.0,0.00014129389559573068,0.025621495664206743,3.7145560445600164e-05,0.025523508894697716,6.084120906341762e-05,0.1317195034523306,0.12129054101458145,0.010428962437749045,0.29824687023380414,1.0063765176577656e-05,3.4300856147589665e-05,0.0003241628155259498,1.53695697516891e-10,1.1813603177371808e-10,3.5559665743173066e-11,6.516544537854676e-10,6.295103878471845e-10,2.2144065938283e-11,0.00153108402304719,0.8580682245267857,3.940067400891864e-07,3.486892030638297e-10,1.9306658774787065e-09,0.00012739664566494292,0.012077728866269314
5931,4000,122,130,44.98502,15.0322,168192000.0,0.00014057542975359077,0.025609968650342752,3.709488277120894e-05,0.025512053682013553,6.082008555797998e-05,0.13092336510481375,0.12049879801883459,0.010424567085979086,0.2979905164480737,1.0007872394404301e-05,3.426235854249052e-05,0.00032364048975625545,1.5368751136228449e-10,1.1801171611265975e-10,3.567579524962489e-11,6.424232373139941e-10,6.207254424577059e-10,2.169779485628809e-11,0.0015298917368115166,0.8578386564664006,3.8503915384045935e-07,3.476738726953613e-10,1.9340316213808485e-09,0.00012724267908951957,0.01206812811227213
5932,4000,122,130,44.9877,15.03016,168192000.0,0.00014068285813282255,0.02561159634825372,3.7102447482996585e-05,0.02551367069813472,6.0823202635988525e-05,0.13104195837339053,0.1206167607400165,0.010425197633373894,0.2980274102358165,1.0016241593726506e-05,3.426806048823505e-05,0.0003237180791459701,1.5368869174028298e-10,1.1803032334521707e-10,3.5658368395066047e-11,6.438056163141758e-10,6.22040994688353e-10,2.176462162582273e-11,0.001530068512919164,0.8578715246436108,3.8638282588368986e-07,3.4782377449086093e-10,1.9335173253239278e-09,0.0001272653505728593,0.012069559126897784
5933,4000,122,130,44.97824,15.02389,168192000.0,0.0001412855536880882,0.025621763866687967,3.714502593236387e-05,0.025523777703314703,6.084113744088721e-05,0.13171214281364205,0.12128311958809594,0.010429023225546015,0.29824992145115004,1.0063066535373856e-05,3.430063726701192e-05,0.0003241588946213971,1.5369578552755035e-10,1.1813450882087763e-10,3.5561276706672893e-11,6.515385326408298e-10,6.294000601305553e-10,2.213847251027439e-11,0.0015310764702754262,0.8580716726399347,3.938908930794393e-07,3.4868544529758783e-10,1.9307512268308577e-09,0.00012739632702209828,0.012077636411884128
5934,4000,122,130,44.97605,15.0264,168192000.0,0.0001411754238262917,0.02562006849729605,3.713726740774188e-05,0.025522093299458776,6.083793042951888e-05,0.1315904420539247,0.12116207266936557,0.010428369384559034,0.29821169899541405,1.005449018190769e-05,3.4294776763984575e-05,0.00032407921152695325,1.536945632914334e-10,1.1811543896700895e-10,3.5579124324424605e-11,6.50121972508512e-10,6.280519798530301e-10,2.2069992655481802e-11,0.0015308948304203975,0.8580375713131437,3.925142119163536e-07,3.485312398012233e-10,1.9312753782939434e-09,0.00012737298771693081,0.012076168146925066
5935,4000,122,130,44.99289,15.01763,168192000.0,0.00014153428112469768,0.025625174101014937,3.7162492369523714e-05,0.025527163409045543,6.084819959985755e-05,0.13198504168706085,0.12155465823392231,0.010430383453138443,0.2983299684492735,1.008248791305403e-05,3.431363558530936e-05,0.00032433662552542274,1.5369835527439722e-10,1.181776608014067e-10,3.5520694472990667e-11,6.547469258870668e-10,6.324533631444785e-10,2.2293562742588356e-11,0.0015314801505697665,0.8581423226372823,3.970123308884907e-07,3.490253525713574e-10,1.929519241639395e-09,0.0001274475086028974,0.01208093266939854
5936,4000,122,130,44.99405,15.01373,168192000.0,0.0001418085113164412,0.02562956883801643,3.71818347888278e-05,0.025531530743183508,6.0856260044077385e-05,0.13228889520208797,0.12185683548199967,0.010432059720088227,0.29842774090794716,1.0103822165490868e-05,3.432832684823583e-05,0.00032453596467663017,1.5370147756283798e-10,1.1822511165480674e-10,3.5476365908031396e-11,6.582704841260474e-10,6.358065797026668e-10,2.2463904423380513e-11,0.001531935154472187,0.8582298702244688,4.004353015762094e-07,3.494127928322904e-10,1.928234001137082e-09,0.00012750625764166277,0.012084596931207392
5937,4000,122,130,45.01473,14.96914,168192000.0,0.00014318239814943234,0.025651090036755215,3.727867332577242e-05,0.025552914935108747,6.0896428320679205e-05,0.1338088694392898,0.12336854970770539,0.01044031973158433,0.29891013728154425,1.0210767608634193e-05,3.44016481288801e-05,0.0003255320027159883,1.537168941639603e-10,1.1846293753527574e-10,3.5253956628684676e-11,6.759342181884784e-10,6.52616397435312e-10,2.331782075316647e-11,0.0015342069474930157,0.8586609341924526,4.1759878166830747e-07,3.513439449883493e-10,1.921737853759302e-09,0.00012779877539594877,0.012102931319506165
5938,4000,122,130,45.02007,14.96559,168192000.0,0.0001435807511738167,0.025657302924319808,3.730674764211345e-05,0.02555908811342845,6.09080632492312e-05,0.13424945299993477,0.12380674584786859,0.010442707152066067,0.29904959991232977,1.0241779363568826e-05,3.442289196786871e-05,0.000325820655496138,1.5372135180761285e-10,1.185318995660905e-10,3.5189452241522474e-11,6.810563367461026e-10,6.574908985855081e-10,2.3565438160594527e-11,0.00153486522084907,0.8587855074068615,4.2257605489410193e-07,3.5190333357157123e-10,1.9198512029037358e-09,0.00012788349074014746,0.012108246020679513
5939,4000,122,130,45.05083,14.98173,168192000.0,0.00014641392878869273,0.025795529972514754,3.7536206703653855e-05,0.025696930517543157,6.106324826792008e-05,0.1376606845147402,0.12714777477313507,0.01051290974160502,0.30208807305537544,1.0430637768911094e-05,3.4760567699082594e-05,0.0003297606965773581,1.5382221795533074e-10,1.1894723666095952e-10,3.487498129437137e-11,7.099315487493603e-10,6.849334637285334e-10,2.4998085020826867e-11,0.0015430164129464654,0.8783732044898247,4.50095979364319e-07,3.5762093624903407e-10,1.930774635475945e-09,0.0001294981942504425,0.012158589713666266
5940,4000,122,130,45.04861,14.98468,168192000.0,0.0001461203121919094,0.025790874027565986,3.7515503524673985e-05,0.02569230388467497,6.105463936632547e-05,0.1373355821324121,0.1268244533994242,0.010511128732987818,0.3019841304176497,1.0407789200617675e-05,3.474486592283562e-05,0.0003295475291529585,1.5381889746639627e-10,1.1889642153102658e-10,3.4922475935369854e-11,7.061578208822453e-10,6.813421703483841e-10,2.4815650533861156e-11,0.0015425300171235132,0.87828022012951,4.4642958243319597e-07,3.5720709457411865e-10,1.932156428517584e-09,0.0001294354727834787,0.012154668751041648
5941,4000,122,130,45.04681,14.98806,168192000.0,0.00014582435528050786,0.025786159533928897,3.749463245431823e-05,0.025687618948887114,6.10459525874474e-05,0.13700778806140057,0.1264984604954101,0.010509327565990403,0.301879037878673,1.0384761163788981e-05,3.472902683013105e-05,0.0003293325483396648,1.5381554074989284e-10,1.1884520561381522e-10,3.4970335136077753e-11,7.023544799998601e-10,6.777226961106063e-10,2.4631783889253585e-11,0.0015420394089829526,0.8781861686324184,4.4273458724802063e-07,3.5678952608146696e-10,1.933546768075027e-09,0.00012937217305377622,0.012150715521750809
5942,4000,122,130,45.04374,14.98308,168192000.0,0.00014596235207189236,0.025788548149603442,3.7504389594667297e-05,0.025689993674788403,6.105008522036045e-05,0.13716152135409065,0.12665130100271324,0.01051022035137733,0.30193089393606465,1.039547499430603e-05,3.473652018721973e-05,0.0003294338032138215,1.5381719257840953e-10,1.1886904855373786e-10,3.4948144024671826e-11,7.041237375380192e-10,6.794064165922679e-10,2.4717320945751357e-11,0.0015422711451240825,0.8782329172198515,4.4445191177730327e-07,3.5698802991078323e-10,1.9329203999622943e-09,0.00012940238363391864,0.012152567811886247
5943,4000,122,130,45.04194,14.99382,168192000.0,0.00014522485688701092,0.02577666952523278,3.7452363460463833e-05,0.025678188779534903,6.1028382237404386e-05,0.13634407953635302,0.12583838383142334,0.010505695704929608,0.3016670561036415,1.0338107554080061e-05,3.469697665947434e-05,0.000328897396183806,1.5380876852088362e-10,1.1874144942147008e-10,3.5067319099413666e-11,6.946490289818784e-10,6.703897516484571e-10,2.425927733342134e-11,0.0015410465553859247,0.8779965646686911,4.352481599813077e-07,3.559448824530079e-10,1.936369959976478e-09,0.00012924416989246136,0.012142710581235719
5944,4000,122,130,45.04436,14.99092,168192000.0,0.0001455245150242418,0.025781413820421876,3.7473491635194766e-05,0.02568290316372678,6.103716505989048e-05,0.1366758364163276,0.12616832512884185,0.010507511287485649,0.3017730257719025,1.0361427182083753e-05,3.471299729209795e-05,0.00032911491006989,1.5381215394017067e-10,1.1879331161290588e-10,3.501884232726492e-11,6.985005681681814e-10,6.740550948881882e-10,2.4445473279993255e-11,0.0015415428428351388,0.8780913489867838,4.389902151197263e-07,3.563670906001062e-10,1.934958877129287e-09,0.0001293081547061406,0.012146711870239644
5945,4000,122,130,45.0432,15.02278,168192000.0,0.00014365464017176573,0.025751122125219603,3.734155914468838e-05,0.02565279850284357,6.098206323133355e-05,0.13460244594674167,0.1241064550676765,0.010495990879065087,0.3011014696991339,1.0215996997437212e-05,3.4612638236903845e-05,0.0003277539535914104,1.5379071595034307e-10,1.1846982612134083e-10,3.5320889829002365e-11,6.744817983258991e-10,6.511974887547228e-10,2.3284309571176367e-11,0.0015384352440045265,0.8774894429903002,4.1565973372643196e-07,3.537187738873024e-10,1.943684986412679e-09,0.00012890637689637858,0.012121711214656139
5946,4000,122,130,45.0402,15.023,168192000.0,0.0001434523777905553,0.025747989649006056,3.7327307468766346e-05,0.025649686176357902,6.097616517937258e-05,0.13437884465117977,0.12388405983097811,0.010494784820201589,0.3010309893082628,1.0200248154557665e-05,3.460186428719707e-05,0.0003276075089493811,1.5378846265795135e-10,1.1843480651430766e-10,3.535365614364383e-11,6.71880579850416e-10,6.487220198061481e-10,2.3158560044267982e-11,0.0015381013536951403,0.8774265273702547,4.131318958161915e-07,3.5343518763566567e-10,1.944645469949341e-09,0.0001288634437085638,0.012119013738565505
5947,4000,122,130,45.04385,15.01797,168192000.0,0.00014395444206502582,0.025755956753799596,3.736270925892295e-05,0.025657603156242353,6.099088829830134e-05,0.13493477443149446,0.12443694260708534,0.010497831824409016,0.3012088104255921,1.0239316930168295e-05,3.46287165161353e-05,0.00032797204134837773,1.537941430882912e-10,1.1852169576743514e-10,3.5272447320856195e-11,6.783332709195141e-10,6.548627662940777e-10,2.3470504625436338e-11,0.001538933147334461,0.8775856118137257,4.1940101555934566e-07,3.5414294357534954e-10,1.9422833611284114e-09,0.00012897071416047358,0.012125718588511199
5948,4000,122,130,45.0365,15.02033,168192000.0,0.00014337837967384173,0.025746973007201017,3.73221108060568e-05,0.02564867683315188,6.0974063243067544e-05,0.13429764565331684,0.1238032660869188,0.010494379566397961,0.30100714368701614,1.0194470417898367e-05,3.4597996021870925e-05,0.00032755462173048424,1.5378769719644115e-10,1.184219689147779e-10,3.5365728281663425e-11,6.709261059565162e-10,6.478136841944889e-10,2.3112421762027292e-11,0.0015379812235948283,0.8774054769780856,4.122033071666582e-07,3.533340214688452e-10,1.945011755320976e-09,0.00012884820926034298,0.012118032981276913
5949,4000,122,130,45.02381,14.95875,168192000.0,0.0001437813334975821,0.02566041610202385,3.732088183985205e-05,0.02556218130497127,6.0913915212714816e-05,0.13447122846973725,0.12402732340742374,0.010443905062313442,0.29911959563412477,1.025739656082168e-05,3.443358023883185e-05,0.00032596591955675523,1.5372358944358482e-10,1.185666269588542e-10,3.515696248473075e-11,6.836358025440234e-10,6.599456662588608e-10,2.3690136285162473e-11,0.001535196442914765,0.8588480026291759,4.250826997195957e-07,3.521846985159265e-10,1.918899470959783e-09,0.00012792609186837,0.012110921408562928
16453,2300,78,82,43.7466,16.07035,96710400.0,0.00010386599763176365,0.016161812100242683,2.731454291064285e-05,0.016079836986707136,5.466057062490215e-05,0.09969152683897059,0.09259141689240545,0.007100109946565137,0.19992015193258555,7.283223357122862e-06,2.2513969902453425e-05,0.0002125763989858412,1.0857129714322975e-10,8.985102662598663e-11,1.8720270517243222e-11,6.034502434485101e-10,5.807923903599671e-10,2.2657853088543236e-11,0.0010592108469268092,0.8484044297235999,4.3446816552039493e-07,2.2322502126149994e-10,1.323988910441108e-09,8.599526241764411e-05,0.008431215845448292
16454,2300,78,82,43.74547,16.07391,96710400.0,0.00010412959786594657,0.016166085737610737,2.733314216378832e-05,0.016084084255552113,5.466833989483402e-05,0.09998383280600916,0.09288209787047519,0.007101734935533971,0.20001487288605874,7.303724545167674e-06,2.2528119634079463e-05,0.00021276827379114517,1.0857432082879596e-10,8.989662840016386e-11,1.8677692428632207e-11,6.068361476234352e-10,5.840146062525781e-10,2.2821541370857438e-11,0.0010596489842000859,0.8484893326739978,4.377570153015457e-07,2.2359842707166412e-10,1.3227591581189783e-09,8.605191414028573e-05,0.008434740399617828
16455,2300,78,82,43.74415,16.0772,96710400.0,0.00010437635300489898,0.016170092359362367,2.735055366714382e-05,0.016088066190388696,5.4675615306528847e-05,0.100257487777443,0.09315423000323385,0.007103257774209199,0.20010363205272083,7.322914874175598e-06,2.2541368595401915e-05,0.0002129479194933524,1.085771540603262e-10,8.993931483653816e-11,1.863783922378813e-11,6.10005546839519e-10,5.870307837494975e-10,2.2974763090021836e-11,0.0010600592180080805,0.8485689025471219,4.408355170639292e-07,2.2394809236158546e-10,1.3216086923376253e-09,8.610496783451761e-05,0.008438040008779254
16456,2300,78,82,43.74176,16.07917,96710400.0,0.00010454132853116167,0.016172805991987595,2.736219932458343e-05,0.01609076329809562,5.468049456739155e-05,0.10044061139203857,0.09333632577554285,0.007104285616495745,0.20016349768182365,7.33574083110488e-06,2.255024637777276e-05,0.00021306821301050652,1.0857906418631435e-10,8.996784722648527e-11,1.861121695982918e-11,6.121237850587126e-10,5.890466167482514e-10,2.3077168310461353e-11,0.0010603340379301222,0.8486226318524923,4.428927239010969e-07,2.2418256840993738e-10,1.3208435290452605e-09,8.614056593828217e-05,0.008440247711318122
16457,2300,78,82,43.74103,16.08273,96710400.0,0.00010480321449556249,0.016177042831487593,2.738067641422943e-05,0.016094973945651115,5.468820942224855e-05,0.10073097422848092,0.09362507669543886,0.007105897533042068,0.20025746762531546,7.356109806791091e-06,2.256429898030028e-05,0.00021325879198209972,1.0858206410771305e-10,9.001315422092215e-11,1.8568909886791e-11,6.154878654693302e-10,5.922480641635823e-10,2.3239801305748043e-11,0.0010607691849683952,0.8487068457183529,4.4616044799158357e-07,2.2455336596973166e-10,1.3196207377632455e-09,8.619681633402327e-05,0.008443748918313834
16458,2300,78,82,43.73904,16.08557,96710400.0,0.00010502942524141977,0.01618073399941383,2.7396640697122475e-05,0.016098642471790263,5.4694886926445504e-05,0.10098193009507032,0.09387463146950968,0.007107298625560675,0.20033910868561292,7.373700142586278e-06,2.257645514330793e-05,0.00021342357737443124,1.0858466970460697e-10,9.005228307292734e-11,1.8532386631679765e-11,6.183929920141825e-10,5.950127445314846e-10,2.3380247482697955e-11,0.0010611455471183928,0.8487800664427964,4.489821103499568e-07,2.2487428091446294e-10,1.318568144331802e-09,8.624551911913384e-05,0.008446774665501148
16459,2300,78,82,43.73723,16.0881,96710400.0,0.00010523331857051101,0.016184061416541613,2.7411030036756e-05,0.016101949480683428,5.470090582142997e-05,0.10120812917535796,0.09409956757141134,0.0071085616039466264,0.20041270139553835,7.389555006682214e-06,2.258741224128662e-05,0.00021357210762193335,1.085870184266585e-10,9.008755148365849e-11,1.8499466943000128e-11,6.210114967134324e-10,5.975046595623526e-10,2.3506837151080023e-11,0.0010614847847016688,0.8488460696351011,4.515253821877553e-07,2.2516354336211606e-10,1.3176194445894582e-09,8.628941850483991e-05,0.008449501919078166
16460,2300,78,82,43.73522,16.09577,96710400.0,0.00010580645502252471,0.01619334344436485,2.7451468381200428e-05,0.01611117418203311,5.471779395054368e-05,0.10184363268453422,0.09473154070367294,0.00711209198086129,0.20061850000094553,7.43413123237394e-06,2.261817182434924e-05,0.000213989240816774,1.0859358816934608e-10,9.018670374770879e-11,1.840688442163741e-11,6.283735627739186e-10,6.045108138807238e-10,2.3862748893194998e-11,0.001062437254456349,0.8490305191778968,4.5867650058814033e-07,2.2597522660382678e-10,1.314944489174041e-09,8.641255780294878e-05,0.008457164757269658
16461,2300,78,82,43.7316,16.10563,96710400.0,0.00010656133833084129,0.016205591599584734,2.7504733141975964e-05,0.01612334681917303,5.474004726973085e-05,0.10268076659350428,0.09556401840400015,0.00711674818950414,0.20088989973881222,7.492840183779819e-06,2.2658698440324655e-05,0.00021453877188962046,1.0860225157877348e-10,9.03172936152516e-11,1.8284957963522e-11,6.380697141842741e-10,6.13738213919795e-10,2.433150026447945e-11,0.0010636921165020346,0.8492738047205085,4.680946421682887e-07,2.270447557487975e-10,1.3114238944937385e-09,8.657482869175308e-05,0.008467258626409561
16462,2300,78,82,43.7044,16.08763,96710400.0,0.0001061235310507131,0.016212982420155574,2.747830928051695e-05,0.016130766033772906,5.4738077102151456e-05,0.10223922694373393,0.09511717022695632,0.007122056716777608,0.20104336797263822,7.454048480580263e-06,2.2662996526159034e-05,0.00021450097304680495,1.0860769803576745e-10,9.02303806882432e-11,1.837731734752436e-11,6.313214417268348e-10,6.073107621670445e-10,2.4010679559790402e-11,0.0010634847385392584,0.8529027988551051,4.6145481552798405e-07,2.2669351315219102e-10,1.3171204969599153e-09,8.663192759042798e-05,0.008463279873039372
16463,2300,78,82,43.7048,16.08332,96710400.0,0.00010582096927746761,0.016208097898406368,2.74569637430051e-05,0.016125911766195558,5.4729168467804855e-05,0.10190381391698512,0.09478361659104975,0.007120197325935397,0.20093495833410077,7.4305145377974594e-06,2.264676717896335e-05,0.00021428084891976794,1.0860423689580279e-10,9.01780346128788e-11,1.8426202282924093e-11,6.274346308253121e-10,6.036118548524447e-10,2.382277597286779e-11,0.0010629821673810629,0.8528056628136137,4.5767924978961447e-07,2.2626533108334828e-10,1.3185344051528951e-09,8.656697837398413e-05,0.008459235353764524
16464,2300,78,82,43.72871,16.10884,96710400.0,0.00010683786982119778,0.01621011472215315,2.7524250145783925e-05,0.016127842257131066,5.4748214876298326e-05,0.10298759860247604,0.0958691346281862,0.00711846397428985,0.20098986460822743,7.514342161441258e-06,2.267356490749864e-05,0.00021474027177307452,1.0860544173359738e-10,9.036512456137081e-11,1.8240317172226673e-11,6.416208523289521e-10,6.171176746513505e-10,2.450317767760174e-11,0.0010641523704764061,0.8493634784626665,4.715436688392955e-07,2.2743727522347104e-10,1.3101383998051366e-09,8.663440509784519e-05,0.008470957966559643
16465,2300,78,82,43.70581,16.07922,96710400.0,0.00010551044137264424,0.01620307072385214,2.7435054316933988e-05,0.01612091565032408,5.472001921112992e-05,0.10155950401840147,0.09444121894647792,0.007118285071923585,0.20082348375881615,7.4063627073548326e-06,2.2630102559535512e-05,0.00021405485425051902,1.0860067823107096e-10,9.012431310070862e-11,1.8476365130362442e-11,6.234457897070604e-10,5.998158502308715e-10,2.3629939476189193e-11,0.0010624661442448183,0.8527057556558549,4.5380468717023235e-07,2.2582559480682092e-10,1.3199839232133815e-09,8.650026778119194e-05,0.0084550836820496
16466,2300,78,82,43.70658,16.07501,96710400.0,0.00010520139944598406,0.016198073159452035,2.7413250479085356e-05,0.016115948992837803,5.4710916135143336e-05,0.10121686776769886,0.09410048425441142,0.007116383513287453,0.20071262588773908,7.382325765045237e-06,2.2613520836656026e-05,0.00021382997065121136,1.0859713912434352e-10,9.007084756468744e-11,1.8526291559656176e-11,6.194759157770885e-10,5.960378957011662e-10,2.3438020075922507e-11,0.0010619526773417009,0.8526064110348838,4.4994850362148184e-07,2.2538807374655747e-10,1.3214271440008835e-09,8.64338967124706e-05,0.008450952140140165
16467,2300,78,82,43.70812,16.07118,96710400.0,0.00010488951285886553,0.01619301168990253,2.73912435419875e-05,0.016110918724825552,5.470172153499353e-05,0.10087099376969537,0.09375653429809533,0.007114459471600054,0.20060047916971246,7.358069780773801e-06,2.2596776324801903e-05,0.00021360292158704574,1.085935592889742e-10,9.00168934335021e-11,1.8576665855472218e-11,6.154698892767536e-10,5.922255368326675e-10,2.324435244408618e-11,0.0010614342039614358,0.8525058797187463,4.460573470053463e-07,2.2494616776854323e-10,1.3228815887726111e-09,8.636684929445995e-05,0.008446781721446755
16468,2300,78,82,43.70985,16.06757,96710400.0,0.00010458562135159251,0.016188074599295773,2.7369800023575224e-05,0.0161060120389568,5.469276031539712e-05,0.10053396095345626,0.09342137769504542,0.007112583258410869,0.20049112677895972,7.334436251935213e-06,2.2580458004795867e-05,0.00021338166419784124,1.0859006877622384e-10,8.996432345607952e-11,1.8625745320144427e-11,6.115666722926803e-10,5.885110173918122e-10,2.3055654900868318e-11,0.0010609289374085775,0.8524078438267918,4.422660951569021e-07,2.245154825999839e-10,1.324298131477382e-09,8.630150098809445e-05,0.008442717955663794
16469,2300,78,82,43.71212,16.0646,96710400.0,0.00010430599365422453,0.0161835157956116,2.735006650169506e-05,0.016101481221388235,5.468450772166698e-05,0.10022376355725933,0.09311291113300081,0.007110852424258544,0.20039026697196916,7.312691676545602e-06,2.256543357321505e-05,0.0002131779879842675,1.0858684971529635e-10,8.991595400608103e-11,1.86708957092154e-11,6.079754482732953e-10,5.850934083147712e-10,2.2882039958524296e-11,0.0010604637642735372,0.8523173935691469,4.3877801475298996e-07,2.2411886713125689e-10,1.3255997413284925e-09,8.624131220138004e-05,0.008438977903307313
16470,2300,78,82,43.71412,16.0612,96710400.0,0.0001040080935232173,0.01617866895064976,2.7329044802607122e-05,0.016096664185732856,5.4675720114295885e-05,0.09989334229885982,0.09278433106971228,0.007109011229147573,0.20028296419671435,7.289524971207839e-06,2.2549432953662634e-05,0.00021296105498496898,1.0858342479081035e-10,8.986442187594667e-11,1.8719002914863777e-11,6.041493393721733e-10,5.814522694229149e-10,2.2697069949258575e-11,0.00105996834834941,0.8522211826670401,4.3506171622220333e-07,2.2369653148188834e-10,1.3269875399976287e-09,8.617722635803721e-05,0.0084349939212938
16471,2300,78,82,43.71569,16.05744,96710400.0,0.00010370121355643857,0.016173687541225553,2.730739097663739e-05,0.016091713477650652,5.466667259826733e-05,0.09955301493645116,0.09244589719394473,0.007107117742506454,0.20017259989288083,7.265658507937818e-06,2.253295656112793e-05,0.0002127376443246089,1.08579901879566e-10,8.981133408949275e-11,1.876856779007334e-11,6.002076462664538e-10,5.777011338422689e-10,2.2506512424185144e-11,0.0010594581792433063,0.8521222470523279,4.312330578708648e-07,2.2326169551293024e-10,1.3284185000419629e-09,8.611125088325384e-05,0.008430890392766437
17228,3222,114,131,44.08739,15.58187,135478656.0,0.0001699397883842057,0.029500857490783988,4.194455051081189e-05,0.029395445665345958,6.34672749272124e-05,0.1594740916266028,0.14776486995061724,0.0117092216759854,0.34450868687306696,1.2122747606787282e-05,3.970133313097837e-05,0.0003760299477109538,1.6876375436411017e-10,1.2964646437658115e-10,3.91172899875291e-11,8.526596918274291e-10,8.218409613294083e-10,3.081873049802089e-11,0.0017271587206182301,0.8827744245011804,5.554860561672928e-07,4.141655795950348e-10,2.1134255445788543e-09,0.0001461709436362889,0.01392578576964366
17229,3222,114,131,44.09249,15.5825,135478656.0,0.0001695573377164194,0.02949443541522126,4.191753564225722e-05,0.02938906197257435,6.345590700464664e-05,0.1590489547706018,0.14734215237395698,0.011706802396644634,0.34436793682800426,1.209303035276383e-05,3.9680677946200514e-05,0.0003757503801906096,1.6875926649336683e-10,1.2958034580332368e-10,3.917892069004323e-11,8.477519889553801e-10,8.171705224935906e-10,3.0581466461789635e-11,0.0017265195719737357,0.8826478718023673,5.507208130211205e-07,4.1361938897355906e-10,2.1151842598594695e-09,0.00014608793954847674,0.013920661605827507
17230,3222,114,131,44.09475,15.57525,135478656.0,0.0001697895144136571,0.029498110285636522,4.193390572425789e-05,0.029392713668377406,6.346271153485448e-05,0.15930599689718902,0.1475977880653527,0.011708208831836136,0.34445002717467793,1.2111098650749568e-05,3.969309022954624e-05,0.00037591890557560164,1.687618890630127e-10,1.2962052910609708e-10,3.914135995691569e-11,8.5073620421557e-10,8.200104710975199e-10,3.0725733118050195e-11,0.0017269040819090447,0.8827212954600389,5.536202071511158e-07,4.139464973989756e-10,2.114090826416388e-09,0.0001461375115382942,0.013923761776616255
17231,3222,114,131,44.08935,15.57455,135478656.0,0.0001701855159034195,0.02950476607213204,4.196187859824784e-05,0.02939932970862981,6.347448490397671e-05,0.15974622589776472,0.1480355103525565,0.011710715545208021,0.3445958566700414,1.2141868071183362e-05,3.9714480758496435e-05,0.0003762084114894262,1.68766538753886e-10,1.296889891429098e-10,3.90775496109763e-11,8.558176605712204e-10,8.24846263101154e-10,3.097139747006653e-11,0.0017275659730733716,0.8828524258926089,5.585541103972346e-07,4.145121635889286e-10,2.112270506854643e-09,0.00014622347912305927,0.013929067789228805
17232,3222,114,131,44.09352,15.56962,135478656.0,0.0001701726769951547,0.029504382457346035,4.196094918349301e-05,0.02939894747744915,6.347403071338429e-05,0.15973116700128645,0.14802057940508423,0.011710587596202086,0.34458861252183864,1.2140891225102736e-05,3.971369202973067e-05,0.00037619813046911344,1.687663115899237e-10,1.296868027854911e-10,3.907950880443267e-11,8.556565612254129e-10,8.246929565880999e-10,3.096360463731286e-11,0.0017275418877741129,0.8828456224528776,5.583990417186893e-07,4.144904715232766e-10,2.1123102091407757e-09,0.00014622007871703725,0.013928887822585912
17233,3222,114,131,44.09985,15.56889,135478656.0,0.00016980881848115535,0.029498207556718788,4.193523887841226e-05,0.029392809130501022,6.346318733935076e-05,0.15932639285307662,0.14761812501235302,0.011708267840723414,0.34445372991910284,1.2112626657891836e-05,3.9694004067890166e-05,0.00037593180692125386,1.6876201228261188e-10,1.2962391131530068e-10,3.9138100967311304e-11,8.509888510812253e-10,8.202509096970025e-10,3.073794138422281e-11,0.0017269327928131927,0.8827242331259869,5.538673489385216e-07,4.13969534115575e-10,2.1139759441746907e-09,0.00014614087213617172,0.013924009685097626
17234,3222,114,131,44.10114,15.57467,135478656.0,0.00016940863798936903,0.02949165712706454,4.1906994344395574e-05,0.029386298767156437,6.345136556370135e-05,0.15888234058447598,0.14717655707135505,0.011705783513120783,0.34430899413958127,1.2081510827137045e-05,3.967248743200376e-05,0.0003756401821273966,1.6875739347617307e-10,1.2955469407206903e-10,3.9202699404104126e-11,8.4584995282146e-10,8.153604481853771e-10,3.048950463608293e-11,0.0017262666641765538,0.882594389043669,5.488762563954401e-07,4.1340140606341517e-10,2.1158356827895254e-09,0.00014605463894730902,0.013918655984183166
17235,3222,114,131,44.10461,15.56565,135478656.0,0.00016969789336480093,0.02949620338702459,4.192738457703511e-05,0.029390816173357866,6.345982908968214e-05,0.1592024242440533,0.14749489744871233,0.011707526795340742,0.3444107852426781,1.2104025023838058e-05,3.968793298823321e-05,0.00037584996718275,1.6876064619098506e-10,1.2960476244164555e-10,3.915588374933956e-11,8.495685088380352e-10,8.188992379757631e-10,3.066927086227207e-11,0.0017267452012148727,0.882685375978977,5.524893767999551e-07,4.1380829118825847e-10,2.1144697497789256e-09,0.00014611628069716794,0.013922516789895407
17236,3222,114,131,44.10596,15.57163,135478656.0,0.00016927804278952344,0.029489331589915565,4.1897751819838483e-05,0.029383986411596046,6.344742649967429e-05,0.15873654829968525,0.14703162777562337,0.01170492052406169,0.3442589443468243,1.2071379680845658e-05,3.966535908833886e-05,0.00037554401137804657,1.6875580063214626e-10,1.2953214284129953e-10,3.922365779084682e-11,8.441770049867006e-10,8.137683829122292e-10,3.04086220744714e-11,0.0017260463398196715,0.8825491588818292,5.472529392619444e-07,4.1321225002654e-10,2.1164209699258267e-09,0.00014602581110013604,0.013916899967027713
17237,3222,114,131,44.10936,15.56287,135478656.0,0.00016957658658448121,0.029494029642242365,4.191879759127551e-05,0.02938865468034183,6.345616430924862e-05,0.15906693751164344,0.14736021611135272,0.011706721400290531,0.34436409114932465,1.2094616124396078e-05,3.968130391800117e-05,0.00037576056389636064,1.6875916043970582e-10,1.2958381783178065e-10,3.917534260792526e-11,8.480148431563145e-10,8.174206882428203e-10,3.059415491349427e-11,0.0017265403342242663,0.8826431558189342,5.50981912997818e-07,4.136323167989737e-10,2.1150118428988214e-09,0.00014608945346987397,0.013920885023541616
17238,3222,114,131,44.11309,15.56261,135478656.0,0.00016937856677398493,0.029490654315726162,4.190480349230168e-05,0.02938529925552354,6.345025671031893e-05,0.15884658114577244,0.14714112632655205,0.011705454819220211,0.34429046303064753,1.20792357551633e-05,3.9670580893349384e-05,0.0003756155457954276,1.6875681391885322e-10,1.29549593840336e-10,3.9207220078517325e-11,8.454748945293161e-10,8.150035353512943e-10,3.04713591780218e-11,0.0017262086196216664,0.8825768678738717,5.485160980367763e-07,4.1334851536595135e-10,2.115916668114801e-09,0.00014604629339201984,0.01391822953324057
17239,3222,114,131,44.10926,15.55639,135478656.0,0.00016995995709167833,0.029500254729135676,4.194584895812139e-05,0.029394841412352775,6.346746782477078e-05,0.15949210185545581,0.14778301444252323,0.01170908741293243,0.344501994740859,1.2124431105446808e-05,3.970188825234087e-05,0.00037603967110857723,1.6876356237797382e-10,1.2965013746600616e-10,3.911342491196775e-11,8.529389678131747e-10,8.221067605713431e-10,3.0832207241831615e-11,0.0017271776962284537,0.8827667825320937,5.557648134994962e-07,4.141755775805707e-10,2.113224448654469e-09,0.00014617188097342722,0.013926011462984481
17240,3222,114,131,44.11719,15.56023,135478656.0,0.00016929279530263682,0.029489083297804558,4.1898727393478286e-05,0.029383736919632943,6.344765077812944e-05,0.15875062410196003,0.1470457482163184,0.011704875885641456,0.3442569369686071,1.2072587282874625e-05,3.966587441078563e-05,0.0003755521505614687,1.6875574789860906e-10,1.2953479142977732e-10,3.922095646883183e-11,8.443770959443193e-10,8.139588135549329e-10,3.04182823893864e-11,0.0017260632331815363,0.8825464978886631,5.474512199882314e-07,4.1322341042156814e-10,2.1162960436308154e-09,0.00014602720047032663,0.013917074162117444
17241,3222,114,131,44.12081,15.55512,135478656.0,0.00016940936615649673,0.02949081489683388,4.190693124401014e-05,0.029385456947413482,6.345101817638015e-05,0.15887914785085377,0.14717359738559896,0.011705550465254691,0.34429645146678267,1.2081673004530228e-05,3.9672041966320375e-05,0.00037563615844078745,1.6875701296663062e-10,1.2955498904416605e-10,3.920202392246462e-11,8.458778721412272e-10,8.153870403556504e-10,3.0490831785576754e-11,0.001726254511765216,0.8825816367882715,5.489102523534876e-07,4.133853777364362e-10,2.1157339949473952e-09,0.0001460516748626117,0.013918625322707403
17242,3222,114,131,44.10326,15.55993,135478656.0,0.00017010426255120763,0.029502856376330898,4.1956066074686984e-05,0.029397428476026288,6.347183422991567e-05,0.15965334956995378,0.14794329967735736,0.011710049892596277,0.3445577781995143,1.2135621897825382e-05,3.970978308792105e-05,0.0003761461085957243,1.6876533699932845e-10,1.296750498637132e-10,3.909028713561531e-11,8.547868515515271e-10,8.238653032165377e-10,3.0921548334989404e-11,0.0017274216510664508,0.8828172472110564,5.575576186649811e-07,4.1438523034948717e-10,2.1125813956353643e-09,0.00014620385206116427,0.01392795334404681
17243,3222,114,131,44.0985,15.56155,135478656.0,0.00017030138027522175,0.029506259910243905,4.197000226520414e-05,0.029400812174238733,6.347773373995894e-05,0.15987290623555492,0.14816158340968394,0.011711322825870799,0.3446317243431887,1.2150926814964766e-05,3.972048199152052e-05,0.0003762906984504148,1.6876769267523797e-10,1.297091093218649e-10,3.905858335337314e-11,8.573142818686356e-10,8.262705418512144e-10,3.1043740017421145e-11,0.0017277525364677842,0.8828838959310598,5.600109292449749e-07,4.146686095248495e-10,2.111685708436215e-09,0.0001462469747735424,0.01393059879877065
17244,3222,114,131,44.09611,15.58181,135478656.0,0.0001693501637351699,0.02949092034468287,4.190289680015043e-05,0.029385567714540244,6.34497333424681e-05,0.15881848795905687,0.14711300616420697,0.01170548179484974,0.344291149255955,1.207693695771781e-05,3.966946845538417e-05,0.000375598744983097,1.6875681891456775e-10,1.2954453646196787e-10,3.9212282452599974e-11,8.450942679735686e-10,8.146412906093016e-10,3.045297736426696e-11,0.0017261727776035772,0.8825787672104135,5.481405317591173e-07,4.1332279325954785e-10,2.116132788938618e-09,0.00014604284377373394,0.013917884126700518
17245,3222,114,131,44.11598,15.55532,135478656.0,0.00016965208622863714,0.029494965537362063,4.19240861128202e-05,0.02938958318613554,6.345826511369439e-05,0.1591493093214418,0.1474422026402683,0.011707106681173297,0.3443869007319736,1.2100523628000356e-05,3.9685193158538166e-05,0.00037581398373647934,1.6875989527478368e-10,1.2959693598543595e-10,3.9162959289347803e-11,8.489908885257657e-10,8.183495552566752e-10,3.064133326909044e-11,0.0017266613157536125,0.8826630917947689,5.519323010081321e-07,4.1373351073590656e-10,2.114626457755059e-09,0.00014610462662763916,0.01392188088650848
19808,1000,60,57,43.60661,16.47784,42048000.0,8.890902454782943e-05,0.015533998790306853,2.6258718006666745e-05,0.015453553551149498,5.418652115068814e-05,0.08419267958551219,0.0772690972940583,0.006923582291453851,0.19211176273507455,6.125766382381877e-06,2.1245989757711625e-05,0.0001975163343589079,1.111437625677735e-10,9.144436615014426e-11,1.9699396417629304e-11,4.295092653428868e-10,4.1553468678574304e-10,1.3974578557143795e-11,0.0010272706414661515,0.8474545157465652,2.697215879380787e-07,2.0278110551184598e-10,1.3388417070104682e-09,8.10625391298179e-05,0.008136943245673963
19809,1000,60,57,43.61396,16.47391,42048000.0,8.950703353631702e-05,0.015543494785088914,2.630088594943371e-05,0.015462989838522803,5.420406061667997e-05,0.08485487765125262,0.07792766429924655,0.006927213352006039,0.1923236610924035,6.172300431449979e-06,2.1277977075571523e-05,0.00019795056304587944,1.1115053143255578e-10,9.154785871850053e-11,1.9602672714055353e-11,4.3719493011066064e-10,4.2284880074812114e-10,1.4346129362539547e-11,0.0010282614909620875,0.8476440982045145,2.7718855347218053e-07,2.0362424123345617e-10,1.336028931526767e-09,8.1190332299434e-05,0.008144929696968436
19810,1000,60,57,43.61087,16.47417,42048000.0,8.932779899260178e-05,0.0155406670097455,2.6288249883824885e-05,0.015460179948226469,5.4198811635206335e-05,0.0846564903964098,0.07773036023697699,0.006926130159432788,0.19226042632906865,6.158351033408906e-06,2.1268400287529797e-05,0.0001978205143974735,1.111485110329571e-10,9.151683641704346e-11,1.963167461591372e-11,4.3489099281582625e-10,4.2065624302233574e-10,1.4234749793490571e-11,0.0010279648018883133,0.8475875558570682,2.7495002810559913e-07,2.0337190420611894e-10,1.3368740854888886e-09,8.115209734259782e-05,0.008142536875404904
19811,1000,60,57,43.61008,16.47752,42048000.0,8.907984896572872e-05,0.015536683263434778,2.6270759733963048e-05,0.015456220984448734,5.4191519252079366e-05,0.08438170829799911,0.07745709659271847,0.006924611705280584,0.1921718712042886,6.139062552314591e-06,2.125511115609004e-05,0.00019764022419999525,1.1114568333152451e-10,9.147393490965404e-11,1.9671748421870548e-11,4.31705327015865e-10,4.1762458421674837e-10,1.4080742799116677e-11,0.001027553243054101,0.847508243556436,2.7185538583933886e-07,2.0302139020391057e-10,1.3380349879542623e-09,8.109894121823282e-05,0.008139223288001124
19812,1000,60,57,43.6166,16.46489,42048000.0,9.019156887970175e-05,0.01555448372502648,2.6349171148776166e-05,0.015473910364618178,5.422418925952399e-05,0.08561344684297233,0.07868204396198339,0.006931402880988898,0.1925680027540715,6.225552823990954e-06,2.131466015739346e-05,0.0001984482549067056,1.1115833385579415e-10,9.166630216061595e-11,1.949203169517829e-11,4.459900531303225e-10,4.312187348864595e-10,1.477131824386311e-11,0.0010293975685490917,0.8478629204790499,2.8573244971752224e-07,2.045917472201023e-10,1.3328228649153542e-09,8.1337050636158e-05,0.00815407734088963
19813,1000,60,57,43.61365,16.47022,42048000.0,8.97118435022746e-05,0.01554680531973683,2.631533571060022e-05,0.015466279891207593,5.4210092818635174e-05,0.08508194450629653,0.07815347135417391,0.006928473152122571,0.19239710726048742,6.188230508853466e-06,2.1288965367206275e-05,0.00019809959125752441,1.1115287621553932e-10,9.158329198531533e-11,1.9569584230224083e-11,4.398258989499062e-10,4.2535257819150964e-10,1.4473320758396643e-11,0.0010286017554361768,0.8477099139322191,2.7974418778212437e-07,2.03914168059343e-10,1.3350723021195719e-09,8.123431269611134e-05,0.008147667705207131
19814,1000,60,57,43.61845,16.47441,42048000.0,8.976368609602354e-05,0.015547542308923613,2.631897977411598e-05,0.01546701175304462,5.421157610487265e-05,0.08513894785329511,0.07821018390291651,0.006928763950378578,0.19241418421549542,6.192275296096971e-06,2.1291689483223075e-05,0.00019813677559088927,1.111534237559941e-10,9.159228102804528e-11,1.9561142727948868e-11,4.4049405932406894e-10,4.259884397318873e-10,1.4505619592181699e-11,0.0010286863048371776,0.8477250378530096,2.803940293528118e-07,2.039855385376193e-10,1.3348185319309624e-09,8.12450762359892e-05,0.008148355987405485
19815,1000,60,57,43.61115,16.47022,42048000.0,8.959218107038661e-05,0.01554492634463587,2.6306900686453343e-05,0.015464412851652058,5.4206592297358656e-05,0.08494953698642026,0.0780217845218269,0.006927752464593333,0.19235502375026206,6.178916362458521e-06,2.128257668098481e-05,0.00019801281445964574,1.1115153140305162e-10,9.156257878561696e-11,1.9588952617434715e-11,4.382875261368953e-10,4.238885749186197e-10,1.4398951218275729e-11,0.0010284038165700548,0.8476723003910093,2.7824941959190435e-07,2.0374587864200298e-10,1.3356375807845692e-09,8.120881851927951e-05,0.008146070607349072
19816,1000,60,57,43.60867,16.47517,42048000.0,8.916522879415253e-05,0.01553808961973846,2.6276786978157622e-05,0.015457618787492525,5.4194045267776754e-05,0.0844764895353264,0.07755134534282596,0.00692514419250041,0.1922028830043221,6.145700129878002e-06,2.1259706794493556e-05,0.0001977024902364588,1.1114667277619989e-10,9.148870089539362e-11,1.965797188080633e-11,4.328015365996749e-10,4.186677980168881e-10,1.4133738582786818e-11,0.0010276955014946658,0.8475360800439294,2.729199952055645e-07,2.0314277799366702e-10,1.337639219434285e-09,8.11173715100383e-05,0.008140365934040286
19817,1000,60,57,43.63446,16.46248,42048000.0,9.151675163474e-05,0.015575492391258508,2.6442610337909605e-05,0.015494786739202605,5.4263041717992076e-05,0.08708071102505244,0.08014127130643993,0.006939439718612484,0.19303705229091342,6.328676123279326e-06,2.1385524273605912e-05,0.0001994103186336946,1.1117331794942418e-10,9.18956476010852e-11,1.927767034833905e-11,4.630221672088946e-10,4.4742746036920874e-10,1.5594706839685946e-11,0.001031592744607319,0.848282510831206,3.0228018356790225e-07,2.064594420159642e-10,1.3265858223791589e-09,8.162011358864367e-05,0.00817177362193315
19818,1000,60,57,43.63193,16.4634,42048000.0,9.128133302053179e-05,0.01557174696122891,2.6426009098137697e-05,0.015491064818268152,5.425613386262026e-05,0.08681998963196444,0.07988198134001799,0.006938008291946447,0.1929535271416935,6.310357913625564e-06,2.1372927755682687e-05,0.00019923933747993653,1.1117064999691583e-10,9.185490702170909e-11,1.931574297520683e-11,4.599967013303554e-10,4.445482558443852e-10,1.5448445485970283e-11,0.00103120256455673,0.8482077692732077,2.9934086617674946e-07,2.0612738166163473e-10,1.3276923084748245e-09,8.15697790914043e-05,0.008168629252592095
19819,1000,60,57,43.63308,16.4661,42048000.0,9.124851786868431e-05,0.015571193351485364,2.6423690813991295e-05,0.015490514503317425,5.4255157353948266e-05,0.08678349981826172,0.07984569982388938,0.006937799994372327,0.19294141176894328,6.307808423445015e-06,2.1371154028788302e-05,0.00019921533617922512,1.1117026375212535e-10,9.184923440590803e-11,1.93210293462174e-11,4.595756651780478e-10,4.441475748510492e-10,1.54280903269987e-11,0.0010311476837440337,0.8481968715142227,2.989320725715557e-07,2.0608046569005395e-10,1.3278429132890285e-09,8.156264771862916e-05,0.008168189465407672
19820,1000,60,57,43.63081,16.46807,42048000.0,9.098369295842749e-05,0.015566968019910971,2.6405014286065666e-05,0.015486315624198608,5.424738142629904e-05,0.0864901550668612,0.07955396865318723,0.006936186413673957,0.19284727266452775,6.287203564109738e-06,2.13569772304366e-05,0.00019902293336557312,1.1116725705388608e-10,9.180340727959452e-11,1.936384977429164e-11,4.56172548458504e-10,4.4090897673536905e-10,1.5263571723135025e-11,0.0010307085773866743,0.8481126105892511,2.9562595478023206e-07,2.0570668660281236e-10,1.3290862236189726e-09,8.150598184905852e-05,0.008164651760456516
19821,1000,60,57,43.59827,16.48626,42048000.0,8.82052073736053e-05,0.015522814890644828,2.620908807920393e-05,0.015442439927553283,5.416587501233857e-05,0.08341327984602655,0.07649397322620789,0.006919306619818642,0.1918622562945843,6.070999829426846e-06,2.1208338401198266e-05,0.00019700523454021805,1.1113579253596469e-10,9.1322563748281e-11,1.9813228787683743e-11,4.204639126026045e-10,4.0692661693110786e-10,1.3537295671496602e-11,0.0010261043558034632,0.8472312719956389,2.6093368728283476e-07,2.0178863572381233e-10,1.3421512676684688e-09,8.091210671034541e-05,0.008127543352663772
19822,1000,60,57,43.60315,16.48099,42048000.0,8.859434871328677e-05,0.01552899326004334,2.6236527824250247e-05,0.015448579444187932,5.417728803115614e-05,0.08384418641618283,0.07692251722487858,0.0069216691913042165,0.19200013040832173,6.1012809660110946e-06,2.1229152917603303e-05,0.00019728779438563478,1.1114019679826867e-10,9.138990947220905e-11,1.9750287326059702e-11,4.2546521224192834e-10,4.1168613700110345e-10,1.3779075240824891e-11,0.0010267491148083997,0.8473546243219457,2.657926801564703e-07,2.0233726912300128e-10,1.3403208067276748e-09,8.09952618910886e-05,0.00813274031751185
20538,3000,91,101,43.62729,16.82008,126144000.0,0.00012332695627478233,0.019143118730667655,3.083043247131681e-05,0.01905552727448501,5.676102371131967e-05,0.11857158206641798,0.11042916219937077,0.008142419867047206,0.2337748954927941,8.713566208910605e-06,2.6549964684458288e-05,0.0002524651411632775,1.2205782567345485e-10,9.99102592729591e-11,2.2147566400495833e-11,7.209473114341725e-10,6.934086269270512e-10,2.753868450712108e-11,0.0012133558157739097,0.8695029937151171,5.229900338348211e-07,2.730944421429431e-10,1.4801645631296706e-09,0.00010056763626965914,0.009648017291898719
20539,3000,91,101,43.61868,16.82597,126144000.0,0.0001227642655496101,0.019134291393607592,3.0790769410413015e-05,0.01904675605750612,5.674456669104905e-05,0.1179489983015375,0.10980996505520958,0.008139033246327915,0.2335771284157996,8.669767123663665e-06,2.65199277071022e-05,0.00025205713284713735,1.2205150567210021e-10,9.981285761272505e-11,2.2238648059375257e-11,7.137132160577885e-10,6.865242491279012e-10,2.7188966929887183e-11,0.0012124251727199857,0.8693262476027305,5.159609203116076e-07,2.7230325570334666e-10,1.4828236265290423e-09,0.00010044778452303701,0.009640507618871658
20540,3000,91,101,43.62375,16.83774,126144000.0,0.00012361785130138729,0.019147911224949174,3.085096783844604e-05,0.01906029062668173,5.676963042898771e-05,0.11889451275283931,0.11075027840318083,0.00814423434965848,0.23388056895519724,8.736180782113645e-06,2.656562287833804e-05,0.00025267729090342546,1.2206119720858365e-10,9.996056782951772e-11,2.210062937906601e-11,7.246821534523988e-10,6.969629095797761e-10,2.7719243872622527e-11,0.001213840514909552,0.869597848867268,5.266172047233099e-07,2.73508037587213e-10,1.4788162604183846e-09,0.00010063043299435981,0.009651910411078636
20541,3000,91,101,43.6207,16.8466,126144000.0,0.00012368961514266775,0.019149156150912113,3.085604230968003e-05,0.019061528327851428,5.6771780750992404e-05,0.1189744730858374,0.11082977368713896,0.00814469939869843,0.23390757741213491,8.741752061840243e-06,2.6569521283723336e-05,0.000252729962146128,1.2206205747770436e-10,9.997296656597266e-11,2.2089090911731803e-11,7.256021782202515e-10,6.978384544809239e-10,2.776372373932742e-11,0.0012139610699903622,0.8696222018235241,5.275102018196416e-07,2.736113224456286e-10,1.4784908405387772e-09,0.00010064615375214337,0.00965287380600664
20542,3000,91,101,43.6222,16.85516,126144000.0,0.00012414920979008184,0.019156525056134084,3.088845961395864e-05,0.01906885130536868,5.678529115143859e-05,0.1194837315021909,0.11133622178009212,0.008147509722098767,0.23407149215694248,8.777506648940782e-06,2.659414505340788e-05,0.0002530640625772502,1.2206729188557806e-10,1.0005249086790978e-10,2.201480101766833e-11,7.315073895326361e-10,7.034581862057504e-10,2.804920332688553e-11,0.001214723687227702,0.8697689810112184,5.332468074410534e-07,2.742607222029189e-10,1.4763372592186163e-09,0.00010074462693497907,0.009659015075125902
20543,3000,91,101,43.62728,16.85983,126144000.0,0.0001247545363139171,0.01916614136890106,3.093114409694138e-05,0.019078407177785552,5.680304701855983e-05,0.12015405185158409,0.11200286549148149,0.008151186360102581,0.23428604518206034,8.824609602573474e-06,2.662652612170614e-05,0.0002535036266716512,1.2207414545361e-10,1.0015724900744897e-10,2.1916896446161123e-11,7.392870103445203e-10,7.108617139531354e-10,2.842529639138464e-11,0.0012157267257188297,0.869960945948795,5.40805022296673e-07,2.751142572570894e-10,1.4734905394165053e-09,0.00010087399890050877,0.009667099447507169
20544,3000,91,101,43.62832,16.86825,126144000.0,0.0001251803552318135,0.019172979020921826,3.096118042440128e-05,0.019085202271517283,5.681556898013154e-05,0.12062593293016831,0.11247213991618107,0.008153793013987224,0.23443806805834455,8.857735304196796e-06,2.6649346122151717e-05,0.00025381322883957026,1.2207899986856436e-10,1.00230927011704e-10,2.1848072856860424e-11,7.44758022462652e-10,7.160682369943107e-10,2.868978546834109e-11,0.001216433459014163,0.8700970947628132,5.461197431572913e-07,2.7571613799750366e-10,1.4714964095666654e-09,0.00010096527286086813,0.009672789879887577
20545,3000,91,101,43.6183,16.92188,126144000.0,0.00012688647920436287,0.019200786687978085,3.1081581782565546e-05,0.01911283918796409,5.686591823141702e-05,0.12251854023604429,0.11435418876782999,0.008164351468214296,0.2350533432840434,8.990408855590955e-06,2.6741012137859474e-05,0.0002550559016082938,1.2209863728391186e-10,1.0052605046552847e-10,2.1572586818383475e-11,7.666697246671062e-10,7.36920635132977e-10,2.974908953412911e-11,0.0012192715553038648,0.8706488554352574,5.674021791366912e-07,2.7813590331301275e-10,1.4635538903956876e-09,0.0001013324821713485,0.00969560912907647
20546,3000,91,101,43.62991,16.93006,126144000.0,0.0001281220849283076,0.019220381413315245,3.116870568363921e-05,0.019132310560551157,5.690214708043788e-05,0.12388665210855503,0.1157148053471955,0.008171846761359493,0.23549077931984472,9.086560672739785e-06,2.6807089619773306e-05,0.0002559529665399445,1.221126113180439e-10,1.0073989185639312e-10,2.1372719461650862e-11,7.825504023245212e-10,7.520335882677856e-10,3.051681405673547e-11,0.0012213184426698267,0.8710401768447624,5.828311729560926e-07,2.7987747250337824e-10,1.4577391558979174e-09,0.00010159643371545784,0.00971210950401293
20547,3000,91,101,43.63132,16.94056,126144000.0,0.0001287482663729203,0.019230441284600303,3.121287579436292e-05,0.019142307845645728,5.692056316020234e-05,0.12458059235228792,0.11640491106242014,0.008175681289867773,0.23571440719425713,9.135272560995656e-06,2.6840649981279242e-05,0.0002564082731883182,1.2211975211940848e-10,1.0084823694639571e-10,2.127151517301284e-11,7.905956090285015e-10,7.596898596243182e-10,3.090574940418336e-11,0.0012223577945811807,0.8712404624015774,5.906465117994965e-07,2.807626561780842e-10,1.4548072791944278e-09,0.0001017306730161957,0.009720477711861374
20548,3000,91,101,43.63028,16.94472,126144000.0,0.00012888706664602567,0.019232710376064308,3.122267185952805e-05,0.01914456304197736,5.692466222741332e-05,0.12473459577374099,0.11655805361226221,0.00817654216147876,0.23576456467376486,9.146065262464642e-06,2.6848111263189272e-05,0.0002565094061567407,1.2212135281104505e-10,1.0087224511540205e-10,2.1249107695643058e-11,7.923780687227409e-10,7.613861475215411e-10,3.099192120119973e-11,0.0012225887922492889,0.8712854541658542,5.923777273889181e-07,2.8095965041678516e-10,1.4541619074317445e-09,0.0001017605719470108,0.009722334475288903
20549,3000,91,101,43.63532,16.93509,126144000.0,0.00012875992697450314,0.019230513522707295,3.1213682891858114e-05,0.019142378983423455,5.6920856391973304e-05,0.12459297565409948,0.11641725497027518,0.008175720683824285,0.23571684595933393,9.13619388598549e-06,2.6841209633405337e-05,0.0002564161381165171,1.2211983268856633e-10,1.0085027729846374e-10,2.126955539010268e-11,7.907479270202238e-10,7.598348170379616e-10,3.0913109982262125e-11,0.0012223753483133245,0.8712424419021026,5.907954042978907e-07,2.807768407848406e-10,1.4547394362935597e-09,0.00010173275224254109,0.00972062809842618
20550,3000,91,101,43.63987,16.92686,126144000.0,0.0001286929627532036,0.01922930156792514,3.120894106394406e-05,0.01914117379869596,5.691882816522851e-05,0.12451812757460973,0.1163428548244877,0.008175272750122028,0.2356908898577407,9.131001432746592e-06,2.683754342313622e-05,0.0002563667214178012,1.221190070565119e-10,1.0083871775067305e-10,2.1280289305838928e-11,7.898905274822413e-10,7.590188709959292e-10,3.087165648631198e-11,0.001222262069175742,0.8712189529549452,5.899635984142078e-07,2.806794591180264e-10,1.455037303933104e-09,0.00010171789914374557,0.009719726757238003
20551,3000,91,101,43.64815,16.9157,126144000.0,0.0001288015311781548,0.019230813030746176,3.121656815748471e-05,0.01914267454192747,5.692192066121815e-05,0.12463735403529026,0.11646148117960985,0.008175872855680406,0.2357261735110792,9.139475946738525e-06,2.684323013029684e-05,0.00025644442233013374,1.2212013917137445e-10,1.0085754886543284e-10,2.1262590305941702e-11,7.912904788696774e-10,7.603511496560007e-10,3.0939329213676455e-11,0.001222438632309659,0.8712501397538148,5.913254239322296e-07,2.8082828479043096e-10,1.4545021846311064e-09,0.0001017403233908299,0.009721166642771303
20677,3000,80,90,44.15836,15.67781,126144000.0,9.556870584692742e-05,0.015451712941848555,2.628627926258285e-05,0.01537128704016888,5.4139622417088076e-05,0.09098099744364396,0.08412541253629603,0.006855584907347974,0.1901312165858017,6.684646418859963e-06,2.1359016677275964e-05,0.0002010473069030554,1.0683078981196662e-10,8.821105347252464e-11,1.8619736339442087e-11,5.256200384114399e-10,5.065692740241123e-10,1.9050764387327638e-11,0.0010223200184704228,0.8312478992143578,3.649328032149459e-07,2.0758264862930738e-10,1.2999888991681732e-09,8.182171976216555e-05,0.008038969775300733
20678,3000,80,90,44.15769,15.6725,126144000.0,9.589751891344349e-05,0.015457036509754211,2.6309478855823973e-05,0.015376577720317787,5.4149310580597616e-05,0.09134558347209128,0.08448797360570465,0.00685760986638666,0.1902492608295889,6.71022036247971e-06,2.1376662789524402e-05,0.00020128661105578004,1.0683455819519078e-10,8.826793825480462e-11,1.8566619940386264e-11,5.298437508191854e-10,5.105887953099648e-10,1.9254955509220436e-11,0.0010228664330038672,0.8313536949830516,3.690355051670531e-07,2.08048285831644e-10,1.2984540703996134e-09,8.189235991085438e-05,0.008043365932166908
20679,3000,80,90,44.15432,15.67071,126144000.0,9.621325448493865e-05,0.015462206034057716,2.6331763491231045e-05,0.015381715632225006,5.4158638341472955e-05,0.09169593943617523,0.08483636910304558,0.00685957033312969,0.19036347508540136,6.7347700548811255e-06,2.1393639812022085e-05,0.00020151670521946445,1.068382029679815e-10,8.832254921063963e-11,1.851565375734196e-11,5.338982244678377e-10,5.144472579887769e-10,1.9450966479060776e-11,0.0010233920181975161,0.8314561602320005,3.729733526216912e-07,2.0849655607039013e-10,1.2969869234537946e-09,8.196040134629701e-05,0.008047589974453833
20680,3000,80,90,44.15258,15.67456,126144000.0,9.612894060892163e-05,0.015460881197774667,2.632582006988221e-05,0.015380399206217655,5.4156171487123446e-05,0.09160264111584951,0.08474357883192131,0.006859062283928242,0.19033380942610625,6.728207441663797e-06,2.138913783932802e-05,0.00020145555760871345,1.0683725499968252e-10,8.830795491848368e-11,1.852930008119894e-11,5.328143103851658e-10,5.134157435769489e-10,1.9398566808217014e-11,0.0010232525366126006,0.8314296439072311,3.719201690521605e-07,2.083779614595129e-10,1.29738511223411e-09,8.194243486524925e-05,0.008046464619685015
20681,3000,80,90,44.14957,15.67191,126144000.0,9.64726264043617e-05,0.015466494316956654,2.6350075552726195e-05,0.01538597792248445,5.416631891947253e-05,0.09198394631652779,0.08512275392022628,0.00686119239630155,0.19045792401091122,6.754932109022551e-06,2.1407609776546138e-05,0.00020170594583993406,1.0684121603340228e-10,8.836740303982984e-11,1.847381299357254e-11,5.372280079430172e-10,5.176160640829402e-10,1.9611943860077183e-11,0.0010238244292239277,0.8315409664162241,3.762070204330553e-07,2.0886563412702868e-10,1.2957864723068331e-09,8.201644833607682e-05,0.00805106192795177
20682,3000,80,90,44.15162,15.66687,126144000.0,9.659588325673788e-05,0.015468441547143903,2.635876553181292e-05,0.01538791285192014,5.4169929691945006e-05,0.0921203864311919,0.08525844841334829,0.006861938017843644,0.19050144875628736,6.764524573701703e-06,2.1414197069274723e-05,0.00020179539223407375,1.0684260662075244e-10,8.838873608476744e-11,1.84538705359851e-11,5.38812333566009e-10,5.191237983574812e-10,1.9688535208527947e-11,0.0010240284986334036,0.8315798894477484,3.7774634386657773e-07,2.0903921462188721e-10,1.2952055735194172e-09,8.204275147605025e-05,0.008052707558287181
20683,3000,80,90,44.15373,15.66289,126144000.0,9.667512100069535e-05,0.015469676380822578,2.636434975571513e-05,0.015389139787460782,5.417224360607786e-05,0.09220801974368378,0.08534560711209495,0.0068624126315888585,0.19052917485468254,6.770693349183998e-06,2.1418422189702913e-05,0.0002018528038390413,1.0684349285366923e-10,8.840245375141709e-11,1.8441039102252234e-11,5.398312130297998e-10,5.20093422390312e-10,1.973779063948803e-11,0.0010241594224743317,0.831604653630005,3.787364190320073e-07,2.091504646614773e-10,1.2948301791779822e-09,8.205959886354183e-05,0.008053764676468171
20684,3000,80,90,44.15675,15.66607,126144000.0,9.631020534971257e-05,0.015463720035439362,2.6338596454081286e-05,0.015383219968117113,5.416147086816395e-05,0.09180317729977512,0.08494302538583108,0.006860151913944072,0.19039744608448664,6.742317436420818e-06,2.1398811207460692e-05,0.00020158696752207484,1.0683928873721382e-10,8.833933276011535e-11,1.8499955977098562e-11,5.35144800302336e-10,5.156335708419102e-10,1.9511229460425968e-11,0.0010235522582186475,0.831486507864718,3.741846618914741e-07,2.086327378716156e-10,1.296527971974773e-09,8.198102629557955e-05,0.00804888355300658
20685,3000,80,90,44.16205,15.65291,126144000.0,9.677022412709532e-05,0.015471034135279034,2.6371035416276617e-05,0.015390488132733117,5.417496712963601e-05,0.0923126171242628,0.08544966942810994,0.006862947696152899,0.1905605884582437,6.778112632570879e-06,2.1423422747716656e-05,0.00020192104779119836,1.0684449992510153e-10,8.841894264078079e-11,1.842555728432084e-11,5.41056800412806e-10,5.21259764797946e-10,1.9797035614860264e-11,0.0010243146153092189,0.8316324857062598,3.7992835839213625e-07,2.0928150631151097e-10,1.2943653130719037e-09,8.207936525066912e-05,0.008055027575426288
20686,3000,80,90,44.16145,15.64825,126144000.0,9.708407415361408e-05,0.015476114266739565,2.639317912540083e-05,0.015395536873702776,5.418421391138135e-05,0.09266060668880485,0.08579572651031998,0.006864880178484907,0.19067324324836363,6.802522948617494e-06,2.144026518202979e-05,0.0002021494558192835,1.0684809628571534e-10,8.847323904530152e-11,1.83748572404139e-11,5.450883333051019e-10,5.250963973246726e-10,1.9991935980429582e-11,0.0010248361461038641,0.8317334491507844,3.8384439633102014e-07,2.0972593053363693e-10,1.2929001926403934e-09,8.214678651791694e-05,0.00805922362394433
20687,3000,80,90,44.16461,15.64613,126144000.0,9.705724449032356e-05,0.015475612895351806,2.6391277163276622e-05,0.015395038223720847,5.418339446767721e-05,0.0926305443297404,0.08576584801163284,0.006864696318107601,0.1906626069734355,6.800444509321485e-06,2.143878732957088e-05,0.00020212957247683517,1.0684775829952045e-10,8.846861076047885e-11,1.8379147539041695e-11,5.447451537852294e-10,5.247698102444131e-10,1.9975343540816486e-11,0.0010247905129440976,0.8317237979835468,3.8351158841262317e-07,2.0968659843176382e-10,1.2930177176215389e-09,8.214077781595833e-05,0.008058861748496703
20688,3000,80,90,44.16692,15.6429,126144000.0,9.715276061589231e-05,0.015477104944997757,2.6398009068467752e-05,0.01539652075065659,5.418618527269436e-05,0.09273619734438995,0.08587092792595692,0.0068652694184330575,0.19069608204622784,6.8078801439815385e-06,2.144388245272688e-05,0.00020219879741170677,1.0684882820730707e-10,8.848514584682777e-11,1.836368236047939e-11,5.459732721585367e-10,5.259385579099567e-10,2.0034714248580122e-11,0.001024948388727845,0.8317537034076677,3.8470495874942144e-07,2.0982077398686132e-10,1.2925656101735341e-09,8.216109920109406e-05,0.008060136205316055
20689,3000,80,90,44.16656,15.63707,126144000.0,9.754031066767659e-05,0.015483369614284039,2.642535156075479e-05,0.015402746662918604,5.419759980467634e-05,0.09316586439406664,0.08629821103527292,0.006867653358793765,0.19083506502025654,6.838023666478711e-06,2.1464675152064376e-05,0.00020248079666827025,1.0685326525753501e-10,8.855219410155711e-11,1.8301071155978e-11,5.509516950044723e-10,5.306763041789319e-10,2.0275390825540686e-11,0.0010255922567685158,0.8318782478125315,3.8954082792647105e-07,2.1036939246232174e-10,1.2907554743578982e-09,8.224432198972123e-05,0.008065317195828346
20690,3000,80,90,44.15926,15.65616,126144000.0,9.672856169579459e-05,0.015470421364570847,2.6368104177585387e-05,0.01538987949413621,5.4173766257047496e-05,0.09226671131269629,0.08540400301391612,0.006862708298780208,0.19054655747307545,6.774864640796394e-06,2.1421221925533604e-05,0.00020189105590997519,1.0684405056849608e-10,8.841172280430679e-11,1.843232776418941e-11,5.405202902225374e-10,5.207491900194974e-10,1.9771100203040356e-11,0.001024246347819531,0.8316200198641869,3.794067221109437e-07,2.0922374109068734e-10,1.2945668916926667e-09,8.20706404006945e-05,0.008054473479203447
21042,3000,80,90,45.05423,14.93336,126144000.0,9.887999228132995e-05,0.015427688255576666,2.6498812728712416e-05,0.015347005582270846,5.4183860577104295e-05,0.09439016059599417,0.08755261549419019,0.0068375451018040205,0.18975992039190784,6.964275018089329e-06,2.1409787900850877e-05,0.000202181204447227,1.0681700078339117e-10,8.883443706510556e-11,1.79825637182857e-11,5.732702903297101e-10,5.519392902306782e-10,2.1331000099031896e-11,0.0010253649197394471,0.8184564342372929,4.117088183808302e-07,2.10807721620992e-10,1.267187229980791e-09,8.183348871991191e-05,0.008074531903644969
21043,3000,80,90,45.04818,14.93577,126144000.0,9.82915310808241e-05,0.015418329561265078,2.6457316119187363e-05,0.015337705650181643,5.41665949642431e-05,0.09373846812190785,0.08690450008800399,0.006833968033903899,0.1895511906162913,6.918485698576634e-06,2.137830317095581e-05,0.0002017538323256625,1.0681033347335899e-10,8.87325996872166e-11,1.8077733786142496e-11,5.657076457204191e-10,5.447422495980705e-10,2.096539612234861e-11,0.0010243896661707905,0.8182696610085364,4.043614875890817e-07,2.0997776147711173e-10,1.269953449612772e-09,8.170768359533432e-05,0.008066672286720224
21044,3000,80,90,45.03367,14.92648,126144000.0,9.682537272867599e-05,0.015395031626225682,2.6353929399923267e-05,0.015314554110984679,5.412358584107373e-05,0.09211485898519166,0.08528979787339815,0.0068250611117935366,0.18903142817263827,6.804398649724674e-06,2.1299869565885142e-05,0.0002006891326715448,1.0679373060648988e-10,8.847886676933126e-11,1.83148638371587e-11,5.46864802196478e-10,5.268103327418802e-10,2.0054469454597994e-11,0.001021960112888449,0.817804607710469,3.8605495721853654e-07,2.0791029239923968e-10,1.2768477490040815e-09,8.139430934021146e-05,0.00804709087016007
21045,3000,80,90,45.0446,14.93243,126144000.0,9.792254735142837e-05,0.01541246670255318,2.6431297151945917e-05,0.015331879634215393,5.415577118583556e-05,0.09332986139134256,0.08649813480720277,0.00683172658413984,0.18942039049216755,6.889773691651705e-06,2.1358564280929452e-05,0.00020148588498942972,1.0680615529011675e-10,8.866874338364875e-11,1.813741190646808e-11,5.609655130294478e-10,5.402293675981571e-10,2.0736145431290804e-11,0.0010237782349466257,0.8181526294720648,3.99754323796708e-07,2.094574569189639e-10,1.2716885708721104e-09,8.162881931873803e-05,0.008061744311547648
21046,3000,80,90,45.0581,14.92627,126144000.0,9.924869950857531e-05,0.01543356196459456,2.6524814241680433e-05,0.01535284246752469,5.419468282818769e-05,0.0947985325320898,0.08795874342037832,0.006839789111711508,0.1898908510442848,6.992963625468688e-06,2.142952064811128e-05,0.0002024490322735482,1.0682118277647514e-10,8.889824250070321e-11,1.7922940275772018e-11,5.78008538062391e-10,5.564484746814231e-10,2.1560063380968004e-11,0.0010259761312921886,0.8185736098764242,4.163120851079487e-07,2.1132794078419057e-10,1.2654551633491114e-09,8.191234959796319e-05,0.008079456907042537
21047,3000,80,90,45.05254,14.91253,126144000.0,9.873180271217298e-05,0.01542538031495328,2.6488369365691595e-05,0.015344712411849154,5.4179533738429156e-05,0.09422627643260835,0.08738961855001386,0.006836657882594552,0.18970808881196366,6.952738064139758e-06,2.1401886938891127e-05,0.00020207384152146895,1.0681534401219352e-10,8.880878215039134e-11,1.8006561861802254e-11,5.71364761880543e-10,5.501258802211969e-10,2.123888165934613e-11,0.0010251200897971621,0.8184101423067051,4.098571487800148e-07,2.105996916073225e-10,1.2678894532058974e-09,8.180198615073704e-05,0.008072554960423908
21048,3000,80,90,45.05488,14.92005,126144000.0,9.893431126734607e-05,0.015428577527317081,2.6502646553833938e-05,0.015347889415482053,5.418546528119046e-05,0.09445043523238685,0.08761255287807997,0.006837882354306916,0.18977956839604337,6.968498545790338e-06,2.1412708567718244e-05,0.00020222078924636818,1.0681762778699534e-10,8.884383232390164e-11,1.7973795463093806e-11,5.739678218687228e-10,5.526031000500324e-10,2.136472181869047e-11,0.0010254553397298254,0.8184740609289544,4.123862862820345e-07,2.1088483999403644e-10,1.2669348123475826e-09,8.184519420267076e-05,0.00807525860143237
21049,3000,80,90,45.04945,14.91554,126144000.0,9.84109750511991e-05,0.015420269676374757,2.6465744399249756e-05,0.015339633814993441,5.4170116982061e-05,0.09387093635176208,0.08703623098681228,0.006834705364949851,0.18959416538294827,6.927774860758419e-06,2.138471682885717e-05,0.0002018407949888975,1.0681170523106455e-10,8.875326229429604e-11,1.8058442936768604e-11,5.672418062923305e-10,5.462022425562323e-10,2.1039563736098174e-11,0.0010245882539739253,0.8183081877619762,4.0585164344345883e-07,2.101470334846016e-10,1.2693966343362508e-09,8.173336716374752e-05,0.008068269523152299
21050,3000,80,90,45.06078,14.93064,126144000.0,9.952091706272855e-05,0.015437882412909677,2.6544009068057718e-05,0.01535713573788099,5.42026659606249e-05,0.09509995911184844,0.0882585177269916,0.006841441384856896,0.1899872757134474,7.014146495801736e-06,2.1444080239361318e-05,0.00020264668430032093,1.0682426301035775e-10,8.894535341962756e-11,1.7878909590730292e-11,5.81507149912749e-10,5.597779519617405e-10,2.172919795100858e-11,0.001026427138119187,0.8186598757361969,4.1971115992318133e-07,2.1171169786722738e-10,1.2641745177521523e-09,8.197051387267875e-05,0.008083092287672728
21051,3000,80,90,45.04082,14.92089,126144000.0,9.753833789802929e-05,0.015406380066068398,2.6404206971986123e-05,0.015325831350483309,5.4144508613097414e-05,0.09290447893330228,0.08607508124270646,0.006829397690595852,0.18928446511067878,6.859874671411238e-06,2.1338021182424258e-05,0.0002012069778485938,1.0680181296125733e-10,8.860224852610989e-11,1.8199564435147524e-11,5.560273067392715e-10,5.355298903786508e-10,2.0497416360620792e-11,0.0010231418575951039,0.8180310447014756,3.949565209385669e-07,2.089160450366596e-10,1.2734973786012009e-09,8.154676709838145e-05,0.00805661384706918
21052,3000,80,90,45.03849,14.92789,126144000.0,9.730511370463303e-05,0.015402656704576113,2.6387758756625885e-05,0.015322131286218347,5.413765960113947e-05,0.0926461276577738,0.08581815162335071,0.006827976034423109,0.18920152596321652,6.841728799624531e-06,2.1325534793883565e-05,0.00020103752198713976,1.0679916402953816e-10,8.856189024583951e-11,1.8237273783698742e-11,5.530303215248536e-10,5.326777900048296e-10,2.0352531520024056e-11,0.001022755113588225,0.8179568045261901,3.920449766101359e-07,2.0858682337045114e-10,1.2745920725380324e-09,8.149685485614909e-05,0.008053498179969726
21053,3000,80,90,45.04934,14.92997,126144000.0,9.838507711653567e-05,0.015419824154216824,2.6463913640001535e-05,0.015339190897980288,5.416934259652952e-05,0.09384209802296069,0.08700755944248395,0.0068345385804767945,0.18958447476793203,6.925763850281521e-06,2.1383312107006802e-05,0.00020182180709690196,1.068113964839332e-10,8.874878713216561e-11,1.8062609351767694e-11,5.669097089474598e-10,5.458862008165015e-10,2.102350813095841e-11,0.0010245448069619103,0.8182994562563618,4.055292719601553e-07,2.1010983510665985e-10,1.2695145017633235e-09,8.172770757810453e-05,0.008067922032944099
21096,800,52,48,43.74342,15.98081,33638400.0,8.567191406748647e-05,0.01412736381184233,2.4971835906200102e-05,0.014048965026132983,5.342694980314843e-05,0.08269755426058881,0.07621484723762399,0.006482707022964762,0.1774777621843424,5.930826002106308e-06,1.9585269624497685e-05,0.00018319538782634657,1.0567713494545285e-10,8.874867505024718e-11,1.6928459895205748e-11,4.5222146814784893e-10,4.3676491608460824e-10,1.5456552063240666e-11,0.0009639367210510445,0.8571967856792733,3.062573312944558e-07,1.8941352569089977e-10,1.231979284458116e-09,7.556767700932735e-05,0.007531076012393316
21097,800,52,48,43.74406,15.98414,33638400.0,8.589231706245566e-05,0.014130903629239357,2.4987382736280077e-05,0.014052482815072154,5.343343143092332e-05,0.08294180203950756,0.07645774563351479,0.006484056405992724,0.1775564588491026,5.947971715136768e-06,1.959708158578018e-05,0.00018335564080487635,1.0567964788242076e-10,8.878681050235897e-11,1.6892837380061854e-11,4.5505323834452245e-10,4.3945978795878506e-10,1.559345038573742e-11,0.0009643025351196803,0.8572672661036987,3.090082005341366e-07,1.8972507116225805e-10,1.2309472032352168e-09,7.561492264503096e-05,0.007534021399825981
21098,800,52,48,43.74514,15.97915,33638400.0,8.552040760198273e-05,0.014124891488173556,2.4961143681399434e-05,0.014046507867059115,5.342247743304023e-05,0.08252947392261387,0.07604770532997372,0.006481768592640089,0.1774230804147232,5.9190447498966166e-06,1.957712786041736e-05,0.0001830850207691854,1.0567538976484754e-10,8.87224682136389e-11,1.695292155120871e-11,4.502757392097646e-10,4.3491325196498637e-10,1.5362487244778276e-11,0.0009636846473745972,0.857147743468594,3.0436750416378395e-07,1.8919858764462448e-10,1.23268425191645e-09,7.553505743684735e-05,0.007529049487539587
21099,800,52,48,43.74639,15.98635,33638400.0,8.600726138515005e-05,0.014132713745293528,2.4995485880679082e-05,0.014054281463223822,5.34367961890271e-05,0.0830690134090332,0.0765842632775731,0.006484750131460063,0.1775969614236286,5.956917972925754e-06,1.9603221340868097e-05,0.0001834390239901207,1.0568094205054775e-10,8.880670597766045e-11,1.6874236072887367e-11,4.5653084182612005e-10,4.4086595953331317e-10,1.5664882292806797e-11,0.0009644927513254621,0.8573034760698827,3.1044387983202777e-07,1.8988682957600577e-10,1.23040481412689e-09,7.563943072070812e-05,0.0075355557737303265
21100,800,52,48,43.74644,15.98268,33638400.0,8.574665681745564e-05,0.014128513640182552,2.4977101343844827e-05,0.014050107412844248,5.3429125994459386e-05,0.08278014626482404,0.07629699571168784,0.006483150553136145,0.17750369121045867,5.936646683955307e-06,1.9589246577118998e-05,0.0001832494628450475,1.0567796409449599e-10,8.876161750147005e-11,1.691634659302601e-11,4.5318287380621073e-10,4.3767984514863186e-10,1.5503028657578878e-11,0.0009640599838459043,0.8572199176174102,3.0719167777127965e-07,1.8951816599545084e-10,1.2316234642082948e-09,7.558351403203816e-05,0.0075320724549984164
21101,800,52,48,43.74746,15.97699,33638400.0,8.532769827762576e-05,0.0141217444980404,2.494754334914491e-05,0.01404338016690569,5.341678778556179e-05,0.08231567258147571,0.07583509827113276,0.006480574310342902,0.17735349310551737,5.904059818726917e-06,1.9566770598362385e-05,0.0001829446265976799,1.0567316892415613e-10,8.868913476748794e-11,1.6984034156668278e-11,4.4780091076400145e-10,4.325580673209053e-10,1.524284344309618e-11,0.0009633639850409569,0.8570853289286425,3.0196379741035977e-07,1.8892515015433354e-10,1.2335806729042047e-09,7.549355839651836e-05,0.0075264717310889045
21102,800,52,48,43.74898,15.97381,33638400.0,8.508015021070579e-05,0.01411772836373008,2.493007634602287e-05,0.014039388796936959,5.340949044709729e-05,0.08204115399067577,0.07556210647732929,0.006479047513346422,0.17726449912992848,5.884807407587904e-06,1.9553480970278647e-05,0.00018276442154665845,1.0567032811924091e-10,8.864631049627959e-11,1.7024017622961408e-11,4.4462125384000954e-10,4.2953212792671097e-10,1.5089125913298598e-11,0.0009629524855893219,0.857005554494018,2.9887530505208215e-07,1.885744284086366e-10,1.2347352225936284e-09,7.544034650441684e-05,0.007523161677945083
21103,800,52,48,43.74986,15.97032,33638400.0,8.482072341139725e-05,0.014113532371324112,2.491177290258274e-05,0.014035218749926373,5.3401848495155754e-05,0.08175352269875792,0.0752760716702644,0.006477451028493466,0.17717142751054465,5.864629569651014e-06,1.9539560927384314e-05,0.00018257563781628783,1.05667356851419e-10,8.86014287339807e-11,1.7065928117438367e-11,4.412887397694182e-10,4.2636072078119047e-10,1.4928018988227728e-11,0.0009625214412954197,0.8569221475675639,2.9563823460349575e-07,1.8820713393640886e-10,1.2359466538606407e-09,7.538462819333525e-05,0.007519693398277671
21104,800,52,48,43.7523,15.96864,33638400.0,8.467671291930954e-05,0.014111168139990514,2.490160778176697e-05,0.014032868940952903,5.3397591255843375e-05,0.0815936917005869,0.07511713662996794,0.006476555070618902,0.177119237858891,5.853432968224511e-06,1.953181391426662e-05,0.0001824706554394087,1.0566569153703474e-10,8.857652132938404e-11,1.708917020765078e-11,4.3943958755212557e-10,4.246009648289414e-10,1.4838622723184148e-11,0.0009622816166471627,0.8568753154105905,2.9384232409023866e-07,1.8800254598918312e-10,1.236615104553016e-09,7.53535705237076e-05,0.007517766465235064
21105,800,52,48,43.75397,15.96575,33638400.0,8.446005347353063e-05,0.014107647208825512,2.4886319487221304e-05,0.01402936968742975,5.339120190853938e-05,0.08135339932301067,0.07487818218572846,0.006475217137282162,0.17704125959365627,5.836583571774717e-06,1.9520179182450347e-05,0.00018231290448170471,1.0566320250590386e-10,8.853904176904519e-11,1.7124160736858738e-11,4.3665681150449954e-10,4.219527196342571e-10,1.4704091870242402e-11,0.000961921370710633,0.8568054050224259,2.911393812549436e-07,1.8769546837991126e-10,1.2376249098254534e-09,7.53069766769888e-05,0.007514869154639215
21106,800,52,48,43.75594,15.9619,33638400.0,8.418001195708819e-05,0.014103099736911654,2.486655918513885e-05,0.014024850232816828,5.3382944909687473e-05,0.08104282754442647,0.0745693387745451,0.006473488769881316,0.17694052156824946,5.814804582551323e-06,1.9505142773379582e-05,0.00018210902324272194,1.0565998691258297e-10,8.8490597159982e-11,1.7169389752601046e-11,4.330598798482064e-10,4.185296783734752e-10,1.4530201474731218e-11,0.0009614557920324621,0.8567150958137456,2.8764561154954325e-07,1.8729862708668525e-10,1.2389305265489318e-09,7.524676487403372e-05,0.007511124422547387
21107,800,52,48,43.7578,15.95919,33638400.0,8.399024166859345e-05,0.014100008891093032,2.4853167365731572e-05,0.01402177837817198,5.337734555531926e-05,0.0808323250859196,0.07436001011761778,0.006472314968301789,0.17687211772241226,5.800047181482066e-06,1.949494809488938e-05,0.0001819708136928888,1.0565780365272533e-10,8.845777047410246e-11,1.7200033178622957e-11,4.3062261818783825e-10,4.1621024416003186e-10,1.4412374027806533e-11,0.0009611401476693114,0.8566537570853259,2.8527832635396907e-07,1.8702952261190533e-10,1.2398142139827109e-09,7.520592851748733e-05,0.0075085863652791076
21108,800,52,48,43.75938,15.95615,33638400.0,8.3783654446078e-05,0.014096652162263308,2.4838589874168176e-05,0.014018442318924434,5.3371253464703064e-05,0.08060320602622426,0.07413216664816315,0.0064710393780610526,0.17679777234477284,5.783981028032169e-06,1.9483854541317712e-05,0.0001818203991431695,1.0565543056967768e-10,8.842203318841624e-11,1.723339738126151e-11,4.2796919859838575e-10,4.1368510178595727e-10,1.428409681242847e-11,0.0009607966572261016,0.8565871046301876,2.8270102477838455e-07,1.867367310132093e-10,1.2407771343843755e-09,7.516150265500168e-05,0.0075058237715195895
21109,800,52,48,43.76084,15.95279,33638400.0,8.356086575446006e-05,0.014093036620034438,2.4822869746878034e-05,0.014014849064765923,5.336468552163899e-05,0.08035613922982589,0.07388647424557157,0.006469664984254267,0.17671766298509006,5.7666543487012655e-06,1.9471893499773894e-05,0.00018165821208197117,1.0565287339888995e-10,8.838349235144832e-11,1.726938104744171e-11,4.2510758986349675e-10,4.1096183486862837e-10,1.4145754994868436e-11,0.0009604262981737159,0.8565152924531791,2.7992147060853623e-07,1.86421066032226e-10,1.24181608171982e-09,7.511360893140185e-05,0.007502844732960676
21166,3000,94,112,43.71774,16.53269,126144000.0,0.00013075088529534705,0.022100322461217684,3.3736287713827925e-05,0.02200808858642915,5.849758707468872e-05,0.12303903902947753,0.11393825772081571,0.009100781308661841,0.2643102807832736,9.209362927467897e-06,3.004868114089675e-05,0.00028295875099639575,1.3592661956024721e-10,1.0792788955956991e-10,2.799873000067746e-11,6.801694076975034e-10,6.555757392312592e-10,2.459366846624406e-11,0.0013533425767773715,0.8589900907401729,4.549741736274104e-07,3.0368944772118477e-10,1.6884185652602471e-09,0.00011198862709489169,0.010928570784935632
21167,3000,94,112,43.71928,16.52931,126144000.0,0.00013085668607629614,0.022101980362937573,3.374374517038536e-05,0.022009735937144576,5.850068062259747e-05,0.12315609252328583,0.11405467496070981,0.009101417562576005,0.2643474381761469,9.217598548528302e-06,3.0054327827341188e-05,0.00028303545740136505,1.359278070358666e-10,1.0794620402554241e-10,2.7981603010324275e-11,6.815296501941144e-10,6.568702236298802e-10,2.465942656423408e-11,0.0013535175330686448,0.8590232952342481,4.562958880044551e-07,3.0383817436716686e-10,1.6879183753902392e-09,0.00011201115556282472,0.010929982714109577
21168,3000,94,112,43.71994,16.52386,126144000.0,0.00013086051144831908,0.02210202650380017,3.3744012954737144e-05,0.022009781704332664,5.850078651275202e-05,0.12316026010173758,0.11405882337357631,0.009101436728161263,0.264348574710196,9.217898024487582e-06,3.00545241597214e-05,0.00028303815722962325,1.3592784368591992e-10,1.0794686894151909e-10,2.7980974744400955e-11,6.815791316870071e-10,6.569173134074347e-10,2.4661818279572195e-11,0.0013535236428858135,0.8590242858969077,4.563440790035475e-07,3.0384327606340764e-10,1.6878987017747544e-09,0.00011201191967591529,0.010930033111437726
21169,3000,94,112,43.72074,16.51907,126144000.0,0.00013089638044223536,0.022102583820276214,3.3746540573823055e-05,0.0220103354464552,5.8501833247174846e-05,0.12319992177728438,0.11409827066548658,0.0091016511117978,0.2643611007115724,9.22069068415104e-06,3.005643582536747e-05,0.0002830641371977632,1.3592824410491957e-10,1.0795307892361707e-10,2.7975165181302604e-11,6.820403897116336e-10,6.573562729965274e-10,2.4684116715106073e-11,0.0013535828829009727,0.859035470755885,4.5679231037664614e-07,3.0389360303118286e-10,1.687728578563592e-09,0.00011201954000224385,0.01093051156440801
21170,3000,94,112,43.72509,16.51646,126144000.0,0.00013130672924098472,0.022109056119630578,3.3775469998176494e-05,0.022016766799854644,5.85138497777385e-05,0.1236541115584866,0.11454998101798776,0.009104130540498821,0.2645058473213273,9.252627371630506e-06,3.007836042146836e-05,0.0002833618679149106,1.3593286891266783e-10,1.0802410332620893e-10,2.7908765586459036e-11,6.873151806128472e-10,6.623760639757098e-10,2.493911663713715e-11,0.001354262110689283,0.8591648950289106,4.619173568788782e-07,3.044712813610591e-10,1.6857934375330135e-09,0.00011210707066894514,0.010935989730351486
21171,3000,94,112,43.72722,16.52053,126144000.0,0.0001315466991191768,0.022112847947305767,3.379238869709957e-05,0.022020534678662503,5.8520879946152485e-05,0.12391975155090218,0.1148141691451468,0.00910558240575537,0.26459059725021544,9.271302935281477e-06,3.0091185705320706e-05,0.00028353601589332624,1.3593557660015177e-10,1.0806563667596258e-10,2.7869939924189295e-11,6.903997022121968e-10,6.653114699535662e-10,2.508823225863031e-11,0.0013546594269623342,0.8592406859993065,4.649142577550413e-07,3.0480924172766905e-10,1.6846625664886494e-09,0.00011215828322138452,0.010939193658267557
21172,3000,94,112,43.73106,16.51414,126144000.0,0.00013188295724465675,0.02211814776736029,3.3816094240067365e-05,0.02202580094796428,5.8530725155927924e-05,0.12429191680342937,0.11518430371975887,0.009107613083670503,0.26470915104767984,9.297473761189026e-06,3.0109149501900486e-05,0.00028377996909485423,1.3593936461154222e-10,1.0812383800830607e-10,2.7815526603236292e-11,6.947221855191639e-10,6.694249909741842e-10,2.5297194544979314e-11,0.001355215955968165,0.859346683162976,4.691140625743003e-07,3.052825398162169e-10,1.6830763800237063e-09,0.00011222999561314934,0.01094368252890533
21173,3000,94,112,43.73194,16.52006,126144000.0,0.00013200829422492679,0.022120131249828624,3.3824931328857276e-05,0.02202777192017048,5.85343983292752e-05,0.12443067541041429,0.11532230317891265,0.009108372231501639,0.26475346115964615,9.3072276928609e-06,3.0115849887640362e-05,0.0002838709430952518,1.3594078021055012e-10,1.0814553040668547e-10,2.779524980386478e-11,6.96333175104487e-10,6.709581001005818e-10,2.5375075003904982e-11,0.00135542352237146,0.859386314625162,4.7067926531112437e-07,3.0545911743848847e-10,1.6824860679420577e-09,0.00011225675504176243,0.01094535609186174
21174,3000,94,112,43.73569,16.51997,126144000.0,0.00013237748382620808,0.02212595701747722,3.385095940286656e-05,0.02203356084735962,5.8545210714719886e-05,0.12483932106868348,0.11572871736293487,0.009110603705748597,0.26488372912302693,9.335960707568299e-06,3.0135576890606498e-05,0.00028413882471946993,1.35944942347138e-10,1.0820943032556542e-10,2.7735512021572676e-11,7.0107883108064e-10,6.754743361248961e-10,2.560449495574374e-11,0.0013560346632098606,0.8595027976955746,4.7529017693971415e-07,3.0597890604028105e-10,1.680745333306555e-09,0.00011233551583982328,0.010950284907346805
21175,3000,94,112,43.73654,16.50644,126144000.0,0.00013239666622053928,0.022126255044848945,3.385231114664005e-05,0.022033856963212726,5.8545770489563226e-05,0.12486053165848121,0.11574981330801934,0.009110718350461847,0.2648904276066028,9.337454197692466e-06,3.013659921965357e-05,0.00028415271845015974,1.3594515647821253e-10,1.0821275136848707e-10,2.7732405109725595e-11,7.01325507891329e-10,6.7570908792524e-10,2.5616419966088935e-11,0.0013560663438873315,0.8595087789447402,4.7552988737158593e-07,3.060058200182068e-10,1.6806543507249675e-09,0.00011233959104375049,0.010950540778459165
21176,3000,94,112,43.73838,16.51165,126144000.0,0.0001325955363460522,0.022129392403917446,3.386633149647381e-05,0.022036974478000144,5.855159442081582e-05,0.12508065175665725,0.11596873160451797,0.009111920152139269,0.2649605868046207,9.35293181179532e-06,3.0147225051344396e-05,0.00028429701314724835,1.3594739812373794e-10,1.0824717227955605e-10,2.770022584418198e-11,7.038818516185778e-10,6.781418499687418e-10,2.5740001649835965e-11,0.001356395532750722,0.859571512512368,4.780136546643163e-07,3.0628579706857907e-10,1.6797165843785037e-09,0.00011238201398085819,0.0109531957297235
21177,3000,94,112,43.71677,16.5193,126144000.0,0.00013050702849043313,0.022096440247967936,3.37190910903517e-05,0.022004230726353515,5.849043052405624e-05,0.12276896063826058,0.11366966276831073,0.009099297869949844,0.2642237238145292,9.19038844511888e-06,3.0035631683648175e-05,0.0002827816277922433,1.359238548253894e-10,1.0788568920307382e-10,2.803816562231567e-11,6.770355540981827e-10,6.525933868852477e-10,2.4442167212934845e-11,0.0013529383717126038,0.8589126316544631,4.519295751944272e-07,3.033454345853247e-10,1.68956441982672e-09,0.00011193647918009963,0.010925313590992074
21178,3000,94,112,43.71658,16.5248,126144000.0,0.00013054047050691732,0.022096978921858492,3.372145024078913e-05,0.02200476605694892,5.8491414668768404e-05,0.12280602802104623,0.11370652497003413,0.009099503051012084,0.2642356881403623,9.192989790760583e-06,3.0037424819510804e-05,0.0002828059515605889,1.359242368326449e-10,1.0789147523066247e-10,2.803276160198256e-11,6.774651878626704e-10,6.530022505111571e-10,2.4462937351513252e-11,0.0013529939017424323,0.8589233496561609,4.523469220711221e-07,3.0339273718413505e-10,1.6894080019212633e-09,0.00011194365356613004,0.010925760572645195
21179,3000,94,112,43.71505,16.53081,126144000.0,0.00013046330235755,0.022095779027143825,3.371601223022342e-05,0.022003573852561985,5.848916235160178e-05,0.12272069616896829,0.11362165458812706,0.00909904158084122,0.26420872649369165,9.18698180425632e-06,3.0033311578435397e-05,0.00028275005380262687,1.3592337497033404e-10,1.0787811532132994e-10,2.8045259649004244e-11,6.764728619006722e-10,6.520578962399649e-10,2.4414965660707312e-11,0.0013528664395107291,0.8588992731379212,4.513826281148037e-07,3.0328444652793997e-10,1.6897739006133388e-09,0.00011192725602874035,0.010924731192201402
22845,2850,85,103,43.55376,16.16465,119836800.0,0.0001313240566051373,0.019670029927717842,3.1789146827406736e-05,0.019581089597375666,5.7151183514761285e-05,0.1263976916313496,0.11812989091426782,0.008267800717081778,0.240812147339333,9.302803468306177e-06,2.7382824218374818e-05,0.00026056461363459514,1.2406079392088655e-10,1.0239731309097452e-10,2.16634808299121e-11,8.060739345653968e-10,7.746068816244329e-10,3.146705294096391e-11,0.0012429931545257149,0.8613672563782642,6.014829598927933e-07,2.852502605230661e-10,1.4708372013714688e-09,0.00010307753269358007,0.01002152347043658
22846,2850,85,103,43.55383,16.16185,119836800.0,0.00013152056026174595,0.019673201072360758,3.180300987419701e-05,0.019584241093627348,5.715696885920361e-05,0.12661552550671498,0.11834651750829313,0.008269007998421892,0.24088253793823272,9.318088116322644e-06,2.7393363957793283e-05,0.00026070757049245666,1.240630412738234e-10,1.0243131033456631e-10,2.1631730939257185e-11,8.085983128306445e-10,7.77009221637553e-10,3.1589091193091565e-11,0.001243319538947621,0.8614303249028357,6.039350970012051e-07,2.855283266030786e-10,1.469918779088021e-09,0.00010311971067846051,0.010024150192991422
22847,2850,85,103,43.55408,16.16746,119836800.0,0.00013111951942899013,0.019666717968070353,3.1774715530054706e-05,0.01957779809571289,5.714515682739915e-05,0.12617089988303876,0.11790435891085992,0.00826654097217884,0.24073871152248477,9.28689532947112e-06,2.737184725200037e-05,0.0002604157528073142,1.2405844960444177e-10,1.0236192817285914e-10,2.169652143158271e-11,8.034465967921694e-10,7.721065598612948e-10,3.1340036930874623e-11,0.0012426532519679726,0.8613014395921967,5.989308996537283e-07,2.8496060331117297e-10,1.471791885153229e-09,0.00010303358955685119,0.010018788833019491
22848,2850,85,103,43.55521,16.17566,119836800.0,0.00013051894751571258,0.019656987910824503,3.1732340945975405e-05,0.019568128111199377,5.712745867914216e-05,0.12550495809622306,0.11724211752789046,0.008262840568332621,0.24052300595096884,9.240185743287904e-06,2.7339613134972024e-05,0.0002599786320971796,1.2405156368641955e-10,1.022580303241823e-10,2.179353336223734e-11,7.957321967011561e-10,7.647651048478003e-10,3.096709185335591e-11,0.001241655130431304,0.8611081042490559,5.914375726219354e-07,2.84109991542684e-10,1.4745944612033755e-09,0.00010290454215599898,0.010010759007124158
22849,2850,85,103,43.55531,16.17216,119836800.0,0.00013076433859868805,0.01966094755351582,3.174965287059353e-05,0.019572063217496726,5.713468314849154e-05,0.12577698400684587,0.11751263592428388,0.008264348082562004,0.24061090218131664,9.259273057315153e-06,2.735277476830893e-05,0.00026015715232603363,1.2405436994999324e-10,1.023004857046813e-10,2.1753884245312032e-11,7.988846153596062e-10,7.677651233533023e-10,3.111949200630396e-11,0.0012420627079647315,0.8611868566790877,5.944997807748487e-07,2.844572278882735e-10,1.4734474974230922e-09,0.00010295721184188824,0.010014039201594705
22850,2850,85,103,43.55595,16.1793,119836800.0,0.00013024785782985002,0.019652589400443263,3.171321278547824e-05,0.019563756720480205,5.711946717756918e-05,0.1252043309274663,0.1169431624770412,0.008261168450425096,0.2404255420495523,9.219102498569048e-06,2.7325059421646938e-05,0.00025978128732038737,1.2404845252066846e-10,1.022111335878204e-10,2.1837318932848136e-11,7.922501666746688e-10,7.614514103067321e-10,3.079875636793665e-11,0.0012412044907555858,0.8610207365643502,5.88055380142694e-07,2.8372590755678567e-10,1.4758587564126012e-09,0.00010284626823050997,0.010007134149581907
22851,2850,85,103,43.55661,16.18305,119836800.0,0.00012997052128874595,0.019648092328225206,3.1693644219896446e-05,0.01955928739127424,5.711129273106194e-05,0.12489678934902283,0.11663733077050273,0.008259458578520128,0.2403258741469605,9.197533076648931e-06,2.731017192575491e-05,0.00025957940993339925,1.2404527093550503e-10,1.0216315563336293e-10,2.1882115302142184e-11,7.886878377219443e-10,7.580612987420088e-10,3.062653897993559e-11,0.0012407435105002455,0.860931398127833,5.845951685775771e-07,2.833330287678455e-10,1.477152507112152e-09,0.0001027866616833845,0.010003425894854626
22852,2850,85,103,43.55729,16.18742,119836800.0,0.00012964901333731245,0.019642881471239427,3.1670959297821436e-05,0.01955410869453743,5.7101817404166144e-05,0.12454027714402904,0.11628280008344218,0.008257477060586896,0.24021036907622575,9.17252798684826e-06,2.7292914695480656e-05,0.0002593453926601735,1.2404158374107482e-10,1.021075357390984e-10,2.19340480019765e-11,7.845580828165689e-10,7.541311928247529e-10,3.042688999181613e-11,0.0012402091484442082,0.8608278682244337,5.805837769961361e-07,2.828776253711718e-10,1.4786525971850407e-09,0.00010271757060145924,0.009999127142700844
22853,2850,85,103,43.55728,16.19593,119836800.0,0.00012904820185613637,0.019633180383086396,3.162857221395481e-05,0.019544467684488556,5.7084126383873e-05,0.12387422358053767,0.11562043926305722,0.008253784317480469,0.2399950699772542,9.12579570844728e-06,2.726068635855667e-05,0.00025890827274120546,1.2403471003381137e-10,1.0200358994495858e-10,2.2031120088852883e-11,7.768398913099931e-10,7.467861288193049e-10,3.005376249068824e-11,0.0012392111427530488,0.8606349552956755,5.730865026848417e-07,2.8202733049848675e-10,1.4814600719281608e-09,0.00010258859175644865,0.009991095667604215
22854,2850,85,103,43.5577,16.19247,119836800.0,0.00012928453505401373,0.019636984502632508,3.164524386486356e-05,0.019548248178628803,5.709108013883221e-05,0.12413616459736512,0.11588093101571331,0.008255233581651816,0.2400795813766898,9.144179628126248e-06,2.727335685596502e-05,0.00025908015349210674,1.2403740844852953e-10,1.0204448006395892e-10,2.1992928384570726e-11,7.798761513506667e-10,7.496756045130391e-10,3.020054683762761e-11,0.0012396035292441627,0.8607106584103801,5.760359516449022e-07,2.8236156257859237e-10,1.480354367142157e-09,0.00010263928307913101,0.009994254340442134
22923,2850,85,103,43.47337,16.8955,119836800.0,0.00012032453254744406,0.019473690659082204,3.100683470333366e-05,0.019385871629226278,5.6812195152584547e-05,0.11415186191169285,0.10596284405620068,0.008189017855492203,0.236449284900474,8.453981217910375e-06,2.6752798101047995e-05,0.0002521565888467449,1.2392061462716697e-10,1.0051046395616447e-10,2.3410150671002566e-11,6.663928427594541e-10,6.416865664934836e-10,2.4706276265970675e-11,0.0012239883449410155,0.8529150278839528,4.6590321329177365e-07,2.693397553349959e-10,1.5170998156048762e-09,0.00010050039014563271,0.009871814229407002
22924,2850,85,103,43.47151,16.90016,119836800.0,0.0001206415350739844,0.01947885621386213,3.1029205447817664e-05,0.01939100545874467,5.682154966962687e-05,0.11450350799825905,0.10631252868286621,0.008190979315392883,0.23656358694465243,8.478632475258502e-06,2.6769829225845284e-05,0.00025238747453992674,1.239242627728259e-10,1.0056529894031918e-10,2.3358963832506806e-11,6.704641230819353e-10,6.45561023991754e-10,2.4903099090181574e-11,0.0012245156524768328,0.8530175284960138,4.698575830316652e-07,2.69789330690044e-10,1.5156239371740832e-09,0.00010056861431104744,0.009876054052555618
22925,2850,85,103,43.47547,16.90052,119836800.0,0.00012070633442924849,0.019479787443915816,3.103376160098721e-05,0.01939193027430862,5.682340800619671e-05,0.11457480497561123,0.10638345938927662,0.008191345586334643,0.23658508251743085,8.483686914179764e-06,2.6773239868010036e-05,0.00025243400574908226,1.2392495173280462e-10,1.0057653258124705e-10,2.334841915155765e-11,6.712990549997055e-10,6.46355595084156e-10,2.4943459915549868e-11,0.0012246214901184879,0.8530365850693429,4.706695431645342e-07,2.698787391675403e-10,1.5153078999821196e-09,0.00010058210464651099,0.009876914829029802
22926,2850,85,103,43.47288,16.90885,119836800.0,0.00012127704253758535,0.01948906546681701,3.10740333454507e-05,0.019401151193634798,5.6840239836751836e-05,0.11520778134174839,0.10701291051209695,0.008194870829651476,0.23679053874702974,8.528069907874444e-06,2.6803889165464653e-05,0.0002528495599157942,1.2393150972302758e-10,1.0067525775345402e-10,2.325625196957365e-11,6.786291605569722e-10,6.533313330639634e-10,2.5297827493008852e-11,0.001225570476992577,0.8532207902374935,4.777893324188349e-07,2.706876889425452e-10,1.5126483434410583e-09,0.00010070485127649632,0.00988454687107617
22927,2850,85,103,43.47802,16.90565,119836800.0,0.00012110354152976974,0.019486119795695627,3.106177356644287e-05,0.019398222953349874,5.683506877930152e-05,0.11501476439708108,0.10682100006002763,0.008193764337053482,0.23672620301261268,8.514592486433698e-06,2.679450051622458e-05,0.00025272256045375023,1.23929459085854e-10,1.0064526905510547e-10,2.32841900307486e-11,6.764034533956035e-10,6.512132290865633e-10,2.519022430904076e-11,0.0012252800186938538,0.8531628883212713,4.756284926077467e-07,2.704392619542794e-10,1.513442482401819e-09,0.00010066707811084883,0.009882220737952103
22928,2850,85,103,43.47946,16.90041,119836800.0,0.00012074867299372007,0.019480355593078275,3.1036733096011006e-05,0.019392494255181223,5.682460480102992e-05,0.11462120020463624,0.10642962651249847,0.008191573692137799,0.23659852311421378,8.486994360605179e-06,2.6775445447916926e-05,0.00025246419341732853,1.239253835367421e-10,1.0058388038522913e-10,2.3341503151513066e-11,6.718454583592756e-10,6.468755862259334e-10,2.496987213334256e-11,0.0012246900117390293,0.8530484234647268,4.7120123660725043e-07,2.699363518640231e-10,1.5150967699714724e-09,0.00010059077171048535,0.009877475336503724
22929,2850,85,103,43.47737,16.89564,119836800.0,0.000120380274561335,0.019474474668811102,3.1010751732924284e-05,0.01938665013070528,5.681378637288393e-05,0.11421311344627719,0.1060237852597011,0.008189328186576117,0.23646752018752681,8.458331279765216e-06,2.6755722342226385e-05,0.00025219652519737793,1.2392119952097892e-10,1.0052013078838427e-10,2.3401068732594762e-11,6.671114427377618e-10,6.423704296121846e-10,2.4741013125577562e-11,0.0012240791222167234,0.8529311614388726,4.6660217909268396e-07,2.694163259944227e-10,1.5168259894258791e-09,0.00010051193254038412,0.009872553883842415
22930,2850,85,103,43.46936,16.91171,119836800.0,0.00012145497870392398,0.019492036130684155,3.108659977448694e-05,0.01940410400955605,5.684552135361122e-05,0.11540549669542688,0.10720950508021829,0.008195991615208625,0.2368557648441775,8.541898066022239e-06,2.6813489271771707e-05,0.0002529795375950664,1.2393358987430409e-10,1.0070602299965051e-10,2.3227566874653675e-11,6.809128564883876e-10,6.555046236405747e-10,2.5408232847813143e-11,0.0012258675730712422,0.8532794073027041,4.800068765481754e-07,2.709414614995992e-10,1.5118281143447806e-09,0.00010074340621071496,0.009886930086892157
22931,2850,85,103,43.46577,16.91417,119836800.0,0.00012161269252284689,0.019494682687889103,3.109773984640325e-05,0.01940673473957989,5.685020846279882e-05,0.11558080507609615,0.10738381629504942,0.008196988781046759,0.2369137805478894,8.55415299227527e-06,2.6822005995092008e-05,0.0002530948154054218,1.2393543976787789e-10,1.0073328911955982e-10,2.3202150648318132e-11,6.829367179868304e-10,6.574306411309349e-10,2.5506076855895445e-11,0.0012261311156922577,0.8533315679731799,4.819720040103795e-07,2.7116666276773337e-10,1.5111026584268327e-09,0.00010077762875376353,0.00988904309048195
22932,2850,85,103,43.46943,16.9173,119836800.0,0.00012185724885773983,0.019498521513934892,3.111497849166782e-05,0.01941054917344867,5.685736199454003e-05,0.11585140283426734,0.10765294152403597,0.00819846131023141,0.23699976835463232,8.57318864326691e-06,2.6835061951086788e-05,0.0002532721559861163,1.2393818760775618e-10,1.0077562132192039e-10,2.3162566285835882e-11,6.860807466963192e-10,6.604226781283726e-10,2.565806856794681e-11,0.0012265356271544741,0.853408420149823,4.850269265792854e-07,2.715105736017282e-10,1.5099472417232811e-09,0.00010082972703506055,0.009892307048955561
22933,2850,85,103,43.47287,16.91474,119836800.0,0.00012169950940289956,0.01949587882826224,3.110383718558793e-05,0.019407922315095298,5.685267598134557e-05,0.11567608610647048,0.10747862092770655,0.008197465178763966,0.23694180771521406,8.560931193387943e-06,2.6826546284059123e-05,0.0002531568823744842,1.2393633937216104e-10,1.007483499187307e-10,2.3187989453430435e-11,6.840564627087716e-10,6.58496258460372e-10,2.5560204248399742e-11,0.0012262721090025251,0.8533563164144052,4.830613542169746e-07,2.7128542165699783e-10,1.5106733106462607e-09,0.00010079551464739206,0.009890193905383721
22934,2850,85,103,43.47692,16.9108,119836800.0,0.00012145838248598761,0.01949187384249236,3.108681078948599e-05,0.019403941503951246,5.684552775161619e-05,0.11540825253202948,0.10721230042039714,0.008195952111632373,0.23685372744093774,8.542189667111119e-06,2.681354859568355e-05,0.00025298085564808747,1.2393352989801896e-10,1.0070665487499924e-10,2.3226875023019825e-11,6.809613052330461e-10,6.555507359278454e-10,2.541056930520082e-11,0.0012258698279000479,0.8532771966607531,4.800556876909473e-07,2.709419390399282e-10,1.511787206128096e-09,0.00010074334310913238,0.0098869653113943
25523,2300,64,71,42.8602,17.60842,96710400.0,0.00012080731131804842,0.013437558386172471,2.6035261128783616e-05,0.013357996932378791,5.3526192664896524e-05,0.12210673215484423,0.11589668750839667,0.006210044646447596,0.17583355812206833,8.70240540713121e-06,2.006987640843446e-05,0.00019728110053497924,9.447319793867787e-11,8.594500632566797e-11,8.52819161300996e-12,9.678248105562591e-10,9.265815382197078e-10,4.124327233655168e-11,0.0009523888475111406,0.8497508725593649,8.181270611536593e-07,2.2490858467453212e-10,9.750679736309464e-10,7.860825812937102e-05,0.007446329890731482
25524,2300,64,71,42.86335,17.61241,96710400.0,0.00012041936855219994,0.013431256676073488,2.6007886815487896e-05,0.013351734035947556,5.351475331044404e-05,0.1216764859522563,0.11546883619856269,0.006207649753693603,0.17569397414616816,8.672235132576534e-06,2.0049045225292604e-05,0.00019699865186821846,9.446874241719737e-11,8.587789620294636e-11,8.590846214251076e-12,9.62842010187855e-10,9.218396268664865e-10,4.100238332136859e-11,0.0009517438467884572,0.8496257352262189,8.132871869270667e-07,2.243587971679076e-10,9.76876411289436e-10,7.852483886044637e-05,0.007441142198365779
25525,2300,64,71,42.86357,17.60641,96710400.0,0.00012053637157467553,0.01343312774520869,2.6016138915228038e-05,0.013353593415637546,5.351819065591502e-05,0.1218061093751793,0.11559774553505708,0.00620836384012224,0.17573562992844854,8.68133809525746e-06,2.0055311134715028e-05,0.00019708368061925914,9.44700727562114e-11,8.589814236801138e-11,8.571930388200082e-12,9.643454578609206e-10,9.232703924906948e-10,4.107506537022572e-11,0.0009519379162899608,0.8496630276137882,8.147477475606447e-07,2.2452402270613847e-10,9.763275916461789e-10,7.85498901436954e-05,0.007442705403211952
25526,2300,64,71,42.86739,17.60587,96710400.0,0.0001201898337041396,0.013427473266115778,2.5991682848148023e-05,0.013347973621997796,5.350796126983649e-05,0.1214216643672684,0.1152154468642375,0.006206217503030892,0.17561056364937527,8.654391008187407e-06,2.003668887017114e-05,0.0001968312423782784,9.446608122890007e-11,8.583819988361255e-11,8.627881345287609e-12,9.59895019762171e-10,9.190351075009054e-10,4.085991226126583e-11,0.0009513613595136477,0.8495508606808597,8.104251694872868e-07,2.2403240737205886e-10,9.779400987102113e-10,7.847528154781895e-05,0.007438070191144517
25527,2300,64,71,42.86982,17.60139,96710400.0,0.0001200686376738229,0.013425468526073644,2.5983126090227023e-05,0.013345981028013898,5.350437196951844e-05,0.12128708363253671,0.1150816243351936,0.006205459297343098,0.17556641627531896,8.644970057824126e-06,2.0030160614060903e-05,0.00019674281126667251,9.446467288220766e-11,8.581724134460804e-11,8.64743153759972e-12,9.58339141638576e-10,9.175544478629676e-10,4.078469377560859e-11,0.0009511592928519486,0.8495112188387403,8.089142102479257e-07,2.2385992996014834e-10,9.785009192279841e-10,7.844908909159504e-05,0.007436447814955247
25528,2300,64,71,42.87093,17.60999,96710400.0,0.00011976056072782658,0.013420498662300641,2.5961391956040576e-05,0.013341041967802754,5.349530254184511e-05,0.12094557391559342,0.11474200687503468,0.006203567040558738,0.17545608590570985,8.621006675809315e-06,2.0013637530223857e-05,0.00019651869435910674,9.44611503337956e-11,8.576394036065608e-11,8.697209973139592e-12,9.543814006510511e-10,9.137880394014802e-10,4.059336124957116e-11,0.0009506476185019248,0.8494123683534323,8.050697147833446e-07,2.234240166751155e-10,9.799410256717812e-10,7.838296946295753e-05,0.007432329745904183
25529,2300,64,71,42.87188,17.59648,96710400.0,0.00011999607923175006,0.013424253604890872,2.5978001301912755e-05,0.013344773386838683,5.3502216750278564e-05,0.12120644304652246,0.1150014417681775,0.006205001278344977,0.1755397652878781,8.639331678805152e-06,2.0026243888392376e-05,0.0001966897903086424,9.446382302601794e-11,8.580469665861263e-11,8.659126367405381e-12,9.574079780073374e-10,9.166683014620114e-10,4.073967654532621e-11,0.0009510380880816925,0.849487262110234,8.080100482352803e-07,2.2375637619804944e-10,9.788349819831236e-10,7.84333542687579e-05,0.007435475824213482
25530,2300,64,71,42.87265,17.60354,96710400.0,0.00011975165357855362,0.013420312854866123,2.5960757931010812e-05,0.013340857074799843,5.349502213526869e-05,0.12093550287818297,0.11473200226126919,0.006203500616913794,0.1754522645558131,8.620319049424223e-06,2.001313591671698e-05,0.00019651199009555452,9.446102931212835e-11,8.576240765229528e-11,8.698621659833171e-12,9.542678896972093e-10,9.136800171203055e-10,4.058787257690409e-11,0.0009506321659196609,0.8494088699126104,8.049597908966132e-07,2.2341057217471456e-10,9.7997781478019e-10,7.838090390927682e-05,0.007432208691626962
25531,2300,64,71,42.87491,17.59047,96710400.0,0.00011986512710842964,0.01342207835967111,2.5968754514827834e-05,0.013342611270581176,5.34983345751076e-05,0.12106098602242932,0.11485680652260812,0.006204179499821205,0.17549192728423924,8.629153484421627e-06,2.001918493955859e-05,0.00019659419196570868,9.446229715399574e-11,8.578205279568346e-11,8.680244358312369e-12,9.557270525090897e-10,9.150686400706769e-10,4.065841243841277e-11,0.0009508196125647293,0.8494442903769998,8.063777253254356e-07,2.235698323104146e-10,9.794398972947522e-10,7.840502001205818e-05,0.007433722417537845
25532,2300,78,108,43.64422,16.07892,96710400.0,0.00014074437608040704,0.023123508668707132,3.526143465229489e-05,0.023029147787756773,5.909944629806397e-05,0.13215395850837397,0.12283530177129565,0.009318656737078313,0.27981524516337625,9.824908793236104e-06,3.1623796036782625e-05,0.00029605028351623107,1.391229960016784e-10,1.1132712585640165e-10,2.7795870145276863e-11,7.654660704995411e-10,7.37070955765971e-10,2.8395114733570056e-11,0.0014015596243458044,0.8798713081861863,5.290902462379366e-07,3.193132184546257e-10,1.7332703947809751e-09,0.00011670225397974358,0.011717433369879281
25533,2300,78,108,43.64221,16.0827,96710400.0,0.0001410801831720184,0.02312897995112759,3.5285132334743395e-05,0.023034585463367677,5.9109355425170624e-05,0.13252646096892515,0.12320572661095222,0.009320734357972897,0.27993631721093293,9.851022446843562e-06,3.1641837053574245e-05,0.00029629486163737685,1.391268602396661e-10,1.1138521378459495e-10,2.7741646455071268e-11,7.697788739102399e-10,7.411752601282766e-10,2.8603613781963397e-11,0.001402118200885568,0.8799798785936105,5.332792090853297e-07,3.19789448748208e-10,1.7317068876384976e-09,0.00011677452266637004,0.011721924666240844
25534,2300,78,108,43.63941,16.08628,96710400.0,0.00014145705692749058,0.023135140230656513,3.531173073184731e-05,0.023040708014966285,5.912048495837753e-05,0.13294461087147355,0.12362153928023475,0.009323071591238791,0.280072493818904,9.88032714309167e-06,3.166209564110603e-05,0.0002965694559208923,1.391312061059431e-10,1.1145040148835988e-10,2.768080461758333e-11,7.746186678851884e-10,7.45781077589123e-10,2.883759029606537e-11,0.0014027453984829916,0.8801020289572591,5.379798698891506e-07,3.2032431592697734e-10,1.7299544657829646e-09,0.00011685570198161629,0.011726966155474965
25535,2300,78,108,43.63953,16.09562,96710400.0,0.00014195809177063658,0.023143190171271914,3.534707322766643e-05,0.02304870787732403,5.91352207202177e-05,0.13349986528201976,0.1241737253511207,0.009326139930899034,0.28025143718489487,9.919303556173722e-06,3.168894907909823e-05,0.00029693376966649534,1.3913692004423832e-10,1.1153709295927032e-10,2.7599827084968097e-11,7.810559724540369e-10,7.519071787906219e-10,2.914879366341505e-11,0.0014035770383080946,0.8802622952546397,5.442332427680666e-07,3.210326016905345e-10,1.727608613856814e-09,0.00011696311485148383,0.011733661948835208
25536,2300,78,108,43.63908,16.09141,96710400.0,0.0001417565020962087,0.023139965830094977,3.533285524104063e-05,0.023045503676744374,5.912929810956655e-05,0.1332765285822832,0.12395161914750955,0.009324909434773626,0.280179657699318,9.903619733123548e-06,3.1678152930290695e-05,0.0002967872667116177,1.3913462767415138e-10,1.1150221006483557e-10,2.7632417609315907e-11,7.784656289669486e-10,7.49442061807153e-10,2.9023567159795592e-11,0.001403242658106814,0.8801980335276978,5.417167956647063e-07,3.2074791545796257e-10,1.7285541311469436e-09,0.00011691995072054677,0.01173096860609714
25537,2300,78,108,43.64017,16.10569,96710400.0,0.00014247870863595363,0.023151536913737013,3.5383794631675995e-05,0.02305700259439743,5.915052470790559e-05,0.13407673734217135,0.12474741410624583,0.0093293232359255,0.28043710712321884,9.959805492104161e-06,3.1716841926362746e-05,0.00029731222695169066,1.3914284918958474e-10,1.1162717613172189e-10,2.7515673057862953e-11,7.877452544819585e-10,7.582730763898281e-10,2.947217809213055e-11,0.0014044409024940479,0.8804285543594425,5.507315368269783e-07,3.2176821362738577e-10,1.725169028287286e-09,0.00011707466065971975,0.011740618592224349
25538,2300,78,108,43.63708,16.11185,96710400.0,0.00014301628927401955,0.023160291560265934,3.5421730786604935e-05,0.023065703443410374,5.916638606895735e-05,0.13467304289119356,0.12534039481757173,0.009332648073621804,0.28063086494927053,1.0001610343308427e-05,3.17457207583771e-05,0.0002977037406837846,1.391490334239712e-10,1.117201676735329e-10,2.742886575043841e-11,7.946495448767206e-10,7.648435844694053e-10,2.980596040731548e-11,0.0014053350417165774,0.880602297911399,5.574376062328634e-07,3.2253051008630163e-10,1.7226655959012279e-09,0.00011719033776684571,0.011747808340744589
25539,2300,78,108,43.63508,16.11996,96710400.0,0.00014359780524071436,0.02316971346153271,3.546276091640047e-05,0.023075067177706892,5.9183522909420156e-05,0.13531785726267265,0.12598162603772042,0.009336231224952196,0.2808397348831359,1.0046837778772891e-05,3.1776932424135436e-05,0.00029812699476805093,1.3915570111614573e-10,1.118207687642275e-10,2.733493235191831e-11,8.021191571139451e-10,7.719520856416896e-10,3.016707147225557e-11,0.0014063015021941428,0.8807895075397295,5.646931557099186e-07,3.233541437227522e-10,1.7199520108882122e-09,0.00011731529263949968,0.011755583410163382
25540,2300,78,108,43.63535,16.11567,96710400.0,0.0001433382504700194,0.023165530481238154,3.544445046579403e-05,0.023070910147070814,5.9175883701546105e-05,0.13503015472841026,0.1256955165810288,0.009334638147381433,0.280746843472288,1.0026648123523973e-05,3.176301407170105e-05,0.00029793819833036253,1.3915273524979305e-10,1.1177586187791131e-10,2.737687337188185e-11,7.987846712932357e-10,7.687788016694747e-10,3.000586962376101e-11,0.0014058704812528046,0.8807062888114574,5.614540485465293e-07,3.2298696933928554e-10,1.7211657755126045e-09,0.00011725960195159151,0.011752114133052083
25541,3333,106,111,44.04433,16.11783,140145984.0,0.00011842616714618567,0.02140661546924934,3.243257125344837e-05,0.021316241100605753,5.794179739013385e-05,0.11024234022715744,0.10132216809693231,0.008920172130225123,0.252599339914906,8.35399345699803e-06,2.8759893198150374e-05,0.0002700663283306808,1.3421185286818114e-10,1.0495973157377961e-10,2.925212129440162e-11,5.47964121569466e-10,5.296257468918787e-10,1.8338374677587235e-11,0.0013150433862835393,0.8367102761776272,3.31192203506582e-07,2.8440840670054265e-10,1.6867560155590684e-09,0.00010751083485409931,0.010420378803532769
25542,3333,106,111,44.03978,16.11036,140145984.0,0.00011863182564278316,0.02141010519756259,3.2447103061613486e-05,0.021319710168449135,5.7947926051838666e-05,0.11047112290221696,0.10154963972735742,0.008921483174859546,0.25267557134009955,8.369969082512705e-06,2.8771020901449912e-05,0.00027021685629776483,1.3421428271161717e-10,1.0499527889525357e-10,2.92190038163637e-11,5.506023931754396e-10,5.321364696821295e-10,1.8465923493310113e-11,0.0013153876496403473,0.836778880903168,3.337535991134169e-07,2.8470284021053225e-10,1.685814467658305e-09,0.00010755560210599902,0.010423135982838155
26586,900,55,44,43.63719,16.02624,37843200.0,8.707574299424048e-05,0.012583086713721738,2.3616438786495442e-05,0.012506785463334683,5.2684811600558493e-05,0.08692112358972108,0.08086451679118034,0.006056606798540662,0.1612827481048034,6.143237740808513e-06,1.7956846371510643e-05,0.00017203358467520797,9.741957052208702e-11,8.416287178758019e-11,1.325669873450693e-11,5.456123245625275e-10,5.250071066314933e-10,2.060521793103449e-11,0.0008971965992670327,0.8852083991868339,4.120526599049327e-07,1.8295797039355156e-10,1.0939019271748174e-09,7.116533762346085e-05,0.0067212523480087326
26587,900,55,44,43.63984,16.02709,37843200.0,8.690312778746087e-05,0.01258025985566923,2.3604255509547005e-05,0.012503975888397046,5.267971176263633e-05,0.08672957814871432,0.08067404333048138,0.006055534818232854,0.16122029669056653,6.129816302885043e-06,1.7947564533695106e-05,0.0001719077869264355,9.741757760507777e-11,8.413301565959586e-11,1.3284561945482022e-11,5.433957246673226e-10,5.228976668762164e-10,2.0498057791106484e-11,0.0008969092475963277,0.885152370914176,4.0989982523189304e-07,1.8271288468024407e-10,1.0947039550347568e-09,7.112813648920643e-05,0.006718942999576717
26588,900,55,44,43.64211,16.02412,37843200.0,8.659435171163291e-05,0.012575244649429187,2.358246748720968e-05,0.012498991574900548,5.267060704142873e-05,0.08638713387938193,0.08033350508651929,0.0060536287928625735,0.16110920522920638,6.105802749710962e-06,1.793098462650712e-05,0.00017168297979222274,9.74140315526158e-11,8.407960045869067e-11,1.3334431093925247e-11,5.394297427701514e-10,5.191234168032012e-10,2.0306325966950342e-11,0.0008963958790985888,0.8850527781111406,4.060475989168686e-07,1.8227530171164213e-10,1.0961434091234371e-09,7.106174234514863e-05,0.006714813973939923
26589,900,55,44,43.63762,16.02154,37843200.0,8.684125585393067e-05,0.012579299909854982,2.3599895699959822e-05,0.01250302210734701,5.267790680800869e-05,0.08666117058298661,0.08060600517671074,0.006055165406275803,0.16119871094638447,6.124998954860078e-06,1.7944267811578452e-05,0.00017186298041491974,9.741688753969608e-11,8.412230352514401e-11,1.3294584014552168e-11,5.426000510572803e-10,5.221404582007312e-10,2.0459592856549247e-11,0.0008968070837991586,0.885133098860385,4.091266114928881e-07,1.8262610140200017e-10,1.0949975679981664e-09,7.11149969574754e-05,0.006718117761842006
26590,900,55,44,43.63813,16.02937,37843200.0,8.71376539901388e-05,0.012584068848600988,2.3620804241699225e-05,0.012507761417343081,5.268662701620703e-05,0.08698967543618209,0.08093269298948076,0.006056982446701257,0.1613046710652963,6.148055462915931e-06,1.796015742050362e-05,0.0001720785345556246,9.742027085037867e-11,8.41735864140692e-11,1.3246684436309578e-11,5.46408031315736e-10,5.257643462778731e-10,2.0643685037863133e-11,0.0008972991652643336,0.8852280116073318,4.12825732264287e-07,1.8304523959393998e-10,1.0936106128251853e-09,7.117856431334973e-05,0.0067220791276724895
26591,900,55,44,43.63887,16.01734,37843200.0,8.656493706015605e-05,0.012574825085287147,2.3580399715565627e-05,0.012498574920731096,5.266976484048472e-05,0.08635478450314661,0.08030132109623868,0.006053463406907874,0.16109949492514358,6.103507976722317e-06,1.7929438207957246e-05,0.0001716618744918463,9.741372024573249e-11,8.407450049953455e-11,1.3339219746198045e-11,5.390506699680667e-10,5.187626683955281e-10,2.0288001572538843e-11,0.0008963478850961711,0.8850441756262988,4.0567893037131944e-07,1.8223477912062204e-10,1.096287232146735e-09,7.105563014018229e-05,0.006714423387103893
26592,900,55,44,43.63944,16.02397,37843200.0,8.679913211461771e-05,0.012578590306758704,2.3596919934705045e-05,0.012502316733075823,5.2676653748174426e-05,0.08661433470730931,0.08055943639443969,0.006054898312869562,0.16118317454514602,6.121726128058687e-06,1.7941991530669815e-05,0.00017183217631475063,9.74163922068902e-11,8.411502156608104e-11,1.3301370640809259e-11,5.420595579161236e-10,5.216260953860891e-10,2.0433462530034656e-11,0.0008967366514835466,0.8851191256940218,4.0860182592664515e-07,1.8256589782825197e-10,1.0951910150574015e-09,7.110584647508925e-05,0.006717553270944946
26593,900,55,44,43.63603,16.03221,37843200.0,8.742749577727038e-05,0.01258877601856682,2.364125614541624e-05,0.01251243958920623,5.2695173215172446e-05,0.08731111851872105,0.08125234706448821,0.006058771454232751,0.16140894282824822,6.170596556127342e-06,1.7975720355711967e-05,0.0001722895537403295,9.742359922892803e-11,8.422372626993514e-11,1.3199872958993009e-11,5.50130828311811e-10,5.29307168018154e-10,2.082366029365729e-11,0.0008977810459258257,0.8853214897077349,4.164417529481284e-07,1.8345597975800168e-10,1.092259368988387e-09,7.12408853057957e-05,0.006725954935864031
26962,2300,80,101,44.05514,15.80433,96710400.0,0.00013083014019363203,0.021261048394019804,3.315156423761291e-05,0.02116998217052541,5.791465925678248e-05,0.12325404686580088,0.11452553137384539,0.008728515491955469,0.25747088351292874,9.171237857174724e-06,2.9142743480564945e-05,0.0002734146519541925,1.3121331589596695e-10,1.0567511789995973e-10,2.5538197996007312e-11,7.229109567903426e-10,6.960470869441687e-10,2.686386984617365e-11,0.0013112207009597688,0.8561535327969044,5.042674253303014e-07,2.933357940982185e-10,1.6141910724198668e-09,0.00010819633407149123,0.010826163267164242
26963,2300,80,101,44.06184,15.76553,96710400.0,0.0001297751316095596,0.021243939829307758,3.307712379218605e-05,0.021152979143046386,5.788356246918469e-05,0.12208412967595511,0.11336211904384767,0.008722010632107396,0.25709171892424193,9.08918636052977e-06,2.9086109573950163e-05,0.0002726466882250941,1.3120121228771187e-10,1.0549260650666187e-10,2.5708605781050075e-11,7.093596254708579e-10,6.831508818199185e-10,2.6208743650939076e-11,0.0013094670767313363,0.8558136619632719,4.911045662470281e-07,2.9184122691561343e-10,1.6191124373141457e-09,0.00010796958137433203,0.010812056728783822
26964,2300,80,101,44.06974,15.76251,96710400.0,0.00012898091074628573,0.021230897851728825,3.3021062511229253e-05,0.02114001670689071,5.78600823268869e-05,0.12120264343870016,0.11248557492088491,0.008717068517815217,0.2568038440435916,9.027437265008624e-06,2.904338282391165e-05,0.0002720676912074723,1.3119202659056424e-10,1.053552422833059e-10,2.583678430725846e-11,6.991615818822435e-10,6.734458572241202e-10,2.571572465812317e-11,0.0013081443888490556,0.8555553330952962,4.81200175482806e-07,2.907128563530156e-10,1.6227985893770105e-09,0.0001077982860142133,0.010801429501906748
26965,2300,80,101,44.06273,15.7806,96710400.0,0.00012978505718097135,0.021244029127399342,3.307781452582557e-05,0.021153067488793514,5.7883824080004365e-05,0.12209480066599726,0.11337274876699831,0.008722051898998912,0.25709421174204355,9.08996716098658e-06,2.9086601730789157e-05,0.0002726535311728981,1.3120129353054022e-10,1.0549433776318004e-10,2.5706955767360265e-11,7.094886748860584e-10,6.832736943590674e-10,2.6214980526990734e-11,0.0013094824536783267,0.8558157697936344,4.912304932688901e-07,2.9185385642643216e-10,1.6190578895306485e-09,0.00010797145283422484,0.010812186054101188
26966,2300,80,101,44.07063,15.77495,96710400.0,0.00012895838358841852,0.021230471293802424,3.301946480579845e-05,0.02113959243711792,5.7859391878704945e-05,0.12117737581721046,0.11246046322954113,0.008716912587669316,0.2567948296571897,9.025692822661103e-06,2.9042138794771382e-05,0.00027205096663537507,1.3119174026060546e-10,1.0535135731345059e-10,2.5840382947154988e-11,6.988735574035908e-10,6.731717586338667e-10,2.5701798769723868e-11,0.0013081059861557282,0.8555471446470949,4.809209008931741e-07,2.9067972006452786e-10,1.6228966244511955e-09,0.00010779322047090155,0.010801125393823106
26967,2300,80,101,44.0704,15.79289,96710400.0,0.00012917524549834313,0.02123392433345867,3.303475784544133e-05,0.021143023819159154,5.7865756454078124e-05,0.12141755933696247,0.11269932736377845,0.008718231973183993,0.25687181358262284,9.042566761472554e-06,2.9053744012753653e-05,0.0002722084854671154,1.3119419920699537e-10,1.0538888598363567e-10,2.5805313223359802e-11,7.016604813431314e-10,6.758239530766648e-10,2.5836528266466435e-11,0.0013084654549859126,0.8556160379484734,4.836284458361143e-07,2.909856627383995e-10,1.621877683242292e-09,0.00010783959776618754,0.010804022044854963
26968,2300,80,101,44.06702,15.79747,96710400.0,0.00012957095379967866,0.021240396567727932,3.30626860654655e-05,0.021149456437701983,5.787744396048636e-05,0.1218566257494501,0.11313593860040765,0.008720687149042457,0.2570148570409307,9.073335476200194e-06,2.9075017358892087e-05,0.00027249682461284096,1.3119876412352775e-10,1.0545733068192186e-10,2.5741433441605986e-11,7.067420586989506e-10,6.806598649587917e-10,2.6082193740158525e-11,0.0013091240612466077,0.8557443550643348,4.885639063506499e-07,2.915473420055536e-10,1.6200381535425513e-09,0.00010792484902326149,0.010809315679733058
26969,2300,80,101,44.06145,15.79659,96710400.0,0.00013009912467651299,0.021249087703574344,3.3099970217277954e-05,0.02115809466691794,5.789306643913364e-05,0.12244291390529038,0.11371893515924501,0.008723978746045365,0.25720656864353003,9.114397490032779e-06,2.9103441608393648e-05,0.0002728819637648114,1.3120488096571553e-10,1.0554867675215663e-10,2.565620421355899e-11,7.13523546377666e-10,6.871135047469464e-10,2.641004163071941e-11,0.0013100039535027083,0.8559164218912538,4.951499760677325e-07,2.922980876999449e-10,1.6175888679900267e-09,0.00010803882919483612,0.010816383823976166
26970,2300,80,93,44.11055,15.7084,96710400.0,0.00011522430421915638,0.018977937324512542,3.0345746751938468e-05,0.018891208098950407,5.638347881020361e-05,0.10863667227320549,0.10064155817024355,0.007995114102961935,0.2307046810310211,8.058040939518673e-06,2.603361160246272e-05,0.00024397943884448253,1.2140400670104587e-10,9.81623976415028e-11,2.324160905954319e-11,6.217775969523573e-10,5.991329022004369e-10,2.2644694751920626e-11,0.001195466496889772,0.8460504138651456,4.260727880503132e-07,2.571993612398564e-10,1.5023248383175753e-09,9.758457397787453e-05,0.00973067577413283
26971,2300,80,93,44.10688,15.71227,96710400.0,0.00011548731660570917,0.018982270657424034,3.036431380677625e-05,0.01889551508296515,5.6391260652114085e-05,0.1089286506230473,0.10093189590080838,0.007996754722238937,0.23080022863781163,8.07848785319957e-06,2.6047769055836724e-05,0.00024417125486857536,1.2140705516379785e-10,9.820788402151473e-11,2.3199171142283202e-11,6.251544453903458e-10,6.023464983164697e-10,2.280794707387621e-11,0.0011959047402347368,0.8461361801536007,4.293522842435602e-07,2.575733171556948e-10,1.5011057956451746e-09,9.764135230963942e-05,0.009734195742828794
26972,2300,80,93,44.11411,15.70434,96710400.0,0.0001149904158435783,0.01897407713678498,3.0329234775436373e-05,0.018887371346230395,5.637655577915922e-05,0.10837699404622829,0.10038334075496028,0.007993653291268008,0.23061961326327143,8.039858990528046e-06,2.6021018040060525e-05,0.00024380882738210254,1.214012927535001e-10,9.812194940560423e-11,2.3279343347895972e-11,6.187748208344953e-10,5.962752942121739e-10,2.2499526622321312e-11,0.0011950766765514388,0.8459740428757393,4.2315663386425313e-07,2.5686668064034854e-10,1.5034081228048063e-09,9.753405838626448e-05,0.009727545263552143
26973,2300,80,93,44.11765,15.7006,96710400.0,0.0001147651521304193,0.018970355863367358,3.0313331220233735e-05,0.018883672645593028,5.6369886554096854e-05,0.10812687541716062,0.10013463002414041,0.007992245393020226,0.23053763094601754,8.022347927092412e-06,2.6008886920405553e-05,0.0002436444889463572,1.2139867732107754e-10,9.808299338221146e-11,2.3315683938866183e-11,6.158828470312169e-10,5.935231319312748e-10,2.2359715099942063e-11,0.0011947011772088694,0.8459004359091346,4.2034811328470896e-07,2.565461991508318e-10,1.5044510662190647e-09,9.748539302818247e-05,0.009724530028657707
26974,2300,80,93,44.09938,15.7268,96710400.0,0.00011596927529666219,0.018990215658839193,3.03983377066407e-05,0.01890341179871325,5.640552241930955e-05,0.10946370858883009,0.10146394629131246,0.007999762297517612,0.23097538079187646,8.115955389285558e-06,2.6073714442568432e-05,0.0002445227725795823,1.2141264332291542e-10,9.82912349602734e-11,2.3121408362642128e-11,6.31342277658418e-10,6.082351823125539e-10,2.310709534586424e-11,0.0011967078701849263,0.8462934094009372,4.3536169040306083e-07,2.582586620723631e-10,1.4988724548968341e-09,9.774541204383995e-05,0.009740646137621031
26975,2300,80,93,44.09409,15.73031,96710400.0,0.00011644603565682881,0.01899804138333563,3.0431990128393673e-05,0.018911189777350228,5.641961585701169e-05,0.10999283820299474,0.1019901101101274,0.008002728092867326,0.23114814027563937,8.153022956774543e-06,2.60993609322857e-05,0.00024487031980908487,1.2141815591773828e-10,9.837369353458792e-11,2.3044462383150456e-11,6.374640990176686e-10,6.14061047559209e-10,2.340305145845969e-11,0.001197501812237262,0.8464484321166708,4.413072596249751e-07,2.5893594412033464e-10,1.4966593375071678e-09,9.784822669506207e-05,0.009747025370903394
26976,2300,80,93,44.09282,15.73599,96710400.0,0.00011651720919936174,0.018999211161794257,3.043701415872694e-05,0.018912352427176923,5.6421720458611404e-05,0.11007183679877965,0.10206866553511455,0.008003171263665088,0.23117395343508973,8.158556431025988e-06,2.610319044472067e-05,0.00024492221171489633,1.214189795568732e-10,9.838600312859847e-11,2.303297642827484e-11,6.383779670919919e-10,6.149307351403099e-10,2.344723195168212e-11,0.0011976203601080301,0.8464715977512669,4.4219480455032956e-07,2.590370828440088e-10,1.496329124228411e-09,9.786358097454463e-05,0.009747977771105757
26977,2300,80,93,44.08355,15.74201,96710400.0,0.0001173940749503152,0.01901359282941405,3.0498906717738477e-05,0.018926646286330787,5.644763636552971e-05,0.11104496692954151,0.1030363441337549,0.008008622795786622,0.23149152262873646,8.226733156531276e-06,2.615035335798049e-05,0.00024556136496215163,1.2142911316147402e-10,9.853766462199177e-11,2.2891448539482365e-11,6.496375757220989e-10,6.256460044413836e-10,2.3991571280715158e-11,0.0011990804112872945,0.8467565427149404,4.531303329718613e-07,2.6028252101530766e-10,1.4922573932614027e-09,9.805263726899847e-05,0.009759710019532535
27735,850,46,52,44.43588,15.08771,35740800.0,0.0001327841602165668,0.015072983049796602,2.84636898752951e-05,0.014989662449126973,5.4856910794332225e-05,0.13431853252438097,0.127538065580538,0.006780466943842858,0.19814575185541536,9.512468296212643e-06,2.2394059027709047e-05,0.0002189086999471092,1.0657999708537525e-10,9.723396624745799e-11,9.346030837917349e-12,1.045876614606143e-09,1.0017462336991481e-09,4.413038090699461e-11,0.0010473602716551836,0.919503338026117,8.811606547427324e-07,2.5578065820340017e-10,1.043568120909274e-09,8.649661628963123e-05,0.00834131752024551
27736,850,46,52,44.43983,15.08593,35740800.0,0.00013237371175794395,0.015066300162459247,2.8434725407499408e-05,0.014983020635978245,5.484480107349858e-05,0.1338632534304216,0.1270853246520155,0.006777928778405984,0.19799783636929338,9.480549683416357e-06,2.2372010517763918e-05,0.00021860978244706692,1.0657527598457561e-10,9.716296595689537e-11,9.412310027680322e-12,1.0406050864965061e-09,9.967295533008524e-10,4.387553319565364e-11,0.001046677608523354,0.9193707039425246,8.760404602071676e-07,2.5519866436686547e-10,1.0454796763045289e-09,8.64083006364405e-05,0.008335828136942464
27737,850,46,52,44.44168,15.08294,35740800.0,0.00013214800322062657,0.015062634897469196,2.8418798940462187e-05,0.014979377952486774,5.483814604196055e-05,0.13361293765184226,0.1268364019301397,0.0067765357217024645,0.19791664205401935,9.462996211325535e-06,2.2359891389624505e-05,0.00021844545731356275,1.0657268423529952e-10,9.712392047030468e-11,9.448763764994953e-12,1.0377060246344754e-09,9.939706439548624e-10,4.373538067961271e-11,0.0010463023590041962,0.9192979150524789,8.732245456769602e-07,2.5487881561354736e-10,1.0465319709159218e-09,8.635977068035157e-05,0.008332809944825765
27738,850,46,52,44.44459,15.08184,35740800.0,0.00013184898325262095,0.015057765322743643,2.839769761412377e-05,0.014974538301676249,5.48293234532637e-05,0.1332812531820259,0.12650656683105505,0.006774686350970801,0.19780886829977176,9.439742977338699e-06,2.2343828063291008e-05,0.00021822768479376207,1.0656924438267546e-10,9.707219551809726e-11,9.497048864578293e-12,1.0338656310431894e-09,9.903159110734144e-10,4.354971996977504e-11,0.0010458050101954037,0.9192012739033232,8.694944087496101e-07,2.544548022721251e-10,1.0479244674094125e-09,8.629542745267628e-05,0.008328810773285794
27739,850,46,52,44.43343,15.0903,35740800.0,0.00013306222807058378,0.01507750378765348,2.8483311624219025e-05,0.014994155364133675,5.4865111895584945e-05,0.13462694036750933,0.12784475575897414,0.0067821846085350575,0.19824585959662022,9.534093135681947e-06,2.2408992479718248e-05,0.00021911117262386079,1.0658319243621786e-10,9.728206837921443e-11,9.301124057003503e-12,1.0494480804368834e-09,1.0051450401160346e-09,4.430304032084855e-11,0.001047822652218993,0.9195930915858935,8.846296461934773e-07,2.561748088363147e-10,1.0422723175918218e-09,8.655642315688742e-05,0.008345036111832892
27740,850,46,52,44.42866,15.09381,35740800.0,0.00013298336710838802,0.015076306598243105,2.8477758212679255e-05,0.014992966017323897,5.486282270652375e-05,0.13453987257699165,0.12775815148833974,0.0067817210886518065,0.1982187416951781,9.527949766642105e-06,2.2404805476803153e-05,0.00021905420342685733,1.065823248841774e-10,9.726840965380267e-11,9.3139152303748e-12,1.0484333551135754e-09,1.0041793685618642e-09,4.425398655171104e-11,0.0010476928480621182,0.9195689283045234,8.836433521595647e-07,2.560647224729112e-10,1.042649583597732e-09,8.653977197439773e-05,0.008343985523240201
27741,850,46,52,44.43056,15.10004,35740800.0,0.00013266295163630857,0.015071094182648114,2.8455147791269072e-05,0.014987785663600551,5.485337125628803e-05,0.1341844815603074,0.1274047406146863,0.006779740945621013,0.19810334027361004,9.503032024621164e-06,2.2387595955981956e-05,0.00021882087861977562,1.0657864144696987e-10,9.721298256742024e-11,9.365658879549729e-12,1.0443180518633415e-09,1.0002630161579432e-09,4.4055035705398266e-11,0.001047160000329272,0.9194654572429475,8.796461531587512e-07,2.556104817011714e-10,1.0441423591786537e-09,8.647084527008452e-05,0.00833970046690784
27790,850,50,53,44.25858,16.07117,35740800.0,0.00010346119677110367,0.01519231291576271,2.6894426692683713e-05,0.015111106225017785,5.431226405223931e-05,0.10101955105274382,0.09422158815092771,0.006797962901816067,0.19312594259320637,7.225844784638861e-06,2.1449792622014024e-05,0.00020270787817004644,1.0919124267435515e-10,9.358194171871913e-11,1.5609300955636092e-11,6.414449256755526e-10,6.170794015182225e-10,2.4365524157330234e-11,0.0010256522098793552,0.8895013669393084,4.822851420168146e-07,2.1854099853935104e-10,1.2278475517083673e-09,8.215694880544775e-05,0.008187697900682788
27791,850,50,53,44.26397,16.04644,35740800.0,0.00010425553356927708,0.015205044851587284,2.695045434248952e-05,0.015123758784348804,5.4335612895991744e-05,0.10189970484912159,0.0950968858743874,0.006802818974734123,0.19340918257973932,7.287641445320291e-06,2.1492348621000368e-05,0.00020328529641147313,1.0920028767637236e-10,9.371938772336782e-11,1.548089995300464e-11,6.516512393774582e-10,6.267923046647409e-10,2.4858934712717596e-11,0.0010269702099649516,0.8897549899542848,4.922000775122255e-07,2.1966330253471654e-10,1.2241249598220036e-09,8.232712934575144e-05,0.008198311923172902
27792,850,50,53,44.27117,16.04046,35740800.0,0.00010504013910826788,0.015217571651355281,2.7005789019321284e-05,0.015136207207869727,5.435865446623341e-05,0.10276884580176748,0.09596124391788269,0.0068076018838847206,0.19368821561246566,7.3486871229789254e-06,2.1534355383414585e-05,0.0002038553786994425,1.0920919948636165e-10,9.385515963289875e-11,1.5354039853462977e-11,6.617335862945374e-10,6.363872353339998e-10,2.5346350960537774e-11,0.001028271294318627,0.8900047583441948,5.019949810518203e-07,2.2077087542008259e-10,1.2204423148764476e-09,8.24950454131094e-05,0.008208793590067657
27793,850,50,53,44.26908,16.0424,35740800.0,0.00010480908934500651,0.015213882067032282,2.6989494030781218e-05,0.015132540704096196,5.435186890530174e-05,0.10251289883598697,0.09570670561429907,0.0068061932216878255,0.1936060356869415,7.330710547256418e-06,2.152198487817277e-05,0.00020368749773761607,1.092065748249046e-10,9.381517781231264e-11,1.5391397012592048e-11,6.587645633840885e-10,6.335617454924716e-10,2.5202817891617063e-11,0.0010278881413992296,0.8899311960871181,4.991106093935733e-07,2.2044470448424951e-10,1.2215266947598625e-09,8.244559509623485e-05,0.008205706927091256
27794,850,50,53,44.27108,16.02726,35740800.0,0.00010448642589735496,0.015208655547863789,2.696672799025791e-05,0.015127346459025354,5.4342360848173264e-05,0.10215511968866328,0.09535091425381928,0.006804205434843954,0.19349016145365483,7.305615210567529e-06,2.150466736490778e-05,0.00020345265575444937,1.0920287577456671e-10,9.375935741409184e-11,1.5443518360474954e-11,6.546198995391528e-10,6.296174513127898e-10,2.5002448226363418e-11,0.0010273519068173637,0.8898273407147429,4.95084711494514e-07,2.1998772560918503e-10,1.2230325289580709e-09,8.237626690308062e-05,0.008201392870275635
27795,850,50,53,44.27228,16.02403,35740800.0,0.00010430540823738968,0.015205717504432462,2.6953955204778655e-05,0.01512442652505417,5.433702417351141e-05,0.10195437406210772,0.09515128544081962,0.006803088621288066,0.19342506615651495,7.291537187513586e-06,2.1494948700784795e-05,0.00020332087536704428,1.0920079787661783e-10,9.37280427406217e-11,1.5472755135996212e-11,6.522948270829708e-10,6.274047823360868e-10,2.4890044746884372e-11,0.0010270509809853195,0.889768986865016,4.928263119161017e-07,2.1973123749554143e-10,1.223876637932907e-09,8.233735144723226e-05,0.00819897235850622
27796,850,50,53,44.27498,16.0233,35740800.0,0.00010434263340861902,0.015206269388136146,2.6956574838297423e-05,0.015124974714260738,5.433809903711041e-05,0.10199541116959028,0.09519210743079623,0.006803303738794001,0.19343766838157497,7.294438710878191e-06,2.1496917607158574e-05,0.00020334769629473117,1.0920120136704379e-10,9.373449276193517e-11,1.5466708605108722e-11,6.527741010839808e-10,6.278608876615654e-10,2.491321342241546e-11,0.0010271120461135587,0.8897801915776065,4.932922636435189e-07,2.1978293784416819e-10,1.2236970321105902e-09,8.234516304668947e-05,0.008199467647675799
28581,1500,63,77,43.70133,16.01997,63072000.0,0.00010857356162116645,0.017798627815814136,2.9138708443437687e-05,0.017713836006265853,5.5653101104851986e-05,0.10284151499021375,0.09524712558958291,0.007594389400630738,0.22058022069386088,7.493216664615118e-06,2.4557895942258143e-05,0.00022915264210170914,1.1790184463356742e-10,9.690959563377998e-11,2.099224899978753e-11,5.856411825898779e-10,5.645547668936296e-10,2.1086415696248446e-11,0.0011381309512128108,0.8838934885329562,4.0164745845679586e-07,2.4094887063482923e-10,1.4475832620228581e-09,9.251965921822043e-05,0.009316508392947892
28582,1500,63,77,43.70334,16.01596,63072000.0,0.00010822348078527713,0.0177929422052186,2.9114005916408652e-05,0.017708185420645048,5.5642778657146736e-05,0.10245326442092656,0.09486103588087867,0.007592228540047798,0.2204542757460435,7.4659907763396235e-06,2.4539098422689463e-05,0.000228897765213657,1.1789782444500555e-10,9.684903502449708e-11,2.104878942050854e-11,5.811446637095423e-10,5.60275628157652e-10,2.0869035551890488e-11,0.0011375489172217514,0.8837805805127146,3.9727990862504584e-07,2.404527620120342e-10,1.4492153256950075e-09,9.244438531616612e-05,0.00931182705296385
28583,1500,63,77,43.70563,16.01262,63072000.0,0.00010789892875993818,0.017787660664893217,2.9091103349545854e-05,0.017702936357146162,5.563320439751023e-05,0.1020932767341022,0.09450305441038032,0.007590222323721786,0.2203373570199823,7.440751573566407e-06,2.4521665687749584e-05,0.00022866141841944082,1.1789409262031208e-10,9.679289273889309e-11,2.110119988141905e-11,5.769762718687691e-10,5.563087537345521e-10,2.0667518134217108e-11,0.0011370091617679855,0.8836757457756713,3.9323115937042413e-07,2.3999262039931715e-10,1.4507271620444906e-09,9.237456207412298e-05,0.009307486590007907
28584,1500,63,77,43.70749,16.00847,63072000.0,0.00010754847952056553,0.01778197289092131,2.906637533912527e-05,0.01769728364284535,5.5622872736833414e-05,0.10170463548537244,0.09411657523376936,0.007588060251602954,0.22021133680485452,7.413496562377978e-06,2.4502850554069406e-05,0.00022840629368190164,1.1789006994039907e-10,9.673226764347084e-11,2.115780229692831e-11,5.724749380893177e-10,5.520250327703964e-10,2.0449905318921525e-11,0.0011364265750471148,0.8835627770234655,3.888589019807773e-07,2.394960660051428e-10,1.4523613828208723e-09,9.229922291573862e-05,0.009302800504355339
28585,1500,63,77,43.70971,16.00471,63072000.0,0.0001072025368528067,0.017776348779880338,2.9041964045869286e-05,0.017691694145992885,5.5612669841584024e-05,0.10132094753894653,0.09373502419278193,0.0075859233461644995,0.22008679502705703,7.386593206034089e-06,2.448427199416616e-05,0.0002281543991593988,1.178860946740076e-10,9.667242402687589e-11,2.1213670647131785e-11,5.680316948773253e-10,5.477965942896288e-10,2.0235100587696666e-11,0.0011358513317437026,0.8834511168493878,3.8454314572897466e-07,2.3900570767093526e-10,1.4539734975976969e-09,9.22248179410205e-05,0.00929817423066185
28586,1500,63,77,43.71195,16.00119,63072000.0,0.00010687039217595404,0.017770946329621135,2.9018526045526677e-05,0.017686324930832765,5.5602872742849026e-05,0.10095255061156516,0.09336867967922548,0.007583870932339611,0.2199671807719277,7.3607632237996635e-06,2.44664329356981e-05,0.00022791253732676285,1.178822767516506e-10,9.661496781060277e-11,2.12673089410479e-11,5.637657290718425e-10,5.437368629635244e-10,2.0028866108318105e-11,0.0011352989905435268,0.8833438698448282,3.8039960178788096e-07,2.3853485428001545e-10,1.455521006954562e-09,9.215337091118754e-05,0.00929373235107037
28587,1500,63,77,43.71447,15.99943,63072000.0,0.0001066323778898277,0.01776705235876581,2.9001727388725948e-05,0.017682454788971853,5.559584240523184e-05,0.10068845224363661,0.09310605834895277,0.007582393894683753,0.219881126804274,7.342256295450755e-06,2.445363668427304e-05,0.000227739099145567,1.1787953055198112e-10,9.657379925714722e-11,2.1305731294833982e-11,5.607092365172454e-10,5.408281345325362e-10,1.9881101984709295e-11,0.0011349028304484747,0.8832666734018807,3.7743100430787234e-07,2.381969904363191e-10,1.4566273501590066e-09,9.210208957408484e-05,0.009290548239737975
31403,2050,80,92,43.4709,16.82487,86198400.0,0.0001210835292160067,0.02040446323531604,3.1770333136901124e-05,0.02031540187902602,5.7291023153117916e-05,0.11427763605923305,0.10578105009421519,0.008496585965017886,0.24882769551060355,8.396650663960447e-06,2.7993328567242652e-05,0.0002620005344662346,1.2676408293083973e-10,1.0139088564969812e-10,2.5373197281141677e-11,6.271531187154167e-10,6.04565429801381e-10,2.2587688914035824e-11,0.0012618649954897108,0.9027402791258324,4.185588899624085e-07,2.7664301721746135e-10,1.627981461550843e-09,0.00010489517908626955,0.010345402307631812
31404,2050,80,92,43.47056,16.82043,86198400.0,0.00012076208104455669,0.02039929116757533,3.174765750238747e-05,0.020310261944150695,5.728156592224615e-05,0.1139213672886468,0.10542675195398282,0.008494615334663991,0.2487127789469799,8.371645549524343e-06,2.7976096003785594e-05,0.00026176676236352656,1.267604136424738e-10,1.0133526861305022e-10,2.5425145029423656e-11,6.23023309493629e-10,6.006352711935156e-10,2.238803830011363e-11,0.0012613313245493378,0.9026373435830995,4.145471410842396e-07,2.761884539786829e-10,1.6294856254394715e-09,0.00010482623904348107,0.010341106143753965
31405,2050,80,92,43.4702,16.8157,86198400.0,0.00012041967880497421,0.020393781941463657,3.172350372226319e-05,0.020304786945537556,5.7271492203838526e-05,0.11354187457345258,0.1050493583302245,0.008492516243228094,0.24859037123571462,8.345010441399668e-06,2.7957740105092934e-05,0.00026151775143404656,1.2675650516182571e-10,1.0127602610060604e-10,2.5480479061219774e-11,6.186242928396872e-10,5.964489196602837e-10,2.2175373179403742e-11,0.0012607628653399342,0.9025276978910071,4.1027388078092576e-07,2.7570425918033545e-10,1.6310878393426785e-09,0.00010475280500836858,0.010336529927710988
31406,2050,80,92,43.47013,16.81067,86198400.0,0.0001200599102683244,0.020387984405368983,3.16981236953833e-05,0.020299025377955478,5.726090371811739e-05,0.11314309274127554,0.10465278452523025,0.008490308216045314,0.24846162187941556,8.31702552575282e-06,2.793844817115814e-05,0.000261256063532194,1.2675239440025264e-10,1.0121378062627198e-10,2.553861377398074e-11,6.140023556969333e-10,5.9205042469366e-10,2.195193100327341e-11,0.0012601654353914162,0.9024123559318552,4.057841442513233e-07,2.7519532897488326e-10,1.6327702930534698e-09,0.00010467561399837643,0.010331721190193856
31407,2050,80,92,43.46923,16.80588,86198400.0,0.00011970581859375248,0.020382302530505558,3.167314738648375e-05,0.020293378890365376,5.725049275369678e-05,0.11275071662947968,0.10426257487421188,0.008488141755267813,0.2483352666207632,8.28947920152531e-06,2.7919474368004426e-05,0.00026099863378941724,1.2674835951327133e-10,1.0115251255110286e-10,2.559584696216853e-11,6.094528233839859e-10,5.877208335902463e-10,2.173198979373976e-11,0.001259577810758379,0.902299201678376,4.013645468891346e-07,2.746949123069545e-10,1.6344289819323873e-09,0.00010459972935568958,0.010326989474537864
31413,2300,76,71,44.22147,15.66369,96710400.0,8.768731584667256e-05,0.013715664558272037,2.428285730667488e-05,0.013638321599324045,5.306010164131751e-05,0.08510176435775847,0.07875758439564472,0.006344179962113699,0.1727534180706472,6.0961652012463126e-06,1.931434738654649e-05,0.00018273056086021012,9.756673054115171e-11,8.151774889202124e-11,1.604898164913054e-11,4.983435139283461e-10,4.799610925828106e-10,1.838242134553564e-11,0.0009349587236450836,0.87112789605138,3.5442923732002267e-07,1.8645954528055132e-10,1.2214913894854873e-09,7.558669546758789e-05,0.007231161120667659
31414,2300,76,71,44.22358,15.66205,96710400.0,8.784740032130956e-05,0.013718206490381156,2.429414547230103e-05,0.013640847548072306,5.3064796836551006e-05,0.08527903148251964,0.07893387953020918,0.006345151952310409,0.17281014078221837,6.108622182224329e-06,1.932291019627003e-05,0.0001828468014789754,9.756854248956503e-11,8.154545343532586e-11,1.6023089054239247e-11,5.004009361439409e-10,4.819190521126246e-10,1.848188403131671e-11,0.0009352239682099131,0.87117864486862,3.5642811546032356e-07,1.866852470366355e-10,1.220738409254661e-09,7.562090477263358e-05,0.0072332990548796515
31415,2300,76,71,44.22516,15.65834,96710400.0,8.814123656725019e-05,0.013722916845651476,2.431487096547217e-05,0.01364552854051273,5.307343417327245e-05,0.08560461560507239,0.07925766714717133,0.006346948457901,0.17291492471685585,6.131481549315214e-06,1.933865261325932e-05,0.0001830603999144294,9.757188865086793e-11,8.159629650129576e-11,1.5975592149572244e-11,5.041763799442165e-10,4.855119771261939e-10,1.8664402818022927e-11,0.0009357115247334303,0.8712724732085811,3.6009576968691646e-07,1.871004155988523e-10,1.2193614437306036e-09,7.568385924468242e-05,0.007237225359671674
31416,2300,76,71,44.22598,15.65485,96710400.0,8.840188471364828e-05,0.013727106521282204,2.433325708443678e-05,0.013649692163355029,5.308110084274177e-05,0.0858934789139943,0.07954493370642998,0.006348545207564265,0.17300804363028463,6.151757603797332e-06,1.9352623398043633e-05,0.00018324993340328288,9.757486203631994e-11,8.164139472009022e-11,1.5933467316229802e-11,5.075251498145752e-10,4.886988548911038e-10,1.882629492347176e-11,0.0009361441904062556,0.8713558763590248,3.6334884028375943e-07,1.8746891846367672e-10,1.2181413087048845e-09,7.573974460900694e-05,0.007240708734330818
31417,2300,76,71,44.22648,15.65112,96710400.0,8.867120362800869e-05,0.013731442357283455,2.4352255748939516e-05,0.01365400107605076,5.3089025483758325e-05,0.08619198338570591,0.07984178642333378,0.00635019696237207,0.1731043619929171,6.17270732651816e-06,1.9367062787546554e-05,0.00018344580812942467,9.757793742470851e-11,8.168799184148347e-11,1.5889945583225123e-11,5.10985172943783e-10,4.919916073353344e-10,1.899356560844871e-11,0.0009365913553884143,0.8714421572021336,3.667099301771664e-07,1.8784981556224558e-10,1.2168813654329904e-09,7.57975138609119e-05,0.0072443083085416545
34096,2300,80,108,44.07938,15.61229,96710400.0,0.0001410344003737771,0.023313969095513684,3.5467358067215456e-05,0.023219294620020536,5.9207117425926646e-05,0.131981231396072,0.12260185573482206,0.00937937566124988,0.28055218898353,9.878183964624671e-06,3.17845706689868e-05,0.0002974301826040569,1.403724567684577e-10,1.119796956537201e-10,2.839276111473766e-11,7.622778649121694e-10,7.34148898373459e-10,2.8128966538710432e-11,0.0014118968253960733,0.8584408276748795,5.237843850909011e-07,3.2060556287517906e-10,1.7346976451898216e-09,0.00011699089325648208,0.011792328547102496
34097,2300,80,108,44.08541,15.60872,96710400.0,0.00014073392638422425,0.02330893315278591,3.544613500637805e-05,0.023214288827469152,5.9198190310373944e-05,0.13164726573151994,0.12226978812054369,0.009377477610976178,0.2804417518665904,9.854835292991558e-06,3.176834827547431e-05,0.00029721059031993807,1.4036893521949012e-10,1.11927747418785e-10,2.844118780070523e-11,7.584218988914032e-10,7.304793496725659e-10,2.794254921883738e-11,0.0014113948255741996,0.8583415468117259,5.200402719262755e-07,3.201766374254594e-10,1.7360804908124772e-09,0.00011692571577723543,0.011788303179603998
34098,2300,80,108,44.08887,15.60092,96710400.0,0.0001408469593943202,0.023310669243501118,3.5454097522296035e-05,0.023216013665831443,5.920148014737124e-05,0.13177215606403564,0.12239400848042498,0.0093781475836106,0.2804809223804406,9.863638219575498e-06,3.177436101526208e-05,0.00029729235278036774,1.4037018786726138e-10,1.1194732076138735e-10,2.842286710587411e-11,7.59875887475182e-10,7.318630491268591e-10,2.8012838348322963e-11,0.0014115811915369212,0.8583764867106982,5.21453359783531e-07,3.2033482864026534e-10,1.7355420651525848e-09,0.00011694965582496715,0.011789809961880929
34099,2300,80,108,44.0935,15.6087,96710400.0,0.00014013264683013465,0.023298962672222336,3.540367980260118e-05,0.023204378619995792,5.918037242394649e-05,0.13097946686630002,0.12160575770054372,0.009373709165756233,0.2802223594186673,9.808098965521596e-06,3.173594627383209e-05,0.00029677173375226076,1.4036193693780821e-10,1.1182377245735018e-10,2.853816448045814e-11,7.507033864871539e-10,7.231339872057843e-10,2.7569399281369764e-11,0.0014103919455588114,0.8581445020344096,5.125447940296086e-07,3.193204498289748e-10,1.7388600182805027e-09,0.000116795679725991,0.01178025306211857
34108,2300,80,93,44.27472,16.01231,96710400.0,0.0001249631723433994,0.019190292189334077,3.105125478206709e-05,0.019102526435739512,5.6714498812497905e-05,0.11958654010939525,0.11149883985439583,0.008087700254999386,0.23543007959604034,8.795827395527607e-06,2.667293848941821e-05,0.000252249632269462,1.215574538331415e-10,9.980006229297383e-11,2.1757391540167772e-11,7.421453006678715e-10,7.136580770925676e-10,2.8487223575304348e-11,0.0012137904556160301,0.8655452584384661,5.426902905848516e-07,2.7199337001994227e-10,1.4718504908489631e-09,0.00010030644971842093,0.009868673862993909
34109,2300,80,93,44.27478,16.01902,96710400.0,0.00012541422367464872,0.01919755303684421,3.108307336409678e-05,0.019109742192918527,5.6727770561588354e-05,0.12008646748383055,0.11199600110194069,0.008090466381889871,0.2355913809728041,8.830913773286321e-06,2.669712094171342e-05,0.0002525776763813762,1.2156260410821856e-10,9.987810260985307e-11,2.1684501498365585e-11,7.479401124157726e-10,7.191727456084998e-10,2.876736680727299e-11,0.0012145393492298193,0.8656897489666343,5.483194159592997e-07,2.72631275931865e-10,1.4697402705990094e-09,0.00010040319807894744,0.009874702341292084
36592,2500,80,91,43.60937,16.47479,105120000.0,0.00010002164493798043,0.017378827579665357,2.8134307040553605e-05,0.01729546596729281,5.522730533199068e-05,0.09359710732556434,0.08612461913118356,0.007472488194380793,0.2111245292628471,6.94199872203551e-06,2.3684746771777962e-05,0.0002207779975470005,1.1499792954413019e-10,9.259165450939697e-11,2.2406275034733322e-11,4.929247420766639e-10,4.760578523167803e-10,1.6866889759883715e-11,0.0011104146880978152,0.8369077539083641,3.144909649533373e-07,2.266209289283346e-10,1.4488946708268798e-09,8.943813687871296e-05,0.00892275087820232
