turbine_idx,P_rated_kW,Hub_height_m,Diameter_m,Latitude,Longitude,Lifetime_production_kWh,acidification - accumulated exceedance (AE)[mol H+-Eq],climate change - global warming potential (GWP100)[kg CO2-Eq],climate change: biogenic - global warming potential (GWP100)[kg CO2-Eq],climate change: fossil - global warming potential (GWP100)[kg CO2-Eq],climate change: land use and land use change - global warming potential (GWP100)[kg CO2-Eq],ecotoxicity: freshwater - comparative toxic unit for ecosystems (CTUe)[CTUe],"ecotoxicity: freshwater, inorganics - comparative toxic unit for ecosystems (CTUe)[CTUe]","ecotoxicity: freshwater, organics - comparative toxic unit for ecosystems (CTUe)[CTUe]","energy resources: non-renewable - abiotic depletion potential (ADP): fossil fuels[MJ, net calorific value]",eutrophication: freshwater - fraction of nutrients reaching freshwater end compartment (P)[kg P-Eq],eutrophication: marine - fraction of nutrients reaching marine end compartment (N)[kg N-Eq],eutrophication: terrestrial - accumulated exceedance (AE)[mol N-Eq],human toxicity: carcinogenic - comparative toxic unit for human (CTUh)[CTUh],"human toxicity: carcinogenic, inorganics - comparative toxic unit for human (CTUh)[CTUh]","human toxicity: carcinogenic, organics - comparative toxic unit for human (CTUh)[CTUh]",human toxicity: non-carcinogenic - comparative toxic unit for human (CTUh)[CTUh],"human toxicity: non-carcinogenic, inorganics - comparative toxic unit for human (CTUh)[CTUh]","human toxicity: non-carcinogenic, organics - comparative toxic unit for human (CTUh)[CTUh]",ionising radiation: human health - human exposure efficiency relative to u235[kBq U235-Eq],land use - soil quality index[dimensionless],material resources: metals/minerals - abiotic depletion potential (ADP): elements (ultimate reserves)[kg Sb-Eq],ozone depletion - ozone depletion potential (ODP)[kg CFC-11-Eq],particulate matter formation - impact on human health[disease incidence],photochemical oxidant formation: human health - tropospheric ozone concentration increase[kg NMVOC-Eq],water use - user deprivation potential (deprivation-weighted water consumption)[m3 world eq. deprived]
72547,3600,82,120,56.50794,11.18376,214444800.0,8.249648007717984e-05,0.014234537568975436,2.3338170432365767e-05,0.014166555039729642,4.464435881343369e-05,0.07865952743643262,0.07242931497005449,0.006230212466378103,0.18033332298893012,5.426538212674791e-06,2.1247577970477056e-05,0.00019672747738184312,9.934802101401606e-11,7.958143695939558e-11,1.9766584054620593e-11,4.143782698767406e-10,4.0035565207927833e-10,1.4022617797462348e-11,0.0008593298188105514,0.6290098358340745,2.605145137076485e-07,1.951163215851618e-10,1.1902841870937963e-09,7.70107360934238e-05,0.00755031145764545
72548,3600,82,120,56.5135,11.18464,214444800.0,8.236203570235853e-05,0.01423247964965423,2.3328701485718276e-05,0.014164510498568563,4.464044959995407e-05,0.07851102424525627,0.07228160661326465,0.006229417631991577,0.18028684218423574,5.4160677657880485e-06,2.1240425430708508e-05,0.0001966302130507268,9.934653453890001e-11,7.955815639556987e-11,1.9788378143330245e-11,4.126488484957628e-10,3.9870983489120766e-10,1.3939013604555284e-11,0.0008591082930192341,0.6289684061721217,2.588336769249786e-07,1.9492832597204165e-10,1.1909251176291504e-09,7.698227419238808e-05,0.0075485197756152336
72549,3600,82,120,56.51732,11.20366,214444800.0,8.234150095291648e-05,0.014232443047667834,2.332729245066755e-05,0.014164475782753668,4.463997246350294e-05,0.07848964305105927,0.07226026957633602,0.006229373474723209,0.18028390661239246,5.414434214631733e-06,2.1239490510979888e-05,0.00019661683763427131,9.934643395162602e-11,7.95545456243123e-11,1.9791888327313845e-11,4.123786636512513e-10,3.9845270406914016e-10,1.3925959582111178e-11,0.00085907880317775,0.6289663015286663,2.585688495085954e-07,1.9490515964012218e-10,1.1910549731958807e-09,7.697894168234531e-05,0.007548259255655377
72550,3600,82,120,56.51907,11.18538,214444800.0,8.22276913494596e-05,0.014230422254370528,2.331923944863813e-05,0.01416246647206202,4.463654285987279e-05,0.07836262681846479,0.07213400370960898,0.006228623108855776,0.18024038086213506,5.405605232978842e-06,2.123327764094271e-05,0.0001965330157126352,9.934504871116223e-11,7.953489335090345e-11,1.9810155360258905e-11,4.109207356322612e-10,3.9706526299046505e-10,1.3855472641796293e-11,0.0008588869162789333,0.6289269920194108,2.5715411999576453e-07,1.9474045010568145e-10,1.1915654554468417e-09,7.695382978682254e-05,0.007546729378897848
72551,3600,82,120,56.52192,11.21343,214444800.0,8.22849213726905e-05,0.014231729561208386,2.3323327992175825e-05,0.014163767840011434,4.4638393204781806e-05,0.07842786160326776,0.07219878019189557,0.006229081411372156,0.18026663305757687,5.41000897849367e-06,2.1236566984075393e-05,0.00019657671825147618,9.934587785201149e-11,7.954471804438888e-11,1.9801159807622743e-11,4.1164753752266476e-10,3.977569182251672e-10,1.3890619297497593e-11,0.0008589879635143417,0.6289511863442386,2.578570362415522e-07,1.9482909124970146e-10,1.1913422606545115e-09,7.696752120996693e-05,0.007547512461427231
72552,3600,82,120,56.52464,11.18599,214444800.0,8.209377238882796e-05,0.01422837057682843,2.33098072656266e-05,0.014160428121416756,4.463264814605107e-05,0.07821469554946975,0.07198686466958204,0.006227830879887685,0.1801940547094695,5.395175927535277e-06,2.1226152032127555e-05,0.00019643612189523252,9.934356722536407e-11,7.951170412474723e-11,1.9831863100616977e-11,4.0919811204175524e-10,3.954259150196354e-10,1.3772197022119945e-11,0.0008586662280444166,0.6288856968841011,2.554799045106355e-07,1.94553153217454e-10,1.1922036739723056e-09,7.692547253706185e-05,0.007544944613653953
72553,3600,82,120,56.52669,11.22357,214444800.0,8.22414496431587e-05,0.01423123515455942,2.332028919457249e-05,0.014163277662320018,4.463720304483517e-05,0.07838064506560148,0.07215177309522054,0.006228871970380917,0.18025416768358785,5.406602295285133e-06,2.1234351265031707e-05,0.00019654618010047351,9.934547507468867e-11,7.953715658867823e-11,1.980831848601055e-11,4.110846230364758e-10,3.9722121180046863e-10,1.3863411236007326e-11,0.000858919010364932,0.6289403908179441,2.573085607936343e-07,1.9477172012152671e-10,1.191569181801129e-09,7.695894304588784e-05,0.007546941222171645
72554,3600,82,120,56.52987,11.21396,214444800.0,8.210796221583792e-05,0.01422902550099931,2.3310865340371657e-05,0.01416108138586373,4.4633249795212826e-05,0.07823241953957043,0.0720043830229876,0.00622803651658279,0.18020552318418434,5.3962269343398506e-06,2.1227155250992423e-05,0.0001964487210909939,9.934392342158604e-11,7.95140746499657e-11,1.9829848771620455e-11,4.093711278952076e-10,3.95590555333856e-10,1.378057256135173e-11,0.0008586964579380518,0.6288967259052762,2.556445405460125e-07,1.945817389857492e-10,1.1921864023877208e-09,7.693007582418498e-05,0.007545154422138228
72555,3600,82,120,56.53021,11.18645,214444800.0,8.196027796465231e-05,0.014226324374547947,2.330040484565745e-05,0.01415839520436776,4.4628765334534334e-05,0.07806722841852828,0.07184018754229943,0.0062270408762288105,0.1801478599913088,5.38477981115126e-06,2.1219048428611332e-05,0.00019633952975654843,9.934208996760009e-11,7.948858861429086e-11,1.9853501353309347e-11,4.074809717014753e-10,3.9379178525315954e-10,1.3689186448315867e-11,0.0008584462233163985,0.6288445170143321,2.538110264602348e-07,1.9436642952858224e-10,1.1928397508873912e-09,7.6897201423849e-05,0.007543165457627514
72556,3600,82,120,56.53137,11.23352,214444800.0,8.221479131041975e-05,0.014231008248411678,2.331843592762279e-05,0.014163053306339542,4.463650614451829e-05,0.07835204759640627,0.07212328284588936,0.00622876475051688,0.18024766715765414,5.4045037762569515e-06,2.123303578350436e-05,0.0001965278597287392,9.93452628107679e-11,7.95325045564597e-11,1.981275825430835e-11,4.1073776678244755e-10,3.9689111859012414e-10,1.384664819232354e-11,0.0008588779195430108,0.6289349306218195,2.5696999232955217e-07,1.9473806198616602e-10,1.191717116210461e-09,7.695396133113624e-05,0.007546594527483109
72557,3600,82,120,56.53579,11.18678,214444800.0,8.18271341708934e-05,0.014224282882802792,2.3291027032651706e-05,0.014156366963335464,4.462489243468186e-05,0.07792014550818335,0.07169389274528763,0.006226252762895679,0.18010177665197147,5.374411082776253e-06,2.1211963106468872e-05,0.00019624318778299998,9.934061628763002e-11,7.94655339493473e-11,1.9875082338282835e-11,4.0576835595583336e-10,3.921619613693804e-10,1.3606394586453085e-11,0.0008582267860542614,0.628803435209543,2.5214655117346983e-07,1.941801830171465e-10,1.1934740807041598e-09,7.686900214048756e-05,0.007541390943244263
72558,3600,82,120,56.53605,11.24349,214444800.0,8.220480759993372e-05,0.01423105072912539,2.3317758955070828e-05,0.014163096669969436,4.463630020088837e-05,0.07834193469538413,0.07211317464855627,0.0062287600468278305,0.1802471436315118,5.403702118155953e-06,2.1232615431680884e-05,0.00019652167811963888,9.934524135201826e-11,7.953073712385962e-11,1.9814504228158756e-11,4.1060509646248413e-10,3.967648567013354e-10,1.3840239761148818e-11,0.0008588645251418883,0.6289348239796234,2.568394789047599e-07,1.9472800290775036e-10,1.1917871870079053e-09,7.695256134041354e-05,0.00754647071769592
72559,3600,82,120,56.53774,11.21394,214444800.0,8.193400705877344e-05,0.014226362764571086,2.3298613636467997e-05,0.014158435959214052,4.4628191720572015e-05,0.07804027378476346,0.07181326569889321,0.006227008085870198,0.18014538203290034,5.382679415454979e-06,2.12179006905496e-05,0.00019632287235462538,9.934200008377179e-11,7.948395235366102e-11,1.9858047730110887e-11,4.0713346138178813e-10,3.934610627486373e-10,1.3672398633150898e-11,0.0008584098292080454,0.6288431203299093,2.534697370051611e-07,1.9433849421286836e-10,1.193015687230127e-09,7.689324936699467e-05,0.007542836195505785
72560,3600,82,120,56.54073,11.25345,214444800.0,8.22115261794221e-05,0.01423136268621067,2.331826018078405e-05,0.01416340784015571,4.463658587418043e-05,0.07835033535899594,0.07212147742900694,0.006228857929988964,0.1802526016630574,5.404199516998646e-06,2.1233091492036815e-05,0.00019652765350896263,9.934541085226857e-11,7.953185914793818e-11,1.9813551704330503e-11,4.1068697523944007e-10,3.968427717496502e-10,1.3844203489789967e-11,0.0008588788675239514,0.6289400743382931,2.5691737616510664e-07,1.947415749026058e-10,1.1917792238568241e-09,7.695474771067004e-05,0.00754657014572593
72561,3600,82,120,56.54136,11.18696,214444800.0,8.169488027469837e-05,0.014222254206463544,2.3281711787255313e-05,0.014154351449614248,4.4621045062045185e-05,0.07777404177583859,0.07154857208941748,0.006225469686421084,0.18005598888663252,5.3641117586974525e-06,2.1204924670240285e-05,0.00019614748531203769,9.933915207970356e-11,7.944263353972135e-11,1.9896518539982325e-11,4.040672049043691e-10,3.905430479714709e-10,1.3524156932898276e-11,0.0008580088024747316,0.6287626153723574,2.50493224984662e-07,1.9399516476002728e-10,1.1941040753813746e-09,7.684098830331899e-05,0.00753962825000687
72562,3600,82,120,56.54445,11.24096,214444800.0,8.202351946262653e-05,0.014228249337979216,2.3304987247192934e-05,0.014160313333232005,4.463101750002234e-05,0.07814156544565894,0.07191388452763602,0.006227680918022882,0.180184071325374,5.389586774601331e-06,2.1222955769571395e-05,0.00019639038351705303,9.93432249124309e-11,7.949935026432727e-11,1.9843874648103745e-11,4.0827367642744466e-10,3.9454614355184036e-10,1.3727532875604356e-11,0.0008585654005216243,0.6288785571018717,2.5457376799356635e-07,1.9447397675441702e-10,1.192648390670066e-09,7.69140859964849e-05,0.007544053518266678
72563,3600,82,120,56.54541,11.26341,214444800.0,8.223486503174506e-05,0.014231942913928815,2.3319933834938293e-05,0.014163985619292826,4.463736080105688e-05,0.0783771592263186,0.07214810129738396,0.006229057928934615,0.18026401364181935,5.405989579200148e-06,2.1234459629385025e-05,0.00019654572682594796,9.934577042732485e-11,7.953585641666989e-11,1.980991401065506e-11,4.10982347008196e-10,3.9712385868317913e-10,1.385848832501695e-11,0.0008589208123258942,0.6289506571794135,2.572026572751445e-07,1.947786642774233e-10,1.191693623471743e-09,7.696050326039386e-05,0.007546891720916583
72564,3600,82,120,56.54561,11.21355,214444800.0,8.176302231689658e-05,0.01422374443073223,2.3286570996764438e-05,0.014155834640179362,4.462321955610753e-05,0.07785140407173062,0.07162540715173744,0.006225996919993153,0.18008625186010405,5.369363362326447e-06,2.1208803554178015e-05,0.00019619916689917824,9.93401091031828e-11,7.945434462906668e-11,1.9885764474116258e-11,4.049340278709723e-10,3.91367954923177e-10,1.3566072947795498e-11,0.0008581280782050184,0.6287904139051254,2.5133210095136026e-07,1.9409938174037675e-10,1.1938306887718326e-09,7.685704785576789e-05,0.007540557503926457
72565,3600,82,120,56.54694,11.18701,214444800.0,8.156332462320448e-05,0.014220235865866692,2.327244567217124e-05,0.014152346202354497,4.461721784002798e-05,0.07762870765382412,0.0714040170138133,0.006224690640010776,0.18001043724187027,5.3538668570134315e-06,2.1197923181359883e-05,0.00019605228611156467,9.933769543151417e-11,7.941985410874073e-11,1.9917841322773567e-11,4.0237504335891654e-10,3.889326895155491e-10,1.3442353843367518e-11,0.0008577919638916685,0.628722005346983,2.488486385914013e-07,1.9381111583393305e-10,1.1947307008179647e-09,7.681312099793494e-05,0.007537874845314373
72566,3600,82,120,56.55008,11.27338,214444800.0,8.227451517497327e-05,0.014232786361633986,2.3322758112820504e-05,0.014164824987662548,4.4638615858621514e-05,0.07842206350115848,0.0721927053735046,0.006229358127653854,0.18028126793066826,5.409048281112468e-06,2.123670322350291e-05,0.00019657567282453073,9.934631651474031e-11,7.954267548987098e-11,1.980364102486946e-11,4.114872441682766e-10,3.9760434171282413e-10,1.3882902455452576e-11,0.0008589898454096458,0.6289664724057502,2.576914686778133e-07,1.9483883256366152e-10,1.1915318218937934e-09,7.696976140482675e-05,0.007547431310409141
72567,3600,82,120,56.55252,11.18692,214444800.0,8.143296394819716e-05,0.01421823558161251,2.3263263688040072e-05,0.014150358892661849,4.46134252626264e-05,0.0774846923660426,0.07126077377310379,0.006223918592938781,0.1799652952075758,5.343715048413732e-06,2.1190985132811232e-05,0.0001959579501690299,9.933625188850917e-11,7.939728164794243e-11,1.9938970240566858e-11,4.0069825846703293e-10,3.8733696437672753e-10,1.3361294090305595e-11,0.0008575770906105692,0.6286817599859278,2.47218998764929e-07,1.9362873316771776e-10,1.1953516024553985e-09,7.678550581077722e-05,0.007536137354440814
72568,3600,82,120,56.55283,11.2382,214444800.0,8.18483112283105e-05,0.0142255440966774,2.329264416188611e-05,0.014157625539599454,4.4625912916067164e-05,0.07794792632669106,0.07172128773487421,0.0062266385918168105,0.1801231472581682,5.375944548933981e-06,2.1213621313226886e-05,0.00019626350389503235,9.934127709988716e-11,7.946901559824112e-11,1.9872261501646152e-11,4.0602039797850633e-10,3.924017943636297e-10,1.3618603614876842e-11,0.0008582763421212994,0.6288242106983306,2.523839786294879e-07,1.9422851386171827e-10,1.1934809650038585e-09,7.68769090434146e-05,0.007541717489046421
72569,3600,82,120,56.55347,11.21279,214444800.0,8.159640875981976e-05,0.014221192948006466,2.3274836212792506e-05,0.014153299737326952,4.4618374466726885e-05,0.07766736236586338,0.07144235078544221,0.006225011580421131,0.18002863204726122,5.356387741595169e-06,2.1199938935190175e-05,0.00019607862348632377,9.933826642592107e-11,7.9425493836014e-11,1.991277258990721e-11,4.0279082423055077e-10,3.8932835868884245e-10,1.3462465541708456e-11,0.0008578535287549654,0.6287390536002865,2.4924911556922065e-07,1.9386638040465921e-10,1.1946248450957939e-09,7.682177151354754e-05,0.007538337062495392
72570,3600,82,120,56.55476,11.28334,214444800.0,8.232904612859136e-05,0.014233870075616885,2.332663212359633e-05,0.014165903134496997,4.4640308996298274e-05,0.0784834631642556,0.0722537133892486,0.006229749775006962,0.18030385412061328,5.413264348455951e-06,2.1239745571842296e-05,0.00019661645097985382,9.934703281696545e-11,7.955206887290401e-11,1.9794963944061565e-11,4.121832887621788e-10,3.982667313415858e-10,1.3916557420593103e-11,0.0008590835932054588,0.6289870631258833,2.5836595720999366e-07,1.9492005837283458e-10,1.191300516878594e-09,7.698221544695677e-05,0.007548169800779645
72571,3600,82,120,56.55749,11.26846,214444800.0,8.211610937606324e-05,0.014230308129211324,2.3311594380245747e-05,0.014162362548031543,4.463398679953884e-05,0.07824684246220613,0.07201843571995341,0.006228406742252682,0.1802257003541221,5.3967183486819695e-06,2.122824554677111e-05,0.00019646078808460482,9.934454073383505e-11,7.951525632729315e-11,1.9829284406542037e-11,4.094507594511974e-10,3.956663067475198e-10,1.378445270367776e-11,0.0008587280003211712,0.6289168447581757,2.557126253382754e-07,1.9461626183014732e-10,1.1922808211124953e-09,7.693603125021904e-05,0.007545317772129074
72572,3600,82,120,56.5581,11.18669,214444800.0,8.124214570157073e-05,0.014196954052836717,2.3242003195995252e-05,0.01412911053240849,4.4601517232236156e-05,0.07728362793874533,0.07106395281166361,0.006219675127081658,0.17978144247449557,5.328416102452415e-06,2.116746913156771e-05,0.00019569714693165724,9.926765686918757e-11,7.93355841444281e-11,1.99320727247596e-11,3.9879228448393315e-10,3.8551720852739714e-10,1.3275075956536322e-11,0.0008566721570239175,0.6286025254811645,2.455233761076291e-07,1.9325465846332608e-10,1.1950950338692592e-09,7.669578521911953e-05,0.007529902161831052
72573,3600,82,120,56.55944,11.29333,214444800.0,8.239795468906035e-05,0.014235186227796818,2.33315204096896e-05,0.014167212281858856,4.464242552827717e-05,0.07856080180377184,0.07233057194265431,0.006230229861117509,0.18033159635810145,5.41859860756502e-06,2.124355983234208e-05,0.0001966676965775738,9.934791371316537e-11,7.956394945524025e-11,1.9783964257925254e-11,4.130640105761128e-10,3.9910487014395334e-10,1.3959140432159452e-11,0.0008592012246125179,0.6290122723649885,2.5921983543547234e-07,1.950216355583741e-10,1.1910020928683614e-09,7.699775839951281e-05,0.0075491004801095584
72574,3600,82,120,56.56119,11.23522,214444800.0,8.16815699222589e-05,0.014222973652866747,2.328089810070837e-05,0.014155071697998704,4.4621056767341735e-05,0.07776366385702001,0.07153801608991338,0.006225647767106573,0.18006522831673966,5.362961080538214e-06,2.1204740250999965e-05,0.0001961427774042259,9.933942526702959e-11,7.94401460485908e-11,1.9899279218438907e-11,4.038759206870035e-10,3.903609864983943e-10,1.3514934188609326e-11,0.0008580013160870445,0.6287725524255721,2.502998921022394e-07,1.939949941889752e-10,1.1942737732592406e-09,7.684154352353012e-05,0.007539494540695032
72575,3600,82,120,56.56132,11.21165,214444800.0,8.143593725947767e-05,0.014218736803661576,2.32635341925627e-05,0.014150859560928906,4.461370854011112e-05,0.07749011118657663,0.07126604826598598,0.006224062920590615,0.17997315553151433,5.343890297077443e-06,2.1191401828574518e-05,0.00019596253062167474,9.933649226023074e-11,7.939770634781062e-11,1.9938785912420235e-11,4.0072660000722813e-10,3.8736392379066035e-10,1.336267621656787e-11,0.0008575891203529071,0.6286896061154561,2.472428802012572e-07,1.9364199402570726e-10,1.1953898729136393e-09,7.67878002792903e-05,0.00753619853617685
72576,3600,82,120,56.56412,11.30329,214444800.0,8.254131777023811e-05,0.014256007990935562,2.3349474368222752e-05,0.014188005447697776,4.4653068869569736e-05,0.07871069757994612,0.07247643065006282,0.00623426692988326,0.18050304007873083,5.430168827824814e-06,2.126470243283785e-05,0.00019689558955550277,9.94161054486877e-11,7.961737680859276e-11,1.9798728640095055e-11,4.143537509215584e-10,4.0033817546275464e-10,1.4015575458803857e-11,0.0008600321375921674,0.6290809378246776,2.6031439264442423e-07,1.9533467903115876e-10,1.1915155764048164e-09,7.707840687883318e-05,0.007554715871068088
72577,3600,82,120,56.56471,11.18624,214444800.0,8.115493544519068e-05,0.01421397061254911,2.3243680842576566e-05,0.014146121594612053,4.460533709448551e-05,0.07717754725601111,0.0709552749331085,0.006222272322902561,0.17986903537733215,5.322063496639713e-06,2.117618857591728e-05,0.00019575676011166236,9.933317368270745e-11,7.934913969473069e-11,1.9984033987976885e-11,3.9712204736858327e-10,3.83933635762126e-10,1.3188411606457394e-11,0.0008571188349166742,0.6285959438513082,2.437433282954152e-07,1.9323977731506357e-10,1.1966759728720903e-09,7.672661339900854e-05,0.007532431752226348
72578,3600,82,120,56.56488,11.26349,214444800.0,8.196566587879536e-05,0.014227958490687902,2.3300992334698904e-05,0.014160027906193681,4.462959215952885e-05,0.07808044780011701,0.0718529435021716,0.006227504297945394,0.18017298624004854,5.385007685602653e-06,2.122021528027731e-05,0.0001963516995083187,9.934285604564039e-11,7.948921459848326e-11,1.985364144715727e-11,4.0751655158770333e-10,3.9382560416099364e-10,1.369094742670982e-11,0.0008584793799126304,0.6288697728625486,2.5383313159283166e-07,1.944049590659094e-10,1.192992634938937e-09,7.690401125520646e-05,0.007543310661712632
72579,3600,82,120,56.56763,11.28985,214444800.0,8.227348816042382e-05,0.014233287267875677,2.3322755040140275e-05,0.014165325703706029,4.4638809129513935e-05,0.07842334902194034,0.07219385327343748,0.006229495748502837,0.1802886585519263,5.408904459493554e-06,2.1236941655496543e-05,0.0001965776839724529,9.934654039414349e-11,7.954239543569322e-11,1.980414495845039e-11,4.114628035152221e-10,3.975810689374251e-10,1.3881734577797044e-11,0.0008589962369342408,0.6289740121619848,2.576635609611724e-07,1.9484771657022947e-10,1.1915961734521897e-09,7.697143157309664e-05,0.007547442063236592
72580,3600,82,120,56.56866,11.31298,214444800.0,8.263140279752568e-05,0.014257659888049707,2.3355855672619798e-05,0.014189648226221355,4.465580615573873e-05,0.07881148144003212,0.0725766060025001,0.006234875437531965,0.18053827747081228,5.437150864019933e-06,2.126964987738511e-05,0.00019696221719440527,9.941722576287098e-11,7.963292204055296e-11,1.9784303722318123e-11,4.1550662346797745e-10,4.01435308301252e-10,1.407131516672561e-11,0.0008601848432539583,0.6291128490900852,2.6143268281352207e-07,1.9546609931337678e-10,1.1911175337685287e-09,7.70984752763959e-05,0.007555929308759186
72581,3600,82,120,56.56915,11.21015,214444800.0,8.128495764297043e-05,0.01421643012537491,2.325290124752661e-05,0.014148567903716883,4.460932041050415e-05,0.07732336401247299,0.07110019247445942,0.00622317153801352,0.17992102319777084,5.332131558825792e-06,2.1183372065693034e-05,0.00019585332695744914,9.933482494202102e-11,7.937156166055178e-11,1.996326328146936e-11,3.987843836052364e-10,3.8551559846588687e-10,1.326878513934971e-11,0.0008573404171855478,0.6286431470912178,2.453551915224524e-07,1.9343096369682738e-10,1.1961101310122752e-09,7.675585373378017e-05,0.007534186701602097
72582,3600,82,120,56.56952,11.23201,214444800.0,8.15266891859363e-05,0.014220592473814377,2.326998841658252e-05,0.014152705936578717,4.461654881908138e-05,0.07759253836050602,0.07136780915215417,0.006224729208351823,0.18001152557005448,5.350900352612397e-06,2.1196494557400995e-05,0.00019603067262959244,9.933770808345262e-11,7.941332876392666e-11,1.9924379319526075e-11,4.018838437583144e-10,3.884652114094418e-10,1.3418632348872707e-11,0.0008577459536187652,0.6287246663912673,2.4836386251424547e-07,1.9377821348235574e-10,1.195010927248001e-09,7.680871708350198e-05,0.007537430018077345
72583,3600,82,120,56.57131,11.1856,214444800.0,8.101124934333199e-05,0.01421176959351571,2.3233560779480807e-05,0.014143934874282633,4.460115845360089e-05,0.07701882825994301,0.07079740586405804,0.00622142239588493,0.17981933491641922,5.310873512027365e-06,2.1168543440252954e-05,0.0001956528010831209,9.93315842812262e-11,7.932425914544486e-11,2.000732513578147e-11,3.9527378090037525e-10,3.821747187739471e-10,1.3099062126428282e-11,0.0008568820557779218,0.6285516413989575,2.4194699830771683e-07,1.930388261335425e-10,1.1973607725609723e-09,7.669618903770878e-05,0.007530516832209549
72584,3600,82,120,56.57226,11.2585,214444800.0,8.182567702898978e-05,0.014225778195162376,2.329112786108734e-05,0.014157861561770655,4.462550553063807e-05,0.0779256446593756,0.07169897840699273,0.006226666252382831,0.18012402622363752,5.374110073094613e-06,2.1212746493088006e-05,0.00019625022404950898,9.934129119007241e-11,7.946498136706099e-11,1.9876309823011543e-11,4.0571662430070893e-10,3.921126904742306e-10,1.3603933826478403e-11,0.0008582481315248056,0.6288260642715482,2.520840711873739e-07,1.9420846127634202e-10,1.1936556808469452e-09,7.687423854633897e-05,0.007541443316529018
72585,3600,82,120,56.5734,11.32309,214444800.0,8.279762190673293e-05,0.014278853507718197,2.3375422335944553e-05,0.014210810961801735,4.466712358052063e-05,0.07898672635709812,0.07274767260630759,0.0062390537507905075,0.18071795298002635,5.450498379129561e-06,2.1292020917088013e-05,0.00019720676275649732,9.948568022302172e-11,7.969030282034127e-11,1.979537740268057e-11,4.170898934124031e-10,4.029479527446312e-10,1.4141940667772092e-11,0.0008610537606984429,0.6291888923341382,2.6281234659801336e-07,1.9581154224463597e-10,1.1915245889817632e-09,7.718404277269345e-05,0.007561850332977403
72586,3600,82,120,56.57366,11.28183,214444800.0,8.211905305591016e-05,0.014230812298095944,2.3311863253685583e-05,0.014162866164158181,4.4634270684082794e-05,0.078252244480561,0.0720236926400632,0.006228551840497768,0.1802336014152804,5.396890869488065e-06,2.1228662595085608e-05,0.00019646536522785897,9.93447823262355e-11,7.951567522337174e-11,1.9829107102863886e-11,4.094786459153357e-10,3.9569283299504093e-10,1.378581292029492e-11,0.0008587400344460665,0.6289247334658207,2.557360371438011e-07,1.9462954918019162e-10,1.1923196241632956e-09,7.693833186971751e-05,0.007545378719838236
72587,3600,82,120,56.57718,11.31414,214444800.0,8.259351159478394e-05,0.014257219107703417,2.3353205650362392e-05,0.014189211137525299,4.4654764527761353e-05,0.07877028005746525,0.07253558991193265,0.006234690145532556,0.18052726474449743,5.434182717580289e-06,2.126771301052284e-05,0.00019693554680407836,9.941687020958587e-11,7.962633320662294e-11,1.979053700296304e-11,4.1501618502005804e-10,4.009685750964344e-10,1.4047609923623727e-11,0.000860124587727166,0.6291032897448878,2.6095490295929124e-07,1.9541589640671875e-10,1.1913141921442463e-09,7.70909623460454e-05,0.007555430934733306
72588,3600,82,120,56.57782,11.22858,214444800.0,8.13886251286015e-05,0.014218480656179037,2.326026473701947e-05,0.014150607856434098,4.4612535007925046e-05,0.07744004403926057,0.07121613064551748,0.006223913393743056,0.17996381595328548,5.340147820741318e-06,2.1189150303086647e-05,0.00019593079766149014,9.933618227401833e-11,7.93894211128601e-11,1.9946761161158352e-11,4.0010782792436047e-10,3.8677505221123075e-10,1.333277571312986e-11,0.0008575184872180636,0.6286821442331344,2.466377281344228e-07,1.935851865280255e-10,1.1956692872324495e-09,7.677949440326964e-05,0.007535590169422468
72589,3600,82,120,56.57791,11.18475,214444800.0,8.087662929614834e-05,0.014209713030572847,2.3224080002522094e-05,0.014141891704690988,4.459724587934094e-05,0.07687014997529092,0.07064952232720319,0.0062206276480876645,0.17977285402881557,5.300388884006202e-06,2.1161383849426016e-05,0.00019555543122704887,9.93300977057697e-11,7.930094736158368e-11,2.0029150344186132e-11,3.9354201183062196e-10,3.805266672829542e-10,1.301534454766783e-11,0.0008566603038275174,0.628510219119836,2.402638472651101e-07,1.9285066568507727e-10,1.1980030061288092e-09,7.666770472727312e-05,0.007528723000438898
72590,3600,82,120,56.57963,11.25345,214444800.0,8.169859367690446e-05,0.014223806315409607,2.328217378219689e-05,0.01415590234277874,4.4621798848674106e-05,0.07778514747283798,0.07155923994452724,0.006225907528310693,0.18007969098413706,5.364216189381993e-06,2.1205970456051386e-05,0.00019615814309144843,9.933987397418617e-11,7.944298071721408e-11,1.9896893256972204e-11,4.040824701673248e-10,3.90557535799859e-10,1.3524934367465853e-11,0.0008580383178345051,0.6287864979181295,2.5049603945249845e-07,1.9403022664487255e-10,1.1942584543095364e-09,7.684723766149258e-05,0.0075397484717013
72591,3600,82,120,56.57987,11.27426,214444800.0,8.197637725918963e-05,0.014228536734133051,2.3301802279713525e-05,0.014160604849309184,4.4630082544160436e-05,0.07809421982354327,0.0718665369720483,0.0062276828514949215,0.1801829007464475,5.3857906890970155e-06,2.1221020148151724e-05,0.0001963616572663282,9.934316311127828e-11,7.949098742830146e-11,1.9852175682976943e-11,4.07645331974922e-10,3.939481480715483e-10,1.3697183903373787e-11,0.0008585035116053544,0.6288793735873347,2.5395496329873854e-07,1.9442821269995566e-10,1.1929892488045098e-09,7.690779252439439e-05,0.007543473005753843
72592,3600,82,120,56.58111,11.30525,214444800.0,8.245370311338662e-05,0.014254930898382695,2.334333904283061e-05,0.014186936923997315,4.465063534255452e-05,0.0786151577351439,0.07238133535146704,0.00623382238367682,0.18047670776138164,5.423312827865895e-06,2.1260191035971584e-05,0.0001968336118248661,9.941525695498172e-11,7.960215310510362e-11,1.9813103849878214e-11,4.132209835825512e-10,3.9926016172270027e-10,1.3960821859850951e-11,0.0008598919047881629,0.6290579537281077,2.592113254637035e-07,1.9521743999966145e-10,1.191963641293187e-09,7.706082345156201e-05,0.0075535607576938625
72593,3600,82,120,56.58383,11.18383,214444800.0,8.07698546897458e-05,0.014208092554823316,2.3216561708064308e-05,0.014140281845894451,4.4594147220806116e-05,0.07675227511396496,0.07053227484879451,0.006220000265170403,0.1797361478600155,5.2920716235909365e-06,2.1155711250652084e-05,0.000195478258839536,9.932892349167759e-11,7.928245537960492e-11,2.0046468112072773e-11,3.9216821744299663e-10,3.7921928489722734e-10,1.294893254576946e-11,0.0008564845874835652,0.6284775275024707,2.3892853504447644e-07,1.9270163892886755e-10,1.19851362827877e-09,7.664515133232476e-05,0.007527300719310441
72594,3600,82,120,56.5852,11.29669,214444800.0,8.232063593146849e-05,0.014252758994889982,2.33339489850944e-05,0.014184778338066433,4.4646707838459917e-05,0.07846754309343998,0.07223454496856051,0.006232998124879444,0.1804286780878577,5.412966325556729e-06,2.1253035144930356e-05,0.00019673662379745687,9.941372420799721e-11,7.957913774045447e-11,1.9834586467542866e-11,4.11512213522972e-10,3.976340010896838e-10,1.3878212433288365e-11,0.00085967053483485,0.6290148945539001,2.5755164576417847e-07,1.9502867209431972e-10,1.1925824626026841e-09,7.70321596197351e-05,0.007551781039583794
72595,3600,82,120,56.58569,11.22501,214444800.0,8.121559489693463e-05,0.014197491495741385,2.324025975205271e-05,0.014129650083116153,4.460115287318523e-05,0.07725872181866429,0.07103894114039604,0.00621978067826819,0.17978641418939265,5.326231712198434e-06,2.1166592033881338e-05,0.0001956829703358746,9.926779307418692e-11,7.933079983047654e-11,1.9936993243710502e-11,3.9843023287844117e-10,3.851726344074798e-10,1.3257598470961528e-11,0.000856643177532007,0.6286086966918082,2.451639070467047e-07,1.9323638639049782e-10,1.195330230686572e-09,7.669361294009907e-05,0.007529592980363337
72596,3600,82,120,56.58625,11.26716,214444800.0,8.184902206764853e-05,0.014226518085491654,2.3292823342997584e-05,0.014158598912593214,4.462634955544813e-05,0.0779532227918255,0.07172631212231056,0.006226910669514903,0.18013783271315828,5.375880899648362e-06,2.1214205478621227e-05,0.00019626915250149966,9.934172348925777e-11,7.946894813638351e-11,1.987277535287438e-11,4.06008607190924e-10,3.9239054814260093e-10,1.36180590483232e-11,0.0008582925833082528,0.6288390755358918,2.523647756975821e-07,1.9424874681914095e-10,1.1935884147039637e-09,7.688057841557349e-05,0.007541772522641571
72597,3600,82,120,56.58672,11.20541,214444800.0,8.094676458252809e-05,0.014192946538790769,2.3221268325839433e-05,0.014125132120043921,4.459315042101377e-05,0.07695976575983152,0.07074169400698063,0.006218071752850826,0.1796870256814363,5.305348505001762e-06,2.1152046127172804e-05,0.00019548619154295915,9.92646249732153e-11,7.928433389992513e-11,1.998029107329029e-11,3.9498148879122436e-10,3.818906218658186e-10,1.3090866925405986e-11,0.0008561934937460078,0.6285193162582925,2.418155057539935e-07,1.928518869702589e-10,1.1965623255392946e-09,7.663513038039898e-05,0.007525990052969573
72598,3600,82,120,56.58949,11.28839,214444800.0,8.213237415904753e-05,0.01423139945262127,2.3312852841344213e-05,0.014163451776233188,4.463482354674374e-05,0.07826875375126649,0.07204001656066086,0.006228737190605582,0.18024395285841752,5.397880951606698e-06,2.1229588696409837e-05,0.00019647704554937937,9.934510411474606e-11,7.951790609660193e-11,1.9827198018144267e-11,4.0964167100232446e-10,3.9584796695747284e-10,1.379370404485173e-11,0.000858767980595008,0.628934666437658,2.558914010394119e-07,1.9465583206538077e-10,1.1923002251183548e-09,7.694255222383544e-05,0.007545574374366107
72599,3600,82,120,56.58974,11.18275,214444800.0,8.062460551040482e-05,0.014187545214703237,2.31985155714314e-05,0.014119763119100391,4.4583580031418976e-05,0.0766017166662479,0.07038568026362053,0.006216036402627317,0.17956859928655644,5.280317037904723e-06,2.113464035934929e-05,0.00019525061821794591,9.926084900051957e-11,7.922864142021269e-11,2.003220758030701e-11,3.908476227785961e-10,3.779566088206759e-10,1.2891013957920402e-11,0.0008556553124390943,0.6284128929513298,2.3780155183075847e-07,1.9239201666068735e-10,1.1980440404878278e-09,7.656521170159268e-05,0.007521674540649915
72600,3600,82,120,56.59278,11.26054,214444800.0,8.174117583909409e-05,0.01422482366521674,2.328522185982619e-05,0.014156915248471718,4.462319488520031e-05,0.07783389471961179,0.07160763377277579,0.0062262609468359716,0.18009989335058801,5.367487292198801e-06,2.1208443226914905e-05,0.00019619089809047908,9.934051122665476e-11,7.945028197551825e-11,1.9890229251136634e-11,4.0462227877328155e-10,3.910712391697494e-10,1.3551039603532289e-11,0.0008581142008779008,0.6288051786732404,2.5101774419740034e-07,1.9409707215500884e-10,1.1940975234511722e-09,7.685758792033684e-05,0.00754033323843081
72601,3600,82,120,56.59355,11.22145,214444800.0,8.11363208997124e-05,0.014196320626421899,2.3234682173570916e-05,0.014128487078025834,4.459886622250104e-05,0.07717135753954948,0.07095203368969014,0.006219323849859301,0.17975964535015065,5.320052641345957e-06,2.1162398745249742e-05,0.00019562584615701934,9.926693596788833e-11,7.931706421978423e-11,1.9949871748104226e-11,3.974095688481986e-10,3.8420131049175776e-10,1.3208258356440937e-11,0.0008565132227390985,0.6285849153248081,2.4417157428287066e-07,1.9312638664123253e-10,1.1957130486148277e-09,7.6676986139816e-05,0.007528538543686213
72602,3600,82,120,56.59394,11.28042,214444800.0,8.201582401662233e-05,0.014229509086765128,2.3304629931750248e-05,0.014161573068126286,4.4631388707097034e-05,0.07813951783050589,0.07191149926368982,0.006228018566816031,0.18020206404274974,5.388817238274396e-06,2.122332781272187e-05,0.00019639215991563977,9.934376706151114e-11,7.949774516305859e-11,1.984602189845265e-11,4.081447432688914e-10,3.9442340694899483e-10,1.3721336319896711e-11,0.0008585742752791506,0.6288971337121202,2.544373815248081e-07,1.944907337734874e-10,1.1928436100082101e-09,7.691748996378036e-05,0.007544016130027529
72603,3600,82,120,56.59434,11.24322,214444800.0,8.149946565813861e-05,0.014220751748418633,2.3268148274943855e-05,0.014152867594129351,4.4616006014342156e-05,0.07756516602651961,0.07134043756236393,0.006224728464155644,0.18001074928597144,5.348709028050229e-06,2.11953729859004e-05,0.00019601404822233292,9.933766934857776e-11,7.9408500743937e-11,1.9929168604640878e-11,4.0152113484529465e-10,3.881200214699588e-10,1.3401113375335915e-11,0.0008577101095270787,0.6287250361591784,2.4800671229212255e-07,1.937516521645994e-10,1.1952069949926931e-09,7.68050583063978e-05,0.007537094469105758
72604,3600,82,120,56.59465,11.20263,214444800.0,8.087410646117997e-05,0.014191893710159408,2.3216158953499014e-05,0.014124086487822913,4.45910633830038e-05,0.07687978774118782,0.07066212903868681,0.006217658702500964,0.1796627955839217,5.299682602036982e-06,2.1148214322646996e-05,0.00019543394306096025,9.926384865188572e-11,7.927174058450209e-11,1.9992108067383773e-11,3.9404556331536944e-10,3.8099993960575524e-10,1.3045623709614377e-11,0.0008560747024623941,0.6284978286602737,2.4090539613537527e-07,1.927514733470045e-10,1.196915534152273e-09,7.66199654436684e-05,0.00752502457664399
72605,3600,82,120,56.59564,11.18151,214444800.0,8.05804846207189e-05,0.01418693260323867,2.319541653864398e-05,0.014119154862465564,4.458232423446618e-05,0.07655327594686254,0.07033748293636821,0.00621579301049428,0.17955428623634404,5.276873176946459e-06,2.113232868653212e-05,0.00019521903324952447,9.926038974825609e-11,7.922098897603673e-11,2.0039400772219494e-11,3.902787112170658e-10,3.774151980914045e-10,1.2863513125661471e-11,0.0008555835955673077,0.6284002509704814,2.372481182589772e-07,1.923315750436086e-10,1.198261596392717e-09,7.655610053291293e-05,0.007521089528608848
72606,3600,82,120,56.59857,11.27274,214444800.0,8.191027143741116e-05,0.01422780365065536,2.3297183807260506e-05,0.01415987818604056,4.462828080754417e-05,0.07802250720288953,0.07179513762756745,0.0062273695753220235,0.1801642261184038,5.38060795833456e-06,2.121766141959593e-05,0.0001963153189647222,9.93425591567717e-11,7.947948529925894e-11,1.98630738575129e-11,4.067889217289499e-10,3.931331312991983e-10,1.365579042975171e-11,0.0008583989504090191,0.6288632422442837,2.531203707128944e-07,1.943413449768842e-10,1.1933364761626384e-09,7.689481651094528e-05,0.007542605230341678
72607,3600,82,120,56.60098,11.21762,214444800.0,8.109142770388327e-05,0.014195694188644048,2.3231528478332888e-05,0.014127865073062226,4.459758710349303e-05,0.0771220543637404,0.07090297902947501,0.006219075334265337,0.1797450352375382,5.316548881372021e-06,2.1160044847934537e-05,0.0001955936917732526,9.92664672638592e-11,7.930927843870605e-11,1.995718882515328e-11,3.9683076632480467e-10,3.836504870053141e-10,1.3180279319490748e-11,0.0008564402019596033,0.628572004868508,2.4360854373392224e-07,1.930648250501437e-10,1.195934055585566e-09,7.666770414908793e-05,0.007527943144619408
72608,3600,82,120,56.60153,11.18011,214444800.0,8.058863527010999e-05,0.014187161882032038,2.3196004602595953e-05,0.014119383271058312,4.458260637113552e-05,0.07656276848063949,0.07034689821329691,0.0062158702673425084,0.17955867114075572,5.277495029555844e-06,2.1132821597681294e-05,0.00019522548705773647,9.926052745535061e-11,7.922237967416441e-11,2.0038147781186323e-11,3.9038128500083663e-10,3.7751281046400286e-10,1.2868474536833955e-11,0.0008555986609141898,0.62840435201603,2.3734697011511534e-07,1.9234506006598332e-10,1.1982347685429235e-09,7.655820790240038e-05,0.007521203093092477
72609,3600,82,120,56.60169,11.23803,214444800.0,8.143660820307422e-05,0.014219817371101253,2.3263724933858952e-05,0.014151939455852436,4.461419031496208e-05,0.07749586566936562,0.07127150109371574,0.006224364575649846,0.17998943426274636,5.343810295603026e-06,2.119204467741687e-05,0.00019596872179353329,9.933698701478079e-11,7.939761077006279e-11,1.9939376244718127e-11,4.0071196609607937e-10,3.8734996905925574e-10,1.3361997036823784e-11,0.0008576069730136159,0.6287060886648957,2.472200522163199e-07,1.9366431240231396e-10,1.1955098485939035e-09,7.679185284076026e-05,0.0075362581087685945
72610,3600,82,120,56.60374,11.26485,214444800.0,8.18123958630577e-05,0.014226230616960281,2.3290280372311965e-05,0.014158314934025392,4.46254025625806e-05,0.07791404611682824,0.07168727600467424,0.006226770112153946,0.18012926559613496,5.372994718775629e-06,2.121241189648004e-05,0.00019624411136211182,9.93414429129161e-11,7.946255184933155e-11,1.9878891063584666e-11,4.055315294281625e-10,3.919365262004056e-10,1.3595003227756992e-11,0.0008582365080551808,0.6288319429361665,2.518989042405549e-07,1.9420298852812784e-10,1.1937944578784783e-09,7.687382269100131e-05,0.007541297343241173
72611,3600,82,120,56.60741,11.17855,214444800.0,8.07084947053985e-05,0.014207496625391967,2.3212286134372215e-05,0.014139691827917356,4.459251134024672e-05,0.07668610677419202,0.0704663737851967,0.006219732988995288,0.17972008117748062,5.2872505244068925e-06,2.1152641599263617e-05,0.00019543569783865634,9.932840138251708e-11,7.927176228257587e-11,2.0056639099941323e-11,3.9137145291120226e-10,3.7846102872539723e-10,1.291042418580519e-11,0.0008563888554704369,0.628463839605553,2.3815139388509323e-07,1.926226960345377e-10,1.1988456551275116e-09,7.663341571329821e-05,0.007526499241326127
72612,3600,82,120,56.60839,11.21373,214444800.0,8.114846687341405e-05,0.014215016879129471,2.3243378798591894e-05,0.014147167856670577,4.460564366030889e-05,0.07717576687191312,0.07095321424735067,0.006222552624562415,0.1798839699985247,5.321418208585304e-06,2.117649413312162e-05,0.00019575818590563163,9.9333623641363e-11,7.934779299379165e-11,1.9985830647571458e-11,3.9701394464185675e-10,3.838307287322678e-10,1.3183215909589051e-11,0.000857126096968979,0.6286113665709228,2.436290544527473e-07,1.9325361024598716e-10,1.1968386137453334e-09,7.672942848596293e-05,0.007532399726692736
72613,3600,82,120,56.60893,11.25756,214444800.0,8.173591665588064e-05,0.014225010974610016,2.3284887357765418e-05,0.014157102929618672,4.4623157633585583e-05,0.07782934003756599,0.07160303569508791,0.006226304342478029,0.180102090357364,5.367044617410656e-06,2.120831535721922e-05,0.00019618852101772522,9.934057502063576e-11,7.944931830186704e-11,1.989125671876884e-11,4.045488061345422e-10,3.9100131129623585e-10,1.354749483830641e-11,0.0008581097257373073,0.6288076305772644,2.509441824261204e-07,1.9409506793092564e-10,1.1941534160980536e-09,7.685745304511206e-05,0.007540275820565174
72614,3600,82,120,56.61038,11.19592,214444800.0,8.094831699513176e-05,0.014211622022770388,2.3229237798484897e-05,0.014143793104075151,4.4599680896759735e-05,0.07695313602753895,0.07073185880469562,0.00622127722284329,0.1798098076321471,5.3058715814376116e-06,2.1165658134282032e-05,0.0001956116210640992,9.933125989636666e-11,7.931320030584104e-11,2.0018059590525732e-11,3.944465213854203e-10,3.8138742934373325e-10,1.3059092041687089e-11,0.0008567911251049765,0.6285446530662642,2.411364205532785e-07,1.9296712173990026e-10,1.1977546640712564e-09,7.668584664388881e-05,0.007529716748505507
72615,3600,82,120,56.61105,11.15758,214444800.0,8.064076334569114e-05,0.014206236553321566,2.3207485861316488e-05,0.014138438621984092,4.4590445476163816e-05,0.07661024671595774,0.07039097626736081,0.0062192704485968964,0.1796933165675775,5.282003241889548e-06,2.114891155773871e-05,0.00019538550679486558,9.93275508321389e-11,7.926007801548747e-11,2.0067472816651553e-11,3.905050466734276e-10,3.776365124465799e-10,1.286853422684777e-11,0.0008562737592982756,0.6284395719104056,2.3731112305938563e-07,1.9252352524816668e-10,1.1991428473251373e-09,7.661826103659184e-05,0.007525586050539819
72616,3600,82,120,56.61321,11.25198,214444800.0,8.168986738120055e-05,0.014224285382035169,2.3281641319072852e-05,0.01415638193099904,4.462180971706183e-05,0.07777837833059299,0.07155235199510207,0.006226026335490871,0.18008585926147547,5.3634608883960895e-06,2.1205853745983348e-05,0.00019615509600524783,9.934005644399742e-11,7.9441348449368e-11,1.9898707994629537e-11,4.039569030588962e-10,3.904380227188649e-10,1.3518880340031426e-11,0.0008580335254694217,0.6287931251413031,2.5036907428727224e-07,1.9403026256040725e-10,1.194370559767405e-09,7.684762868771967e-05,0.007539661161462727
72617,3600,82,120,56.61328,11.17684,214444800.0,8.080059858045694e-05,0.014209077607479194,2.321879597680197e-05,0.014141263548149615,4.459526335278298e-05,0.07678864367057275,0.0705683185575654,0.006220325113007318,0.1797544900095167,5.294402368566214e-06,2.1157638689523846e-05,0.00019550324323176391,9.932949765773016e-11,7.928767724547722e-11,2.0041820412253062e-11,3.9255250800357593e-10,3.795849843890804e-10,1.2967523614495599e-11,0.000856543294462139,0.6284948246745936,2.392978934782273e-07,1.9275490540866826e-10,1.1984262705850002e-09,7.665353949396088e-05,0.007527734766788821
72618,3600,82,120,56.61622,11.20952,214444800.0,8.118679333053426e-05,0.014215738561115325,2.3246096241072495e-05,0.014147885648485068,4.460681638918791e-05,0.07721873358712299,0.07099591682147435,0.006222816765648589,0.17989924482135344,5.324386365266207e-06,2.1178609725221948e-05,0.00019578663315704382,9.933410887580774e-11,7.935440293847556e-11,1.9979705937332302e-11,3.97504020956037e-10,3.8429711006949533e-10,1.320691088654177e-11,0.0008571913607418621,0.6286252303425636,2.441042774647923e-07,1.9330989995983813e-10,1.1966714409869977e-09,7.673803554185467e-05,0.00753291687425841
72619,3600,82,120,56.61636,11.22755,214444800.0,8.134332371000475e-05,0.014200168828065235,2.324935254100259e-05,0.014132314296780411,4.460517874382585e-05,0.07740319009264582,0.07118245341043056,0.006220736682215207,0.17984140117105982,5.336089913737976e-06,2.1173796991634715e-05,0.00019577922636550822,9.926953414020299e-11,7.935277462958372e-11,1.99167595106194e-11,4.0005757053103454e-10,3.867212837614631e-10,1.3336286769571615e-11,0.0008568649385078025,0.6286590393781006,2.467397213970387e-07,1.934294182893272e-10,1.194804429510068e-09,7.672329186777903e-05,0.007531329331550629
72620,3600,82,120,56.61761,11.24663,214444800.0,8.16590233411845e-05,0.01422381059398832,2.3279468609587053e-05,0.01415591021365815,4.462091172058921e-05,0.07774429646250182,0.07151845321750087,0.006225843245000901,0.18007515577334274,5.361059102218823e-06,2.120421130963348e-05,0.00019613276756180953,9.933971420638485e-11,7.943600798194103e-11,1.990370622444395e-11,4.0356019951605753e-10,3.900604968047291e-10,1.3499702711328589e-11,0.0008579826616631887,0.6287835799094028,2.4998353673983096e-07,1.9398707967284938e-10,1.194517294674088e-09,7.684108926823907e-05,0.007539249990303795
72621,3600,82,120,56.61913,11.17497,214444800.0,8.097474083497322e-05,0.014230285142098134,2.3238906275587098e-05,0.014162439471035909,4.4606764786642205e-05,0.0769721373535386,0.07074761694733311,0.0062245204062054416,0.17993529506990666,5.30838020010441e-06,2.1180370341693825e-05,0.0001957529484693216,9.939799083403872e-11,7.934645124941163e-11,2.00515395846272e-11,3.9424003081209155e-10,3.8119684470869614e-10,1.3043186103395526e-11,0.0008574235870440953,0.6285716768192807,2.407797445544201e-07,1.9310928271044333e-10,1.1987831983247043e-09,7.674039205031506e-05,0.007533756300431173
72622,3600,82,120,56.6221,11.24156,214444800.0,8.164485746486256e-05,0.014223610376020044,2.327847313153047e-05,0.014155711395889501,4.462050699901782e-05,0.07772872709913649,0.07150296298095057,0.006225764118185878,0.180070507407638,5.359953818994373e-06,2.120346710095894e-05,0.00019612260778591469,9.933956514848006e-11,7.943355171259453e-11,1.990601343588567e-11,4.033776159755461e-10,3.898867393322911e-10,1.3490876643255139e-11,0.0008579595803675671,0.6287794673185365,2.4980594891496436e-07,1.9396760325100803e-10,1.1945867393534163e-09,7.683815106226018e-05,0.007539061993873051
72623,3600,82,120,56.62318,11.20571,214444800.0,8.125493267223541e-05,0.014216929942919064,2.325091520240171e-05,0.014149070165965403,4.46088617512644e-05,0.07729469328612734,0.07107143241027974,0.006223260875847555,0.17992502699168278,5.32967468074148e-06,2.1182318962749816e-05,0.00019583671987624023,9.933492981692863e-11,7.936617267824727e-11,1.996875713868147e-11,3.9837730409105673e-10,3.851281727789582e-10,1.3249131312098638e-11,0.000857305956626963,0.6286484842351622,2.449518344735906e-07,1.9340814433365087e-10,1.196363679985449e-09,7.675300279936349e-05,0.007533831957179544
72624,3600,82,120,56.62691,11.23729,214444800.0,8.165706941764156e-05,0.014223851644341375,2.3279340507224168e-05,0.014155951418280044,4.4620885554113136e-05,0.07774247059547623,0.07151661916586118,0.0062258514296150026,0.18007554412421603,5.360898163622255e-06,2.120414761267073e-05,0.00019613173227029507,9.9339724912467e-11,7.943565559873552e-11,1.9904069313731602e-11,4.035335228775472e-10,3.900351079026685e-10,1.3498414974878812e-11,0.000857980552461881,0.6287840568541634,2.4995703901961496e-07,1.9398576493905912e-10,1.1945347757512985e-09,7.684093488272461e-05,0.0075392273079669
72625,3600,82,120,56.62963,11.17121,214444800.0,8.114031420474393e-05,0.014214816180978399,2.3242794428153604e-05,0.014146968012727874,4.460537382237458e-05,0.07716640612703286,0.07094392281334877,0.006222483313684051,0.1798800133636386,5.320792663252973e-06,2.117601734519465e-05,0.0001957518831652638,9.933349893958088e-11,7.934639628518417e-11,1.9987102654396846e-11,3.9691072296668826e-10,3.837324990334496e-10,1.317822393323881e-11,0.0008571114759850412,0.6286076999931628,2.4352934286973333e-07,1.9324069394236143e-10,1.1968687439568178e-09,7.672742522640122e-05,0.007532287488789797
72626,3600,82,120,56.63056,11.2016,214444800.0,8.129344505759756e-05,0.014199344446082353,2.3245831412618658e-05,0.01413149491253972,4.4603702130019524e-05,0.07734781039318417,0.07112738553097923,0.006220424862204871,0.1798232438459137,5.332212919266014e-06,2.1171108865095332e-05,0.00019574281680730322,9.926895493209548e-11,7.93441496254299e-11,1.9924805306665705e-11,3.9941728160221373e-10,3.8611194947457795e-10,1.3305332127635993e-11,0.0008567817999177191,0.6286427429880195,2.461179097041513e-07,1.933584557344373e-10,1.195035205440586e-09,7.671251004852507e-05,0.007530661739540127
72627,3600,82,120,56.63487,11.16913,214444800.0,8.126106977542824e-05,0.014216844801758539,2.3251323431917294e-05,0.014148984515473756,4.460896285287154e-05,0.0773006333123402,0.07107738596283943,0.0062232473495007394,0.17992446381696353,5.330174763243349e-06,2.118254387287075e-05,0.00019584020510527854,9.933491613087927e-11,7.936727081835817e-11,1.9967645312521225e-11,3.9846014114315915e-10,3.85207010026059e-10,1.325313111710033e-11,0.0008573132667031898,0.6286476521660584,2.4503378419498845e-07,1.934131486317813e-10,1.196313813490363e-09,7.675364772148361e-05,0.0075339052721460084
72628,3600,82,120,56.63664,11.22901,214444800.0,8.172338674484034e-05,0.014225016763292832,2.328403136171926e-05,0.01415710985329083,4.462287864028847e-05,0.07781642537077321,0.07159014015032605,0.0062262852204471135,0.18010072076322078,5.366044380730385e-06,2.120776084032719e-05,0.00019618050951626748,9.93405264491729e-11,7.944710951429935e-11,1.9893416934873663e-11,4.043833332277227e-10,3.9084383251255973e-10,1.3539500715163171e-11,0.0008580921716386078,0.6288067740174699,2.5078176958742813e-07,1.9408149405200333e-10,1.1942358879341242e-09,7.685552236189808e-05,0.007540118186628953
72629,3600,82,120,56.63792,11.19741,214444800.0,8.141585024247155e-05,0.014201416778578781,2.3254479074038467e-05,0.014133554952405189,4.460734709955847e-05,0.07748394616712055,0.07126274238182621,0.006221203785294292,0.17986854139960404,5.341721208992258e-06,2.1177733626130637e-05,0.00019583243058509523,9.927039876819882e-11,7.936530615536654e-11,1.99050926128324e-11,4.009875182581939e-10,3.876062720462871e-10,1.3381246211906937e-11,0.0008569865975949156,0.628683484234864,2.47642436226873e-07,1.935335858866124e-10,1.19447453544919e-09,7.673914921901082e-05,0.007532302379917908
72630,3600,82,120,56.64009,11.16693,214444800.0,8.138429625528324e-05,0.01421891198654761,2.3260026561851715e-05,0.014151039335935688,4.461262405007584e-05,0.07743759326566266,0.07121356706591611,0.006224026199746512,0.17996977965320118,5.339749204440976e-06,2.1189202275757494e-05,0.00019593031859119894,9.933636097955411e-11,7.93885730705551e-11,1.9947787908999123e-11,4.0004132765677127e-10,3.867117535819935e-10,1.3329574074777877e-11,0.0008575191403844416,0.6286883770473823,2.465690954230135e-07,1.9358907325685525e-10,1.1957471889848252e-09,7.678039602023008e-05,0.007535556019349488
72631,3600,82,120,56.64151,11.22506,214444800.0,8.177543525016002e-05,0.014225907124062031,2.3287709705894702e-05,0.014157994981858225,4.4624432497914644e-05,0.07787435529950117,0.0716477363177025,0.006226618981798628,0.18012011950339715,5.370086313322248e-06,2.1210582991544843e-05,0.00019621866353519208,9.934114456701478e-11,7.945610377040398e-11,1.9885040796610907e-11,4.0505082179551804e-10,3.9147905068049966e-10,1.3571771115018523e-11,0.0008581793982070628,0.6288242373113222,2.5142975336856296e-07,1.9415614526018914e-10,1.1939985385150711e-09,7.686688325288775e-05,0.00754081624531203
72632,3600,82,120,56.64529,11.1646,214444800.0,8.150921189521925e-05,0.01422100501439108,2.3268848658002093e-05,0.014153119831375885,4.461633435719879e-05,0.07757641895484076,0.07135160392206435,0.0062248150327763605,0.18001567928481174,5.349455197971912e-06,2.1195950536023826e-05,0.00019602165403938382,9.933782449854907e-11,7.941016782242597e-11,1.9927656676123232e-11,4.016442429080622e-10,3.882371754589655e-10,1.3407067449096816e-11,0.0008577277971192393,0.6287296222587768,2.4812552506552383e-07,1.9376735960728204e-10,1.1951725103666841e-09,7.680750186825314e-05,0.007537229276659908
72633,3600,82,120,56.6464,11.22119,214444800.0,8.183826000092186e-05,0.014226973152563629,2.329214846018796e-05,0.014159054699780177,4.462630432326913e-05,0.07794423854448011,0.0717172191113295,0.006227019433150561,0.18014340454693373,5.3749661690900165e-06,2.1213984526685043e-05,0.0001962646708074971,9.93418867116175e-11,7.946696193481972e-11,1.987492477679791e-11,4.058566973297872e-10,3.9224596558885833e-10,1.3610731740929042e-11,0.0008582845486361789,0.6288451843329238,2.5221215024618687e-07,1.9424607914631736e-10,1.193711049395791e-09,7.688056463514255e-05,0.007541658421351731
72634,3600,82,120,56.64962,11.19059,214444800.0,8.164226635851127e-05,0.014205224923534371,2.327047151723735e-05,0.014137340373563045,4.46140784540924e-05,0.07773564253095935,0.07151300493314044,0.006222637597818849,0.17995195311497886,5.359312046581587e-06,2.118997338170814e-05,0.00019599805773924857,9.927305803983826e-11,7.9404444916487e-11,1.9868613123351392e-11,4.0389257229723825e-10,3.90370880075017e-10,1.3521692222221327e-11,0.000857365024491012,0.6287584626569415,2.5046312552241905e-07,1.9385702730869562e-10,1.193434560295866e-09,7.678833267920513e-05,0.007535335928390765
72635,3600,82,120,56.65048,11.16214,214444800.0,8.163559230439917e-05,0.014223120470579834,2.3277773919154983e-05,0.014155222609402374,4.462008725831182e-05,0.07771686261825474,0.07149125009069716,0.006225612527557541,0.180062085434193,5.359275265940799e-06,2.1202776727261334e-05,0.00019611404922002392,9.933930421601173e-11,7.943201621420145e-11,1.9907288001810408e-11,4.032660000170191e-10,3.897805283348296e-10,1.3485471682189601e-11,0.0008579388674888552,0.6287713189573978,2.4970026718271097e-07,1.93947694313598e-10,1.1945908496666094e-09,7.68349178350662e-05,0.007538922054664081
72636,3600,82,120,56.65561,11.18707,214444800.0,8.176902380856812e-05,0.014207350102628672,2.3279423863222114e-05,0.014139452834740392,4.46178440250634e-05,0.07787652117200512,0.07165308275125881,0.006223438420746254,0.1799985488624676,5.3691609899768645e-06,2.11968218734457e-05,0.00019609074675769442,9.927454372530121e-11,7.94263578153269e-11,1.9848185909974442e-11,4.0551909356662686e-10,3.919187666965528e-10,1.3600326870074171e-11,0.0008575767779473015,0.6288003356336315,2.520424661897506e-07,1.9403796817386535e-10,1.1928515569123207e-09,7.681584290351922e-05,0.007537033917988952
72637,3600,82,120,56.65565,11.15957,214444800.0,8.176289046224618e-05,0.014225249558221024,2.3286763761725153e-05,0.014157338927794515,4.462386666478961e-05,0.07785831804870785,0.07163190271645586,0.006226415332251949,0.18010880262960893,5.3691668590745045e-06,2.1209651507198688e-05,0.0001962071061299234,9.934079389090862e-11,7.945402360691885e-11,1.9886770283989902e-11,4.048995716105527e-10,3.913351245670036e-10,1.3564447043549295e-11,0.0008581514435299516,0.6288132921326752,2.5128649522814146e-07,1.9412930400415027e-10,1.1940047659058817e-09,7.686252656811893e-05,0.007540627043410373
72638,3600,82,120,56.65626,11.21376,214444800.0,8.199230390923057e-05,0.01422956990126321,2.330302982334022e-05,0.014161635984862853,4.4630886577024046e-05,0.07811550945513876,0.07188751289013402,0.006227996565004704,0.18020024202246834,5.386933505112671e-06,2.122231525427941e-05,0.00019637738766727114,9.934369863012965e-11,7.949358912830883e-11,1.9850109501820935e-11,4.0783304557662553e-10,3.9412676632702753e-10,1.37062792495981e-11,0.0008585421057370346,0.6288962854054123,2.5413105685348816e-07,1.9446625178338428e-10,1.1930041675581687e-09,7.691404834137504e-05,0.0075437225955558955
72639,3600,82,120,56.66081,11.15686,214444800.0,8.189110934695347e-05,0.014227392198285508,2.3295818378761107e-05,0.014159468707297345,4.462767260940642e-05,0.07800078795210912,0.07177356452230262,0.00622722342980646,0.18015583003235325,5.379130224711417e-06,2.1216574963586346e-05,0.00019630082625933862,9.934229349942685e-11,7.947619054094136e-11,1.9866102958485628e-11,4.065449987072857e-10,3.929010031944657e-10,1.3643995512820109e-11,0.0008583655281998499,0.6288555408073451,2.5288425007001345e-07,1.9431219035407343e-10,1.193414230545386e-09,7.689032824258904e-05,0.007542344276692832
72640,3600,82,120,56.66122,11.21019,214444800.0,8.208087723010701e-05,0.01423105760927693,2.330928574847744e-05,0.014163114804540798,4.463351898765953e-05,0.07821396283957183,0.0719854059351287,0.006228556904443094,0.1802328420486325,5.3938152396993644e-06,2.1227102260839362e-05,0.0001964421697177897,9.934473800639082e-11,7.95089004979967e-11,1.9835837508394242e-11,4.089695382636065e-10,3.952083148698996e-10,1.376122339370702e-11,0.0008586901135105969,0.628925585918188,2.552345613603735e-07,1.9459274062576384e-10,1.1925970990363394e-09,7.693328136034621e-05,0.007544909214931026
72641,3600,82,120,56.66594,11.15404,214444800.0,8.20196148259046e-05,0.014229538095000629,2.330489302917446e-05,0.014161601715572328,4.463148639912994e-05,0.07814356912486249,0.07191553621750836,0.006228032907354092,0.18020293957301536,5.389116049791906e-06,2.1223513025861566e-05,0.00019639474770139382,9.934379576204178e-11,7.949840732560967e-11,1.9845388436432235e-11,4.0819413696762236e-10,3.9447041360921654e-10,1.3723723358405835e-11,0.0008585800674104141,0.6288978606105979,2.5448562090467507e-07,1.9449545487622317e-10,1.1928221988487715e-09,7.691818645971853e-05,0.007544065275827705
72642,3600,82,120,56.6662,11.20673,214444800.0,8.217582762691942e-05,0.014232650321082844,2.331599180330195e-05,0.01416469798926408,4.4636340015466884e-05,0.07831949476884054,0.07209033776805253,0.006229157000787988,0.18026775760046662,5.401192703843674e-06,2.123223272520244e-05,0.00019651160469077764,9.934585125563108e-11,7.952531466820574e-11,1.982053658742545e-11,4.1018790163289543e-10,3.963677760835447e-10,1.3820125549350833e-11,0.0008588487445236633,0.6289569639482095,2.564175771356431e-07,1.9472829426994586e-10,1.1921604799435313e-09,7.695389141144479e-05,0.007546181168469586
72643,3600,82,120,56.67105,11.15108,214444800.0,8.208643999088682e-05,0.014212382741445637,2.330180288080105e-05,0.014144453789939329,4.462714862551253e-05,0.0782279445141032,0.07200258113546674,0.006225363378636389,0.18011089635005112,5.3938596704040785e-06,2.1213807353191183e-05,0.00019632131037675222,9.927813244206335e-11,7.948128759100983e-11,1.979684485105366e-11,4.0959838545294084e-10,3.958008516707354e-10,1.3797533782205516e-11,0.0008581025114107449,0.6289007948684324,2.560057596706122e-07,1.9448529182362063e-10,1.1913583776606612e-09,7.68836757064226e-05,0.007541272217271
72644,3600,82,120,56.6712,11.20337,214444800.0,8.227619536820523e-05,0.014234332432535331,2.3323080271226827e-05,0.014166370030904216,4.4639321359893175e-05,0.07843104087280472,0.07220124994682091,0.006229790925983783,0.18030464317595055,5.408991267139501e-06,2.1237655070636783e-05,0.00019658499339372893,9.934702735061871e-11,7.954266563135355e-11,1.9804361719265282e-11,4.114758100665371e-10,3.9759342022274883e-10,1.388238984378842e-11,0.0008590164031173087,0.6289901098555374,2.576681321706801e-07,1.9487155245714758e-10,1.1916987804132372e-09,7.697567198102043e-05,0.007547525623022998
72645,3600,82,120,56.67613,11.14801,214444800.0,8.221546880544466e-05,0.01421453422904461,2.3310914065460162e-05,0.014146592338392085,4.463097658707268e-05,0.07837129241327219,0.07214511713614644,0.006226175277125691,0.1801581505423922,5.4038865515470665e-06,2.1220771884649087e-05,0.00019641559752844184,9.927963938913064e-11,7.950359547590271e-11,1.9776043913228052e-11,4.112543082225924e-10,3.973767186799566e-10,1.387758954263604e-11,0.0008583178750663637,0.6289432391435995,2.5761374387215395e-07,1.946692397974761e-10,1.1907635726171603e-09,7.691163587287615e-05,0.007543000076205836
72646,3600,82,120,56.67623,11.2001,214444800.0,8.238141051197806e-05,0.014236094831524004,2.333051095908454e-05,0.0141681218742837,4.4642446281223426e-05,0.07854796979289866,0.07231751459030558,0.006230455202593054,0.18034329591313808,5.417166590804576e-06,2.1243338755651178e-05,0.00019666192143084164,9.934825981311768e-11,7.956085477232529e-11,1.9787405040792523e-11,4.1282594056792005e-10,3.9887827831158505e-10,1.394766225633515e-11,0.0008591921441179006,0.6290248421081855,2.5897911231395347e-07,1.9502171047624183e-10,1.1912146728401736e-09,7.699850099426175e-05,0.0075489349648617515
72647,3600,82,120,56.67822,11.17359,214444800.0,8.22865265022613e-05,0.014216005415747508,2.331597008980651e-05,0.0141480562372967,4.4633208361006045e-05,0.07845157703038261,0.07222487499045956,0.006226702039923011,0.18018846698299765,5.409373091788596e-06,2.122476976676855e-05,0.00019646904904764575,9.928059965996504e-11,7.951582404039236e-11,1.9764775619572818e-11,4.121600205311624e-10,3.982386366545967e-10,1.3921383876565795e-11,0.0008584409587499263,0.6289709679772008,2.584909285459413e-07,1.9477626197364502e-10,1.1904689592746876e-09,7.692808005109319e-05,0.007543965173976522
72648,3600,82,120,56.68127,11.19694,214444800.0,8.249043232226962e-05,0.014237920539957635,2.3338210427155853e-05,0.014169936645464818,4.464568406566739e-05,0.07866912705608167,0.07243798366969603,0.00623114338638561,0.18038334029534372,5.425637752411514e-06,2.1249227817986846e-05,0.00019674163029209546,9.934953665925146e-11,7.957970208320873e-11,1.9769834576042864e-11,4.1422492843311885e-10,4.002096317542045e-10,1.401529667891447e-11,0.0008593742362972407,0.6290608240662509,2.6033753673943326e-07,1.951772921213977e-10,1.1907129981031006e-09,7.702215429917463e-05,0.0075503952749852365
72649,3600,82,120,56.68633,11.19388,214444800.0,8.260289827018911e-05,0.014239803791208691,2.3346153113299542e-05,0.014171808614017274,4.46490240781224e-05,0.07879411120532837,0.07256225793171737,0.006231853273610949,0.18042464772696157,5.434376545299023e-06,2.125530284748349e-05,0.0001968238565452366,9.935085378173117e-11,7.959914483105023e-11,1.9751708950681056e-11,4.156681150087796e-10,4.015830471129738e-10,1.4085067895805895e-11,0.0008595620789090978,0.6290979407079881,2.61738879417542e-07,1.9533778611911633e-10,1.1901954594439954e-09,7.704655435381451e-05,0.007551901711840926
72650,3600,82,120,56.68673,11.16837,214444800.0,8.255354304302307e-05,0.014238733970573614,2.3342634871679365e-05,0.014170743882484488,4.46474532174542e-05,0.078738122477722,0.07250664842343027,0.006231474054291664,0.18040287142496825,5.43057163317471e-06,2.1252498791058897e-05,0.00019678647451117074,9.935016495768244e-11,7.95906606093129e-11,1.9759504348369664e-11,4.1504006828859397e-10,4.009853699096852e-10,1.4054698378908877e-11,0.0008594758369855426,0.6290779514414763,2.6113100375462906e-07,1.9526249256545826e-10,1.1903945719283335e-09,7.703495731664202e-05,0.007551229105620709
72651,3600,82,120,56.69142,11.19093,214444800.0,8.271861994017614e-05,0.014241741852868072,2.3354325767695653e-05,0.014173735066194822,4.465246090555855e-05,0.0789227148327992,0.07269013104026557,0.006232583792533592,0.18046715534148233,5.443368277039157e-06,2.1261553906315595e-05,0.00019690846468864925,9.935220916639835e-11,7.961915035956305e-11,1.973305880683543e-11,4.1715307332060974e-10,4.0299621473509613e-10,1.415685858551362e-11,0.0008597553638713588,0.6291361362782036,2.6318078033574944e-07,1.9550293203418232e-10,1.1896629725389873e-09,7.707166182460918e-05,0.007553451771669535
72652,3600,82,120,56.69199,11.16512,214444800.0,8.268206902328301e-05,0.014240879639043639,2.3351710893335132e-05,0.014172876660781134,4.465126736917433e-05,0.07888092375655979,0.07264864025428205,0.0062322835022776725,0.18044997992651243,5.440559121865303e-06,2.1259437636523725e-05,0.00019688040789527376,9.93516672001557e-11,7.96128810512608e-11,1.9738786148895032e-11,4.166894820493482e-10,4.0255504252084303e-10,1.413443952850529e-11,0.0008596904014947464,0.6291202693193759,2.6273264670820333e-07,1.9544577492683766e-10,1.1898023801147862e-09,7.70628178934063e-05,0.007552950352325318
72653,3600,82,120,56.69652,11.18807,214444800.0,8.283665312920358e-05,0.014243718855812675,2.3362661700039398e-05,0.014175700227630804,4.465596648183548e-05,0.07905388836604381,0.0728205593989522,0.006233328967091555,0.18051051546903674,5.452539588684623e-06,2.1267929958723494e-05,0.0001969947640842005,9.935359172883121e-11,7.963955544954235e-11,1.9714036279288987e-11,4.1866768842652816e-10,4.044376053799482e-10,1.4230083046580075e-11,0.0008599525132461581,0.6291750982781347,2.6465147628425424e-07,1.9567138128018272e-10,1.1891198756443643e-09,7.70972716486908e-05,0.007555032804484097
72654,3600,82,120,56.69708,11.1619,214444800.0,8.274542727964494e-05,0.014223666606900432,2.334837595164935e-05,0.014155671404151452,4.464682679733919e-05,0.07896144810427573,0.07273185590958829,0.006229592194687383,0.18035666897182068,5.445033311512856e-06,2.1249544905964544e-05,0.0001968044378393184,9.928596344895065e-11,7.959516189454909e-11,1.96908015544017e-11,4.180492342850629e-10,4.0384313550517655e-10,1.4206098779886533e-11,0.0008592070608719194,0.6291220651122722,2.642095763303703e-07,1.9543067193115147e-10,1.1883545558915682e-09,7.70275563471941e-05,0.0075501108736430195
72655,3600,82,120,56.70163,11.18533,214444800.0,8.301885066308389e-05,0.01426503766229125,2.3383337721263267e-05,0.014196986627627877,4.4667696942116964e-05,0.07924622332171964,0.0730086547843806,0.006237568537339002,0.1806939250928274,5.467146246927996e-06,2.1291083333890664e-05,0.00019725023281931954,9.9422168490623e-11,7.96997266961488e-11,1.9722441794474322e-11,4.204590915616776e-10,4.061483245307243e-10,1.4310767030953428e-11,0.000860845890398581,0.6292542497713084,2.662343860928203e-07,1.9603678210989135e-10,1.189437017464389e-09,7.718578555898039e-05,0.007561161118306633
72656,3600,82,120,56.7019,11.172,214444800.0,8.28769512463531e-05,0.014225998427739781,2.3357681926086383e-05,0.01415798995711273,4.465078870096986e-05,0.07910821787241282,0.07287775949354039,0.006230458378872368,0.18040691688450264,5.455236949652028e-06,2.125672281416848e-05,0.0001969012878716972,9.928756270396172e-11,7.961787372067163e-11,1.9669688983290218e-11,4.1973416373258213e-10,4.05446603190317e-10,1.428756054226529e-11,0.000859428759918628,0.6291674397793334,2.658446095184896e-07,1.9562094829947197e-10,1.1877642139184238e-09,7.705656407292071e-05,0.007551878708445598
72657,3600,82,120,56.70221,11.15706,214444800.0,8.28723237247724e-05,0.014225766931324135,2.3357334469783697e-05,0.014157759012098259,4.4650584756097555e-05,0.07910235388756494,0.07287196755295136,0.00623038633461354,0.180402908233619,5.45489641389383e-06,2.1256385485958334e-05,0.0001968970835714662,9.928743838543254e-11,7.961710420041685e-11,1.967033418501582e-11,4.196781300145787e-10,4.0539328251235697e-10,1.4284847502221805e-11,0.0008594186211561265,0.6291635706074036,2.6579144168925224e-07,1.956112681597735e-10,1.1877677846549535e-09,7.705499741233912e-05,0.0075518094391531
73231,2000,70,80,55.46831,7.80499,119136000.0,7.328657062419995e-05,0.011475048331477007,2.0182399090800935e-05,0.011412500477671072,4.2365454715133296e-05,0.07209916822275395,0.06679351727651987,0.0053056509462340515,0.14642005511216047,4.971551784116188e-06,1.729012208904321e-05,0.00016247493472321557,8.302274813827938e-11,6.800144139478461e-11,1.502130674349486e-11,4.300896805288418e-10,4.14274530723728e-10,1.58151498051138e-11,0.0007338169329770337,0.6177358816482478,3.0325430664523986e-07,1.622590987719872e-10,9.840622823538198e-10,6.460982676364952e-05,0.006165806314086779
73232,2000,70,80,55.4684,7.81385,119136000.0,7.332357220371363e-05,0.011475550834687305,2.0184996199406084e-05,0.011412999335766403,4.236650272149768e-05,0.07213973538641207,0.06683388348829271,0.005305851898119324,0.14643188822813194,4.974441011711077e-06,1.7292056215117766e-05,0.00016250138288194157,8.302312806231229e-11,6.800786055877069e-11,1.50152675035417e-11,4.3056698286806683e-10,4.1472876078425643e-10,1.5838222083810368e-11,0.0007338768889943097,0.617746304163992,3.0371871657397226e-07,1.6230955478294865e-10,9.838786490518098e-10,6.461743149402426e-05,0.006166296323255183
73233,2000,70,80,55.46849,7.8227,119136000.0,7.336311356998233e-05,0.011476094661332882,2.0187772489463576e-05,0.011413539263229695,4.236762561372369e-05,0.07218311908053729,0.06687705053706189,0.005306068543475378,0.1464446359948761,4.9775277117427255e-06,1.729412697407007e-05,0.00016252968285135423,8.30235371749953e-11,6.801471898257734e-11,1.5008818192418048e-11,4.3107689874807555e-10,4.152140277024649e-10,1.586287104561071e-11,0.0007339410672917096,0.617757545972026,3.042148043523026e-07,1.6236361056428573e-10,9.836831973275536e-10,6.462558317105806e-05,0.006166820289841207
73234,2000,70,80,55.46857,7.83156,119136000.0,7.351727582028388e-05,0.0115114362627217,2.02126987434895e-05,0.011448840037905545,4.238352607266756e-05,0.0723356074598394,0.06702303866863052,0.005312568791208859,0.14670910908795065,4.990330375379229e-06,1.7326348193291674e-05,0.0001628618344094163,8.31448843080942e-11,6.809300573579567e-11,1.5051878572298627e-11,4.3207386285524107e-10,4.1617345580208153e-10,1.59004070531595e-11,0.0007352569491653894,0.6178407965858003,3.049020536734218e-07,1.627708736738344e-10,9.850398855275164e-10,6.474676244504566e-05,0.006175517503805564
73235,2000,70,80,55.46865,7.84042,119136000.0,7.356213225262779e-05,0.011512066275805657,2.0215849971252244e-05,0.011449465620280389,4.238480555401684e-05,0.0723848839996857,0.06707206580227484,0.005312818197410839,0.14672376658602032,4.993830366278767e-06,1.7328704721183675e-05,0.00016289400814641664,8.314535437153259e-11,6.810078346578355e-11,1.5044570905749124e-11,4.326520361356772e-10,4.1672368026318704e-10,1.592835587249024e-11,0.000735329958949523,0.6178537485038041,3.054644428806669e-07,1.628324569385413e-10,9.848196675360832e-10,6.475605766228262e-05,0.006176112519991193
73236,2000,70,80,55.46874,7.84927,119136000.0,7.360911894013712e-05,0.011512730957690846,2.0219151489251072e-05,0.011450125658351722,4.2386147849873183e-05,0.07243652295486325,0.06712344218589761,0.005313080768965607,0.14673919137996047,4.997495986820983e-06,1.7331175855277935e-05,0.00016292773514216838,8.314584892098132e-11,6.810892962480111e-11,1.503691929618029e-11,4.3325756395192925e-10,4.1729993682038446e-10,1.595762713154486e-11,0.0007354065103210479,0.6178673877372616,3.0605340174535455e-07,1.6289705969570017e-10,9.84589537793306e-10,6.47658116644763e-05,0.006176736018489478
73237,2000,70,80,55.46882,7.85813,119136000.0,7.365878097494471e-05,0.011513438998885519,2.022264172970978e-05,0.011450828788200525,4.238756895528581e-05,0.0724911279769834,0.06717776815257215,0.00531335982441124,0.14675557709883058,5.001369640818952e-06,1.7333790818722737e-05,0.00016296341188384885,8.314637413972248e-11,6.811753852261048e-11,1.5028835617112084e-11,4.338974497385631e-10,4.1790889033589057e-10,1.598855940267258e-11,0.0007354875066796118,0.6178818874110248,3.0667573420815244e-07,1.6296545096906086e-10,9.843469392879212e-10,6.477614118631087e-05,0.006177395278843626
73238,2000,70,80,55.4689,7.86698,119136000.0,7.371070147964055e-05,0.011514183832745741,2.0226291310990327e-05,0.011451568484762815,4.238905667193646e-05,0.07254823777672519,0.06723458492876912,0.0053136528479560425,0.14677277685346446,5.005418888692618e-06,1.733652730734839e-05,0.00016300073556948955,8.31469253351805e-11,6.812653801690475e-11,1.502038731827586e-11,4.345663356527685e-10,4.1854544198304736e-10,1.60208936697212e-11,0.0007355722583675125,0.6178971163342993,3.073262344036344e-07,1.630370442144057e-10,9.840938367526852e-10,6.478695724225546e-05,0.006178084737551156
73239,2000,70,80,55.46898,7.87584,119136000.0,7.376494599998117e-05,0.011514966309701974,2.0230104828366332e-05,0.01145234559203447,4.239061283914064e-05,0.07260792402997031,0.06729396384544532,0.005313960184524961,0.1467908110099034,5.009648853417352e-06,1.733938872479957e-05,0.0001630397528384961,8.314750316227904e-11,6.813593948664849e-11,1.5011563675630645e-11,4.3526506806606734e-10,4.1921039722173846e-10,1.6054670844328903e-11,0.0007356608709711842,0.6179130923658271,3.080057261604047e-07,1.6311192801763732e-10,9.838299003230495e-10,6.47982731584588e-05,0.00617880526075049
73240,2000,70,80,55.46907,7.8847,119136000.0,7.393295271294179e-05,0.011550532719396659,2.0256007746536252e-05,0.011487869790339823,4.240692131030047e-05,0.07277576331666427,0.06745521746313338,0.0053205458535308565,0.14706026319127932,5.023528001159939e-06,1.737235448082816e-05,0.00016338199629561357,8.326900920009618e-11,6.821662074830129e-11,1.505238845179499e-11,4.364398193935057e-10,4.2033901753127506e-10,1.6100801862230612e-11,0.0007369997616386118,0.6180008021697347,3.088656655397813e-07,1.6353880466410246e-10,9.851221144542176e-10,6.492243222350612e-05,0.006187687556581744
73241,2000,70,80,55.4733,7.80377,119136000.0,7.315560698910497e-05,0.011472923181662854,2.0173160394645212e-05,0.011410388425573003,4.236159569520999e-05,0.07195396098242392,0.06664911768575699,0.005304843296666903,0.1463729765561528,4.96136845195922e-06,1.7283079864448236e-05,0.00016237947674878751,8.302124561973006e-11,6.797878991863927e-11,1.5042455701090883e-11,4.28407845758327e-10,4.1267400314952623e-10,1.5733842608800877e-11,0.0007335993008489141,0.617693721454049,3.016206783766917e-07,1.620735908533889e-10,9.84672351380564e-10,6.458164433122207e-05,0.006164055575102234
73242,2000,70,80,55.47338,7.81262,119136000.0,7.319327220435524e-05,0.011473436372225435,2.0175804307831643e-05,0.011410897904696304,4.236266322130228e-05,0.0719952635771593,0.06669021525864419,0.005305048318515085,0.1463850470130075,4.964309291907909e-06,1.728504962957592e-05,0.00016240640819015266,8.30216331204173e-11,6.798532388120858e-11,1.5036309239208793e-11,4.288936722772843e-10,4.13136345296076e-10,1.575732698120829e-11,0.0007336603584046393,0.617704356370249,3.0209336881234876e-07,1.6212498526620487e-10,9.84485617282137e-10,6.458939157356204e-05,0.006164554451985004
73243,2000,70,80,55.47347,7.82148,119136000.0,7.323336692759522e-05,0.011473988844200525,2.017861958910673e-05,0.011411446422336748,4.236380227467132e-05,0.07203925924673923,0.06673399096322911,0.005305268283510114,0.14639798869172108,4.967439060551935e-06,1.7287149954411036e-05,0.00016243510971532715,8.302204842956508e-11,6.799227807972849e-11,1.502977034983668e-11,4.2941070162542007e-10,4.136283817953027e-10,1.578231983011745e-11,0.0007337254510304143,0.6177157712372082,3.025963688547784e-07,1.6217981819667327e-10,9.842875494141427e-10,6.459766110879712e-05,0.006165085800117207
73244,2000,70,80,55.47356,7.83034,119136000.0,7.338783659687216e-05,0.011509335176621402,2.0203567495168553e-05,0.011446751897445309,4.237971168092506e-05,0.07219208727384589,0.06688031691836717,0.005311770355478707,0.14666256843506295,4.980265659957001e-06,1.7319387558259094e-05,0.00016276748397556323,8.314339897238636e-11,6.807061805507287e-11,1.5072780917313568e-11,4.304116192018944e-10,4.14591572243161e-10,1.5820046958733473e-11,0.0007350418397365549,0.6177991169008644,3.0328746039998416e-07,1.6258751161714697e-10,9.856427759338294e-10,6.471890559653889e-05,0.006173787111517832
73245,2000,70,80,55.47364,7.83919,119136000.0,7.354502726400895e-05,0.011544725809794574,2.022870737096987e-05,0.011482101401095042,4.239570132856473e-05,0.07234793292343271,0.06702964367475449,0.005318289248678193,0.14692812852234305,4.993303817674206e-06,1.7351771560006132e-05,0.0001631018423254299,8.326478079961156e-11,6.814942862523944e-11,1.5115352174372213e-11,4.314474766320662e-10,4.1558801339657145e-10,1.5859463235494748e-11,0.0007363627524308042,0.6178833407524538,3.0401248913215684e-07,1.6299906222580363e-10,9.869853441288758e-10,6.484073616071067e-05,0.006182524804530858
73246,2000,70,80,55.47372,7.84805,119136000.0,7.359295226701052e-05,0.011545405397920117,2.0232075038594203e-05,0.011482776251746514,4.239707113501032e-05,0.07240061074710213,0.06708205322925617,0.005318557517845925,0.14694388582500764,4.997042438275381e-06,1.7354292968156286e-05,0.00016313625154461424,8.326528596853093e-11,6.815773713860824e-11,1.5107548829922794e-11,4.3206506124491226e-10,4.161757438809143e-10,1.5889317363998023e-11,0.0007364408580671434,0.6178972771874492,3.046131617843869e-07,1.630649877030264e-10,9.867508066185988e-10,6.485069091321663e-05,0.0061831608314220085
73247,2000,70,80,55.47381,7.85691,119136000.0,7.353126164174695e-05,0.011511368350304531,2.02136458220028e-05,0.011448770893656342,4.2383810826185365e-05,0.07234973313170616,0.06703716010241767,0.005312573029288463,0.14670971586073261,4.991454298724482e-06,1.732693301432245e-05,0.00016287045701803503,8.314491050423125e-11,6.809548304792524e-11,1.504942745630607e-11,4.322598768852522e-10,4.1635048490234363e-10,1.590939198290853e-11,0.0007352755764637206,0.6178408148853999,3.050851103648876e-07,1.6278479409172804e-10,9.849408037915914e-10,6.474869486645256e-05,0.006175690517997042
73248,2000,70,80,55.47389,7.86577,119136000.0,7.358395918116795e-05,0.011512125435364628,2.021735017043507e-05,0.011449522763909509,4.238532128468564e-05,0.07240770280057834,0.06709483205529757,0.0053128707452807615,0.14672718957845055,4.995564010643939e-06,1.7329711083041333e-05,0.0001629083451691305,8.314547045154658e-11,6.810461700894545e-11,1.5040853442601206e-11,4.3293874925313405e-10,4.1699654022409853e-10,1.5942209029035546e-11,0.0007353616138104564,0.6178562885133637,3.0574531365278774e-07,1.6285748084769458e-10,9.84684040419148e-10,6.475967682766273e-05,0.0061763903472803906
73249,2000,70,80,55.47397,7.87462,119136000.0,7.37506778051738e-05,0.011547670785161277,2.0243162200490072e-05,0.011485026031228486,4.240159173230366e-05,0.0725741131653895,0.06725466473867603,0.005319448426713453,0.14699617635045173,5.009343020050956e-06,1.73626074858407e-05,0.0001632496489098157,8.326696163942139e-11,6.81850755139379e-11,1.5081886125483578e-11,4.3409696237935255e-10,4.181094218650597e-10,1.5987540514292873e-11,0.000736698361490359,0.6179435812484046,3.065891901388238e-07,1.6328252977923814e-10,9.859822366783621e-10,6.48835581278199e-05,0.006185255416292733
73250,2000,70,80,55.47405,7.88348,119136000.0,7.380790776947808e-05,0.011548501500253362,2.0247186295247872e-05,0.011485851078177773,4.2403235780344176e-05,0.07263710859108434,0.06731733447414079,0.005319774116943523,0.1470152806090711,5.013805149317889e-06,1.7365629320432762e-05,0.0001632908411347782,8.326757362376648e-11,6.819499338709367e-11,1.5072580236672913e-11,4.3483403835156355e-10,4.1881086697398113e-10,1.602317137758244e-11,0.00073679193199602,0.6179605152189184,3.073059280761443e-07,1.633616382869153e-10,9.857043693397825e-10,6.489551573483992e-05,0.00618601583951648
73251,2000,70,80,55.47828,7.80252,119136000.0,7.313662870153755e-05,0.011505553893669201,2.018588585572995e-05,0.011442995570862246,4.237243695122897e-05,0.07191494025023118,0.0666046370165171,0.0053103032337140435,0.14657668871263158,4.960696046634414e-06,1.7306046865424444e-05,0.00016258595390046304,8.314065127348415e-11,6.802711076047484e-11,1.511354051300941e-11,4.27179195100338e-10,4.115154097578809e-10,1.566378534245719e-11,0.0007346290059909495,0.6177227346129109,3.001453113080702e-07,1.6223757412685439e-10,9.868469357474731e-10,6.466592546715154e-05,0.006170442891702481
73252,2000,70,80,55.47837,7.81138,119136000.0,7.317455917744095e-05,0.011506071031440211,2.0188548433565293e-05,0.01144350897086734,4.237351213930803e-05,0.07195653528218236,0.06664602549011023,0.005310509792072112,0.1465888491696725,4.963657556569197e-06,1.7308030691670035e-05,0.00016261307678378705,8.314104165481432e-11,6.803369067318961e-11,1.5107350981624796e-11,4.276684358586863e-10,4.11981001094107e-10,1.568743476457934e-11,0.0007346904987610619,0.6177334494907895,3.006213209968666e-07,1.622893371419522e-10,9.866589248798854e-10,6.467372848676814e-05,0.006170945297725746
73253,2000,70,80,55.47845,7.82024,119136000.0,7.32154270549943e-05,0.01150663585064535,2.019141822957196e-05,0.011444069758526921,4.237467388886015e-05,0.07200138726325746,0.0666906527934498,0.005310734469807635,0.1466020658003877,4.966847467886657e-06,1.7310172478114716e-05,0.00016264234079342883,8.314146574369743e-11,6.804077863582932e-11,1.5100687107868207e-11,4.281953983727986e-10,4.124824905521867e-10,1.5712907820612034e-11,0.0007347568730853034,0.6177451102311826,3.0113397109105996e-07,1.6234526126271428e-10,9.864572325477016e-10,6.468216367310507e-05,0.006171486972082223
73254,2000,70,80,55.47854,7.8291,119136000.0,7.325867920731818e-05,0.011507239329552318,2.0194456217792555e-05,0.011444668967453194,4.2375905881331983e-05,0.07204888269240398,0.066737908849434,0.005310973842969961,0.14661613907616303,4.970222776829669e-06,1.7312442455654522e-05,0.00016267334251534224,8.314191717321922e-11,6.804827898866894e-11,1.5093638184550376e-11,4.2875298039080213e-10,4.1301311923516424e-10,1.5739861155637925e-11,0.0007348272090692657,0.6177575380683586,3.016763632823935e-07,1.6240456207214283e-10,9.862444300781324e-10,6.469111182870657e-05,0.006172060518317069
73255,2000,70,80,55.47862,7.83796,119136000.0,7.341654169092812e-05,0.011542640518016845,2.0219643439769287e-05,0.011480028959401698,4.239191517537808e-05,0.07220547160306388,0.06688797482013498,0.00531749678292889,0.14688193547484676,4.9833132157257315e-06,1.734486238616578e-05,0.00016300818869935318,8.32633065503775e-11,6.812720582473906e-11,1.5136100725638528e-11,4.297974728127609e-10,4.140177779365166e-10,1.5779694876244304e-11,0.0007361492327527517,0.6178419729269066,3.024097822897385e-07,1.6281705738056875e-10,9.875838288950289e-10,6.481308569783807e-05,0.006180807175877246
73256,2000,70,80,55.47871,7.84681,119136000.0,7.346482828995972e-05,0.011543325815919969,2.022303659465147e-05,0.011480709483756757,4.239329556855883e-05,0.0722585496105182,0.06694078237237155,0.005317767238146614,0.14689782039673624,4.98707997243099e-06,1.734740314866631e-05,0.00016304286064068374,8.32638157959387e-11,6.813557691099606e-11,1.5128238884942726e-11,4.3041970447168504e-10,4.1460993081272354e-10,1.580977365896158e-11,0.0007362279368103936,0.6178560233674748,3.0301497006065993e-07,1.6288349189957987e-10,9.873475887941582e-10,6.4823117686532e-05,0.006181448029163393
73257,2000,70,80,55.47879,7.85567,119136000.0,7.351586843813998e-05,0.011544055731309712,2.022662398721441e-05,0.011481434350251547,4.2394757070951334e-05,0.07231468034137911,0.06699662568486055,0.005318054656518548,0.1469146941933926,4.99106084466401e-06,1.735009193948733e-05,0.0001630795392708319,8.326435660306552e-11,6.814442426397784e-11,1.5119932339087788e-11,4.3107729860386093e-10,4.152357365883638e-10,1.584156201549709e-11,0.0007363112156398813,0.6178709592589845,3.0365450722746915e-07,1.629538254906112e-10,9.870985143988106e-10,6.483374198386451e-05,0.006182125689206716
73258,2000,70,80,55.47887,7.86453,119136000.0,7.356930115617786e-05,0.011544824497074092,2.0230380164677775e-05,0.011482197827824506,4.2396289084906714e-05,0.07237346398021881,0.06705510714315115,0.005318356837067631,0.14693242845763813,4.995227752596252e-06,1.7352909399248948e-05,0.00016311796195827517,8.326492487152866e-11,6.81536854307878e-11,1.511123944074097e-11,4.31765617546904e-10,4.1589078180339933e-10,1.58748357435048e-11,0.000736398470791019,0.6178866657703065,3.043238883284821e-07,1.630275486402149e-10,9.868382976771267e-10,6.484488124034113e-05,0.00618283533467085
73259,2000,70,80,55.47896,7.87339,119136000.0,7.373661832237804e-05,0.011580379166529918,2.0256234365599228e-05,0.011517710355164646,4.241257699967434e-05,0.07254053614417873,0.06721559804376337,0.005324938100415343,0.14720162450174326,5.0090533513563585e-06,1.7385837764247037e-05,0.00016345969987586792,8.338642274745339e-11,6.823424753738058e-11,1.51521752100729e-11,4.329315256896889e-10,4.1701098646079815e-10,1.5920539228890785e-11,0.0007377362069654376,0.6179741452148386,3.051752424323412e-07,1.6345343754858993e-10,9.881336605288231e-10,6.496888990708217e-05,0.006191708386485111
73260,2000,70,80,55.47904,7.88225,119136000.0,7.379465216797353e-05,0.01158122266909418,2.0260315134865915e-05,0.011518548109335213,4.241424462410035e-05,0.0726044216768062,0.06727915300016137,0.005325268676644812,0.14722101388297382,5.013578019743388e-06,1.738890267960925e-05,0.00016350147667079247,8.338704383748233e-11,6.824430450074032e-11,1.5142739336742106e-11,4.3367893069210883e-10,4.177222612565521e-10,1.5956669435556758e-11,0.0007378311093175947,0.6179913340629223,3.059020154089752e-07,1.635336796049076e-10,9.878520188738575e-10,6.498101956420058e-05,0.006192479543934081
73261,2000,70,80,55.48327,7.8013,119136000.0,7.30058202221634e-05,0.011503432105380814,2.01766582180205e-05,0.011440886864295155,4.2368582867640416e-05,0.07176990899311077,0.06646041221742598,0.005309496775684762,0.14652967858289045,4.950524674663614e-06,1.729901346248534e-05,0.00016249061351457573,8.313915091922032e-11,6.800448595316305e-11,1.5134664966057366e-11,4.2549933450098723e-10,4.0991676089252525e-10,1.558257360846204e-11,0.0007344116449007536,0.6176806371990353,2.9851359383008085e-07,1.6205230284024158e-10,9.874563791135461e-10,6.463777950584745e-05,0.006168694266781239
73262,2000,70,80,55.48335,7.81016,119136000.0,7.326807998241367e-05,0.01157346503208639,2.0223274171525424e-05,0.011510842689498344,4.2399068416522446e-05,0.07202426641649065,0.06670202618553576,0.00532224023095486,0.14704352307915913,4.972536137712189e-06,1.736103402754949e-05,0.00016312185867618025,8.338136096072882e-11,6.815307287031258e-11,1.5228288090416314e-11,4.268995865967621e-10,4.1127063928438866e-10,1.562894731237356e-11,0.0007369683806664656,0.617833787554358,2.993106500659246e-07,1.6280352114592123e-10,9.903955267155435e-10,6.487058042172306e-05,0.006185477494681055
73263,2000,70,80,55.48344,7.81901,119136000.0,7.330920183003797e-05,0.011574033830424494,2.022616186454549e-05,0.011511407430971657,4.240023758829206e-05,0.07206939932402537,0.06674693288861588,0.005322466435409455,0.14705682887687746,4.97574581451543e-06,1.7363189390005346e-05,0.00016315130704480389,8.338178789867972e-11,6.816020478772375e-11,1.5221583110956062e-11,4.2742981368110704e-10,4.117752354929548e-10,1.5654578188152233e-11,0.0007370351748091593,0.6178455278934031,2.998264723016634e-07,1.6285980217371454e-10,9.901926349663858e-10,6.487906974165379e-05,0.0061860225574223585
73264,2000,70,80,55.48352,7.82787,119136000.0,7.335330095957593e-05,0.01157465084756059,2.022925957433016e-05,0.011512020093537014,4.240149444924635e-05,0.07211783288409873,0.06679512190944899,0.005322710974649716,0.14707120353851647,4.979187007230866e-06,1.7365504794858295e-05,0.00016318292502297963,8.338224895173763e-11,6.816785167446547e-11,1.5214397277272237e-11,4.2799827704918507e-10,4.1231621947972975e-10,1.5682057569455383e-11,0.0007371069150602673,0.6178582252639577,3.003794356067958e-07,1.6292029860403613e-10,9.899758633456675e-10,6.48881994092086e-05,0.006186607416427949
73265,2000,70,80,55.48361,7.83673,119136000.0,7.339977630509584e-05,0.011575306395939398,2.0232524908139607e-05,0.011512671049714604,4.240282131665543e-05,0.07216890096780693,0.06684593080754568,0.005322970160261212,0.1470864319829068,4.98281297065956e-06,1.7367947958776927e-05,0.00016321627485178032,8.338273725402967e-11,6.817590955710158e-11,1.5206827696928193e-11,4.285972563799812e-10,4.128862441557983e-10,1.571101222418289e-11,0.0007371826036153638,0.6178716871721313,3.009620404170905e-07,1.6298416035404376e-10,9.897480193938316e-10,6.48978403202776e-05,0.0061872240396903064
73266,2000,70,80,55.48369,7.84559,119136000.0,7.344905483107217e-05,0.011576007464624375,2.0235987993886785e-05,0.011513367245832669,4.2404230797821226e-05,0.07222307726063186,0.0668998306184249,0.00532324664220694,0.14710266860450996,4.986656896755252e-06,1.7370541875078206e-05,0.00016325166806450226,8.338325773166997e-11,6.818445227141965e-11,1.51988054602504e-11,4.292322334313112e-10,4.134905262653938e-10,1.5741707165917527e-11,0.0007372629509433064,0.6178860519906786,3.0157961087770136e-07,1.6305199342476637e-10,9.895071211638946e-10,6.490808457630826e-05,0.006187878137798141
73267,2000,70,80,55.48378,7.85445,119136000.0,7.33887988008639e-05,0.011541993205744137,2.0217659913575617e-05,0.011479384533281133,4.2391012549425835e-05,0.07217378796928878,0.0668565171049451,0.005317270864343664,0.14686900699212346,4.981180367528246e-06,1.734325878464614e-05,0.0001629869165846752,8.326289850285277e-11,6.812244640537692e-11,1.5140452097475963e-11,4.29445482798093e-10,4.1368280985984703e-10,1.5762672938245963e-11,0.0007361000456395422,0.6178300440588723,3.020694687675081e-07,1.6277382209681107e-10,9.876903791089027e-10,6.480639545222666e-05,0.006180426979022749
73268,2000,70,80,55.48386,7.86331,119136000.0,7.34430032589754e-05,0.011542774243208062,2.022147049895394e-05,0.011480160205513927,4.239256719518053e-05,0.07223342610525743,0.06691584837097074,0.005317577734286685,0.14688701491163036,4.985407314663159e-06,1.7346117600148738e-05,0.00016302590044551992,8.326347551088373e-11,6.813184110210041e-11,1.5131634408783427e-11,4.3014371788819125e-10,4.143472918389729e-10,1.5796426049218366e-11,0.0007361885793161983,0.6178459951887239,3.027484838125952e-07,1.62848633383065e-10,9.874265384601e-10,6.481769986337233e-05,0.006181146929317738
73269,2000,70,80,55.48394,7.87217,119136000.0,7.349957226385083e-05,0.011543593679827786,2.022544789284308e-05,0.011480974040406666,4.239419152827706e-05,0.07229568609477356,0.06697778690020746,0.0053178991945660855,0.14690587327770152,4.9898181180731895e-06,1.7349103579715994e-05,0.000163066607956651,8.326407966034724e-11,6.814164476508176e-11,1.512243489526557e-11,4.308723178403007e-10,4.150406707100357e-10,1.5831647130265023e-11,0.0007362810428013849,0.6178627079705281,3.034569931319745e-07,1.629267946037899e-10,9.87151686429387e-10,6.482951321612636e-05,0.00618189849058334
73270,2000,70,80,55.48402,7.88103,119136000.0,7.367022970533385e-05,0.011579202363685192,2.0251537704828633e-05,0.011516540248192951,4.241057778741556e-05,0.07246646094019751,0.06714195993526585,0.005324501004931647,0.14717626725408847,5.0039034697003584e-06,1.738221145241595e-05,0.00016341077956102227,8.338561577280718e-11,6.822278464308574e-11,1.5162831129721506e-11,4.3208112588507076e-10,4.1620170130684067e-10,1.5879424578230085e-11,0.0007376243268157798,0.6179512598623443,3.043500190125522e-07,1.6335741119733195e-10,9.884314675769144e-10,6.495423999809032e-05,0.00619081618672444
73271,2000,70,80,55.48825,7.80007,119136000.0,7.309888310894607e-05,0.011570819431905193,2.021135175404912e-05,0.011508213954172706,4.2394125978441e-05,0.07183713594992595,0.06651591134890947,0.005321224601016468,0.14698419922337524,4.9593675560219356e-06,1.7351992604082845e-05,0.00016299906566738832,8.337946531600757e-11,6.812378879909351e-11,1.525567651691414e-11,4.247245882130604e-10,4.092007871246466e-10,1.5523801088413867e-11,0.0007366887776872087,0.6177808393530365,2.9719718880785037e-07,1.6256585332307508e-10,9.911952011317286e-10,6.483453566395229e-05,0.006183220378018257
73272,2000,70,80,55.48834,7.80893,119136000.0,7.324962294252756e-05,0.011606104580463954,2.0236036454191347e-05,0.011543458618814659,4.240992519510575e-05,0.07198582539392877,0.06665812190624805,0.005327703487680688,0.14724742828118087,4.971904216305475e-06,1.738402927167082e-05,0.00016332871777464296,8.350077276679914e-11,6.820148379238685e-11,1.5299288974412397e-11,4.256776215839951e-10,4.101184083148458e-10,1.5559213269149304e-11,0.0007379989579211124,0.6178629742642954,2.9784177396712215e-07,1.6296825031106343e-10,9.925677264571892e-10,6.495497510763677e-05,0.006191871797275372
73273,2000,70,80,55.48842,7.81779,119136000.0,7.329161834830226e-05,0.011606687239918577,2.023898572935987e-05,0.011544037134217457,4.241111997176212e-05,0.07203192539628253,0.06670399040430723,0.0053279349919752835,0.14726104339416327,4.9751818571310275e-06,1.738623142925695e-05,0.00016335880119612678,8.35012095838663e-11,6.820876686259003e-11,1.5292442721276366e-11,4.2621907372749685e-10,4.1063368692276927e-10,1.5585386804727603e-11,0.0007380671988055875,0.6178749910446123,2.983685020472326e-07,1.6302576244493567e-10,9.92360729255572e-10,6.496365126337123e-05,0.00619242852299437
73274,2000,70,80,55.48851,7.82665,119136000.0,7.333610068034757e-05,0.011607310215683812,2.0242110436964973e-05,0.011544655717234682,4.241238801216407e-05,0.0720807826198663,0.06675260079765673,0.005328181822209542,0.14727555191644368,4.978652878575823e-06,1.738856729258026e-05,0.00016339069710284514,8.350167491511907e-11,6.821648007940498e-11,1.5285194835714183e-11,4.267924638234622e-10,4.1117935946487475e-10,1.561310435858744e-11,0.0007381395717908055,0.6178878078288993,2.9892625295574227e-07,1.630867964895281e-10,9.921421426847787e-10,6.497286244491861e-05,0.006193018492418953
73275,2000,70,80,55.48859,7.83551,119136000.0,7.327170874260493e-05,0.01157322861123564,2.022349056215001e-05,0.011510606072880061,4.239904779343023e-05,0.07202690651240407,0.06670472603865667,0.0053221804737473835,0.1470404000560344,4.972854782489972e-06,1.736106167297443e-05,0.00016312292976779842,8.338126813020961e-11,6.815375891252189e-11,1.522750921768782e-11,4.269526049172666e-10,4.1132110227703045e-10,1.5631502640236146e-11,0.0007369697899062601,0.6178304649240127,2.9936452668631253e-07,1.628027620773071e-10,9.903446402536685e-10,6.487028245532234e-05,0.006185512033310226
73276,2000,70,80,55.48868,7.84437,119136000.0,7.332146771492998e-05,0.011573937205579681,2.022698750421731e-05,0.01151130974676073,4.240047131473575e-05,0.07208161423753602,0.06675915439419354,0.005322459843342448,0.14705680533116502,4.976736100051616e-06,1.7363681270568398e-05,0.0001631586717306958,8.33817939967181e-11,6.816238477837783e-11,1.521940921834035e-11,4.2759375773965424e-10,4.1193126160124524e-10,1.5662496138408924e-11,0.0007370509313944065,0.6178449802948217,2.999880980802532e-07,1.6287127028796106e-10,9.901014728219737e-10,6.488062911152393e-05,0.006186172541287467
73277,2000,70,80,55.48876,7.85323,119136000.0,7.337400503131516e-05,0.011574690919898854,2.0230680446524743e-05,0.011512058262733209,4.2401976719121796e-05,0.07213940264678163,0.06681664628992723,0.005322756356854405,0.1470742098956952,4.980833448745661e-06,1.736645028655867e-05,0.00016319643898886962,8.338235175485672e-11,6.817149117967954e-11,1.521086057517727e-11,4.282705892751637e-10,4.125753747737074e-10,1.569521450145634e-11,0.0007371366904249793,0.6178603906215028,3.0064632523916197e-07,1.6294371469269849e-10,9.898453671172988e-10,6.489157377789979e-05,0.006186870192221249
73278,2000,70,80,55.48884,7.86209,119136000.0,7.331722042915532e-05,0.011540732788341418,2.0212597227264627e-05,0.011478131330441068,4.23888606730828e-05,0.07209396138218298,0.0667771594516129,0.00531680193057005,0.14684179313277876,4.975626872314028e-06,1.7339353747547047e-05,0.00016293421671011965,8.326203226029761e-11,6.811008577226205e-11,1.5151946488035653e-11,4.2852842313997405e-10,4.1281008746332645e-10,1.5718335676647606e-11,0.0007359795506682341,0.617805497125424,3.0117949133926746e-07,1.6267045652013657e-10,9.880124306476903e-10,6.479063093628562e-05,0.006179465430316264
73279,2000,70,80,55.48893,7.87095,119136000.0,7.337439030273159e-05,0.011541561690318374,2.0216616970615392e-05,0.011478954570759254,4.239050258850701e-05,0.0721568862560473,0.0668397592389114,0.005317127017135876,0.1468608632257049,4.98008443264301e-06,1.7342371875636043e-05,0.00016297536066923725,8.326264317365398e-11,6.811999341788458e-11,1.5142649755769493e-11,4.2926474563968215e-10,4.1351081554803545e-10,1.575393009164672e-11,0.0007360730082032086,0.6178223990072476,3.018955041491368e-07,1.6274946316952915e-10,9.877347467938727e-10,6.480257255063385e-05,0.006180225010591826
73280,2000,70,80,55.48901,7.87981,119136000.0,7.343412657533061e-05,0.01154243229853829,2.0220817766179493e-05,0.011479819260619329,4.239222015278182e-05,0.07222265693731944,0.06690518898966691,0.005317467947652505,0.146880856800825,4.9847415407548286e-06,1.7345528039800023e-05,0.00016301837557512118,8.326328355865232e-11,6.813034493588495e-11,1.513293862276747e-11,4.3003402450043063e-10,4.1424290673855753e-10,1.579111776187316e-11,0.0007361707314746887,0.6178401280028395,3.026435281974084e-07,1.6283210630570366e-10,9.874451149074434e-10,6.481506665928574e-05,0.006181018901721624
73281,2000,70,80,55.49323,7.79884,119136000.0,7.296845814578337e-05,0.011568704853927443,2.0202151303441795e-05,0.011506112419002025,4.239028362197709e-05,0.07169253454367921,0.06637211376103826,0.005320420782640927,0.14693734175709006,4.94922588316292e-06,1.7344980383484564e-05,0.00016290401008259718,8.337796981115378e-11,6.810123012953583e-11,1.5276739681618027e-11,4.230496312783216e-10,4.0760680483336466e-10,1.5442826444956927e-11,0.0007364720693591449,0.6177388804112596,2.9557022649275037e-07,1.62381144997587e-10,9.91802971539439e-10,6.480647583837088e-05,0.006181476926686879
73282,2000,70,80,55.49331,7.8077,119136000.0,7.311998962578272e-05,0.011604002648977046,2.0226891822713523e-05,0.011541369651074962,4.2406106079369356e-05,0.07184210079868396,0.0665151963028235,0.0053269044958604355,0.1472008524022443,4.9618241241096394e-06,1.7377059506586365e-05,0.00016323423814869136,8.349928625346749e-11,6.817906208550462e-11,1.5320224167962967e-11,4.2401283530843154e-10,4.085341049941845e-10,1.547873031424702e-11,0.0007377835620085462,0.6178212671366513,2.962246923962377e-07,1.627846593534419e-10,9.93171786165454e-10,6.492708490956225e-05,0.00619013891933477
73283,2000,70,80,55.4934,7.81656,119136000.0,7.32741255396276e-05,0.011639342655178022,2.025181606227062e-05,0.01157666883385789,4.242200525786154e-05,0.07199455450660495,0.06666115025024474,0.0053334042563602,0.14746529851881945,4.97462488418289e-06,1.7409278647304194e-05,0.00016356636428628993,8.362063255266221e-11,6.825734451456566e-11,1.5363288038096628e-11,4.250094865829385e-10,4.094932354157097e-10,1.5516251167228777e-11,0.000739099381842763,0.6179044915125542,2.9691164725544536e-07,1.6319186182877512e-10,9.945284626597499e-10,6.504825424966762e-05,0.006198835725979156
73284,2000,70,80,55.49348,7.82543,119136000.0,7.33195611589339e-05,0.011639980778324245,2.0255007975427158e-05,0.011577302469099587,4.242330124923577e-05,0.07204446719031614,0.06671081031428065,0.005333656876035476,0.14748014490476088,4.9781700700688385e-06,1.741166558872623e-05,0.0001635989533195724,8.3621108674331e-11,6.826522267560697e-11,1.5355885998724115e-11,4.255951257821879e-10,4.1005056489475794e-10,1.5544560887430007e-11,0.0007391733339442407,0.6179176102906612,2.974812987606403e-07,1.6325423976461596e-10,9.943053983704426e-10,6.505766939674413e-05,0.006199438423855693
73285,2000,70,80,55.49357,7.83429,119136000.0,7.325563076177815e-05,0.011605906397514965,2.023642062388341e-05,0.011543260002375466,4.2409974515615624e-05,0.07199110157552514,0.06666344327556878,0.005327658299956342,0.14724515497309904,4.972407894806083e-06,1.7384184636507453e-05,0.00016333152097988687,8.350070706355709e-11,6.820258138937801e-11,1.5298125674179178e-11,4.257611997557539e-10,4.1019795377253116e-10,1.5563245983222795e-11,0.00073800431487732,0.6178604119242873,2.979253374568852e-07,1.6297085380778238e-10,9.925057153546764e-10,6.495518775633946e-05,0.00619193812210707
73286,2000,70,80,55.49365,7.84315,119136000.0,7.33063825227122e-05,0.011606630882546721,2.0239987571803927e-05,0.01154397946777887,4.2411427196047265e-05,0.07204690903759602,0.06671896530654127,0.005327943731054725,0.14726191384579762,4.976366435672196e-06,1.7386857494310285e-05,0.00016336798540676965,8.350124422026105e-11,6.82113790113767e-11,1.528986520888445e-11,4.264151067340259e-10,4.108202506671477e-10,1.5594856066878208e-11,0.0007380871027251574,0.6178752435612846,2.9856129919984725e-07,1.6304076390666243e-10,9.922578979693121e-10,6.496574725227694e-05,0.006192611891436172
73287,2000,70,80,55.49374,7.85201,119136000.0,7.324768466782353e-05,0.011572641410639364,2.022176934466448e-05,0.011510021386648228,4.2398254646472816e-05,0.07199934505789055,0.06667736763386377,0.005321977424026749,0.1470288049032136,4.9710111268703215e-06,1.7359657908455282e-05,0.0001631043670121582,8.338090264150318e-11,6.814964274582698e-11,1.5231259895676284e-11,4.2664837699913524e-10,4.1103158727591715e-10,1.5616789723218167e-11,0.000736926778972542,0.617819729675034,2.9907060813486075e-07,1.627647897696647e-10,9.904338401940382e-10,6.486439161851533e-05,0.006185181539011467
73288,2000,70,80,55.49382,7.86087,119136000.0,7.330352227274763e-05,0.011573448441447524,2.022569507063537e-05,0.011510822889181108,4.239985719578196e-05,0.07206079158314266,0.06673849735882517,0.0053222942243174596,0.14704739229031255,4.975365125243878e-06,1.7362604254148763e-05,0.00016314453854980362,8.338149815508469e-11,6.815932001213241e-11,1.5222178142952375e-11,4.2736759599285774e-10,4.1171603871906723e-10,1.5651557273790562e-11,0.0007370180186266226,0.6178361988304774,2.9977000970986694e-07,1.62841904239196e-10,9.90162333411663e-10,6.487604561606959e-05,0.006185923297403626
73289,2000,70,80,55.4939,7.86973,119136000.0,7.313821495242838e-05,0.011504791181668863,2.0185892034930223e-05,0.011442233146493511,4.237214314042638e-05,0.07191300559039536,0.06660291187331832,0.005310093717077035,0.1465654377319398,4.9609167980751254e-06,1.7305684992684514e-05,0.0001625829079249566,8.314031046260455e-11,6.802754107537548e-11,1.5112769387229174e-11,4.272167009715488e-10,4.115511232794197e-10,1.5665577692129117e-11,0.0007346193042465269,0.6177112549756966,3.001880912222308e-07,1.6222407053020943e-10,9.867488143724482e-10,6.466338633169942e-05,0.006170426794600643
73290,2000,70,80,55.49398,7.8786,119136000.0,7.31989197226836e-05,0.011505677131983855,2.019016110206093e-05,0.011443113081800436,4.2373889081362686e-05,0.07197984835239016,0.06666940783604583,0.005310440516344313,0.14658577385731322,4.9656492597793216e-06,1.730889302329472e-05,0.00016262662676639356,8.314096178879928e-11,6.803806017869935e-11,1.5102901610100014e-11,4.2799842539984286e-10,4.1229505837458806e-10,1.570336702525482e-11,0.0007347186310951784,0.6177292900692977,3.009482071197681e-07,1.6230807806203567e-10,9.864546279167026e-10,6.467608748868953e-05,0.006171233615051801
73291,2000,70,80,55.49821,7.7976,119136000.0,7.283808460704246e-05,0.011566591650572862,2.0192954552946102e-05,0.011504012253005807,4.238644301411048e-05,0.07154799268509462,0.06622837525345726,0.005319617431637348,0.14689051087530436,4.939088142175959e-06,1.7337971234448745e-05,0.00016280899485936442,8.337647514223433e-11,6.807868024750447e-11,1.529779489472993e-11,4.213753229967948e-10,4.060134398222997e-10,1.5361883174495095e-11,0.0007362554549393301,0.6176969462385665,2.9394388988882166e-07,1.621965203044321e-10,9.924105645556822e-10,6.477842905233688e-05,0.0061797341883592
73292,2000,70,80,55.4983,7.80646,119136000.0,7.298993290583563e-05,0.011601894337851408,2.021771738851631e-05,0.011539274345763358,4.240227469953392e-05,0.07169790905064084,0.0663718060211701,0.0053261030294707214,0.14715413167968058,4.951711048721783e-06,1.737006725254229e-05,0.00016313945252524422,8.349779510605842e-11,6.815656704967822e-11,1.534122805638029e-11,4.2234260102033283e-10,4.069446170285919e-10,1.539798399174086e-11,0.0007375674701771813,0.6177794311716414,2.946023150161446e-07,1.6260047845901877e-10,9.937778747113969e-10,6.489910539171494e-05,0.006188400404511348
73293,2000,70,80,55.49838,7.81532,119136000.0,7.314494194271559e-05,0.01163724830439138,2.0242703193778285e-05,0.011574587401681604,4.241819951599788e-05,0.07185132986881584,0.06651872175212725,0.00533260811668858,0.1474188885485999,4.964579725853349e-06,1.740233322527148e-05,0.00016347221396500428,8.36191513277718e-11,6.823500053525081e-11,1.538415079252107e-11,4.2335046945642164e-10,4.079144223308923e-10,1.543604712552935e-11,0.0007388847376932388,0.6178629334650299,2.9530016719266397e-07,1.6300891354725884e-10,9.951304600107972e-10,6.502046186227889e-05,0.0061971088733450905
73294,2000,70,80,55.49847,7.82418,119136000.0,7.330254787544543e-05,0.011672644361996814,2.026787218786487e-05,0.011609942288976544,4.243420083240915e-05,0.07200762979254084,0.06666850058721958,0.0053391292053212285,0.14768457821267988,4.977650335704019e-06,1.7434738811547452e-05,0.0001638068679938082,8.374053732090122e-11,6.831388318970187e-11,1.5426654131199433e-11,4.243916882854448e-10,4.0891596572459655e-10,1.5475722560848263e-11,0.0007402063199026042,0.6179472710162399,2.960304142315147e-07,1.634210261221393e-10,9.964709425497898e-10,6.514237698779341e-05,0.00620585205551207
73295,2000,70,80,55.49855,7.83305,119136000.0,7.323964917083979e-05,0.011638586392580743,2.0249357571784582e-05,0.011575916130652454,4.2420904356505824e-05,0.07195540653177569,0.06662226963186985,0.005333136899905827,0.14744995420563817,4.971968422460147e-06,1.740731314877382e-05,0.00016354018588536474,8.362014739630433e-11,6.82514204103178e-11,1.536872698598661e-11,4.245710184226562e-10,4.0907596991422136e-10,1.5495048508434828e-11,0.0007390390101144692,0.6178903997583464,2.9648733178600415e-07,1.6313909495115823e-10,9.946664156275494e-10,6.504011615495125e-05,0.00619836552995619
73296,2000,70,80,55.49864,7.84191,119136000.0,7.306736155131861e-05,0.011569815551126303,2.020906207612402e-05,0.011507213504567798,4.239298448238212e-05,0.07179987959997157,0.0664789863414788,0.00532089325849275,0.14696548570183915,4.956977367122506e-06,1.7350018363035164e-05,0.0001629734657321237,8.337887947814504e-11,6.811843422245543e-11,1.5260445255689705e-11,4.2433048919641883e-10,4.0882575358461046e-10,1.5504735611808363e-11,0.0007366286911604774,0.6177632040375218,2.968183507965511e-07,1.625113675219402e-10,9.912853770486263e-10,6.482595361979868e-05,0.006182775698830781
73297,2000,70,80,55.49872,7.85077,119136000.0,7.312151534470412e-05,0.011570594992739698,2.0212868983665972e-05,0.011507987586454988,4.239453730104683e-05,0.07185945793653173,0.06653825833574353,0.005321199600788173,0.14698346380826874,4.961200470311572e-06,1.735287401536567e-05,0.00016301240854037712,8.337945555261183e-11,6.812782030924712e-11,1.52516352433648e-11,4.2502809046511166e-10,4.0948963240446743e-10,1.5538458060644298e-11,0.0007367171285366489,0.6177791270910946,2.9749675641786925e-07,1.6258609158635272e-10,9.910216833757588e-10,6.483724430162189e-05,0.006183494935228108
73298,2000,70,80,55.4988,7.85964,119136000.0,7.317828203916155e-05,0.011571416730873772,2.02168602018288e-05,0.011508803703604107,4.239616706783725e-05,0.0719219328704071,0.0666004108422972,0.005321522028109881,0.14700237964984122,4.9656267574407e-06,1.7355870111107103e-05,0.00016305325531451026,8.338006155741194e-11,6.813765834391426e-11,1.5242403213497764e-11,4.257592488450322e-10,4.101854460417962e-10,1.557380280323595e-11,0.0007368099063541176,0.6177958897297554,2.9820775813158513e-07,1.6266451472458842e-10,9.907458061409657e-10,6.484909688436718e-05,0.006184249096351402
73299,2000,70,80,55.49889,7.8685,119136000.0,7.3013642556366e-05,0.011502770020220932,2.017710423943895e-05,0.011440224443414625,4.236847256686781e-05,0.07177488600060684,0.06646556044127246,0.005309325559334378,0.14652066084812823,4.951230394844696e-06,1.7298986597571543e-05,0.00016249210993485124,8.313888139580719e-11,6.800599497330982e-11,1.5132886422497454e-11,4.256169364486342e-10,4.100286983133127e-10,1.558823813532156e-11,0.000734412297265,0.6176711564891435,2.986341785829608e-07,1.620476212458976e-10,9.873291429793406e-10,6.463658026207412e-05,0.006168761507667449
73300,2000,70,80,55.49897,7.87736,119136000.0,7.296342013097901e-05,0.011468917904040617,2.0159483879335768e-05,0.011406402870479742,4.235554968154327e-05,0.07173671841716503,0.06643330694583541,0.005303411471329591,0.14629059600906857,4.946534131199499e-06,1.7272242656222708e-05,0.0001622346682549074,8.30186369740894e-11,6.794572465308911e-11,1.5072912321000375e-11,4.259590519732189e-10,4.1034361813367865e-10,1.561543383954024e-11,0.0007332660550289982,0.6176183683726227,2.992492143523818e-07,1.6178364891980361e-10,9.854655838702245e-10,6.453704783952014e-05,0.006161444447600162
73301,2000,70,80,55.5032,7.79637,119136000.0,7.281940082124669e-05,0.011599229030655911,2.020570104267414e-05,0.011536626035849233,4.239729376400838e-05,0.07150930733442303,0.06618422762409651,0.005325079710326509,0.14709435722319578,4.9384384030089765e-06,1.7360955142932838e-05,0.0001630156967389174,8.349588503495971e-11,6.812705165269531e-11,1.53688333822645e-11,4.20150413272728e-10,4.0485840646163446e-10,1.529200681109352e-11,0.0007372856790392572,0.617726082933916,2.9247214131471695e-07,1.6236095847436029e-10,9.94583994443384e-10,6.486278046478642e-05,0.006186125531276717
73302,2000,70,80,55.50328,7.80523,119136000.0,7.286030590120324e-05,0.011599793340927571,2.0208573313898756e-05,0.011537186311484461,4.239845612921251e-05,0.07155419535207963,0.06622889104405323,0.005325304308026371,0.14710757054596638,4.941631344530146e-06,1.7363098298819652e-05,0.000163044981935121,8.349630904404483e-11,6.813414626994158e-11,1.5362162774103344e-11,4.2067787772028884e-10,4.053603736169381e-10,1.531750410335071e-11,0.0007373520977752363,0.6177377387306197,2.9298528791486407e-07,1.624169130655562e-10,9.943820007750325e-10,6.487121959204005e-05,0.006186667650320935
73303,2000,70,80,55.50337,7.8141,119136000.0,7.301578020148074e-05,0.011635154488862928,2.0233591891289305e-05,0.01157250650247549,4.241439449614918e-05,0.07170813030975785,0.06637631814772403,0.005331812162033796,0.14737248914282378,4.954536244641546e-06,1.7395389080900408e-05,0.0001633780805366503,8.361767043586303e-11,6.821266030037081e-11,1.5405010135492304e-11,4.2169172907541357e-10,4.063358726077286e-10,1.5355856467684895e-11,0.0007386701326890638,0.6178213851998862,2.9368895448868136e-07,1.6282599983182804e-10,9.957323763347783e-10,6.499267483788883e-05,0.006195382321425172
73304,2000,70,80,55.50345,7.82296,119136000.0,7.317435029904543e-05,0.011670565976103385,2.025882887245351e-05,0.011607876723101205,4.243042412972828e-05,0.07186549824957433,0.06652715911297379,0.005338339136600523,0.14763852216621695,4.967681851676201e-06,1.742784639016018e-05,0.00016371343618413976,8.373906739235327e-11,6.829170975951772e-11,1.5447357632835638e-11,4.2274533439940966e-10,4.073492036851577e-10,1.539613071425198e-11,0.0007399933137454496,0.6179060298547357,2.94431234726335e-07,1.6323947381824895e-10,9.970683426527167e-10,6.511479665602496e-05,0.006204138382459744
73305,2000,70,80,55.50354,7.83182,119136000.0,7.322371198003309e-05,0.011671267395809063,2.026229769042204e-05,0.01160857326248868,4.2431835629962016e-05,0.0719197620647297,0.06658114621104472,0.005338615853684946,0.14765477371222505,4.971532366991264e-06,1.7430444211697886e-05,0.00016374888468685542,8.373958836943601e-11,6.830026705380274e-11,1.5439321315633348e-11,4.233814010238772e-10,4.0795452271959004e-10,1.5426878304287167e-11,0.000740073783636299,0.6179204062606926,2.9504987156879643e-07,1.6330740473346392e-10,9.968269421761196e-10,6.512505515914773e-05,0.006204793544962475
73306,2000,70,80,55.50362,7.84069,119136000.0,7.294075583644033e-05,0.011567762501732234,2.0200130990631986e-05,0.01150517311626922,4.238925447238393e-05,0.07165951073213969,0.06633939786298382,0.005320112869155862,0.1469199944781054,4.947132722497732e-06,1.734321125925634e-05,0.00016288119157663309,8.337742758745154e-11,6.809653621855776e-11,1.528089136889388e-11,4.227045887438397e-10,4.07278456183913e-10,1.5426132559926698e-11,0.0007364183225787438,0.6177224678100306,2.952390424505833e-07,1.623320601829065e-10,9.91875304844237e-10,6.479871403797237e-05,0.006181083282587879
73307,2000,70,80,55.50371,7.84955,119136000.0,7.288374773653793e-05,0.011533799942796606,2.018203189759119e-05,0.011471241779404165,4.237613149485154e-05,0.07161381791149353,0.06629966106962593,0.005314156841867579,0.1466874853681846,4.941908866483985e-06,1.7316102248140586e-05,0.0001626188021254783,8.325710516417405e-11,6.803509231333542e-11,1.522201285083871e-11,4.229595698519197e-10,4.0751045405262057e-10,1.5449115799299086e-11,0.0007352607988899738,0.6176674901887378,2.957694440101505e-07,1.6205846943465267e-10,9.900433173573504e-10,6.469772017611043e-05,0.006173675495055268
73308,2000,70,80,55.50379,7.85841,119136000.0,7.294135292073992e-05,0.011534635138939757,2.0186082246289053e-05,0.011472071270788597,4.2377785904868084e-05,0.07167722183511202,0.06636273743619207,0.005314484398919927,0.1467067004067491,4.946400370321215e-06,1.7319143347418426e-05,0.0001626602592759379,8.32577207213199e-11,6.804507540253676e-11,1.5212645318783246e-11,4.237014993360758e-10,4.0821651807614987e-10,1.5484981259925882e-11,0.0007353549677701828,0.6176845205029865,2.964909092887332e-07,1.6213807732018834e-10,9.897635171262716e-10,6.470975265445683e-05,0.006174440858208375
73309,2000,70,80,55.50387,7.86728,119136000.0,7.288974517466123e-05,0.011500760141288818,2.0168364106267937e-05,0.011438226955156913,4.236482202563826e-05,0.0716375163811099,0.06632895472520144,0.005308561655908457,0.14647613155049616,4.941596438016835e-06,1.7292324686194123e-05,0.00016240180570908068,8.313746022313378e-11,6.798456555667234e-11,1.515289466646153e-11,4.2402583330789885e-10,4.0851451599185756e-10,1.5511317316041353e-11,0.0007342064171545077,0.6176312803090533,2.970886764146576e-07,1.6187213468186861e-10,9.87906365026074e-10,6.460992065279013e-05,0.006167105259981664
73310,2000,70,80,55.50395,7.87614,119136000.0,7.284049376344249e-05,0.01146692351427276,2.0150812209500704e-05,0.011404420774426247,4.235192763701257e-05,0.07160042416624049,0.0662977706845192,0.005302653481721282,0.14624641175907432,4.936975710515648e-06,1.726563280686057e-05,0.0001621450703651369,8.301722681985567e-11,6.7924463236018e-11,1.5092763583837746e-11,4.2438042440832067e-10,4.0884130827162147e-10,1.5539116136699292e-11,0.0007330617843399044,0.6175788007162,2.9771583232605153e-07,1.616095324382006e-10,9.860382518499281e-10,6.451059620821762e-05,0.006159801167902801
73311,2300,68,93,55.55648,7.54679,137006400.0,7.704917252245234e-05,0.012555541038900924,2.145216020370216e-05,0.012490926561306764,4.316231739046263e-05,0.0744689626518757,0.06885260797354602,0.005616354678329672,0.1602188840128108,5.13443058375271e-06,1.8808905644439345e-05,0.00017478687187917554,8.883448461063895e-11,7.226873083504628e-11,1.656575377559278e-11,4.271894140626499e-10,4.1191778734860163e-10,1.5271626714048262e-11,0.0007812647122615008,0.6216148647927016,2.899383710417569e-07,1.7358213490413895e-10,1.0621852099763542e-09,6.905997821384663e-05,0.0067978493567853
73312,2300,68,93,55.55702,7.55538,137006400.0,7.695916572981e-05,0.012553977043376756,2.1445796033139378e-05,0.012489371627516664,4.315961982695749e-05,0.07436867133781429,0.06875290058907235,0.005615770748741925,0.16018497360625664,5.1274439266053835e-06,1.8804011547176997e-05,0.00017472076306039174,8.883340464023417e-11,7.225318199582946e-11,1.6580222644404792e-11,4.260356632379821e-10,4.1081981640075394e-10,1.5215846837228204e-11,0.0007811134921822237,0.6215842961267379,2.8881853016777095e-07,1.734525560129217e-10,1.062592857909418e-09,6.904024316734496e-05,0.006796641063293862
73313,2300,68,93,55.55754,7.56397,137006400.0,7.68729643689259e-05,0.012552474635648016,2.1439700327551172e-05,0.012487877900965231,4.315703435523863e-05,0.07427259902711722,0.06865738878167583,0.005615210245441377,0.1601524288888315,5.120753221642273e-06,1.8799321795616796e-05,0.00017465742509506927,8.88323682645028e-11,7.223829144960194e-11,1.659407681490097e-11,4.249307909057207e-10,4.0976836095883003e-10,1.5162429946890733e-11,0.0007809685946039368,0.6215549508923327,2.8774616780110956e-07,1.733283650071823e-10,1.0629827486054856e-09,6.902132592981759e-05,0.0067954836410822166
73314,2300,68,93,55.55807,7.57256,137006400.0,7.688714028746533e-05,0.012581242489790841,2.1452915342018653e-05,0.01251662225471351,4.316731973531637e-05,0.07427218389280549,0.0686520658259988,0.005620118066806679,0.1603390278640204,5.122566196162221e-06,1.8820887610553823e-05,0.00017485881873959504,8.893650343802681e-11,7.228563485691028e-11,1.665086858111663e-11,4.242585251648771e-10,4.0913786671614924e-10,1.512065844872786e-11,0.0007819133085102755,0.6215884481103593,2.868488597323672e-07,1.7351230997612346e-10,1.0647190067541168e-09,6.910084474769085e-05,0.006801442840449068
73315,2300,68,93,55.55859,7.58115,137006400.0,7.690523288969801e-05,0.012610073694842192,2.14664066650289e-05,0.012545429567709133,4.317772046803096e-05,0.07427611092934963,0.0686510609404267,0.005625049988922922,0.16052703189345324,5.124683779661649e-06,1.8842663724026132e-05,0.00017506306404415874,8.904068346368306e-11,7.233365580982853e-11,1.670702765385464e-11,4.2363656769406015e-10,4.0855524863669656e-10,1.5081319057363654e-11,0.000782864529170814,0.6216232039581491,2.860004192978747e-07,1.7370179959830288e-10,1.066436984227182e-09,6.918120514653533e-05,0.0068074543965497844
73316,2300,68,93,55.55912,7.58974,137006400.0,7.682966231272581e-05,0.012608743136714732,2.146106091130105e-05,0.01254410662775636,4.317544804707573e-05,0.07419182380740626,0.06856726893442551,0.0056245548729807445,0.1604982993275055,5.11881986608521e-06,1.8838544714866076e-05,0.00017500746561277016,8.903976878173896e-11,7.232060429849743e-11,1.671916448324164e-11,4.226682457833556e-10,4.076337422150838e-10,1.5034503568271866e-11,0.0007827372908706366,0.6215972734241023,2.850606978730462e-07,1.7359265607626822e-10,1.066777245510253e-09,6.916457179093877e-05,0.006806439077901277
73317,2300,68,93,55.55965,7.59833,137006400.0,7.675811577884284e-05,0.012607477628745865,2.1455999034957917e-05,0.012542848335586335,4.317329412457657e-05,0.07411199770417894,0.06848791319612892,0.005624084508050011,0.1604710097709906,5.113268915663853e-06,1.8834641747560247e-05,0.0001749547968091033,8.903890016439929e-11,7.230824891220659e-11,1.673065125219279e-11,4.2175161194177744e-10,4.0676142505167195e-10,1.499018689010558e-11,0.0007826167370971026,0.6215726354534264,2.841711846693332e-07,1.7348920844672816e-10,1.0670987207432897e-09,6.914880294861935e-05,0.006805477549364031
73318,2300,68,93,55.5646,7.54572,137006400.0,7.693953021330809e-05,0.012582408167576581,2.1456653941544483e-05,0.012517782513461265,4.3169000173777055e-05,0.07433175607698403,0.06871122710828295,0.00562052896870107,0.16036259406495798,5.126601343869804e-06,1.8823881141734988e-05,0.00017489865962033594,8.89372483107135e-11,7.229463479612469e-11,1.66426135145889e-11,4.249245347400407e-10,4.097716702586455e-10,1.515286448139527e-11,0.0007820053238039667,0.6216101238326153,2.8749323454080324e-07,1.735928339155933e-10,1.0645111128762276e-09,6.911326474293873e-05,0.0068021582259492385
73319,2300,68,93,55.5648,7.55434,137006400.0,7.685463145714189e-05,0.012580927196444299,2.145065017949291e-05,0.012516310093040243,4.3166453224565164e-05,0.07423712960003977,0.06861715301704761,0.0056199765829921255,0.16033052214741172,5.120011899894122e-06,1.8819261539386615e-05,0.00017483627201464967,8.89362270191453e-11,7.227996951428792e-11,1.665625750485746e-11,4.2383638586882547e-10,4.087361297877909e-10,1.5100256081034588e-11,0.0007818625959816327,0.6215812027790849,2.864371137808326e-07,1.7347049428231662e-10,1.0648949661003305e-09,6.909462873966824e-05,0.00680101823384305
73320,2300,68,93,55.56502,7.56297,137006400.0,7.677267231669897e-05,0.012579493589012237,2.1444853772604657e-05,0.012514884742467123,4.3163992772513753e-05,0.07414576122313232,0.06852631898838249,0.005619442234749824,0.1602995020238366,5.113651098878421e-06,1.881479966976089e-05,0.00017477602370689205,8.893523930720767e-11,7.226581279175245e-11,1.6669426515455328e-11,4.227859992003065e-10,4.077365259457105e-10,1.5049473254596145e-11,0.0007817247488473775,0.6215532235832817,2.8541767533646976e-07,1.7335231245051812e-10,1.0652650778850257e-09,6.907662370355529e-05,0.006799917528718338
73321,2300,68,93,55.56523,7.57161,137006400.0,7.67918787086531e-05,0.012608342917317193,2.145842368413753e-05,0.012543710067278235,4.3174426354824076e-05,0.07415092355187279,0.0685265425113902,0.0056243810404825794,0.1604879072303803,5.115855290858612e-06,1.8836635647287783e-05,0.00017498108051612835,8.903943213672084e-11,7.231402639733634e-11,1.67254057393846e-11,4.22178345572706e-10,4.0716752020054075e-10,1.5010825372165295e-11,0.0007826778215292917,0.6215883389924991,2.8458312826748156e-07,1.7354338096885046e-10,1.0669778693138535e-09,6.915722381831755e-05,0.006805943978649842
73322,2300,68,93,55.56544,7.58024,137006400.0,7.671793614050515e-05,0.012607038955414427,2.1453192816187837e-05,0.012542413560602962,4.317220199527801e-05,0.07406844253235025,0.06844454651672315,0.005623896015627119,0.160459762644184,5.1101179584615615e-06,1.883260420046e-05,0.00017492666881205093,8.903853621812353e-11,7.230125646243731e-11,1.6737279755686305e-11,4.2123092906478144e-10,4.0626590852236556e-10,1.4965020542415895e-11,0.0007825532919541866,0.6215629356318468,2.8366371147098754e-07,1.734365474068403e-10,1.0673105624083811e-09,6.914094123806941e-05,0.0068049504350809415
73323,2300,68,93,55.56566,7.58888,137006400.0,7.66478162006096e-05,0.012605796643763656,2.1448231597450187e-05,0.012541178322025386,4.3170090140825036e-05,0.07399019857050462,0.0683667641076209,0.005623434462883722,0.16043298668230765,5.104677942309702e-06,1.8828777900309906e-05,0.00017487503933201343,8.903768399291646e-11,7.228914783801701e-11,1.6748536154899546e-11,4.2033261661986867e-10,4.0541102702142016e-10,1.49215895984486e-11,0.0007824351100735186,0.6215387579489017,2.8279199402964254e-07,1.733351217659092e-10,1.067625393180697e-09,6.912547937375689e-05,0.006804007982464615
73324,2300,68,93,55.56586,7.59751,137006400.0,7.667994075614446e-05,0.012634854973718735,2.146271284831632e-05,0.01257021135666277,4.318090420765274e-05,0.0740096826799561,0.06838122990593846,0.005628452774017615,0.1606260269218963,5.107886801055995e-06,1.8851307524196513e-05,0.00017508950189494243,8.91420247806405e-11,7.233959614085511e-11,1.6802428639785487e-11,4.1989089055201957e-10,4.049999272200871e-10,1.4890963331932665e-11,0.0007834096444564063,0.6215780254598547,2.821186225479481e-07,1.73544478983829e-10,1.06927789689605e-09,6.920885542615833e-05,0.0068102071200884465
73325,2300,68,93,55.5721,7.59738,137006400.0,7.650066754685334e-05,0.012631942377696949,2.145006400909353e-05,0.012567316694944123,4.317561874373881e-05,0.07381087369629391,0.06818352764726861,0.005627346049025297,0.1605615215419345,5.093945931306226e-06,1.884167447783365e-05,0.00017495890774473828,8.913996594097015e-11,7.23085862930227e-11,1.683137964794754e-11,4.17588477099486e-10,4.0280882215862737e-10,1.4779654940858862e-11,0.0007831116172236566,0.6215202194107039,2.798822453954201e-07,1.7329043281270153e-10,1.0701131475214816e-09,6.917028764858231e-05,0.006807810053090906
73326,2300,68,93,55.57221,7.58875,137006400.0,7.655960088668717e-05,0.01263300297466822,2.145423594775717e-05,0.012568371337920617,4.317740079985024e-05,0.07387671217401108,0.06824897362309307,0.0056277385509179954,0.1605842728431623,5.098516037161312e-06,1.8844899695799057e-05,0.00017500238834766536,8.91406897090361e-11,7.231875990523511e-11,1.682192980380109e-11,4.1834311890037025e-10,4.0352697866049576e-10,1.481614023987475e-11,0.0007832112027628222,0.6215407904759744,2.806144126132909e-07,1.7337600665070435e-10,1.06985043967706e-09,6.918334300548703e-05,0.006808602930815251
73327,2300,68,93,55.57231,7.5801,137006400.0,7.66237487639974e-05,0.012634148150505625,2.145877578566948e-05,0.0125695100381857,4.317933653426038e-05,0.07394833277194933,0.068320169566687,0.005628163205262296,0.16060889831821662,5.103491659778325e-06,1.8848405031655872e-05,0.00017504966680860734,8.914147329898224e-11,7.23298355316614e-11,1.6811637767320957e-11,4.191647342731816e-10,4.043088709526504e-10,1.485586332053133e-11,0.0007833194548572438,0.6215630408209979,2.814116336395919e-07,1.7346896715603514e-10,1.0695634206921303e-09,6.919751967524893e-05,0.0068094655256356095
73328,2300,68,93,55.57242,7.57147,137006400.0,7.66920225853868e-05,0.012635359760427425,2.1463606654299655e-05,0.012570714760119001,4.3181393654128926e-05,0.07402452612162462,0.06839591295748068,0.0056286131641439426,0.160634999395851,5.108788203268338e-06,1.8852131730815196e-05,0.00017509994768046124,8.91423040001216e-11,7.234162496323008e-11,1.6800679036891616e-11,4.200393523381205e-10,4.0514120357876143e-10,1.4898148759359233e-11,0.0007834345566302651,0.6215866124564375,2.82260341992222e-07,1.7356776253065804e-10,1.0692571096308837e-09,6.921258178822319e-05,0.006810383260238603
73329,2300,68,93,55.57252,7.56282,137006400.0,7.676508600834753e-05,0.012636649088814468,2.1468775446127498e-05,0.012571996721425577,4.318359194276978e-05,0.07410603055275891,0.06847693788850923,0.005629092664249681,0.1606628223992436,5.114457213754774e-06,1.885611573902809e-05,0.00017515371709102121,8.914318966278189e-11,7.235424289698488e-11,1.678894676579712e-11,4.2097548556170586e-10,4.060320774634834e-10,1.4943408098222607e-11,0.0007835576192160117,0.6216117270124452,2.8316880194510735e-07,1.7367334326739146e-10,1.0689284722399031e-09,6.922867395442952e-05,0.0068113650321610635
73330,2300,68,93,55.57262,7.55419,137006400.0,7.684209250817439e-05,0.012638001929197737,2.147422237281013e-05,0.01257334180057837,4.318590624656356e-05,0.07419190517004223,0.06856230881646125,0.005629596353580998,0.16069205593978222,5.120432918720725e-06,1.8860311312116293e-05,0.0001752103559609179,8.914412035878573e-11,7.236754299468556e-11,1.6776577364100272e-11,4.2196227184313815e-10,4.0697115563783335e-10,1.499111620530498e-11,0.000783687228243508,0.6216381046375349,2.841264665869286e-07,1.737845007110143e-10,1.0685814003954722e-09,6.924561240153739e-05,0.006812399501056822
73331,2300,68,93,55.57273,7.54554,137006400.0,7.692293737026449e-05,0.01263941707069631,2.1479940111823572e-05,0.012574748796894453,4.31883336900369e-05,0.07428203614491377,0.06865191242282716,0.005630123722086618,0.1607226696917161,5.12670711462129e-06,1.8864713101540664e-05,0.00017526979062354076,8.914509510883779e-11,7.238150704626305e-11,1.6763588062574845e-11,4.229983556690478e-10,4.0795714810671595e-10,1.504120756233203e-11,0.0007838232173063204,0.621665719024011,2.851320153332937e-07,1.7390109626745802e-10,1.0682164384081911e-09,6.926337639357441e-05,0.0068134852899820585
73332,2300,68,93,55.57832,7.59799,137006400.0,7.631815108580515e-05,0.01262896882001774,2.1437185229664084e-05,0.012564361400699832,4.317023408824785e-05,0.07360842930157101,0.06798221229948685,0.005626217002084143,0.16049572520399633,5.07975387756635e-06,1.8831862467826066e-05,0.00017482590691594795,8.913786608924043e-11,7.227701707868994e-11,1.6860849010550585e-11,4.152445901783071e-10,4.0057824884984226e-10,1.466634132846503e-11,0.0007828080689515367,0.6214612418323745,2.776056508817783e-07,1.7303162547170305e-10,1.0709625570651775e-09,6.913099192271427e-05,0.006805369229287681
73333,2300,68,93,55.57875,7.58937,137006400.0,7.637052444156312e-05,0.012629922586988621,2.144089428689511e-05,0.012565309870072452,4.3171822629277655e-05,0.07366699175980244,0.06804042282330769,0.005626568936494734,0.16051611233968693,5.083813888790233e-06,1.883473504940572e-05,0.0001748646074607176,8.91385144052951e-11,7.228605602515297e-11,1.685245838014224e-11,4.1591498730187303e-10,4.0121623342458403e-10,1.46987538772892e-11,0.0007828967451041487,0.6214796938208038,2.78255991701603e-07,1.7310789819200785e-10,1.0707303838001926e-09,6.914263508279845e-05,0.006806074381364892
73334,2300,68,93,55.57917,7.58076,137006400.0,7.642831495146176e-05,0.012630963837251633,2.1444985487300925e-05,0.01256634528110937,4.317357065496889e-05,0.07373155921974671,0.06810460505331292,0.005626954166433776,0.16053844074536036,5.088295220782087e-06,1.8837898416481407e-05,0.0001749072513971646,8.91392246937496e-11,7.229603211017236e-11,1.6843192583577345e-11,4.16654968633062e-10,4.019204382263966e-10,1.4734530406665546e-11,0.0007829944185837661,0.6214998845305785,2.7897392520886764e-07,1.7319183696642315e-10,1.070472910798401e-09,6.915544172996792e-05,0.006806851941403721
73335,2300,68,93,55.57959,7.57215,137006400.0,7.649108417233728e-05,0.012632085588910122,2.144942791494119e-05,0.012567460695695313,4.3175465299870356e-05,0.07380164612228793,0.06817427609775575,0.005627370024532189,0.1605625547814027,5.093163761304135e-06,1.884132908998387e-05,0.0001749535200886093,8.913999198372279e-11,7.23068694659174e-11,1.6833122517805474e-11,4.1745890015514727e-10,4.026855016069807e-10,1.477339854816672e-11,0.0007831003627258125,0.6215216747366861,2.7975397783970265e-07,1.7328282330542934e-10,1.0701921970749296e-09,6.916931805661264e-05,0.006807696053655398
73336,2300,68,93,55.58001,7.56353,137006400.0,7.655869616913203e-05,0.012633285774753462,2.1454211997693514e-05,0.012568654060138506,4.317750261726637e-05,0.07387710238103061,0.06824928667012575,0.005627815710904848,0.1605884076544407,5.098408922144593e-06,1.8845019845741085e-05,0.00017500331526438924,8.914081477841686e-11,7.231854455101953e-11,1.6822270227397435e-11,4.1832503297737507e-10,4.0350975922061244e-10,1.4815273756762836e-11,0.0007832143537599277,0.6215450227557965,2.805944497261537e-07,1.7338066739917033e-10,1.0698888922234471e-09,6.91842353346747e-05,0.006808604907212092
73337,2300,68,93,55.58043,7.55492,137006400.0,7.663073590926173e-05,0.012634557439369235,2.1459308423940148e-05,0.012569918460666218,4.317967027907989e-05,0.07395746674102181,0.06832917813673763,0.005628288604284194,0.1606158468430037,5.103998455274415e-06,1.8848948261888818e-05,0.0001750563334551635,8.914168821468403e-11,7.233098561711294e-11,1.6810702597571194e-11,4.192480414377859e-10,4.043881428759449e-10,1.4859898561841235e-11,0.0007833356984028178,0.621569791530481,2.814901696646499e-07,1.7348477686432557e-10,1.0695649054633175e-09,6.920010350006632e-05,0.006809572942608917
73338,2300,68,93,55.58085,7.54631,137006400.0,7.680426932611274e-05,0.012666117460058733,2.1483794333171634e-05,0.012601438924037247,4.319474168831935e-05,0.07413472612680483,0.06850048942462465,0.005634236702180158,0.16086283076881389,5.118178487966403e-06,1.8879192208191034e-05,0.00017537489627926546,8.924774600149216e-11,7.240585375458401e-11,1.684189224690825e-11,4.2061799537438024e-10,4.0570113341418475e-10,1.4916861960195642e-11,0.0007845485097691361,0.6216577620738218,2.8257487187817746e-07,1.738986034688837e-10,1.0705820797437337e-09,6.931464773682409e-05,0.0068176725249026165
73339,2300,68,93,55.58451,7.59929,137006400.0,7.613258012484087e-05,0.01262593797125912,2.142408990861532e-05,0.012561349125283543,4.316475606696371e-05,0.07340256164543732,0.06777749467901253,0.0056250669664247716,0.16042871487946914,5.065325243162359e-06,1.8821881979170468e-05,0.00017469064012742562,8.913572766815861e-11,7.224492102777531e-11,1.6890806640383406e-11,4.1286164080784147e-10,3.9831050173825993e-10,1.4551139069581738e-11,0.0007824993228754121,0.6214011627719557,2.75291176011354e-07,1.7276833650424779e-10,1.0718253156238366e-09,6.909101106227773e-05,0.006802887201056807
73340,2300,68,93,55.58525,7.59074,137006400.0,7.617813846396665e-05,0.012626780117975257,2.1427318003567506e-05,0.012562186656677203,4.316614329449126e-05,0.07345356223043084,0.0678281856513992,0.005625376579031615,0.16044663638716425,5.068855407517262e-06,1.882438785354839e-05,0.00017472437138369253,8.913629730879896e-11,7.225278132211468e-11,1.6883515986684374e-11,4.134445319197515e-10,3.988652107353183e-10,1.4579321184433377e-11,0.000782576655549534,0.6214174036130881,2.7585652784692885e-07,1.72834933782086e-10,1.071624790720097e-09,6.910118479607451e-05,0.00680350118684129
73341,2300,68,93,55.58599,7.5822,137006400.0,7.622928435861745e-05,0.012627712485931518,2.143094026048102e-05,0.01256311385065364,4.316769501740102e-05,0.07351075664460165,0.06788503611396507,0.005625720530636582,0.1604665600205625,5.072820147377909e-06,1.882719365244333e-05,0.00017476217000032764,8.913693086489927e-11,7.226160823628761e-11,1.687532262861178e-11,4.140991963747e-10,3.9948822326361755e-10,1.461097311108271e-11,0.0007826632683518025,0.6214354376569614,2.764915989637172e-07,1.729094379785657e-10,1.0713981686523406e-09,6.911255856462759e-05,0.006804189857585659
73342,2300,68,93,55.58672,7.57365,137006400.0,7.628622265257945e-05,0.01262873866452786,2.143497116739767e-05,0.012564134275972538,4.3169417387932755e-05,0.07357437327825692,0.06794827311973933,0.005626100158517584,0.16048856340437084,5.077235359769069e-06,1.8830310531175248e-05,0.00017480418659208692,8.913763080796878e-11,7.227143715151002e-11,1.6866193656458863e-11,4.148282593089348e-10,4.0018203754231973e-10,1.4646221766615167e-11,0.0007827595059081222,0.621455334929323,2.771989371008154e-07,1.7299214459669613e-10,1.071144525113398e-09,6.912517739176718e-05,0.006804955964625945
73343,2300,68,93,55.58729,7.55659,137006400.0,7.643766410134596e-05,0.012631399827156033,2.144568321467356e-05,0.012566780174945152,4.3173968996210936e-05,0.07374325790516924,0.06811616700499942,0.0056270909001698045,0.1605460641355474,5.088987135958505e-06,1.8838561944185142e-05,0.00017491557644721422,8.913946142021621e-11,7.229759307387594e-11,1.6841868346340373e-11,4.1676886486973545e-10,4.0202882072550566e-10,1.4740044144229905e-11,0.0007830144061105634,0.6215072193408042,2.790822669763263e-07,1.7321076065323822e-10,1.0704620473104418e-09,6.9158491050491e-05,0.00680699038857188
73344,2300,68,93,55.58745,7.5651,137006400.0,7.634835457815877e-05,0.01262984883069058,2.143936846478805e-05,0.012565238169514083,4.3171292711713196e-05,0.07364374766937153,0.06801723592957416,0.0056265117397973526,0.16051242966681878,5.082054494309985e-06,1.8833706261691163e-05,0.00017484998447114288,8.913839021824516e-11,7.228216451453674e-11,1.685622570370852e-11,4.1562403279023574e-10,4.0093933730883464e-10,1.468469548140122e-11,0.0007828643713278013,0.621476900913641,2.7797107559186097e-07,1.7308220322976415e-10,1.0708666388755189e-09,6.91389121147574e-05,0.006805791497324999
73345,2300,68,93,55.58892,7.54801,137006400.0,7.658406456320352e-05,0.012662518335651029,2.146825463257313e-05,0.01259786184086531,4.3188240153149585e-05,0.07389042436228187,0.06825755305910158,0.0056328713031802684,0.16078327482052332,5.101057306981012e-06,1.8867347539067255e-05,0.00017521437019311963,8.924520728729064e-11,7.236776801551982e-11,1.6877439271770932e-11,4.177903641425075e-10,4.030102023884377e-10,1.4780161754069898e-11,0.0007841821003100386,0.6215864304373647,2.7982851424093e-07,1.7358612362011028e-10,1.071605556979129e-09,6.92671955372466e-05,0.00681472714266737
73346,2300,68,93,55.59065,7.60129,137006400.0,7.594403869993375e-05,0.012622851077793517,2.141078395926295e-05,0.01255828110672813,4.315918710612835e-05,0.07319336336434276,0.06756946693658782,0.005623896427754938,0.16036051902269247,5.050666577702132e-06,1.8811737459977992e-05,0.00017455316796234724,8.913355158867094e-11,7.221231269996268e-11,1.692123888870835e-11,4.1044071085088e-10,3.9600661038799936e-10,1.4434100462880806e-11,0.0007821855168373215,0.6213400075179636,2.7293987257541343e-07,1.7250068262101108e-10,1.0727010179786111e-09,6.905036271172866e-05,0.006800365086419331
73347,2300,68,93,55.59169,7.59284,137006400.0,7.598267621124491e-05,0.012623579596932048,2.1413523587657338e-05,0.01255900570356834,4.3160369776058243e-05,0.07323668338429964,0.0676125203991266,0.005624162985173022,0.16037593250827797,5.0536587025825654e-06,1.8813870777995538e-05,0.00017458185131381148,8.913404120747784e-11,7.221897609647988e-11,1.6915065110998073e-11,4.10934743278994e-10,3.964767565367409e-10,1.4457986742253338e-11,0.0007822513256202404,0.621353998710106,2.734189238721924e-07,1.725574487545814e-10,1.0725326012482757e-09,6.905904320250448e-05,0.006800886477471382
73348,2300,68,93,55.59274,7.5844,137006400.0,7.602711382098738e-05,0.012624401759207916,2.1416672370050603e-05,0.01255982336364364,4.3161723194231214e-05,0.07328643279133927,0.06766196760632169,0.0056244651850175745,0.160393424127824,5.057101934856629e-06,1.8816315423575555e-05,0.00017461475668914298,8.913459716845001e-11,7.22266428836934e-11,1.6907954284756704e-11,4.115032794263748e-10,3.9701780459585773e-10,1.4485474830517218e-11,0.000782326767378199,0.6213698511639664,2.739703467669853e-07,1.7262242237542761e-10,1.0723370935036055e-09,6.906896933918764e-05,0.006801485393923406
73349,2300,68,93,55.59379,7.57595,137006400.0,7.607757714746061e-05,0.01262532148952669,2.142024625998594e-05,0.0125607379891422,4.3163254124507726e-05,0.07334286300470219,0.06771805851244576,0.005624804492256402,0.16041307895088383,5.061013787291583e-06,1.88190836671923e-05,0.0001746520498258679,8.913522218076291e-11,7.223535203669609e-11,1.6899870144066923e-11,4.1214921128094927e-10,3.9763250673550743e-10,1.4516704545441987e-11,0.0007824122212415791,0.6213876415733773,2.7459694821310224e-07,1.7269592838572188e-10,1.0721134734155488e-09,6.908019060756506e-05,0.006802164864792865
73350,2300,68,93,55.59483,7.5675,137006400.0,7.613399218444526e-05,0.012626337491554267,2.1424240023265634e-05,0.012561748291186614,4.316496034439268e-05,0.07340589151335475,0.06778071108947384,0.005625180423880899,0.16043486893983513,5.0653885165349725e-06,1.8822171478892423e-05,0.0001746936763120914,8.913591535171097e-11,7.224509077282914e-11,1.689082457888192e-11,4.1287159042045383e-10,3.9831996038664955e-10,1.4551630033804469e-11,0.0007825075627105254,0.6214073446461743,2.7529780774708493e-07,1.7277786003473272e-10,1.0718620749706073e-09,6.909269074301085e-05,0.006802923896094869
73351,2300,68,93,55.59587,7.55905,137006400.0,7.619583055372874e-05,0.012627441207483497,2.1428616383087165e-05,0.012562845764813079,4.316682628733706e-05,0.07347493248515823,0.06784934275976108,0.00562558972539712,0.16045860437435747,5.070185030887247e-06,1.8825550481944188e-05,0.0001747392513848451,8.913667062531067e-11,7.225576769042059e-11,1.688090293489016e-11,4.1366363028307205e-10,3.9907370707782735e-10,1.4589923205244938e-11,0.000782611913814976,0.621428790412899,2.76066333240678e-07,1.7286746909442003e-10,1.0715853629922134e-09,6.910635617051081e-05,0.006803755424127669
73352,2300,68,93,55.59669,7.604,137006400.0,7.57534628196128e-05,0.0126197232153682,2.1397333405225325e-05,0.012555172327217855,4.3153554745124496e-05,0.07298187185062772,0.06735916072271628,0.00562271112791142,0.1602914724561329,5.035850684486657e-06,1.880147913114637e-05,0.0001744141715696814,8.913134854046374e-11,7.217935402764009e-11,1.6951994512823747e-11,4.079938243586084e-10,3.936780175602975e-10,1.4315806798311172e-11,0.0007818682048215063,0.6212780758867015,2.7056342081652343e-07,1.722299876071138e-10,1.0735852880687305e-09,6.900924775870568e-05,0.0067978153945600995
73353,2300,68,93,55.59691,7.5506,137006400.0,7.636003399690216e-05,0.01265884738210298,2.145244370104666e-05,0.01259421331675669,4.318162164525022e-05,0.07364183458165387,0.06801035498595637,0.0056314795956974775,0.16070219726868662,5.083639814248418e-06,1.885529180767625e-05,0.00017505100558112173,8.924262023199051e-11,7.23290224204511e-11,1.6913597811539514e-11,4.1491380820180957e-10,4.0027271213670614e-10,1.464109606510347e-11,0.0007838091794143431,0.621513718095552,2.770347130115656e-07,1.7326802904850955e-10,1.0726457458382398e-09,6.921888493674464e-05,0.006811730147945063
73354,2300,68,93,55.59804,7.59568,137006400.0,7.578442093238359e-05,0.012620325499876742,2.139953100727068e-05,0.012555771458498895,4.315451037058144e-05,0.07301666874717684,0.06739373887864972,0.005622929868527111,0.1603041007338615,5.0382458159013525e-06,1.8803198971429928e-05,0.00017443725291701865,8.913174929696902e-11,7.218468936824132e-11,1.6947059928727798e-11,4.083892618937076e-10,3.9405433534845787e-10,1.4334926545249955e-11,0.0007819212242257852,0.6212895685309203,2.7094671689004737e-07,1.722758419848616e-10,1.073452481219023e-09,6.90162707788191e-05,0.006798234034632155
73355,2300,68,93,55.5994,7.58736,137006400.0,7.582182380698693e-05,0.012621031984537795,2.1402183259501635e-05,0.012556474145491572,4.315565578672719e-05,0.07305861033503264,0.06743542208051108,0.005623188254521557,0.16031904035574085,5.041142175537606e-06,1.8805264826839857e-05,0.00017446502634700347,8.913222383715236e-11,7.219113959392775e-11,1.6941084243224702e-11,4.0886748077539e-10,3.945094324966385e-10,1.43580482787516e-11,0.0007819849496104458,0.6213031315742081,2.714104241041121e-07,1.723308190609664e-10,1.0732895894025022e-09,6.902467843851551e-05,0.006798738823860058
73356,2300,68,93,55.60075,7.57906,137006400.0,7.586578951335646e-05,0.01262184437139839,2.140529846350181e-05,0.012557282078553686,4.315699438120891e-05,0.07310782653776013,0.06748433958310518,0.0056234869546549215,0.16033633056380664,5.044548971613872e-06,1.8807682919088424e-05,0.00017449757671682105,8.913277341853125e-11,7.219872517066365e-11,1.6934048247867705e-11,4.094300020802434e-10,3.9504475655187763e-10,1.4385245528366033e-11,0.0007820595738743219,0.621318799800136,2.719560216497917e-07,1.7239508183231926e-10,1.0730960376393126e-09,6.903449534874235e-05,0.006799331330732702
73357,2300,68,93,55.6021,7.57074,137006400.0,7.591617769848072e-05,0.012622760878626857,2.1408866783315905e-05,0.012558193489612233,4.3158522231314754e-05,0.0731641640425306,0.06754033880142425,0.00562382524110632,0.16035592832980933,5.048455228230916e-06,1.8810445989215893e-05,0.00017453480444149232,8.91333966561936e-11,7.220742172221962e-11,1.692597493397409e-11,4.1007501241420463e-10,3.956585817740595e-10,1.4416430640145243e-11,0.000782144871491048,0.6213365355320191,2.7258174412976317e-07,1.7246844136295307e-10,1.0728725372097765e-09,6.904569313592268e-05,0.0068000097021652
73358,2300,68,93,55.60262,7.60737,137006400.0,7.556116621732697e-05,0.012616560056972126,2.1383760459548395e-05,0.012552028428030194,4.314786848238727e-05,0.07276843772330906,0.06714692455944588,0.00562151316386318,0.16022169669987482,5.020901889295093e-06,1.8791124177464488e-05,0.00017427388256299194,8.912912238877253e-11,7.214609916502944e-11,1.698302322374318e-11,4.0552499810586176e-10,3.913285458269002e-10,1.419645227896165e-11,0.0007815479173950636,0.6212154777974495,2.681657176657701e-07,1.7195670755423682e-10,1.0744767304530147e-09,6.89677358019714e-05,0.006795242347659115
73359,2300,68,93,55.60345,7.56244,137006400.0,7.597231164602895e-05,0.012623770068957482,2.1412840413028846e-05,0.012559197009350135,4.3160219194323025e-05,0.07322687031539882,0.06760267150233985,0.005624198813058944,0.16037758352053488,5.05280837644257e-06,1.8813517423396048e-05,0.0001745762141963364,8.91340855768301e-11,7.221711228096647e-11,1.691697329586372e-11,4.1079383030703573e-10,3.9634264640359697e-10,1.4451183903438967e-11,0.0007822397105447667,0.621356113830355,2.732791626362814e-07,1.7254992983864073e-10,1.0726221900316165e-09,6.905812459721834e-05,0.0068007648688148195
73360,2300,68,93,55.60428,7.59924,137006400.0,7.558365233593361e-05,0.0126170225934781,2.1385360027390617e-05,0.012552488660030059,4.3148573420658715e-05,0.07279382954945622,0.06717215053177161,0.005621679017684582,0.16023124504091124,5.022638471050349e-06,1.8792387589802283e-05,0.00017429078113628552,8.912942489078217e-11,7.214996947609779e-11,1.6979455414684464e-11,4.058116752399998e-10,3.9160136120695e-10,1.4210314033049939e-11,0.0007815868198378995,0.6212242066475646,2.68443389692601e-07,1.7199051428622827e-10,1.0743831530308478e-09,6.897292851218717e-05,0.006795547608831844
73361,2300,68,93,55.6048,7.55412,137006400.0,7.61315472395206e-05,0.012655093885465561,2.1436316997513403e-05,0.012590482701092944,4.317486737510932e-05,0.07338825549057326,0.06775819793382203,0.005630057556751206,0.1606193642095355,5.065877047118117e-06,1.884299087294877e-05,0.0001748843407107838,8.923997738096453e-11,7.228950802127328e-11,1.695046935969137e-11,4.119802417211877e-10,3.974809677436066e-10,1.4499273977581251e-11,0.0007834286917242569,0.6214394146007696,2.741856180742635e-07,1.7294341700498464e-10,1.0737055290092562e-09,6.916957859204033e-05,0.006808673089465126
73362,2300,68,93,55.60593,7.5911,137006400.0,7.561378038757246e-05,0.012617608858014513,2.1387498723719224e-05,0.012553071855811697,4.314950347910264e-05,0.07282769406081485,0.06720580213167321,0.005621891929141647,0.16024353665411628,5.024969367351378e-06,1.8794061390068193e-05,0.00017431324430362924,8.91298149606547e-11,7.215516173797524e-11,1.6974653222679552e-11,4.0619650735003707e-10,3.9196758634810343e-10,1.4228921001933866e-11,0.0007816384196790652,0.621235393103857,2.6881640492643167e-07,1.720351417695671e-10,1.0742539218641485e-09,6.897976369860798e-05,0.006795955030250229
73363,2300,68,93,55.60758,7.58296,137006400.0,7.565098415774901e-05,0.012618309554749471,2.1390136585615536e-05,0.012553768776241463,4.315064192239479e-05,0.07286940288826779,0.06724725451240289,0.005622148375864884,0.16025836635629703,5.027850559463068e-06,1.8796115098488914e-05,0.00017434085908230037,8.913028605173409e-11,7.21615780286424e-11,1.696870802309179e-11,4.066722246215232e-10,3.924203028920038e-10,1.425192172951954e-11,0.0007817017741192744,0.6212488531215282,2.692777028396973e-07,1.7208978569557718e-10,1.074091663868046e-09,6.898811919580905e-05,0.006796457036469265
73364,2300,68,93,55.60842,7.61144,137006400.0,7.546430567231145e-05,0.012643579305089504,2.1389148584219416e-05,0.012579035252387048,4.3154904118242364e-05,0.07264514560420966,0.06701939469126213,0.005625750912947519,0.16036917310669313,5.014073464282951e-06,1.8806754981035543e-05,0.0001743946852693583,8.923200758956258e-11,7.217422504536412e-11,1.705778254419856e-11,4.0342548281304765e-10,3.8933979983978676e-10,1.408568297326109e-11,0.0007823089085139533,0.6212140136602361,2.6588164959969747e-07,1.7198440996749923e-10,1.0767366899290681e-09,6.902356919192827e-05,0.006799719494690703
73365,2300,68,93,55.60924,7.57482,137006400.0,7.579197893272424e-05,0.012649335748070928,2.1412325996676784e-05,0.012584758670308872,4.316475176538228e-05,0.07301055355485618,0.06738265939645656,0.005627894158399607,0.16049356466066272,5.039500921534634e-06,1.882460767735811e-05,0.0001746356910379749,8.923596779318252e-11,7.223081880813535e-11,1.700514898504727e-11,4.076243960392262e-10,3.933357084199503e-10,1.4288687619276071e-11,0.0007828604115346606,0.6213262528837828,2.699566468272426e-07,1.7245739861553014e-10,1.0752598423329312e-09,6.909564432763801e-05,0.00680412129854312
73366,2300,68,93,55.61037,7.6035,137006400.0,7.5478449796099e-05,0.012643904285181508,2.139015930078227e-05,0.012579358763644315,4.3155362236413305e-05,0.0726612768981238,0.06703541219349127,0.005625864704632503,0.1603756894792636,5.015161595724745e-06,1.880756899591299e-05,0.00017440549619247693,8.923221336624911e-11,7.217665279784803e-11,1.705556056840118e-11,4.0360506740464144e-10,3.8951070003671927e-10,1.4094367367922358e-11,0.0007823339113531745,0.6212200218434956,2.6605531696140483e-07,1.7200635486311268e-10,1.0766817454079577e-09,6.902695985011231e-05,0.006799913118951127
73367,2300,68,93,55.61089,7.56666,137006400.0,7.584280292092176e-05,0.01265025698797628,2.141592475037101e-05,0.012585674771775733,4.3166291450180314e-05,0.07306736335630208,0.0674391288740397,0.005628234482262354,0.16051328403728313,5.043441357718089e-06,1.8827392833095894e-05,0.00017467322371414421,8.923659496680386e-11,7.223959120737501e-11,1.6997003759428954e-11,4.082750544410617e-10,3.939549087206296e-10,1.4320145720432265e-11,0.0007829463969042264,0.6213440934382233,2.7058787428629614e-07,1.7253132882100497e-10,1.0750340412754829e-09,6.910692729324536e-05,0.0068048053860517085
73368,2300,68,93,55.61232,7.59555,137006400.0,7.550062869731654e-05,0.012644359332707045,2.1391736857678544e-05,0.012579811538811068,4.315605703830324e-05,0.07268631632921965,0.06706028836204612,0.005626027967173503,0.16038508983077246,5.016874595890171e-06,1.8808814483372193e-05,0.0001744221576534756,8.923251120278145e-11,7.218047046205304e-11,1.7052040740728506e-11,4.0388785322449796e-10,3.897798122911032e-10,1.4108040933395022e-11,0.0007823722639897085,0.6212286136501406,2.6632922939561313e-07,1.7203967634640453e-10,1.0765893118929403e-09,6.90320773415486e-05,0.006800214154155446
73369,2300,68,93,55.61255,7.55852,137006400.0,7.599664163731962e-05,0.012681490936004581,2.143902025842379e-05,0.012616871136174487,4.3180779571671034e-05,0.07322275330088249,0.06758869400031277,0.005634059300569691,0.16075309005247965,5.056090619874579e-06,1.885657504677663e-05,0.00017497740713631903,8.934242379536414e-11,7.231105385364522e-11,1.7031369941719016e-11,4.0939220107309846e-10,3.950273138884811e-10,1.4364887184617505e-11,0.0007841263719894722,0.6214256207448461,2.714270691610588e-07,1.729171244405183e-10,1.076142273107321e-09,6.921721224490816e-05,0.006812641341448112
73370,2300,68,93,55.61406,7.61615,137006400.0,7.5269572877911e-05,0.012640361537268444,2.137540173517341e-05,0.012575836995994618,4.314913953865873e-05,0.07242893940880223,0.06680440567969984,0.00562453372910236,0.16029829543684646,4.998937079987147e-06,1.8796260595479384e-05,0.00017425254146160476,8.922974661645036e-11,7.214055175511972e-11,1.708919486133073e-11,4.0092569512802686e-10,3.869608638779479e-10,1.396483125007917e-11,0.0007819843359475773,0.6211504014803774,2.634539940602386e-07,1.7170737738686844e-10,1.0776377531180614e-09,6.898147821475058e-05,0.006797113162422593
73371,2300,68,93,55.61427,7.58762,137006400.0,7.55303737098088e-05,0.012644936495920163,2.1393848142355487e-05,0.012580385673217212,4.315697456059776e-05,0.07271974257906048,0.0670935048656164,0.005626237713444088,0.1603972004679428,5.019176061470399e-06,1.881046606871867e-05,0.00017444432644667254,8.923289556316374e-11,7.21855970370517e-11,1.704729852611213e-11,4.0426782850874586e-10,3.901414154820484e-10,1.4126413026697617e-11,0.0007824231820234214,0.6212396328284501,2.666975502814819e-07,1.7208370353418328e-10,1.0764615341056392e-09,6.903881960715616e-05,0.006800616317791241
73372,2300,68,93,55.61622,7.57968,137006400.0,7.556774301108902e-05,0.012645637096888937,2.139649731012319e-05,0.012581082482897517,4.3158116681303246e-05,0.07276162193020923,0.06713512752278905,0.005626494407420135,0.1604120479744118,5.022070469968995e-06,1.8812527091849173e-05,0.00017447204696144843,8.923336728713026e-11,7.219204251155506e-11,1.70413247755753e-11,4.0474573224167453e-10,3.9059621285825705e-10,1.4149519383417754e-11,0.0007824867680667805,0.6212531038686481,2.671609943733404e-07,1.721385263976397e-10,1.0762981843640472e-09,6.904720053988519e-05,0.006801120405580042
73373,2300,68,93,55.61629,7.60845,137006400.0,7.527469848583697e-05,0.01264053746020957,2.1375775799386166e-05,0.012576012353739207,4.3149330670981295e-05,0.07243505754094029,0.06681046640043667,0.005624591140503613,0.16030152877882411,4.999324215590605e-06,1.8796588571758328e-05,0.0001742567691968477,8.922984766640236e-11,7.214142002835564e-11,1.7088427638046834e-11,4.0098950966354404e-10,3.8702159089935954e-10,1.396791876418472e-11,0.0007819943065491874,0.6211534631068072,2.6351523222896845e-07,1.717164915773422e-10,1.0776245348362012e-09,6.898291941658223e-05,0.006797186079886545
73374,2300,68,93,55.61816,7.57175,137006400.0,7.570968431677157e-05,0.01267667574218512,2.141875311254072e-05,0.01261208473590574,4.3172253166843364e-05,0.07290380856718087,0.06727156334774527,0.005632245219435601,0.16064754298653144,5.033794798917891e-06,1.884106887163399e-05,0.00017476755283240408,8.933905856659015e-11,7.226144759645189e-11,1.7077610970138355e-11,4.0571012359499023e-10,3.9152324763588783e-10,1.4186875959102571e-11,0.0007836469332291397,0.6213307643412607,2.678518313749479e-07,1.7250742218638872e-10,1.0774616161160927e-09,6.91549186120124e-05,0.006808797185324621
73375,2300,68,93,55.61853,7.60074,137006400.0,7.52882795417374e-05,0.012640850240954437,2.137674637893742e-05,0.012576323723705025,4.314977087047829e-05,0.07245055011542444,0.06682584950797159,0.005624700607452832,0.16030779680207796,5.000368938085379e-06,1.879737059984682e-05,0.00017426715367821024,8.923004558724083e-11,7.214375098768311e-11,1.7086294599557826e-11,4.0116192907632365e-10,3.87185672393173e-10,1.3976256683150865e-11,0.0007820183255883581,0.6211592433293146,2.636819644907069e-07,1.7173757760167813e-10,1.077571862538051e-09,6.898617779098976e-05,0.006797372031004024
73376,2300,68,93,55.61952,7.62148,137006400.0,7.517201773263387e-05,0.012667355316348767,2.1380738949926987e-05,0.012602818428829208,4.315614856963571e-05,0.07230481055776142,0.0666760473127258,0.005628763245035592,0.16044530925603015,4.992056393286149e-06,1.881184602918719e-05,0.00017437276256080688,8.933261738178565e-11,7.216856029305683e-11,1.7164057088728913e-11,3.988175673675574e-10,3.8496392216131367e-10,1.3853645206243958e-11,0.0007827439504087055,0.6211484976771603,2.6116167476494156e-07,1.7173381214919357e-10,1.0798993164388667e-09,6.903711034843899e-05,0.006801580350946429
73377,2300,68,93,55.6201,7.5638,137006400.0,7.576156664259683e-05,0.012677611235640688,2.1422426144264647e-05,0.012613014986712303,4.317382278412483e-05,0.07296177825989153,0.06732918700103263,0.0056325912588589,0.16066759907718756,5.0378178982928775e-06,1.8843909227645914e-05,0.00017480584079169394,8.933969655546286e-11,7.227040364388898e-11,1.7069292911573987e-11,4.063744381977116e-10,3.9215544401678944e-10,1.4218994180922304e-11,0.0007837346319822495,0.6213489014309928,2.684963470394473e-07,1.7258279340308963e-10,1.07723054571024e-09,6.916641851689636e-05,0.006809495284771685
73378,2300,68,93,55.62077,7.59304,137006400.0,7.531027697038877e-05,0.012641299014548284,2.1378310685977946e-05,0.012576770244976594,4.3150458885719156e-05,0.07247537272105647,0.06685051089633577,0.00562486182472067,0.16031708199669237,5.002068237288951e-06,1.8798604449544316e-05,0.00017428366521405323,8.923033982543514e-11,7.214753791957909e-11,1.708280190585615e-11,4.0144245652344406e-10,3.8745263554203687e-10,1.398982098140736e-11,0.0007820563245050855,0.6211677260489606,2.639537101056921e-07,1.717705754900932e-10,1.077479891796516e-09,6.899124409080638e-05,0.006797670482413535
73379,2300,68,93,55.62202,7.61406,137006400.0,7.516739372027121e-05,0.012667369921438043,2.13804247265257e-05,0.012602833445715646,4.3156050995875374e-05,0.07230010296123969,0.06667134330492142,0.005628759656318264,0.1604449907669262,4.991685727271574e-06,1.8811648464702644e-05,0.00017436987248458188,8.93326051344876e-11,7.216774269970616e-11,1.7164862434781534e-11,3.9875623055977683e-10,3.8490554826115065e-10,1.3850682298626362e-11,0.0007827376673828526,0.6211483711853137,2.61101374602947e-07,1.7172905194987948e-10,1.0799311866402543e-09,6.903644341026621e-05,0.00680152276789384
73380,2300,68,93,55.623,7.58534,137006400.0,7.54380244452141e-05,0.012672105001476182,2.139956474982314e-05,0.01260754126071584,4.3164176010523995e-05,0.0726018091671966,0.06697128472637852,0.005630524440818069,0.16054743902102406,5.012689061641603e-06,1.8826382373523905e-05,0.00017456882042604852,8.933586716172543e-11,7.22144882281857e-11,1.7121378933539824e-11,4.0222460058533415e-10,3.8820623368643034e-10,1.4018366898903937e-11,0.0007831928614052932,0.6212407785087449,2.644675434655984e-07,1.7211931628820988e-10,1.0787092173632842e-09,6.909590107557719e-05,0.0068051573788139984
73381,2300,68,93,55.62453,7.60663,137006400.0,7.517194176651804e-05,0.012667532975718723,2.1380757572938513e-05,0.01260299599455096,4.31562235948313e-05,0.07230556426860096,0.06667675173575895,0.005628812532841973,0.16044796404004835,4.992028380451697e-06,1.8811943429279387e-05,0.0001743736609070634,8.93326979646013e-11,7.216851175855178e-11,1.7164186206049606e-11,3.9881270320221677e-10,3.8495928841976597e-10,1.3853414782450919e-11,0.0007827466233013245,0.6211511935802426,2.611555095194429e-07,1.7173727806377515e-10,1.0799202581815136e-09,6.903774762511116e-05,0.006801587797894964
73382,2300,68,93,55.62476,7.62744,137006400.0,7.497834398306554e-05,0.012664140532124646,2.1367064916391517e-05,0.012599623058137376,4.315040907088316e-05,0.07208971219449532,0.06646216355115604,0.005627548643339256,0.16037459941411494,4.977004121198024e-06,1.8801400482212922e-05,0.00017423131440976895,8.933036209529046e-11,7.213507300538154e-11,1.719528908990903e-11,3.9633169018574733e-10,3.8259822458629007e-10,1.3733465599457485e-11,0.0007824209158787556,0.6210850107060193,2.587476452865252e-07,1.7145799622464657e-10,1.0807938086695465e-09,6.89951952439165e-05,0.006798987506395772
73383,2300,68,93,55.62522,7.57763,137006400.0,7.55741317918826e-05,0.012703046343039258,2.1421408592169813e-05,0.012638446795041,4.317813940609198e-05,0.0727375142968799,0.06710127576064294,0.005636238536236958,0.1607807970808546,5.0239600344414195e-06,1.885460924178827e-05,0.00017486006302491741,8.94414902938672e-11,7.228288468074944e-11,1.7158605613117868e-11,4.0311412095744514e-10,3.890620171289919e-10,1.4052103828453475e-11,0.0007843432886319858,0.6213165195010708,2.65085677188783e-07,1.724798944716098e-10,1.0798995399231741e-09,6.92023548525619e-05,0.00681275603326456
73384,2300,68,93,55.62705,7.5992,137006400.0,7.518556170916877e-05,0.012667842733485087,2.1381730406226045e-05,0.012603304339716558,4.315666336230995e-05,0.07232108284815124,0.0666921616248175,0.005628921223333738,0.1604541912602541,4.993076578517174e-06,1.881272547364642e-05,0.00017438405423244994,8.933289466791548e-11,7.2170850167426e-11,1.716204450048957e-11,3.9898570148105154e-10,3.851239208914479e-10,1.3861780589603897e-11,0.0007827706497998924,0.6211569307644698,2.6132283347556466e-07,1.7175834618689613e-10,1.0798669841015774e-09,6.904100101206832e-05,0.006801774096077128
73385,2300,68,93,55.62746,7.56993,137006400.0,7.562014652126288e-05,0.01270388358458112,2.1424667236642386e-05,0.012639279382576292,4.3179534768189096e-05,0.07278896329780422,0.06715241575812057,0.0056365475396836255,0.1607986980935646,5.027527211546056e-06,1.8857132650944244e-05,0.00017489406106706648,8.944205956621933e-11,7.229082635688018e-11,1.7151233209339252e-11,4.0370314130322496e-10,3.8962255937264593e-10,1.4080581930579234e-11,0.0007844211872446979,0.6213327201559151,2.6565708167390895e-07,1.7254689239170763e-10,1.0796954708176784e-09,6.921258175812232e-05,0.006813375538648649
73386,2300,68,93,55.62754,7.62031,137006400.0,7.496275220602478e-05,0.012663974029306697,2.1365976457819417e-05,0.012599458065971741,4.3149986877142895e-05,0.0720728279847446,0.06644535145012155,0.0056274765346230205,0.16037029079736773,4.975780926589125e-06,1.8800611921761563e-05,0.00017422041915129578,8.933022256146762e-11,7.213235883633072e-11,1.7197863725137e-11,3.9612955733799874e-10,3.824058613985783e-10,1.372369593942072e-11,0.0007823963541706162,0.6210813033208116,2.5855061080188126e-07,1.7143763543112583e-10,1.0808764428898144e-09,6.899215810412944e-05,0.006798783135020433
73387,2300,68,93,55.62956,7.59176,137006400.0,7.53059311222602e-05,0.012698525988507037,2.14024635181579e-05,0.012633953363263653,4.3170161725230926e-05,0.07243932382003311,0.06680478632457616,0.005634537495456927,0.16068185061754411,5.003124014467387e-06,1.8840105321673596e-05,0.0001746638195273381,8.943833596829479e-11,7.223652481956553e-11,1.720181114872936e-11,3.996731510103937e-10,3.857874025126635e-10,1.3885748497730476e-11,0.0007838948764730222,0.6212275606582938,2.617447113226591e-07,1.7209657442390045e-10,1.0811303552803216e-09,6.914406026441581e-05,0.006809162204783333
73388,2300,68,93,55.62977,7.63399,137006400.0,7.488392249062394e-05,0.012691171152341417,2.1372621343526775e-05,0.012626641026584432,4.3157504413464204e-05,0.07196899257006655,0.0663371989789781,0.005631793591088407,0.16052252981785378,4.9703688562069255e-06,1.8817146317497055e-05,0.0001743537432542238,8.943326244202953e-11,7.216362637187392e-11,1.726963607015571e-11,3.9426411390273336e-10,3.806398742894764e-10,1.3624239613257195e-11,0.0007831855196234023,0.6210839033738361,2.564948277034533e-07,1.7148859058506513e-10,1.0830391527357298e-09,6.905145012461712e-05,0.006803495929469415
73389,2300,68,93,55.63031,7.61319,137006400.0,7.495749209168059e-05,0.012663974506825021,2.1365616844968313e-05,0.012599459021068918,4.314986891113723e-05,0.07206739720200504,0.06643992923798661,0.0056274679640184065,0.16036968656051284,4.975361263903425e-06,1.8800378025355373e-05,0.00017421704547676553,8.933020128187174e-11,7.213143196346321e-11,1.719876931840863e-11,3.9606013349258897e-10,3.823397915226419e-10,1.3720341969947358e-11,0.0007823889543265147,0.6210809140403147,2.584824860936872e-07,1.7143189804930994e-10,1.0809108402333511e-09,6.899134046026412e-05,0.006798716867199163
73390,2300,68,93,55.63207,7.58433,137006400.0,7.533790314673391e-05,0.01269913257515337,2.140473102636077e-05,0.012634556702139959,4.317114198705413e-05,0.07247518810819964,0.06684042899792181,0.005634759110277798,0.1606946612459048,5.00559949485363e-06,1.88418727393004e-05,0.00017468757459172175,8.943874282733561e-11,7.224203794986535e-11,1.719670487747036e-11,4.000818748028457e-10,3.861763645662065e-10,1.3905510236639417e-11,0.0007839493909885064,0.6212391951595809,2.6214101059283794e-07,1.7214362248675926e-10,1.0809914238819161e-09,6.915125694414486e-05,0.0068095938261586875
73391,2300,68,93,55.63281,7.62719,137006400.0,7.475927913613842e-05,0.012660589913098739,2.13516096638806e-05,0.012596094349340439,4.314395409442327e-05,0.07184681502011453,0.06622061639856054,0.0056261986215539635,0.16029590319322856,4.959967878558059e-06,1.8789634075275717e-05,0.00017407177856519317,8.932785012555024e-11,7.209717851103415e-11,1.723067161451618e-11,3.935180471614779e-10,3.799206047261976e-10,1.3597442435280544e-11,0.0007820568706268262,0.6210145026154036,2.56014633189487e-07,1.7114773072744809e-10,1.081815425787396e-09,6.894809783657346e-05,0.006796058784495834
73392,2300,68,93,55.63309,7.60606,137006400.0,7.496230083311016e-05,0.012664137932165977,2.1365967566979692e-05,0.012599621917071941,4.315004752706022e-05,0.07207312951193943,0.06644560813684404,0.005627521375095369,0.16037269569812315,4.975724667103241e-06,1.8800684805931006e-05,0.00017422100320536218,8.933029534634802e-11,7.21322468807212e-11,1.7198048465626924e-11,3.961200382524979e-10,3.823967979778575e-10,1.3723240274640612e-11,0.0007823982831631253,0.6210837617307998,2.5853998580888415e-07,1.7144041639714726e-10,1.0808982524434044e-09,6.89926866403512e-05,0.006798785200155671
73393,2300,68,93,55.63457,7.5769,137006400.0,7.547588293642272e-05,0.012730100552619238,2.142670647376217e-05,0.012665488687192921,4.318515895255824e-05,0.0726129519951487,0.06697246828288694,0.005640483712261748,0.1609286362915688,5.017016542648267e-06,1.8870198074011807e-05,0.00017498016102024942,8.954438573984383e-11,7.231075903781809e-11,1.723362670202584e-11,4.0099552531524916e-10,3.8705511169624917e-10,1.3940413619000189e-11,0.0007851028717744204,0.6213154823557352,2.627826128521428e-07,1.7250677847857059e-10,1.0821725869504365e-09,6.925809971791881e-05,0.006817217338039431
73394,2300,68,93,55.63584,7.62038,137006400.0,7.474321421861623e-05,0.012660411745737253,2.1350487289063244e-05,0.012595917742214918,4.314351623327675e-05,0.0718293874794148,0.06620326499377009,0.0056261224856446745,0.16029136469786173,4.958708382501372e-06,1.8788817834762562e-05,0.00017406051743618702,8.932770334690545e-11,7.20943832873054e-11,1.723332005960014e-11,3.9330992420921796e-10,3.7972254112610673e-10,1.3587383083111537e-11,0.0007820314601229695,0.6210105821814126,2.5581181243511253e-07,1.7112661999574144e-10,1.0818998066573447e-09,6.894494437535363e-05,0.00679584789858388
73395,2300,68,93,55.63587,7.59892,137006400.0,7.50746206819004e-05,0.012694687149934613,2.1386132295275885e-05,0.012630137710479859,4.316330715948268e-05,0.07218242847868132,0.06654934143093577,0.005633087047745536,0.1605974098389934,4.985146545310234e-06,1.8827630271117545e-05,0.00017449488730819098,8.943564271888076e-11,7.219652980127613e-11,1.7239112917604722e-11,3.9670417771341475e-10,3.8296196406187415e-10,1.374221365154083e-11,0.0007835090770995145,0.6211517465182648,2.588615428985087e-07,1.7176717259028398e-10,1.0821987522937851e-09,6.909400225159276e-05,0.0068060655237716615
73396,2300,68,93,55.63864,7.5918,137006400.0,7.5196909116117e-05,0.01272539734787638,2.140700023834635e-05,0.012660813487366683,4.317686027135231e-05,0.07230277775510006,0.06666406376620529,0.005638713988894768,0.16082569619905498,4.995343733891909e-06,1.8855110833297297e-05,0.0001747760279657477,8.954110412977523e-11,7.226253723464715e-11,1.7278566895128185e-11,3.974163653630573e-10,3.836489879701494e-10,1.3767377392908092e-11,0.0007846364277273068,0.621222930796027,2.593074834455717e-07,1.7210803565740603e-10,1.083452695213448e-09,6.919745887812435e-05,0.0068134790914306876
73397,2300,68,93,55.63887,7.61359,137006400.0,7.473820205483046e-05,0.012660412066473408,2.1350144609593113e-05,0.012595918518093874,4.3143403769943644e-05,0.07182421206322954,0.06619809778153563,0.005626114281693886,0.16029078693031237,4.958308518410381e-06,1.878859488756368e-05,0.00017405730207365884,8.932768300924605e-11,7.209350013181177e-11,1.7234182877434376e-11,3.932437757742738e-10,3.7965958842412813e-10,1.3584187350145897e-11,0.0007820244069907248,0.6210102092089056,2.5574690289639044e-07,1.7112115037962596e-10,1.0819325671308673e-09,6.894416478288396e-05,0.006795784748134322
73398,2300,68,93,55.64142,7.58466,137006400.0,7.523168030101455e-05,0.012726045472849088,2.140946471667619e-05,0.012661458086773512,4.3177921358903306e-05,0.07234172778447348,0.06670277599593674,0.00563895178853673,0.16083945495717544,4.998037372830386e-06,1.8857026426328532e-05,0.00017480180112123007,8.954154134197879e-11,7.22685353300149e-11,1.7273006011963997e-11,3.9786112450699405e-10,3.840722433782359e-10,1.3788881128758338e-11,0.0007846955339904234,0.621235407981321,2.5973881624310445e-07,1.7215897170050655e-10,1.0833002689762702e-09,6.92052433616973e-05,0.006813947954130773
73399,2300,68,93,55.64191,7.60679,137006400.0,7.484160244929969e-05,0.012690812732272098,2.1369679526909485e-05,0.012626286653884993,4.315639886019616e-05,0.07192360255230382,0.0662919786738265,0.005631623878477298,0.16051223712884294,4.967037240576184e-06,1.8815059010703762e-05,0.00017432466926468808,8.943292628991173e-11,7.21562409267993e-11,1.7276685363112524e-11,3.9371344143308684e-10,3.801158149494041e-10,1.3597626483682896e-11,0.0007831203160930535,0.6210752625896352,2.55957298760924e-07,1.714351941884435e-10,1.0832742046029125e-09,6.904354821474504e-05,0.006802945637271468
73400,2300,68,93,55.64494,7.59999,137006400.0,7.485927082196657e-05,0.012691179944995211,2.1370936886883934e-05,0.012626652053714727,4.315695439360111e-05,0.07194357176244381,0.06631181651461303,0.005631755247830769,0.16051979631959234,4.968401285683512e-06,1.88160538739942e-05,0.00017433796738045937,8.943316569918719e-11,7.215928126015797e-11,1.7273884439029314e-11,3.9393861468905533e-10,3.8033010025942235e-10,1.3608514429633236e-11,0.0007831509426165388,0.6210821786769902,2.5617536823406817e-07,1.7146183312669704e-10,1.083201111167713e-09,6.904764216340099e-05,0.0068031856736036215
73401,2300,68,93,55.64797,7.59319,137006400.0,7.498509763787659e-05,0.012721943287838147,2.1392053902666267e-05,0.012657380623984221,4.317060995126391e-05,0.07206782466661282,0.06643042184148285,0.0056374028251299614,0.16074929074615182,4.97887416691322e-06,1.8843722104014996e-05,0.0001746216624753683,8.953866576908992e-11,7.222590160545959e-11,1.731276416363043e-11,3.946963403072434e-10,3.810604607533217e-10,1.3635879553921908e-11,0.0007842841075767572,0.6211544378649438,2.5666557562564016e-07,1.718076236599603e-10,1.0844380687315896e-09,6.915184415185408e-05,0.006810646347655749
73402,8300,105,164,55.63436,7.69013,494414400.0,8.242285644390488e-05,0.014309237709277974,2.3740105491834082e-05,0.014240388476037542,4.510912774860106e-05,0.07869458892562756,0.07238481976092938,0.006309769164698125,0.18129829064547612,5.4211239749540806e-06,2.1353125523434512e-05,0.000198829291916251,1.0749991349701444e-10,8.717061924859341e-11,2.0329294248421065e-11,4.04616547310425e-10,3.9144889561247313e-10,1.3167651697952022e-11,0.0008788026917680673,0.6307285489552134,2.4925894509449286e-07,1.957771701098183e-10,1.2179694717604873e-09,7.764444964827131e-05,0.007466269647608305
73403,8300,105,164,55.64317,7.682,494414400.0,8.234702881469824e-05,0.014308129150078373,2.373477192305024e-05,0.01423928743272027,4.5106945435053154e-05,0.07861107616679469,0.07230174079742287,0.0063093353693717815,0.18127285659016518,5.415212124217587e-06,2.1349121005632016e-05,0.00019877471197544033,1.0749909884686291e-10,8.715747852461599e-11,2.0341620322246954e-11,4.0364000779854613e-10,3.9051956288245794e-10,1.31204449160883e-11,0.0008786785651433651,0.6307059749354258,2.4830942042087393e-07,1.9567218038121808e-10,1.2183369598457147e-09,7.76285873633417e-05,0.007465261591292566
73404,8300,105,164,55.64366,7.71011,494414400.0,8.238479151797104e-05,0.01431622968361078,2.3740764707383316e-05,0.014247378307593784,4.511061130961918e-05,0.07864651066782068,0.07233572351579477,0.006310787152025872,0.1813304272536664,5.4183976103490946e-06,2.1356676319281645e-05,0.0001988529227884619,1.0752815246533531e-10,8.717653359695992e-11,2.0351618868375448e-11,4.0389740503410775e-10,3.907670967449807e-10,1.3130308289127198e-11,0.0008789900132175143,0.6307197653559431,2.4849512102346124e-07,1.9576269005868414e-10,1.2186120058186033e-09,7.765636351693108e-05,0.007467345422149415
73405,8300,105,164,55.65226,7.67489,494414400.0,8.229961728616048e-05,0.014315404409482483,2.3734830013103028e-05,0.01424656123809944,4.51083413699423e-05,0.07855467100960659,0.07224425432602644,0.006310416683580108,0.1813081540596038,5.411705168501825e-06,2.1352416414682814e-05,0.00019879385390057336,1.075274286051157e-10,8.716169004894084e-11,2.0365738556174897e-11,4.027913683422589e-10,3.897145157692714e-10,1.3076852572987639e-11,0.0008788571572793082,0.6307007945862355,2.474163092635955e-07,1.9565314761275304e-10,1.2190731178910408e-09,7.764008030775407e-05,0.007466232976606327
73406,8300,105,164,55.65431,7.73042,494414400.0,8.239682070049037e-05,0.014331963876016953,2.3748345931634897e-05,0.014263099215159987,4.511631492533169e-05,0.078649609375421,0.07233615357409535,0.006313455801325613,0.18143118849177403,5.419761126821147e-06,2.1368695404770534e-05,0.000198966100255115,1.0758578762498315e-10,8.720354872742678e-11,2.038223889755642e-11,4.03584439544025e-10,3.904744069883908e-10,1.3110032555634394e-11,0.0008795161884341405,0.6307354597659433,2.4805795589380876e-07,1.958650105667129e-10,1.2195229239127497e-09,7.770031895932325e-05,0.007470690789023715
73407,8300,105,164,55.6558,7.70193,494414400.0,8.23271029183627e-05,0.014331290306701156,2.3743488458637347e-05,0.01426243236049467,4.5114457747847976e-05,0.07857444483593712,0.0722612917341154,0.006313153101821682,0.18141298632129108,5.4142829129623605e-06,2.1365209641628604e-05,0.0001989177608769921,1.0758519600758561e-10,8.71913984329586e-11,2.039379757462707e-11,4.0267907155207253e-10,3.8961279616879954e-10,1.3066275383273208e-11,0.00087940747208842,0.6307199611493174,2.4717485792454985e-07,1.9577538545892248e-10,1.2199005822786578e-09,7.768699774230845e-05,0.007469780309366904
73408,8300,105,164,55.66053,7.64104,494414400.0,8.233302500788637e-05,0.014324416674451987,2.3740647240735166e-05,0.014255563724023894,4.511230318736061e-05,0.07858987801665727,0.0722777631706952,0.006312114845962053,0.18137888795188342,5.414430593617133e-06,2.1360295058777892e-05,0.00019887412991250229,1.0755687956245061e-10,8.717979743123197e-11,2.0377082131218682e-11,4.029714785184391e-10,3.898884729753199e-10,1.3083005543119366e-11,0.0008791767386768989,0.6307281212141396,2.475190277616883e-07,1.957571119526365e-10,1.2194815226082892e-09,7.767050924235284e-05,0.007468305054092729
73409,8300,105,164,55.66157,7.66881,494414400.0,8.225566398627817e-05,0.014322721446669538,2.373513017124887e-05,0.014253876483457871,4.510983304042285e-05,0.078502033447717,0.07219051810800728,0.0063115153397096885,0.18134447985407273,5.408468916168159e-06,2.1355889475064906e-05,0.00019881543821827623,1.0755579151904106e-10,8.716650261204381e-11,2.0389288906997282e-11,4.0198745622179044e-10,3.889520340645395e-10,1.3035422157251185e-11,0.0008790412730124566,0.6306965102473189,2.465667586185523e-07,1.956387276707339e-10,1.2197915057112485e-09,7.765226459654116e-05,0.007467249920457283
73410,8300,105,164,55.66364,7.72436,494414400.0,8.23416403665053e-05,0.014339097409326096,2.3747853805037794e-05,0.014270232080404729,4.5117475116328626e-05,0.0785845161854731,0.07227003134341184,0.006314484842061232,0.1814634581007274,5.415651959820832e-06,2.1371564567974845e-05,0.00019897950020474745,1.0761402110184963e-10,8.720641950825142e-11,2.040760159359826e-11,4.0263636209526347e-10,3.895747295453849e-10,1.3061632549878771e-11,0.0008796816228904813,0.6307275385531913,2.4706838364723086e-07,1.9583465890478445e-10,1.220293492739473e-09,7.771008390497827e-05,0.007471557563774706
73411,8300,105,164,55.66466,7.75213,494414400.0,8.238114823000987e-05,0.014323413638626424,2.374380334811341e-05,0.014254556884183586,4.5112951094728606e-05,0.07863488477760332,0.07232296928720558,0.0063119154903977116,0.18136944310513137,5.418393365721945e-06,2.1361868387437344e-05,0.00019889967074489687,1.075566195220953e-10,8.718847470261953e-11,2.0368144819475843e-11,4.036283242181947e-10,3.9051361117737785e-10,1.3114713040817026e-11,0.0008792288113240131,0.6307164960973715,2.4817140748790654e-07,1.957896522479648e-10,1.2190519008060429e-09,7.767434081431313e-05,0.0074688640759918825
73412,8300,105,164,55.66833,7.69416,494414400.0,8.224012237004484e-05,0.014337936822897614,2.3740756601669723e-05,0.014269081373116497,4.511469317944434e-05,0.07847422489103771,0.07216023082240844,0.006313994068629242,0.18143425795548834,5.4076971960844055e-06,2.136638686470866e-05,0.00019890815346645686,1.0761307777091324e-10,8.718876269774425e-11,2.0424315073169026e-11,4.0132193852069234e-10,3.8832383783424196e-10,1.299810068645047e-11,0.0008795205048992784,0.6307022366570383,2.4578772374450515e-07,1.9570056195735856e-10,1.2208227213396573e-09,7.769002964039932e-05,0.007470223284299854
73413,8300,105,164,55.67006,7.636,494414400.0,8.232228416935779e-05,0.014332256316480569,2.374328846705975e-05,0.014263398261298637,4.51147667148754e-05,0.07857399257512734,0.07226057876415908,0.00631341381096823,0.18142690943027,5.413779149783444e-06,2.136554311709974e-05,0.00019891981776419497,1.0758561616556975e-10,8.719035829280485e-11,2.0395257872764967e-11,4.0259448470542643e-10,3.8953227099307983e-10,1.3062213712346754e-11,0.0008794158016355904,0.6307342877945752,2.4708428763361357e-07,1.957894176940823e-10,1.2200432154570371e-09,7.768977659605834e-05,0.007469765279060408
73414,8300,105,164,55.6711,7.66379,494414400.0,8.221895097834021e-05,0.014330140846220911,2.3735939130076482e-05,0.014261293375510837,4.5111531579999266e-05,0.0784573536487226,0.07214469920237059,0.006312654446351964,0.1813831819055245,5.4057975792434675e-06,2.1359742923074567e-05,0.00019884221543473572,1.075842306310188e-10,8.717257058811543e-11,2.0411660042903434e-11,4.0127686336121115e-10,3.8827836057626226e-10,1.2998502784949058e-11,0.0008792371862387477,0.6306943283328923,2.458079736652391e-07,1.9563426286936012e-10,1.2204744031840793e-09,7.766595073305796e-05,0.007468362952167096
73415,8300,105,164,55.67316,7.71936,494414400.0,8.226498900177452e-05,0.014337930927056155,2.374245614544247e-05,0.01426907322163096,4.511524927975271e-05,0.0784998812967357,0.07218584772346114,0.006314033573274538,0.18143705987080955,5.409681556437871e-06,2.1367490521128663e-05,0.0001989240827578741,1.0761317671126574e-10,8.719314511061996e-11,2.0420031600645816e-11,4.016502114611025e-10,3.8863625151311275e-10,1.3013959947989939e-11,0.0008795554299450248,0.6307040216104506,2.461098821828713e-07,1.9572761213944678e-10,1.2206596928275726e-09,7.769388167127392e-05,0.007470536386266261
73416,8300,105,164,55.67418,7.74714,494414400.0,8.234604047345614e-05,0.014330855634930912,2.3744725100429032e-05,0.014261996214373417,4.511469545706334e-05,0.07859196884161039,0.07227890530353605,0.006313063538074306,0.18140867052785023,5.41584728880218e-06,2.1365806115869622e-05,0.00019892759876048052,1.0758507548334366e-10,8.719482103679358e-11,2.0390254446550146e-11,4.0293842338362453e-10,3.8985962946728337e-10,1.3078793916341328e-11,0.000879427338647792,0.6307147788215831,2.4743274913558213e-07,1.957873926498853e-10,1.2197269183940917e-09,7.76883595683799e-05,0.0074699984067834605
73417,8300,105,164,55.67869,7.60427,494414400.0,8.243469024245967e-05,0.014334578734787039,2.375128593484455e-05,0.014265709153791897,4.511829506029757e-05,0.07870097198327654,0.07238672623590027,0.006314245747376211,0.1814747942521192,5.422458899557251e-06,2.1371864610095415e-05,0.00019900434679407354,1.07587133008381e-10,8.720970360175393e-11,2.0377429406627117e-11,4.040273351842446e-10,3.9089583830691384e-10,1.3131496877331e-11,0.0008796104316581603,0.6307780782466523,2.4847204631785934e-07,1.9595861904605902e-10,1.2195766088659627e-09,7.771577189896874e-05,0.007471291736470629
73418,8300,105,164,55.67905,7.68701,494414400.0,8.214372134049287e-05,0.014336488071112348,2.3733970654887025e-05,0.014267642198718393,4.511190173906857e-05,0.07836786896825854,0.07205443735570885,0.006313431612549656,0.18140133215869564,5.400186224960076e-06,2.1361273486841285e-05,0.0001988385548539798,1.076120241422491e-10,8.717206445826373e-11,2.0439959683985433e-11,4.0008130313241095e-10,3.8714317689511023e-10,1.2938126237300857e-11,0.0008793620836674672,0.630672938439535,2.445817256750796e-07,1.955662991644055e-10,1.2212853788787994e-09,7.766971960219563e-05,0.007468939859348011
73419,8300,105,164,55.67973,7.63207,494414400.0,8.230087882682599e-05,0.014331969309050372,2.374178633252358e-05,0.01426311336084909,4.5114161868760903e-05,0.07855053924675698,0.07223724068036241,0.006313298566394529,0.18142011838517633,5.412107092712277e-06,2.1364427391692747e-05,0.0001989045486389699,1.0758539800376466e-10,8.718664367486421e-11,2.0398754328900505e-11,4.0231825430037663e-10,3.892693931258888e-10,1.3048861174487934e-11,0.0008793811676816618,0.6307283096554277,2.4681549061134876e-07,1.9576029811695495e-10,1.2201499372864819e-09,7.768539356935548e-05,0.007469481941864848
73420,8300,105,164,55.68251,7.77294,494414400.0,8.24452001917183e-05,0.014332038273938573,2.3751664005526094e-05,0.014263169175994912,4.51174339381353e-05,0.07869992763537982,0.07238637109227572,0.00631355654310407,0.1814379271947382,5.423611205746779e-06,2.137089134431988e-05,0.00019899754939352828,1.0758601921762943e-10,8.72120579796625e-11,2.0373961237966972e-11,4.042212473251116e-10,3.9108044760878737e-10,1.3140799716324373e-11,0.0008795854807620828,0.6307402382842994,2.4868222960438534e-07,1.9591935358896897e-10,1.2192156244914962e-09,7.770812704778288e-05,0.007471304009351888
73421,8300,105,164,55.68298,7.71451,494414400.0,8.219790608257987e-05,0.014336919106705545,2.373773349275745e-05,0.014268068068008476,4.5113305204313496e-05,0.0784258538294678,0.07211221267588998,0.006313641153577775,0.18141409262242753,5.404455324670885e-06,2.1363930173842253e-05,0.0001988756313520123,1.0761244184687534e-10,8.718152597531696e-11,2.0430915871558425e-11,4.0078696603088903e-10,3.8781473694909677e-10,1.297222908179239e-11,0.000879445131349371,0.6306835779124297,2.4527076722766197e-07,1.95634108863574e-10,1.2209812212993032e-09,7.767973503663774e-05,0.007469643111161902
73422,8300,105,164,55.68428,7.74268,494414400.0,8.235227465932969e-05,0.014346898064669487,2.3751951396574986e-05,0.0142780257112599,4.512040201301284e-05,0.07859052587942837,0.07227471754853633,0.0063158083308920265,0.1815133795438068,5.4167104454208964e-06,2.1377742078103667e-05,0.00019903869990996445,1.0764282730908004e-10,8.72207541630666e-11,2.042207314601347e-11,4.025422860027993e-10,3.894877780600809e-10,1.3054507942718535e-11,0.0008799501763704471,0.6307347236690428,2.469115572627959e-07,1.9588953918065095e-10,1.220711144255428e-09,7.773253850160014e-05,0.007473285323808009
73423,8300,105,164,55.68743,7.57364,494414400.0,8.2600451508314e-05,0.014345688743390173,2.376643448093826e-05,0.014276796172589765,4.512613631946985e-05,0.07888270916415979,0.07256596280293472,0.006316746361225043,0.18159236300510906,5.435483063264922e-06,2.1386825306724757e-05,0.0001991807574352941,1.0761808002915175e-10,8.725071528559776e-11,2.0367364743554042e-11,4.059084101000899e-10,3.9268852982262697e-10,1.321988027746306e-11,0.0008801492176684357,0.6308472825161577,2.5022736688979965e-07,1.9624909019651265e-10,1.219362316870671e-09,7.777448254296887e-05,0.007475131030283924
73424,8300,105,164,55.68848,7.60143,494414400.0,8.243658253496999e-05,0.014334653362855328,2.3751425331113384e-05,0.014265783567720033,4.5118369804184823e-05,0.07870327604254801,0.0723890064074055,0.006314269635142466,0.1814761330826813,5.422600627682259e-06,2.137199118500155e-05,0.00019900595921129517,1.0758717472204183e-10,8.7210022239131e-11,2.0377152482910894e-11,4.0405068407798335e-10,3.9091805725606445e-10,1.3132626821919143e-11,0.0008796142641116516,0.6307793557539665,2.484943721410983e-07,1.9596217722909718e-10,1.2195728429169527e-09,7.771633933573127e-05,0.007471319114358486
73425,8300,105,164,55.69058,7.65702,494414400.0,8.218989667196595e-05,0.014337711710752295,2.37372920824724e-05,0.01426886095107365,4.511346759617047e-05,0.07842129377728077,0.07210744542425601,0.006313848353024726,0.18142504503309706,5.403718467113964e-06,2.1364023240014724e-05,0.00019887471587436096,1.07612770008797e-10,8.717995798166181e-11,2.043281202713522e-11,4.006640438516126e-10,3.87697732947283e-10,1.2966310904329696e-11,0.000879446254481976,0.6306950270789166,2.4514394007375236e-07,1.9564119121109701e-10,1.2211247295160239e-09,7.76813832997743e-05,0.007469579667564478
73426,8300,105,164,55.69694,7.70918,494414400.0,8.225347392168941e-05,0.014361714019810274,2.3751831175276975e-05,0.01429283896947059,4.51232191644077e-05,0.07847485046420932,0.07215681225894656,0.006318038205262727,0.1815874917843139,5.409346431765521e-06,2.138430639538649e-05,0.00019907584571993625,1.0769959143018656e-10,8.722842386825624e-11,2.0471167561930382e-11,4.0078674719306006e-10,3.878222317382169e-10,1.2964515454843376e-11,0.0008803059125857594,0.630728099543263,2.450660881178479e-07,1.9585243017941588e-10,1.2222399774512099e-09,7.775587459058893e-05,0.0074751905225161714
73427,8300,105,164,55.69732,7.5719,494414400.0,8.25848387893355e-05,0.01433752697786017,2.37619480625666e-05,0.014268642088183747,4.512294161385728e-05,0.0788698659224991,0.07255455172525319,0.006315314197245881,0.18153644884957523,5.434072066029783e-06,2.1380221320185867e-05,0.00019911643722731877,1.0758908905254568e-10,8.723557492891882e-11,2.035351412362689e-11,4.0594463922772716e-10,3.9272043831979715e-10,1.3224200907930159e-11,0.0008798680031904018,0.6308342307646263,2.5033026204677077e-07,1.9618155724570883e-10,1.2189356106001109e-09,7.774993305694761e-05,0.007473323447219236
73428,8300,105,164,55.69838,7.59969,494414400.0,8.242373410779478e-05,0.014326535659135659,2.3747133836921256e-05,0.014257673269067886,4.511525623085478e-05,0.07869349434755589,0.07238064004739309,0.006312854300162763,0.1814212008381642,5.421404695679566e-06,2.1365535253114434e-05,0.00019894364816662872,1.0755821510511024e-10,8.719536020475203e-11,2.0362854900358258e-11,4.0412243357234053e-10,3.909837689378431e-10,1.3138664634497663e-11,0.0008793376317645185,0.6307671824319238,2.486317757281462e-07,1.9589854457187644e-10,1.2191331598718316e-09,7.769238144193155e-05,0.007469548452563225
73429,8300,105,164,55.69942,7.6275,494414400.0,8.23189188798013e-05,0.014332332011539184,2.374306850265592e-05,0.014263474219232289,4.511472380424186e-05,0.07857087122832021,0.07225744193204688,0.006313429296273291,0.18142765315615378,5.413501344384933e-06,2.1365436242723795e-05,0.00019891806127472222,1.0758563687838669e-10,8.718975038684826e-11,2.0395886491538475e-11,4.025484303570788e-10,3.894884396590662e-10,1.3059990698012788e-11,0.0008794122470345198,0.6307351851762735,2.470385043454618e-07,1.9578725303718737e-10,1.2200738981576263e-09,7.768952893715943e-05,0.007469726448925348
73430,8300,105,164,55.7015,7.68311,494414400.0,8.219950529126719e-05,0.014353323460897764,2.37446913782001e-05,0.014284459705570704,4.511906394886397e-05,0.07842131882372358,0.07210483988210287,0.006316478941620687,0.18152368916916614,5.404904023157277e-06,2.1375865109442143e-05,0.00019898568695332183,1.0767033952471107e-10,8.720657085892888e-11,2.0463768665782233e-11,4.003217976230762e-10,3.8737718020466026e-10,1.2944617418416229e-11,0.0008799671051746464,0.6307086770563816,2.446790033324603e-07,1.9573842124270345e-10,1.22203735989405e-09,7.772451431692744e-05,0.0074728887371514376
73431,8300,105,164,55.70688,7.7086,494414400.0,8.233483953268616e-05,0.014370975244355724,2.376096105058665e-05,0.014302085917388187,4.51283659169513e-05,0.07856075793482072,0.07224087297106935,0.006319884963751353,0.1816675325459888,5.415866734092059e-06,2.1394461235009582e-05,0.00019918823085515383,1.0772935173996315e-10,8.725493168366068e-11,2.04744200563025e-11,4.015943072425748e-10,3.8859331926061505e-10,1.3000987981959941e-11,0.0008806969240074959,0.6307628274299707,2.4578252995048615e-07,1.960137639530811e-10,1.2223639245893784e-09,7.779468373121724e-05,0.007477878764875698
73432,8300,105,164,55.70703,7.56873,494414400.0,8.264210528016853e-05,0.01434644571759764,2.3769384170391034e-05,0.014277548934385525,4.512739904172379e-05,0.07892927787846775,0.07261225205471558,0.006317025823752113,0.1816085536997072,5.438712281621662e-06,2.1389109043088162e-05,0.00019921152847713713,1.0761859493119311e-10,8.725790448653842e-11,2.0360690444654734e-11,4.064416271589139e-10,3.9319596679490894e-10,1.3245660364005105e-11,0.0008802197192042144,0.6308619338043071,2.507446444276712e-07,1.9630972015211579e-10,1.2191774822167238e-09,7.778373685410673e-05,0.007475691779744276
73433,8300,105,164,55.7083,7.59908,494414400.0,8.242178033644408e-05,0.014318578048942123,2.37436087616146e-05,0.014249721983621651,4.511245655886216e-05,0.07869571532034254,0.07238421380098684,0.00631150151935567,0.18136993515897565,5.42105805701548e-06,2.1359655141612337e-05,0.00019888918335102504,1.0752937290748763e-10,8.718258602275289e-11,2.03467868847348e-11,4.043344711285587e-10,3.911829870111481e-10,1.3151484117410775e-11,0.0008790788463316279,0.6307582649303962,2.4890557988855405e-07,1.958500128522214e-10,1.2186407717014319e-09,7.767070558150314e-05,0.007467922663637935
73434,8300,105,164,55.70935,7.62688,494414400.0,8.238205296795363e-05,0.014341302907207401,2.3750912818055414e-05,0.014272432658811085,4.511933557826351e-05,0.07863658795884115,0.0723214228210446,0.00631516513779649,0.18150122197587112,5.4186031782901295e-06,2.1374614763371156e-05,0.00019901719670371813,1.0761519048476963e-10,8.721310343605622e-11,2.040208704871346e-11,4.0312171452446125e-10,3.900365770296925e-10,1.3085137494768867e-11,0.0008797730419177423,0.6307641236786696,2.4752734234790723e-07,1.9592286843103044e-10,1.2202834635523862e-09,7.772443731387889e-05,0.0074721711949195515
73435,8300,105,164,55.71143,7.6825,494414400.0,8.231212704709327e-05,0.014363091595118737,2.375602644826002e-05,0.0142942104368409,4.512513182957738e-05,0.0785418842744118,0.07222336586775373,0.006318518406658054,0.1816149629125219,5.413855016408692e-06,2.138769895313542e-05,0.00019912083628367705,1.0770045838216404e-10,8.723848539512628e-11,2.046197298703783e-11,4.015308012152073e-10,3.8853030381701164e-10,1.3000497398195867e-11,0.0008804100633433667,0.6307534697092358,2.4578538201040353e-07,1.9594402980709094e-10,1.2220155782530237e-09,7.777004443431565e-05,0.0074759948637442555
73436,8300,105,164,55.71669,7.56159,494414400.0,8.278152817137622e-05,0.014372636341072699,2.378940281815401e-05,0.01430370713857556,4.5139799678986525e-05,0.07907142360867472,0.07274947378855184,0.006321949820122853,0.181812625168137,5.450120111027354e-06,2.1414010037461834e-05,0.00019947300601948236,1.0770672271905857e-10,8.731930064023566e-11,2.038742207882297e-11,4.075176375505693e-10,3.9422766046515107e-10,1.3289977085418405e-11,0.0008812204244236949,0.630934001264325,2.515850583448275e-07,1.9664753764277502e-10,1.2200493871502064e-09,7.787803831405947e-05,0.007482361996636121
73437,8300,105,164,55.71823,7.59959,494414400.0,8.248290878899078e-05,0.014327501323286966,2.3751309551142362e-05,0.014258633011028836,4.511700270698916e-05,0.0787591374250582,0.07244591662793064,0.006313220797127539,0.18144255688106253,5.426005784162489e-06,2.1368717361880214e-05,0.0001989867775866421,1.0755889663392479e-10,8.720559512138214e-11,2.0353301512542694e-11,4.0488232367172885e-10,3.91706922627302e-10,1.3175401044427064e-11,0.0008794360717305624,0.6307863280670074,2.4936983676455576e-07,1.9598248571524104e-10,1.2188579510904877e-09,7.770512753952506e-05,0.007470339880916008
73438,8300,105,164,55.72032,7.65522,494414400.0,8.24027543365935e-05,0.01435706091363115,2.3759090222881846e-05,0.01428817657910203,4.512524430624203e-05,0.07864875546307006,0.07233090070337755,0.006317854759692481,0.18160334824289903,5.420655539592295e-06,2.1387033422277167e-05,0.00019913606739203844,1.0767287192907534e-10,8.724164180546662e-11,2.043123012360877e-11,4.029226712113951e-10,3.8985230506687386e-10,1.3070366144521411e-11,0.0008803118019668731,0.6307808339900278,2.4720177477680494e-07,1.9603513941472956e-10,1.2211405030388522e-09,7.776983066534974e-05,0.007475626979261876
73439,8300,105,164,55.72136,7.68303,494414400.0,8.23975940247951e-05,0.01436446659712762,2.3762054857776552e-05,0.014295576896494062,4.512764577578429e-05,0.0786366012810525,0.0723175590223507,0.00631904225870176,0.18164551210059987,5.420502882244809e-06,2.139228373755039e-05,0.00019918302368073608,1.0770143374523675e-10,8.725327175786832e-11,2.0448161987368483e-11,4.0262875184882715e-10,3.89575175237946e-10,1.3053576610881286e-11,0.0008805519332196175,0.6307808221481348,2.4685195109239547e-07,1.9606487341716828e-10,1.2216158198438326e-09,7.778838177457274e-05,0.0074771370038945
73440,8300,105,164,55.72575,7.55338,494414400.0,8.279550736821794e-05,0.014357126149699874,2.378363002877847e-05,0.014288207742563909,4.5134777107190174e-05,0.07909623744444136,0.07277685093718876,0.006319386507252567,0.18171824535442482,5.450803625242177e-06,2.14032758511802e-05,0.00019937771626281822,1.0764929584432376e-10,8.729682360162378e-11,2.035247224270002e-11,4.08168945533892e-10,3.9484234106004533e-10,1.3326604473846882e-11,0.0008807343793049611,0.6309236738752048,2.523524607240042e-07,1.9657810713331247e-10,1.218994443748855e-09,7.78389527262879e-05,0.007479354996006598
73441,8300,105,164,55.72812,7.60121,494414400.0,8.2551343217588e-05,0.014336526956919065,2.375952363229679e-05,0.014267645676088247,4.5121757198523674e-05,0.0788305851214632,0.07251560448822555,0.006314980633237615,0.18151756244862574,5.431523666774271e-06,2.1378162892124198e-05,0.0001990896068641527,1.0758849682545092e-10,8.722987120645707e-11,2.0358625618993918e-11,4.055243623215862e-10,3.9232049142797327e-10,1.32038708936131e-11,0.0008798051870711365,0.6308164985330167,2.4992570993505816e-07,1.961249854203939e-10,1.2190392109377285e-09,7.774106156590396e-05,0.0074728540136890734
73442,8300,105,164,55.72917,7.62904,494414400.0,8.25130472761038e-05,0.0143513343541692,2.376353946951301e-05,0.014282444884762246,4.5125929937444546e-05,0.07877736326862601,0.07246005502964367,0.006317308238982319,0.1815985790055055,5.428987228322375e-06,2.1387415878715356e-05,0.00019916554223697506,1.0764550432077366e-10,8.724820293156785e-11,2.0397301389205857e-11,4.045674422881122e-10,3.914149814975326e-10,1.3152460790579797e-11,0.0008802459924969098,0.6308143055186736,2.488639389313092e-07,1.9615380978409017e-10,1.2201720337689927e-09,7.777379145561372e-05,0.007475521317178407
73443,8300,105,164,55.73021,7.65685,494414400.0,8.247610863691191e-05,0.01435822574809836,2.3764262214416008e-05,0.01428933409052374,4.512739536020422e-05,0.07872997719117034,0.07241167707634914,0.006318300114821167,0.1816293385416057,5.426363137030211e-06,2.139095975720485e-05,0.0001991893598237505,1.0767370209493331e-10,8.725433562006309e-11,2.041936647487027e-11,4.038653489762443e-10,3.907494105190653e-10,1.3115938457179204e-11,0.000880433326188403,0.6308040773205638,2.481176321429551e-07,1.9613855106675676e-10,1.2207956392856265e-09,7.778551328190696e-05,0.0074766065276786
73444,8300,105,164,55.73125,7.68469,494414400.0,8.248274793955769e-05,0.014365820941620802,2.3768059091234388e-05,0.014296922738762829,4.513014376673947e-05,0.07873089817222292,0.07241133832507617,0.006319559847146745,0.18167571518631792,5.427128327391939e-06,2.139684286666189e-05,0.000199244900011815,1.0770239842294062e-10,8.726800704922631e-11,2.0434391373714348e-11,4.0372302026772547e-10,3.906165428697246e-10,1.310647739800113e-11,0.0008806930390073739,0.6308078368516502,2.479150689626359e-07,1.9618496233827272e-10,1.2212157280170537e-09,7.78065948718727e-05,0.007478274221460613
73445,8300,105,164,55.73604,7.55067,494414400.0,8.282240381784917e-05,0.01434967754427241,2.3782145916481945e-05,0.014280762552938489,4.513284541743804e-05,0.07913064120198247,0.07281241816712512,0.006318223034857319,0.18167796442169434,5.45269549607861e-06,2.139896882645934e-05,0.0001993444825618711,1.076208033158067e-10,8.728903182670834e-11,2.033177148909841e-11,4.087506320656105e-10,3.9539333665083633e-10,1.335729541477425e-11,0.0008805241853688815,0.6309246716250739,2.529849874325099e-07,1.9657126347154675e-10,1.218372275777077e-09,7.782363071724842e-05,0.0074781168698516455
73446,8300,105,164,55.73732,7.57565,494414400.0,8.267268329728102e-05,0.01433097467992782,2.376475162661454e-05,0.01426208716201621,4.5122766284999124e-05,0.07897141955388498,0.07265691868842429,0.006314500865460678,0.1815166902323933,5.4407150593517405e-06,2.1379136006223438e-05,0.0001991271014522172,1.0756125372025379e-10,8.723834424382937e-11,2.032290947642446e-11,4.0731112525392766e-10,3.9401829536564413e-10,1.3292829888283677e-11,0.0008797576612615455,0.6308534531458462,2.51725835278808e-07,1.9625920676096744e-10,1.218018673920489e-09,7.774737998446443e-05,0.007472895817373068
73447,8300,105,164,55.73793,7.60396,494414400.0,8.26252477411215e-05,0.014345624875738741,2.376812143912577e-05,0.014276730088499667,4.512666579994737e-05,0.07890802131116989,0.07259125168584044,0.0063167696253294235,0.18159428757726964,5.43746897127953e-06,2.1387892943135995e-05,0.00019919633249217716,1.0761815228561367e-10,8.72550967646729e-11,2.0363055520940795e-11,4.062370141502248e-10,3.9300126010669117e-10,1.3235754043533796e-11,0.0008801831364826724,0.6308481805969118,2.505503045652132e-07,1.9627490542367952e-10,1.219193076346205e-09,7.77781117971757e-05,0.007475440502650651
73448,8300,105,164,55.73898,7.63178,494414400.0,8.260099885891496e-05,0.014360658828530713,2.377312816078649e-05,0.014291754448403492,4.513125196643814e-05,0.07887036946681648,0.07255118598009039,0.0063191834867260726,0.18168033356377386,5.436025083445403e-06,2.139789978963675e-05,0.00019928249178390186,1.0767532034549289e-10,8.72758586138708e-11,2.039946173162214e-11,4.0546053723699837e-10,3.9226746995788775e-10,1.3193067279110867e-11,0.0008806472679941861,0.6308504917263493,2.496638147204848e-07,1.9632360251356682e-10,1.2202602612709074e-09,7.781385761329397e-05,0.00747829555110155
73449,8300,105,164,55.74002,7.65962,494414400.0,8.257850960883818e-05,0.014367782591656048,2.377487008009469e-05,0.014298874579209617,4.513314236633831e-05,0.07883899618439108,0.07251873228348892,0.006320263900902132,0.1817162564563317,5.4345249185758005e-06,2.1402218736713112e-05,0.0001993168225188913,1.0770368297556887e-10,8.728449116262248e-11,2.0419191812946476e-11,4.0494406989736646e-10,3.917785510712049e-10,1.3165518826161722e-11,0.0008808585853013538,0.6308448864093489,2.490978291131475e-07,1.9632877221972114e-10,1.220816271197453e-09,7.782867927971005e-05,0.007479573851930539
73450,8300,105,164,55.74106,7.68745,494414400.0,8.256750195639852e-05,0.014367153585786635,2.3774033071216602e-05,0.014298246929314182,4.513262340123788e-05,0.0788246803739565,0.07250460963568484,0.006320070738271613,0.18170554644194947,5.433724553809382e-06,2.1401371883228968e-05,0.00019930640398237165,1.0770335158557735e-10,8.72826761760849e-11,2.04206754094925e-11,4.048124832481449e-10,3.9165333778024007e-10,1.3159145467905023e-11,0.0008808332421081722,0.6308344914157648,2.4897364164975194e-07,1.9630418086799626e-10,1.2208157496924028e-09,7.782466638949257e-05,0.007479405372776721
73597,2000,64,76,55.67592,12.66837,119136000.0,6.556941023386804e-05,0.010429483932863044,1.8816500083875207e-05,0.010369241775941805,4.1425656837365176e-05,0.0645772006586047,0.059654910906461016,0.004922289752143652,0.13334892716193972,4.4368136074286685e-06,1.562573347129737e-05,0.00014649184702077904,7.783793938093657e-11,6.407298145380464e-11,1.376495792713199e-11,3.77972237968962e-10,3.643361530469462e-10,1.3636084922015914e-11,0.0006830032864475789,0.6124682257573651,2.627590526312415e-07,1.4363470842261402e-10,9.310653718634181e-10,5.898865374695078e-05,0.005655486493471613
73598,2000,64,76,55.67753,12.66886,119136000.0,6.560612802301748e-05,0.010430093279143338,1.8819091453812e-05,0.010369847443615679,4.14267440738489e-05,0.06461796695292732,0.05969544706678577,0.004922519886141527,0.13336232621746003,4.439666395441146e-06,1.5627718972034816e-05,0.00014651871887480153,7.783836661425861e-11,6.407932816271317e-11,1.375903845154551e-11,3.7844337217739963e-10,3.647845100828776e-10,1.365886209452219e-11,0.0006830644915976407,0.6124802362339911,2.632165790710498e-07,1.436869741257628e-10,9.30896096038084e-10,5.899661358178139e-05,0.005655977845822589
73599,2000,64,76,55.67916,12.66925,119136000.0,6.564208560635919e-05,0.010430689533921263,1.882162910818414e-05,0.010370440096218349,4.142780859473251e-05,0.06465788699300139,0.0597351418698415,0.004922745123159853,0.1333754407281644,4.442460178012209e-06,1.5629663095314208e-05,0.0001465450318399619,7.783878478557724e-11,6.408554356326635e-11,1.3753241222310944e-11,3.7890476234657596e-10,3.652235941716196e-10,1.3681168174956439e-11,0.0006831244221123487,0.6124919908125565,2.636646467408073e-07,1.4373814821778583e-10,9.307302701811143e-10,5.900440687886501e-05,0.005656459002700243
73600,2000,64,76,55.68078,12.66963,119136000.0,6.567923721652982e-05,0.010431304954622399,1.8824250944279054e-05,0.010371051795487158,4.142890819096244e-05,0.06469912967080592,0.0597761520075271,0.004922977663278782,0.13338898122620832,4.445346810683562e-06,1.5631671416984185e-05,0.00014657221519216067,7.783921655439405e-11,6.40919654810237e-11,1.3747251073370409e-11,3.793814874516446e-10,3.6567727183979967e-10,1.3704215611845054e-11,0.0006831863327957657,0.6125041260833826,2.641276116604262e-07,1.4379100896578632e-10,9.305588649148736e-10,5.9012456649880524e-05,0.005656956107147905
73601,2000,64,76,55.68241,12.66995,119136000.0,6.571654618529451e-05,0.010431922436539148,1.8826883812206e-05,0.010371665540517938,4.143001220900641e-05,0.06474054447982974,0.059817333443202454,0.004923211036627262,0.13340257089813765,4.448245737280993e-06,1.5633687935841706e-05,0.00014659951077596,7.783964990363381e-11,6.409841470716295e-11,1.3741235196470913e-11,3.7986024361392713e-10,3.66132882387472e-10,1.372736122645525e-11,0.0006832484971707166,0.6125163044586905,2.645925534077029e-07,1.4384408271299738e-10,9.303866708880088e-10,5.9020538523978985e-05,0.005657455291310144
73602,2000,64,76,55.68406,12.6702,119136000.0,6.575395935670583e-05,0.010432541093845385,1.8829523959972766e-05,0.01037228045081212,4.143111907329336e-05,0.06478207238589762,0.05985862747687895,0.0049234449090186354,0.13341619029107807,4.451152828308805e-06,1.5635709775411363e-05,0.0001466268796696517,7.784008421311879e-11,6.410488205435004e-11,1.3735202158768826e-11,3.8034034885750595e-10,3.665897768092161e-10,1.3750572048290027e-11,0.0006833108265735424,0.6125285084950433,2.650588097338988e-07,1.4389729372136516e-10,9.302139327356402e-10,5.902864096434373e-05,0.005657955843687222
73603,2000,64,76,55.68569,12.67043,119136000.0,6.579202586677562e-05,0.010433170010491434,1.8832210139118392e-05,0.010372905555320841,4.143224503147624e-05,0.06482432293607755,0.059900640221952205,0.004923682714125309,0.1334300393582468,4.454110752484001e-06,1.5637766613475753e-05,0.00014665472360208658,7.784052585908632e-11,6.411146244709772e-11,1.3729063411988677e-11,3.808288499039669e-10,3.6705466115080455e-10,1.3774188753162374e-11,0.0006833742359064063,0.6125409173723659,2.6553322406527264e-07,1.439514230721116e-10,9.300381154813383e-10,5.903688290837528e-05,0.00565846511136013
73604,2000,64,76,55.68733,12.67058,119136000.0,6.582973927082289e-05,0.01043379254468203,1.8834871327603764e-05,0.010373524313046166,4.143336030826146e-05,0.0648661789987431,0.0599422608379893,0.004923918160753784,0.13344375173574102,4.4570413066254334e-06,1.5639804061242843e-05,0.0001466823063309425,7.784096315852666e-11,6.411798190840048e-11,1.3722981250126256e-11,3.813128315197488e-10,3.675152445692278e-10,1.3797586950521107e-11,0.000683437048466986,0.612553202801123,2.660032537110105e-07,1.4400503935767366e-10,9.298638659893307e-10,5.904504639600012e-05,0.005658969629091453
73605,2000,64,76,55.68897,12.67072,119136000.0,6.58687022816696e-05,0.010434435212886261,1.8837620626518862e-05,0.010374163079933846,4.1434512325899156e-05,0.06490941962155182,0.05998525834999714,0.0049241612715546475,0.13345791106828508,4.460069023505647e-06,1.5641908738784985e-05,0.00014671080036649534,7.784141472298915e-11,6.412471748492545e-11,1.3716697238063755e-11,3.818128602372535e-10,3.67991099301767e-10,1.38217609354867e-11,0.0006835019345584162,0.6125658877977945,2.6648887183456603e-07,1.4406042232751525e-10,9.296837861145373e-10,5.905347857341103e-05,0.005659490840319655
73606,2000,64,76,55.69062,12.67075,119136000.0,6.590657844947363e-05,0.010435059348969888,1.8840293154664863e-05,0.010374783423867833,4.143563194739092e-05,0.06495145124440387,0.060027053811820684,0.00492439743258314,0.13347166636053545,4.4630123593330524e-06,1.564395436477632e-05,0.00014673849635801715,7.784185341574833e-11,6.413126529744466e-11,1.3710588118303737e-11,3.822989541929814e-10,3.684536929672917e-10,1.3845261225689744e-11,0.0006835650012283948,0.6125782097492712,2.6696096166688836e-07,1.441142483381132e-10,9.295086597716543e-10,5.9061673330449945e-05,0.005659997484116709
73607,2000,64,76,55.69226,12.67074,119136000.0,6.594470488365763e-05,0.010435687104943357,1.8842983273898e-05,0.010375407362920436,4.143675874902491e-05,0.06499375822913879,0.06006912321530284,0.004924635013835915,0.13348550498295444,4.4659752054765245e-06,1.564601322145158e-05,0.0001467663726652198,7.784229477763253e-11,6.413785647422742e-11,1.3704438303405171e-11,3.8278827096091413e-10,3.6891935365098094e-10,1.3868917309933282e-11,0.0006836284767219977,0.6125906054515875,2.6743618552476904e-07,1.441684199331925e-10,9.293323182827946e-10,5.906992039299229e-05,0.005660507451703946
73608,2000,64,76,55.6939,12.67071,119136000.0,6.598378189262018e-05,0.010436330064871796,1.884574040363738e-05,0.010376046411017133,4.14379134510252e-05,0.06503711792295634,0.060112239528882574,0.004924878394073744,0.1334996819248814,4.469011977057536e-06,1.5648123156279466e-05,0.00014679494160613416,7.784274693992052e-11,6.414461207180472e-11,1.3698134868115862e-11,3.8328979717746957e-10,3.693966335277067e-10,1.3893163649763063e-11,0.0006836935277963562,0.612603303401949,2.679232707884489e-07,1.4422393320652186e-10,9.291515287433669e-10,5.907837143861703e-05,0.005661030112720859
73609,2000,64,76,55.69555,12.67058,119136000.0,6.602208148654256e-05,0.010436959593663244,1.884844259601626e-05,0.010376672106162724,4.1439044904505835e-05,0.06507961200262252,0.06015449524818282,0.0049251167544396715,0.13351356723176175,4.471988412800263e-06,1.5650190752430467e-05,0.0001468229387757589,7.78431898153582e-11,6.415123339707681e-11,1.3691956418281448e-11,3.837813597132975e-10,3.698644314358612e-10,1.3916928277436356e-11,0.0006837572747034485,0.6126157390031942,2.684006844199604e-07,1.4427832929275706e-10,9.289742622920714e-10,5.9086652018411386e-05,0.005661542345415674
73610,2000,64,76,55.69719,12.67044,119136000.0,6.606131295295105e-05,0.01043760405062304,1.8851210483620065e-05,0.010377312636419915,4.144020371950593e-05,0.06512313818899519,0.06019777738280411,0.004925360806191039,0.1335277845518522,4.4750373166348476e-06,1.5652308435021293e-05,0.00014685161507609223,7.784364328933572e-11,6.415801590359451e-11,1.368562738574128e-11,3.8428489097304053e-10,3.703436194493625e-10,1.394127152367814e-11,0.0006838225665575583,0.6126284712609105,2.6888972540673546e-07,1.443340411265122e-10,9.287926379906893e-10,5.9095132653257684e-05,0.005662067022905279
73611,2000,64,76,55.69883,12.67023,119136000.0,6.610025687652749e-05,0.010438243215252397,1.885395800798586e-05,0.010377947903449041,4.144135379537256e-05,0.06516634268977918,0.06024073977881032,0.004925602910968829,0.13354188913874107,4.478063944110034e-06,1.565441027379781e-05,0.00014688007816622938,7.784409318059894e-11,6.416474881092369e-11,1.3679344369675313e-11,3.8478474401300063e-10,3.7081930708186086e-10,1.396543693113986e-11,0.0006838873709596612,0.6126411015475386,2.6937519860533463e-07,1.4438933326209936e-10,9.286122794322018e-10,5.910354905234784e-05,0.005662587827909124
73612,2000,64,76,55.70046,12.66996,119136000.0,6.61388866056369e-05,0.010438876682487004,1.8856683293159623e-05,0.01037857750483483,4.1442494359016404e-05,0.06520919608915186,0.0602833531770664,0.004925842912085421,0.13355587182491033,4.481066219929467e-06,1.565649484868886e-05,0.00014690830873954295,7.784453919599285e-11,6.41714275049402e-11,1.3673111691052718e-11,3.8528057605120895e-10,3.7129116812233455e-10,1.3989407928874448e-11,0.0006839516440665926,0.6126536217114785,2.6985677083436964e-07,1.4444416850618394e-10,9.2843331376935e-10,5.911189557402059e-05,0.005663104405540476
73613,2000,64,76,55.70209,12.66963,119136000.0,6.617747789642031e-05,0.010439508981524468,1.885940579440521e-05,0.010379205942174657,4.1443633555408625e-05,0.06525200432754678,0.060325921802761244,0.004926082524785519,0.13356983253333896,4.48406557477702e-06,1.5658577044411974e-05,0.0001469365083568888,7.784498452266421e-11,6.417809965969538e-11,1.3666884862968886e-11,3.857759263996637e-10,3.717625707745676e-10,1.4013355625096217e-11,0.000684015844801407,0.6126661212371333,2.7033787955929385e-07,1.4449893844144855e-10,9.282544642974578e-10,5.912023182584979e-05,0.005663620443701611
73614,2000,64,76,55.70372,12.66927,119136000.0,6.621673252966898e-05,0.01044015174636932,1.886217503847735e-05,0.010379844779171456,4.1444792159388776e-05,0.06529554650639062,0.060369220362238366,0.004926326144152223,0.13358402717306372,4.48711653502182e-06,1.5660694802513588e-05,0.00014696519054973033,7.784543732063736e-11,6.418488658118246e-11,1.3660550739454976e-11,3.8627980003328365e-10,3.72242084664676e-10,1.4037715368607793e-11,0.000684081142774714,0.6126788294912153,2.7082726976366975e-07,1.4455464176704556e-10,9.280724942585123e-10,5.9128709897766175e-05,0.005664145332942259
73615,2000,64,76,55.70535,12.66884,119136000.0,6.636752142143164e-05,0.010475541647923596,1.8886876434325442e-05,0.010415194134345114,4.146063714415615e-05,0.06544476851825283,0.060511934340382496,0.0049328341778703145,0.13384882931998943,4.499643524585116e-06,1.569279670937612e-05,0.00014729547133241592,7.796679247704214e-11,6.426256808740532e-11,1.3704224389636887e-11,3.8723109613800586e-10,3.731580496768169e-10,1.4073046461189077e-11,0.0006853930065801857,0.6127625446190743,2.7146933595229575e-07,1.4495916935305923e-10,9.294569777027672e-10,5.9249549270652346e-05,0.005672802182004227
73616,2000,64,76,55.70696,12.66836,119136000.0,6.640611703361304e-05,0.010476172524246503,1.8889599040101782e-05,0.010415821149383431,4.1461775822969515e-05,0.0654875745531347,0.06055450115114488,0.004933073401989784,0.13386276919919599,4.502643399749728e-06,1.5694878291573793e-05,0.00014732366615141543,7.796723717351077e-11,6.426924128457975e-11,1.3697995888931088e-11,3.8772653440270584e-10,3.736295360344818e-10,1.4096998368224108e-11,0.0006854571911310218,0.6127750228302834,2.71950542095896e-07,1.4501391558460653e-10,9.29277936357109e-10,5.9257881000575314e-05,0.005673318207276763
73617,7000,105,154,56.66483,8.2415,416976000.0,9.083733223968651e-05,0.014525842539010465,2.4355159573398992e-05,0.014456050315013205,4.543706442385969e-05,0.08804989488183003,0.08160139460863529,0.006448500273194756,0.18568757316032677,6.0701945856896255e-06,2.2053956507667956e-05,0.00020718341131490293,1.0621617547791486e-10,8.683625601653073e-11,1.937991946138417e-11,5.054589179443235e-10,4.873299937805376e-10,1.8128924163785977e-11,0.0008936054767775431,0.6340430255338392,3.460985919603738e-07,2.1023760717584858e-10,1.186666607796962e-09,8.031440689369447e-05,0.007626309008130335
73618,7000,105,154,56.66925,8.25605,416976000.0,9.084060083630317e-05,0.014525893775480383,2.4355389852305484e-05,0.014456101225718039,4.54371599100371e-05,0.08805350978542027,0.08160498986225755,0.006448519923162725,0.18568872084942598,6.070448910644769e-06,2.205413155101227e-05,0.00020718578741245425,1.0621621214066592e-10,8.683682159147811e-11,1.9379390549187874e-11,5.055009233754659e-10,4.873699685217935e-10,1.8130954853672533e-11,0.000893610878163515,0.6340440489648945,3.461394083798268e-07,2.102421997627702e-10,1.1866511929481804e-09,8.031510448926334e-05,0.007626352605734771
73619,7000,105,154,56.67252,8.23407,416976000.0,9.104648881417422e-05,0.014529507645477365,2.4369946898147758e-05,0.014459694357068533,4.5443341510679774e-05,0.0882830222866682,0.08183315711541429,0.0064498651712539155,0.18576680829618394,6.086421034055837e-06,2.206537659112869e-05,0.00020733751604031092,1.0621869750842394e-10,8.687237058364739e-11,1.93463269247766e-11,5.081384366859136e-10,4.898799649786806e-10,1.825847170723307e-11,0.0008939571585294878,0.6341143926582169,3.486991544011436e-07,2.1053920680718766e-10,1.1857246871508524e-09,8.036045760619366e-05,0.007629117095805565
73620,7000,105,154,56.67708,8.25175,416976000.0,9.106578283396207e-05,0.014539207537040329,2.4375323313301827e-05,0.014469385056696957,4.54471570300689e-05,0.08829916732814651,0.08184759646968745,0.0064515708584590705,0.1858335343262893,6.0881539912820375e-06,2.2073252725382133e-05,0.00020741438327170333,1.0625308599918252e-10,8.689045673605143e-11,1.9362629263131136e-11,5.081053631615233e-10,4.898515364781124e-10,1.8253826683410968e-11,0.0008942920616986906,0.6341302755626519,3.485866698988771e-07,2.106205902966117e-10,1.1862279984897571e-09,8.038976506103776e-05,0.00763127135495466
73675,2300,69,82,54.52726,11.76105,112320066.816095,9.426614356681602e-05,0.013433850841473497,2.438491413713946e-05,0.013358145360669166,5.132056666719504e-05,0.09394067315561988,0.08768790633344659,0.006252766822173294,0.17280335843293484,6.489638282494241e-06,2.0441022787399995e-05,0.00019428789772893765,9.806066161249861e-11,8.242046719873073e-11,1.5640194413768014e-11,6.204684385490196e-10,5.963050416605281e-10,2.416339688849134e-11,0.0008772647116505753,0.7530314230123648,4.7057560064121034e-07,1.99361665760414e-10,1.1103001487381588e-09,7.693840841958429e-05,0.007280874922250025
73676,2300,69,82,54.52862,11.74785,112320066.816095,9.444057433744444e-05,0.01343650886078609,2.4397197730229356e-05,0.013360786029666368,5.132563338949419e-05,0.09413328806244146,0.08787949333460283,0.00625379472783864,0.17286348414313502,6.503224324350201e-06,2.0450295845076273e-05,0.0001944140265922712,9.806258474621478e-11,8.245067422656989e-11,1.5611910519645015e-11,6.227124838829972e-10,5.984406050162418e-10,2.4271878866755268e-11,0.0008775519363321075,0.7530849927103924,4.727567002604312e-07,1.9960533593456445e-10,1.1094672158308541e-09,7.697529173013406e-05,0.0072831989196394265
73677,2300,69,82,54.52997,11.73465,112320066.816095,9.461687892383266e-05,0.01343919790666395,2.4409613610861906e-05,0.013363457537444176,5.133075560891463e-05,0.0943279837106883,0.08807314934714579,0.006254834363542524,0.17292429282710794,6.516956008161615e-06,2.045966992102848e-05,0.00019454152357306206,9.806452966509875e-11,8.248120526296457e-11,1.5583324402134332e-11,6.249805820343358e-10,6.005990583591093e-10,2.438152367522641e-11,0.0008778422852074524,0.7531391754836465,4.749611581331147e-07,1.9985167312447382e-10,1.1086256197653395e-09,7.701258029337889e-05,0.007285547999462472
73678,2300,69,82,54.53132,11.72145,112320066.816095,9.479526566032824e-05,0.01344192128880411,2.4422176468259406e-05,0.013366163172900545,5.133593943530921e-05,0.09452499078581095,0.0882691037912681,0.006255886994542853,0.17298585832174337,6.530849543960469e-06,2.0469156167298945e-05,0.00019467054003539195,9.806649872756841e-11,8.251209635947136e-11,1.5554402368097168e-11,6.2727541028117e-10,6.027829495383165e-10,2.449246074285344e-11,0.0008781361034413758,0.7531940373676297,4.771915753538054e-07,2.0010097105942666e-10,1.1077743812557994e-09,7.705031865494283e-05,0.0072879249438133195
73679,2300,69,82,54.5316,11.76105,112320066.816095,9.438646941236537e-05,0.013435763728534052,2.4393398241559865e-05,0.013360046234234766,5.132409605772794e-05,0.09407391438213024,0.08782041642490222,0.006253497957228039,0.17284602376419642,6.499000403900618e-06,2.0447464531801083e-05,0.00019437532687001757,9.806202435080192e-11,8.244128891673885e-11,1.5620735434063212e-11,6.22014701643144e-10,5.977765529765433e-10,2.423814866660071e-11,0.0008774640863213845,0.7530695828506162,4.720778531331485e-07,1.9953133906638154e-10,1.1097347047601063e-09,7.696414112090656e-05,0.007282481815140098
73680,2300,69,82,54.53267,11.70825,112320066.816095,9.497566816846807e-05,0.013444677950933468,2.4434881621979126e-05,0.013368901886390266,5.134118292122927e-05,0.09472423577973325,0.08846728356251164,0.00625695221722161,0.17304815707520182,6.5448997672029604e-06,2.0478751029684043e-05,0.00019480102774303392,9.80684911813977e-11,8.254333602986799e-11,1.5525155151529858e-11,6.295961156404546e-10,6.049914668070353e-10,2.460464883341908e-11,0.0008784332810317397,0.7532495572957669,4.794471232257275e-07,2.0035313611781312e-10,1.106913812115626e-09,7.708849261551106e-05,0.007290328866191875
73681,2300,69,82,54.53295,11.74785,112320066.816095,9.455972069168893e-05,0.013438402776141079,2.4405598639829173e-05,0.013362668049413306,5.1329128087948115e-05,0.09426522216126358,0.08801070352668218,0.006254518634581406,0.1729057279399452,6.5124947010472975e-06,2.0456674319244135e-05,0.00019450059753480702,9.806393402582823e-11,8.247129188383173e-11,1.5592642141996617e-11,6.242435945657788e-10,5.998976964474241e-10,2.4345898118354465e-11,0.0008777493531844036,0.7531227751319625,4.742442333934003e-07,1.9977334161371265e-10,1.1089072892081135e-09,7.700077138097558e-05,0.007284790050560108
73682,2300,69,82,54.53401,11.69505,112320066.816095,9.515775570915514e-05,0.01344746263799872,2.444770575218986e-05,0.013371668455879828,5.134647636670376e-05,0.09492535246644973,0.08866732444373453,0.006258028022715202,0.1731110718568213,6.559080943911963e-06,2.0488436803430368e-05,0.00019493274639532032,9.807050328215033e-11,8.25748670410222e-11,1.5495636241128247e-11,6.319384478431204e-10,6.072205653690259e-10,2.4717882474094408e-11,0.0008787332700035345,0.7533056304222425,4.817236724300765e-07,2.006077019771405e-10,1.1060454669107304e-09,7.712703145428715e-05,0.007292755349875799
73683,2300,69,82,54.5343,11.73465,112320066.816095,9.473512580662185e-05,0.013441077299356233,2.4417951069328564e-05,0.01336532512445921,5.133422382769701e-05,0.09445892074595616,0.08820336800322032,0.00625555274273583,0.17296621434054016,6.5261564278069995e-06,2.04660001145905e-05,0.00019462743976656366,9.806586865618031e-11,8.25016673158691e-11,1.5564201340311336e-11,6.265001387939299e-10,6.020451544301514e-10,2.445498436377828e-11,0.0008780382081813882,0.753176669253963,4.7643746799392897e-07,2.000184059853398e-10,1.1080698943103033e-09,7.703786676889768e-05,0.007287127107819604
73684,2300,69,82,54.53536,11.68184,112320066.816095,9.534211421043668e-05,0.013450284578514077,2.4460690160761728e-05,0.013374472051432459,5.135183692086133e-05,0.09512898926131155,0.08886987131402374,0.006259117947287816,0.17317480913186864,6.573438673707312e-06,2.049824480772217e-05,0.00019506612126930529,9.807254162639599e-11,8.26067908015988e-11,1.5465750824797303e-11,6.343099383106501e-10,6.094774125527371e-10,2.48325257579129e-11,0.0008790370398634252,0.7533624412543057,4.840285407194482e-07,2.0086549313932925e-10,1.1051665822723666e-09,7.716606016159589e-05,0.007295212215564955
73685,2300,69,82,54.53565,11.72145,112320066.816095,9.491261698467815e-05,0.013443786218900479,2.4430450751210372e-05,0.013368016386861001,5.133938128827185e-05,0.09465493508052397,0.08839833521115603,0.006256599869367947,0.17302745890718754,6.539980311276357e-06,2.047543828852738e-05,0.00019475580431165757,9.806782747345985e-11,8.253240348556779e-11,1.5535423987892206e-11,6.287834634488322e-10,6.042180981473415e-10,2.4565365301490753e-11,0.0008783305389871535,0.7532312436951054,4.786567108583924e-07,2.002664365770532e-10,1.107222838333788e-09,7.707541278414943e-05,0.0072894920817620544
73686,2300,69,82,54.53592,11.76105,112320066.816095,9.438802497715158e-05,0.013400813071317573,2.4378586253095155e-05,0.013325122451102563,5.131203396191512e-05,0.09409454299965778,0.08784696142053983,0.006247581579117974,0.1726227020211426,6.4982751219904136e-06,2.0422077283925857e-05,0.0001941425130132118,9.793514251656911e-11,8.238683309420863e-11,1.554830942236061e-11,6.230803900419951e-10,5.987794168548838e-10,2.4300973187111262e-11,0.0008763404684686275,0.7530322725457262,4.734123375749115e-07,1.9933035280084067e-10,1.1075098991010898e-09,7.687059246340856e-05,0.007275457010851426
73687,2300,69,82,54.5367,11.66864,112320066.816095,9.564650077144554e-05,0.01348999172963241,2.4497059571451477e-05,0.013414121843484913,5.137282657604999e-05,0.09544663927576424,0.08917977578342032,0.006266863492343941,0.17350500451519252,6.597981463632015e-06,2.0539950088290384e-05,0.00019552066195395955,9.820283954874937e-11,8.271420942381262e-11,1.548863012493687e-11,6.37178130411831e-10,6.122182544356168e-10,2.495987597621415e-11,0.0008806659124736327,0.753495146524575,4.865168315375247e-07,2.0149575086031898e-10,1.1059413409409138e-09,7.732464531865667e-05,0.007306317654490815
73688,2300,69,82,54.53699,11.70825,112320066.816095,9.509185909007309e-05,0.013446524207610968,2.4443074055338867e-05,0.013370736542915854,5.134459063978243e-05,0.09485289405998212,0.08859523608169903,0.006257657978283108,0.17308934281706229,6.553940275661221e-06,2.0484970899665683e-05,0.0001948854476629768,9.806980668242864e-11,8.256344239941105e-11,1.5506364283017728e-11,6.310892618093048e-10,6.064124290797932e-10,2.4676832729511458e-11,0.0008786257903069438,0.7532863921815676,4.808977778404548e-07,2.0051696082231813e-10,1.106367696251039e-09,7.711333775758013e-05,0.007291880496844816
73689,2300,69,82,54.53727,11.74785,112320066.816095,9.456038493842637e-05,0.013403437729736404,2.4390723775640033e-05,0.013327729966207486,5.131703975328408e-05,0.09428486276186164,0.08803626598232502,0.006248596779536652,0.17268208686236258,6.511700095996242e-06,2.0431239229449477e-05,0.00019426713487381058,9.793704199715951e-11,8.241668186708308e-11,1.552036013007655e-11,6.252978337340648e-10,6.008896645969366e-10,2.4408169137127917e-11,0.0008766242550234488,0.7530851788201962,4.7556759624478387e-07,1.9957109410414456e-10,1.1066866468453985e-09,7.690703130591577e-05,0.007277753332775023
73690,2300,69,82,54.53834,11.69505,112320066.816095,9.527332930252442e-05,0.013449298848574176,2.4455854626985055e-05,0.013373493128069616,5.1349865877580884e-05,0.0950533260693416,0.08879459610118481,0.006258729968156791,0.17315203522575115,6.568073448958751e-06,2.049462349257093e-05,0.0001950167165253282,9.807181168601477e-11,8.259486663126862e-11,1.5476945054746266e-11,6.33423665999189e-10,6.086339829030638e-10,2.478968309612515e-11,0.0008789247527612461,0.7533422660007492,4.831666265514149e-07,2.007706515414749e-10,1.1055022253299833e-09,7.71517437274984e-05,0.007294298725432476
73691,2300,69,82,54.53863,11.73465,112320066.816095,9.485374903803385e-05,0.013442963025526933,2.4426315110897458e-05,0.013367199007179163,5.133770323687755e-05,0.09459027616743508,0.0883340026612275,0.006256273506207598,0.17300827455456966,6.535386086480701e-06,2.0472350655094093e-05,0.0001947136312844478,9.80672120691322e-11,8.252219442447089e-11,1.554501764466144e-11,6.280245242532966e-10,6.034958457554316e-10,2.4528678497864922e-11,0.0008782347602321801,0.7532142877078328,4.779184662969042e-07,2.0018567654178086e-10,1.1075124406221552e-09,7.70632350102055e-05,0.007288711258707265
73692,2300,69,82,54.53969,11.68184,112320066.816095,9.54568069352886e-05,0.013452106553466627,2.44687768949394e-05,0.013376282576077723,5.135520049396895e-05,0.0952559863596067,0.08899617188381008,0.0062598144757966415,0.17321545668322044,6.582362670205322e-06,2.050438420724453e-05,0.000195149450120845,9.807383994845222e-11,8.262663800834442e-11,1.5447201940107916e-11,6.357838417921705e-10,6.108800624093862e-10,2.490377938278423e-11,0.0008792270594308785,0.7533987939489265,4.85460504077673e-07,2.010271959438471e-10,1.1046274534376404e-09,7.719058320608786e-05,0.0072967438165796004
73693,2300,69,82,54.53998,11.72145,112320066.816095,9.503035318597382e-05,0.013445657618869459,2.4438752218699817e-05,0.013369876032068627,5.1342834582136775e-05,0.09478530720898931,0.08852799202847064,0.0062573151805186845,0.17306920122942968,6.549140981078039e-06,2.048174121373042e-05,0.0001948413501133554,9.806916073817926e-11,8.25527771429791e-11,1.5516383595200305e-11,6.302964548928943e-10,6.056579462898916e-10,2.4638508603002608e-11,0.0008785256177535937,0.7532685774231741,4.801266412563793e-07,2.004324518324469e-10,1.1066695271955056e-09,7.710059050597577e-05,0.007291064376171445
73694,2300,69,82,54.54025,11.76105,112320066.816095,9.462735479820473e-05,0.01343959426079837,2.4410383067901742e-05,0.013363852715586499,5.1331162143976075e-05,0.09434066049928072,0.08808569856185854,0.006254961937422211,0.17293145292759404,6.517742700783812e-06,2.0460361123296533e-05,0.00019455036051559656,9.80647529489872e-11,8.248297258597753e-11,1.5581780363009795e-11,6.251102082858563e-10,6.007224119498575e-10,2.4387796335998665e-11,0.0008778632392044854,0.7531459925006823,4.750852453463006e-07,1.9987103604907475e-10,1.1086028386376674e-09,7.701566031181932e-05,0.007285698771137711
73695,2300,69,82,54.54104,11.66864,112320066.816095,9.576058198321076e-05,0.013491803745122646,2.4505103156308853e-05,0.013415922469856794,5.137617210954314e-05,0.09557295810883018,0.0893054018698779,0.006267556238952286,0.17354543166849623,6.6068579098919425e-06,2.0546056614996375e-05,0.00019560354520991308,9.820413083685391e-11,8.273395085868969e-11,1.5470179978164357e-11,6.386441807351301e-10,6.136134307895279e-10,2.503074994560222e-11,0.0008808549150681791,0.7535313016677989,4.87941167173103e-07,2.0165658660869743e-10,1.1054050583947687e-09,7.734903671669303e-05,0.00730784107779297
73696,2300,69,82,54.54132,11.70825,112320066.816095,9.520871155704845e-05,0.013448381330670929,2.445131318071758e-05,0.013372581999576551,5.13480179136639e-05,0.0949822865304578,0.08872391867418165,0.006258367856276144,0.17313076836963207,6.563032213408277e-06,2.0491226384251434e-05,0.0001949703501266851,9.807112983482918e-11,8.258366317656484e-11,1.5487466658264458e-11,6.325909016585572e-10,6.07841474409435e-10,2.4749427249121973e-11,0.0008788194012014783,0.7533234421818779,4.82356681571521e-07,2.006817253621432e-10,1.1058185118177406e-09,7.71383256534237e-05,0.00729344097864292
73697,2300,69,82,54.5416,11.74785,112320066.816095,9.479883059780365e-05,0.013442204644486684,2.4422458219406166e-05,0.013366446044360578,5.1336141906701624e-05,0.09453000017229608,0.0882740284677141,0.006255971704582,0.1729905209821309,6.531098908375313e-06,2.046947561041386e-05,0.00019467433877552005,9.806664231650412e-11,8.251266840286778e-11,1.5553973913636477e-11,6.273162946962981e-10,6.028218514668677e-10,2.4494443229430382e-11,0.0008781455573196843,0.7531986150483051,4.772294717520856e-07,2.0011052621342165e-10,1.1077837161278022e-09,7.705190926973244e-05,0.007287983275167344
73698,2300,69,82,54.54267,11.69505,112320066.816095,9.53893037151619e-05,0.013451141783555175,2.4464031810548477e-05,0.01337532448444718,5.1353267297449854e-05,0.09518174516460544,0.08892231071750835,0.006259434447097117,0.1731931460006595,6.577097096771565e-06,2.0500831839789345e-05,0.00019510097977031552,9.807312478975615e-11,8.261493551134467e-11,1.5458189278411603e-11,6.349140272768975e-10,6.100522949129013e-10,2.4861732363996173e-11,0.0008791169051723909,0.7533790340523162,4.846145745722103e-07,2.009341733458406e-10,1.1049571407409617e-09,7.717654300670875e-05,0.0072958474704032505
73699,2300,69,82,54.54295,11.73465,112320066.816095,9.509103859206048e-05,0.013481711339593827,2.4457968008671318e-05,0.013405896600201314,5.1356771383844415e-05,0.09483413234275935,0.08857049099792913,0.00626364134483022,0.1733162954207605,6.554694973821091e-06,2.0510525017382147e-05,0.00019511999397588408,9.819679919429736e-11,8.261798094646839e-11,1.5578818247829107e-11,6.300281333449282e-10,6.054138987520979e-10,2.4614234592830103e-11,0.0008797541434475566,0.7533273539243063,4.79565914437915e-07,2.0072347398599923e-10,1.1086149172757288e-09,7.720786492205857e-05,0.007298925751402363
73700,2300,69,82,54.54402,11.68185,112320066.816095,9.557179616748965e-05,0.013453933676919343,2.4476884593960044e-05,0.013378098219373401,5.135857295198607e-05,0.09538331382782288,0.08912280090093018,0.0062605129268927,0.1732562158888616,6.591309683152095e-06,2.051053972716243e-05,0.0001952329967332653,9.807514182652995e-11,8.264653643801974e-11,1.542860538851033e-11,6.372615461302259e-10,6.122863293643525e-10,2.4975216765873212e-11,0.000879417577100789,0.7534352472884168,4.868961566113949e-07,2.0118932554257573e-10,1.1040869812676676e-09,7.721517124965221e-05,0.007298279397871581
73701,2300,69,82,54.5443,11.72145,112320066.816095,9.526676622117362e-05,0.013484391775213402,2.4470343283723375e-05,0.013408559555006987,5.1361876922698395e-05,0.09502819173727707,0.08876351410620471,0.006264677631072369,0.1733769079515575,6.568381697222149e-06,2.051986852422853e-05,0.00019524707473347148,9.819873783478255e-11,8.264841203243422e-11,1.5550325802348464e-11,6.322888050160413e-10,6.075652846219751e-10,2.4723520394066016e-11,0.0008800435451228798,0.7533813622682789,4.817631526843785e-07,2.0096900882521306e-10,1.1077760971617624e-09,7.724503215129928e-05,0.0073012671528264505
73702,2300,69,82,54.54458,11.76105,112320066.816095,9.474845426108149e-05,0.01344152048887793,2.4418921859369405e-05,0.013365766852342144,5.1334714676420244e-05,0.0944747632633326,0.08821906520020312,0.006255698063129475,0.17297440819773136,6.527164885766796e-06,2.046684487527048e-05,0.00019463835732649661,9.806612492344664e-11,8.250392796792097e-11,1.5562196955525795e-11,6.266663901931038e-10,6.022033625412528e-10,2.4463027651850807e-11,0.0008780639120359305,0.7531844135334598,4.7659712594736677e-07,2.000418210673779e-10,1.1080338791836018e-09,7.704156226632897e-05,0.007287316044620469
73703,2300,69,82,54.54536,11.66864,112320066.816095,9.587455179803311e-05,0.013493614348920085,2.4513138934794893e-05,0.013417721695454585,5.137951453070786e-05,0.09569915527071755,0.08943090686211791,0.006268248408599664,0.1735858247086093,6.615725644365021e-06,2.055215738176618e-05,0.00019568634943964428,9.820542102691853e-11,8.275367294586844e-11,1.5451748081050216e-11,6.401087917285918e-10,6.15007237386357e-10,2.5101554342234638e-11,0.0008810437387040524,0.7535674269458633,4.893641015546266e-07,2.0181727245083474e-10,1.1048693406768228e-09,7.737340560412081e-05,0.0073093630304377905
73704,2300,69,82,54.54565,11.70825,112320066.816095,9.544452220788393e-05,0.013487105684047103,2.4482861741605977e-05,0.013411255779818212,5.1367042487285e-05,0.09522450295534472,0.08895877637178415,0.006265726583560586,0.17343825810105934,6.582226088182389e-06,2.0529321317096952e-05,0.00019537563584478816,9.820070000604436e-11,8.267919387157644e-11,1.552150613446805e-11,6.345755156861819e-10,6.097414506419578e-10,2.483406504422382e-11,0.0008803363269016626,0.7534360325435495,4.839856789161619e-07,2.012174283984497e-10,1.1069278864827452e-09,7.728263764608906e-05,0.007303635700032937
73705,2300,69,82,54.54593,11.74785,112320066.816095,9.491905506446312e-05,0.013444116744779022,2.4430935286250006e-05,0.0133683461408129,5.133966867987644e-05,0.09466313300219263,0.08840643054912678,0.006256702453065856,0.17303316273400265,6.5404530399227584e-06,2.047591239536251e-05,0.0001947616986519793,9.806800428225487e-11,8.253347241461429e-11,1.5534531867640706e-11,6.288612370770059e-10,6.042921058955818e-10,2.4569131181423945e-11,0.0008783447769175945,0.7532367552797251,4.787304344826029e-07,2.002800730417887e-10,1.107218843490689e-09,7.707762330427089e-05,0.007289588853214777
73706,2300,69,82,54.547,11.69505,112320066.816095,9.550567095660064e-05,0.013452991315400597,2.4472236739408342e-05,0.013377162398269478,5.1356680391713545e-05,0.09531060090170462,0.08905045949086333,0.006260141410841298,0.17323440134059445,6.586151265704195e-06,2.0507061417018737e-05,0.00019518553032165303,9.807444250264603e-11,8.263507229864585e-11,1.543937020400032e-11,6.364094290048337e-10,6.114754036906357e-10,2.4934025314197982e-11,0.0008793097139890997,0.753415932035078,4.860674167474636e-07,2.0109825611252677e-10,1.1044102506341036e-09,7.720142758121766e-05,0.007297401478055109
73707,2300,69,82,54.54728,11.73465,112320066.816095,9.509181703063469e-05,0.013446748585206576,2.4443101259981543e-05,0.01337096079734208,5.134468660451399e-05,0.0948539016248283,0.08859618130860727,0.006257720316221022,0.17309270197976875,6.553909194728222e-06,2.0485096311332578e-05,0.00019488661682804764,9.806990867592715e-11,8.256339059567685e-11,1.550651808025044e-11,6.31083829589779e-10,6.0640725352539e-10,2.4676576064388792e-11,0.0008786292419556564,0.7532898010753146,4.808906890576775e-07,2.0052139702152745e-10,1.1063937931488178e-09,7.711415100940203e-05,0.007291890581141575
73708,2300,69,82,54.54834,11.68184,112320066.816095,9.556856876564151e-05,0.01341890589923582,2.4461735216151406e-05,0.013343097793924931,5.134637009473749e-05,0.09539864101800793,0.08914407383314624,0.006254567184861693,0.17303118195692,6.590212389626646e-06,2.0484895804834725e-05,0.00019499670178434699,9.79482053301771e-11,8.259125316399708e-11,1.5356952166180156e-11,6.382657939278977e-10,6.132307229241639e-10,2.503507100373364e-11,0.0008782860171356397,0.7533964036567808,4.881709579244686e-07,2.0098157310947305e-10,1.1018845274401118e-09,7.712059575736534e-05,0.007291190668168758
73709,2300,69,82,54.54863,11.72145,112320066.816095,9.526667455435888e-05,0.013449414965448738,2.4455415154542988e-05,0.013373609783768949,5.134976652524869e-05,0.09504699647596006,0.08878824522248813,0.006258751253471944,0.1731530026464,6.56752824589166e-06,2.0494393109957605e-05,0.00019501306417640511,9.807183736066168e-11,8.259367115883339e-11,1.5478166201828424e-11,6.333333247007108e-10,6.085480031550713e-10,2.4785321545639412e-11,0.0008789171984177395,0.7533435300877535,4.830770706507629e-07,2.0076570046071674e-10,1.105559036253639e-09,7.715113134509709e-05,0.007294220352192235
73710,2300,69,82,54.5489,11.76105,112320066.816095,9.47510351317676e-05,0.013406587169174502,2.4404182303729396e-05,0.01333086030376779,5.1322683102985867e-05,0.09449653210019819,0.08824674389651108,0.0062497882036871245,0.17275146556663196,6.52651925100172e-06,2.0441513106636938e-05,0.0001944062939919597,9.793925517368562e-11,8.244964936357075e-11,1.5489605810115008e-11,6.277452318651822e-10,6.032187437900641e-10,2.4526488075118133e-11,0.000876942009306621,0.753147444170908,4.779443809354995e-07,1.9984230132938242e-10,1.1058043747498533e-09,7.69482366704348e-05,0.007280304981878215
73711,2300,69,82,54.54969,11.66864,112320066.816095,9.57520460245391e-05,0.01342171444867322,2.4474657571763123e-05,0.01334588808603397,5.13517050674889e-05,0.09560130487804905,0.08934565295126762,0.0062556519267814555,0.17309461603303858,6.6045014766911136e-06,2.049465698195488e-05,0.00019512943964218084,9.795023397563153e-11,8.26230243081075e-11,1.5327209667524183e-11,6.406259464297696e-10,6.154767802428743e-10,2.5149166186895128e-11,0.0008785883364935399,0.7534529444195972,4.904648059777873e-07,2.0123813397394923e-10,1.1010098551823958e-09,7.71594382634118e-05,0.00729363579455607
73712,2300,69,82,54.54998,11.70825,112320066.816095,9.556213702371998e-05,0.013488975628802864,2.4491154713893393e-05,0.013413113981663352,5.1370492425625664e-05,0.09535474289192843,0.08908830160280974,0.006266441289118686,0.17347996449662717,6.591377254782683e-06,2.0535618013011632e-05,0.00019546109597709608,9.820203211208671e-11,8.269954643002542e-11,1.5502485682061433e-11,6.360869369360303e-10,6.111798044864465e-10,2.4907132449583726e-11,0.0008805312119625849,0.7534733349916524,4.85454079992736e-07,2.0138328196532022e-10,1.1063752003774737e-09,7.730779114234693e-05,0.00730520639584629
73713,2300,69,82,54.55026,11.74785,112320066.816095,9.503962398326459e-05,0.013446034668656796,2.443943668681639e-05,0.01337025202626334,5.134320570664713e-05,0.09479664888496164,0.0885392134937293,0.006257435391232355,0.1730759318343338,6.5498339290961045e-06,2.0482367818050128e-05,0.00019484931066172037,9.806937030735297e-11,8.255433596310686e-11,1.551503434424624e-11,6.30410598328796e-10,6.057665655624736e-10,2.464403276632236e-11,0.0008785445726972095,0.7532750100362925,4.802356875140331e-07,2.004501125317487e-10,1.1066523921865554e-09,7.710341227297391e-05,0.007291199047697567
73714,2300,69,82,54.55133,11.69505,112320066.816095,9.550385010620923e-05,0.013417986562282668,2.4457186625708543e-05,0.013342184856578902,5.1344519078060674e-05,0.09532748872741732,0.08907328432735279,0.006254204400064539,0.1730098760986449,6.585163328862019e-06,2.048149317217174e-05,0.00019495026091638983,9.794752223831235e-11,8.258003228918602e-11,1.5367489949126453e-11,6.374317374474452e-10,6.124369847629585e-10,2.4994752684486482e-11,0.0008781804950053951,0.7533775445684298,4.873597593107882e-07,2.0089250033971588e-10,1.1022012634341026e-09,7.710715531730594e-05,0.007290331563563017
73715,2300,69,82,54.55161,11.73465,112320066.816095,9.52115217909583e-05,0.013448652552017812,2.445154169987586e-05,0.013372852812128713,5.134819818922789e-05,0.09498645956710111,0.0887280116245212,0.006258447942579908,0.17313516138111504,6.563222873905927e-06,2.0491505346310033e-05,0.0001949735997696986,9.80712648143421e-11,8.258410464969419e-11,1.5487160164648044e-11,6.326220906210141e-10,6.078711496010871e-10,2.4750941019926664e-11,0.0008788276024347858,0.7533277784436588,4.823851595721975e-07,2.006902135725924e-10,1.1058313775511256e-09,7.713975437012932e-05,0.007293489224847348
73716,2300,69,82,54.55267,11.68185,112320066.816095,9.568435124726183e-05,0.013420746337101577,2.4469898941058496e-05,0.013344926672036296,5.134976612422369e-05,0.09552685017655865,0.08927157952486509,0.006255270651693576,0.17307223298442564,6.599221035505894e-06,2.049109419120477e-05,0.0001950808285256677,9.794951651252891e-11,8.26112887218457e-11,1.5338227790683365e-11,6.397536767262023e-10,6.146466762583359e-10,2.5107000467866422e-11,0.0008784778601958749,0.7534331192662017,4.896164935501568e-07,2.011448353380361e-10,1.1013404085576245e-09,7.714535601507507e-05,0.007292736876207573
73717,2300,69,82,54.55296,11.72145,112320066.816095,9.538551761807279e-05,0.013451305011514517,2.44637948069725e-05,0.013375487963968646,5.1353252738900664e-05,0.09517859919066038,0.08891912560846153,0.006259473582198846,0.17319515317946563,6.576774906970875e-06,2.050075588742526e-05,0.00019509941982375178,9.807318363899263e-11,8.261423614494536e-11,1.54589474940474e-11,6.348605172091746e-10,6.100013658050504e-10,2.4859151404124287e-11,0.0008791141276315191,0.7533812308057942,4.84560789466625e-07,2.009332974881399e-10,1.1050006444692504e-09,7.717654961404905e-05,0.007295807477864797
73718,2300,69,82,54.55324,11.76105,112320066.816095,9.487307892360766e-05,0.013408529105638991,2.441278777256419e-05,0.013332790054231455,5.132626363497617e-05,0.09463168381386285,0.0883811535529052,0.006250530260957641,0.17279476611135897,6.536014824840067e-06,2.0448047808794018e-05,0.00019449498066492695,9.794063815989297e-11,8.247076801870985e-11,1.5469870141183257e-11,6.29313533870282e-10,6.04711228532907e-10,2.460230533737509e-11,0.0008771442577381756,0.7531861752676295,4.794680310651296e-07,2.000144318607952e-10,1.1052310577188725e-09,7.697434312014422e-05,0.007281934899331205
73719,2300,69,82,54.55402,11.66864,112320066.816095,9.598565908893436e-05,0.013460403523359768,2.4506051136220088e-05,0.013384526807189814,5.137066503373739e-05,0.09584108623079876,0.08957808902515417,0.006262997205644592,0.1734013214067139,6.623524407479413e-06,2.0532634070925386e-05,0.0001955331267614907,9.807977910238265e-11,8.271817479076486e-11,1.536160431161792e-11,6.425823275272929e-10,6.17349888433152e-10,2.5232439094140924e-11,0.000880101615530868,0.7535648326368887,4.920663767296295e-07,2.0177073131976306e-10,1.102129517497118e-09,7.730327903246307e-05,0.007303801152053632
73720,2300,69,82,54.55431,11.70825,112320066.816095,9.54429752867905e-05,0.013417130286373948,2.4452909324032785e-05,0.013341334595397577,5.1342781652341625e-05,0.0952606020118073,0.0890067364969383,0.006253865514869003,0.17298996248193307,6.580413102094009e-06,2.047829743079046e-05,0.00019490662340826534,9.794688356889926e-11,8.25694761830228e-11,1.5377407385876578e-11,6.366470342786616e-10,6.116902139497142e-10,2.495682032894719e-11,0.0008780813725150074,0.7533599342105016,4.865964935664817e-07,2.008088868477687e-10,1.1025001609777241e-09,7.709454405200293e-05,0.007289523883968931
73721,2300,69,82,54.55459,11.74785,112320066.816095,9.516053007340892e-05,0.01344795829993893,2.4447961907682282e-05,0.013372163585257987,5.134675277326621e-05,0.0949305397562733,0.08867236928155282,0.006258170474720482,0.17311882569497783,6.559241009456196e-06,2.0488841488446785e-05,0.000194937169512177,9.807074030914278e-11,8.257525778852957e-11,1.5495482520613326e-11,6.319642848982387e-10,6.072451414368251e-10,2.4719143461413423e-11,0.00087874493258777,0.7533133770023909,4.817451399592104e-07,2.0062063440786355e-10,1.1060843963799e-09,7.712927461719469e-05,0.007292813761363659
73722,2300,69,82,54.55565,11.69505,112320066.816095,9.573928195177249e-05,0.01345670536641367,2.4488708540649716e-05,0.013380853125128218,5.136353274480686e-05,0.0955692879021172,0.08930772694498784,0.006261560957129376,0.17331723860179513,6.6043276717329754e-06,2.051956809358851e-05,0.00019535527391406423,9.807708833470069e-11,8.267549734050269e-11,1.5401590994198146e-11,6.394114733103587e-10,6.14332318645856e-10,2.50791546645025e-11,0.000879696800440299,0.7534900219870255,4.889840135303852e-07,2.014276786622313e-10,1.10331247262406e-09,7.72513880268365e-05,0.007300521248561403
73723,2300,69,82,54.55593,11.73465,112320066.816095,9.53312947720645e-05,0.013450557948328577,2.445998699622291e-05,0.013374746249408381,5.1351711923977544e-05,0.0951190946685578,0.08885991858914491,0.0062591760794129024,0.17317765014415237,6.5725418184720625e-06,2.0497918229229062e-05,0.00019506063411975176,9.807262188245265e-11,8.260483044068856e-11,1.546779144176421e-11,6.341612208342354e-10,6.093358728303505e-10,2.482534800388483e-11,0.0008790260813503568,0.7533657826930432,4.838804717533491e-07,2.0085913321363211e-10,1.1052686810642878e-09,7.716537358080611e-05,0.007295088795926736
73724,2300,69,82,54.557,11.68184,112320066.816095,9.580073901182943e-05,0.013422596583736393,2.4478105369078217e-05,0.013346765298379044,5.135317998827478e-05,0.09565573045954628,0.08939975261134203,0.00625597784820426,0.17311350142651885,6.608276753260659e-06,2.0497325087556084e-05,0.0001951653960603924,9.795083463475626e-11,8.263142898369076e-11,1.5319405651065634e-11,6.412493337441803e-10,6.160700279742287e-10,2.517930576995138e-11,0.0008786707090977827,0.753470029665789,4.910695806224108e-07,2.0130895480578223e-10,1.1007934667196718e-09,7.717024639816256e-05,0.0072942911763151045
73725,2300,69,82,54.55729,11.72145,112320066.816095,9.53861417949701e-05,0.013416340280987869,2.4448917245229315e-05,0.013340550200102176,5.1341163640467925e-05,0.09519819988388707,0.08894464813517572,0.006253551748711382,0.172971512180366,6.575977066483155e-06,2.0475319193010408e-05,0.00019486593312775962,9.794629159039466e-11,8.255961900580364e-11,1.5386672584591144e-11,6.359142207421568e-10,6.109928241885645e-10,2.4921396553592112e-11,0.0008779889779866419,0.7533436362767925,4.858836242593663e-07,2.0073101251035659e-10,1.1027803000682284e-09,7.708280445127043e-05,0.007288770270043772
73726,2300,69,82,54.55756,11.76105,112320066.816095,9.499488069137091e-05,0.013410467531203608,2.4421376221561736e-05,0.013334716317768698,5.1329837213349275e-05,0.09476656910247919,0.08851529816121398,0.006251270941265213,0.17283798588675844,6.5454915260509815e-06,2.0454569744987714e-05,0.0001945834932773425,9.79420185583861e-11,8.249184472631448e-11,1.5450173832071753e-11,6.308787183946517e-10,6.062007464960679e-10,2.4677971898583716e-11,0.0008773461104146836,0.7532248347294436,4.809886497357992e-07,2.001862278361065e-10,1.1046589167729467e-09,7.700039904111836e-05,0.0072835616005983315
73727,2300,69,82,54.55834,11.66865,112320066.816095,9.598213965149914e-05,0.013425371735407565,2.449088125193327e-05,0.013349522400271988,5.135845388364762e-05,0.09585609300140481,0.0895990431363961,0.006257049865008732,0.17317619340553905,6.6224043135727546e-06,2.050697487296546e-05,0.00019529662298983842,9.795283958655209e-11,8.266284085649124e-11,1.5289998730060977e-11,6.435828087374223e-10,6.182906974787532e-10,2.52921112586688e-11,0.0008789695815705314,0.7535259060063488,4.933375135724326e-07,2.0156257971529089e-10,1.0999285088018106e-09,7.72086433964195e-05,0.007296708552273591
73728,2300,69,82,54.55864,11.70825,112320066.816095,9.556132203931531e-05,0.013419012567833446,2.4461253998681773e-05,0.013343205060472329,5.134625336244006e-05,0.09539165573089828,0.08913707086812016,0.006254584862778138,0.17303193891422086,6.589621131472722e-06,2.0484633709034913e-05,0.00019499261910352727,9.794822428346462e-11,8.258995526040915e-11,1.535826902305559e-11,6.381678461463768e-10,6.13137504418167e-10,2.5030341728209547e-11,0.0008782774813270051,0.7533974794385515,4.880740123406849e-07,2.0097578652679824e-10,1.1019441159414722e-09,7.711985663924716e-05,0.007291104387586267
73729,2300,69,82,54.55891,11.74785,112320066.816095,9.516291275713822e-05,0.013413022306289104,2.4433208441909988e-05,0.013337254382254663,5.133471559253078e-05,0.09495209136655261,0.0886998318229172,0.006252259543635426,0.17289581993813563,6.558579895566682e-06,2.0463499380153813e-05,0.00019470496471588972,9.794386853190927e-11,8.252094479470548e-11,1.5422923737203923e-11,6.330405693800479e-10,6.082580891063093e-10,2.478248027373848e-11,0.0008776227089310003,0.7532763520370432,4.830899067044153e-07,2.0042084472679218e-10,1.1038558781461888e-09,7.70359083792036e-05,0.007285800074484052
73730,2300,69,82,54.55998,11.69505,112320066.816095,9.57382076101004e-05,0.013421713182138726,2.4473711156841065e-05,0.013345888077351344,5.135139363054483e-05,0.0955870056487279,0.08933137697134695,0.006255628677380957,0.17309298857072947,6.603397731407267e-06,2.0494040211469128e-05,0.00019512055066239528,9.795017684414245e-11,8.262058637149416e-11,1.532959047264842e-11,6.404433596202068e-10,6.153030145392096e-10,2.514034508099705e-11,0.000878568829360392,0.7534518819289541,4.902856557072537e-07,2.0122298955940112e-10,1.1011000580703205e-09,7.715727797201543e-05,0.007293461336498332
73731,2300,69,82,54.56027,11.73465,112320066.816095,9.533338863977648e-05,0.013415617154636156,2.4445213138241703e-05,0.013339832275316292,5.1339666181624206e-05,0.09514032548527926,0.08888706214989389,0.006253263335385403,0.17295453885136278,6.571858258619606e-06,2.0472560540611286e-05,0.0001948282183569219,9.794574673929302e-11,8.255046751012619e-11,1.5395279229166946e-11,6.352337983815162e-10,6.103452927770273e-10,2.4888505604488735e-11,0.0008779033758744758,0.7533286629615731,4.852216387514661e-07,2.0065893210225334e-10,1.103041496052365e-09,7.707194481500336e-05,0.007288071242183582
73732,2300,69,82,54.56133,11.68185,112320066.816095,9.603585821908813e-05,0.013461310621917353,2.4509605267457162e-05,0.013385428832076959,5.137218457294296e-05,0.09589718439503196,0.08963385183263944,0.006263332562392514,0.17342075613594118,6.627416745632346e-06,2.0535383387478593e-05,0.00019557018298286565,9.808039728338491e-11,8.272683989428037e-11,1.5353557389104673e-11,6.432250475680939e-10,6.179615342521927e-10,2.5263513315901052e-11,0.0008801864997003792,0.7535824110408198,4.92689925636832e-07,2.0184369635205886e-10,1.1019061685865763e-09,7.731441299355396e-05,0.007304476695843159
73733,2300,69,82,54.56162,11.72145,112320066.816095,9.550568611054277e-05,0.013418242173724872,2.44573464361537e-05,0.01334244015656385,5.134467072487386e-05,0.09533058239226343,0.08907630385954124,0.0062542785327222225,0.17301392183661146,6.585278203138653e-06,2.048171990881131e-05,0.00019495280203053782,9.794764612872044e-11,8.258030520145287e-11,1.536734092726768e-11,6.374504095972721e-10,6.124547482518039e-10,2.4995661345468232e-11,0.0008781870800733582,0.7533815700097312,4.873760777414657e-07,2.0089961233647327e-10,1.1022186932939152e-09,7.710837524089166e-05,0.007290366793634447
73734,2300,69,82,54.56189,11.76105,112320066.816095,9.499870521873408e-05,0.013375555021993092,2.4406724494763685e-05,0.013299830454930639,5.1317842567695034e-05,0.09478971995464573,0.08854435102690916,0.006245368927736596,0.17261549981680674,6.544942527305426e-06,2.0429305146171325e-05,0.00019435233912869533,9.78151633667971e-11,8.243778112418777e-11,1.537738224260947e-11,6.319735192475889e-10,6.072313153755246e-10,2.4742203872064178e-11,0.0008762262846336835,0.7531882755828462,4.82351401300656e-07,1.9998848256008447e-10,1.1024236876743535e-09,7.69073432093334e-05,0.007276567195452575
73735,2300,69,82,54.56268,11.66864,112320066.816095,9.609833395977886e-05,0.013427219025835008,2.4499074055454508e-05,0.01335135808965479,5.136186212476581e-05,0.09598475962183856,0.08972700370264144,0.006257755919197114,0.1732173950398609,6.631444964450789e-06,2.0513195480135136e-05,0.00019538105059446843,9.795415557211891e-11,8.268294761820352e-11,1.527120795391553e-11,6.450759771273147e-10,6.197116808724136e-10,2.536429625490082e-11,0.0008791621117901385,0.7535627568674843,4.947881818893918e-07,2.0172642877001257e-10,1.0993824897944085e-09,7.723349284303401e-05,0.007298260274509295
73736,2300,69,82,54.56296,11.70825,112320066.816095,9.567974926290591e-05,0.01342089647540503,2.4469604393793496e-05,0.013345077143428538,5.1349727582703476e-05,0.09552280018308786,0.08926749538697201,0.0062553047961158475,0.1730739490798559,6.598835379160154e-06,2.0490974492106884e-05,0.0001950786751182176,9.794956606731321e-11,8.26104481942473e-11,1.5339117873066037e-11,6.39689684579458e-10,6.145857718150521e-10,2.5103912764405694e-11,0.000878473728902779,0.7534350554609955,4.895525256703725e-07,2.0114280660732802e-10,1.1013877326630504e-09,7.71451877030744e-05,0.007292685982261894
73737,2300,69,82,54.56324,11.74786,112320066.816095,9.516579948815648e-05,0.013378094764798244,2.4418490575073314e-05,0.013302353580837072,5.1322693386102815e-05,0.09497420318339905,0.08872785138599745,0.006246351797401623,0.17267299948960657,6.5579579455334765e-06,2.0438184505508304e-05,0.00019447312850248198,9.781700266311917e-11,8.246671893659587e-11,1.535028372652343e-11,6.34123321644621e-10,6.092771918716643e-10,2.4846129772956644e-11,0.0008765013273282839,0.7532394936003586,4.844409536093545e-07,2.0022177458066917e-10,1.101625041783064e-09,7.694265154009917e-05,0.007278793139678795
73738,2300,69,82,54.56431,11.69505,112320066.816095,9.585606908125773e-05,0.013423587871938288,2.4482021631093882e-05,0.01334775099914762,5.135485115957886e-05,0.09571752257469,0.08946117746386502,0.006256345110824978,0.17313479477721522,6.612567987572915e-06,2.050035057961911e-05,0.00019520619440707677,9.795151211876621e-11,8.264098144927918e-11,1.5310530669487148e-11,6.419579326395325e-10,6.167443677638193e-10,2.5213564875713117e-11,0.0008787641360089734,0.7534892751284735,4.917571122157065e-07,2.0138920739539663e-10,1.100546307673761e-09,7.71824872276007e-05,0.007295035365244744
73739,2300,69,82,54.56459,11.73466,112320066.816095,9.545372997583475e-05,0.013417532368268257,2.4453698613780057e-05,0.013341735472729462,5.134319692501857e-05,0.0952735936093778,0.0890195984662032,0.0062539951431745955,0.17299724086497745,6.581221328227692e-06,2.0479004294420002e-05,0.00019491566984362676,9.794711060025592e-11,8.25712914970896e-11,1.5375819103166457e-11,6.367802153196896e-10,6.118169504447533e-10,2.496326487493611e-11,0.0008781028087633749,0.7533668593473015,4.867240239662656e-07,2.0082866880775572e-10,1.102476218690871e-09,7.709768842988708e-05,0.0072896784403524645
73740,2300,69,82,54.56566,11.68185,112320066.816095,9.603431074438256e-05,0.013426311037500756,2.4494574539608292e-05,0.013350456431327895,5.136003163325512e-05,0.09591437879326602,0.08965698135171818,0.0062573974415478595,0.1731963401625024,6.626449977510773e-06,2.050983024472229e-05,0.0001953351165990483,9.795348048973646e-11,8.267184702819076e-11,1.5281633461545825e-11,6.442508511783232e-10,6.189264415017374e-10,2.5324409676585676e-11,0.000879057746561114,0.7535441227824189,4.939856572652893e-07,2.0163834250457286e-10,1.0996959913988434e-09,7.72202021992136e-05,0.007297410471068043
73741,2300,69,82,54.56594,11.72146,112320066.816095,9.562519084111584e-05,0.013420143868194475,2.4465772893748985e-05,0.01334432991846639,5.134817683434178e-05,0.09546292308573817,0.08920791788964805,0.0062550051960901226,0.17305632391920775,6.594576206565367e-06,2.0488118749913502e-05,0.00019503964446859805,9.79490004149936e-11,8.260098446185707e-11,1.5348015953136666e-11,6.389860803908797e-10,6.139161792870533e-10,2.5069901103826323e-11,0.0008783851233139798,0.7534194977434799,4.888680244384118e-07,2.010681649535527e-10,1.1016573221458787e-09,7.713393913979753e-05,0.007291962808977335
73742,2300,69,82,54.567,11.66865,112320066.816095,9.621414880190867e-05,0.013429060798176056,2.450724017201616e-05,0.013353188298546424,5.13652594576196e-05,0.09611300845543463,0.08985454864469589,0.006258459810738783,0.17325846983624796,6.640456026856693e-06,2.0519396064131034e-05,0.00019546520522059142,9.795546749434547e-11,8.270298861361615e-11,1.5252478880729447e-11,6.465642579541446e-10,6.211280129713457e-10,2.5436244982798875e-11,0.0008793540213013613,0.7535994952095475,4.962340976151349e-07,2.0188975301132898e-10,1.098838313212597e-09,7.725826301741035e-05,0.00729980695349867
73743,2300,69,82,54.56729,11.70825,112320066.816095,9.56802250559777e-05,0.013385929861205683,2.445471643330977e-05,0.01331013751043522,5.133763433715532e-05,0.09554223879165756,0.08929285659846362,0.006249382193193981,0.17285026259218145,6.598025934732764e-06,2.0465530123448314e-05,0.000194845083139728,9.782267255461179e-11,8.25558052840782e-11,1.5266867270533727e-11,6.407414709559048e-10,6.155754057115383e-10,2.51660652443665e-11,0.000877348340828984,0.7533974211012174,4.908734940487894e-07,2.0094032188516867e-10,1.0991681402538783e-09,7.705141254363318e-05,0.0072856468153302545
73744,2300,69,82,54.56864,11.69505,112320066.816095,9.597428614384388e-05,0.013425468565471376,2.4490357224904115e-05,0.013349619888976209,5.135831927026757e-05,0.09584843490280215,0.08959137110031368,0.006257063802488484,0.1731767323278342,6.621765867694124e-06,2.0506680183595293e-05,0.00019529209839519744,9.795285158028777e-11,8.266143799079629e-11,1.5291413589491615e-11,6.434770676102818e-10,6.181900623898617e-10,2.5287005220420153e-11,0.0008789600373444619,0.7535267864323688,4.932329980083488e-07,2.0155593366180213e-10,1.0999909266158644e-09,7.720777381076394e-05,0.007296614159331034
73745,2300,69,82,54.56998,11.68185,112320066.816095,9.615142778411379e-05,0.013428174011814186,2.4502832540414447e-05,0.01335230771189564,5.136346737813461e-05,0.09604407194111378,0.08978596255636373,0.006258109384750068,0.17323788419377326,6.6355622974200356e-06,2.051610082670957e-05,0.00019542022007271336,9.795480738763146e-11,8.269211326268497e-11,1.526269412494663e-11,6.457558551937317e-10,6.203586883184726e-10,2.5397166875258977e-11,0.000879251821583781,0.7535812817067855,4.954478161691832e-07,2.0180351298672426e-10,1.099145753001555e-09,7.724525268718778e-05,0.007298974563933135
73746,2300,69,82,54.57132,11.66865,112320066.816095,9.633044225227314e-05,0.013430910447207529,2.4515440070889382e-05,0.013355026336191915,5.136867094472694e-05,0.09624178852478532,0.08998262183980388,0.006259166684981448,0.173299718356211,6.649504294933775e-06,2.0525622422841015e-05,0.00019554970903362727,9.795678495902424e-11,8.27231123764988e-11,1.5233672582525563e-11,6.480586833738589e-10,6.225501926049208e-10,2.550849076893795e-11,0.0008795467280387896,0.7536363894114775,4.976859808861561e-07,2.020537574987191e-10,1.0982919183613221e-09,7.728313652535546e-05,0.007301360036744618
74062,2300,68,93,54.52647,11.61703,182889183.894361,6.524310751049723e-05,0.00959146727189496,1.6628527667355127e-05,0.009542261117021106,3.25776272065031e-05,0.06409129771167626,0.059826830404906876,0.004264467306769381,0.12313052421543905,4.433059796549318e-06,1.4540905895350319e-05,0.0001368441301488433,6.686773349203988e-11,5.554056483760086e-11,1.1327168654439105e-11,4.1473799883880343e-10,3.9873932661633186e-10,1.5998672222471494e-11,0.0005998324051655277,0.4681484652951656,3.086587215157896e-07,1.4105363969872973e-10,7.646405413230544e-10,5.3522888351597294e-05,0.005205964133977874
74063,2300,68,93,54.52722,11.6083,182889183.894361,6.539373857956182e-05,0.009615288563312896,1.6648305471462714e-05,0.009566050799463809,3.258945837762824e-05,0.06424623653868919,0.05997722945996073,0.004269007078728442,0.12332062695383654,4.445306197146645e-06,1.4564582383971457e-05,0.00013709697035285613,6.694734957912152e-11,5.560025020727299e-11,1.13470993718486e-11,4.1603265267313964e-10,3.999783368877715e-10,1.605431578536807e-11,0.0006007728056921827,0.46821864304457866,3.0973324733600085e-07,1.4138976443839444e-10,7.65288414892724e-10,5.3612564042128055e-05,0.00521230020977982
74064,2300,68,93,54.52855,11.59773,182889183.894361,6.556775803910042e-05,0.009639469712494868,1.666973077373624e-05,0.009590198011311304,3.2601970409830144e-05,0.06442701816491248,0.0601533325261728,0.0042736856387397045,0.12351884346337921,4.459373842246654e-06,1.4589504204646981e-05,0.00013736674087382752,6.702722510311602e-11,5.566398517416863e-11,1.1363239928947465e-11,4.176281220739606e-10,4.0150362056284533e-10,1.6124501511115132e-11,0.0006017517726119183,0.46829605624854864,3.111001230009359e-07,1.4175863058087578e-10,7.658250035682038e-10,5.370719783818235e-05,0.005218948060310348
74065,2300,68,93,54.53008,11.58716,182889183.894361,6.55996886095646e-05,0.009618431764473866,1.6662809337704017e-05,0.00956917351238135,3.25954427548146e-05,0.0644736794136784,0.06020345733067991,0.004270222082998507,0.1233916904669229,4.461346603649742e-06,1.4575533833249995e-05,0.00013724591646074614,6.694962244252335e-11,5.5635914612867307e-11,1.1313707829656124e-11,4.186820859471744e-10,4.02499690729636e-10,1.6182395217538377e-11,0.0006011120076604883,0.4682819669334098,3.1230832446037837e-07,1.4167756283465015e-10,7.643055348483299e-10,5.365612992932472e-05,0.005215044379443488
74066,2300,68,93,54.53172,11.57697,182889183.894361,6.577642931416504e-05,0.009642658501446813,1.668442682527725e-05,0.00959336603901024,3.2608035611300486e-05,0.06465748527268413,0.06038256744746989,0.00427491782521425,0.123590906762795,4.475625691546091e-06,1.4600602657895109e-05,0.00013751767665037669,6.702952984509063e-11,5.570012001575048e-11,1.1329409829340217e-11,4.2031247449219965e-10,4.0405820537359335e-10,1.6254269118606195e-11,0.0006020955199698122,0.4683602785269993,3.137091066565013e-07,1.4205031272302055e-10,7.648296034102204e-10,5.375135418748407e-05,0.005221728680936013
74067,2300,68,93,54.53358,11.56713,182889183.894361,6.580847986333092e-05,0.009621626645841687,1.6677514409929875e-05,0.009572347618148729,3.260151328303271e-05,0.06470429898144751,0.06043284281893559,0.004271456162511942,0.12346385905421538,4.477607270923994e-06,1.4586641083735377e-05,0.00013739696172476528,6.695193044887377e-11,5.567206938808077e-11,1.1279861060793076e-11,4.213678891989875e-10,4.05055656124977e-10,1.63122330740104e-11,0.0006014560193020503,0.46834629090277324,3.149186839737097e-07,1.4196949776080442e-10,7.633100525102207e-10,5.3700327227906146e-05,0.005217826800302899
74068,2300,68,93,54.5353,11.61838,182889183.894361,6.522393803264292e-05,0.009548186358533092,1.660884576802874e-05,0.009499015326663144,3.256218610192058e-05,0.06409321587207627,0.05983614821872363,0.00425706765335264,0.12284850076720809,4.430530799277174e-06,1.4508585257072124e-05,0.00013654276390138295,6.671164016346512e-11,5.547003298218873e-11,1.124160718127646e-11,4.1577643172467923e-10,3.9971367218155297e-10,1.606275954312624e-11,0.0005984170960589595,0.46809570281734614,3.1003514487779756e-07,1.4077671803437813e-10,7.620050182598651e-10,5.340341578416761e-05,0.005197053377476038
74069,2300,68,93,54.53575,11.55693,182889183.894361,6.599395711325397e-05,0.009645991594622672,1.6699747815278204e-05,0.009596677484700847,3.261436210654708e-05,0.06489777596238389,0.06062157116040514,0.004276204801978765,0.12366616300434244,4.4925662017688845e-06,1.4612177242043569e-05,0.00013767506630191407,6.703193648763147e-11,5.573778673564462e-11,1.129414975198692e-11,4.231105626037717e-10,4.067210274028945e-10,1.6389535200876932e-11,0.0006024539970777954,0.46842736287347514,3.1642856057127137e-07,1.4235455364251827e-10,7.637929876436103e-10,5.379741739336992e-05,0.005224627742020822
74070,2300,68,93,54.53597,11.6094,182889183.894361,6.537440677170837e-05,0.009572003469093196,1.662861191181624e-05,0.009522800845360927,3.257401182045558e-05,0.06424796744959207,0.05998636145572055,0.004261605993871546,0.12303852195476475,4.4427647672948215e-06,1.4532252147462116e-05,0.00013679547762516915,6.679125368347551e-11,5.5529690578160135e-11,1.1261563105315455e-11,4.170690342990136e-10,4.0095073040037893e-10,1.611830389863453e-11,0.0005993572025731614,0.4681658047518012,3.1110769070062375e-07,1.4111258190441152e-10,7.626534705040346e-10,5.349305091240999e-05,0.005203387209741142
74071,2300,68,93,54.53707,11.59889,182889183.894361,6.547073703330915e-05,0.009573470089859416,1.66353954151753e-05,0.009524257885055575,3.25768093886665e-05,0.06435433397827957,0.06009216067541125,0.004262173302868311,0.12307170743231585,4.4502678851727e-06,1.4537372511561172e-05,0.00013686512607488703,6.679231515917152e-11,5.55463728136584e-11,1.1245942345513193e-11,4.1830834740997065e-10,4.0213013248374265e-10,1.6178214926227832e-11,0.0005995158037484265,0.46819536936431017,3.1231225126375265e-07,1.4124712432958166e-10,7.621933314327751e-10,5.351341521432402e-05,0.005204670588147769
74072,2300,68,93,54.53812,11.5469,182889183.894361,6.603571525150279e-05,0.009625112387440895,1.6693519651284935e-05,0.009575810743993874,3.260812379573835e-05,0.06495533137853497,0.06068252971996685,0.004272801658568112,0.12354253226233058,4.495303301161799e-06,1.459873441956227e-05,0.00013756139599303385,6.695444626945869e-11,5.571141628434613e-11,1.1243029985112632e-11,4.242907624455818e-10,4.0783723078282173e-10,1.6453531662759888e-11,0.0006018305551968472,0.46841642836470093,3.17759384828305e-07,1.4228739396913853e-10,7.622276249613528e-10,5.374846035112724e-05,0.005220855422093644
74073,2300,68,93,54.53832,11.58912,182889183.894361,6.549145218825921e-05,0.009552258938771221,1.6627683869808644e-05,0.009503061299937264,3.256995496415074e-05,0.06438859984950507,0.06012995683351948,0.0042586430159856,0.12294065403893256,4.451367385886398e-06,1.4522804603621072e-05,0.00013673617966497074,6.671458779924966e-11,5.551636047913149e-11,1.1198227320118246e-11,4.192180753718843e-10,4.029889394741389e-10,1.6229135897745316e-11,0.0005988575350601927,0.4681778006935558,3.133802811329558e-07,1.411503433255701e-10,7.607271533234062e-10,5.3459967408057387e-05,0.005200617371891339
74074,2300,68,93,54.53967,11.57968,182889183.894361,6.558441216311195e-05,0.009553678471730482,1.6634230606504938e-05,0.009504471584644954,3.257265647902666e-05,0.06449126474286156,0.06023207309120106,0.004259191651660518,0.12297274180096229,4.4586074717283e-06,1.452774821909546e-05,0.0001368034138600614,6.671561406087163e-11,5.5532458220909573e-11,1.1183155839962137e-11,4.204139370667114e-10,4.041269905635846e-10,1.6286946503126692e-11,0.0005990106533915189,0.46820639517697576,3.145425747744518e-07,1.4128026293226986e-10,7.602835992201029e-10,5.3479634663530905e-05,0.005201856048851005
74075,2300,68,93,54.5404,11.53761,182889183.894361,6.614332136344823e-05,0.009626764882522213,1.6701099095137466e-05,0.009577452528463155,3.2611254963926636e-05,0.06507421505952249,0.06080077573648762,0.004273439323034881,0.12357981513895265,4.503682934908991e-06,1.4604462198709933e-05,0.00013763927278051741,6.695563846104192e-11,5.5730048434052706e-11,1.1225590026989298e-11,4.2567483354808143e-10,4.091543925741545e-10,1.6520440973926748e-11,0.0006020079434828253,0.46844966957789047,3.191045299559083e-07,1.4243796879993e-10,7.617152589703518e-10,5.3771260261285326e-05,0.005222289696940546
74076,2300,68,93,54.54121,11.57044,182889183.894361,6.575190036293513e-05,0.009577763941341175,1.6655196486317172e-05,0.009528523764397483,3.258498045737754e-05,0.06466485224786887,0.060401019454813805,0.004263832793055067,0.12316876465997269,4.47216593573059e-06,1.4552325007494791e-05,0.000137068482202833,6.679541932734736e-11,5.5595061376873064e-11,1.1200357950474374e-11,4.219252984704392e-10,4.0557223210154585e-10,1.6353066368893227e-11,0.0005999789258472599,0.4682818610318435,3.1582767076745575e-07,1.4164008207994879e-10,7.608518181759316e-10,5.357290147735304e-05,0.005208417063211526
74077,2300,68,93,54.54303,11.56092,182889183.894361,6.570764809111794e-05,0.009534040986894511,1.663374021096553e-05,0.009484838461753145,3.256878493040473e-05,0.06463879255406663,0.06038252386420745,0.004256268689859201,0.12287719833667948,4.4676906851869186e-06,1.451863698587204e-05,0.00013674865995966687,6.66390222168138e-11,5.552019764769646e-11,1.1118824569117417e-11,4.226423425022595e-10,4.0624072702042464e-10,1.6401615481834728e-11,0.0005985213783438938,0.4682204856191411,3.1689220119039825e-07,1.41326926109551e-10,7.5832918448269e-10,5.344790658912024e-05,0.00519916929057601
74078,2300,68,93,54.5433,11.52777,182889183.894361,6.626465807606665e-05,0.009628631179161677,1.6709646074752625e-05,0.009579306746145213,3.261478694171571e-05,0.06520828214716382,0.06093412297496914,0.00427415917219467,0.12362189944433176,4.513131451088885e-06,1.461092251478197e-05,0.0001377271023752783,6.695698411663431e-11,5.5751057474460477e-11,1.1205926642173907e-11,4.272354489507302e-10,4.1063956401375764e-10,1.6595884936972488e-11,0.0006022080126522597,0.468487197130893,3.20621230548256e-07,1.426078158384174e-10,7.611378533959733e-10,5.379698020290327e-05,0.0052239071252535955
74079,2300,68,93,54.54429,11.61791,182889183.894361,6.529494048780875e-05,0.009527808873528618,1.6604684538274097e-05,0.009478647367508728,3.2556821481619936e-05,0.06418332701087323,0.059929474565997176,0.004253852444876054,0.12273579139191375,4.43553874542243e-06,1.449672893431052e-05,0.00013645053883520544,6.663449790902216e-11,5.5448715814516265e-11,1.1185782094505973e-11,4.173316394050067e-10,4.0118675323379373e-10,1.6144886171212914e-11,0.0005978426866904441,0.46809460252466634,3.1173000705166485e-07,1.407515315106277e-10,7.603064646807898e-10,5.3360847374939874e-05,0.005193673342391413
74080,2300,68,93,54.54477,11.60895,182889183.894361,6.536873978478396e-05,0.00952892736089805,1.660988074445365e-05,0.009479758517638355,3.255896251524531e-05,0.0642647912687249,0.06001050562323101,0.004254285645493904,0.12276113854031084,4.441287567615287e-06,1.4500648787788366e-05,0.00013650386981213595,6.66353087903632e-11,5.546149720278712e-11,1.1173811587576151e-11,4.1828119685616354e-10,4.020904071959371e-10,1.619078966022638e-11,0.0005979641123567453,0.4681171746110871,3.126529782279694e-07,1.4085450351591977e-10,7.599533618052275e-10,5.337642997297279e-05,0.00519465630637924
74081,2300,68,93,54.54506,11.55145,182889183.894361,6.588491797105236e-05,0.009558280064923002,1.665539553703817e-05,0.009509043274380619,3.258139500534848e-05,0.06482320278964374,0.06056223404949765,0.004260968740146106,0.1230766611670599,4.482010460882662e-06,1.4543736368881193e-05,0.00013702082559246658,6.671893740124093e-11,5.5584493844177454e-11,1.1134443557063543e-11,4.2427944589329195e-10,4.078056317873762e-10,1.647381410591559e-11,0.0005995058289429646,0.46829902477337004,3.1829947549448575e-07,1.4170050067075824e-10,7.588512184087025e-10,5.354325836923762e-05,0.005205860844785364
74082,2300,68,93,54.54559,11.60005,182889183.894361,6.544786808445339e-05,0.009530130450204082,1.661545267989417e-05,0.009480953737715514,3.2561259808676975e-05,0.06435215598266428,0.060097404788289274,0.004254751194374989,0.12278837351300317,4.447451034704579e-06,1.4504853867953554e-05,0.00013656107223991435,6.663617997188525e-11,5.5475200768308915e-11,1.1160979203576404e-11,4.192992378824834e-10,4.030592340002342e-10,1.6240003882249104e-11,0.0005980943661297084,0.46814143495722993,3.1364248469684856e-07,1.409649877079924e-10,7.595752031203312e-10,5.3393151798849175e-05,0.005195710431098428
74083,2300,68,93,54.5461,11.5183,182889183.894361,6.638172080396045e-05,0.009630432249677275,1.671789206284703e-05,0.0095810961628845,3.2618194729930164e-05,0.06533762923438724,0.061062775426541614,0.00427485380784563,0.12366250905072439,4.522247087805952e-06,1.4617155562394969e-05,0.00013781184097845398,6.695828260603948e-11,5.577132638748107e-11,1.1186956218558487e-11,4.2874108183194006e-10,4.120724109078618e-10,1.666867092407819e-11,0.0006024010425727911,0.46852341060241187,3.2208449167336284e-07,1.4277169039642553e-10,7.605808454470974e-10,5.382179605393844e-05,0.005225467605250327
74084,2300,68,93,54.54657,11.59107,182889183.894361,6.545768078375002e-05,0.00950875099686647,1.6606973081823405e-05,0.00945958993602244,3.25540877622129e-05,0.06437437267942339,0.06012321662215241,0.004251156057270997,0.12265352957584293,4.447701634213668e-06,1.4489705135786732e-05,0.00013642423083373842,6.655833142311707e-11,5.544330083125469e-11,1.1115030591862469e-11,4.200687532838534e-10,4.0378460666408206e-10,1.6284146619771207e-11,0.0005974181111000948,0.46812048504957227,3.145742524111308e-07,1.4085293326785723e-10,7.5816083636627e-10,5.333739075216612e-05,0.005191511855355178
74085,2300,68,93,54.54696,11.54271,182889183.894361,6.590912335269588e-05,0.009537130441245552,1.6647930895412724e-05,0.00948790786478491,3.257464556523033e-05,0.06486136181522013,0.060603900474005094,0.0042574613412150585,0.12294693592039915,4.48338077707297e-06,1.4529358740237951e-05,0.00013689444739878234,6.664125232031835e-11,5.555508427867593e-11,1.10861680416425e-11,4.2523389415439303e-10,4.087069969812811e-10,1.652689717311185e-11,0.0005988534379377262,0.4682826548536851,3.1941090418799904e-07,1.4160876196972373e-10,7.573693340330879e-10,5.349057905059454e-05,0.0052018545245911645
74086,2300,68,93,54.54761,11.5824,182889183.894361,6.553928932372588e-05,0.009509995046983133,1.6612720102801305e-05,0.009460825868413163,3.255645846717133e-05,0.06446449102609317,0.06021285392343536,0.004251637102657823,0.12268166695082934,4.454057890695441e-06,1.449404386621001e-05,0.0001364832435740335,6.65592313914808e-11,5.5457433285640994e-11,1.11017981058399e-11,4.2111863368454636e-10,4.0478373357532637e-10,1.6334900109219934e-11,0.0005975524984794987,0.46814555525526164,3.155946797024491e-07,1.4096694546862844e-10,7.577711985547212e-10,5.3354648592396795e-05,0.005192599174899446
74087,2300,68,93,54.54885,11.57375,182889183.894361,6.562415940300328e-05,0.009511290885112074,1.661869708461377e-05,0.00946211326321505,3.255892481241366e-05,0.06455822070223771,0.06030608275350826,0.004252137948729463,0.12271095987065093,4.46066792354585e-06,1.4498557170404573e-05,0.00013654462582596077,6.656016826962453e-11,5.54721301436193e-11,1.1088038126005312e-11,4.22210428283199e-10,4.0582274840692996e-10,1.6387679876268873e-11,0.0005976922891091802,0.46817165886700846,3.166558287094332e-07,1.4108555556717552e-10,7.573662266877427e-10,5.337260371209221e-05,0.005193730047751424
74088,2300,68,93,54.5491,11.50936,182889183.894361,6.649758574567391e-05,0.009632216914804181,1.672605394919766e-05,0.009582869292331524,3.262156852346116e-05,0.06546566231855806,0.06119012041985868,0.004275541898699392,0.12370273347251617,4.531269203302561e-06,1.4623325981142342e-05,0.00013789572332154675,6.69595687305031e-11,5.579138750863741e-11,1.1168181221865759e-11,4.302312650962833e-10,4.1349055500405864e-10,1.6740710092224533e-11,0.0006025921290675123,0.46855928430351984,3.2353272169870076e-07,1.429339286041739e-10,7.600297696399799e-10,5.3846365381125217e-05,0.00522701221411866
74089,2300,68,93,54.54949,11.53334,182889183.894361,6.609353723917282e-05,0.00956148296784107,1.667008992459229e-05,0.009512225412782155,3.2587465134326785e-05,0.06505368229216311,0.060791477525988735,0.0042622047661743925,0.12314893002963674,4.498256417515157e-06,1.4554840513424463e-05,0.0001371718032300128,6.67212483571567e-11,5.56206167302075e-11,1.1100631626949275e-11,4.2696280522908506e-10,4.1035927112991804e-10,1.66035340991669e-11,0.0005998497239082452,0.4683634577594076,3.209073740897218e-07,1.4199240793248382e-10,7.578577820885986e-10,5.358745818510826e-05,0.005208641477666983
74090,2300,68,93,54.55019,11.56567,182889183.894361,6.570649144718363e-05,0.00951254971602451,1.6624495559016344e-05,0.009463363902310196,3.256131815530168e-05,0.06464915557011494,0.060396531267809625,0.004252624302305331,0.12273940294604413,4.467080068129026e-06,1.4502936494239288e-05,0.00013660418174629368,6.656107792491279e-11,5.5486387147659806e-11,1.1074690777253059e-11,4.232695348989648e-10,4.0683065541901785e-10,1.643887947994674e-11,0.0005978279266081507,0.46819700838375927,3.176851932259077e-07,1.4120065349023389e-10,7.56973566275654e-10,5.339002825967463e-05,0.0051948271844491755
74091,2300,68,93,54.5519,11.52424,182889183.894361,6.620139156338936e-05,0.009563140495523377,1.667768701542216e-05,0.009513872204455574,3.2590604052383584e-05,0.06517284591760364,0.06091000167652036,0.004262844241083285,0.12318631720943615,4.50665522949411e-06,1.4560582197243312e-05,0.00013724986616217558,6.672244385461709e-11,5.563929161667534e-11,1.1083152237941826e-11,4.2835004239636524e-10,4.1167944589864486e-10,1.6670596497720278e-11,0.0006000275404738457,0.4683967942142105,3.2225558642256065e-07,1.4214335447766294e-10,7.573443747345168e-10,5.361031514776738e-05,0.00521007911867146
74092,2300,68,93,54.55199,11.55598,182889183.894361,6.5808481790553e-05,0.009514110959708964,1.6631678773646174e-05,0.009464914997185969,3.256428374935226e-05,0.06476181145612739,0.0605085841615588,0.004253227294568603,0.12277466497274217,4.475023003086084e-06,1.4508362508511315e-05,0.00013667796757299322,6.656220561667588e-11,5.550404791049892e-11,1.1058157706177024e-11,4.2458148274571233e-10,4.080791806977747e-10,1.6502302047937532e-11,0.0005979959789171913,0.4682284386019383,3.18960283800034e-07,1.413432699999685e-10,7.56487363092179e-10,5.341161997635775e-05,0.00519618637004985
74093,2300,68,93,54.55243,11.50025,182889183.894361,6.661973643506737e-05,0.009634099946554162,1.673465883058419e-05,0.009584740161707789,3.2625126015787906e-05,0.06560064852810314,0.06132438077879275,0.004276267749310389,0.12374516329483026,4.540780583165659e-06,1.4629832026877126e-05,0.00013798416458492407,6.69609253326172e-11,5.581253665237895e-11,1.1148388680238328e-11,4.318022581271291e-10,4.14985602280646e-10,1.681665584648307e-11,0.0006027936063398988,0.46859712770686807,3.250594740042091e-07,1.431049992497131e-10,7.594489756956892e-10,5.387227326379838e-05,0.0052286406922129785
74094,2300,68,93,54.55329,11.61743,182889183.894361,6.536725864480829e-05,0.00950745324840342,1.6600616204358884e-05,0.009458301136338183,3.255149586088004e-05,0.06427489949375238,0.06002425400036048,0.004250645493391918,0.12262356268500893,4.4406489450188205e-06,1.4484943583930199e-05,0.00013635927479161564,6.655737098500012e-11,5.542762613506565e-11,1.112974484993453e-11,4.1890373417769377e-10,4.026759049722222e-10,1.6227829205471424e-11,0.0005972704721444804,0.4680939338369838,3.1344126807527616e-07,1.4072821912401885e-10,7.58601836834048e-10,5.331856378669722e-05,0.005190310922491907
74095,2300,68,93,54.55352,11.5478,182889183.894361,6.589498928940471e-05,0.009515435738353267,1.6637771599007564e-05,0.00946623116737433,3.2566799379932006e-05,0.06485736793567251,0.060603629036342394,0.004253738899330127,0.12280458211366223,4.4817600781406755e-06,1.4512965123841574e-05,0.00013674055509000613,6.656316236404722e-11,5.551902753916745e-11,1.1044134824879842e-11,4.256942559763909e-10,4.091381599039035e-10,1.6556096072487295e-11,0.0005981385282057462,0.4682551057456752,3.2004179091744196e-07,1.4146424716961018e-10,7.560750313861128e-10,5.342993590263518e-05,0.005197339247478508
74096,2300,68,93,54.55353,11.60928,182889183.894361,6.543059364662073e-05,0.009508410517165656,1.6605075268086246e-05,0.00945925210972197,3.255333217560219e-05,0.064344800320875,0.06009378378188605,0.004251016538988975,0.1226452764218394,4.445582943123313e-06,1.4488306137384503e-05,0.000136405029769939,6.65580656935483e-11,5.5438595718705324e-11,1.1119469974843053e-11,4.1971870714322905e-10,4.0345148059875206e-10,1.6267226544476817e-11,0.0005973746393279489,0.46811326543742815,3.1423344403282605e-07,1.4081653790633562e-10,7.582984998534896e-10,5.3331927279636256e-05,0.005191154383992445
74097,2300,68,93,54.55411,11.60121,182889183.894361,6.549910853455148e-05,0.009509450119076992,1.6609899560600525e-05,0.009460284899096174,3.2555320420220754e-05,0.06442043695867591,0.06016901790358785,0.004251419055088089,0.12266882663526668,4.4509199713202e-06,1.4491945992195769e-05,0.0001364545483932407,6.65588190598259e-11,5.545046165566065e-11,1.1108357404165322e-11,4.2060024522894667e-10,4.0429040335460324e-10,1.6309841874343293e-11,0.0005974873891313376,0.4681342395552159,3.150902906128011e-07,1.4091216063746662e-10,7.579708195188501e-10,5.33463984825271e-05,0.0051920670196611285
74098,2300,68,93,54.55451,11.51566,182889183.894361,6.630823196214634e-05,0.009564784513649149,1.6685212964785615e-05,0.009515505586327326,3.259371435704223e-05,0.0652908990087591,0.061027420727911265,0.004263478280847858,0.12322338399189513,4.5149748291434205e-06,1.4566271079957834e-05,0.00013732720628354517,6.672362905709076e-11,5.5657790532716136e-11,1.1065838524374703e-11,4.2972419326229057e-10,4.1298716693473644e-10,1.6737026327554014e-11,0.0006002037178387154,0.46842984879556376,3.235910639232746e-07,1.4229292339595036e-10,7.568360323912342e-10,5.363296480772052e-05,0.0052115033426354635
74099,2300,68,93,54.55482,11.59303,182889183.894361,6.549803014819381e-05,0.009487902615760888,1.6600652721105152e-05,0.009438754131923584,3.254783111620045e-05,0.06443061740637279,0.06018285824963144,0.004247759156741362,0.12253019725814357,4.450322545446396e-06,1.4476217085073758e-05,0.00013630982063353404,6.64808494835443e-11,5.5416676069444735e-11,1.1064173414099646e-11,4.2122969262693617e-10,4.048824792587761e-10,1.634721336815997e-11,0.0005967931677189557,0.46810991310403305,3.158859360392987e-07,1.4078485022280934e-10,7.566082189196908e-10,5.328832688829363e-05,0.005187723239654944
74100,2300,68,93,54.55555,11.58511,182889183.894361,6.556850492125257e-05,0.00948897453249078,1.660561535913221e-05,0.0094398190397837,3.254987734795251e-05,0.06450842971845772,0.06026025581485791,0.004248173903599821,0.12255445976394173,4.455811922237103e-06,1.4479962520551826e-05,0.0001363607694858772,6.648162557331552e-11,5.5428880924616656e-11,1.1052744648698936e-11,4.221363913155256e-10,4.057453462351724e-10,1.639104508035315e-11,0.0005969091830769491,0.4681315263757279,3.1676721777199807e-07,1.4088325973856285e-10,7.56271461752127e-10,5.33032214581046e-05,0.005188662103385316
74101,2300,68,93,54.55566,11.5389,182889183.894361,6.599650838728233e-05,0.009516993746476885,1.664492215697729e-05,0.009467779071330248,3.2569752989661725e-05,0.06496952193020328,0.06071518171826234,0.004254340211940947,0.12283974085616318,4.489665821265086e-06,1.451836832397257e-05,0.00013681402119753772,6.656428665668406e-11,5.5536605913525306e-11,1.1027680743158829e-11,4.270000555082518e-10,4.103808339863891e-10,1.6619221521862574e-11,0.0005983058662774257,0.46828645123575363,3.213108739203096e-07,1.4160628418829075e-10,7.55591532522339e-10,5.345144238986788e-05,0.005198692341163417
74102,2300,68,93,54.55586,11.49113,182889183.894361,6.674350002140743e-05,0.009636008616950022,1.674337743605143e-05,0.009586636508697533,3.262873081644229e-05,0.0657374207460554,0.06146041734638883,0.00427700339966657,0.12378816498360432,4.550417457046926e-06,1.463642441898916e-05,0.0001380737777711385,6.69623002003065e-11,5.58339648994519e-11,1.1128335300854676e-11,4.333939779560152e-10,4.165003743492676e-10,1.6893603606747385e-11,0.0006029977560733361,0.4686354825826717,3.2660636319000577e-07,1.4327834421631732e-10,7.588606020236068e-10,5.389852606909868e-05,0.005230290709641004
74103,2300,68,93,54.55649,11.57705,182889183.894361,6.564360994120736e-05,0.009490119013534975,1.6610904333002006e-05,0.009440956050259616,3.255205894236015e-05,0.06459136437662913,0.06034274788217197,0.004248616494457172,0.12258034839808488,4.461661691056159e-06,1.4483955247180454e-05,0.000136415077117777,6.648245362652848e-11,5.5441887225062456e-11,1.1040566401466084e-11,4.2310261432173297e-10,4.066648599426462e-10,1.6437754379086722e-11,0.0005970328541957849,0.46815459217666194,3.177063380206257e-07,1.4098817755504093e-10,7.559128254933632e-10,5.3319102426237016e-05,0.005189662752352371
74104,2300,68,93,54.55745,11.50681,182889183.894361,6.649503186870832e-05,0.009589177677698724,1.670754059354853e-05,0.009539863532023896,3.2606605081281384e-05,0.06548587428646552,0.061217637329987175,0.00426823695647837,0.12342626470395095,4.530035782909375e-06,1.4591882125518572e-05,0.00013760631022794045,6.680365334847854e-11,5.572373533644849e-11,1.107991801203012e-11,4.3148370739211426e-10,4.1466856460804537e-10,1.6815142784068744e-11,0.0006012039996747303,0.468511449540675,3.2511724406447583e-07,1.4267998796806665e-10,7.573135792546284e-10,5.373036409809554e-05,0.005218322287832629
74105,2300,68,93,54.55761,11.56894,182889183.894361,6.572217234512089e-05,0.009491318013945819,1.6616437025372794e-05,0.009442147235163923,3.255434175652606e-05,0.0646781254404729,0.06042904547073924,0.00424907996973369,0.12260745629126155,4.467780521427343e-06,1.4488132815532578e-05,0.00013647189452569027,6.648332063356083e-11,5.5455491894526675e-11,1.102782873903424e-11,4.241132765588884e-10,4.0762666454462e-10,1.6486612014268324e-11,0.0005971622470921954,0.4681787476828625,3.1868863622414083e-07,1.4109796180007656e-10,7.555378908783522e-10,5.3335721160812216e-05,0.005190709551961469
74106,2300,68,93,54.55771,11.53018,182889183.894361,6.616829143231084e-05,0.009541150466939242,1.6666191262400485e-05,0.009491902071448507,3.258220422833819e-05,0.06514787920223379,0.060888870925178744,0.004259008277055053,0.12303733116644429,4.503558084326458e-06,1.4543176727172125e-05,0.0001370822260391903,6.664414191782643e-11,5.559995168028217e-11,1.1044190237544336e-11,4.2856654375546837e-10,4.11878537264411e-10,1.6688006491057285e-11,0.0005992813016278994,0.4683633243615156,3.226495037766326e-07,1.4197221895703882e-10,7.561399110086642e-10,5.354563855620951e-05,0.005205310851737991
74107,2300,68,93,54.55894,11.56053,182889183.894361,6.580652301391126e-05,0.009492607070105966,1.6622377581652262e-05,0.009443427899020636,3.2556793503677795e-05,0.06477128686518455,0.060521708795110186,0.004249578070074359,0.12263658715791656,4.4743499585048925e-06,1.4492619149607048e-05,0.00013653290723763742,6.648425230095913e-11,5.547009857950352e-11,1.1014153721455685e-11,4.251983643349281e-10,4.086592967459346e-10,1.6539067588993493e-11,0.0005973012001670704,0.46820470900601,3.1974325742786354e-07,1.412158689422653e-10,7.551355296568576e-10,5.335357059077343e-05,0.00519183355813451
74108,2300,68,93,54.5593,11.48293,182889183.894361,6.678718873792646e-05,0.009615169367153642,1.6737286638202844e-05,0.009565809527380219,3.262255313522419e-05,0.06579715736482533,0.06152354280062698,0.0042736145641983705,0.12366535771113127,4.553303622827148e-06,1.4623090207951354e-05,0.00013796155962326803,6.688483606573032e-11,5.5807926690713076e-11,1.1076909375017318e-11,4.34598785538798e-10,4.1763999560083623e-10,1.6958789937961646e-11,0.0006023776580615797,0.46862530123742036,3.279610202165112e-07,1.4321409197582771e-10,7.572872333860023e-10,5.38500157520141e-05,0.0052265446099741646
74109,2300,68,93,54.55992,11.52196,182889183.894361,6.619307860052853e-05,0.009520012764453425,1.6658768000445586e-05,0.009470778523445696,3.257547300728622e-05,0.065186694978321,0.06093118982185429,0.004255505156466724,0.12290785227448625,4.5049733370399895e-06,1.4528831760836549e-05,0.0001369562848190556,6.656646464259944e-11,5.557064226101173e-11,1.0995822381587794e-11,4.295284102568669e-10,4.127869620042542e-10,1.674144825261253e-11,0.0005986299164300984,0.46834717958386635,3.23768118062367e-07,1.418813540219071e-10,7.54655600187694e-10,5.349309342093518e-05,0.005201312427429995
74110,2300,68,93,54.5601,11.55288,182889183.894361,6.588273592708605e-05,0.00949377186226354,1.662774503416249e-05,0.00944458510846922,3.255900876015786e-05,0.06485546097337828,0.0606054328300635,0.004250028143314813,0.12266290908597842,4.480285595087171e-06,1.4496672718913166e-05,0.00013658803425304293,6.648509413012484e-11,5.5483296060841824e-11,1.1001798069283094e-11,4.26178765816474e-10,4.0959230342023926e-10,1.6586462396234746e-11,0.0005974267492376418,0.4682281671941931,3.2069613088003266e-07,1.4132240291722624e-10,7.547719976390319e-10,5.336969835003864e-05,0.005192849130120232
74111,2300,68,93,54.56049,11.49793,182889183.894361,6.653800121038493e-05,0.00956832397675858,1.670139866882733e-05,0.009519022173092475,3.260040499728087e-05,0.06554480019324886,0.06127995728190711,0.0042648429113417525,0.12330315715344818,4.532866349256497e-06,1.4578507691902031e-05,0.00013749355330785643,6.672617969395345e-11,5.569757324038492e-11,1.1028606453568606e-11,4.326793360861709e-10,4.157994507902184e-10,1.6879885295952356e-11,0.0006005826625165175,0.4685009942086118,3.264630077204217e-07,1.4261466110191634e-10,7.557432441953762e-10,5.368168892134853e-05,0.005214566438646881
74112,2300,68,93,54.56215,11.54294,182889183.894361,6.599034170207145e-05,0.009495420671311521,1.6635323960816004e-05,0.009446223209021944,3.2562138328762796e-05,0.06497432704058534,0.060723662258580585,0.004250664782004775,0.12270013665942547,4.488665657429332e-06,1.4502398392061553e-05,0.0001366658911739369,6.648628464197704e-11,5.550192888046419e-11,1.098435576151293e-11,4.2756291259403913e-10,4.1090953732551063e-10,1.6653375268528436e-11,0.0005976040793730783,0.468261352329221,3.2204137915097803e-07,1.414729037479297e-10,7.542592096440702e-10,5.339248474012659e-05,0.005194283226350051
74113,2300,68,93,54.56229,11.61696,182889183.894361,6.544054949498278e-05,0.009487114180788998,1.6596616601138842e-05,0.009437971364944212,3.254619924364965e-05,0.06436755420020492,0.06012010944362965,0.004247444756575274,0.12251169528032198,4.44583469118274e-06,1.4473210928126421e-05,0.00013626872334245285,6.648025557527547e-11,5.540670455829469e-11,1.1073551016980866e-11,4.204883048906781e-10,4.041769294913486e-10,1.631137539932942e-11,0.0005966998864276588,0.46809359026401043,3.15164641136953e-07,1.407063002018245e-10,7.568927639461975e-10,5.327649221449122e-05,0.005186961544190168
74114,2300,68,93,54.56231,11.60962,182889183.894361,6.54938362840838e-05,0.009487916808371787,1.66003678551462e-05,0.009438768697488765,3.254774302787849e-05,0.0644263521654109,0.060178596000385914,0.004247756165024995,0.12252992258203162,4.449986243683356e-06,1.4476038435737237e-05,0.0001363072044503271,6.648083880636221e-11,5.541593434542933e-11,1.1064904460932962e-11,4.2117404110287873e-10,4.0482951598741263e-10,1.6344525115466106e-11,0.0005967874839756203,0.4681098127671166,3.1583121769782334e-07,1.4078055174091986e-10,7.566372332868417e-10,5.3287725448931504e-05,0.005187671058018362
74115,2300,68,93,54.56247,11.51338,182889183.894361,6.637155149301291e-05,0.009544275838643564,1.6680508803268357e-05,0.009495007209367485,3.258812047281431e-05,0.0653724601710465,0.06111224629957944,0.004260213871467089,0.12310781470398252,4.519386112893895e-06,1.4553998311440524e-05,0.00013722935053304803,6.664639566961822e-11,5.563514566834925e-11,1.1011250001269038e-11,4.3118086723570115e-10,4.143664779840205e-10,1.6814389251680576e-11,0.0005996164365889791,0.46842617433384487,3.251902697483312e-07,1.4225672227617515e-10,7.551725414273239e-10,5.3588720273276483e-05,0.005208020277720062
74116,2300,68,93,54.56264,11.60237,182889183.894361,6.555175402137993e-05,0.009488793161990297,1.6604445648692952e-05,0.009439639293649334,3.254942269227045e-05,0.06449027864267269,0.06024218290092196,0.00424809574175075,0.12254979351107217,4.454498100604323e-06,1.447911392473552e-05,0.0001363490509810469,6.648147453272097e-11,5.5425965471552034e-11,1.1055509061169e-11,4.21919285635355e-10,4.055387339601726e-10,1.6380551675182353e-11,0.0005968827564496626,0.4681275055183917,3.1655560797276723e-07,1.408613355534073e-10,7.563599526533148e-10,5.329994943549386e-05,0.005188442420877437
74117,2300,68,93,54.56306,11.59498,182889183.894361,6.561245308631775e-05,0.009489712956827582,1.660871944810031e-05,0.009440553053775854,3.2551183603631173e-05,0.06455728135551413,0.06030882935245955,0.004248452003054601,0.12257063902683417,4.459226458405738e-06,1.4482337874732242e-05,0.00013639291430119483,6.648214140580355e-11,5.543647804429989e-11,1.104566336150373e-11,4.227002888322243e-10,4.062819819186274e-10,1.6418306913596854e-11,0.0005969826253340389,0.46814606854621954,3.1731474536706986e-07,1.4094602587503396e-10,7.560695126009101e-10,5.331276540057491e-05,0.005189250890341962
74118,2300,68,93,54.56314,11.47418,182889183.894361,6.691400509659214e-05,0.009617127942292681,1.674622067693032e-05,0.009567755473543082,3.262624807267054e-05,0.06593731646148189,0.061662947315475045,0.004274369146006861,0.12370946244373275,4.563177852273571e-06,1.4629846811711278e-05,0.0001380533982836623,6.688624613250618e-11,5.582988293137678e-11,1.105636320112948e-11,4.3622970557283915e-10,4.191920727629986e-10,1.703763280984035e-11,0.0006025868875908766,0.4686646451425636,3.295459828184702e-07,1.4339176913248093e-10,7.566846719280697e-10,5.3876926435471887e-05,0.005228235460641801
74119,2300,68,93,54.5635,11.58783,182889183.894361,6.567202688523199e-05,0.009490616516421567,1.661291412736788e-05,0.00944145069007119,3.255291222301239e-05,0.06462304576624651,0.06037424387936934,0.0042488018868771715,0.12259111033815188,4.463867058955221e-06,1.4485502520800909e-05,0.0001364359688155884,6.648279628779172e-11,5.544679556883055e-11,1.1036000718961241e-11,4.2346679570358543e-10,4.070114343110591e-10,1.6455361392526276e-11,0.0005970806555781012,0.4681642998580493,3.1805978572903384e-07,1.4102916247687283e-10,7.557845507995715e-10,5.332534676021228e-05,0.0051900444106597315
74120,2300,68,93,54.5635,11.53612,182889183.894361,6.613631531854649e-05,0.009519179350439728,1.6654774902997824e-05,0.009469950737712375,3.257383782435818e-05,0.06512416203780641,0.06086898260483799,0.00425517943296843,0.12288875931613795,4.500548266029106e-06,1.4525832023947656e-05,0.00013691540819076126,6.656585318586757e-11,5.556080604248108e-11,1.1005047143386555e-11,4.287974667765737e-10,4.120913530709229e-10,1.670611370565063e-11,0.0005985369415488516,0.4683302268368644,3.230574239215964e-07,1.4180268926432343e-10,7.549302852462928e-10,5.3481206155896396e-05,0.005200557644844434
74121,2300,68,93,54.56351,11.48981,182889183.894361,6.664748386978566e-05,0.009570012212383254,1.6709111218977803e-05,0.009520699507404331,3.2603593759946896e-05,0.06566578951788958,0.06140029589639476,0.004265493621494852,0.12334119399714774,4.541391260373464e-06,1.4584339285061092e-05,0.00013757282509644725,6.67273958282743e-11,5.57165289472794e-11,1.1010866880994972e-11,4.340873935883743e-10,4.171394392384792e-10,1.6947954349895074e-11,0.0006007632526035653,0.4685349203874666,3.2783140898552963e-07,1.4276800009906728e-10,7.552227397154269e-10,5.3704911733088684e-05,0.005216026053351775
74122,2300,68,93,54.56412,11.58036,182889183.894361,6.573708907920312e-05,0.00949160526762019,1.6617495513903005e-05,0.009442432971168547,3.255480093774394e-05,0.06469487802687646,0.06044569348017381,0.00424918454670265,0.12261349684111911,4.468934946398078e-06,1.4488959823815575e-05,0.00013648300023082752,6.648351238985759e-11,5.54580632372512e-11,1.102544915260646e-11,4.243038767045865e-10,4.078080490867725e-10,1.6495827617813916e-11,0.0005971877476124871,0.46818424041260787,3.188734080831496e-07,1.4111999718826315e-10,7.554735604047971e-10,5.333909433132163e-05,0.005190911128340332
74123,2300,68,93,54.56489,11.57294,182889183.894361,6.58044095484309e-05,0.00949263011872944,1.662223615675315e-05,0.009443451126594735,3.2556755977954774e-05,0.06476921189004152,0.060519630906264714,0.00424958098377683,0.1226366870682638,4.474178517547559e-06,1.4492538138280435e-05,0.00013653167357610308,6.648425415833533e-11,5.546972164829606e-11,1.1014532510039336e-11,4.2516997364629994e-10,4.086322770656591e-10,1.6537696580640707e-11,0.0005972985846217791,0.4682049001748092,3.1971521890975004e-07,1.4121402030016675e-10,7.5515198064288e-10,5.335332558025663e-05,0.005191808013590586
74124,2300,68,93,54.56512,11.50471,182889183.894361,6.647952755605118e-05,0.009545937631317478,1.668811479014802e-05,0.009496658252559445,3.259126396788903e-05,0.06549176951462567,0.061230914780571306,0.004260854734054355,0.12314527997801107,4.527794109064455e-06,1.4559747834198695e-05,0.00013730751434038702,6.664759360657036e-11,5.565384116012125e-11,1.0993752446449182e-11,4.3256961818533464e-10,4.1568809329198865e-10,1.688152489334582e-11,0.000599794491322817,0.468459584822981,3.265399340283879e-07,1.424078870238782e-10,7.546588300940736e-10,5.361161178257543e-05,0.005209459654692471
74125,2300,68,93,54.56532,11.52825,182889183.894361,6.622486306996998e-05,0.00952053808325381,1.666101178902412e-05,0.00947130065750916,3.257641395562646e-05,0.06522198487971935,0.06096628102229068,0.004255703857428701,0.12291942266922375,4.507443898084288e-06,1.453054472766948e-05,0.00013697948626031204,6.656683373162044e-11,5.5576138424941496e-11,1.099069530667901e-11,4.2993642552030127e-10,4.1317525185046455e-10,1.6761173669836663e-11,0.0005986828952170217,0.4683575641224156,3.2416435901932823e-07,1.419265737713399e-10,7.545085406652767e-10,5.349996395790691e-05,0.005201737840713465
74126,2300,68,93,54.56588,11.56508,182889183.894361,6.587871689373437e-05,0.00949376320879305,1.662746906000722e-05,0.00944457682500083,3.255891473221587e-05,0.06485126929673216,0.06060125021017966,0.004250019086552514,0.12266231220385025,4.4799660627556426e-06,1.44964888925738e-05,0.00013658540849260746,6.648507376498167e-11,5.5482589660335214e-11,1.1002484104646537e-11,4.2612591798726735e-10,4.095420089805066e-10,1.6583909006760703e-11,0.0005974209542149562,0.4682277326214559,3.2064434266749385e-07,1.4131783907438947e-10,7.547972413447535e-10,5.336904067251167e-05,0.005192798071031376
74127,2300,68,93,54.56666,11.558,182889183.894361,6.594417349467492e-05,0.009494760913570868,1.6632078615697732e-05,0.0094455680187805,3.2560816174671853e-05,0.06492355086832628,0.06067314597904554,0.004250404889280766,0.12268487878906284,4.485064305996342e-06,1.4499968832763577e-05,0.00013663274079083813,6.648579555572375e-11,5.549392504776012e-11,1.0991870507963702e-11,4.269680090374495e-10,4.103433915311444e-10,1.6624617506305022e-11,0.0005975287417532333,0.46824783906426376,3.2146281087532644e-07,1.4140928354989161e-10,7.544847063490055e-10,5.338288239543499e-05,0.005193670182768021
74128,2300,68,93,54.56692,11.48115,182889183.894361,6.67670800258818e-05,0.00957185750415332,1.67175363666021e-05,0.00952253289022393,3.2607077562791796e-05,0.06579796044631883,0.06153175569781481,0.004266204748504024,0.12338276107122159,4.550703526440091e-06,1.459071020029775e-05,0.00013765942553243578,6.672872480646049e-11,5.57372354752467e-11,1.0991489331213852e-11,4.3562549685070605e-10,4.186031866773816e-10,1.702231017332431e-11,0.0006009605420467211,0.4685719973090917,3.293261845446901e-07,1.4293552590643273e-10,7.54654280610525e-10,5.3730283796377866e-05,0.005217620552709943
74129,2300,68,93,54.567,11.46596,182889183.894361,6.703682553990231e-05,0.009619026014417872,1.675487337119631e-05,0.009569641313939177,3.262982710750149e-05,0.06607306489101751,0.06179796460294776,0.004275100288069757,0.1237521956107497,4.572740800457452e-06,1.4636391205280737e-05,0.00013814234961111662,6.688761232007202e-11,5.585114710316313e-11,1.1036465216908967e-11,4.3780920987741194e-10,4.206952197324122e-10,1.7113990144999558e-11,0.0006027895433531271,0.46870276775229486,3.310809687907206e-07,1.4356387196094715e-10,7.561012361831657e-10,5.390299360102426e-05,0.0052298730907830455
74130,2300,68,93,54.56749,11.51994,182889183.894361,6.632226779051991e-05,0.0095220345017382,1.666787275664674e-05,0.009472787380449467,3.25792485320894e-05,0.06532960076133476,0.06107331952927863,0.0042562812320561276,0.12295317978543865,4.5150290444082435e-06,1.4535729827559158e-05,0.00013704998320691138,6.656791316614624e-11,5.559300407362289e-11,1.097490909252343e-11,4.3118926969554645e-10,4.143675305229741e-10,1.6821739172572228e-11,0.0005988434757003653,0.46838766286254835,3.253819631757614e-07,1.4206288533024176e-10,7.540448158791995e-10,5.352060450377022e-05,0.005203036169555417
74131,2300,68,93,54.56773,11.49669,182889183.894361,6.658186314737418e-05,0.009547513693564947,1.6695323598804415e-05,0.009498224126247762,3.2594243718382606e-05,0.06560485140884476,0.061343388989698926,0.004261462419145828,0.1231808043056864,4.535762753641545e-06,1.4565197624273134e-05,0.00013738160076355168,6.664872945659766e-11,5.5671559820256596e-11,1.0977169636341135e-11,4.338857998850504e-10,4.1694064749785243e-10,1.694515238719776e-11,0.0005999632616802761,0.468491266411096,3.2781906286140224e-07,1.425511767477084e-10,7.541720782269694e-10,5.363331142214552e-05,0.005210823892271808
74132,2300,68,93,54.56803,11.55004,182889183.894361,6.602560499475619e-05,0.009496006279615462,1.6637813707432218e-05,0.009446805282437378,3.2563183470656656e-05,0.0650134925195622,0.06076260651181882,0.004250886007743404,0.12271301531572287,4.4914062772528754e-06,1.4504300428302755e-05,0.00013669164691278095,6.648669539974e-11,5.55080260491689e-11,1.0978669350571174e-11,4.280155245824045e-10,4.113402678029096e-10,1.6675256779494774e-11,0.0005976629004148502,0.46827291593456966,3.2248090737893974e-07,1.415231286131903e-10,7.54096375843124e-10,5.340011746544708e-05,0.00519475533342404
74133,2300,68,93,54.5693,11.54207,182889183.894361,6.61786422854507e-05,0.009519870585521286,1.6657761811138105e-05,0.009470637736432735,3.257508727741764e-05,0.06517111814718937,0.06091567642225099,0.004255441724938386,0.12290404264343878,4.503839308943412e-06,1.4528108437055471e-05,0.00013694626086839154,6.656634090626057e-11,5.5568126860049454e-11,1.0998214046211187e-11,4.2934099638676843e-10,4.1260860606984607e-10,1.6732390316922196e-11,0.0005986073624487849,0.46834392919336676,3.2358533569073225e-07,1.4186274151680403e-10,7.547334898870939e-10,5.3490325143630015e-05,0.005201123768383964
74134,2300,68,93,54.56975,11.51151,182889183.894361,6.642211429385821e-05,0.009523569128245401,1.6674905811107717e-05,0.009474312067967132,3.258215446716267e-05,0.06543991765969594,0.06118304438578864,0.004256873273907312,0.12298779356190087,4.522804252492174e-06,1.4541045304082502e-05,0.00013712225110679193,6.656901997692446e-11,5.561029237998846e-11,1.095872759693607e-11,4.3247350558858244e-10,4.1558968334372887e-10,1.6883822244853378e-11,0.0005990080925607344,0.46841852670196227,3.2663007047360476e-07,1.422026278917104e-10,7.535695462468681e-10,5.3541765015508435e-05,0.005204367078340214
74135,2300,68,93,54.57039,11.47291,182889183.894361,6.695703804714947e-05,0.009596303821122329,1.67400870672001e-05,0.009546943671861815,3.262006219331617e-05,0.0659964466225958,0.06172546318927339,0.00427098343332241,0.12358680577061207,4.566009837650575e-06,1.4616491989701587e-05,0.00013794083988142076,6.68087862064332e-11,5.5803726190166254e-11,1.100506001626701e-11,4.3742553069954597e-10,4.2032314512658366e-10,1.7102385572962208e-11,0.0006019661028469975,0.4686546444192997,3.3089170739568876e-07,1.4332710264541122e-10,7.551173257391665e-10,5.3828369242296095e-05,0.005224481812377848
74136,2300,68,93,54.5707,11.48814,182889183.894361,6.669382571014473e-05,0.009549239208164636,1.670321071785761e-05,0.009499938493151975,3.2597504294805574e-05,0.06572857677212217,0.061466449170926744,0.004262127601195436,0.12321968831144343,4.54448088222913e-06,1.457116076407332e-05,0.00013746266302046268,6.66499726999406e-11,5.569094508510498e-11,1.0959027614835678e-11,4.353257723457579e-10,4.183110080803495e-10,1.701476426540814e-11,0.0006001479272889383,0.46852594643517126,3.2921848797016454e-07,1.4270796983734894e-10,7.536396730993452e-10,5.36570567435106e-05,0.005212316523383569
74137,2300,68,93,54.57073,11.53456,182889183.894361,6.61851787801721e-05,0.009498448173141482,1.6649052433081083e-05,0.00944923129763393,3.256782307447305e-05,0.06518974972290593,0.060937920504365535,0.004251829218540429,0.12276817382796139,4.503833871247561e-06,1.4512789486719413e-05,0.00013680708760503368,6.648845940785512e-11,5.553565818871291e-11,1.0952801219142276e-11,4.300682121530828e-10,4.1329372377013e-10,1.6774488382952816e-11,0.0005979258216656902,0.46832207903443934,3.244759342906588e-07,1.4174624952328337e-10,7.533355690098133e-10,5.343389679123293e-05,0.005196881872175403
74138,2300,68,93,54.57117,11.45794,182889183.894361,6.716251891297653e-05,0.00962097015602713,1.676372868725768e-05,0.009571572936757509,3.2633490582367526e-05,0.06621199648036126,0.06193614748306935,0.004275848997291921,0.12379595341672153,4.582527231930363e-06,1.4643089628700842e-05,0.0001382333905344264,6.688901122544365e-11,5.587290834092799e-11,1.1016102884515732e-11,4.394256245159205e-10,4.2223349265034726e-10,1.719213186557312e-11,0.0006029969656451634,0.46874180751164507,3.3265181134000195e-07,1.4374003388019418e-10,7.55504345436368e-10,5.392967661715207e-05,0.005231549106274394
74139,2300,68,93,54.57195,11.50357,182889183.894361,6.651735832814245e-05,0.00952503373171524,1.6681614769812875e-05,0.009475767190184212,3.258492676121774e-05,0.06554515280648981,0.061287714581947726,0.004257438224542094,0.12302082253959637,4.5302209703895554e-06,1.454611616766185e-05,0.00013719119160400075,6.657007609489774e-11,5.562678363245831e-11,1.0943292462439504e-11,4.3369852848707046e-10,4.167554856505384e-10,1.6943042836531838e-11,0.0005991651325409611,0.46844797875089494,3.278206248192818e-07,1.423359432654146e-10,7.531162668095761e-10,5.356195274099694e-05,0.005205636672174627
74140,2300,68,93,54.57251,11.52652,182889183.894361,6.634693896363996e-05,0.009522449991963234,1.6669615427330946e-05,0.009473200394296213,3.257998223969374e-05,0.0653570290974621,0.06110059148145242,0.004256437616009706,0.1229622767447036,4.516945743171943e-06,1.4537063824892667e-05,0.0001370680334594262,6.65682031765458e-11,5.5597268677110876e-11,1.0970934499435003e-11,4.3150580384708287e-10,4.1466876168887196e-10,1.6837042158210847e-11,0.0005988847190047748,0.46839584101321974,3.2568930060717985e-07,1.4209813954317288e-10,7.539315583290604e-10,5.3525965696482314e-05,0.005203366742243332
74141,2300,68,93,54.57379,11.47985,182889183.894361,6.680555976439527e-05,0.009550962439137183,1.671108190577336e-05,0.009501650598480101,3.2600758751312315e-05,0.06585205541884445,0.06158926364885047,0.004262791769993992,0.12325851151909055,4.5531810646852156e-06,1.4577112435791808e-05,0.00013754356643443598,6.665121396961621e-11,5.5710290540904964e-11,1.094092342871131e-11,4.367627790029069e-10,4.1967854620097497e-10,1.7084232801931785e-11,0.0006003322353785793,0.4685605745061177,3.3061502083212815e-07,1.428644676531792e-10,7.531084970556188e-10,5.368075812557141e-05,0.005213806166695858
74142,2300,68,93,54.57417,11.46483,182889183.894361,6.70774395779888e-05,0.009598164483633041,1.6748569345494147e-05,0.009548792343559378,3.262357072817081e-05,0.06612952139729647,0.0618578212292273,0.004271700168069176,0.12362869690604265,4.5753844498012035e-06,1.4622907477685365e-05,0.00013802803919130518,6.681012547475062e-11,5.5824571575818916e-11,1.0985553898931772e-11,4.3897392773272856e-10,4.2179668863152513e-10,1.717723910120328e-11,0.0006021647669311437,0.4686920157950979,3.323964630773652e-07,1.4349581540714995e-10,7.545453774082394e-10,5.385392292169958e-05,0.00522608718856794
74143,2300,68,93,54.57438,11.51829,182889183.894361,6.643889283785161e-05,0.00952386095550498,1.6676092219894076e-05,0.00947460220583446,3.258265745062849e-05,0.06545861467866064,0.06120163247514191,0.004256982203518749,0.12299411908547256,4.524106630434987e-06,1.4541957790027142e-05,0.00013713457620207807,6.65692214245428e-11,5.561319084970443e-11,1.0956030574838456e-11,4.32688575116756e-10,4.1579435499397407e-10,1.6894220122781762e-11,0.0005990362864535662,0.4684242293367657,3.268388166528936e-07,1.422267887558312e-10,7.534935866812198e-10,5.3545444917831855e-05,0.00520459233447149
74144,2300,68,93,54.57447,11.49512,182889183.894361,6.669433474781898e-05,0.00954927439574787,1.6703250242240503e-05,0.009499973614577266,3.2597530928367805e-05,0.06572926736448143,0.06146712913408855,0.00426213823039288,0.12322027503902358,4.5445171405385226e-06,1.4571203386247827e-05,0.00013746317733346955,6.664999080216415e-11,5.569102781044877e-11,1.0958962991715459e-11,4.3533172484666053e-10,4.183166721004366e-10,1.701505274622382e-11,0.0006001491947045139,0.46852651990020183,3.292240529853611e-07,1.4270922888948622e-10,7.536403992114209e-10,5.3657264602412475e-05,0.005212324603088251
74145,2300,68,93,54.57617,11.51045,182889183.894361,6.652678786879659e-05,0.009525210057466989,1.668228318296926e-05,0.009475942559525566,3.258521475845677e-05,0.06555571823266786,0.06129821536337296,0.004257502869294921,0.12302456217766444,4.530951384498695e-06,1.4546635972894094e-05,0.0001371981839787817,6.657019491756314e-11,5.562841013495917e-11,1.0941784782604047e-11,4.3381912977885643e-10,4.1687025595494344e-10,1.6948873823912864e-11,0.0005991811702622254,0.4684513709615449,3.279375808683613e-07,1.4234976775000257e-10,7.530749952426344e-10,5.356406585498649e-05,0.00520576384885844
74146,2300,68,93,54.57716,11.47173,182889183.894361,6.692010956685613e-05,0.009552730823025027,1.6719151682638465e-05,0.009503407575375034,3.260409596735954e-05,0.06597865387090852,0.06171518071450064,0.004263473156407896,0.12329833897739373,4.562100282268675e-06,1.4583215071831927e-05,0.00013762651785586798,6.665248730606879e-11,5.5730123169221945e-11,1.0922364136846911e-11,4.382359613384159e-10,4.210805111305704e-10,1.715545020784526e-11,0.0006005212151329751,0.4685961014778866,3.3204669658625844e-07,1.4302494377695767e-10,7.525641338560901e-10,5.370506310196607e-05,0.005215333431370713
74147,2300,68,93,54.57718,11.4868,182889183.894361,6.680040033943199e-05,0.00955090813436093,1.6710721833631998e-05,0.00950159679314064,3.260061938666254e-05,0.06584647202956626,0.06158370390051432,0.004262768129051954,0.12325709764490349,4.552776203395375e-06,1.4576851945141167e-05,0.00013753996534227744,6.665116815760849e-11,5.570939224719918e-11,1.0941775910409369e-11,4.3669587465182844e-10,4.196148755082446e-10,1.7080999143583677e-11,0.000600324120137188,0.4685593597530366,3.305497976789766e-07,1.4285774595194276e-10,7.531359324430288e-10,5.367975600959544e-05,0.005213738576291785
74148,2300,68,93,54.57844,11.50141,182889183.894361,6.663142569352098e-05,0.009526817734897108,1.668965365248393e-05,0.009477539821359621,3.258825988500807e-05,0.06567132612560551,0.06141320296860216,0.004258123157003374,0.12306082810019314,4.539099773527426e-06,1.4552206187247664e-05,0.00013727391663848344,6.657135457162844e-11,5.5646528170001683e-11,1.0924826401626817e-11,4.35165004981815e-10,4.181510683077516e-10,1.7013936674063315e-11,0.0005993536773232882,0.4684837068728107,3.292455981686179e-07,1.4249620431406161e-10,7.52576850892176e-10,5.358623963416023e-05,0.005207158595835042
74149,2300,68,93,54.58016,11.47863,182889183.894361,6.690936778259063e-05,0.009552588349806093,1.6718398079046714e-05,0.009503266158616372,3.2603793110676275e-05,0.06596689163498673,0.06170347587896405,0.004263415756022696,0.12329495435868197,4.561261006320693e-06,1.4582656052490201e-05,0.000137618863682053,6.6652378534533e-11,5.5728258765056305e-11,1.0924119769476764e-11,4.3809730759390213e-10,4.2094855964632753e-10,1.714874794757445e-11,0.0006005038592012752,0.46859312513026313,3.319117615636867e-07,1.4301036184073353e-10,7.526178687266589e-10,5.37028692609315e-05,0.005215191318601087
74150,2300,68,93,54.58058,11.49374,182889183.894361,6.672355311424805e-05,0.009528234688649842,1.669614311489788e-05,0.00947894760395296,3.2590941581987284e-05,0.06577311901670424,0.061514449318946174,0.004258669697758088,0.12309278042282049,4.546273764543391e-06,1.4557111276347682e-05,0.00013734060270641126,6.657237625638531e-11,5.5662479734549484e-11,1.0909896521835908e-11,4.3634993619766593e-10,4.192787170542683e-10,1.7071219143397515e-11,0.0005995055828909575,0.46851219937135485,3.303971866777694e-07,1.4262516279443115e-10,7.521384355669372e-10,5.360576777583334e-05,0.005208386658548603
74151,2300,68,93,54.58315,11.48557,182889183.894361,6.689896457426292e-05,0.00955245213586145,1.6717668465783038e-05,0.009503130966831919,3.2603500563751594e-05,0.06595550842338625,0.06169214776660807,0.004263360656778175,0.12329170293762552,4.560447965411877e-06,1.4582115656449243e-05,0.0001376114601925257,6.665227399671102e-11,5.572645277610819e-11,1.0925821220602899e-11,4.379629857065929e-10,4.208207305789571e-10,1.7142255127635582e-11,0.0006004870779936865,0.46859026949023236,3.3178102804652714e-07,1.4299627484936485e-10,7.526701134358123e-10,5.37007510305692e-05,0.00521505376882274
74152,2300,69,82,56.65321,8.22544,131365942.40944,0.00010199684686479775,0.011658021090062734,2.2282510248738634e-05,0.011591288876906938,4.444970290706142e-05,0.10415588619534613,0.09870702478558008,0.005448861409766104,0.15435202914158652,7.207296239209151e-06,1.8502102339443777e-05,0.0001805635255750103,8.343970224038236e-11,7.388932866301029e-11,9.550373577372159e-12,8.105041894732017e-10,7.76249787090194e-10,3.4254402383007364e-11,0.0007799036278314164,0.6505995692446158,6.758245629005438e-07,1.9979541189294627e-10,8.388893561728664e-10,6.992790255498864e-05,0.006475267569096641
74153,2300,69,82,56.65567,8.22412,131365942.40944,0.00010245231454289637,0.011725194647355627,2.2340153358240864e-05,0.01165837067724941,4.448381674797803e-05,0.10462843174761399,0.09916663549677643,0.0054617962508376056,0.15489819293554066,7.244162132308277e-06,1.8570136489796607e-05,0.0001812954449967358,8.366191787907451e-11,7.406169236084439e-11,9.600225518230221e-12,8.145656369857383e-10,7.801342183305511e-10,3.4431418655186824e-11,0.0007825859169026965,0.6508104291672828,6.792579350373258e-07,2.007874824412966e-10,8.405567292840447e-10,7.018636519152777e-05,0.006493403161171538
74154,2300,69,82,56.65812,8.22279,131365942.40944,0.00010270454427114101,0.011729327296162257,2.2357949622263992e-05,0.011662478082282721,4.4491264257275606e-05,0.10490825063830149,0.09944488808085139,0.005463362557450139,0.15498944882602755,7.263767697466747e-06,1.8583734153257923e-05,0.00018147963381857866,8.366482909831645e-11,7.41053054688637e-11,9.559523629452835e-12,8.178035473517037e-10,7.832155924975272e-10,3.458795485417606e-11,0.0007830056051065347,0.6508921765910891,6.824027360168767e-07,2.011455031606803e-10,8.393870814461188e-10,7.024082026281625e-05,0.006496776398492652
74155,2300,69,82,56.66058,8.22147,131365942.40944,0.00010275470769569103,0.011670438243634354,2.2335981708600234e-05,0.011603630181891495,4.447208003426254e-05,0.10499664271802475,0.09954307510980331,0.0054535676082214934,0.15462622086609012,7.266204004292296e-06,1.8542958498954004e-05,0.0001811169476813383,8.344844942588886e-11,7.402037057466259e-11,9.428078851226358e-12,8.202329609412507e-10,7.855082228369896e-10,3.4724738104260797e-11,0.0007811646421217383,0.6508451914030031,6.852735736248676e-07,2.0087113731971705e-10,8.35374980655561e-10,7.009152075893294e-05,0.00648540295075996
74156,2000,67,80,56.66298,8.22018,124981907.55306,9.196864907822511e-05,0.011066403267535921,2.063867103831085e-05,0.011004898497598638,4.0866098898974904e-05,0.09335745735973024,0.08824801938329555,0.005109437976434727,0.14546778966440366,6.458085256566128e-06,1.7393817067388833e-05,0.0001684142741245827,7.82201024431882e-11,6.814181688037072e-11,1.0078285562817558e-11,7.043279384643504e-10,6.749445921403146e-10,2.938334632403515e-11,0.0007270529826010358,0.5953052264772049,5.774281175158794e-07,1.8377378447776196e-10,8.152301228235569e-10,6.535460940619e-05,0.006112084899020935
74157,2000,67,80,56.66544,8.21886,124981907.55306,9.216820521267521e-05,0.01106968459952532,2.0652750728108132e-05,0.0110081598540199,4.087199477731329e-05,0.09357887454857022,0.0884681942732918,0.005110680275278458,0.14554015629394315,6.473593542689001e-06,1.740459063451789e-05,0.0001685601556934229,7.82224105705424e-11,6.817631642853585e-11,1.0046094142006612e-11,7.068891520891392e-10,6.773819836730512e-10,2.95071684160875e-11,0.0007273851496185422,0.5953700403157807,5.799156002109751e-07,1.8405723501403513e-10,8.143066281156359e-10,6.53977586901796e-05,0.006114753899092558
74158,2000,67,80,56.66792,8.21752,124981907.55306,9.236967418004794e-05,0.011072997368572389,2.066696537575789e-05,0.011011452456033296,4.087794716333888e-05,0.09380241404340343,0.08869047956573824,0.005111934477665224,0.14561321635022914,6.489250484493931e-06,1.741546746196497e-05,0.00016870743551602668,7.822474081504684e-11,6.82111466731282e-11,1.0013594141918725e-11,7.094749164143683e-10,6.798427390009341e-10,2.963217741343361e-11,0.000727720500352796,0.5954354751808613,5.82426926981751e-07,1.8434340222924072e-10,8.13374279471806e-10,6.544132152070207e-05,0.006117448481943891
74159,2000,67,80,56.6704,8.21618,124981907.55306,9.257122419680255e-05,0.01107631145732701,2.0681185740105805e-05,0.011014746369648554,4.0883901938349915e-05,0.09402604340554427,0.08891285422455059,0.005113189180993725,0.1456863056031898,6.504913726568196e-06,1.7426348657708155e-05,0.00016885477451892813,7.822707199107383e-11,6.824599093222305e-11,9.981081058850863e-12,7.120617212545493e-10,6.823044845403282e-10,2.9757236714220385e-11,0.0007280559857926718,0.595500936172264,5.849392644183795e-07,1.846296843076919e-10,8.124415542564046e-10,6.548490182874766e-05,0.006120144148189873
74160,3000,80,90,55.34105,10.93962,160429435.4841,9.113892888467184e-05,0.012618822827668423,2.28293724006039e-05,0.012548716471332703,4.727698393511896e-05,0.09122866849709411,0.08537945523095677,0.005849213266137366,0.16168229429241462,6.323128699301411e-06,1.9256960081162503e-05,0.0001845467109328504,9.19330957709038e-11,7.774708641142285e-11,1.4186009359481059e-11,6.183494520806366e-10,5.938869156997214e-10,2.4462536380914955e-11,0.0008224892905902112,0.6903627157164857,4.77553137414722e-07,1.924466758249379e-10,1.0107610405565087e-09,7.255971964210662e-05,0.006735736377734144
74161,3000,80,90,55.34193,10.94655,160429435.4841,9.126575508212289e-05,0.012572000543676541,2.281742695608618e-05,0.012501919317889014,4.7263798831447054e-05,0.0913960645371545,0.08555434174645553,0.005841722790698988,0.16141576500760085,6.331783775440115e-06,1.9228224325887357e-05,0.00018431267443456894,9.175690050792421e-11,7.769235368424203e-11,1.4064546823682272e-11,6.214386802150329e-10,5.968109632452615e-10,2.462771696977111e-11,0.000821124186095937,0.6903517804662815,4.809722966150495e-07,1.9234345384035595e-10,1.0070794540862706e-09,7.245604552266636e-05,0.006727568493965375
74162,3000,80,90,55.34281,10.95348,160429435.4841,9.139306414750279e-05,0.012525186368155068,2.2805515596304877e-05,0.012455130224497306,4.7250628061458516e-05,0.09156399704943448,0.08572976168193581,0.005834235367498672,0.16114941332702012,6.340476350254551e-06,1.919951476944279e-05,0.00018407899219194187,9.158071090489985e-11,7.76377043893323e-11,1.3943006515567637e-11,6.24534101061769e-10,5.997409041100573e-10,2.4793196951711415e-11,0.0008197598877552963,0.6903410044554182,4.843974689497347e-07,1.9224092094504166e-10,1.0033956545352302e-09,7.235247651816685e-05,0.006719407075019705
74163,3000,80,90,55.34369,10.9604,160429435.4841,9.143738551041596e-05,0.012452565864453802,2.277730584026449e-05,0.012382562012394092,4.722654621944509e-05,0.0916532707105753,0.08583117582747213,0.005822094883103214,0.16069689705830034,6.342119427823141e-06,1.9148529937548207e-05,0.0001836212215414837,9.131473641636923e-11,7.75303803927105e-11,1.3784356023658807e-11,6.272951933737536e-10,6.023447638965979e-10,2.4950429477155424e-11,0.000817469608809103,0.6902774425840856,4.877072547755362e-07,1.9187911504810464e-10,9.985493197899639e-10,7.216543154100802e-05,0.006705204635637502
74164,3000,80,90,55.34457,10.96732,160429435.4841,9.148214721272786e-05,0.01237995277789836,2.2749127170014582e-05,0.012310001173269807,4.7202477458539204e-05,0.09174303370117316,0.08593307651270335,0.005809957188469853,0.16024454309360922,6.34379669855789e-06,1.9097569009962754e-05,0.00018316377406722096,9.104876709968885e-11,7.74231324755617e-11,1.3625634624127247e-11,6.300619324799154e-10,6.04953997476606e-10,2.510793500330929e-11,0.0008151800653719436,0.6902140262743056,4.910225234642136e-07,1.915179380050498e-10,9.937009695070564e-10,7.19784825041779e-05,0.006691008092770332
74165,3000,80,90,55.34544,10.97424,160429435.4841,9.161040962938583e-05,0.012333154783786382,2.2737283128637325e-05,0.01226322816559497,4.718933506277786e-05,0.09191202620640118,0.08610955036697716,0.005802475839424057,0.15997854465166747,6.352563287668484e-06,1.9068911276955694e-05,0.00018293079216820447,9.087258874992782e-11,7.736864787124659e-11,1.3503940878681323e-11,6.33169576175548e-10,6.078955702594617e-10,2.5274005916086013e-11,0.0008138173613611263,0.6902035672805639,4.944595628163367e-07,1.914167690594784e-10,9.90012820394068e-10,7.187512166334591e-05,0.0066828594458222075
74166,3000,80,90,55.34632,10.98114,160429435.4841,9.16794532561021e-05,0.012407713207553928,2.2773499702040048e-05,0.012337722910966535,4.721679688535334e-05,0.09194886296598277,0.08613352052589487,0.005815342440087947,0.16047327149521096,6.359719706159201e-06,1.912606633718691e-05,0.0001834719153854855,9.113990765087244e-11,7.749555285161137e-11,1.3644354799261172e-11,6.318616295690147e-10,6.066746014395357e-10,2.5187028129478865e-11,0.0008162974406698713,0.6903050355215282,4.925605078268009e-07,1.9194103986552493e-10,9.943435221584915e-10,7.208697005260385e-05,0.006698581281066854
74470,8400,104,167,55.06636,12.82399,500371200.0,8.408827458284027e-05,0.014668729117293056,2.408900663299074e-05,0.014599304456079614,4.5335654580451615e-05,0.08028720133570748,0.07388782805652333,0.00639937327918414,0.18512223020378918,5.532993916695973e-06,2.1775243012247597e-05,0.0002027301003367744,1.0912295630212492e-10,8.836034632369535e-11,2.0762609978429652e-11,4.1286903300542253e-10,3.994235084987533e-10,1.344552450666941e-11,0.0008935684323371003,0.6321536275101723,2.540695038857214e-07,2.0034569487846997e-10,1.2381294037570053e-09,7.908217866080024e-05,0.007609882592623996
74471,8400,104,167,55.05858,12.788,500371200.0,8.412832382020328e-05,0.014653094596563577,2.4085055145918882e-05,0.014583678393642949,4.5331147774707086e-05,0.08033737137942114,0.07394057342344783,0.00639679795597326,0.18502739109151123,5.535800377211836e-06,2.1765629322388952e-05,0.00020265113778367608,1.0906617961904676e-10,8.834282059577066e-11,2.072335902327619e-11,4.1386552465472924e-10,4.003667657603853e-10,1.349875889434418e-11,0.0008931202851862992,0.632140702430802,2.551765057872692e-07,2.002995834277904e-10,1.2368801677808685e-09,7.904651644001517e-05,0.007607227417433866
74472,8400,104,167,55.05604,12.81737,500371200.0,8.391124385902739e-05,0.01465007439077305,2.4069806724664328e-05,0.014580679617570546,4.53249664778384e-05,0.0800990088439246,0.07370341009841473,0.006395598745509794,0.18495687796540503,5.5188569286251944e-06,2.1754252168415793e-05,0.00020249570358659645,1.0906391727309546e-10,8.830517087531461e-11,2.0758746397780925e-11,4.110665452043089e-10,3.977030874019981e-10,1.3363457802311012e-11,0.0008927673345313697,0.63207840986013,2.524537250755891e-07,2.00002082008599e-10,1.2379498680606218e-09,7.90016661854868e-05,0.007604348801581953
74473,8400,104,167,55.0535,12.76778,500371200.0,8.421096253883643e-05,0.01464625213079099,2.4087491521731436e-05,0.014576833917208798,4.533072206045838e-05,0.08043169472250407,0.07403580970078052,0.006395885021723494,0.18500186424147733,5.5420779330094946e-06,2.1764162880129293e-05,0.00020265704220294437,1.0903849101987572e-10,8.834489683240778e-11,2.0693594187468025e-11,4.1516884933622584e-10,4.016045534588966e-10,1.3564295877329305e-11,0.0008929996378470731,0.6321537836569681,2.565123369151488e-07,2.0036440896055093e-10,1.2359589364022197e-09,7.904200055860914e-05,0.007606735035270805
74474,8400,104,167,55.04483,12.81348,500371200.0,8.37965969579238e-05,0.014648162479582068,2.4061711066765607e-05,0.014578779203424947,4.532156509035463e-05,0.0799716378054256,0.07357676052712707,0.006394877278298472,0.18491488734303788,5.509947700737014e-06,2.1748063790174155e-05,0.00020241192469544264,1.0906257818783003e-10,8.828534953620356e-11,2.0777228651626557e-11,4.095952013253518e-10,3.963028758037949e-10,1.329232552155725e-11,0.0008925759722444585,0.6320406929779173,2.5102497813920525e-07,1.9983863270867677e-10,1.238478347486761e-09,7.897682168104324e-05,0.007602813523558738
74475,8400,104,167,55.04229,12.76532,500371200.0,8.415955734866011e-05,0.014645384302156037,2.408386018696401e-05,0.01457597124958198,4.53291923870926e-05,0.08037453479806403,0.07397897620625657,0.006395558591807429,0.18498287809550318,5.538084533956344e-06,2.176138214965337e-05,0.0002026194212169945,1.0903788579064282e-10,8.833601146385565e-11,2.0701874326787265e-11,4.145093603060855e-10,4.009769477777303e-10,1.3532412528355426e-11,0.000892913669762201,0.6321367115020261,2.5587202595344396e-07,2.0029091070454993e-10,1.2361946788174188e-09,7.903082220450615e-05,0.007606046149844165
74476,8400,104,167,55.03345,12.81522,500371200.0,8.361102481446836e-05,0.014621666300670601,2.4038578878914583e-05,0.01455231975041203,4.530797137965701e-05,0.07977891198552309,0.07338915089673716,0.006389761088785896,0.1846984325401589,5.494938195729038e-06,2.1720980688425282e-05,0.00020211958250309256,1.089750230583357e-10,8.821638296625937e-11,2.0758640092076406e-11,4.0791452234443475e-10,3.9469583325552965e-10,1.3218689088905272e-11,0.0008915101955067718,0.631956491409081,2.495935174810848e-07,1.9944027112368247e-10,1.237857912472704e-09,7.887393986204769e-05,0.007595590997981458
74477,8400,104,167,55.03269,12.7616,500371200.0,8.41622323853963e-05,0.014645369626428633,2.40840411335548e-05,0.01457595633914987,4.5329246145206376e-05,0.08037722902333529,0.07398167008724536,0.006395558936089865,0.18498296899124922,5.538299737298826e-06,2.1761492910488342e-05,0.00020262105996078728,1.0903789004070822e-10,8.833648568159488e-11,2.0701404359113415e-11,4.145449795975495e-10,4.010108466195016e-10,1.3534132978048078e-11,0.000892917207126805,0.6321366899930898,2.559070917942331e-07,2.0029354014586825e-10,1.2361755250159197e-09,7.903118528504156e-05,0.007606079167656671
74478,8400,104,167,55.02296,12.76209,500371200.0,8.415588621924946e-05,0.014645279805377004,2.4083595152855573e-05,0.014575867145444213,4.532906477993462e-05,0.08037025352178039,0.07397473006858381,0.006395523453196527,0.18498088469029444,5.53780459734482e-06,2.1761159441518616e-05,0.00020261650781732533,1.0903782320717707e-10,8.8335385323145e-11,2.0702437884032156e-11,4.144631867862519e-10,4.009330076669255e-10,1.353017911932654e-11,0.0008929068649817005,0.632134845686875,2.55827537944072e-07,2.0028481240381522e-10,1.236206621074549e-09,7.902986854070475e-05,0.007605994941263653
74479,8400,104,167,55.01955,12.81953,500371200.0,8.342143283494982e-05,0.0145716166950534,2.4005123225747865e-05,0.014502325438179317,4.5286133648334614e-05,0.07959476459822452,0.07321411700493462,0.006380647593289875,0.1843307453456475,5.479038134677507e-06,2.1676566097988033e-05,0.0002016671158777231,1.0880199468418323e-10,8.810985526157124e-11,2.0692139422612067e-11,4.068849977541723e-10,3.9370085103805615e-10,1.318414671611638e-11,0.0008896803505593036,0.6318465247129225,2.489956047693543e-07,1.9890068654379797e-10,1.2357703824746425e-09,7.870720920664805e-05,0.007583573162640859
74480,8400,104,167,55.01328,12.76119,500371200.0,8.416588962119315e-05,0.014637587599185868,2.4080950942152296e-05,0.014568180007989066,4.53266402546521e-05,0.0803855736857378,0.07399131969322621,0.00639425399251154,0.18493417525702843,5.538392974186905e-06,2.1755977417031132e-05,0.00020257126105879375,1.0900945085161073e-10,8.832483208113768e-11,2.068461877047313e-11,4.148264724890556e-10,4.01276193106148e-10,1.3550279382907782e-11,0.0008926706362306371,0.6321295293553371,2.5624763148968395e-07,2.0025330610437002e-10,1.235661821650083e-09,7.901093329396477e-05,0.007604546977409209
74481,8400,104,167,55.00974,12.82282,500371200.0,8.349184247459076e-05,0.014572813915823758,2.4010098208627437e-05,0.014503515585078973,4.5288232536159643e-05,0.07967309657239395,0.07329199948842724,0.006381097083966659,0.18435687894089958,5.484506832193148e-06,2.1680379715875695e-05,0.0002017186909221077,1.0880282756219714e-10,8.812202384939359e-11,2.0680803712803624e-11,4.077881132520831e-10,3.945603047089334e-10,1.3227808543149927e-11,0.0008897982348512174,0.6318700385474919,2.4987238851446545e-07,1.9900152796297226e-10,1.2354484710576928e-09,7.872255145104395e-05,0.007584517133130588
74482,8400,104,167,55.00453,12.75614,500371200.0,8.431194269877892e-05,0.01465555757192169,2.409794085674642e-05,0.014586123294390794,4.5336336674148305e-05,0.08053856281119867,0.07414077599563879,0.006397786815559828,0.1850856605008163,5.5501434631792485e-06,2.1775200768148465e-05,0.00020278212427881666,1.090680514937408e-10,8.837468506393553e-11,2.0693366429805343e-11,4.1623505758555106e-10,4.0262175921738895e-10,1.361329836816226e-11,0.0008934173967132539,0.6321919987950977,2.574822665873097e-07,2.0054939585481404e-10,1.2359648008224874e-09,7.908411839014705e-05,0.0076096579809389366
74483,8400,104,167,54.99857,12.81608,500371200.0,8.370369066051502e-05,0.014583975469039051,2.402837732850544e-05,0.014514649952168225,4.5297139542320106e-05,0.07990317124059361,0.07351947266788175,0.0063836985727118165,0.18448139000895417,5.501187041216942e-06,2.1697406102455167e-05,0.000201924828940736,1.0883368627093762e-10,8.81709786607542e-11,2.0662707610183494e-11,4.1027701150822806e-10,3.969314201792197e-10,1.3345591329008527e-11,0.0008904011614771595,0.6319448371657066,2.522237616529255e-07,1.99344720920492e-10,1.2349441060912736e-09,7.878872126489054e-05,0.007588925094059492
74484,8400,104,167,54.99463,12.76226,500371200.0,8.431063421378178e-05,0.01464780087668473,2.409451451462921e-05,0.014578372732003993,4.533363016610861e-05,0.08054189718229202,0.07414541648087711,0.0063964807014148615,0.18503666938652488,5.549837450187953e-06,2.1769478583315292e-05,0.00020272927315940258,1.0903960354511674e-10,8.836215154226504e-11,2.0677452002851798e-11,4.164504712538786e-10,4.0282421822640983e-10,1.362625302746895e-11,0.0008931642294419442,0.6321848490273073,2.5775776863659693e-07,2.0050424256170698e-10,1.2354864331118486e-09,7.906318542434379e-05,0.007608064408714881
74485,8400,104,167,54.98968,12.84484,500371200.0,8.380461342691769e-05,0.014601777193453331,2.404225876031119e-05,0.014532429185283226,4.53057494097944e-05,0.08000875848534521,0.07362164855844164,0.0063871099269035515,0.18462510712855526,5.509358237943435e-06,2.1714524920399227e-05,0.0002021058282001246,1.0889202586645436e-10,8.821291343201271e-11,2.0679112434441718e-11,4.110937056033778e-10,3.97713694860544e-10,1.3380010742834035e-11,0.0008910817366470615,0.6320013458677309,2.528789323967902e-07,1.9958814278068407e-10,1.2355223706519882e-09,7.885426151090054e-05,0.007593459385278016
74486,8400,104,167,54.98417,12.81052,500371200.0,8.40154589193821e-05,0.014612463799772539,2.4060405645369176e-05,0.014543088965369004,4.531442875816434e-05,0.08023557280239153,0.07384599514572648,0.006389577656665027,0.18474238086095182,5.5260171493605256e-06,2.173123724351719e-05,0.0002023087906863934,1.0892266422080077e-10,8.826178554766526e-11,2.066087867313559e-11,4.135796958343488e-10,4.000820550201844e-10,1.3497640814164547e-11,0.0008916758196953507,0.6320688464754592,2.5523117437659044e-07,1.99920752742869e-10,1.2349698932528667e-09,7.891853982803171e-05,0.007597832242080082
74487,8400,104,167,54.98473,12.76837,500371200.0,8.439123455617585e-05,0.014657056850083705,2.4103563683737026e-05,0.014587614520832732,4.5338765567234205e-05,0.08062748383702525,0.07422914882112044,0.0063983350159047565,0.18511735518842404,5.556283378037102e-06,2.1779581150360917e-05,0.00020284101067479795,1.0906905820674992e-10,8.838835884544972e-11,2.0680699361300255e-11,4.172488188262625e-10,4.0358650537709917e-10,1.366231344916355e-11,0.0008935525153297534,0.6322207755549941,2.584652522746536e-07,2.0066597538915694e-10,1.2356196609319338e-09,7.910194787288893e-05,0.0076107281783233584
74488,8400,104,167,54.97985,12.87206,500371200.0,8.407189435303604e-05,0.014630086182778486,2.407122107289468e-05,0.01456069299997815,4.532196172743837e-05,0.08029437031908843,0.07390150479860075,0.006392865520487643,0.1848782382747735,5.530661715490558e-06,2.174627385925574e-05,0.00020246027954533906,1.089807403464347e-10,8.829591758838976e-11,2.068482275804501e-11,4.138132249188879e-10,4.0030934298064653e-10,1.3503881938241604e-11,0.000892290941422024,0.6321192742213765,2.5531552993608535e-07,2.0011198760206668e-10,1.2358179686672677e-09,7.89764948525603e-05,0.007601797399334334
74489,8400,104,167,54.97162,12.90371,500371200.0,8.439276241642231e-05,0.014659333840697024,2.4103973414714844e-05,0.014589890083948776,4.533978333353307e-05,0.08063972756847501,0.07424075671106699,0.006398970857407982,0.18515167127037832,5.556123894289707e-06,2.17809408492962e-05,0.00020285413001490532,1.0907010122823621e-10,8.838817753435365e-11,2.0681923693882643e-11,4.172194868354737e-10,4.0355853186428355e-10,1.3660954971190323e-11,0.0008935902953549489,0.6322555164683299,2.58418625346787e-07,2.007131296526353e-10,1.235871731261714e-09,7.911050526517607e-05,0.007610855147867717
74490,8400,104,167,54.97481,12.77578,500371200.0,8.448878148316217e-05,0.014666609271238579,2.4113811371370492e-05,0.014597151050144617,4.534440972259018e-05,0.08073196271784315,0.0743316628946687,0.006400299823174413,0.1852044553199107,5.564044517622911e-06,2.1790606305200524e-05,0.00020296520577479262,1.090987171065904e-10,8.841749331121758e-11,2.0681223795372883e-11,4.1826435298875333e-10,4.0455547884226325e-10,1.3708874146490184e-11,0.0008939693040436429,0.6322624876484382,2.5938352321083884e-07,2.0085214497164365e-10,1.2356763638237505e-09,7.914443328190597e-05,0.007613619540365017
74491,8400,104,167,54.9731,12.80386,500371200.0,8.434091982811131e-05,0.01465684312397922,2.4100094603273775e-05,0.014587405486474428,4.533754290151666e-05,0.08057451410011925,0.07417632178025853,0.006398192319860668,0.18510830262663913,5.5522961401243946e-06,2.1777220021300978e-05,0.00020280757663772945,1.0906875526516858e-10,8.83795361904562e-11,2.0689219074712452e-11,4.165895018073538e-10,4.029590465633787e-10,1.3630455243975337e-11,0.0008934783176994871,0.6322137324104139,2.5781998371177646e-07,2.006067348202294e-10,1.2359235607224082e-09,7.909332926464716e-05,0.00761008397821579
74492,8400,104,167,54.97132,12.83464,500371200.0,8.427921755642952e-05,0.014656357853232004,2.4095810459772148e-05,0.014586926095647053,4.5335947125177384e-05,0.08050851055789635,0.07411055530237673,0.0063979552555195615,0.18509385524417588,5.5474340625602595e-06,2.1774197906153944e-05,0.00020276538586215618,1.0906828214313893e-10,8.836876089198566e-11,2.069952125115336e-11,4.1578581504881347e-10,4.021941997412689e-10,1.3591615307544781e-11,0.0008933838351723762,0.6322017014737299,2.570351829722898e-07,2.0052962847110608e-10,1.2362705573643872e-09,7.908194463743427e-05,0.007609283421358608
74493,8400,104,167,54.97025,12.86825,500371200.0,8.4326670372136e-05,0.014665525874678604,2.4102581271403705e-05,0.014596082993550717,4.5340299856483186e-05,0.0805594481184662,0.07415971785719307,0.006399730261273087,0.1851693695792545,5.5512466527566746e-06,2.1782774934189954e-05,0.00020285537866453863,1.0909756129055496e-10,8.838914534109504e-11,2.0708415949459994e-11,4.161486533489097e-10,4.0254202006247756e-10,1.3606633286432266e-11,0.0008937240663686342,0.6322337916553553,2.5731601985935605e-07,2.0065338915487293e-10,1.2366100778552792e-09,7.911522221808053e-05,0.00761152528976613
74494,8400,104,167,55.09182,12.93801,500371200.0,8.406483107113689e-05,0.014654548607603216,2.4080908557578032e-05,0.014585137349687673,4.53303493579655e-05,0.0802786022924925,0.07388150497894688,0.006397097313545553,0.18504181088699534,5.5305558392507425e-06,2.1763627607837995e-05,0.00020261813613133304,1.0906658218886671e-10,8.833134614499402e-11,2.0735236043872778e-11,4.1299605711847647e-10,3.9953926623132036e-10,1.3456790887156404e-11,0.0008930536255955339,0.6321580267798917,2.543119600870283e-07,2.0025925985541247e-10,1.237462034688416e-09,7.904193841521076e-05,0.0076064960353171215
74495,8400,104,167,55.08761,12.91916,500371200.0,8.40632699106055e-05,0.014662054710585763,2.4084105083665346e-05,0.01459263772233659,4.533288316550826e-05,0.08027113014892544,0.0738728011681443,0.0063983289807811,0.1850867113723734,5.530663903341442e-06,2.1769079888145416e-05,0.00020266780944827543,1.0909490430817661e-10,8.83434236443323e-11,2.0751480663844386e-11,4.127482220753773e-10,3.9930595862732746e-10,1.3442263448049982e-11,0.0008932988307569934,0.6321611495094759,2.5400660907751274e-07,2.0029627211340526e-10,1.2379302986350097e-09,7.906150878159899e-05,0.0076080415884784555
74496,8400,104,167,55.08541,12.98668,500371200.0,8.393950354136703e-05,0.0146141088379725,2.40554324951136e-05,0.014544739972612441,4.5313432864943526e-05,0.08016482621771508,0.07377491669265873,0.006389909525056315,0.18475821612855078,5.519754852380257e-06,2.1728789088669206e-05,0.0002022688082275017,1.089231028383793e-10,8.824807751415342e-11,2.0675025324225966e-11,4.125416168127679e-10,3.9909408499169776e-10,1.3447531821070316e-11,0.0008915945992129265,0.6320881362207761,2.54199684395261e-07,1.9987062911123064e-10,1.2356551107309814e-09,7.891271840264035e-05,0.0075969528367916045
74497,8400,104,167,55.07926,13.00158,500371200.0,8.387175431809624e-05,0.014589728411145416,2.4040640462849198e-05,0.014520384370749548,4.530339993301913e-05,0.08010370666514553,0.07371812991179877,0.006385576753346706,0.18458717725309073,5.513882740789974e-06,2.170815138775099e-05,0.00020206337014320514,1.088369925883507e-10,8.819945153533644e-11,2.0637541053014327e-11,4.1236976226241964e-10,3.9892291859934493e-10,1.3446843663074832e-11,0.0008907278467815336,0.632044990730373,2.5423215026832647e-07,1.9964325868678534e-10,1.234508919454801e-09,7.883592059806872e-05,0.007591315257754474
74498,8400,104,167,55.07698,12.92235,500371200.0,8.372901554539838e-05,0.014609643209599368,2.4040441043463683e-05,0.014540295993178685,4.5306775377217696e-05,0.07992650182967133,0.0735381826323007,0.0063883191973705886,0.1846667982521939,5.503515857821496e-06,2.171688543899886e-05,0.00020210989952898088,1.0892020929117882e-10,8.821187520863968e-11,2.0708334082539216e-11,4.0986104468724675e-10,3.965431307014842e-10,1.331791398576266e-11,0.0008912283146023838,0.6320043603485489,2.5160441703477725e-07,1.9955145606190163e-10,1.236515428004255e-09,7.886361389495223e-05,0.007594088919162605
74499,8400,104,167,55.0661,12.98334,500371200.0,8.354276843537987e-05,0.014568426584111893,2.4010695265900197e-05,0.014499127734091247,4.528815475474686e-05,0.0797461648184892,0.0733653502792742,0.006380814539214976,0.18436447540437909,5.487951259823716e-06,2.1678894238905237e-05,0.00020171732877689503,1.0877612725051799e-10,8.811802687191278e-11,2.0658100378605295e-11,4.0861958422229486e-10,3.9534897155191894e-10,1.3270612670376075e-11,0.000889671345396973,0.6319180637817179,2.5072597965414787e-07,1.990807494118616e-10,1.2350168338133155e-09,7.87220658198415e-05,0.0075837412339709274
74500,8400,104,167,55.05366,12.96647,500371200.0,8.326892832502894e-05,0.014555884486265606,2.3987992174076637e-05,0.014486619235299092,4.527725879243504e-05,0.07944559388285252,0.07306786738405285,0.006377726498799639,0.18421206061268797,5.466496494304374e-06,2.1658324975070005e-05,0.00020146404134683353,1.087443865927883e-10,8.805842285889908e-11,2.0685963733889303e-11,4.053426370621455e-10,3.922279146635184e-10,1.3114722398627282e-11,0.0008889595198405765,0.6318175981430132,2.476121666661244e-07,1.9864224971775762e-10,1.235767054704996e-09,7.864119521554929e-05,0.007578486714247741
74501,8400,104,167,55.04954,13.0677,500371200.0,8.427288312840264e-05,0.014589464761803974,2.40657365723855e-05,0.01452008605448561,4.531297074597808e-05,0.08055780500880078,0.0741707844069643,0.006387020601836423,0.18469730426596245,5.544753586088343e-06,2.172459534264647e-05,0.00020230877017448997,1.0881360111264994e-10,8.825634084700274e-11,2.055726026564728e-11,4.1773294177196954e-10,4.0402425345887375e-10,1.370868831309594e-11,0.0008911586385115733,0.6321821245582204,2.595000847688314e-07,2.0018746750101203e-10,1.2322654379488453e-09,7.890505404244568e-05,0.007595147851863678
74502,8400,104,167,55.04585,13.00951,500371200.0,8.36911961814792e-05,0.01457126237548061,2.4021224652914512e-05,0.014501948436746778,4.529271408091683e-05,0.07991275465762887,0.07353090579268116,0.006381848864947666,0.1844242440214732,5.499441051987547e-06,2.1687110552032634e-05,0.00020182771522691016,1.0877802505971579e-10,8.81436172602289e-11,2.0634407799486976e-11,4.105166245648825e-10,3.9715428973109253e-10,1.3362334833790049e-11,0.0008899247341378243,0.6319723765442102,2.525651932871482e-07,1.9929956122890297e-10,1.2343741289562093e-09,7.87555480595912e-05,0.007585745938775075
74503,8400,104,167,55.04186,13.07961,500371200.0,8.439151915502213e-05,0.014591581984630854,2.407413252385411e-05,0.014522191301680008,4.5316550426991385e-05,0.08069025799928088,0.07430245222520347,0.0063878057740773524,0.184742836753336,5.553955659943876e-06,2.173107777528321e-05,0.00020239620401790574,1.0881504998478731e-10,8.827682440818637e-11,2.0538225576601032e-11,4.19252464140286e-10,4.0547031067946795e-10,1.378215346081817e-11,0.0008913588308508633,0.6322232642992477,2.6097449694258477e-07,2.0035937639778068e-10,1.2317345423127004e-09,7.89312700912561e-05,0.007596743115124356
74504,8400,104,167,55.0441,12.96283,500371200.0,8.32583682179536e-05,0.014563501253222127,2.3990588204753438e-05,0.014494231026788958,4.527963822841417e-05,0.07942934534949146,0.07305037129351613,0.0063789740559753085,0.18425757429237588,5.465873030483107e-06,2.166343942154545e-05,0.0002015085286145712,1.0877272232362257e-10,8.806889294086596e-11,2.0703829382756713e-11,4.049736447617383e-10,3.9187930026340474e-10,1.3094344498333712e-11,0.0008891937842256427,0.6318217253173575,2.471870648571763e-07,1.9867164082197665e-10,1.236306806904068e-09,7.865976811145018e-05,0.007579924093535639
74505,8400,104,167,55.04061,13.04424,500371200.0,8.40575332370687e-05,0.014585600922265513,2.405049335057187e-05,0.014516243964967536,4.530646394740809e-05,0.08031727774844401,0.07393168813956313,0.00638558960888082,0.18461434378698316,5.528052392463344e-06,2.171281663383795e-05,0.0002021499490010629,1.0881096170713306e-10,8.821916286079961e-11,2.0591798846333515e-11,4.1497513033964586e-10,4.0139977593427683e-10,1.3575354405369236e-11,0.000890794923658025,0.6321071334447605,2.568243112670195e-07,1.9987500389538422e-10,1.2332267540475987e-09,7.885739092121472e-05,0.00759225113043441
74506,8400,104,167,55.03748,12.94244,500371200.0,8.326016506344035e-05,0.014563193898148143,2.39906698649717e-05,0.01449392368243528,4.527954584789005e-05,0.07942976157753462,0.0730508700350564,0.006378891542478157,0.18425317502699043,5.4660543454869185e-06,2.166334505747572e-05,0.00020150804340974735,1.0877258971961592e-10,8.806927033713034e-11,2.0703319382485682e-11,4.050040371147815e-10,3.9190823222110895e-10,1.3095804893672742e-11,0.0008891915053106048,0.6318171868892876,2.4721929566347815e-07,1.9866746425622597e-10,1.2362597039173307e-09,7.865892503648303e-05,0.007579932198558416
74507,8400,104,167,55.03304,13.00402,500371200.0,8.369330781063187e-05,0.01457121082806741,2.4021362131634042e-05,0.014501896726679139,4.529273925663831e-05,0.07991469424493637,0.07353285622327435,0.006381838021661981,0.1844237166206539,5.49961586798855e-06,2.168717531492796e-05,0.00020182879578222514,1.0877801021853985e-10,8.814399950640305e-11,2.0634010712136884e-11,4.1054561048639847e-10,3.9718187662099193e-10,1.3363733865406667e-11,0.0008899269011714512,0.6319717518616772,2.5259403922037023e-07,1.9930083857490325e-10,1.234354410201026e-09,7.875568865864229e-05,0.007585770112020254
74508,8400,104,167,55.03151,12.95172,500371200.0,8.336435695923022e-05,0.014565032345495397,2.3998040780251232e-05,0.014495751624088322,4.5282680626825074e-05,0.07954598983249969,0.0731664145546843,0.0063795752778153655,0.18429284900835033,5.474138646694013e-06,2.166902633043561e-05,0.00020158472008725346,1.0877385262724936e-10,8.808726414603486e-11,2.0686588481214573e-11,4.063390116127731e-10,3.9317866456121577e-10,1.3160347051557468e-11,0.000889366995311414,0.6318529984546946,2.485148082243582e-07,1.9881802346576648e-10,1.235791028914378e-09,7.868187251063666e-05,0.0075813322424738375
74509,8400,104,167,55.02703,13.05421,500371200.0,8.417699998406464e-05,0.014579858623143814,2.4055595449630107e-05,0.014510495686926307,4.5307340767878194e-05,0.08045479298270476,0.07406974937601456,0.006385043606690165,0.18460959214355602,5.537131805570017e-06,2.171361378264122e-05,0.00020218535660938613,1.0878392455327192e-10,8.822751015078639e-11,2.055641440248561e-11,4.167405308339646e-10,4.0307728747909894e-10,1.3663243354865767e-11,0.0008907433522160891,0.6321397210204788,2.586049241018899e-07,2.0000204262168758e-10,1.232191690472088e-09,7.886263154086124e-05,0.007592274916439161
74510,8400,104,167,55.02357,12.97207,500371200.0,8.35895030208477e-05,0.014576853614241207,2.401731762723759e-05,0.014507544125300741,4.529217131322855e-05,0.07979288966336691,0.07341050740328922,0.00638238226007764,0.18442879671335563,5.491798118769609e-06,2.1687018946435516e-05,0.00020180291034283722,1.0880506606862707e-10,8.813843138193307e-11,2.0666634686694073e-11,4.089890512161113e-10,3.9570311939335833e-10,1.3285931822753095e-11,0.0008899989707525385,0.6319388317141584,2.510191281899736e-07,1.991889234049574e-10,1.2352757671707065e-09,7.875252417495218e-05,0.007585938997759975
74511,8400,104,167,55.01743,12.9879,500371200.0,8.378706760869986e-05,0.014588154612294756,2.4034638755460052e-05,0.014518819155884388,4.530081765490836e-05,0.08000886439095571,0.0736238654912119,0.006384998899743752,0.18455373823362642,5.507321682465723e-06,2.1703488566253974e-05,0.00020200062377411806,1.0883592989632157e-10,8.818484198001354e-11,2.0651087916308117e-11,4.1128642935506625e-10,3.978919638140706e-10,1.339446554099579e-11,0.0008905839650722122,0.6320146740500884,2.5318148260762207e-07,1.9951929640452123e-10,1.234880705265146e-09,7.881697846351822e-05,0.007590173546676028
74512,8400,104,167,55.01328,13.06016,500371200.0,8.43744048180113e-05,0.014598843900909689,2.40762328163194e-05,0.014529449038737385,4.5318629355986314e-05,0.08066557763636907,0.0742766338466037,0.0063889437897653376,0.18478226840861742,5.5528532078412155e-06,2.1735699145328492e-05,0.0002024345927180516,1.0884319735638389e-10,8.828620990931865e-11,2.055698744706531e-11,4.188046942095594e-10,4.050467336599965e-10,1.3757960549563048e-11,0.0008915783131277899,0.6322215012305367,2.604748769896691e-07,2.0037451822731656e-10,1.2322762482811957e-09,7.894752549887842e-05,0.007598081108478489
74513,8400,104,167,54.99454,13.04377,500371200.0,8.451055057367398e-05,0.01462431910881405,2.4095848445614715e-05,0.014554892588662736,4.533067170570087e-05,0.08080247004540092,0.07440877581633566,0.006393694229065234,0.18497767103167367,5.564046087947998e-06,2.1760002733984373e-05,0.00020268976761993006,1.0893008561361055e-10,8.834667005481142e-11,2.0583415558799212e-11,4.1985532559871043e-10,4.0605419354166764e-10,1.3801132057042883e-11,0.0008925585120922193,0.632286451014663,2.6129611581553966e-07,2.0069848432908514e-10,1.2331018821917872e-09,7.903897767656546e-05,0.007604632441904251
74514,8400,104,167,54.98367,13.05258,500371200.0,8.483141158531271e-05,0.014668881329730182,2.413524739064674e-05,0.014599392320836615,4.535376150291818e-05,0.08113751694914294,0.07473516479770786,0.00640235215143501,0.1853458002760615,5.589935540989105e-06,2.180588448865123e-05,0.00020318657613919237,1.0907624113711018e-10,8.846357405648136e-11,2.0612667080628896e-11,4.2280045491413543e-10,4.088696283575499e-10,1.3930826556585774e-11,0.0008943573943192853,0.6324337714521806,2.6382002886956443e-07,2.0138309433579275e-10,1.2341066301117908e-09,7.921371881500367e-05,0.007616834860059781
74515,8400,104,167,54.97972,13.02544,500371200.0,8.477294419799336e-05,0.014683177660956686,2.4137760077928154e-05,0.014613682624316738,4.535727656201805e-05,0.08106205512094118,0.07465753032001805,0.006404524800923109,0.18541843537561384,5.585825206348812e-06,2.1813919125058868e-05,0.00020324658303482119,1.0913233323387411e-10,8.847811945650243e-11,2.065421377737177e-11,4.215900014926148e-10,4.0772278061271857e-10,1.3867220879896294e-11,0.0008947586660569042,0.63242495847463,2.625135683886101e-07,2.0138235151745253e-10,1.2353221106795979e-09,7.924162265446218e-05,0.00761919461709494
74516,8400,104,167,55.08761,12.95245,500371200.0,8.391586294584352e-05,0.014628848768034743,2.4060386043765687e-05,0.014559470460065834,4.531792192514472e-05,0.08012741383301182,0.07373515065293854,0.006392263180073266,0.18484155002738342,5.518367865305044e-06,2.1738625770798807e-05,0.0002023535336375073,1.0897953924813767e-10,8.826867127257307e-11,2.071086797556468e-11,4.1178110202730097e-10,3.9837542718074336e-10,1.3405674846557726e-11,0.0008920518552619204,0.6320886944331638,2.533312419287247e-07,1.9991679748935971e-10,1.2366942643024922e-09,7.894766811503723e-05,0.007599772482049539
74517,8400,104,167,54.98553,13.015,500371200.0,8.458399521293475e-05,0.014664256944120014,2.4117709561701756e-05,0.014594793028733543,4.534620582476707e-05,0.08086030667801375,0.07445965011233173,0.006400656565681964,0.1852477099048921,5.57077035650649e-06,2.1792246819739215e-05,0.00020300311851364827,1.0907312438450057e-10,8.842089675869442e-11,2.0652227625806236e-11,4.1963601976956456e-10,4.0585819136345544e-10,1.3777828406109294e-11,0.0008939366229050035,0.6323447974870054,2.607512233885291e-07,2.0102040398640787e-10,1.2351897760142782e-09,7.915828178194049e-05,0.00761349804370411
74518,8400,104,167,55.09611,12.95669,500371200.0,8.414100614775215e-05,0.014656088990014455,2.408632377540877e-05,0.014586669940255615,4.533272598343e-05,0.08036449662224718,0.07396684483282329,0.006397651789423835,0.18507375957173697,5.5364420467667e-06,2.176789255613128e-05,0.0002026752411397103,1.0906759488013609e-10,8.834446264907801e-11,2.0723132231058166e-11,4.1396779526464803e-10,4.004640184444401e-10,1.3503776820208083e-11,0.0008931849983134232,0.6321871936403088,2.5525338918318773e-07,2.003732552567259e-10,1.2371419741741023e-09,7.905943256654186e-05,0.0076075288980457755
74519,8400,104,167,55.09161,12.97036,500371200.0,8.399159396907114e-05,0.014622524392781265,2.4062419540606636e-05,0.01455314440845063,4.531756479002972e-05,0.08021702920510261,0.07382554628907378,0.006391482916028775,0.18482298791307913,5.524030369277922e-06,2.1737145715384412e-05,0.00020235776628172513,1.0895205831969823e-10,8.826942793924166e-11,2.0682630380456653e-11,4.12982009949697e-10,3.995157327113024e-10,1.3466277238394777e-11,0.0008919295871324185,0.6321091334089697,2.5456251793616024e-07,1.9998442538201124e-10,1.2358777560813392e-09,7.894396913109117e-05,0.0075992175545501655
74520,8400,104,167,55.08214,12.96285,500371200.0,8.37664174229793e-05,0.014603074496562698,2.4039820907876023e-05,0.014533729224035029,4.530545161979237e-05,0.07997538363704403,0.07358797608255428,0.006387407554489691,0.18464011773503497,5.506151006336453e-06,2.1713560457759023e-05,0.00020208822792678376,1.088924604654565e-10,8.820592701399213e-11,2.0686533451464448e-11,4.1056146500022095e-10,3.972071343019347e-10,1.3354330698286562e-11,0.0008910482480054536,0.6320181942262466,2.5234651304418845e-07,1.9957232669767057e-10,1.2359210448334567e-09,7.885305149853695e-05,0.007593039391338767
74521,8400,104,167,55.06953,12.95265,500371200.0,8.343245320657823e-05,0.014566136186208759,2.4002845058903626e-05,0.014496848653938466,4.528468721139092e-05,0.07962149496948327,0.07324150000111851,0.006379994968364717,0.18431731368249923,5.4794343417456155e-06,2.1672683989540342e-05,0.0002016343124630631,1.0877463353234853e-10,8.809904361309837e-11,2.067558991925027e-11,4.072136289079772e-10,3.9401099922827045e-10,1.3202629679706947e-11,0.000889480160739516,0.6318749178789995,2.493643604390925e-07,1.9891447204230404e-10,1.2354734746788644e-09,7.869651320817461e-05,0.00758224264110334
74522,8400,104,167,55.08198,12.89327,500371200.0,8.408434922497032e-05,0.014654120406197466,2.4082185767067626e-05,0.01458470761752507,4.533060290532633e-05,0.08029675628958442,0.07389974577948118,0.006397010510103199,0.18503765958695909,5.532165730405278e-06,2.176425359938323e-05,0.00020262838116749728,1.0906646698355206e-10,8.833486976422645e-11,2.0731597219325692e-11,4.1326292999762666e-10,3.9979325705653075e-10,1.3469672941096081e-11,0.0008930744109995475,0.6321529866150265,2.5457718048784935e-07,2.0027203062917324e-10,1.2372853248099984e-09,7.904341432404779e-05,0.007606721755794802
74523,8400,104,167,55.07627,12.86867,500371200.0,8.419716985859057e-05,0.014663378318762089,2.4093438359932813e-05,0.01459394841740618,4.5336462995976594e-05,0.08041563143148837,0.0740167127556376,0.006398918675850725,0.18512211950714536,5.541181657965746e-06,2.1775791634208385e-05,0.00020276080971130792,1.0909605420595418e-10,8.836675356977461e-11,2.072930063617964e-11,4.144864204888002e-10,4.009601477126094e-10,1.3526272776190937e-11,0.0008935080999841972,0.6321913716087111,2.5570181317534414e-07,2.0046900436684744e-10,1.23720841501519e-09,7.908720293833611e-05,0.007609791672252148
74524,8400,104,167,55.07327,12.88672,500371200.0,8.400561843364875e-05,0.014644895559089889,2.4073268607260574e-05,0.014575496767534042,4.532552294858487e-05,0.08021324643853174,0.07381807849219879,0.006395167946332908,0.18495765775831272,5.525865091991021e-06,2.1754251917332445e-05,0.0002025180095638986,1.0903703413506589e-10,8.830898569847204e-11,2.0728048436593934e-11,4.1248857679728e-10,3.9905380426869606e-10,1.3434772528584129e-11,0.0008926892448604324,0.6321176743575806,2.5389299697319535e-07,2.001129621502343e-10,1.2371434731520125e-09,7.900505682823791e-05,0.007604083019592013
74525,8400,104,167,55.05649,12.93021,500371200.0,8.321727475155648e-05,0.014546603241626247,2.398091894344789e-05,0.014477349559896283,4.527276278651492e-05,0.07938978713285427,0.07301387408187705,0.006375913050977184,0.1841343604788861,5.462362796906279e-06,2.1649496710867755e-05,0.00020137074868056107,1.0871503872404266e-10,8.803732068050365e-11,2.0677718043539092e-11,4.049268258482039e-10,3.918296835521368e-10,1.3097142296067254e-11,0.0008886116014950821,0.6317834695185685,2.4728023837147455e-07,1.9851163777130363e-10,1.2354419300526963e-09,7.860684958531357e-05,0.0075761865498270185
74526,8400,104,167,55.07132,13.02186,500371200.0,8.39004112006773e-05,0.014574839060051695,2.4036009886872047e-05,0.014505504091133084,4.5298959031738794e-05,0.08014560032433181,0.073762410485417,0.006383189838914753,0.184502186168188,5.515688344849111e-06,2.169845325534292e-05,0.0002019810678858729,1.0878050864357334e-10,8.817977115850427e-11,2.0600737485069155e-11,4.131997208205832e-10,3.9970766908393337e-10,1.3492051736649901e-11,0.0008902753166717886,0.6320425384634637,2.551699043082894e-07,1.9959958601259798e-10,1.2334198194128549e-09,7.880120635590428e-05,0.007588551761608894
74527,8400,104,167,55.06509,13.03825,500371200.0,8.403294981953838e-05,0.014585096622521186,2.404874477443882e-05,0.014515742183892656,4.530569385409127e-05,0.08028952405995887,0.07390411539097201,0.006385408668986814,0.18460392552323485,5.526153668021149e-06,2.171143616364796e-05,0.0002021314816295724,1.0881063161791793e-10,8.821493128998579e-11,2.059570032793222e-11,4.1466168464021025e-10,4.011014862977624e-10,1.356019834244804e-11,0.0008907524143127383,0.6320976114013842,2.5652070035162934e-07,1.998380715068071e-10,1.233329218090799e-09,7.885171891710721e-05,0.007591917462482806
74528,8400,104,167,55.05822,13.05302,500371200.0,8.417153630393672e-05,0.014595425822190363,2.4061902807692058e-05,0.014526051323896175,4.531259548649586e-05,0.08044003001613792,0.07405237258534311,0.006387657430794755,0.1847074418799176,5.537092582396608e-06,2.172472894605204e-05,0.0002022861591131459,1.088408119270837e-10,8.825114282008837e-11,2.0589669106995414e-11,4.1620190009399295e-10,4.025697728351694e-10,1.363212725882374e-11,0.0008912391495045411,0.6321542296395193,2.5794771803730744e-07,2.0008459559636493e-10,1.2332073755912208e-09,7.890343531724758e-05,0.007595362770225863
74529,8400,104,167,55.05777,13.01495,500371200.0,8.373266277006953e-05,0.014564173904724548,2.4020812774786605e-05,0.01449486183479516,4.5291257154600007e-05,0.07996340019057013,0.07358260080643798,0.0063807993841321015,0.1843902433254014,5.50246467111831e-06,2.1683671675545392e-05,0.00020180588173381562,1.0875005618543686e-10,8.813848806061099e-11,2.0611568124825972e-11,4.1128198131523546e-10,3.9788010595753495e-10,1.3401875357700727e-11,0.0008897422587411814,0.6319786129966274,2.533750805560646e-07,1.9931449010762008e-10,1.2336933921195146e-09,7.874371981151474e-05,0.007584723048806046
74530,8400,104,167,55.03413,13.09291,500371200.0,8.45342497216215e-05,0.014594112476564045,2.4084231419133282e-05,0.01452470739524309,4.532084990182078e-05,0.08084953333430957,0.07446078757591215,0.006388745758397382,0.18479736587564954,5.565028708518173e-06,2.1738867274983547e-05,0.0002025013061592992,1.0881678549940388e-10,8.830147141544193e-11,2.0515314083962025e-11,4.2108095957939695e-10,4.0721040333080125e-10,1.387055624859586e-11,0.0008915994197230164,0.6322725049444463,2.627488447736012e-07,2.0056586513992116e-10,1.2310938982502683e-09,7.896274939312775e-05,0.007598661579001902
74531,8400,104,167,55.02644,13.10481,500371200.0,8.469831306355093e-05,0.014604809582935604,2.4099180835118128e-05,0.014535381919309899,4.5328482790585325e-05,0.08102807690874708,0.07463693790619715,0.006391139002549885,0.18490935942743697,5.577954471555446e-06,2.1753502928804437e-05,0.00020267429735772074,1.0884723744553137e-10,8.834209891683069e-11,2.0505138528700757e-11,4.229493754506017e-10,4.08991024907813e-10,1.3958350542788738e-11,0.0008921277882395011,0.632336638478092,2.64495020140736e-07,2.0084757316516227e-10,1.2308480619165558e-09,7.901977863569777e-05,0.0076024453620690295
74532,8400,104,167,55.01961,13.11538,500371200.0,8.485223283033122e-05,0.014615321025997993,2.4113411761776454e-05,0.01454587180662833,4.53358076078826e-05,0.0811952738134533,0.07480180999006251,0.006393463823390745,0.1850173903508934,5.590094015180465e-06,2.176758169336878e-05,0.00020283978809748776,1.0887756339922821e-10,8.838097595758126e-11,2.0496587441647023e-11,4.2468797046179644e-10,4.1064810226522045e-10,1.403986819657611e-11,0.0008926389674217799,0.6323971839781334,2.661152660955628e-07,2.0111449006337582e-10,1.2306470843545218e-09,7.907454941990278e-05,0.007606092528136997
74533,8400,104,167,55.01026,13.10456,500371200.0,8.47803425383599e-05,0.01460614248785134,2.410496855092335e-05,0.014536706617971509,4.533090132890854e-05,0.08111904623144753,0.07472740077329387,0.006391645458153599,0.18493887791213348,5.584333326777138e-06,2.1757910803410792e-05,0.00020273405396285438,1.0884817959224266e-10,8.835628795563796e-11,2.0491891636604773e-11,4.240028791901965e-10,4.099935978216935e-10,1.4009281368503152e-11,0.0008922641587083511,0.6323630916134766,2.6551830639174915e-07,2.0096382021413954e-10,1.2304659016699816e-09,7.903742669345632e-05,0.007603542189772588
74534,8400,104,167,55.01624,13.02264,500371200.0,8.40696489817178e-05,0.014601140343429816,2.4057999033145273e-05,0.01453177024279362,4.531210160304905e-05,0.08032054194531363,0.07393231715133083,0.006388224793982751,0.1847138203550927,5.52941892701926e-06,2.1724698632065686e-05,0.0002022618868270145,1.088679082764522e-10,8.824589834096578e-11,2.0622009935486497e-11,4.146690848161416e-10,4.0111361064195924e-10,1.355547417418257e-11,0.0008913150417234039,0.6321225449038733,2.5639554318728605e-07,1.9997620832396335e-10,1.2341244693095835e-09,7.89008316218353e-05,0.00759555921426556
74535,8400,104,167,55.00403,13.049,500371200.0,8.44200727223829e-05,0.014615091932478324,2.408612773136031e-05,0.014545680477910147,4.532532683681418e-05,0.08070681608661505,0.0743149845059253,0.00639183158068972,0.18489626889129204,5.556808664643416e-06,2.1749476780539573e-05,0.0002025718437134534,1.0890060369670387e-10,8.831871673798274e-11,2.0581886958721205e-11,4.1892600659803535e-10,4.051672616697269e-10,1.3758744928308627e-11,0.0008921567672462629,0.6322502177664647,2.6045989300379685e-07,2.0052653510977558e-10,1.2330364570261803e-09,7.899878178507531e-05,0.007601845553595185
74536,8400,104,167,54.99858,13.0907,500371200.0,8.477622838748915e-05,0.014613699797962891,2.410799737321202e-05,0.014544258400691411,4.533339989826351e-05,0.08110917703748463,0.07471628989373422,0.006392887143750363,0.18498424939600286,5.584231409167375e-06,2.176327847947853e-05,0.0002027823616214173,1.088765145940337e-10,8.836790551279713e-11,2.0508609081236643e-11,4.2372024133631767e-10,4.0972716747091725e-10,1.3993073865400522e-11,0.0008925065699849505,0.6323668005782519,2.6517840439240827e-07,2.0099906612092075e-10,1.230956726782307e-09,7.905678646494785e-05,0.007605057991352127
74537,8400,104,167,54.98857,13.0756,500371200.0,8.483241361817539e-05,0.014637898678592446,2.4121974342588346e-05,0.01456843360962364,4.534309462622031e-05,0.08115750209732528,0.07476035181029117,0.006397150287034061,0.18515122227155972,5.5892034847277005e-06,2.178329839320541e-05,0.0002029794094962597,1.0896249492130884e-10,8.841452995336626e-11,2.054796496794266e-11,4.237434414371642e-10,4.0975686583033856e-10,1.3986575606825751e-11,0.0008933541972653157,0.6324063135627208,2.6500149670120117e-07,2.0121017578905782e-10,1.2321575243073502e-09,7.913111958978278e-05,0.007610541247391113
74538,8400,104,167,55.00897,12.99739,500371200.0,8.39806915679056e-05,0.014599289134217947,2.4051668112618032e-05,0.014529928162539535,4.530930356579379e-05,0.08021998916691642,0.07383242645073332,0.00638756271618307,0.18467572577928335,5.522551470017005e-06,2.1719688321092537e-05,0.00020219492041378552,1.0886670181823151e-10,8.823059121703765e-11,2.0636110601193944e-11,4.135354248285691e-10,4.000347673009368e-10,1.3500657527632429e-11,0.0008911608052992192,0.6320876877468514,2.552976670788819e-07,1.9984203856766896e-10,1.2344922122919161e-09,7.888021065471382e-05,0.007594350558677284
74539,8400,104,167,54.99965,12.99937,500371200.0,8.414559265023295e-05,0.01460983679538634,2.4066654776762357e-05,0.01454045324988059,4.531689072898657e-05,0.08039869800301123,0.0740087822226644,0.006389915780346801,0.1847855760997083,5.535562526895572e-06,2.173427649235238e-05,0.00020236765262329816,1.0889708914145904e-10,8.827139588757878e-11,2.062569325388033e-11,4.1541814410422074e-10,4.0182900510711297e-10,1.3589138997107956e-11,0.0008916880151291381,0.632149611852067,2.5705904866179424e-07,2.001216765565407e-10,1.2342237077239394e-09,7.89368243706611e-05,0.007598137829722332
74540,8400,104,167,54.99276,13.00544,500371200.0,8.430025579199714e-05,0.0146202861256044,2.4080928207029863e-05,0.014550880991977431,4.5324205419938324e-05,0.08056637177547135,0.07417414722012045,0.006392224555350872,0.1848927621812185,5.5477690452984985e-06,2.1748353115001265e-05,0.00020253328937582698,1.0892738985146599e-10,8.831041619248146e-11,2.0616973658984615e-11,4.1716789895164243e-10,4.0349670474894914e-10,1.3671194202693483e-11,0.0008921992692443471,0.6322092688552131,2.5869073181153623e-07,2.003881648648354e-10,1.2340107285912778e-09,7.899148401293131e-05,0.007601791425853646
74541,8400,104,167,54.98553,12.99646,500371200.0,8.444495265958995e-05,0.014646013716174421,2.41011623805228e-05,0.01457657600491224,4.533654888166044e-05,0.08071327856523705,0.07431621922510702,0.0063970593401299755,0.18509294264748702,5.559612868351565e-06,2.1773180548683625e-05,0.0002027952982911647,1.09014427972235e-10,8.837233302238861e-11,2.0642094949846476e-11,4.183258865056128e-10,4.046063277448733e-10,1.371955876073973e-11,0.0008931954589992358,0.6322787012102755,2.5961533405198475e-07,2.0072651503434555e-10,1.2348095789893972e-09,7.908519035584042e-05,0.007608462463524351
