turbine_idx,P_rated_kW,Hub_height_m,Diameter_m,Latitude,Longitude,Lifetime_production_kWh,acidification - accumulated exceedance (AE)[mol H+-Eq],climate change - global warming potential (GWP100)[kg CO2-Eq],climate change: biogenic - global warming potential (GWP100)[kg CO2-Eq],climate change: fossil - global warming potential (GWP100)[kg CO2-Eq],climate change: land use and land use change - global warming potential (GWP100)[kg CO2-Eq],ecotoxicity: freshwater - comparative toxic unit for ecosystems (CTUe)[CTUe],"ecotoxicity: freshwater, inorganics - comparative toxic unit for ecosystems (CTUe)[CTUe]","ecotoxicity: freshwater, organics - comparative toxic unit for ecosystems (CTUe)[CTUe]","energy resources: non-renewable - abiotic depletion potential (ADP): fossil fuels[MJ, net calorific value]",eutrophication: freshwater - fraction of nutrients reaching freshwater end compartment (P)[kg P-Eq],eutrophication: marine - fraction of nutrients reaching marine end compartment (N)[kg N-Eq],eutrophication: terrestrial - accumulated exceedance (AE)[mol N-Eq],human toxicity: carcinogenic - comparative toxic unit for human (CTUh)[CTUh],"human toxicity: carcinogenic, inorganics - comparative toxic unit for human (CTUh)[CTUh]","human toxicity: carcinogenic, organics - comparative toxic unit for human (CTUh)[CTUh]",human toxicity: non-carcinogenic - comparative toxic unit for human (CTUh)[CTUh],"human toxicity: non-carcinogenic, inorganics - comparative toxic unit for human (CTUh)[CTUh]","human toxicity: non-carcinogenic, organics - comparative toxic unit for human (CTUh)[CTUh]",ionising radiation: human health - human exposure efficiency relative to u235[kBq U235-Eq],land use - soil quality index[dimensionless],material resources: metals/minerals - abiotic depletion potential (ADP): elements (ultimate reserves)[kg Sb-Eq],ozone depletion - ozone depletion potential (ODP)[kg CFC-11-Eq],particulate matter formation - impact on human health[disease incidence],photochemical oxidant formation: human health - tropospheric ozone concentration increase[kg NMVOC-Eq],water use - user deprivation potential (deprivation-weighted water consumption)[m3 world eq. deprived]
8043,3450,142,136,62.10625,21.61537,196918589.61654,0.00013345319673995425,0.024616502097021785,3.0925463761070534e-05,0.024530508019564242,5.5068613696475543e-05,0.13451873333486736,0.12459121785144106,0.00992751548342603,0.29194892387789906,9.284329413461118e-06,3.2984254424468135e-05,0.0003163960276043111,1.394571450187887e-10,1.0485225978660076e-10,3.4604885232188025e-11,7.00936843159202e-10,6.753512678010079e-10,2.558557535819384e-11,0.002222825562715083,0.6667542451473423,4.554670893546556e-07,3.516528421160133e-10,1.7391041851265537e-09,0.0001221937753194004,0.010744962701244616
8044,3450,142,136,62.10697,21.60631,196918589.61654,0.00013323889333419144,0.024613007949320333,3.091034017533316e-05,0.024527035320284243,5.506228886076199e-05,0.13428100010532615,0.12435481120582817,0.009926188899497711,0.29187162109468956,9.267664665748951e-06,3.2972739685997276e-05,0.00031623993075039923,1.394546778160849e-10,1.0481519007033056e-10,3.463948774575442e-11,6.981845782128506e-10,6.727320589795584e-10,2.5452519233292243e-11,0.0022224690542283054,0.6666849200500371,4.527938749514911e-07,3.513488739803479e-10,1.740101685325853e-09,0.00012214764611586285,0.010742096352955392
8045,3450,142,136,62.11136,21.60549,196918589.61654,0.00013295540084309147,0.024608659106210275,3.089037050222953e-05,0.024522714695609505,5.505404009854043e-05,0.13396779395694544,0.12404328389181592,0.009924510065129236,0.29177345983077796,9.245585819418995e-06,3.295766247238771e-05,0.0003160348949546719,1.3945153855280836e-10,1.0476609807906886e-10,3.468544047373957e-11,6.94537784978382e-10,6.692615599188838e-10,2.5276225059498194e-11,0.0022220017228580537,0.6665973705267841,4.4924962298235417e-07,3.5095222950233094e-10,1.7414527009196659e-09,0.00012208762285346891,0.010738317520535676
8046,3450,142,136,62.10746,21.59419,196918589.61654,0.00013298723727272774,0.024608874005052205,3.089257645376815e-05,0.024522926580270422,5.5054848328017125e-05,0.13400168630886214,0.12407706377341948,0.009924622535442367,0.2917803832103623,9.248099088908996e-06,3.295920049163862e-05,0.00031605646244165333,1.3945176657294677e-10,1.0477166526621544e-10,3.468010130673143e-11,6.949532679781728e-10,6.696569647584361e-10,2.529630321973686e-11,0.0022220499255232833,0.6666030437716766,4.4965562223284064e-07,3.509913100864798e-10,1.7412695060911142e-09,0.00012209336423995855,0.010738728950227263
8047,3450,142,136,62.10767,21.58383,196918589.61654,0.00013279126426525068,0.024605638282877883,3.087874103934219e-05,0.024519710494820768,5.5049047017772326e-05,0.13378409810024522,0.12386069992898173,0.009923398171263245,0.29170908611362617,9.232864755444248e-06,3.294864771638321e-05,0.00031591350164395437,1.3944949198607112e-10,1.0473777430425255e-10,3.4711717681818675e-11,6.924372967153454e-10,6.672626272543965e-10,2.5174669460948787e-11,0.0022217232780817673,0.6665390333500362,4.47212240417232e-07,3.507125338793146e-10,1.7421770304280497e-09,0.00012205103290313181,0.010736105861291163
8048,3450,142,136,62.10161,21.58675,196918589.61654,0.0001332238353729407,0.02461232119028557,3.0909218375026034e-05,0.024526350318030975,5.506165387956829e-05,0.1342622291234482,0.12433625616105382,0.00992597296239413,0.2918595739877488,9.26654825314897e-06,3.297168025875254e-05,0.00031622660994109385,1.3945430355036442e-10,1.0481267269460088e-10,3.4641630855763587e-11,6.980007835100257e-10,6.725571613593926e-10,2.5443622150633026e-11,0.002222437100324833,0.6666733392226373,4.5261891276722795e-07,3.5131870167304044e-10,1.7401209917031765e-09,0.00012214279259175332,0.010741874078139074
8049,3450,142,136,62.09875,21.59681,196918589.61654,0.00013357778098500232,0.024617963376145215,3.093417937529531e-05,0.024531957152349463,5.507204442045826e-05,0.1346542684599872,0.12472614031747391,0.009928128142513041,0.2919853172178204,9.294087829812099e-06,3.2990625046725824e-05,0.0003164837343694552,1.3945831976881138e-10,1.0487392288685955e-10,3.458439688195192e-11,7.025492510035543e-10,6.76885740107933e-10,2.566351089562126e-11,0.002223023898238862,0.6667858789142738,4.570377763505893e-07,3.518181659284582e-10,1.7384586889768776e-09,0.00012221850947555086,0.010746602075458661
8050,3450,142,136,62.10207,21.60891,196918589.61654,0.00013358798543245784,0.024618402926142015,3.093493612932276e-05,0.024532395526444477,5.507246356821815e-05,0.13466686805459907,0.12473860076645378,0.009928267288145009,0.2919930936924454,9.294847592770453e-06,3.2991328329873106e-05,0.0003164926237476231,1.3945856162966908e-10,1.0487563397238698e-10,3.458292765728217e-11,7.026743666019169e-10,6.770047998647172e-10,2.5669566737199455e-11,0.0022230451482071435,0.6667933338785059,4.5715709839988437e-07,3.5183809663817257e-10,1.7384426302375083e-09,0.00012222170414250092,0.01074675148336167
8051,3450,142,136,62.11222,21.57979,196918589.61654,0.00013243500575914997,0.024600097724386594,3.0853635493586727e-05,0.02451420544049886,5.503864839414909e-05,0.13339014564419233,0.12346887821556332,0.009921267428628745,0.29158459764722156,9.20512810260321e-06,3.292965771044506e-05,0.0003156554354748259,1.3944551258402416e-10,1.046760964596583e-10,3.476941612436595e-11,6.878560959709705e-10,6.629028940336771e-10,2.495320193729338e-11,0.0022211348126746394,0.666427864291257,4.4276046158255634e-07,3.502125723712776e-10,1.7438661352110805e-09,0.0001219753272959754,0.010731353519575418
8052,3450,142,136,62.11179,21.59117,196918589.61654,0.00013266414847732075,0.024603865212880292,3.08698105108e-05,0.02451794997762285,5.504542474663947e-05,0.1336444876001079,0.12372179299822461,0.009922694601882982,0.2916677238468202,9.22294291152685e-06,3.294198759019555e-05,0.0003158225085376997,1.39448164919584e-10,1.0471572683469997e-10,3.473243808488409e-11,6.907982574641577e-10,6.657028181697614e-10,2.509543929439615e-11,0.002221516498535315,0.6665024671012973,4.456178655196939e-07,3.5053821564458946e-10,1.7428031764391516e-09,0.000122024765387679,0.01073441983129556
8053,3450,142,136,62.11107,21.56878,196918589.61654,0.00013231983276052733,0.024598088701194495,3.084549004869017e-05,0.024512208018554395,5.5035192591407365e-05,0.13326176640497678,0.12334124840326902,0.009920518001707491,0.29154108632408515,9.196188183367565e-06,3.2923394930187406e-05,0.000315570845030946,1.3944412691388742e-10,1.046562000517334e-10,3.478792686215408e-11,6.863797986848144e-10,6.614979706694737e-10,2.4881828015340453e-11,0.0022209411621767964,0.666388612390017,4.4132762283946915e-07,3.500465908053589e-10,1.7443871256491595e-09,0.00012195005683001054,0.010729806854728987
8054,3450,142,136,62.10821,21.55787,196918589.61654,0.0001323266493812887,0.02459795835292027,3.084593873324438e-05,0.024512077124710995,5.503528947602513e-05,0.13326819717370156,0.12334770414263195,0.009920493031069315,0.2915399245807792,9.19674810458874e-06,3.292362417972644e-05,0.000315574522571078,1.3944409543488527e-10,1.0465742696312807e-10,3.4786668471757265e-11,6.864725933168597e-10,6.615862856033627e-10,2.488630771349708e-11,0.0022209487235914757,0.6663871452966829,4.4141969707852546e-07,3.5005143559271837e-10,1.7443276037372506e-09,0.00012195064173091302,0.010729886605278573
8055,3450,142,136,62.11901,21.56386,196918589.61654,0.00013173242861220537,0.024588986255414187,3.080410007476645e-05,0.02450316409393611,5.5018061403308904e-05,0.13261236606097615,0.12269535210586975,0.009917013955106097,0.29133632131234954,9.150451524529905e-06,3.2892102605537235e-05,0.0003151455172787641,1.3943758060176127e-10,1.045544982227588e-10,3.4883082379002546e-11,6.788255336448009e-10,6.543088981811345e-10,2.4516635463666414e-11,0.002219971406827816,0.6662058156395229,4.3398650603703346e-07,3.4922290441056694e-10,1.7471759331366668e-09,0.00012182535257481612,0.01072197268192087
8056,3450,142,136,62.11578,21.55524,196918589.61654,0.00013179588247776183,0.024589768575417496,3.080854425556822e-05,0.024503940205970114,5.501982519181866e-05,0.13268157572363823,0.12276423914181968,0.0099173365818183,0.2913554278832895,9.155417026670556e-06,3.289536891313533e-05,0.0003151903914277569,1.3943819625816602e-10,1.045655242500324e-10,3.487267200813369e-11,6.796459459363705e-10,6.550896549454982e-10,2.4556290990872235e-11,0.002220073019475644,0.6662225061712485,4.3478538615059154e-07,3.4930786810511583e-10,1.7468515454715074e-09,0.00012183808934447109,0.010722809456163235
8057,3450,142,136,62.11528,21.54487,196918589.61654,0.00013166459628632,0.024587536077279096,3.079926694867603e-05,0.02450172089954777,5.501591078265066e-05,0.1325355054546129,0.1226190071283158,0.0099164983262968,0.29130669266153286,9.145219256741574e-06,3.2888262621375216e-05,0.0003150942735223868,1.3943664295164289e-10,1.0454283285247541e-10,3.489381009916757e-11,6.77961856280193e-10,6.534869837351231e-10,2.447487254506981e-11,0.0022198531776270814,0.666178638587797,4.331504071849716e-07,3.491198155214673e-10,1.7474520533954635e-09,0.0001218094938837922,0.01072104913072937
8058,3450,142,136,62.10729,21.54649,196918589.61654,0.00013221195976822502,0.024595965358874507,3.0837828493459936e-05,0.024510095678922476,5.503185145857238e-05,0.13314039233148284,0.12322064346891833,0.009919748862564233,0.2914967097791188,9.187844767650675e-06,3.291739199501061e-05,0.00031549032766485784,1.3944271903963936e-10,1.0463761255781897e-10,3.480510648182048e-11,6.850023269502341e-10,6.601871013830568e-10,2.4815225567177206e-11,0.0022207560047222998,0.6663481736630712,4.3999265041721634e-07,3.4988630241598656e-10,1.7448472819180413e-09,0.00012192550508563823,0.010728346791208068
8059,3450,142,136,62.10367,21.53794,196918589.61654,0.00013232709227957784,0.024597561671332816,3.0845915848005256e-05,0.024511680627378764,5.503512810604629e-05,0.1332667966630469,0.12334641322964145,0.009920383433405155,0.2915340287331266,9.196832461327905e-06,3.29234188153931e-05,0.00031557269156351427,1.3944391662751782e-10,1.046575835015973e-10,3.478633312592059e-11,6.864870619504668e-10,6.616000654440726e-10,2.4886996506394228e-11,0.002220943140693536,0.666381146669347,4.4143700298570346e-07,3.50043995623369e-10,1.744279057117364e-09,0.00012194926123629408,0.010729873423673953
8060,3450,142,136,62.10389,21.56989,196918589.61654,0.00013279766595181603,0.024605427621899153,3.087915058299587e-05,0.024519499371424242,5.5049099891918916e-05,0.13378972408335454,0.12386637390730651,0.009923350176047748,0.2917066720211031,9.233401499653663e-06,3.2948812942660715e-05,0.0003159164847948554,1.394494222422732e-10,1.0473894399529731e-10,3.4710478246975975e-11,6.925263612793065e-10,6.673473943925722e-10,2.5178966886734303e-11,0.0022217289984622136,0.6665363136407737,4.4730128403842855e-07,3.5071532097623023e-10,1.7421109753285677e-09,0.00012205125975252467,0.010736176583075047
8061,3450,142,136,62.09894,21.57339,196918589.61654,0.0001331727480603231,0.024611246249060977,3.0905580661057224e-05,0.024525280626792132,5.506004160778663e-05,0.13420442302703442,0.12427883360875665,0.009925589418277477,0.2918375180207043,9.262605485707075e-06,3.2968797994555655e-05,0.0003161881081258643,1.3945360522072123e-10,1.0480388361172528e-10,3.464972160899602e-11,6.973499376394735e-10,6.719377865298202e-10,2.541215110965334e-11,0.0022223483269189024,0.6666531333405008,4.519887092738531e-07,3.5124140572228374e-10,1.740330934233843e-09,0.0001221309117808546,0.010741179329622052
8062,3450,142,136,62.09615,21.56401,196918589.61654,0.00013320642419063444,0.024611565229347557,3.090792637272656e-05,0.024525596366844777,5.506093613005004e-05,0.1342407032227025,0.12431496934018196,0.009925733882520256,0.2918462157581836,9.2652526589378e-06,3.2970476896672066e-05,0.0003162114106610289,1.3945388815364902e-10,1.0480975436555165e-10,3.464413378809746e-11,6.977874370551551e-10,6.723541414592803e-10,2.5433295595874827e-11,0.002222400749239457,0.6666605282864843,4.524154959337089e-07,3.512845756413812e-10,1.7401477028135539e-09,0.0001221373198696788,0.010741618870065186
8063,3450,142,136,62.09371,21.5566,196918589.61654,0.00013325535705178347,0.024612165016908442,3.0911353062020134e-05,0.024526191369072557,5.5062294773864195e-05,0.1342940582938082,0.12436807659007129,0.009925981703736608,0.29186089738612775,9.269082271199245e-06,3.297299374319094e-05,0.00031624599697170906,1.394543613258209e-10,1.0481825785151539e-10,3.463610347430562e-11,6.984201794957556e-10,6.7295629969263e-10,2.5463879803125656e-11,0.0022224790536745052,0.6666733460215434,4.5303165972386256e-07,3.513500259608166e-10,1.7398971459272835e-09,0.00012214712911057167,0.010742263988237324
8064,3450,142,136,62.0917,21.54021,196918589.61654,0.00013315807216084807,0.024610355044420107,3.090445758336557e-05,0.024524391259922514,5.505932691422871e-05,0.13418508910224053,0.1242597718519912,0.00992531725024901,0.29182245013572244,9.261544819191194e-06,3.296763956555771e-05,0.0003161739422877258,1.3945313942836275e-10,1.048014740139109e-10,3.4651665414451934e-11,6.971756296199529e-10,6.717719225383018e-10,2.5403707081651126e-11,0.00222231371226313,0.6666384725024793,4.5182465797253e-07,3.512075669858274e-10,1.740324215719573e-09,0.00012212537070644062,0.010740952199585381
8065,3450,142,136,62.08745,21.53582,196918589.61654,0.00013338619905985474,0.0246137749164436,3.092051653734006e-05,0.024527788469598594,5.5065930307672256e-05,0.13443675356408344,0.12451010750619344,0.00992664605788969,0.2919002465102696,9.279321548510978e-06,3.2979727034845464e-05,0.0003163385102563239,1.3945562933267894e-10,1.0484099418595079e-10,3.461463514672823e-11,7.00111941981899e-10,6.745662890702704e-10,2.5545652911628757e-11,0.0022226885283853936,0.6667077125741014,4.546790469273394e-07,3.5152515644213625e-10,1.73922788427791e-09,0.00012217338049651502,0.010743989264992796
8066,3450,142,136,62.04388,21.56934,196918589.61654,0.0001370645898203296,0.024714519816746983,3.119350943817648e-05,0.024628119501968037,5.520680534077147e-05,0.13863304480530972,0.12865978079938645,0.009973264005923011,0.29413257878301446,9.551042897197922e-06,3.326207115534826e-05,0.00031987555408016723,1.3952871513639158e-10,1.0544308323073683e-10,3.408563190565484e-11,7.439202603316507e-10,7.162398159932161e-10,2.7680444338434343e-11,0.0022303690250314546,0.6771854114783382,4.970002368581585e-07,3.574925756484286e-10,1.7330459472016003e-09,0.0001234230972520031,0.010798858335125368
8067,3450,142,136,62.04836,21.55729,196918589.61654,0.00013660959313507463,0.024707315983194093,3.1161428694123605e-05,0.024620961084943147,5.519346955682258e-05,0.13812930908008472,0.12815880187433995,0.009970507205744487,0.2939716734951934,9.515634723352404e-06,3.323774556061953e-05,0.00031954528319862223,1.395235746894513e-10,1.0536433644360548e-10,3.415923824584592e-11,7.380721411411717e-10,7.106744139327538e-10,2.7397727208417852e-11,0.0022296154666288192,0.6770414898335447,4.913183579092061e-07,3.568514975079545e-10,1.7351884967496387e-09,0.0001233259430196524,0.010792782826691879
8068,3450,142,136,62.04974,21.54924,196918589.61654,0.00013641827235048656,0.02470423571806721,3.114793226177522e-05,0.024617899945875488,5.5187839929948305e-05,0.13791725457812284,0.12794792079767361,0.009969333780448949,0.2939032480146046,9.500752320135185e-06,3.3227487918819346e-05,0.00031940613549115063,1.3952138990760955e-10,1.0533123446002082e-10,3.41901554475888e-11,7.356141871101038e-10,7.083352867568863e-10,2.7278900353217476e-11,0.002229297804010181,0.6769801948509091,4.889306858614749e-07,3.565809101514285e-10,1.736083528386462e-09,0.00012328490394932775,0.010790225727548942
8069,3450,142,136,62.05426,21.55835,196918589.61654,0.00013622132627374552,0.02470137229643803,3.113408020851308e-05,0.024615056038683563,5.51821775459516e-05,0.137700405036406,0.12773219368128258,0.009968211355123132,0.29383741958679727,9.48539434737499e-06,3.3217103092727217e-05,0.0003192645356202777,1.3951928085910497e-10,1.0529709836591342e-10,3.4222182493191634e-11,7.330772804174657e-10,7.059210156643964e-10,2.7156264753069374e-11,0.0022289756112642807,0.6769217722519918,4.864638438182806e-07,3.5630850756811796e-10,1.7370402559437467e-09,0.00012324378148590264,0.010787607984698695
8070,3450,142,136,62.05712,21.54962,196918589.61654,0.00013591841851798072,0.024696564398502572,3.1112721281866844e-05,0.024610278382990874,5.5173294229833296e-05,0.13736499351962206,0.12739862081633335,0.00996637270328843,0.29373011852303343,9.461823333535562e-06,3.320090183006503e-05,0.0003190445981192531,1.3951585319308797e-10,1.0524467616415684e-10,3.427117702893121e-11,7.291842377356714e-10,7.022161756644698e-10,2.6968062071201498e-11,0.0022284737517034984,0.6768257752404516,4.826815627661043e-07,3.5588147804372255e-10,1.7384652424077854e-09,0.00012317905838570017,0.010783562729146818
8071,3450,142,136,62.05521,21.54212,196918589.61654,0.00013595945600021201,0.024697063742629782,3.111559457898211e-05,0.024610773715979774,5.517443207103401e-05,0.13740972250709546,0.1274431429887625,0.009966579518332673,0.293742376274119,9.465035486200741e-06,3.320301049970765e-05,0.0003190735843328406,1.395162483486841e-10,1.0525180832756641e-10,3.4264440021117776e-11,7.297149661016779e-10,7.027212508667994e-10,2.699371523487833e-11,0.0022285393642439036,0.6768364690566916,4.831984147101097e-07,3.5593629462213387e-10,1.7382546911625106e-09,0.00012318727149443338,0.010784103583232927
8072,3450,142,136,62.05161,21.5656,196918589.61654,0.0001364932283637726,0.024705678986574886,3.1153251617555796e-05,0.024619335587309957,5.519014764737792e-05,0.1380014413124034,0.1280315820329523,0.009969859279450814,0.29393360130586715,9.506553751090368e-06,3.323164084609865e-05,0.00031946191193228684,1.3952235353871245e-10,1.0534415642129034e-10,3.417819711742217e-11,7.365720280877205e-10,7.092468158032472e-10,2.7325212284473332e-11,0.002229425958505541,0.6770078050646954,4.898592348185659e-07,3.5669164511456547e-10,1.7357600872545524e-09,0.00012330184637917717,0.010791238738446576
8073,3450,142,136,62.04068,21.55841,196918589.61654,0.0001371476577156297,0.024715600458320955,3.119933491972818e-05,0.02462919198467049,5.520913873074332e-05,0.1387239122983381,0.12875021022466684,0.009973702073670994,0.294158438432415,9.557536287854753e-06,3.3266379158165113e-05,0.0003199346004033341,1.3952954682268302e-10,1.054575062986881e-10,3.407204052399501e-11,7.449930394580158e-10,7.172607396805507e-10,2.7732299777464896e-11,0.0022305029308998196,0.6772081203452818,4.98044408307595e-07,3.5760493084838536e-10,1.73262779175218e-09,0.00012343997749577273,0.010799956434704215
8074,3450,142,136,62.04418,21.55215,196918589.61654,0.00013683366205264602,0.02471066770066416,3.117720100585445e-05,0.024624290547332794,5.51999523255127e-05,0.1383764625776117,0.12840465223762015,0.009971810339991243,0.29404797624599527,9.533096140277365e-06,3.3249613861130926e-05,0.000319706884753383,1.3952601696928736e-10,1.054031550691246e-10,3.4122861900162834e-11,7.409563807571507e-10,7.134192251881164e-10,2.753715556903412e-11,0.0022299835008751188,0.6771093869190977,4.941221857816266e-07,3.571632913590116e-10,1.7341108245721129e-09,0.00012337307204868212,0.01079576552168186
8075,3450,142,136,62.03543,21.5784,196918589.61654,0.00013775273456230727,0.02472525110280334,3.124200693042853e-05,0.024638782192058197,5.5226903814717413e-05,0.13939413554644342,0.1294167476992327,0.009977387847210443,0.29437347715509465,9.604615080045363e-06,3.3298768599487426e-05,0.0003203741873977782,1.3953641500186513e-10,1.0556221365027978e-10,3.3974201351585424e-11,7.527686188598806e-10,7.246604203811302e-10,2.8108198478750358e-11,0.0022315061549045808,0.6774005884795054,5.055983885541398e-07,3.5845887887316633e-10,1.7297866538508927e-09,0.00012356943603797588,0.010808039284130938
8076,3450,142,136,62.03825,21.56933,196918589.61654,0.00013744676910365598,0.024720388354973744,3.1220431549358514e-05,0.024633949995326494,5.5217928097892406e-05,0.13905530863151652,0.12907977975326743,0.009975528878248792,0.29426499823805463,9.580806909189475e-06,3.328240020933427e-05,0.0003201519960573439,1.39532949859192e-10,1.0550926352247499e-10,3.402368633671712e-11,7.488364151692154e-10,7.209183127131897e-10,2.79181024560254e-11,0.002230999130489145,0.677303526373956,5.017781115030941e-07,3.580274125218045e-10,1.7312252978718535e-09,0.00012350403651011132,0.010803952894953107
14490,2455,120,117,65.51698,25.33305,114209975.990265,0.00015176626044269457,0.028152228530802303,3.584380272239577e-05,0.028051103402080252,6.528132599964308e-05,0.15297893502188348,0.1416731672762131,0.011305767745670168,0.3377402115708563,1.0421669643186182e-05,3.76165102180174e-05,0.0003578620862307826,1.5988929302720957e-10,1.2117193126124986e-10,3.8717361765959785e-11,7.938087225506578e-10,7.65040291457584e-10,2.876843109307391e-11,0.0025221970169683463,0.8079889306974165,5.12561680306885e-07,3.966024244322296e-10,2.0312298121706808e-09,0.00013916283721101183,0.01258573950803116
14491,2455,120,117,65.54478,25.36172,114209975.990265,0.00015276095021347254,0.028170143000552976,3.591422627155491e-05,0.02806891735889511,6.5311415386305e-05,0.15409031998507233,0.14277792307669257,0.011312396908379551,0.3381244459192351,1.0498809464926076e-05,3.767091837350955e-05,0.00035859565522579015,1.5990151695304814e-10,1.2134365474837395e-10,3.855786220467427e-11,8.065464889096869e-10,7.771622154676885e-10,2.938427344199833e-11,0.002523878294388561,0.8083364990215088,5.24919930794604e-07,3.9804717925683735e-10,2.0267951480232805e-09,0.00013938314443926798,0.012599123912555415
14492,2455,120,117,65.55704,25.27904,114209975.990265,0.00015566963265532279,0.028216824424251927,3.6119394940663084e-05,0.028115308089829632,6.539693948162625e-05,0.15731352570803928,0.14598333028235114,0.011330195425687934,0.33916250565449796,1.0725087509606588e-05,3.782678286608057e-05,0.0003607103503836304,1.5993466500633288e-10,1.2184693919784986e-10,3.8087725808483106e-11,8.439184077542534e-10,8.127274374044352e-10,3.1190970349818244e-11,0.0025287054517333786,0.8092661208841946,5.61224442956038e-07,4.021580010863244e-10,2.0131707537538397e-09,0.00014000652627189745,0.01263799290765747
14493,2455,120,117,65.55576,25.29952,114209975.990265,0.00015505055866650938,0.02820699430515438,3.6075741672846656e-05,0.02810553978113588,6.537878234564666e-05,0.15662800332019325,0.14530156675589254,0.011326436564300482,0.33894314874079334,1.0676914242007648e-05,3.779366900011991e-05,0.00036026082788943533,1.5992765787716793e-10,1.2173980100657993e-10,3.8187856870588113e-11,8.359620055912689e-10,8.051556743904406e-10,3.080633120082833e-11,0.0025276797051977237,0.8090698660323663,5.534944409759725e-07,4.012851731957296e-10,2.016082652952197e-09,0.00013987423292669335,0.012629725149532067
14494,2455,120,117,65.52913,25.31241,114209975.990265,0.00015305818838636298,0.028173514564251323,3.593500494902383e-05,0.02807226000834246,6.531955095983082e-05,0.15441314743208637,0.14309932075084916,0.011313826681236998,0.3382095532337727,1.0522105682010244e-05,3.76860525211614e-05,0.00035880429740593804,1.599042674413585e-10,1.21395362176944e-10,3.850890526441457e-11,8.103959333151263e-10,7.808256004582676e-10,2.95703328568585e-11,0.0025243496949008026,0.808410226222776,5.286706888783699e-07,3.984393220474503e-10,2.025241882877059e-09,0.000139441736670525,0.012603029767396048
14495,2455,120,117,65.53379,25.30304,114209975.990265,0.00015359586423912527,0.02818234293687841,3.597295749782345e-05,0.028081034533078534,6.533544630204455e-05,0.15500989665808074,0.14369272447577067,0.011317172182309902,0.338404427485662,1.0563909017834999e-05,3.771497741820122e-05,0.00035919626532170324,1.5991048563424842e-10,1.2148835590658558e-10,3.842212972766296e-11,8.172998775336008e-10,7.873957771884046e-10,2.9904100345196186e-11,0.002525245121788725,0.8085850980757182,5.353758407986094e-07,3.992031952663358e-10,2.0227463137533587e-09,0.000139557697989618,0.012610224203395557
14496,2455,120,117,65.54149,25.32307,114209975.990265,0.000153524491619648,0.028181844392143312,3.5968009828749494e-05,0.02808054275518887,6.53336271256881e-05,0.15493383639905323,0.14361692102387455,0.011316915375178498,0.3383886548086227,1.0558276708047517e-05,3.771151988751598e-05,0.0003591478247364785,1.5990996680932909e-10,1.2147587840629174e-10,3.843408840303742e-11,8.163687900405365e-10,7.865096848100962e-10,2.9859105230440384e-11,0.0025251367960234016,0.8085721244343606,5.344661390930359e-07,3.991152472630062e-10,2.0231550793723406e-09,0.0001395447653536652,0.01260930104479857
14497,2455,120,117,65.52428,25.34732,114209975.990265,0.00015180282114350894,0.028153384932144622,3.5846457948150384e-05,0.028052255827180118,6.52826470163492e-05,0.15302211724292125,0.14171596734249434,0.011306149900426703,0.3377617999129578,1.0424443448169771e-05,3.761879255272912e-05,0.0003578917042196598,1.5988996905159359e-10,1.2117814457420648e-10,3.87118244773872e-11,7.942660855581236e-10,7.654755287853748e-10,2.879055677274885e-11,0.002522266604838369,0.8080092777302049,5.130013946193854e-07,3.96665474273349e-10,2.031124119888542e-09,0.00013917275422817293,0.012586255017203174
14498,2455,120,117,65.55088,25.32838,114209975.990265,0.00015399465812770803,0.028190011045298016,3.600125702720956e-05,0.028088662068638585,6.534771963221726e-05,0.1554577516882361,0.1441377866086625,0.011319965079573408,0.338565759111357,1.0594776101869546e-05,3.7737066513136824e-05,0.00035949296013700424,1.5991560767610856e-10,1.2155710765097083e-10,3.835850002513781e-11,8.223961788442387e-10,7.922456709103432e-10,3.015050793389551e-11,0.00252592678527909,0.8087318332399661,5.403163765344706e-07,3.997921344002148e-10,2.021024264617323e-09,0.0001396477992277719,0.012615613296187465
14499,2455,120,117,65.52387,25.3181,114209975.990265,0.00015258992277858245,0.028165731441312562,3.590193915442938e-05,0.028064523835345773,6.530566681234765e-05,0.15389299210684126,0.14258210531044216,0.011310886796398916,0.3380384201051423,1.0485710538899342e-05,3.766080805095679e-05,0.0003584624263318074,1.5989880897706972e-10,1.2131439198343436e-10,3.858441699363541e-11,8.04385293579886e-10,7.751055443821483e-10,2.927974919773763e-11,0.002523568383908581,0.8082564931462127,5.22833880276414e-07,3.9777217325718306e-10,2.027404423037574e-09,0.00013934040010978821,0.012596759616626634
14500,2455,120,117,65.52943,25.33661,114209975.990265,0.00015240963614868803,0.028163340232054045,3.588928966082845e-05,0.028062150359656108,6.530058273709704e-05,0.15369556290931696,0.1423856396229776,0.011309923286339186,0.33798160833992974,1.0471623255611515e-05,3.7651432159616546e-05,0.0003583340305883952,1.598969830543427e-10,1.2128309790943774e-10,3.861388514490503e-11,8.020579809587938e-10,7.728907293926708e-10,2.916725156612282e-11,0.0025232770437729375,0.8082065098975109,5.205689969247255e-07,3.975274072499855e-10,2.0283066925960447e-09,0.00013930359654653422,0.012594374185118813
14501,2455,120,117,65.56438,25.34728,114209975.990265,0.00015445963250095877,0.02819847413658413,3.603418889559935e-05,0.02809707812419705,6.536182349147198e-05,0.1559776921837271,0.14465460354476653,0.011323088638960336,0.338746704168958,1.0630824645697678e-05,3.7762550380886884e-05,0.00035983634562393907,1.5992136228857697e-10,1.2163736335856877e-10,3.828399893000831e-11,8.283486011610535e-10,7.979103046418523e-10,3.043829651920102e-11,0.0025267140998729318,0.8088956575028168,5.460907315248911e-07,4.0046926956978126e-10,2.0189614773101925e-09,0.00013975110797341777,0.012621874128352008
14502,2455,120,117,65.54736,25.32176,114209975.990265,0.00015393390184930265,0.028188761033071785,3.599693463027865e-05,0.028087418283969958,6.534581447154281e-05,0.1553891379157298,0.14406962107879803,0.011319516836931578,0.33853995419038435,1.0590083605452461e-05,3.77336548411532e-05,0.000359447322633677,1.599147900984535e-10,1.215466494998672e-10,3.836814059858642e-11,8.216215347003398e-10,7.91508483200164e-10,3.011305150017574e-11,0.002525821654293396,0.8087082346199879,5.395660708068909e-07,3.997007759734061e-10,2.021277207423981e-09,0.0001396337734968401,0.012614788399357464
14503,2455,120,117,65.56587,25.31358,114209975.990265,0.0001553633294738071,0.028212759504856213,3.6097903408830014e-05,0.028111273300698,6.538830074937498e-05,0.15697808686795042,0.14564952906671483,0.011328557801235397,0.3390659491009227,1.0701153797333206e-05,3.781085211649821e-05,0.00036049219643187165,1.5993156175247568e-10,1.2179377168238434e-10,3.813779007009144e-11,8.399644028152055e-10,8.089645612068249e-10,3.0999841608380356e-11,0.0025282104349179423,0.8091811653436227,5.573765211553072e-07,4.01742102753157e-10,2.0147034253859752e-09,0.0001399439893708131,0.012633940000794522
14504,2455,120,117,65.54781,25.3483,114209975.990265,0.0001532938931820548,0.02817875845715559,3.59518266201646e-05,0.028077479518118793,6.532711241662476e-05,0.15468118305371795,0.1433655076979886,0.011315675355729159,0.3383155777097947,1.0540261536561021e-05,3.7699511948856835e-05,0.0003589834519393375,1.599076188487016e-10,1.2143585665713434e-10,3.847176219156736e-11,8.133926005026779e-10,7.836773590361185e-10,2.971524146655939e-11,0.0025247637238104952,0.8085077755980609,5.31570004406576e-07,3.9880162771216337e-10,2.0243059854668e-09,0.00013949759098428113,0.012606248624181643
14505,2455,120,117,65.54213,25.30022,114209975.990265,0.00015417625587295112,0.028192138777581165,3.6013960864251895e-05,0.02809077209733947,6.535271937743339e-05,0.15565530112340611,0.14433444364547035,0.01132085747793555,0.3386187730732646,1.0609000544046575e-05,3.7746351234734074e-05,0.00035962079204252646,1.5991731899253721e-10,1.2158868488753826e-10,3.832863410499902e-11,8.247465224423117e-10,7.944824109955401e-10,3.026411144677165e-11,0.0025262158495566412,0.808777909019597,5.426059234482771e-07,4.0003306997768054e-10,2.020083108500795e-09,0.00013968384417596165,0.012618002789905398
14506,2455,120,117,65.55724,25.33733,114209975.990265,0.00015420007708228498,0.028193778726144668,3.601580971222446e-05,0.028092408953476627,6.535396295581308e-05,0.15568758882089886,0.14436623578504318,0.011321353035855467,0.3386461299543757,1.0610698266881138e-05,3.774834126300545e-05,0.000359644816492053,1.599181630983119e-10,1.2159255776108127e-10,3.832560533723072e-11,8.250252466540459e-10,7.947476274005406e-10,3.027761925350516e-11,0.0025262750602514576,0.8088046465184674,5.428665627449175e-07,4.0009185841179965e-10,2.0201162706912446e-09,0.00013969354480536513,0.012618380604055473
14507,2455,120,117,65.55347,25.28569,114209975.990265,0.00015526907670922673,0.028210237769416443,3.609111987528308e-05,0.028108761555917534,6.53850936236241e-05,0.15686891593549848,0.14554121553438062,0.011327700401117658,0.33901718310835316,1.0693946202933672e-05,3.780522897687151e-05,0.00036041829159988523,1.5993002817058842e-10,1.2177766296646477e-10,3.815236520412375e-11,8.387753420228421e-10,8.078330106905127e-10,3.0942331332329194e-11,0.0025280382274861708,0.8091356975804628,5.562295450788301e-07,4.0158873915551687e-10,2.0150287753568795e-09,0.0001399201022699171,0.012632632761011627
14508,2455,120,117,65.56017,25.31075,114209975.990265,0.00015505194595764467,0.028207387425208244,3.607588923883418e-05,0.028105932552664605,6.537898330480158e-05,0.1566312776634914,0.14530472946255843,0.011326548200932717,0.3389492039780734,1.0676976333167674e-05,3.779395375104138e-05,0.0003602638138915672,1.5992784254610494e-10,1.217399676599598e-10,3.818787488614522e-11,8.359717679322205e-10,8.051649549799113e-10,3.08068129523089e-11,0.0025276878101128048,0.8090759487822181,5.535009390866461e-07,4.0129454188091005e-10,2.016118836492195e-09,0.0001398758853240358,0.01262976123027086
14509,2455,120,117,65.55534,25.36029,114209975.990265,0.00015352371266817244,0.028183018812736486,3.596811398452919e-05,0.028081716581910606,6.533411684134706e-05,0.1549385326128691,0.14362129188031478,0.011317240732554168,0.33840617201843043,1.0558069425823729e-05,3.771215156858294e-05,0.00035915358708687084,1.5991049836515943e-10,1.2147550874979264e-10,3.843498961536689e-11,8.163329789235961e-10,7.864755735581489e-10,2.985740536544704e-11,0.0025251540745426272,0.8085899242653639,5.344217960345067e-07,3.9913785577793564e-10,2.0232953306105634e-09,0.00013954893532980937,0.01260934677949061
14510,2455,120,117,65.53824,25.30508,114209975.990265,0.00015380654226326027,0.0281860122393804,3.59878566390955e-05,0.028084682617424302,6.534176531700043e-05,0.15524470541289578,0.14392616393125301,0.011318541481642568,0.33848393481349587,1.0580262895715607e-05,3.77264302760615e-05,0.00035935097058116647,1.5991301776563212e-10,1.2152475215460426e-10,3.838826561102796e-11,8.200004895096364e-10,7.899658239669036e-10,3.00346655427329e-11,0.0025255992646513957,0.8086568127264805,5.379969991453018e-07,3.995067007358473e-10,2.0217926498789648e-09,0.00013960390281061058,0.012613053142772005
14511,2455,120,117,65.53637,25.34509,114209975.990265,0.0001526219725847617,0.02816724685636644,3.590433402487849e-05,0.028066035480825452,6.530704151610506e-05,0.15393319632502048,0.14262183498677808,0.011311361338242176,0.3380648665853883,1.048808010812229e-05,3.766309343293441e-05,0.00035849106504531864,1.5989963002467975e-10,1.2131973941382986e-10,3.857989061084999e-11,8.047753202794593e-10,7.754766892839009e-10,2.929863099555834e-11,0.0025236372357065476,0.8082819586555683,5.232047086627167e-07,3.978374655067491e-10,2.0273695107531983e-09,0.00013935092669735522,0.012597235252842122
14600,3300,124,117,64.30513,23.98987,101885183.793305,0.00018453246740775012,0.0342821864395007,4.584159323853153e-05,0.03414539138253932,9.09534637228434e-05,0.18589054410679917,0.17164707829233497,0.014243465814463833,0.41287670623960715,1.2674896052733695e-05,4.5946919421074e-05,0.0004374261880956882,2.070236286578971e-10,1.595253399080781e-10,4.7498288749819145e-11,9.538554472021987e-10,9.19991981394796e-10,3.38634658074028e-11,0.0031319791585870376,1.1748450963092048,6.097865737701133e-07,4.749906979748009e-10,2.5900592241874276e-09,0.0001720549948998858,0.015516232201421863
14601,3300,124,117,64.2993,23.98405,101885183.793305,0.00018383170533853692,0.034270412286758395,4.5792093115313045e-05,0.034133687562329484,9.093263131358994e-05,0.18511153549964876,0.1708725044693352,0.014239031030313185,0.4126187054936313,1.262044617389827e-05,4.5909069065513735e-05,0.0004369139007596491,2.0701540236186024e-10,1.5940419263167301e-10,4.761120973018739e-11,9.448632452636591e-10,9.114345097352389e-10,3.342873552842049e-11,0.003130807940479528,1.1746131077755246,6.01055452102841e-07,4.739897758977611e-10,2.5932808994927073e-09,0.00017190288134834054,0.015506842894573547
14602,3300,124,117,64.31698,24.00276,101885183.793305,0.00018494116525801055,0.03428975426429609,4.5870556611376496e-05,0.03415291779138484,9.096591629986795e-05,0.18634815982774466,0.17210191261409716,0.014246247213647083,0.41303768582258427,1.2706565642508445e-05,4.596939214898466e-05,0.00043772870114703086,2.070287455333009e-10,1.5959585661691682e-10,4.743288891638426e-11,9.590846341090717e-10,9.249683433842598e-10,3.4116290724811924e-11,0.0031326732022868863,1.1749910548196167,6.148582864893712e-07,4.755884560101457e-10,2.588260949484654e-09,0.0001721462715172055,0.015521741379551425
14603,3300,124,117,64.31612,23.99176,101885183.793305,0.0001855266833981455,0.03429898927264418,4.59118353792485e-05,0.034162094374906284,9.098306235864935e-05,0.1869962329053341,0.17274644789682342,0.014249785008510285,0.4132442190330069,1.2752135457917665e-05,4.600067579531263e-05,0.0004381535259331746,2.0703534449277353e-10,1.596971998909792e-10,4.7338144601794546e-11,9.66611127127537e-10,9.321309821488502e-10,3.4480144978687045e-11,0.003133642375422444,1.1751757248688397,6.221711136904422e-07,4.764127295603142e-10,2.5854997163373127e-09,0.00017227116653963193,0.01552955805170776
14604,3300,124,117,64.31308,23.99722,101885183.793305,0.00018511047470525915,0.034292145374468515,4.588245541316937e-05,0.03415529216539836,9.097075365698379e-05,0.18653424955883796,0.17228705703346395,0.014247192525373613,0.41309321984142616,1.2719777206968213e-05,4.5978279716240614e-05,0.00043785005499033313,2.070305265277707e-10,1.5962521648479683e-10,4.7405310042974044e-11,9.612670797688418e-10,9.270452901630142e-10,3.422178960582782e-11,0.0031329490799837916,1.1750402071770392,6.169810231310888e-07,4.75821225202272e-10,2.587430361801513e-09,0.0001721813658362186,0.015523988450594032
14605,3300,124,117,64.31388,23.98258,101885183.793305,0.00018577765966597504,0.034302760686254846,4.5929504017634534e-05,0.034165840851195096,9.099033104211188e-05,0.1872731464528132,0.17302189703777907,0.014251249415033751,0.4133299425558208,1.2771691605550078e-05,4.601397906387207e-05,0.00043833462517051965,2.0703808788782472e-10,1.597406766525196e-10,4.7297411235305244e-11,9.698413470827261e-10,9.352050480939269e-10,3.463629898879938e-11,0.00313405487431084,1.1752520370065107,6.253111378301026e-07,4.767623088954918e-10,2.584294611809199e-09,0.0001723240179297034,0.015532899737897336
14606,3300,124,117,64.30985,23.98813,101885183.793305,0.0001851790680203386,0.034292909737758254,4.588724865004929e-05,0.03415604986392615,9.097262518205666e-05,0.1866086839657564,0.17236116530060552,0.014247518665150498,0.4131126547296232,1.2725154940182208e-05,4.598176443978575e-05,0.00043789813012113337,2.0703115502208072e-10,1.5963715165807098e-10,4.739400336400988e-11,9.621557092569695e-10,9.27890968907296e-10,3.4264740349673455e-11,0.0031330576503638993,1.1750570129649176,6.17846980583596e-07,4.759114461103244e-10,2.5870703411489015e-09,0.0001721948370816099,0.015524889152772236
14607,3300,124,117,64.31682,23.95769,101885183.793305,0.00018652140124495576,0.034314617936812106,4.5981954448669803e-05,0.03417762381720275,9.101216516068579e-05,0.18809694044018857,0.17384116198370517,0.014255778456482984,0.4135941861726112,1.2829560008306473e-05,4.605378830598562e-05,0.0004388749250178042,2.0704652775340984e-10,1.5986938065527316e-10,4.717714709813684e-11,9.793989557946267e-10,9.443006087082234e-10,3.509834708640311e-11,0.0031352879273991298,1.1754885364876586,6.345964010730486e-07,4.778118548735976e-10,2.5808017959482305e-09,0.00017248312598561685,0.015542834686713457
14608,3300,124,117,64.31422,23.96957,101885183.793305,0.00018599540317507768,0.034306119494945844,4.594484471460455e-05,0.034169177975500134,9.099667473109894e-05,0.1875137992640435,0.17326125521303892,0.014252544051004172,0.4134056162005624,1.2788647521482553e-05,4.602557003194579e-05,0.0004384922070690153,2.0704050753333644e-10,1.5977837931122106e-10,4.726212822211552e-11,9.726419542603748e-10,9.378702671415289e-10,3.477168711884593e-11,0.003134414110445278,1.1753195640056027,6.280328476554324e-07,4.770673325842946e-10,2.5832590677501562e-09,0.00017237018815618343,0.015535803043232651
14609,3300,124,117,64.31261,23.95599,101885183.793305,0.00018600625415921563,0.03430600233759655,4.594557105869953e-05,0.03416905989856633,9.099686797151685e-05,0.18752445915773178,0.1732719297303439,0.014252529427387455,0.41340512128003865,1.2789527663531984e-05,4.6025986215103e-05,0.0004384985428068802,2.0704049855603808e-10,1.597803144840951e-10,4.726018407194311e-11,9.72787704813922e-10,9.380089792745584e-10,3.477872553936359e-11,0.003134427560479356,1.1753186023160882,6.28176780335446e-07,4.770768492414033e-10,2.5831747150742443e-09,0.00017237144930861285,0.015535934266624377
14610,3300,124,117,64.31101,23.97536,101885183.793305,0.000185491467464556,0.03429785358300657,4.5909274892167863e-05,0.034160962527608155,9.098178050624233e-05,0.1869545367875423,0.17270512594712714,0.01424941084041476,0.4132230975651634,1.2749466375331079e-05,4.5998465027352735e-05,0.0004381248809871866,2.0703468339734609e-10,1.5969121943309363e-10,4.734346396425262e-11,9.66171061151902e-10,9.317122056733489e-10,3.445885547855346e-11,0.003133575005665935,1.1751557943904047,6.217482093838031e-07,4.763515628820973e-10,2.585599009491187e-09,0.00017226153454917822,0.01552906047161142
14611,3300,124,117,64.30659,23.97894,101885183.793305,0.00018486076881976438,0.03428743176796002,4.586474735452864e-05,0.034150603914007656,9.0963106597836e-05,0.18625423515220468,0.1720087669867379,0.014245468165466395,0.4129935179728093,1.2700438847025934e-05,4.5964498384218175e-05,0.0004376647468720476,2.0702735932486096e-10,1.5958215001721396e-10,4.744520930764714e-11,9.580741080243204e-10,9.240066971586032e-10,3.406741086571715e-11,0.0031325236282992207,1.1749496636809866,6.138849321460562e-07,4.754542132142558e-10,2.5885187325338982e-09,0.00017212526951557126,0.015520618208534617
14612,3300,124,117,64.30893,23.95883,101885183.793305,0.00018548117747185843,0.03429732371884969,4.590850018197989e-05,0.03416043389823731,9.098132043039844e-05,0.18694142580770398,0.1726921793740023,0.01424924643370126,0.41321395708853376,1.2748710949173873e-05,4.5997706697739126e-05,0.00043811545518029107,2.070344000645939e-10,1.5968951114608752e-10,4.7344888918506495e-11,9.66046779953082e-10,9.315939423293574e-10,3.4452837623724585e-11,0.0031335522221052135,1.1751469596114057,6.216304138827099e-07,4.763297346228691e-10,2.5856052326993635e-09,0.00017225799656409377,0.015528905713452345
14613,3300,124,117,64.30611,23.96421,101885183.793305,0.00018502324894539054,0.03428982054358287,4.587617881780813e-05,0.034152976575284454,9.096778948060003e-05,0.18643325952519155,0.17218685800204442,0.014246401523146749,0.4130482229801281,1.2713105874486465e-05,4.5973080856968204e-05,0.00043778170756310396,2.0702911133285235e-10,1.5961030699189312e-10,4.7418804340959335e-11,9.601664758648385e-10,9.259979179776331e-10,3.416855788720546e-11,0.0031327898506634633,1.174998264546788,6.159193002257475e-07,4.75679473330278e-10,2.5877324792757856e-09,0.0001721592921439077,0.0155227790927715
14614,3300,124,117,64.30322,23.96964,101885183.793305,0.00018455798523420714,0.034282195113606445,4.584333944685498e-05,0.03414539773326298,9.095404089661076e-05,0.1859169436565383,0.1716734331892825,0.014243510467255421,0.4128798031151357,1.2676930726561851e-05,4.594805938187437e-05,0.0004374426028905874,2.0702373694386156e-10,1.5952983453987466e-10,4.749390240398701e-11,9.541920249115856e-10,9.203122982887019e-10,3.387972662288385e-11,0.003132015235065074,1.1748471562184695,6.101167651870435e-07,4.750187547324399e-10,2.5898935625435003e-09,0.00017205899910358873,0.015516554236941113
14615,3300,124,117,64.31387,24.011,101885183.793305,0.00018435938446202473,0.03428027341059135,4.582950046888439e-05,0.03414349516207515,9.094874804731379e-05,0.18570279577201185,0.17146014854477476,0.014242647227236716,0.4128279012402055,1.2661324365225537e-05,4.59381352558073e-05,0.0004373049628521011,2.0702204991589655e-10,1.594952205280792e-10,4.752682938781748e-11,9.516128084255085e-10,9.178577372179113e-10,3.3755071207597343e-11,0.003131705446406002,1.174802928728896,6.076010271406742e-07,4.747633553865737e-10,2.590969479305687e-09,0.00017202106000947643,0.015513960183665812
14616,3300,124,117,64.3088,24.00148,101885183.793305,0.00018473251357660933,0.03428581812113767,4.585576027374106e-05,0.03414900283328945,9.095952757447409e-05,0.18611419435755505,0.17186938730656154,0.014244807050993109,0.4129544134164977,1.2690406398193998e-05,4.595787802643068e-05,0.00043757387290090723,2.070261001884554e-10,1.5955987022316767e-10,4.7466229965287863e-11,9.564165653006853e-10,9.224292744300043e-10,3.3987290870681185e-11,0.003132317738303025,1.1749154355896074,6.122711516924259e-07,4.752818344529863e-10,2.589170668440954e-09,0.00017209940713415158,0.015518925357960732
14617,3300,124,117,64.31142,24.02068,101885183.793305,0.00018372443544601946,0.034269999589173844,4.578470210583912e-05,0.03413328484452502,9.093004254298027e-05,0.18499879685247925,0.170760058173802,0.014238738678676865,0.4126000463079426,1.2611939463729709e-05,4.590406352197905e-05,0.00043684289141622263,2.070147758495468e-10,1.5938537289298492e-10,4.7629402956561986e-11,9.434565446202689e-10,9.100957796076551e-10,3.3360765012613894e-11,0.003130650398165481,1.1745987273285727,5.99678392759449e-07,4.738643175636283e-10,2.593933994580863e-09,0.0001718846740527673,0.015505471349563218
14618,3300,124,117,64.30748,24.01398,101885183.793305,0.0001839788962856342,0.03427374533901462,4.58026055978139e-05,0.03413700535497021,9.093737844658544e-05,0.18527918962104134,0.1710389879057294,0.014240201715311544,0.4126857901940171,1.263177677306307e-05,4.591750722436486e-05,0.00043702608901127055,2.0701752180689337e-10,1.5942946872923464e-10,4.758805307765885e-11,9.467333094085606e-10,9.132141423931101e-10,3.3519167015450805e-11,0.0031310674033733312,1.1746749124911593,6.028642891149439e-07,4.742171918645333e-10,2.5927031782642178e-09,0.00017193797413310935,0.01550885574114499
14619,3300,124,117,64.30054,24.00886,101885183.793305,0.00018374787750552948,0.03426948056503365,4.5786235627042575e-05,0.034132763984243114,9.093034516349482e-05,0.18502058054265308,0.17078194741829322,0.014238633124359449,0.41259499020571955,1.2613873753289328e-05,4.590481175287811e-05,0.0004368551610113575,2.0701463537500252e-10,1.5938960619027633e-10,4.762502918472634e-11,9.43777199604211e-10,9.104009566089459e-10,3.3376242995265316e-11,0.0031306752943545874,1.1745926060229495,5.999970960445929e-07,4.738795650628534e-10,2.5937211573387195e-09,0.00017188642694199104,0.015505742261004068
14620,3300,124,117,64.30206,23.99804,101885183.793305,0.0001840392946887527,0.03427413620776172,4.580678835783551e-05,0.034137390514893756,9.093890451012492e-05,0.18534340960083398,0.17110299919265295,0.01424041040818062,0.41269867259778226,1.2636546895440488e-05,4.5920415527182094e-05,0.00043706691599887176,2.0701794673343953e-10,1.594400338341002e-10,4.757791289933949e-11,9.475219077322623e-10,9.139646322465054e-10,3.3557275485757196e-11,0.003131158587669674,1.1746854196101884,6.036350203702137e-07,4.742909973878675e-10,2.592353694144849e-09,0.00017194880490909898,0.015509635488051104
14621,3300,124,117,64.296,23.98957,101885183.793305,0.00018332516156247198,0.03426209495989598,4.5756338047500725e-05,0.034125420965572834,9.0917656275645e-05,0.18454933817185354,0.17031345896957795,0.014235879202275158,0.41243511278159034,1.258106331712063e-05,4.5881818882306375e-05,0.00043654462757593146,2.0700954415169757e-10,1.5931658337575287e-10,4.769296077594486e-11,9.383590504690684e-10,9.052447567604046e-10,3.311429370866435e-11,0.0031299643578858102,1.1744483592722825,5.947385402419535e-07,4.732701293055042e-10,2.5956319574860282e-09,0.00017179363386245948,0.015500065019010873
15626,4300,155,150,62.47446,21.13552,180806400.0,0.00018848045533447652,0.03480443023102085,4.3309195450367345e-05,0.03468490930886091,7.621172670956983e-05,0.19057397962080977,0.1765467439993008,0.014027235621508679,0.4104662054064287,1.3189054536342604e-05,4.6524023977375034e-05,0.00044794326644999376,1.968785095783951e-10,1.4753090360448363e-10,4.9347605973911535e-11,9.917415564125971e-10,9.55478495229847e-10,3.6263061182750424e-11,0.0031457370798894805,0.9032901970728054,6.44956531578468e-07,5.007663106895909e-10,2.4330697158564668e-09,0.00017252839338381342,0.01496496329282867
15627,4300,155,150,62.34964,21.39997,257042192.009996,0.00012312583303828473,0.02449100872773562,2.9849304283111493e-05,0.024407703454680733,5.3455968771774e-05,0.12404211749718948,0.1141404527501965,0.009901664746992715,0.2888904613608219,8.486526278744542e-06,3.254573894129844e-05,0.00031152263839618504,1.3849867298566461e-10,1.0200744089491438e-10,3.649123209075025e-11,5.629029652735757e-10,5.438421678585682e-10,1.9060797415007484e-11,0.002203107701310072,0.6641909405059784,3.219045167292253e-07,3.418517894681516e-10,1.7981425069179848e-09,0.0001211020661648934,0.010422119127965417
15628,4300,155,150,62.3508,21.38916,257042192.009996,0.00012315054378340083,0.024491381143743544,2.9851044056502454e-05,0.024408073414781618,5.3456684905422536e-05,0.12406938708526917,0.11416757785232103,0.0099018092329479,0.2888989178863951,8.488451613072572e-06,3.254704937854417e-05,0.0003115404749570387,1.384989435917385e-10,1.0201172133597606e-10,3.648722225576248e-11,5.632209842034881e-10,5.441448132149595e-10,1.9076170988528633e-11,0.00220314833235726,0.6641984706332656,3.222136470298896e-07,3.4188623026220633e-10,1.7980239793952525e-09,0.00012110727380970289,0.010422448196831023
15629,4300,155,150,62.64972,21.39459,291753557.295924,0.00011258421179578256,0.021545952538596744,2.6554331512548194e-05,0.021472261026815685,4.713718026850944e-05,0.11357324356055315,0.10488356397146106,0.00868967958909189,0.25377512987995143,7.832146129654218e-06,2.868084662301675e-05,0.0002752868060902642,1.219921806071243e-10,9.066793420196595e-11,3.1324246405158386e-11,5.573390806422246e-10,5.376205058124232e-10,1.9718574829801394e-11,0.0019439237180047613,0.5653251433461507,3.437857355013897e-07,3.0520902238733553e-10,1.537783139173825e-09,0.00010642767242044494,0.00922285304568458
15630,4300,155,150,62.64756,21.38305,291753557.295924,0.0001129322331969912,0.021551386727226358,2.6578859502668225e-05,0.021477660519872873,4.714734785081248e-05,0.1139581891846923,0.10526642207314803,0.008691767111544076,0.2538970658854154,7.859238793300992e-06,2.869940988955327e-05,0.00027553902136064317,1.2199607789691827e-10,9.072818168321294e-11,3.126789621370536e-11,5.618138862898942e-10,5.418789867865252e-10,1.9934899503369013e-11,0.0019444989174827554,0.5654340725473839,3.4813395015606277e-07,3.0569785836467837e-10,1.5361355898132485e-09,0.00010650170704226205,0.009227496535887338
15631,4300,155,150,62.6412,21.36247,180806400.0,0.00018329649243538078,0.03479233310736904,4.2963419443512944e-05,0.03467326050614521,7.610918178030823e-05,0.18506441654788922,0.17103281853075292,0.014031598017135972,0.4100657247454153,1.2764886590437925e-05,4.636684851295784e-05,0.00044538835520783164,1.968676779483003e-10,1.465858031169683e-10,5.028187483133204e-11,9.20270361465236e-10,8.874399608266002e-10,3.2830400638635975e-11,0.003139450230007095,0.9127294493085966,5.750845435812817e-07,4.947761334897828e-10,2.4736796914891296e-09,0.0001720799963575507,0.014903930650319372
15632,4300,155,150,62.63698,21.36609,180806400.0,0.00018325347082521324,0.034791364301812705,4.296034753237048e-05,0.03467229615768332,7.610779659700641e-05,0.1850154391344065,0.17098418179006802,0.014031257344338119,0.410046197800028,1.2761574167091933e-05,4.636438523126461e-05,0.0004453555930956301,1.9686706092345184e-10,1.4657841424195292e-10,5.028864668149896e-11,9.197236537340323e-10,8.869196903294331e-10,3.280396340459911e-11,0.0031393744774530293,0.912711466772406,5.745556915140833e-07,4.947097710990667e-10,2.473849171093707e-09,0.00017206975899304697,0.014903342581890985
15633,4300,155,150,62.63971,21.38002,291753557.295924,0.00011314142826633688,0.0215543772006703,2.6593566238231655e-05,0.021480630294069908,4.715334036216119e-05,0.11418828655384705,0.10549534140346487,0.008692945150381977,0.2539662232948009,7.875558257263078e-06,2.8710411639113947e-05,0.000275689155853042,1.2199829487831974e-10,9.076445095946718e-11,3.123384391885259e-11,5.645096845331751e-10,5.444444698620069e-10,2.0065214671168253e-11,0.0019448403503299846,0.565495352620926,3.507557052690236e-07,3.059861834264319e-10,1.53511348500155e-09,0.00010654520061526045,0.009230274674152042
15634,4300,155,150,62.64475,21.3977,291753557.295924,0.00011257605446322614,0.021545612686455624,2.655372811515059e-05,0.021471922108159222,4.713685018124863e-05,0.1135632255283244,0.10487365396682424,0.008689571561499961,0.25376908615623134,7.831537359144888e-06,2.868029096146275e-05,0.000275279761433924,1.2199199251117523e-10,9.066656409782949e-11,3.132542841334579e-11,5.572388140625039e-10,5.375250920136758e-10,1.9713722048828112e-11,0.0019439069112377216,0.5653193590957413,3.4369001464513e-07,3.0519332009084647e-10,1.537797302168297e-09,0.00010642516072792636,0.009222734155417127
15635,4300,155,150,62.63221,21.36957,180806400.0,0.00018324584879159285,0.03479092392854592,4.295976726727364e-05,0.03467185672615388,7.61074351247692e-05,0.1850055032166567,0.17097438097220305,0.014031122244453343,0.41003870922636493,1.2761020524133927e-05,4.6363796347441863e-05,0.0004453483558307783,1.9686682924662856e-10,1.4657715835151231e-10,5.028967089511627e-11,9.196326369096322e-10,8.868330820030343e-10,3.279955490659793e-11,0.0031393568518219323,0.9127041944043199,5.744698345811383e-07,4.946926457637583e-10,2.473848269032698e-09,0.00017206696333739032,0.014903225683640922
15636,4300,155,150,62.64007,21.40156,291753557.295924,0.00011255321172623747,0.021545054564495295,2.6552091193291057e-05,0.021471366377481645,4.713609582035386e-05,0.11353701569627428,0.1048476371797915,0.008689378516482578,0.2537580625746146,7.82978399991521e-06,2.8678958250019734e-05,0.000275262132932243,1.2199164498674812e-10,9.066264955635198e-11,3.132899543039617e-11,5.569494849012629e-10,5.372497551581031e-10,1.9699729743159857e-11,0.0019438660055406502,0.5653091461912644,3.434104909613458e-07,3.051572109050811e-10,1.537882256650656e-09,0.00010641956533198106,0.00922241984653829
15637,4300,155,150,62.63271,21.38545,291753557.295924,0.00011312728066136069,0.021553862717306513,2.6592529785571802e-05,0.02148011738727871,4.7152800242231264e-05,0.11417126285243105,0.10547848421642557,0.008692778636005273,0.2539568649134765,7.874493180015445e-06,2.8709490448503135e-05,0.0002756773375707959,1.2199800277591999e-10,9.076205990131105e-11,3.123594287460896e-11,5.643341589204601e-10,5.442774374055472e-10,2.005672151491281e-11,0.001944812374145178,0.5654864602649723,3.5058750678285905e-07,3.059604471698419e-10,1.5351466729042817e-09,0.00010654111829332633,0.009230072022413544
15638,4300,155,150,62.62759,21.37553,291753557.295924,0.0001134973392062783,0.021559526576835672,2.661859557970243e-05,0.02148574441902812,4.716356222784348e-05,0.11458004773810214,0.10588508122168902,0.008694966516412899,0.2540848064592608,7.903315526025733e-06,2.8729164240766494e-05,0.00027594491328908496,1.22002094744915e-10,9.082614497114255e-11,3.1175949773772465e-11,5.690948023687898e-10,5.488079410009468e-10,2.0286861367843098e-11,0.001945422205548594,0.5656005469524321,3.5521439344547015e-07,3.064779510703918e-10,1.5333816291243346e-09,0.00010661942276544389,0.00923500413142133
15639,4300,155,150,62.62308,21.37987,287016241.79961,0.00011535625013148208,0.021914960976776327,2.7056905192026962e-05,0.021839962558855036,4.794151272926206e-05,0.11645441504717943,0.1076160737072957,0.008838341339883541,0.2582706932156308,8.032664649923613e-06,2.9202474609568215e-05,0.0002804880430361754,1.2401553968211383e-10,9.232280940767529e-11,3.169273027443858e-11,5.783068007865091e-10,5.576938583564436e-10,2.061294243006539e-11,0.0019775053911173807,0.57492862107877,3.6090285708224404e-07,3.1151247646230096e-10,1.5587371373653547e-09,0.00010837546242435469,0.009387230321000391
15640,4300,155,150,62.62294,21.39137,287016241.79961,0.0001150542763597001,0.02191016427717092,2.7035611637281304e-05,0.0218351960102959,4.793265523774101e-05,0.11612002075107791,0.10728351340234343,0.008836507348734287,0.2581636686349743,8.00916676296297e-06,2.918632124432786e-05,0.0002802687643536273,1.240121209337976e-10,9.227054956182418e-11,3.174157137197343e-11,5.744258407229737e-10,5.540005169565014e-10,2.0425323766472175e-11,0.001977005022248071,0.5748328649207414,3.571323440669242e-07,3.110866912006521e-10,1.5601573126828558e-09,0.00010831092564071166,0.00938319736703332
15641,4300,155,150,62.63602,21.4075,291753557.295924,0.00011247230236997192,0.021543603382498333,2.6546363655280754e-05,0.02146992336793928,4.713365090376692e-05,0.11344664232466152,0.10475780136289506,0.008688840961766255,0.25372689847382496,7.823508604725236e-06,2.8674536026672952e-05,0.0002752024954930702,1.2199065341061938e-10,9.06486801569975e-11,3.134197325362192e-11,5.559132479349411e-10,5.362636177587592e-10,1.9649630176182098e-11,0.0019437293421995716,0.5652809658352298,3.4240507970225e-07,3.050398126108459e-10,1.5382436690084235e-09,0.0001064016671951658,0.009221331425723808
15642,4300,155,150,62.6175,21.41191,287016241.79961,0.00011465715206737155,0.02190364760271521,2.700758062724742e-05,0.021828719105369522,4.792091671843524e-05,0.11567928352269968,0.10684524605409046,0.008834037468609005,0.25801979426679206,7.9782905762502e-06,2.916495970059777e-05,0.0002799792799578387,1.240075299929663e-10,9.22018641540857e-11,3.180566583888065e-11,5.693265422144995e-10,5.4914774120189e-10,2.0178801012609513e-11,0.001976343726289213,0.5747037650448996,3.521798433527914e-07,3.105225769548155e-10,1.562000975775851e-09,0.00010822529156711213,0.009377883782972437
15643,4300,155,150,62.6174,21.40129,287016241.79961,0.00011493486276210565,0.021908047492748054,2.7027161752717822e-05,0.021833091273394518,4.7929057600819596e-05,0.11598675639797737,0.10715103546782916,0.008835720930147993,0.2581180486437445,7.99990185732901e-06,2.9179808700845994e-05,0.0002801808791720447,1.2401066885866648e-10,9.224992726702752e-11,3.176074159163901e-11,5.728959216542569e-10,5.525445651348099e-10,2.035135651944702e-11,0.0019768037129572038,0.5747916539615497,3.5564773469006834e-07,3.109139233175808e-10,1.560693596757825e-09,0.0001082846012648924,0.009381592156589819
15644,4300,155,150,62.62896,21.39647,291753557.295924,0.0001129142902635316,0.02155032989059817,2.65774908056382e-05,0.021476605911585622,4.7146488206905775e-05,0.11393470474129914,0.105243261273734,0.008691443467564942,0.253879134882947,7.857937960763664e-06,2.8698012167715185e-05,0.0002755218767162163,1.2199552333035564e-10,9.072522919661105e-11,3.127029413374465e-11,5.61600062980854e-10,5.416755208133596e-10,1.9924542167494328e-11,0.0019444571097801662,0.5654166462047531,3.479324234498015e-07,3.056571411322461e-10,1.5361311461347586e-09,0.00010649505216337311,0.009227220393602777
15645,4300,155,150,62.63063,21.40789,291753557.295924,0.00011257643762417655,0.021545036605066216,2.6553677097190864e-05,0.02147134631798105,4.713660998797419e-05,0.11356092302490761,0.10487151105721612,0.00868941196769127,0.25376049366987463,7.831639121125494e-06,2.8679981154235177e-05,0.0002752769355474293,1.2199173177468846e-10,9.066674561112653e-11,3.132498616356197e-11,5.572563943483724e-10,5.37541837795051e-10,1.9714556553321318e-11,0.001943898437213084,0.5653106279335071,3.437117797881574e-07,3.051822312390529e-10,1.5377284986153476e-09,0.00010642311542094211,0.009222711734900487
15646,4300,155,150,62.62276,21.40746,287016241.79961,0.00011463448502933588,0.02190349782392086,2.7006010456789445e-05,0.02182857147079914,4.79203426649302e-05,0.11565516780956016,0.10682120952084005,0.00883395828871991,0.25801491329289516,7.976500769176415e-06,2.9163866485260287e-05,0.0002799639414457493,1.240073691149922e-10,9.219789976590438e-11,3.180946934908785e-11,5.690306547154287e-10,5.48866152342571e-10,2.0164502372857696e-11,0.0019763094572211753,0.5746997748364564,3.5189068416938743e-07,3.1049481662972874e-10,1.5621317788748602e-09,0.00010822121557692113,0.009377591004079325
16857,4800,146,143,64.34483,24.40036,201830400.0,0.00015014285748632188,0.028717061365325904,3.6819879832074304e-05,0.028609994226253488,7.024725924034462e-05,0.15230617744443564,0.140475713522538,0.011830463921897414,0.34334726862304565,1.0325332906735748e-05,3.834340539448924e-05,0.00036724803004813746,1.6956310651459907e-10,1.285468088121898e-10,4.101629770240931e-11,7.368145196793935e-10,7.110988398281295e-10,2.5715679851264195e-11,0.00260290683024202,0.9104831362243865,4.518066013332125e-07,4.0239590132955724e-10,2.1606385341534806e-09,0.00014402814411744233,0.012495385543993588
16858,4800,146,143,64.33772,24.38234,201830400.0,0.00014909574601474658,0.028699557488483973,3.6745926444057376e-05,0.02859259539285724,7.021616918267039e-05,0.15114256607138374,0.13931870388697884,0.011823862184404609,0.3429630953819223,1.0243960275403814e-05,3.828689846586499e-05,0.00036648302415849803,1.6955085520106644e-10,1.2836576715024098e-10,4.1185088050825496e-11,7.233760026848446e-10,6.983100089674792e-10,2.5065993717365734e-11,0.0026011581434822037,0.9101378507934428,4.387575369485292e-07,4.0090206679949345e-10,2.165462825683172e-09,0.00014380117637065234,0.01248135984127358
16859,4800,146,143,64.34178,24.39077,201830400.0,0.00014963119797798403,0.02870852349490424,3.6783745360440235e-05,0.028601507675550777,7.023207399302715e-05,0.15173766276568953,0.1399104204807701,0.011827242284919185,0.3431597745802952,1.0285569185784102e-05,3.8315802532787656e-05,0.0003668742994122404,1.6955712696883078e-10,1.2845834178533133e-10,4.1098785183499507e-11,7.302476055173331e-10,7.048494032320097e-10,2.5398202285323603e-11,0.0026020525916126275,0.910314647531358,4.454298759357671e-07,4.016662592691576e-10,2.16299762128889e-09,0.0001439172943868714,0.012488532757863947
16860,4800,146,143,64.34008,24.4015,201830400.0,0.00014989426137406386,0.02871279306905847,3.680230735707017e-05,0.028605750932256934,7.02398294444647e-05,0.15202939516827757,0.14020052991314894,0.011828865255128374,0.3432543721996714,1.0306028048429572e-05,3.8329926080380064e-05,0.00036706580819484375,1.6956014660931618e-10,1.2850384977043335e-10,4.105629683888287e-11,7.336265132129208e-10,7.080649607606476e-10,2.556155245227357e-11,0.0026024899091972795,0.9103994481340113,4.4871189242135747e-07,4.0203899730811516e-10,2.1617709074855453e-09,0.00014397384769012514,0.012492050353558415
16861,4800,146,143,64.51416,24.41823,180798864.158895,0.0001685650486671388,0.03195198000896985,4.1130083466057803e-05,0.0318324999675878,7.834995791598299e-05,0.17074575928153835,0.15760495950358036,0.013140799777957702,0.38091994539441165,1.164404940726078e-05,4.259902310262912e-05,0.00040807055524314705,1.8920641810969058e-10,1.4376905714133113e-10,4.543736096835955e-11,8.451950062677823e-10,8.154433499379258e-10,2.9751656329856674e-11,0.0029025771510491688,0.9927583224457711,5.270557310178759e-07,4.483366400350573e-10,2.3745638365236815e-09,0.00015960525097191808,0.0139445976761276
16862,4800,146,143,64.51778,24.43289,180798864.158895,0.00016852765523831502,0.03195179730188103,4.112750181228837e-05,0.03183232076135385,7.834903871488056e-05,0.1707062775479767,0.1575655904853213,0.013140687062655145,0.380912858573358,1.1641088836449494e-05,4.259725617122659e-05,0.0004080455948361796,1.892061820259255e-10,1.437625044172559e-10,4.544367760866965e-11,8.447054860858307e-10,8.149774839390394e-10,2.972800214679158e-11,0.002902521625280322,0.9927527188600379,5.265768321337244e-07,4.4829213033082405e-10,2.3747870297136107e-09,0.0001595987621210051,0.01394411772907539
16863,4800,146,143,64.51168,24.48205,180798864.158895,0.00016688592521987906,0.03192556251090502,4.101171489293015e-05,0.03180624998020174,7.830081581034702e-05,0.16888755384623547,0.15575688117408898,0.013130672672146198,0.3803286518141462,1.151335808499575e-05,4.250934681495873e-05,0.0004068526144877878,1.8918752406919985e-10,1.4347841619788926e-10,4.5709107871310683e-11,8.236094166744268e-10,7.949012736249065e-10,2.8708143049520435e-11,0.0028997988351933857,0.992229741243529,5.06082390727071e-07,4.4597414773132564e-10,2.38249000631897e-09,0.00015924732455871538,0.013922184497907653
16864,4800,146,143,64.51141,24.4341,180798864.158895,0.0001678943384484905,0.03194119061487892,4.108277045079931e-05,0.03182177761829993,7.833022612818579e-05,0.17000240555344076,0.1568657169188615,0.013136688634578963,0.38068020284680315,1.1591875286546047e-05,4.2563068181848655e-05,0.0004075827955604484,1.891987630719906e-10,1.4365301025687947e-10,4.55457528151112e-11,8.365779995106782e-10,8.072429218530252e-10,2.933507765765313e-11,0.002901463667759637,0.9925435791027684,5.186850435117726e-07,4.473882268833357e-10,2.3777025752977393e-09,0.0001594614139979352,0.013935633722218935
16865,4800,146,143,64.51526,24.44444,180798864.158895,0.00016801125586657955,0.031943455964262554,4.1091069547562374e-05,0.03182403106287949,7.833383183550378e-05,0.17013378731013618,0.15699627506792263,0.013137512242213248,0.3807277600148332,1.1600922693232723e-05,4.2569553985684094e-05,0.00040766987170316927,1.8920027258587854e-10,1.4367316331535535e-10,4.552710927052324e-11,8.380717460664918e-10,8.086644448885568e-10,2.940730117793519e-11,0.002901663785819447,0.9925868605974565,5.201329950774802e-07,4.475612348401541e-10,2.3771996923760102e-09,0.00015948789262353044,0.013937214498393155
16866,4800,146,143,64.50426,24.48115,180798864.158895,0.00016614107025367082,0.03191306316555001,4.0959102253221487e-05,0.031793825383938684,7.827867935809967e-05,0.16805960228082176,0.1549336390818037,0.013125963199017788,0.38005465199359534,1.1455480211695537e-05,4.246912374485953e-05,0.00040630817680165185,1.89178787290664e-10,1.433496430735151e-10,4.5829144217148994e-11,8.140510729452548e-10,7.858050300285731e-10,2.824604291668225e-11,0.002898554167374327,0.9919833937030494,4.968014385047412e-07,4.449105589607505e-10,2.3859161952912777e-09,0.0001590856970116356,0.013912205143595443
16867,4800,146,143,64.50761,24.49275,180798864.158895,0.00016628415007679208,0.03191573508091149,4.0969244973269975e-05,0.031796482787368956,7.82830485692661e-05,0.1682199130879987,0.1550929698941442,0.013126943193854216,0.38011134646564576,1.1466564541974571e-05,4.2477003931752344e-05,0.00040641420276785363,1.8918058889539374e-10,1.4337432560381398e-10,4.58062632915798e-11,8.158812540188855e-10,7.875467234438199e-10,2.8334530575065877e-11,0.0028987974954111685,0.992034834303047,4.985763226165866e-07,4.451202761133762e-10,2.3852892341967904e-09,0.00015911773405171737,0.013914134900638333
16868,4800,146,143,64.51192,24.46531,180798864.158895,0.0001672270455985799,0.03193086333053144,4.1035753076795025e-05,0.03181151680673999,7.831077071465052e-05,0.16926474629891974,0.15613203462224717,0.013132711676672298,0.380447785907202,1.1539916685284718e-05,4.252752745291941e-05,0.0004070996919370429,1.8919133241633845e-10,1.4353747408188675e-10,4.565385833445179e-11,8.279960468405324e-10,7.990758424444776e-10,2.8920204396054973e-11,0.002900362228113059,0.992336120976162,5.103451303925059e-07,4.46452778801203e-10,2.3808721789432574e-09,0.00015931979753821754,0.013926734699387001
16869,4800,146,143,64.52119,24.42283,180798864.158895,0.0001690994737137206,0.03196110887246179,4.116785398648025e-05,0.031841575108489215,7.836590998610134e-05,0.17134055801323783,0.1581963345384859,0.013144223474751639,0.38111894687105474,1.1685556266386432e-05,4.262797389198006e-05,0.00040846204013000593,1.8921275983121282e-10,1.4386141860217504e-10,4.53513412290378e-11,8.520495161820448e-10,8.2196647287827e-10,3.008304330377507e-11,0.002903472700964226,0.9929375180610649,5.337100216117941e-07,4.491029635436919e-10,2.37212408222904e-09,0.00015972180418889358,0.013951765352999827
16870,4800,146,143,64.50784,24.4726,180798864.158895,0.00016666991025920459,0.03192171084446381,4.099642633847326e-05,0.03180242012002077,7.829429810457388e-05,0.1686463780736777,0.15551713425690192,0.0131292438167755,0.380245789854169,1.1496600977453091e-05,4.2497553101288846e-05,0.00040669351345730957,1.891848870818194e-10,1.4344111564657945e-10,4.574377143524005e-11,8.20842336035341e-10,7.922679740812208e-10,2.8574361954120575e-11,0.002899434322117972,0.9921548502636028,5.033974407086622e-07,4.4566116774074194e-10,2.383457538130974e-09,0.00015919962256218733,0.013919279665894317
16871,4800,146,143,64.51131,24.45375,180798864.158895,0.00016741419086552665,0.03193369347731485,4.104893043789454e-05,0.03181432834838967,7.831619848728053e-05,0.16947131613042166,0.15633750750680106,0.013133808623620291,0.38051197596417397,1.1554496887172995e-05,4.253745745741514e-05,0.0004072348276051679,1.8919338624081176e-10,1.4356988981675367e-10,4.5623496424058124e-11,8.304043327284738e-10,8.013677074596291e-10,2.9036625268845045e-11,0.0029006700962042366,0.9923932970818428,5.126860269117119e-07,4.467138072958165e-10,2.3799756320399122e-09,0.0001593592726686347,0.013929227339424888
16872,4800,146,143,64.50711,24.46053,180798864.158895,0.00016685108658759978,0.03192443029371015,4.10091806731953e-05,0.03180512156910072,7.829954393623246e-05,0.16884626373049963,0.1557159636360876,0.01313030009441175,0.38030762627460074,1.1510718673388031e-05,4.2507154799610716e-05,0.0004068242300787895,1.8918686609755275e-10,1.43472501534931e-10,4.571436456262181e-11,8.23174254566985e-10,7.944871640147353e-10,2.8687090552249937e-11,0.0028997320511812757,0.9922098920754966,5.05664271017814e-07,4.459134626965006e-10,2.38258723491602e-09,0.00015923776399299366,0.013921691837549119
16873,4800,146,143,64.50219,24.49512,180798864.158895,0.00016568017958415882,0.031905678317371504,4.092659418294626e-05,0.03178648659024024,7.826513294830999e-05,0.16754893044926553,0.1544257841532669,0.013123146295998341,0.37989034753844464,1.1419624201616802e-05,4.244443328225533e-05,0.0004059731600224343,1.891735403244623e-10,1.432698935619323e-10,4.590364676253007e-11,8.0812910423567e-10,7.80169350892768e-10,2.795975334290237e-11,0.0028977894752933724,0.9918362741593483,4.910485150082156e-07,4.442594245629588e-10,2.388076406213713e-09,0.00015898696381516043,0.01390604678535305
16874,4800,146,143,64.52569,24.4268,180798864.158895,0.00016943219692455767,0.031966814398363706,4.119137217570551e-05,0.03184724717520736,7.837585098064844e-05,0.17171097211241465,0.15856461097040941,0.013146361142004981,0.38124317232158883,1.1711394947280812e-05,4.264601063930127e-05,0.00040870588906624937,1.8921671811639026e-10,1.4391891678399142e-10,4.5297801332398915e-11,8.563165284231137e-10,8.260271922848607e-10,3.028933613825312e-11,0.002904030599094899,0.993049417460107,5.378522170732193e-07,4.4958050320050527e-10,2.370607675308902e-09,0.00015979444869695057,0.013956228860512454
16875,4800,146,143,64.35944,24.44944,201830400.0,0.0001496238632836923,0.028813677684815055,3.681627695984232e-05,0.028706549013212245,7.031239464297046e-05,0.15204321954100847,0.14015691041433856,0.011886309126669657,0.3454371798435881,1.0249854744906345e-05,3.852197654291243e-05,0.0003689574799777177,1.696340111406486e-10,1.283739390345514e-10,4.126007210609728e-11,7.217918587316368e-10,6.967618958153157e-10,2.502996291632137e-11,0.0026058896656608412,0.9292384150456556,4.3660641490182735e-07,4.0360512992518346e-10,2.190047373295179e-09,0.00014503724847482485,0.0125023373983503
17738,3300,137,126,64.27326,24.04583,117441910.340835,0.00018057108147768677,0.03532993453447668,4.470743294618895e-05,0.035201121017055054,8.410608447543112e-05,0.18150792351963435,0.16711027355598312,0.014397649963650852,0.4195402808407129,1.2412782259072144e-05,4.6893223670277523e-05,0.0004464294327914002,2.0496580657568623e-10,1.5357473350125238e-10,5.1391073074434e-11,8.59245300339547e-10,8.298863660479878e-10,2.935893429155926e-11,0.0031938046436766265,1.042695892143592,5.085273494053487e-07,4.874543246914148e-10,2.622131689015695e-09,0.00017441321648484248,0.01549347887836948
17739,3300,137,126,64.26861,24.06078,117441910.340835,0.00018012594366498098,0.03532263126593378,4.467601307591365e-05,0.03519386232556623,8.409292729162349e-05,0.1810139058847823,0.16661902405799253,0.014394881826789422,0.41937903099123797,1.2378172888995913e-05,4.6869280184436126e-05,0.00044610495574815635,2.0496066116433349e-10,1.5349774356574724e-10,5.146291759858637e-11,8.5352945324208e-10,8.244468483692805e-10,2.9082604872799428e-11,0.003193063415255586,1.0425512033428928,5.029760388024531e-07,4.868220331351578e-10,2.6241984051485595e-09,0.00017431723371321174,0.015487522927115032
17740,3300,137,126,64.27273,24.07072,117441910.340835,0.00018070388863362412,0.03533238632917035,4.471684366028021e-05,0.035203559357735004,8.411012777506194e-05,0.18165659204363133,0.167258040312852,0.014398551730778983,0.4195924807519447,1.2423074266063557e-05,4.690052203683957e-05,0.0004465276956171459,2.0496746595185782e-10,1.5359764950332014e-10,5.136981644853783e-11,8.60944695262097e-10,8.315035974595582e-10,2.9441097802538964e-11,0.0031940300589741503,1.0427432093505875,5.101756276475194e-07,4.876484198085184e-10,2.621546486286063e-09,0.00017444285001524455,0.015495268747138257
17741,3300,137,126,64.25764,24.06886,117441910.340835,0.0001789646471066881,0.03530322967369798,4.4593996721907075e-05,0.03517457722527218,8.405845170388683e-05,0.17972345709897128,0.16533589384275305,0.014387563256217834,0.41895313009454654,1.2287925395615874e-05,4.680661757064339e-05,0.00044525658660934687,2.0494707890101313e-10,1.5329695754379378e-10,5.165012135721951e-11,8.386252569740012e-10,8.102631963196646e-10,2.8362060654336712e-11,0.0031911242110130556,1.042168433241301,4.885036820196038e-07,4.851655199695166e-10,2.6295500453373503e-09,0.0001740655560043798,0.015471968276225155
17742,3300,137,126,64.26294,24.02841,117441910.340835,0.00017934318278947428,0.035309148565585056,4.462067641380725e-05,0.03518045837484071,8.406951433053316e-05,0.1801421930779662,0.16575235697566887,0.014389836102296955,0.419085880865805,1.231739250773267e-05,4.6826813125425114e-05,0.0004455309598655304,2.0495132165316314e-10,1.5336248585349163e-10,5.158883579967162e-11,8.434922314885243e-10,8.148948873984994e-10,2.8597344090024808e-11,0.003191749972477928,1.042287038540372,4.932329049325971e-07,4.856973812992339e-10,2.6277589879859466e-09,0.00017414611203019084,0.015477019294154907
17743,3300,137,126,64.26897,24.02656,117441910.340835,0.0001800551954667685,0.035321038080587557,4.4670961377526684e-05,0.035192276469826825,8.40906493832006e-05,0.18093336346778596,0.16653904187174146,0.014394321596044155,0.4193469192579328,1.2372725673891045e-05,4.68652293637745e-05,0.0004460510790753419,2.049596464774115e-10,1.534855927056988e-10,5.147405377171282e-11,8.526304031253961e-10,8.235912737643564e-10,2.903912936103975e-11,0.0031929388416039373,1.0425216313596155,5.021063520028517e-07,4.867129014086261e-10,2.6244771106454215e-09,0.00017430039855424574,0.015486555859896216
17744,3300,137,126,64.28495,24.02793,117441910.340835,0.00018192753168777749,0.035352399273979894,4.480320554997123e-05,0.035223449800002075,8.414626842784488e-05,0.1830143058320887,0.16860816228900613,0.01440614354308217,0.4200347962023326,1.2518220047336089e-05,4.69663047006443e-05,0.00044741931697813515,2.049815814983927e-10,1.5380930026149738e-10,5.117228123689544e-11,8.766584062472024e-10,8.464576395778968e-10,3.020076666930549e-11,0.0031960666411304083,1.0431399865206619,5.254375114509094e-07,4.893852714730223e-10,2.6158580141899015e-09,0.00017470646740153588,0.015511638127929417
17745,3300,137,126,64.27271,24.0915,117441910.340835,0.00017999703403920756,0.035321277729794924,4.466701611135219e-05,0.03519252126778127,8.408944590229388e-05,0.1808744074645368,0.16648011548970007,0.014394291974836338,0.4193437501232665,1.2368056089722999e-05,4.686277829810257e-05,0.0004460150489305092,2.04959517786703e-10,1.5347529699434148e-10,5.148422079236163e-11,8.518576198176866e-10,8.228558186514937e-10,2.9001801166192995e-11,0.003192860673426334,1.0425208811511242,5.013461973708994e-07,4.866541351760781e-10,2.62488455098867e-09,0.00017429221988411468,0.015485834132519917
17746,3300,137,126,64.26786,24.07769,117441910.340835,0.0001802438393536717,0.035324715598493574,4.4684354807744106e-05,0.035195934766882805,8.409647680301594e-05,0.18114545029657775,0.16674979358981007,0.014395656706767299,0.41942398796085256,1.2387320710334968e-05,4.687570679878661e-05,0.0004461916942256578,2.0496209225700722e-10,1.5351810482040005e-10,5.144398743660729e-11,8.55040045499844e-10,8.25884407923498e-10,2.915563757634619e-11,0.0031932620788772937,1.0425918061406556,5.044419385080273e-07,4.869924941463885e-10,2.6236682998383463e-09,0.00017434320321073506,0.01548910747088105
17747,3300,137,126,64.26292,24.07491,117441910.340835,0.0001796473883007074,0.03531470354418357,4.464222422999499e-05,0.03518598257048789,8.407874946568026e-05,0.1804824443587726,0.1660905596675897,0.014391884691182497,0.4192045335939386,1.234097472596965e-05,4.6843495982471895e-05,0.00044575571325423003,2.0495509478845528e-10,1.534149888880429e-10,5.154010590041252e-11,8.473861600319042e-10,8.186005512352632e-10,2.87856087966412e-11,0.003192265349111524,1.0423944939961283,4.970102001791726e-07,4.861407522252841e-10,2.6264115070804658e-09,0.0001742137669332998,0.015481116245020686
17748,3300,137,126,64.26177,24.06218,117441910.340835,0.00017935186119530993,0.03530967677325633,4.462134069301363e-05,0.035180985495087365,8.406993747595198e-05,0.18015363159254327,0.16576363421195361,0.014389997380589306,0.41909480913623853,1.2318019570397682e-05,4.6827498831409255e-05,0.00044553934307913753,2.0495159764227624e-10,1.5336391049991456e-10,5.158768714236182e-11,8.435952801112554e-10,8.149929439877841e-10,2.8602336123471387e-11,0.003191770460269756,1.0422957263662636,4.933298794224847e-07,4.857174154782845e-10,2.627763099597742e-09,0.00017414939307746065,0.015477153661610699
17749,3300,137,126,64.27914,24.03085,117441910.340835,0.00018124129632878538,0.03534095601176545,4.475474319504436e-05,0.03521207536320458,8.412590536581252e-05,0.18225185260124557,0.1678500277638827,0.014401824837362477,0.419783445355917,1.2464888178900958e-05,4.692928823363534e-05,0.00044691811218603854,2.0497356526077624e-10,1.5369064717372895e-10,5.128291808704742e-11,8.678507242621464e-10,8.380757649100623e-10,2.9774959352084236e-11,0.003194921060565317,1.0429141272040638,5.16884852624764e-07,4.884068325380511e-10,2.6190228959511503e-09,0.0001745578243557347,0.015502447566714964
17750,3300,137,126,64.26706,24.04663,117441910.340835,0.00017984844670196213,0.0353178470293684,4.4656395047013345e-05,0.03518910600910449,8.408462521689192e-05,0.18070485355456778,0.16631176173552228,0.014393091819045117,0.41927503905879543,1.2356626157928743e-05,4.685422262498653e-05,0.0004459014442968148,2.0495734817069213e-10,1.5344979417022025e-10,5.1507554000472005e-11,8.499712499018155e-10,8.21060670492933e-10,2.89105794088826e-11,0.0031925977159195595,1.0424574860556761,4.995221259738485e-07,4.864232427906274e-10,2.6254601538995397e-09,0.00017425655291642862,0.015483799066964635
17751,3300,137,126,64.26244,24.04691,117441910.340835,0.0001793093424707215,0.03530882543554328,4.461831891780117e-05,0.03518013850229902,8.406861432644965e-05,0.18010572384509146,0.16571603363301146,0.014389690212079647,0.4190771018228044,1.2314732748818252e-05,4.682512456572561e-05,0.0004455075298843199,2.0495103615942785e-10,1.533565869901523e-10,5.159444916927571e-11,8.430526554422924e-10,8.144765562705394e-10,2.8576099171752965e-11,0.003191697253975652,1.042279568086327,4.928041131477173e-07,4.856539490768232e-10,2.627942814145945e-09,0.0001741396632183145,0.015476577487998001
17752,3300,137,126,64.27608,24.02234,117441910.340835,0.00018090220247522562,0.03533514923646149,4.4730775775230276e-05,0.035206302683202365,8.411577748389163e-05,0.18187438363651104,0.16747473517281153,0.014399648463699132,0.41965696121812307,1.2438553777501962e-05,4.6910910672809314e-05,0.0004466696369053627,2.0496953482633786e-10,1.5363204649377536e-10,5.1337488332562625e-11,8.635018378607088e-10,8.339371294168624e-10,2.956470844384622e-11,0.0031943526054545508,1.0428002068322717,5.126631134770238e-07,4.87920309129291e-10,2.620569257520999e-09,0.00017448381813516952,0.015497898974679559
17753,3300,137,126,64.28071,24.04185,117441910.340835,0.00018143271928682507,0.03534430913013862,4.476828318904468e-05,0.03521540919181841,8.413165513115745e-05,0.18246529065516198,0.16806221633349402,0.014403074321667585,0.4198559735315879,1.2479745012976358e-05,4.69397052284215e-05,0.0004470587802872602,2.0497587469675717e-10,1.537237131667327e-10,5.1252161530024615e-11,8.703040950717285e-10,8.404105232646522e-10,2.989357180707648e-11,0.003195243136304735,1.042979579016388,5.192658890765825e-07,4.886829819298052e-10,2.618158599628959e-09,0.00017459987631620564,0.015505018860175713
17754,3300,137,126,64.27666,24.05279,117441910.340835,0.0001810020936268592,0.035337226584930465,4.473788532423324e-05,0.035208369780218844,8.411891938738114e-05,0.1819872973498403,0.16758690575198856,0.014400391597851359,0.4196997201818264,1.2446266106836122e-05,4.691653247823691e-05,0.0004467447890382939,2.0497088912263892e-10,1.5364923665537456e-10,5.1321652467264454e-11,8.647749707644504e-10,8.351487018272491e-10,2.962626893720138e-11,0.003194525801185258,1.0428393430887568,5.138960662042149e-07,4.880709569599083e-10,2.620155938175821e-09,0.00017450695924184982,0.015499256259934714
17755,3300,137,126,64.27628,24.08012,117441910.340835,0.0001804884103190897,0.03532929825598285,4.470169416005604e-05,0.03520049260990622,8.410395191655505e-05,0.18141954718171657,0.16702221103641843,0.014397336145297803,0.4195211295349186,1.2406265602905635e-05,4.6889185431939116e-05,0.00044637301030191055,2.0496517884031729e-10,1.535602924065234e-10,5.140488643379401e-11,8.581680969284982e-10,8.28861220383595e-10,2.93068765449034e-11,0.0031936782493470744,1.042679970405735,5.074753541524265e-07,4.873512793985292e-10,2.6225983949822454e-09,0.00017439802167098668,0.01549240679854075
18339,3600,137,131,64.7039,28.81881,108847545.138632,0.00023131459319206555,0.0418534918330621,5.383731525269464e-05,0.04170017945552953,9.947506227988094e-05,0.23545699668872572,0.2184024341589315,0.01705456252979377,0.50179476584136,1.6033048972313178e-05,5.615440876598604e-05,0.0005391509374862893,2.4097976705803024e-10,1.839941825773286e-10,5.698558448070179e-11,1.2533628622541545e-09,1.2070086504927942e-09,4.6354211761360896e-11,0.0037752782700711403,1.25470808700694,8.347078571996647e-07,6.025024213090057e-10,3.014839096704953e-09,0.0002097734299519077,0.018401014508653096
18340,3600,137,131,64.71673,28.84175,108847545.138632,0.00023342588969778733,0.04188903846908405,5.398646184458456e-05,0.041735514148435564,9.953785880389876e-05,0.23780437981830038,0.22073643566954682,0.017067944148753175,0.5025731766983429,1.6197089722188596e-05,5.626848780438546e-05,0.0005406947745141459,2.410045848604695e-10,1.843591676971823e-10,5.664541716328739e-11,1.2804535061646325e-09,1.2327895884391293e-09,4.7663917725503545e-11,0.003778808122620617,1.255408142316497,8.610113626165576e-07,6.055195112203648e-10,3.005141024040179e-09,0.00021023199242026854,0.018429306598555267
18341,3600,137,131,64.7214,28.88392,107556435.324792,0.000238688899793245,0.04243290321555928,5.480830973419956e-05,0.04227728917106458,0.00010080573476049975,0.2433932344604429,0.2261049214067179,0.017288313053724566,0.5095073184143957,1.658277859893677e-05,5.707667799730506e-05,0.0005489826429898576,2.439263523959922e-10,1.8699773194907588e-10,5.6928620446916504e-11,1.3274102052748434e-09,1.277647098989538e-09,4.976310628530573e-11,0.003828277119181272,1.2712879123213747,9.020185835233351e-07,6.162968401118919e-10,3.0298638596965343e-09,0.00021328864636698861,0.018683490906786282
18342,3600,137,131,64.71336,28.87328,108847545.138632,0.00023473264723075285,0.04191058408280389,5.407871299324755e-05,0.0417569288406913,9.957652911934367e-05,0.23925512645870736,0.22217902662843053,0.01707609983027639,0.503048134339367,1.629867674711883e-05,5.633883700903888e-05,0.000541647882290195,2.4101973810223617e-10,1.8458516028141623e-10,5.643457782082007e-11,1.297230784301082e-09,1.248755775680915e-09,4.8475008620166984e-11,0.003780985748927605,1.2558345055722513,8.773048361846653e-07,6.073777984749463e-10,2.9990861159812595e-09,0.00021051414897443597,0.01844679604790008
18343,3600,137,131,64.70947,28.80647,108847545.138632,0.00023114142594339354,0.04185083683397559,5.382511726091946e-05,0.041697541692453904,9.947002426076108e-05,0.23526568597601213,0.21821214854043902,0.01705353743557272,0.5017348268796488,1.601956225491887e-05,5.614519988053815e-05,0.0005390257019796767,2.409778501352011e-10,1.8396419516867392e-10,5.7013654966527357e-11,1.2511352408082133e-09,1.2048887172319417e-09,4.6246523576271896e-11,0.003774992829874348,1.254654630377194,8.325428609778836e-07,6.022601653509353e-10,3.015664509227333e-09,0.00020973677083715073,0.01839870633160556
18344,3600,137,131,64.71313,28.84165,108847545.138632,0.0002331428333267958,0.04188419918081,5.396645625421927e-05,0.041730703316531906,9.952940802387279e-05,0.2374893269807076,0.22042319735408472,0.017066129626622427,0.5024677130264363,1.6175106279522594e-05,5.625315172646549e-05,0.0005404874034153791,2.410012240693923e-10,1.843102496045914e-10,5.669097446480105e-11,1.2768231304632909e-09,1.2293347263774857e-09,4.748840408580538e-11,0.0037783337317285033,1.2553131678492766,8.574870637149823e-07,6.05113546388802e-10,3.0064327460533124e-09,0.00021017024500335485,0.01842551006388575
18345,3600,137,131,64.71857,28.86411,108847545.138632,0.00023466406352058632,0.04190966025540891,5.407389903791253e-05,0.04175601176743177,9.957458893922862e-05,0.2391799550632035,0.22210422570926086,0.0170757293539422,0.5030263097651144,1.6293319487359157e-05,5.633526223784298e-05,0.0005415989630575916,2.4101903703951363e-10,1.8457325835636098e-10,5.64457786831528e-11,1.2963457482075483e-09,1.2479135208328311e-09,4.843222737471743e-11,0.003780874697011386,1.2558152756384153,8.764436544264694e-07,6.072844026813735e-10,2.9994277212134103e-09,0.00021050009655505399,0.018445887923795774
18346,3600,137,131,64.72684,28.81031,108847545.138632,0.0002327636564235024,0.04187840114835986,5.393974891277346e-05,0.04172494301626121,9.951838318587513e-05,0.23707049473650127,0.22000660540221462,0.017063889334286254,0.5023366997170352,1.6145573076218836e-05,5.6232996221847474e-05,0.0005402132632676719,2.409970337255301e-10,1.8424458439269447e-10,5.6752449332835807e-11,1.2719450661748903e-09,1.2246924781784601e-09,4.7252587996430205e-11,0.00377770895816627,1.2551963519370188,8.527460120054778e-07,6.045833986254001e-10,3.0082419009783947e-09,0.00021009003076583453,0.01842045668095391
18347,3600,137,131,64.72265,28.85621,108847545.138632,0.0002345932708889364,0.04190864500991258,5.406892177060278e-05,0.041755003528503476,9.957255963849393e-05,0.2391020737467563,0.22202674395214533,0.017075329794610614,0.5030028577636809,1.6287797303397612e-05,5.633153734552612e-05,0.0005415481394591389,2.410182853202562e-10,1.845609853004629e-10,5.645730001979345e-11,1.2954335476902357e-09,1.2470454162693003e-09,4.838813142093593e-11,0.003780759103545978,1.2557944886704928,8.755565346451216e-07,6.071867670600395e-10,2.9997732318835606e-09,0.00021048536622543193,0.018444947634304747
18348,3600,137,131,64.72491,28.90669,107556435.324792,0.00024009997342729381,0.04245645928298999,5.490796406672588e-05,0.04230070370139908,0.00010084761752417609,0.24496115228794602,0.22766395169956344,0.0172972005883822,0.510024546550076,1.6692439231272893e-05,5.71528078762932e-05,0.0005500133846230495,2.439428475679206e-10,1.8724170762717137e-10,5.6701139940749344e-11,1.3455204679216204e-09,1.2948818204458138e-09,5.063864747580682e-11,0.0038306331268967994,1.2717527289350208,9.196042621466826e-07,6.18309274108281e-10,3.023359033520492e-09,0.00021359438845742094,0.01870239024893238
18349,3600,137,131,64.71223,28.80146,108847545.138632,0.00023112276225604946,0.041850629635815616,5.382381316426584e-05,0.04169733630728104,9.946951537030372e-05,0.23524543662309844,0.2181919877108812,0.01705344891221684,0.5017295504816073,1.6018098920858573e-05,5.614425215732559e-05,0.0005390126252778603,2.4097767948163335e-10,1.839609475502294e-10,5.701673193140412e-11,1.25089343496437e-09,1.20465859873682e-09,4.623483622755041e-11,0.0037749633009377414,1.2546500695025404,8.323072182252175e-07,6.022356325294898e-10,3.0157625575866734e-09,0.00020973310826613678,0.018398461294657987
18350,3600,137,131,64.7253,28.82146,108847545.138632,0.00023315088038442734,0.04188478524204695,5.396708511340876e-05,0.04173128831496533,9.952984196820989e-05,0.2375003843160933,0.22043407836519485,0.017066305950898062,0.5024774352763175,1.617567582509991e-05,5.625384217420125e-05,0.0005404956901226733,2.410015238191325e-10,1.8431155155636758e-10,5.6689972262765066e-11,1.2769165893024682e-09,1.2294236549916038e-09,4.749293431086482e-11,0.003778354235502726,1.2553226877167136,8.575741750315813e-07,6.051340463456875e-10,3.0064476394294087e-09,0.00021017363915731808,0.018425639210459838
18351,3600,137,131,64.72951,28.79997,108847545.138632,0.00023252438793667384,0.04187450751096345,5.3922864531711495e-05,0.04172107332162343,9.951132480832369e-05,0.23680510238995442,0.21974269207668348,0.017062410313270555,0.5022505049293507,1.6126966049790643e-05,5.6220144372451365e-05,0.0005400390223508154,2.409942825495579e-10,1.842031947778162e-10,5.679108777174186e-11,1.2688720143147365e-09,1.2217679904391206e-09,4.710402387561618e-11,0.0037773110368010993,1.25511906580324,8.497611634614847e-07,6.042441709698137e-10,3.00935647389379e-09,0.00021003855539840984,0.01841725677752136
18352,3600,137,131,64.7326,28.74581,108847545.138632,0.00023250973551577336,0.04217242157923,5.401649536004831e-05,0.042018664126587855,9.974095728208939e-05,0.23766720149038817,0.2204357901055927,0.017231411384795035,0.5087421286763909,1.602504921921161e-05,5.681264216078507e-05,0.0005460291968985742,2.41213733086477e-10,1.83961710604619e-10,5.725202248185814e-11,1.2446613432989205e-09,1.1986108076438465e-09,4.605053565507446e-11,0.0037883121720036486,1.3179248878232557,8.245299346526782e-07,6.097354279721923e-10,3.0867744934342695e-09,0.00021325316868861947,0.018456937005002526
18353,3600,137,131,64.74067,28.71756,108847545.138632,0.0002321859621482936,0.04216715041634971,5.3993647433018916e-05,0.04201342536391461,9.973140500208517e-05,0.2373080667334841,0.22007865738976037,0.017229409343723332,0.5086254560671553,1.599987085325131e-05,5.6795249948577576e-05,0.0005457934049111121,2.4121000917062403e-10,1.8390570346824662e-10,5.73043057023776e-11,1.2405030020372153e-09,1.194653497973638e-09,4.584950406357742e-11,0.003787773675627185,1.3178202697213215,8.204909659750716e-07,6.092763444987837e-10,3.08828243861504e-09,0.0002131835045831614,0.018452606847080284
18354,3600,137,131,64.73032,28.75337,108847545.138632,0.00023260896031048015,0.04217402158170028,5.402349535437822e-05,0.04202025420829521,9.974387805069563e-05,0.2377771910535134,0.22054517040395394,0.017232020649559046,0.5087776534450308,1.6032767380613818e-05,5.6817963495495595e-05,0.0005461013763835246,2.412148673115578e-10,1.8397887781165326e-10,5.723598949990469e-11,1.2459360592548554e-09,1.19982389891203e-09,4.6112160342825776e-11,0.0037884769603779684,1.3179567150286442,8.257681817815935e-07,6.098758124285878e-10,3.0863105884965407e-09,0.00021327446187505082,0.018458263312068714
18355,3600,137,131,64.73823,28.72354,108847545.138632,0.00023216725001845023,0.042166804477064064,5.399232142611929e-05,0.04201308132053574,9.973083510220315e-05,0.2372871174951335,0.2200578353436362,0.01722928215149689,0.5086180939282846,1.5998420800746727e-05,5.679422135331251e-05,0.0005457795573676417,2.41209775146952e-10,1.8390247476902521e-10,5.7307300377926956e-11,1.2402635730163838e-09,1.194425645044254e-09,4.583792797212947e-11,0.0037877419076404726,1.3178135954364056,8.20258742772279e-07,6.092489873156602e-10,3.0883648356717095e-09,0.0002131793275217072,0.018452354636820673
18499,3300,142,126,62.6357,22.49849,82034219.9822575,0.0002823688082973213,0.05194517416080344,6.637496792241808e-05,0.051756696764146536,0.00012210242873449248,0.28538567351899785,0.26419930330714725,0.02118637021185004,0.6186751670836799,1.9613413525648362e-05,6.970750800424363e-05,0.0006686236249636275,2.9893678103628994e-10,2.261964834131942e-10,7.274029762309597e-11,1.4861138661037084e-09,1.4319853898565244e-09,5.4128476247184254e-11,0.004708188912911594,1.518927588434815,9.67068013531146e-07,7.400001778792155e-10,3.738397358250036e-09,0.00025956203035403647,0.022800768922035017
18500,3300,142,126,62.63823,22.49347,82034219.9822575,0.000282225938590327,0.05194303803787761,6.636491139127879e-05,0.051754574830838194,0.00012209829564813372,0.28522808933890065,0.2640425497517579,0.0211855395871422,0.6186265300337425,1.9602279742557372e-05,6.969994115501759e-05,0.0006685205906238539,2.9893522424932887e-10,2.2617173188015293e-10,7.276349236917612e-11,1.4842748102497664e-09,1.4302352366258607e-09,5.403957362390555e-11,0.004707954264121158,1.5188843111731807,9.652802221136516e-07,7.39801393062518e-10,3.7390846112876215e-09,0.0002595319837671951,0.022798867157387083
18501,3300,142,126,62.63935,22.50068,82034219.9822575,0.00028176343120998464,0.0519358440763396,6.633231834896976e-05,0.05174742696264048,0.00012208479535013873,0.28471664159733984,0.2635338684972487,0.021182773100090622,0.6184648995243586,1.9566271164975127e-05,6.967528708373637e-05,0.0006681855546048812,2.9893005758786325e-10,2.2609165972343782e-10,7.283839786442557e-11,1.478327355591562e-09,1.4245752978944297e-09,5.375205769713264e-11,0.004707190281691424,1.5187399721730246,9.595007950752692e-07,7.391523051375747e-10,3.741277350242319e-09,0.0002594336963725999,0.022792697451551974
18502,3300,142,126,62.64021,22.51071,82034219.9822575,0.0002812267084404828,0.05192748274752329,6.629449358177324e-05,0.05173911913080491,0.00012206912313661309,0.2841230644445196,0.2629435053668817,0.021179559077637328,0.6182771383457812,1.9524486144548047e-05,6.964666956593867e-05,0.0006677966883279316,2.9892405594772684e-10,2.2599874150941025e-10,7.292531443831679e-11,1.4714258362950492e-09,1.418007416914334e-09,5.341841938071486e-11,0.004706303504807794,1.518572274375902,9.527943622294211e-07,7.383988028088413e-10,3.743820446638354e-09,0.00025931958996673946,0.022785537120308588
18503,3300,142,126,62.64309,22.50401,82034219.9822575,0.0002810984216800443,0.051925584922372474,6.628546625311555e-05,0.051737234035448,0.00012206542067135615,0.28398166003770664,0.26280284116648805,0.021178818871218023,0.6182337695152839,1.9514486301221273e-05,6.963988657247676e-05,0.0006677042789004526,2.989226672895076e-10,2.2597651239693956e-10,7.294615489256825e-11,1.4697740554623776e-09,1.4164354850246067e-09,5.333857043777099e-11,0.0047060931240084395,1.518533722579789,9.511884626721283e-07,7.382207129941995e-10,3.744439882365703e-09,0.00025929268431367663,0.02278383043026308
18504,3300,142,126,62.64244,22.48801,82034219.9822575,0.00028188218516753897,0.051937832437956244,6.634070590944101e-05,0.051749403409347396,0.00012208832269939627,0.2848486230514665,0.26366510034350865,0.021183522707957314,0.6185085174137616,1.957549931723671e-05,6.968169742323167e-05,0.0006682723319062189,2.989314484920145e-10,2.261121912000257e-10,7.281925729198901e-11,1.4798513610162748e-09,1.4260256250746302e-09,5.38257359416446e-11,0.00470738865253298,1.5187791804470077,9.609806082985039e-07,7.393217869135671e-10,3.740730594201329e-09,0.00025945944881160916,0.022794288273262915
18505,3300,142,126,62.64499,22.49961,82034219.9822575,0.0002810220845040868,0.05192446721801796,6.628009608612892e-05,0.05173612389940715,0.00012206322252468566,0.2838975715182614,0.2627191898817168,0.021178381636544084,0.6182081367397687,1.950853445020684e-05,6.963585692551485e-05,0.0006676493524139363,2.9892184624801985e-10,2.259632826442525e-10,7.295856360376753e-11,1.4687909093417212e-09,1.4154998649870443e-09,5.329104435467673e-11,0.004705968118163107,1.5185109586637973,9.502325320869662e-07,7.381149721442624e-10,3.74480981314299e-09,0.00025927671645585836,0.02278281541113634
18506,3300,142,126,62.64647,22.47978,82034219.9822575,0.00028170935136874074,0.051935308533286144,6.632854829324263e-05,0.05174689663620114,0.00012208334879175147,0.28465827080947453,0.2634757361819012,0.021182534627572802,0.6184505826841559,1.9562023000443855e-05,6.967257774853604e-05,0.0006681480092884771,2.989295926228954e-10,2.260822366048258e-10,7.284735601806975e-11,1.4776252903076563e-09,1.4239071642586315e-09,5.3718126049024785e-11,0.004707105733162218,1.518727742482586,9.588161062871126e-07,7.390825139993951e-10,3.7415689165513576e-09,0.0002594233206155848,0.02279199050003861
18507,3300,142,126,62.64761,22.49322,82034219.9822575,0.00028094326331111404,0.051923346080841724,6.62745555886073e-05,0.05173501055817765,0.00012206096707546931,0.28381090102703277,0.26263296169179645,0.021177939335235797,0.618182163692939,1.9502384855018856e-05,6.963171484117235e-05,0.0006675928142377739,2.9892101348692263e-10,2.2594961587663492e-10,7.297139761028789e-11,1.4677750555433326e-09,1.4145331175188442e-09,5.324193802448856e-11,0.004705839559975086,1.5184879548663182,9.49244534723656e-07,7.380064484210264e-10,3.745195572246699e-09,0.0002592603493533319,0.02278176892122246
18508,3300,142,126,62.64891,22.50973,82034219.9822575,0.00028004180777943256,0.05190928010446156,6.62110237654076e-05,0.051721034445756646,0.0001220346349394993,0.2828138492686789,0.26164131436497357,0.021172534903704788,0.6178664686459386,1.943220740641814e-05,6.958363728143888e-05,0.0006669395710121183,2.9891092308194253e-10,2.2579355908948225e-10,7.311736399246047e-11,1.4561840654260262e-09,1.4035024681603853e-09,5.268159726564103e-11,0.004704349814631049,1.5182059525346259,9.379813714392676e-07,7.367404469448477e-10,3.749464234819097e-09,0.00025906861853482714,0.02276974167747098
18509,3300,142,126,62.64921,22.48965,82034219.9822575,0.0002808873191806522,0.051922542280886844,6.627062208443186e-05,0.05173421229603632,0.00012205936276608652,0.2837493480189358,0.26257172485369445,0.021177623165240803,0.6181636081972514,1.9498021114583533e-05,6.962877038145061e-05,0.000667552642716875,2.989204187557568e-10,2.2593991734684422e-10,7.298050140891277e-11,1.467054218398431e-09,1.41384712582388e-09,5.320709257455129e-11,0.004705748188378006,1.5184715051027347,9.485435288531505e-07,7.379292615872067e-10,3.745468440820082e-09,0.00025924870318199,0.022781025783202322
18510,3300,142,126,62.65326,22.52876,82034219.9822575,0.00027863519334291633,0.05188744377007471,6.611190489748688e-05,0.051699338270061165,0.00012199359511604952,0.2812585926348623,0.26009445956745214,0.02116413306740964,0.6173755424568521,1.932268998590794e-05,6.950868147071609e-05,0.0006659208593747323,2.9889522917674996e-10,2.2555002882879168e-10,7.334520034795844e-11,1.4380952663558377e-09,1.3862881290816839e-09,5.180713727415389e-11,0.0047020269954040975,1.5177676237499345,9.204032755424807e-07,7.347672381295245e-10,3.756137861155077e-09,0.0002587698544024316,0.022750979885765535
18511,3300,142,126,62.65416,22.49855,82034219.9822575,0.000279813014831134,0.05190592357731461,6.61949277544502e-05,0.05171770060562334,0.00012202804393682327,0.28256179350339067,0.2613905708914616,0.021171222611928484,0.6177895445460795,1.9414369713010424e-05,6.957155612598533e-05,0.0006667749135576916,2.9890845929668924e-10,2.257539090216618e-10,7.315455027502762e-11,1.4532375859428649e-09,1.4006984240663404e-09,5.253916187652484e-11,0.004703975051536306,1.518137625385653,9.351165097747923e-07,7.364233950401533e-10,3.750572206655762e-09,0.00025902073651414107,0.02276669921356184
18512,3300,142,126,62.65499,22.50992,82034219.9822575,0.0002791912525249688,0.051896214312623305,6.615110684497046e-05,0.05170805332719263,0.00012200987858568808,0.28187406025542444,0.26070656734114395,0.021167492914279946,0.6175716870133438,1.9365967042785654e-05,6.953839125194767e-05,0.0006663243110240669,2.989014962034197e-10,2.2564627322211935e-10,7.325522298130051e-11,1.445243077974837e-09,1.3930903930875717e-09,5.215268488726537e-11,0.0047029474095769495,1.517943005175084,9.273481701574171e-07,7.355500437399243e-10,3.753515572680604e-09,0.00025888846625531407,0.02275840328870558
18513,3300,142,126,62.65771,22.50764,82034219.9822575,0.00027892047755133777,0.05189209107547449,6.613203710505096e-05,0.05170395702532559,0.0001220020130438483,0.28157504751782253,0.2604091496375383,0.0211658978802836,0.617478386800011,1.934487488564453e-05,6.95240077184108e-05,0.0006661286358785186,2.988985116627048e-10,2.255993774665204e-10,7.329913419618458e-11,1.4417592170550272e-09,1.3897749490218558e-09,5.198426803317161e-11,0.004702501520238168,1.517859847177729,9.239620237771399e-07,7.3517180237222e-10,3.7548094936042205e-09,0.0002588312471495638,0.0227547954187781
18514,3300,142,126,62.65825,22.50267,82034219.9822575,0.00027907282049388974,0.051894505108035116,6.614277871902705e-05,0.05170635585028043,0.00012200647903565057,0.2817437188757043,0.26057689739322004,0.021166821482483684,0.6175322918795051,1.9356730073660658e-05,6.953215361667476e-05,0.0006662392286899959,2.989002337221839e-10,2.2562574322892376e-10,7.327449049326031e-11,1.4437172524343522e-09,1.3916383265396373e-09,5.207892589471523e-11,0.004702753860001318,1.5179080661920015,9.258643831702038e-07,7.353864900460796e-10,3.754092354304156e-09,0.0002588637839502109,0.022756829729249004
18515,3300,142,126,62.65887,22.51658,82034219.9822575,0.0002783646148842219,0.05188343077620266,6.609286337381878e-05,0.05169535213122568,0.00012198578160314237,0.2809602992553714,0.2597977302342121,0.021162569021158737,0.6172839179393296,1.930159988192082e-05,6.94943692267549e-05,0.000665725898102098,2.9889229563584523e-10,2.2550314588429495e-10,7.338914975155047e-11,1.434611602291498e-09,1.382972869523745e-09,5.16387327677531e-11,0.004701583107775847,1.5176861570014035,9.170164583211384e-07,7.34391413663384e-10,3.757443186491439e-09,0.0002587130687095348,0.022747379707438686
19068,4000,145,150,64.44456,25.21722,163248703.946235,0.0001988749069419769,0.0365552949667059,4.5328694325225776e-05,0.036430972804820876,7.899346755980384e-05,0.20167448207567895,0.1870523052715025,0.014622176804176174,0.4330109329663802,1.3862300361788117e-05,4.877916442215472e-05,0.00046887013612010426,2.0452307827391452e-10,1.535978137650951e-10,5.092526450881946e-11,1.058847937974678e-09,1.0198342777980035e-09,3.901366017667464e-11,0.003279667767354225,0.9359965661492288,6.947924735445573e-07,5.279485096595748e-10,2.5460154707706426e-09,0.00018067172488617377,0.015775280567337395
19069,4000,145,150,63.99483,24.55973,103822941.391977,0.00029707435234659123,0.057361747600211066,7.02263184113238e-05,0.05716764668236243,0.00012387459943730695,0.30006083136873457,0.2770690293986378,0.02299180197009617,0.6786648751805459,2.0520629237118943e-05,7.622617020909767e-05,0.0007295914933780847,3.2152710389955283e-10,2.3865981176623075e-10,8.286729213332225e-11,1.4492147047235515e-09,1.398220168989973e-09,5.099453573357814e-11,0.005137353277391142,1.5061964731126856,8.82333083518635e-07,8.10415091527577e-10,4.1212168068196175e-09,0.0002826715577921299,0.024619659287002323
19070,4000,145,150,64.00045,24.54508,103822941.391977,0.00029824757695536897,0.05738096115829355,7.03091252643416e-05,0.057186742771171244,0.0001239092618579622,0.301362720637682,0.27836363265101743,0.02299908798666403,0.6790893437446945,2.061185155733284e-05,7.628925670097923e-05,0.0007304465112293962,3.215406493176046e-10,2.3886273677023834e-10,8.267791254736638e-11,1.464280406718356e-09,1.4125575290130305e-09,5.172287770532516e-11,0.0051393063396912965,1.5065772851232933,8.969653878723681e-07,8.120808824653222e-10,4.11576562231096e-09,0.00028292440534836234,0.024635355383945026
19071,4000,145,150,64.00127,24.53368,103822941.391977,0.00029906119650993017,0.05739389778913612,7.036649901052454e-05,0.057199598157702994,0.0001239331324225903,0.3022637515367882,0.2792597186253009,0.023004032911486737,0.6793778945763163,2.067516124914042e-05,7.633278653932265e-05,0.000731037389930989,3.2154986636468026e-10,2.3900353997123723e-10,8.254632639344316e-11,1.47473675071729e-09,1.422508377836163e-09,5.2228372881126916e-11,0.005140654701479998,1.506835477723156,9.071240558000489e-07,8.132283457411275e-10,4.111940650765985e-09,0.0002830983356874935,0.024646222127689448
19072,4000,145,150,63.99535,24.52897,103822941.391977,0.00029922911978427617,0.05739580159956658,7.037823769852892e-05,0.05720148563369759,0.0001239377281704568,0.30244612695369866,0.2794412865598791,0.02300484039381908,0.6794259614769615,2.0688322450744978e-05,7.634133597082604e-05,0.0007311552563231718,3.2155141981260126e-10,2.39032752019663e-10,8.251866779293832e-11,1.476911496192893e-09,1.4245780089801069e-09,5.233348721278606e-11,0.005140921002248942,1.5068771152831606,9.092430558838094e-07,8.134498661802861e-10,4.111063033119451e-09,0.0002831314336581054,0.024648428677191074
19073,4000,145,150,64.00217,24.51904,103822941.391977,0.0003001014825626905,0.05741042019159776,7.043985407858785e-05,0.057216016692305825,0.00012396364521335626,0.3034157154136825,0.2804053650447778,0.023010350368904187,0.6797465592775223,2.0756110660768227e-05,7.638843301412881e-05,0.0007317927843963413,3.2156164288274567e-10,2.3918357318622556e-10,8.237806969652027e-11,1.4881065271995072e-09,1.435231814405388e-09,5.287471279411875e-11,0.005142378418236886,1.5071653227857582,9.201133621179516e-07,8.146951166174262e-10,4.1070479791787154e-09,0.00028332065465158586,0.024660115377431596
19074,4000,145,150,63.99533,24.50661,103822941.391977,0.0003007880067472418,0.057420391234975596,7.048813884207595e-05,0.05722591971720367,0.0001239833789298458,0.30417157129969036,0.2811573112216999,0.02301426007798999,0.6799758711201174,2.0809647513531163e-05,7.642462703786003e-05,0.0007322863245833638,3.215689899661129e-10,2.3930256849849696e-10,8.2266421467616e-11,1.4969500258863638e-09,1.4436478133045645e-09,5.3302212581799516e-11,0.005143501370444334,1.5073688168067056,9.287127033938259e-07,8.156444627944961e-10,4.1037117737137096e-09,0.0002834639632892196,0.024669239939955092
19075,4000,145,150,63.99988,24.50104,103822941.391977,0.0003012861941433048,0.05742881885302403,7.052333723980974e-05,0.057234297301964415,0.0001239982138198047,0.30472565340249624,0.2817082246531938,0.023017428749301953,0.680160145844974,2.0848350089834825e-05,7.645156810289089e-05,0.0007326508255958183,3.2157486422710623e-10,2.393886834999988e-10,8.218618072710753e-11,1.5033415414190684e-09,1.4497303278892445e-09,5.3611213529823973e-11,0.005144334909114507,1.5075346110705916,9.349181868563757e-07,8.163571814438174e-10,4.101427985616169e-09,0.0002835723128838609,0.02467591770918909
19076,4000,145,150,64.21178,24.35075,160661114.571843,0.00018698122337320848,0.03701915385760744,4.5036974696126484e-05,0.0368941936798737,7.992320303761424e-05,0.1884841129420756,0.1736430631550152,0.014841049787060048,0.43737094706663665,1.2864644942331309e-05,4.9034563387461634e-05,0.00046827820252684065,2.077404546050016e-10,1.5334624222478122e-10,5.4394212380220465e-11,8.706071133745852e-10,8.408321457820734e-10,2.977496759251157e-11,0.003312453760748722,0.9755328343635378,5.05950928234506e-07,5.172384706635925e-10,2.6927709500315333e-09,0.00018183959065807602,0.015846060155612192
19077,4000,145,150,64.20724,24.33624,160661114.571843,0.00018703363657963208,0.037019435501374036,4.5040596744630966e-05,0.036894470402141874,7.992450248752887e-05,0.1885395729282928,0.17369835804566325,0.014841214882629216,0.43738126349150247,1.2868791524941849e-05,4.9037054535913754e-05,0.0004683133249800365,2.0774079714928727e-10,1.533554219185722e-10,5.4385375230715134e-11,8.71292703176564e-10,8.414846064266145e-10,2.980809674994952e-11,0.003312531989244984,0.9755410772420051,5.066214406874203e-07,5.173013688853595e-10,2.6924610474973547e-09,0.0001818487792323692,0.015846734090988638
19078,4000,145,150,64.21049,24.36246,160661114.571843,0.00018739739976570167,0.03702594441788639,4.5066345303678654e-05,0.03690094258460535,7.993548797735675e-05,0.18894581309543174,0.17410218571380726,0.014843627381624156,0.4375211428219663,1.2897007208145824e-05,4.905692776757171e-05,0.00046858136835265337,2.0774524815196112e-10,1.5341823049434795e-10,5.43270176576133e-11,8.759518939832397e-10,8.459185369661656e-10,3.003335701707394e-11,0.003313146176139221,0.9756675385385859,5.111421563000673e-07,5.178288742737536e-10,2.690834376877941e-09,0.00018192919144063716,0.0158516268266195
19079,4000,145,150,64.20657,24.35046,160661114.571843,0.0001874248853530239,0.03702590882909211,4.506822014482686e-05,0.036900904518694023,7.993609025326188e-05,0.18897403794360568,0.17413037496294742,0.014843662980657897,0.4375238048571248,1.2899204334999257e-05,4.90581301415073e-05,0.0004685988093682813,2.077453443297219e-10,1.5342308061291053e-10,5.4322263716811436e-11,8.763154030566736e-10,8.462644852672471e-10,3.005091778942649e-11,0.003313184331561589,0.9756690740442068,5.114991204177027e-07,5.178581970408092e-10,2.6906507693472353e-09,0.00018193334024403613,0.015851971569955634
19080,4000,145,150,63.98778,24.56316,103822941.391977,0.00029668292736645597,0.057354700180966216,7.019860600734037e-05,0.05716063881519108,0.0001238627597677887,0.29962349536522354,0.2766343014594486,0.022989193905774332,0.6785137061272295,2.0490273318227743e-05,7.620476104444477e-05,0.0007293028349039353,3.215222946015377e-10,2.3859223562848364e-10,8.293005897305422e-11,1.4442021597307655e-09,1.3934499692135025e-09,5.0752190517262904e-11,0.005136691704339124,1.5060597331436512,8.774698673290704e-07,8.098466030443459e-10,4.122962163726265e-09,0.000282584871664241,0.02461439243140514
19081,4000,145,150,63.98311,24.56935,103822941.391977,0.000296178220115568,0.057346170809724734,7.016294810756481e-05,0.057152160127197336,0.00012384773441983268,0.29906220190687255,0.27607621576593533,0.022985986140936644,0.6783271478137821,2.0451063179926603e-05,7.61774722430819e-05,0.0007289336091479423,3.2151634735180233e-10,2.385049919367384e-10,8.301135541506404e-11,1.4377268117936475e-09,1.3872876749169477e-09,5.043913687669931e-11,0.005135847390647449,1.5058918989724104,8.711829226450754e-07,8.091247275345901e-10,4.125276823014219e-09,0.00028247513528755874,0.02460762767315724
19082,4000,145,150,63.66605,27.02888,131888671.492731,0.0002716264261983795,0.04562942625499514,5.7899364599730116e-05,0.045473013375146025,9.85135152493845e-05,0.2777208809184863,0.2594734565979637,0.018247424320522197,0.544660630592045,1.9142634153371448e-05,6.172715265838944e-05,0.0005987278705093763,2.5343198115565724e-10,1.9453096725266177e-10,5.890101390299564e-11,1.638362067093102e-09,1.5742281718747291e-09,6.413389521837307e-11,0.0041013395698142685,1.1662894745243784,1.1785953388732089e-06,6.889401021551281e-10,3.0290719511062163e-09,0.00022899161896327552,0.019865291661583528
19083,4000,145,150,63.90888,25.02711,152907678.152844,0.00019553413799513493,0.038711570199433366,4.7203663631643327e-05,0.03858054456001751,8.38219757842087e-05,0.19648983305894316,0.1809944348466953,0.015495398212247501,0.45560631055863626,1.3499336570813326e-05,5.115196520554851e-05,0.00048812454245757115,2.1814230990546534e-10,1.610894706871752e-10,5.705283921829021e-11,9.157356231899242e-10,8.844651538587179e-10,3.127046933120638e-11,0.0034728771622924664,0.9932245032014889,5.335661899661274e-07,5.38995261182298e-10,2.791500998171687e-09,0.0001891221472256799,0.0166155794101794
21208,4200,150,150,64.22667,23.71031,176021629.397501,0.0001808895282747813,0.03483227055118776,4.284953973630053e-05,0.03471327892145689,7.614208999457541e-05,0.18264169762812826,0.16864461586716548,0.013997081760962456,0.4105591738345542,1.2556135116444014e-05,4.6200178744186415e-05,0.0004426245143810867,1.968095345774401e-10,1.463183656711495e-10,5.049116890629063e-11,8.909453836606125e-10,8.595664565944997e-10,3.137892706611254e-11,0.0031322244629302266,0.90545359748684,5.458334438589138e-07,4.91994614187469e-10,2.487807382107882e-09,0.00017126212426405186,0.01493373089451272
21209,4200,150,150,64.22697,23.70788,176021629.397501,0.00018099795962669214,0.03483400894330479,4.285718787468277e-05,0.034715006478011415,7.614527741869957e-05,0.1827618454063651,0.1687641006498957,0.013997744756469073,0.41059784384148085,1.256457065029325e-05,4.62059881067944e-05,0.00044270333735464966,1.9681076945798503e-10,1.4633712772682038e-10,5.0473641731164643e-11,8.923385927739506e-10,8.608923128698002e-10,3.144627990415027e-11,0.003132404383664849,0.9054882247020483,5.471868751748556e-07,4.921478231134796e-10,2.4872992752900944e-09,0.000171285356353896,0.014935179786615876
21210,4200,150,150,64.21175,24.31366,160661571.063906,0.0001927463638331687,0.03823970469181392,4.661344094487084e-05,0.03810970519212061,8.338605874845397e-05,0.1945767383401642,0.17918371451442328,0.015393023825740555,0.45140182824785985,1.3279678496766932e-05,5.0641901274871776e-05,0.00048418275371422774,2.1568252685382759e-10,1.592392962595675e-10,5.644323059426016e-11,8.934765341280051e-10,8.630314917931024e-10,3.044504233490252e-11,0.0034285727859491096,1.0209187020033756,5.167674071533527e-07,5.344015452897673e-10,2.792662002725215e-09,0.00018818941528023076,0.0163101336175327
21211,4200,150,150,64.20664,24.30372,160661571.063906,0.0001930734582812049,0.03824442365805657,4.663644196623435e-05,0.03811439176891971,8.339544717064187e-05,0.19493671722344347,0.17954183944406443,0.015394877779378662,0.4515106080453114,1.3305190052519512e-05,5.065912791071153e-05,0.0004844177317127865,2.1568601292094048e-10,1.5929599785655115e-10,5.639001506438943e-11,8.976907090292594e-10,8.670419519046832e-10,3.064875712457607e-11,0.0034291073199481364,1.0210151741191227,5.208654890370903e-07,5.348532273051172e-10,2.791068814981766e-09,0.000188257578714819,0.01631447951410665
21212,4200,150,150,64.20966,24.32391,160661571.063906,0.00019316540375791767,0.0382464574582864,4.664300231003839e-05,0.03811641606426264,8.339839171372392e-05,0.19504121938936025,0.1796456237407452,0.015395595648614658,0.45155179029896386,1.3312273878441904e-05,5.0664371582614194e-05,0.00048448755485127834,2.1568731490071135e-10,1.5931179657443836e-10,5.6375518326273064e-11,8.988599272263433e-10,8.681546310101795e-10,3.070529621616348e-11,0.0034292686431583565,1.021053047826563,5.219968190648418e-07,5.349943229479235e-10,2.7907023778224567e-09,0.0001882793237500132,0.016315734592609606
21381,3450,117,126,65.67577,25.00345,149097644.364635,0.00015417111987008604,0.025962688710981115,3.509313084023577e-05,0.025861115966588365,6.647961355250946e-05,0.1570062192219457,0.14635466864346863,0.010651550578476728,0.3162153751271927,1.0687079781814765e-05,3.525910271517965e-05,0.00033859576946552994,1.531857451418624e-10,1.2058452651850527e-10,3.260121862335721e-11,9.193073894583957e-10,8.839335992331285e-10,3.53737902252672e-11,0.002354659425725685,0.8601475599010615,6.562698096259861e-07,3.798440017520864e-10,1.855589867000803e-09,0.00013188903659168538,0.011844810810659837
21382,3450,117,126,65.67353,25.02178,149097644.364635,0.00015468108410259895,0.025970976422929858,3.5129115847457585e-05,0.025869352654419035,6.649465266336231e-05,0.1575718110355093,0.14691711120396364,0.01065469983154533,0.31639892150968824,1.0726739173636391e-05,3.5286488238593164e-05,0.00033896707881232247,1.5319160385312096e-10,1.206727443336208e-10,3.251885951950028e-11,9.258573688321256e-10,8.901669256251177e-10,3.569044320700796e-11,0.002355507362513372,0.8603121165023738,6.626318786863952e-07,3.805667943246305e-10,1.853213061227517e-09,0.00013199870834946047,0.011851630396611315
21383,3450,117,126,65.6711,25.01276,149097644.364635,0.00015473634927751586,0.02597165716106222,3.5132986425253696e-05,0.02587002798607058,6.649618856638287e-05,0.15763208630265038,0.14697710565272865,0.010654980649921436,0.3164155530336319,1.0731063957227224e-05,3.528933267682205e-05,0.0003390061586477198,1.5319213977530992e-10,1.2068234758086324e-10,3.2509792194446764e-11,9.26571920876655e-10,8.908469390298834e-10,3.57249818467717e-11,0.0023555958523370233,0.8603266436425107,6.633276819047491e-07,3.806407810337182e-10,1.852930463834424e-09,0.00013200979916564573,0.011852359156033129
21384,3450,117,126,65.68333,25.01962,149097644.364635,0.00015379697635961576,0.025957194709638413,3.5066808462848106e-05,0.025855659068044577,6.6468833130981e-05,0.1565940103205627,0.1459446071410191,0.01064940317954329,0.31608950528184254,1.0657910556139372e-05,3.5239343594765317e-05,0.0003383264791086998,1.5318171381074514e-10,1.205196880479312e-10,3.266202576281401e-11,9.144891429198185e-10,8.793482710707054e-10,3.514087184911323e-11,0.0023540464985202475,0.8600357475007262,6.515850699946893e-07,3.793254271924668e-10,1.8574011391164867e-09,0.0001318107168374974,0.011839835249629005
21385,3450,117,126,65.68397,25.00942,149097644.364635,0.00015356038771154883,0.025953313213230716,3.505010897094281e-05,0.02585180126404239,6.64618402173783e-05,0.15633144301001364,0.1456835110386623,0.010647931971351006,0.31600380409188766,1.063951581984479e-05,3.522661783368868e-05,0.0003381540219243459,1.5317897912008108e-10,1.2047876822936966e-10,3.270021089071153e-11,9.114511937453811e-10,8.764571898393104e-10,3.499400390607066e-11,0.00235365254155708,0.859958848463499,6.486345700293619e-07,3.789893703361171e-10,1.858499606991526e-09,0.000131759703018451,0.01183666969702413
21386,3450,117,126,65.68146,25.02941,149097644.364635,0.00015413536168203023,0.0259626516329175,3.509068053375962e-05,0.025861082158390124,6.64787939936093e-05,0.15696910873672434,0.14631762766225498,0.01065148107446905,0.31621066180431445,1.0684231668851827e-05,3.5257491144994674e-05,0.0003385726344866405,1.5318558205246937e-10,1.2057823311270968e-10,3.260734893975978e-11,9.188362841599474e-10,8.834852547180915e-10,3.5351029441855965e-11,0.002354608481715791,0.8601442943566523,6.558078386099377e-07,3.798041879033526e-10,1.8558191406529753e-09,0.00013188333442521542,0.011844358362645776
21387,3450,117,126,65.68336,25.01962,149097644.364635,0.0001537943958644647,0.025957154616117743,3.506662662045555e-05,0.025855619231670242,6.646875782704008e-05,0.15659115697645506,0.1459417692198505,0.010649387756604279,0.31608860414943435,1.0657709645864061e-05,3.5239206065894e-05,0.00033832461005772486,1.5318168500419736e-10,1.2051924128780484e-10,3.266244371639259e-11,9.144559589690928e-10,8.793166913200879e-10,3.513926764900498e-11,0.00235404223667855,0.860034942853311,6.515528232023147e-07,3.7932180657982146e-10,1.8574133782810604e-09,0.00013181016861817595,0.011839800828709226
21388,3450,117,126,65.6711,25.01274,149097644.364635,0.00015473600912039293,0.025971651481953646,3.513296240223485e-05,0.025870022341081662,6.649617846974545e-05,0.1576317083333449,0.1469767298260483,0.01065497850729623,0.3164154283399464,1.0731037522223407e-05,3.528931432440079e-05,0.0003390059101711187,1.5319213579865763e-10,1.2068228876756722e-10,3.250984703109048e-11,9.265675551825907e-10,8.908427843954462e-10,3.5724770787144865e-11,0.002355595284381888,0.8603265315831519,6.633234426729032e-07,3.8064029589867964e-10,1.8529320318334684e-09,0.00013200972546038392,0.01185235460007861
21389,3450,117,126,65.6815,25.02941,149097644.364635,0.00015413193810108065,0.025962598449835776,3.509043928206188e-05,0.02586102931646281,6.647869409089989e-05,0.15696532320792858,0.14631386259263437,0.01065146061529393,0.31620946640234354,1.068396511704414e-05,3.525730868885127e-05,0.0003385701548402621,1.5318554383876125e-10,1.205776403875691e-10,3.260790345119226e-11,9.187922583151084e-10,8.834433571989976e-10,3.534890111611075e-11,0.002354602827617539,0.8601432269647908,6.557650560357017e-07,3.797993845746206e-10,1.855835379635916e-09,0.00013188260712957748,0.011844312696357488
21390,3450,117,126,65.67347,24.99004,149097644.364635,0.0001541527064442625,0.025962145597556163,3.509179883020226e-05,0.025860574833518408,6.647896520754792e-05,0.1569846549940109,0.14633328595422393,0.01065136903978667,0.31620509153786275,1.0685677926693001e-05,3.5257975535987106e-05,0.0003385810621944291,1.5318542256158842e-10,1.2058138947028705e-10,3.2604033091301454e-11,9.190761889474974e-10,8.837135823561886e-10,3.5362606591308904e-11,0.0023546249933542878,0.8601379098800841,6.560472057633672e-07,3.7981303230571763e-10,1.8556476204568008e-09,0.0001318841855725028,0.01184455303849911
21391,3450,117,126,65.67352,25.02187,149097644.364635,0.000154683529786221,0.025971016227984423,3.5129288432048646e-05,0.02586939221473909,6.649472481328101e-05,0.15757452377341627,0.1469198088223205,0.010654714951095478,0.3163998026433551,1.0726929364648412e-05,3.5286619607346964e-05,0.00033896885984962817,1.5319163197711054e-10,1.2067316739647259e-10,3.251846458063805e-11,9.258887799064083e-10,8.901968181571328e-10,3.569196174927574e-11,0.0023555114299653435,0.860312906577536,6.626623881439306e-07,3.805702618656143e-10,1.853201669333493e-09,0.0001319992345278508,0.011851663104729295
21392,3450,117,126,65.67576,25.00345,149097644.364635,0.00015417199404891017,0.02596270230137091,3.5093192442981876e-05,0.025861129469861636,6.64796390662921e-05,0.1570071858703385,0.14635563006485866,0.01065155580547952,0.3162156805205739,1.0687147841973453e-05,3.525914930963177e-05,0.00033859640267613894,1.5318575490419372e-10,1.2058467786313406e-10,3.2601077041059757e-11,9.193186308086752e-10,8.839442971465332e-10,3.537433366214206e-11,0.00235466086961167,0.8601478326105428,6.562807334402275e-07,3.79845228448038e-10,1.8555857217504783e-09,0.00013188922233842358,0.011844822471613295
21393,3450,117,126,65.68401,25.00942,149097644.364635,0.0001535569255637103,0.02595325940914204,3.504986499859211e-05,0.025851747804963642,6.646173917980105e-05,0.1563276147344035,0.14567970345879136,0.010647911275611852,0.31600259489535065,1.0639246268017508e-05,3.522643330974062e-05,0.00033815151422782256,1.5317894046592317e-10,1.2047816883147e-10,3.270077163445327e-11,9.114066724221862e-10,8.764148207951728e-10,3.499185162701335e-11,0.0023536468234224076,0.8599577687144369,6.485913061449697e-07,3.7898451246015927e-10,1.8585160263878263e-09,0.0001317589674497697,0.011836623515266067
22911,4500,140,128,61.60425,21.45331,262797329.890643,9.023082072429606e-05,0.017563959493346028,2.345465231992072e-05,0.01749284145676279,4.7663384263318153e-05,0.09023218609732515,0.08285101251804992,0.007381173579275085,0.20942145018556663,6.2037537338871175e-06,2.341998823299254e-05,0.00022293573377126972,1.0911024712751057e-10,8.34647671631844e-11,2.5645479964326264e-11,4.276599677077713e-10,4.133913039877658e-10,1.4268663720005685e-11,0.0016225123461829174,0.6143422685312544,2.521619513906492e-07,2.374604248357388e-10,1.3590121621508923e-09,8.794341744819813e-05,0.007850119842287553
22912,4500,140,128,61.63721,21.39482,174421370.257992,0.0001361984359460187,0.02662358235219804,3.540556755473846e-05,0.02651623593939439,7.194084524891675e-05,0.13669098171632912,0.1254802508587385,0.01121073085759037,0.31901413192238437,9.314025989044629e-06,3.560831571078265e-05,0.0003391939967759208,1.6451179035801173e-10,1.2567371534869302e-10,3.883807500931883e-11,6.35061936707865e-10,6.139518320809389e-10,2.1110104626926252e-11,0.002450764295252975,0.954864735681715,3.700060534332055e-07,3.61021701798408e-10,2.086723438999681e-09,0.00013423034770478905,0.011851709085552208
22913,4500,140,128,61.61037,21.51028,262797329.890643,9.192771211815804e-05,0.017694831015739355,2.3607054281079607e-05,0.017623431076832976,4.7792884625304486e-05,0.09241974519303192,0.08496972147691521,0.007450023716116546,0.21227808633318188,6.300961201575639e-06,2.3715619562972855e-05,0.00022623946534719414,1.0920562364602982e-10,8.367596520226488e-11,2.5529658443765026e-11,4.411751242772929e-10,4.262128295933012e-10,1.4962294683991786e-11,0.0016291380656611417,0.6342417524274694,2.646934964883265e-07,2.417762130800005e-10,1.377796006632653e-09,8.94179389401639e-05,0.00788656391634953
22914,4500,140,128,61.6312,21.38077,174421370.257992,0.0001367810180274093,0.026632512889362595,3.5446604726496884e-05,0.026525108490804392,7.195779383170945e-05,0.1373345958542861,0.1261204167458717,0.011214179108414149,0.31921575891710285,9.35939920106824e-06,3.563929601317307e-05,0.0003396153147707226,1.6451823867987277e-10,1.2577460152759837e-10,3.874363715227455e-11,6.425563006795654e-10,6.210839018390339e-10,2.147239884053167e-11,0.002451724569150668,0.9550445539917967,3.7728974092961487e-07,3.6183668512403515e-10,2.0839463400763643e-09,0.00013435367314013554,0.01185947434966902
22915,4500,140,128,61.61243,21.5086,262797329.890643,9.180890922337057e-05,0.017692978464653744,2.359868157867665e-05,0.017621590368243574,4.778941483149576e-05,0.09228834930832801,0.0848390375075015,0.007449311800826339,0.21223649892514213,6.291712361231004e-06,2.370928410132835e-05,0.0002261533807968303,1.0920429437945253e-10,8.365539822766089e-11,2.5548896151791724e-11,4.39647520589568e-10,4.247590744924505e-10,1.488844609711767e-11,0.0016289417508608224,0.6342046056424581,2.632090881720842e-07,2.416093907180501e-10,1.3783587126933646e-09,8.93926751237615e-05,0.007884978901958833
22916,4500,140,128,61.63589,21.38048,174421370.257992,0.00013686188803760802,0.026634070151044534,3.5452343793213616e-05,0.02652665752357249,7.19602836788328e-05,0.1374254254470282,0.12621067934461622,0.011214746102411783,0.3192485088677316,9.365658347587975e-06,3.564377667264831e-05,0.0003396754925882436,1.6451927839565168e-10,1.2578854300227346e-10,3.873073539337837e-11,6.435897122876758e-10,6.220673476474708e-10,2.152236464020528e-11,0.002451862836856349,0.9550743444629464,3.7829154849862726e-07,3.6195615942307364e-10,2.083597393380587e-09,0.00013437195275850769,0.011860567292359018
22917,4500,140,128,61.63671,21.40313,174421370.257992,0.00013578460573355857,0.026616962370023773,3.5376380256600745e-05,0.026509657303064572,7.192868670259722e-05,0.13623250404228993,0.12502429945193727,0.011208204590352443,0.31886676637738653,9.281829814658405e-06,3.558615246996583e-05,0.0003388932454424735,1.6450708407218046e-10,1.2560210673080696e-10,3.890497734137362e-11,6.297444110826121e-10,6.088913747595222e-10,2.0853036323090025e-11,0.0024500778533159207,0.954732802648398,3.648402318558319e-07,3.604372692627229e-10,2.0886643207712284e-09,0.00013414173544470755,0.01184618005436429
22918,4500,140,128,61.60828,21.51663,262797329.890643,9.218875940980919e-05,0.017699007203829203,2.3625465887802788e-05,0.017627581183502303,4.780055443909591e-05,0.09270895762949295,0.08525734025434836,0.0074516173751444335,0.21237104943808402,6.321270765670821e-06,2.372960044943591e-05,0.00022642918295428353,1.0920859252230531e-10,8.372113642113292e-11,2.548745610117249e-11,4.445294549947251e-10,4.2940499989924483e-10,1.5124455095480274e-11,0.0016295710824792656,0.6343249806387982,2.679521292476485e-07,2.4214488267247676e-10,1.376571712463858e-09,8.947383715935417e-05,0.00789005168382356
22919,4500,140,128,61.608,21.51223,262797329.890643,9.206921482187622e-05,0.017697040232693105,2.361702712706968e-05,0.017625626187004636,4.779701856139895e-05,0.09257625967532228,0.08512538726736348,0.007450872407958652,0.2123276603279026,6.311976895455067e-06,2.3723167078781772e-05,0.00022634201255299844,1.092072081250298e-10,8.370046139926176e-11,2.5506746725768163e-11,4.4299455037406787e-10,4.2794429952967425e-10,1.5050250844393657e-11,0.0016293719327562899,0.6342860379002436,2.6646145378863627e-07,2.419749642560506e-10,1.3771260940312444e-09,8.944803979741852e-05,0.007888451908867328
22920,4500,140,128,61.59818,21.51583,262797329.890643,9.257418976516639e-05,0.017704852913895584,2.365260726470804e-05,0.01763338856623697,4.7811740393906266e-05,0.09313447276226992,0.08568059148252506,0.007453881279744704,0.21250350462210094,6.351296960924646e-06,2.375006115995501e-05,0.00022670758862898817,1.0921283014379354e-10,8.37878940828133e-11,2.542493606098032e-11,4.49489011456175e-10,4.341248020307223e-10,1.5364209425452812e-11,0.0016302054097496004,0.6344429940365366,2.727727696809196e-07,2.426828160077637e-10,1.3747272027098015e-09,8.955519911855447e-05,0.007895186140156293
22921,4500,140,128,61.60239,21.5134,262797329.890643,9.232425790262343e-05,0.01770095833913333,2.363499353926946e-05,0.017629518903606128,4.780444198793343e-05,0.0928580611732372,0.08540567682654411,0.007452384346692928,0.21241605600466548,6.331839353966899e-06,2.3736734469073072e-05,0.00022652650263542577,1.092100349409594e-10,8.37446257218031e-11,2.5465409219156404e-11,4.4627525226088605e-10,4.3106640477041504e-10,1.520884749047114e-11,0.0016297924548130292,0.6343648879740613,2.696498625375003e-07,2.4233191769080554e-10,1.375911311512876e-09,8.95020602960401e-05,0.007891851791810643
22922,4500,140,128,61.61454,21.50685,262797329.890643,9.169044182336083e-05,0.01769113267952394,2.3590332726142316e-05,0.017619756391298848,4.77859554989518e-05,0.09215733166756605,0.0847087293448326,0.00744860232273328,0.21219505196353136,6.282489449623573e-06,2.3702967401365488e-05,0.00022606754752745332,1.0920296956533089e-10,8.363488902975569e-11,2.55680805355753e-11,4.381241974382803e-10,4.2330939295453553e-10,1.4814804483744947e-11,0.0016287460144543435,0.6341675870915517,2.617288270107949e-07,2.4144307010691994e-10,1.3789200062903754e-09,8.93674882580603e-05,0.007883398436168872
23174,3300,137,126,63.03587,22.00478,138758400.0,0.00015270966804322147,0.029879889978921194,3.784230644097139e-05,0.029770848211054867,7.119946142534512e-05,0.15325749074714642,0.1410555992594097,0.012201891487736424,0.35526683643199924,1.0482270892458739e-05,3.978202073128977e-05,0.0003788025680670685,1.7348949174662623e-10,1.29918117527999e-10,4.357137421862735e-11,7.215460699828897e-10,6.969449042493667e-10,2.4601165733523037e-11,0.002704301388923232,0.8981798373841969,4.2521498802599245e-07,4.118708110409958e-10,2.228760811626385e-09,0.0001480744148000081,0.013117462576657394
23175,3300,137,126,63.03313,21.99877,138758400.0,0.0001525464400639888,0.02987702562981826,3.783076008743594e-05,0.029768000313388956,7.119455634186572e-05,0.1530754663433153,0.14087464172455194,0.012200824618763028,0.3552049143293136,1.0469602976418374e-05,3.9773135168500606e-05,0.00037868259190262834,1.734875201412623e-10,1.2988992288793982e-10,4.3597597253322575e-11,7.1945417112557e-10,6.94954141995925e-10,2.450002912964507e-11,0.0027040266721518576,0.8981239482633818,4.231848073009576e-07,4.116352339058307e-10,2.2294972155551936e-09,0.0001480385380410011,0.013115269770895926
23176,3300,137,126,63.03016,21.99199,138758400.0,0.0001523813251898367,0.029874108673424056,3.781907764620316e-05,0.029765100009641634,7.118958613621615e-05,0.1528912464444644,0.14069150644999195,0.01219973999447213,0.3551419841199434,1.0456791030225563e-05,3.976413582843733e-05,0.0003785611248772954,1.734855168675119e-10,1.2986140617933687e-10,4.362411068817514e-11,7.173385140046839e-10,6.929407706314928e-10,2.439774337319133e-11,0.002703748474647376,0.8980671166111966,4.2113172660282173e-07,4.1139654409004204e-10,2.2302398884561953e-09,0.00014800217531514586,0.013113050694384542
23177,3300,137,126,63.02713,21.99183,138758400.0,0.00015250781228308034,0.029875958301468,3.782797544342347e-05,0.029766937098680408,7.119322734416587e-05,0.153030566115858,0.14083010229926968,0.012200463816588004,0.3551844211059944,1.0466653257172949e-05,3.9770811426735326e-05,0.0003786521229116781,1.7348687622205717e-10,1.2988332772043956e-10,4.360354850161772e-11,7.189675918695267e-10,6.944910976094866e-10,2.447649426004024e-11,0.0027039555665743127,0.8981047995293947,4.2271572710890745e-07,4.115717046341319e-10,2.2296266595736218e-09,0.00014802862469507556,0.0131147324217043
23178,3300,137,126,63.03295,21.98285,138758400.0,0.00015189207966789564,0.029866298969598536,3.778457356972013e-05,0.029757339176973246,7.11752190555637e-05,0.1523492951830777,0.1401525371950202,0.012196757988057189,0.35496801324401495,1.0418725449113998e-05,3.9737943085181254e-05,0.00037820565439708286,1.7347996051835388e-10,1.2977674449676238e-10,4.37032160215916e-11,7.110515740070083e-10,6.869577634721372e-10,2.409381053487115e-11,0.0027029371984514257,0.8979113941914778,4.1502401282868946e-07,4.107059394495989e-10,2.2325363917307378e-09,0.00014789747556407583,0.013106514856653059
23179,3300,137,126,63.04021,22.00136,138758400.0,0.00015244041129558691,0.029875782739952835,3.782334266994329e-05,0.0297667677603729,7.119163690998634e-05,0.15296012121138575,0.14075981779484753,0.012200303416537895,0.3551739525914762,1.0461297878319962e-05,3.976771380569057e-05,0.0003786079520979338,1.7348652069792405e-10,1.2987148612437853e-10,4.361503457354561e-11,7.180818977501045e-10,6.936481972678651e-10,2.4433700482239447e-11,0.0027038578882567373,0.8980970373712908,4.218480353510272e-07,4.114945482205023e-10,2.2300466580634736e-09,0.00014801749050146078,0.013113874599110401
23180,3300,137,126,63.04258,21.99535,138758400.0,0.0001521213694448185,0.029870723646814406,3.780084673614945e-05,0.029761740517532605,7.118228254564619e-05,0.1526068672354058,0.14040849904385996,0.012198368191545563,0.3550610095964922,1.0436470772043306e-05,3.97506523741963e-05,0.000378376325923139,1.734829126883844e-10,1.2981627073540154e-10,4.366664195298295e-11,7.139813894645756e-10,6.897459211148948e-10,2.423546834968104e-11,0.002703329374178833,0.8979960015735325,4.17864151958303e-07,4.1104487111146345e-10,2.23154810820964e-09,0.0001479493378649509,0.01310961410829501
23181,3300,137,126,63.04301,21.98296,138758400.0,0.00015156921600906263,0.029861719513907994,3.77618805730018e-05,0.02975279164737567,7.116598595931388e-05,0.1519943399904568,0.13979939015003162,0.012194949840424895,0.35486181698322633,1.0393534173456304e-05,3.972098378978349e-05,0.0003779741341311432,1.7347655527232366e-10,1.2972076077536614e-10,4.3755794496957634e-11,7.068902012183424e-10,6.829975509304798e-10,2.389265028786265e-11,0.0027024108061963537,0.8978173631847229,4.109766484692708e-07,4.102616672418965e-10,2.2341180039286326e-09,0.00014783048052171007,0.013102228883843757
23182,3300,137,126,63.04784,21.98999,138758400.0,0.0001517873538479332,0.02986560965239868,3.777731945820424e-05,0.02975665976495515,7.117256798532615e-05,0.15223788881185318,0.14004149590160872,0.01219639291024416,0.3549455025605475,1.0410455884171903e-05,3.973289375743518e-05,0.00037813480202609606,1.7347921845686956e-10,1.297584277736385e-10,4.372079068323119e-11,7.096844617519222e-10,6.856567162755707e-10,2.4027745476351573e-11,0.0027027789112092767,0.8978929995799634,4.1368796664113123e-07,4.1057773541447656e-10,2.23314103508778e-09,0.00014787865357292565,0.013105162292300132
23183,3300,137,126,63.05104,21.99564,138758400.0,0.00015200432577720528,0.029869365470268992,3.779266060732156e-05,0.029760393743861902,7.117906579976096e-05,0.15247960415290135,0.14028180746198157,0.012197796690919464,0.3550270387503199,1.0427301181521846e-05,3.9744675655869216e-05,0.00037829400584436524,1.7348181571500667e-10,1.2979591591397552e-10,4.368589980103126e-11,7.12466255467156e-10,6.883040205506563e-10,2.4162234916499818e-11,0.0027031432724335617,0.8979665053542385,4.163881047251569e-07,4.1088984646408647e-10,2.232156222009151e-09,0.00014792615432324263,0.01310807465205262
23184,3300,137,126,63.04682,22.00937,138758400.0,0.00015266514660752624,0.029879900159523447,3.783926319146478e-05,0.02977086243097959,7.119846535238758e-05,0.15321154952200092,0.14100972890000843,0.012201820621992182,0.35526181278776886,1.0478717829986172e-05,3.9780046182698306e-05,0.0003787740638399989,1.7348931434431684e-10,1.2991027064928157e-10,4.357904369503537e-11,7.209582861523589e-10,6.963855169071874e-10,2.457276924517168e-11,0.0027042388416923502,0.898176628363011,4.2463815841650194e-07,4.1182236555419423e-10,2.2290527580758234e-09,0.0001480675210869855,0.013116901912608274
23185,3300,137,126,63.03772,22.01509,138758400.0,0.00015310136732159214,0.029886427573685936,3.7869969263755784e-05,0.02977734651735125,7.121108707093138e-05,0.15369272213543783,0.1414883639290637,0.012204358206373788,0.35541039371420613,1.0512711700257725e-05,3.980315283854454e-05,0.00037908868410613147,1.734940700313392e-10,1.2998584288562764e-10,4.3508227145711695e-11,7.265733181903282e-10,7.017291100265437e-10,2.484420816378447e-11,0.0027049553713146836,0.8983088454935305,4.300966270262296e-07,4.124294152347002e-10,2.2269549876555325e-09,0.00014815928077113017,0.013122708773729
23340,3450,114,126,65.65181,25.13912,136268555.990442,0.00017132037998010682,0.02809095296994621,3.8347039327774257e-05,0.02798012582022564,7.248011039279354e-05,0.17489504066734674,0.16335955941457855,0.011535481252767849,0.3439187648524042,1.18880074591118e-05,3.83515299989843e-05,0.0003690358165560852,1.6576653591273754e-10,1.315531714546748e-10,3.4213364458062845e-11,1.0538382007286725e-09,1.0126879097663264e-09,4.1150290962345964e-11,0.0025474113841132745,0.9496656902758349,7.683381479925375e-07,4.161138722155777e-10,1.9931149608275906e-09,0.0001436509878054874,0.012892403003412033
23341,3450,114,126,65.64388,25.15914,136268555.990442,0.0001701154257847239,0.028071305072278053,3.8262004414885775e-05,0.02796059852049373,7.24445473694365e-05,0.17355834157795352,0.16203031966923084,0.01152802190872237,0.3434840953142599,1.1794307512414463e-05,3.828678573653322e-05,0.0003681581296943385,1.6575266299497218e-10,1.313447415140715e-10,3.4407921480900755e-11,1.0383631962580563e-09,9.979610324846599e-10,4.040216377339644e-11,0.0025454068361395804,0.9492758761937238,7.533076286961249e-07,4.1440473399539885e-10,1.9987233869722306e-09,0.0001433916136765018,0.012876286443414783
23342,3450,114,126,65.6404,25.14148,136268555.990442,0.00017034832940736585,0.028074684765168778,3.8278384641006344e-05,0.027963955139776998,7.245124075076557e-05,0.17381475201527713,0.16228540456709695,0.011529347448179827,0.34356184465898293,1.1812470281813617e-05,3.8299062879332194e-05,0.00036832554748232447,1.6575515413571205e-10,1.313851113158025e-10,3.4370042819909655e-11,1.0413634219156082e-09,1.0008162255956702e-09,4.054719631993796e-11,0.002545787751406002,0.949344866193094,7.562250460447665e-07,4.147267404076567e-10,1.997591233975364e-09,0.0001434402202756891,0.0128793818138149
23343,3450,114,126,65.64429,25.13143,136268555.990442,0.0001709473453082584,0.02808444851686681,3.832065733318405e-05,0.027973658941048477,7.246891848514792e-05,0.17447924432250972,0.16294618967459829,0.011533054647911165,0.34377787449283775,1.185905156928433e-05,3.8331246901699684e-05,0.0003687618497389827,1.6576204903342352e-10,1.314887283208794e-10,3.427332071254419e-11,1.0490565543591542e-09,1.0081374395676157e-09,4.0919114791538426e-11,0.002546784208568495,0.9495385963418408,7.636972405991681e-07,4.1557632497645166e-10,1.994802698313544e-09,0.00014356914855986444,0.01288739362163779
23344,3450,114,126,65.6408,25.16676,136268555.990442,0.00016965190944713885,0.028063744768285187,3.822929326847713e-05,0.027953084608837674,7.243086617903626e-05,0.17304413572022867,0.1615189838611533,0.01152515185907503,0.3433168550239351,1.1758263716885201e-05,3.826187893547904e-05,0.00036782049313571855,1.65747325403947e-10,1.312645640690735e-10,3.448276133487362e-11,1.0324103901169392e-09,9.92296010237222e-10,4.0114379879717314e-11,0.0025446357006389674,0.9491258902191797,7.475258217414911e-07,4.137472256899489e-10,2.00088055327162e-09,0.0001432918306252442,0.012870086691975959
23345,3450,114,126,65.63398,25.15325,136268555.990442,0.00016950060318879896,0.028060791853265602,3.8218550314274204e-05,0.027950147112205795,7.242619074553089e-05,0.1728740111581926,0.1613499310670315,0.011524080091160772,0.3432549911535223,1.1746557830045623e-05,3.825347340436206e-05,0.00036770769198846506,1.6574536221761638e-10,1.31238487612347e-10,3.450687460526948e-11,1.0304777510844475e-09,9.904568159983498e-10,4.0020935086097654e-11,0.002544376389345698,0.9490695550808753,7.456526052912807e-07,4.13522906341779e-10,2.0015289019978805e-09,0.00014325748617735235,0.012868039957545239
23346,3450,114,126,65.6447,25.17296,136268555.990442,0.00016979281075916409,0.02806629403524867,3.82392705699257e-05,0.02795561963121383,7.243513346491572e-05,0.17320162174037332,0.1616755276053404,0.011526094135032588,0.34337145737696223,1.1769189408586467e-05,3.826959263483204e-05,0.0003679244677229711,1.6574906225660847e-10,1.3128888700702158e-10,3.446017524958698e-11,1.0342144870259766e-09,9.940128828109727e-10,4.0201604215004044e-11,0.002544874041311721,0.9491753011830225,7.49276072569297e-07,4.1395211240253843e-10,2.0002537047131564e-09,0.00014332308037621187,0.012871983189664508
23347,3450,114,126,65.65353,25.11135,149097644.364635,0.0001566489967032713,0.025674813376133903,3.505237671087364e-05,0.025573515454087554,6.62455453354775e-05,0.15992279554292121,0.14937950543582482,0.010543290107096077,0.3143485771091673,1.0870561850305153e-05,3.505521964517011e-05,0.000337332013876792,1.515038898189801e-10,1.2024581768854137e-10,3.125807213043884e-11,9.640622551228521e-10,9.264091620046262e-10,3.765309311822577e-11,0.0023283328324178463,0.8679714408228233,7.031037068869342e-07,3.804045759582185e-10,1.821269909476766e-09,0.00013130487704671726,0.011784002867665445
23348,3450,114,126,65.65958,25.12766,136268555.990442,0.00017121937342988813,0.02808962375309794,3.833995378479264e-05,0.027978806532778455,7.247726653469166e-05,0.17478447894640378,0.16324953459297695,0.011534944353426526,0.3438870927447369,1.1880113689141365e-05,3.834628304651753e-05,0.00036896393798412487,1.6576551769741255e-10,1.3153563671001214e-10,3.422988098740047e-11,1.0525340837340236e-09,1.011446830900172e-09,4.1087252833851385e-11,0.0025472483230758293,0.9496378461182018,7.67068929540494e-07,4.159769499116089e-10,1.993621667280562e-09,0.00014363040667203256,0.012891067047928483
23349,3450,114,126,65.64788,25.14879,136268555.990442,0.00017073035402367064,0.028081327988131295,3.830540001747795e-05,0.027970559893503312,7.246269461050467e-05,0.1742404846036702,0.16270865707269783,0.011531827530972052,0.3437058607731641,1.1842126216295536e-05,3.831982458525843e-05,0.0003686060208680697,1.6575974095794157e-10,1.314511110549142e-10,3.4308629903027465e-11,1.0462606944741745e-09,1.0054767323310533e-09,4.078396214312096e-11,0.0025464297601707603,0.9494747495526814,7.609783214961777e-07,4.1527688301772584e-10,1.995860753094168e-09,0.00014352396609270592,0.012884511068437476
23350,3450,114,126,65.64906,25.12153,149097644.364635,0.00015684466040592545,0.025677845654952906,3.50661637029114e-05,0.02557652823941992,6.625125183007565e-05,0.16013911134825945,0.14959465397358285,0.010544457374676287,0.3144167880726878,1.0885796650563319e-05,3.506564323515613e-05,0.00033747369150890485,1.5150607050872882e-10,1.2027969440838684e-10,3.122637610034208e-11,9.66578567111955e-10,9.288038290098878e-10,3.777473810206706e-11,0.0023286558610287962,0.8680323342380237,7.055490174635289e-07,3.8067895029614705e-10,1.8203409909941505e-09,0.00013134641686630494,0.011786612434844934
23414,3000,141,117,64.31551,24.05525,101885183.793305,0.0001875954675524851,0.03622767563945526,4.615271393502752e-05,0.03609406387534325,8.745905017698651e-05,0.18921375840640672,0.1743672061994133,0.0148465522069931,0.43063584905323027,1.2936976157655621e-05,4.820593680444384e-05,0.00045989907076909224,2.1051532440627488e-10,1.5808940129652107e-10,5.242592310975396e-11,9.136856888780407e-10,8.820083796618388e-10,3.1677309216201914e-11,0.003282400238159988,1.0903861553014649,5.530972388701082e-07,5.031867706410841e-10,2.6872193318433404e-09,0.00017975956837668934,0.015885256835279818
23415,3000,141,117,64.32255,24.02464,101885183.793305,0.00018942820129711716,0.03625731405617794,4.6282018949304814e-05,0.03612351900198899,8.751303523964296e-05,0.19124572368216267,0.17638789424647985,0.014857829435682457,0.43129329248974463,1.3079524056059695e-05,4.830427316424231e-05,0.0004612327196056413,2.1053631308201215e-10,1.584064716437513e-10,5.2129841438261023e-11,9.372284983785817e-10,9.044130366506328e-10,3.281546172794898e-11,0.00328544530378287,1.0909753210893778,5.759658146439541e-07,5.057814534469165e-10,2.6786606098513544e-09,0.0001801531771851312,0.015909758465038736
23416,3000,141,117,64.32945,24.03901,101885183.793305,0.00018908152305659485,0.036252436116153176,4.6257657373785304e-05,0.03611867532070106,8.750313807832727e-05,0.19086477089018167,0.17600887204170396,0.014855898848477414,0.4311798523335659,1.3052469802894615e-05,4.8286085239663816e-05,0.00046098433183144167,2.1053267455690752e-10,1.583463507589764e-10,5.218632379793126e-11,9.327593263711608e-10,9.001599028308545e-10,3.259942354030655e-11,0.0032848806994642994,1.0908749518983176,5.71618768429342e-07,5.053051965132716e-10,2.6803634054030237e-09,0.00018008138414945044,0.01590515821567895
23417,3000,141,117,64.3247,24.04836,101885183.793305,0.00018837650873284743,0.03624084979524553,4.620789163646265e-05,0.036107159612372534,8.748229123652989e-05,0.19008224965065243,0.17523074038267808,0.014851509267974019,0.4309241733123014,1.2997657477260441e-05,4.824815231257464e-05,0.00046047031838398827,2.105245163985593e-10,1.5822441704806478e-10,5.230009935049469e-11,9.23706922846097e-10,8.915451331828077e-10,3.21617896632895e-11,0.0032837064311611636,1.0906454983263005,5.628271032131715e-07,5.043033800126953e-10,2.683634470211491e-09,0.0001799292949472718,0.015895724198498065
23418,3000,141,117,64.32214,24.05507,101885183.793305,0.0001879192991260757,0.03623338365629931,4.61756244003852e-05,0.03609973923946129,8.746879243763871e-05,0.1895749994577293,0.17472632360919016,0.014848675848538806,0.4307590780646765,1.2962105179022356e-05,4.8223579462768596e-05,0.0004601372293993721,2.1051924746980372e-10,1.5814533224155515e-10,5.2373915228248774e-11,9.178353014098654e-10,8.859573710574893e-10,3.1877930352376406e-11,0.0032829456517777054,1.0904974207682272,5.571242189536523e-07,5.036546441084599e-10,2.685761283940474e-09,0.00017983083777330696,0.015889608390935155
23419,3000,141,117,64.32012,24.04163,101885183.793305,0.0001884773814596877,0.03624204325225872,4.621494983002228e-05,0.03610834322897455,8.748507345414663e-05,0.1901920372550296,0.17534002906871782,0.01485200818631146,0.4309537944500364,1.3005557348882605e-05,4.825331628671557e-05,0.0004605413872425261,2.1052547225212785e-10,1.5824195507752353e-10,5.2283517174604444e-11,9.250122250559983e-10,8.92787343498635e-10,3.2224881557363415e-11,0.0032838671795401495,1.0906712679573276,5.640985486114163e-07,5.044374442116439e-10,2.6831130132045703e-09,0.00017994935919194617,0.015897052045555173
23420,3000,141,117,64.31743,24.02888,101885183.793305,0.0001889961687096319,0.03625002979993141,4.625149783299563e-05,0.03611627812133541,8.750018076300309e-05,0.19076533228600573,0.17591024400584035,0.014855088280165091,0.4311338513639644,1.304595783714318e-05,4.8280923389114356e-05,0.00046091675035193083,2.1053122991160742e-10,1.5833178714174064e-10,5.2199442769866934e-11,9.316851914879482e-10,8.991377230038969e-10,3.254746848405137e-11,0.0032847228309833883,1.090831911566342,5.705836562811841e-07,5.05163861832592e-10,2.6806439223282682e-09,0.00018005930404994447,0.01590396859061005
23421,3000,141,117,64.31551,24.03603,101885183.793305,0.0001885592905297485,0.036242944751964074,4.622067205191226e-05,0.03610923677647825,8.748730343390959e-05,0.1902808686484106,0.1754284741380998,0.014852394510310465,0.4309768335425381,1.3011980430531123e-05,4.825747110527304e-05,0.00046059873504632464,2.1052621763282871e-10,1.5825620940535307e-10,5.227000822747582e-11,9.260736052403108e-10,8.937974235550457e-10,3.227618168526519e-11,0.0032839966502996734,1.0906911651696676,5.651329390770083e-07,5.045449547013259e-10,2.682681808780747e-09,0.0001799654044643805,0.015898127065582152
23422,3000,141,117,64.31292,24.04821,101885183.793305,0.0001878431002099215,0.03623137787836989,4.617014464694229e-05,0.03609774151987474,8.746621384819839e-05,0.18948689412882402,0.1746389022899236,0.014847991838900102,0.43072014671383485,1.2956274109629688e-05,4.821905210083533e-05,0.00046007765639027545,2.105180226332481e-10,1.5813230258859365e-10,5.238572004465459e-11,9.168732860296697e-10,8.850418837575676e-10,3.183140227210225e-11,0.003282806945371507,1.0904611629149232,5.56195982468453e-07,5.035313145907976e-10,2.68602810352954e-09,0.00017981164648851145,0.015888553106688578
25051,3300,141,126,64.42603,24.8546,105855023.378994,0.00021105980449768176,0.04006429231963979,5.0783188133449715e-05,0.039919251723057055,9.425740844928153e-05,0.21321464973430726,0.19690534782300695,0.01630930191129987,0.4760308935099461,1.4601332923748348e-05,5.335753452138198e-05,0.0005100978796587758,2.3078711255069236e-10,1.7363234775292225e-10,5.715476479777022e-11,1.0618052289947521e-09,1.0241818088999334e-09,3.762342009481847e-11,0.0036207951996546257,1.159333444044376,6.627802775501115e-07,5.630000385999046e-10,2.9187961554311127e-09,0.00019858616727332927,0.01751766344500438
25052,3300,141,126,64.48512,24.80753,105855023.378994,0.00021156965015992082,0.04022310208878089,5.086615201290759e-05,0.0400778488336565,9.438710311147722e-05,0.21423117466792482,0.1978346251633145,0.016396549504609895,0.4794645737951989,1.45910457201411e-05,5.367819649581642e-05,0.0005134337599416455,2.3090261187032885e-10,1.736025577338662e-10,5.7300054136462794e-11,1.0564838889199224e-09,1.019060283580837e-09,3.742360533908509e-11,0.0036271156418880893,1.1918185539978934,6.5673561421666e-07,5.665119719080731e-10,2.954837161595561e-09,0.00020028900510143542,0.017544233949421204
25053,3300,141,126,64.48681,24.77495,105855023.378994,0.00021013994825358427,0.040199637939234735,5.076523610046742e-05,0.040054527861695985,9.434484143827137e-05,0.212644445092328,0.1962567883926401,0.01638765669968747,0.4789465579460271,1.4479887613132178e-05,5.360129017785079e-05,0.0005123915592111542,2.308860823840702e-10,1.7335528148658234e-10,5.753080089748798e-11,1.038125785243122e-09,1.0015896923142203e-09,3.653609292890144e-11,0.003624734835252784,1.1913537276574004,6.389060267092423e-07,5.644810187916067e-10,2.9614742300323677e-09,0.00019998069889965594,0.01752510416551169
25054,3300,141,126,64.42408,24.83592,105855023.378994,0.00021000714509279264,0.04004684412981625,5.0708862812586666e-05,0.03990190904923259,9.422621777106617e-05,0.2120455683932129,0.19574286191454587,0.016302706478666582,0.475646910139638,1.4519510810709946e-05,5.3300812414327416e-05,0.0005093296119413038,2.307748639085374e-10,1.734503175020941e-10,5.7324546406443417e-11,1.048292283692768e-09,1.011322144045853e-09,3.697013964691452e-11,0.003619039570180093,1.1589885862354807,6.496577456111505e-07,5.615012541865949e-10,2.9236630901769258e-09,0.00019835853932329676,0.01750357045056471
25055,3300,141,126,64.47713,24.8248,105855023.378994,0.00021194598261195535,0.04022881752277667,5.089265376367516e-05,0.040083526840656414,9.439802835656972e-05,0.21464668182380375,0.19824791970881375,0.016398762114989543,0.47959401801824086,1.4620362208364327e-05,5.369817861477621e-05,0.0005137056350859477,2.309067529749117e-10,1.7366773808661342e-10,5.723901488829841e-11,1.0613262097779235e-09,1.0236685172959491e-09,3.765769248197394e-11,0.00362773511678196,1.1919338989733066,6.614422408218722e-07,5.670373615735439e-10,2.9530370778799404e-09,0.00020036847471837404,0.01754924757397337
25056,3300,141,126,64.48663,24.79019,105855023.378994,0.00021084029033314756,0.04021117178154637,5.081467529024692e-05,0.040065991545634026,9.436556062210364e-05,0.21342189428227526,0.19702987033225727,0.01639202395001752,0.4792009069518087,1.4534333684791195e-05,5.3638985507642314e-05,0.000512902295806922,2.3089419754398595e-10,1.7347640231323454e-10,5.741779523075158e-11,1.047117668631526e-09,1.0101468669980941e-09,3.697080163343169e-11,0.0036259017017921252,1.1915820302070839,6.47638719172656e-07,5.654766816138452e-10,2.9582276404533296e-09,0.00020013186899362723,0.017534476811648398
25057,3300,141,126,64.48754,24.82118,105855023.378994,0.000212391045356347,0.040236771539679306,5.0924155729633e-05,0.040091435919044786,9.441146490488389e-05,0.2151436699405978,0.19874195881749057,0.016401711123106778,0.47976501563638313,1.4654885167652001e-05,5.372248797555642e-05,0.0005140335337677686,2.3091219438006382e-10,1.7374458602045404e-10,5.716760835960993e-11,1.0670269193722736e-09,1.0290936120397194e-09,3.793330733255397e-11,0.00362848642144384,1.1920884776285454,6.6697359802635e-07,5.67682570149039e-10,2.951045746516138e-09,0.00020046682358678192,0.01755523336083025
25058,3300,141,126,64.48531,24.83033,105855023.378994,0.00021270082756485824,0.04024174121311947,5.09460064532879e-05,0.04009637463409577,9.442057257040661e-05,0.21548694023583656,0.19908333408612425,0.016403606149711893,0.4798755414145207,1.467898461459596e-05,5.3739086801913464e-05,0.0005142587435101257,2.309157238142339e-10,1.7379818751649344e-10,5.71175362977406e-11,1.0710071693496086e-09,1.0328814420516352e-09,3.8125727297973324e-11,0.0036290004946045256,1.192187454061234,6.708401814286636e-07,5.681203429830311e-10,2.9495944808956543e-09,0.0002005332079881419,0.017559372913908754
25059,3300,141,126,64.49109,24.80411,105855023.378994,0.00021181168672949424,0.0402274285570641,5.088328370890053e-05,0.04008215086272766,9.439441062753475e-05,0.21450145366236245,0.19810330016949967,0.016398153492862323,0.47955757973165086,1.4609820086071261e-05,5.369141704476286e-05,0.0005136120843149442,2.3090557144223117e-10,1.7364434944517256e-10,5.7261221997058784e-11,1.059584062549809e-09,1.0220105716554191e-09,3.757349089438976e-11,0.0036275242342915927,1.1919026310656604,6.59743683202409e-07,5.668628702935689e-10,2.9537543244179686e-09,0.0002003424929223502,0.01754748921541601
25060,3300,141,126,64.48029,24.81957,105855023.378994,0.0002118632024821308,0.04022764906021175,5.088683618914435e-05,0.040082366560518404,9.43956635041931e-05,0.21455570023868178,0.19815740014113564,0.016398300097545695,0.47956687514918,1.4613902628150877e-05,5.36938335849935e-05,0.0005136463050897671,2.3090588247830364e-10,1.7365338310273662e-10,5.7252499375567144e-11,1.0602591375429732e-09,1.0226530270514595e-09,3.760611049151372e-11,0.0036276002421227146,1.1919098764092817,6.604043574054883e-07,5.669235665454052e-10,2.9534432465999873e-09,0.00020035131838177465,0.01754814894725737
25081,3300,137,126,64.52825,24.75574,105855023.378994,0.00020988804046970634,0.039512360133542,5.03202625156761e-05,0.039368332851810295,9.370701921602369e-05,0.2124940768769411,0.19637962916784207,0.016114447709098617,0.47217808634730907,1.446682472071785e-05,5.281369539807541e-05,0.000505015282658678,2.2762028542035604e-10,1.7192768311460056e-10,5.56926023057556e-11,1.0648985349468252e-09,1.02687924737915e-09,3.8019287567674975e-11,0.0035645404542461174,1.1889028786293974,6.715983123992202e-07,5.573524071311943e-10,2.9016989529185187e-09,0.00019706575137292778,0.017335864730663862
25082,3300,137,126,64.54042,24.70224,105855023.378994,0.00020958197148014565,0.039507515641033865,5.029868250163407e-05,0.03936351890947526,9.36980490569715e-05,0.21215522852427637,0.19604263487808277,0.01611259364619321,0.4720698690904228,1.4443006034371152e-05,5.2797332760332035e-05,0.0005047931222452054,2.2761682816643803e-10,1.718747111317327e-10,5.5742117034705416e-11,1.0609645680705815e-09,1.023135461238035e-09,3.782910683254635e-11,0.0035640335696447887,1.1888060862988783,6.67776162190486e-07,5.569211923107825e-10,2.903140374113131e-09,0.00019700040243130393,0.01733177790010331
25083,3300,137,126,64.54531,24.73659,105855023.378994,0.0002110877852599925,0.03953274115167672,5.040503945233645e-05,0.03938859333042183,9.374278180255092e-05,0.21382882869899275,0.19770672636305578,0.01612210233593654,0.47262314169409464,1.456001847272756e-05,5.287862389418699e-05,0.0005058935369197931,2.2763447084473447e-10,1.7213505006148874e-10,5.549942078324586e-11,1.0802888518474788e-09,1.0415255096108687e-09,3.8763342236610065e-11,0.0035665491358085706,1.1893034472210888,6.865399882711276e-07,5.590704974757948e-10,2.896208924692261e-09,0.00019732699328764276,0.01735195030975128
25084,3300,137,126,64.54455,24.69469,105855023.378994,0.00020987629989981826,0.039512465968177625,5.031947381919649e-05,0.03936843969326343,9.370680109498978e-05,0.21248244504161895,0.1963679873306906,0.016114457710927902,0.4721783080818302,1.4465875009136944e-05,5.281323322176969e-05,0.0005050083159186038,2.2762028560485296e-10,1.7192559343359012e-10,5.569469217126297e-11,1.064741290415595e-09,1.0267295968517724e-09,3.8011693563822495e-11,0.0035645255741073873,1.1889036009284983,6.714431902476564e-07,5.573416922409349e-10,2.9017878124555726e-09,0.00019706431036118342,0.017335721759396495
25085,3300,137,126,64.54167,24.74419,105855023.378994,0.00021091894649460292,0.03952985477346228,5.039310645031909e-05,0.03938572392589061,9.373774112133942e-05,0.21364090538986777,0.19751988533761716,0.016121020052250183,0.47256023697745253,1.4546905665208463e-05,5.2869476263587905e-05,0.0005057698442276738,2.2763246626781129e-10,1.7210587113658767e-10,5.552659513122378e-11,1.0781233846883685e-09,1.0394647338215902e-09,3.865865086677839e-11,0.0035662661718071018,1.1892467991925106,6.844377929318672e-07,5.588283493563923e-10,2.8969794380038416e-09,0.00019729016257212436,0.01734968574394097
25086,3300,137,126,64.55248,24.71863,105855023.378994,0.00021140033152580273,0.039538055922025334,5.0427125455381174e-05,0.03939387669594521,9.375210062473307e-05,0.21417657054892272,0.19805247262764655,0.016124097921275733,0.47273916278086003,1.4584295780542923e-05,5.289554146356257e-05,0.0005061223597387024,2.2763816871107178e-10,1.7218907030602518e-10,5.544909840504675e-11,1.0842980777435632e-09,1.0453409067882065e-09,3.89571709553567e-11,0.003567072501603224,1.1894078801674743,6.904322990484499e-07,5.595181841078821e-10,2.894779323815509e-09,0.00019739506894280177,0.0173561410246548
25087,3300,137,126,64.53645,24.71019,105855023.378994,0.00020933959060258527,0.03950342236785645,5.028155851854497e-05,0.039359449974819626,9.369083451827628e-05,0.21188568613003872,0.1957746321824525,0.01611105394758579,0.47198031935502727,1.4424175381280048e-05,5.2784229203991915e-05,0.0005046158204104961,2.2761397336585037e-10,1.7183281260574967e-10,5.578116076010083e-11,1.0578547810116855e-09,1.0201760181724651e-09,3.767876283922025e-11,0.003563628140998856,1.1887255292700276,6.64756832639157e-07,5.56574575894882e-10,2.9042522983816014e-09,0.00019694771308644734,0.017328529325086932
25088,3300,137,126,64.53723,24.74803,105855023.378994,0.00021056368368632154,0.03952383806956418,5.0368005171026276e-05,0.03937974290516269,9.372715923045856e-05,0.21324575124488207,0.19712699271949216,0.01611875852538949,0.4724287255547301,1.4519307290465312e-05,5.2850260396726795e-05,0.0005055098779459174,2.276282741369557e-10,1.7204446296088023e-10,5.558381117607563e-11,1.0735656755226256e-09,1.0351273695192453e-09,3.843830600338016e-11,0.0035656716587611523,1.1891284649163674,6.800127963443208e-07,5.583199645941607e-10,2.898607240293915e-09,0.00019721287217336453,0.017344923429269125
25089,3300,137,126,64.54853,24.72863,105855023.378994,0.0002112192765236598,0.03953498650144051,5.041433250585551e-05,0.03939082546256414,9.374670637051164e-05,0.2139751709950625,0.19785222648966402,0.016122944505398033,0.4726720934395381,1.4570231014530926e-05,5.288574659921664e-05,0.0005059898548947174,2.2763603084139155e-10,1.7215777505047078e-10,5.54782557909209e-11,1.0819753685171148e-09,1.0431304902511517e-09,3.884487826596322e-11,0.0035667694675762087,1.1893475257255275,6.88177247968719e-07,5.592590308612372e-10,2.8956085565081363e-09,0.00019735566763193771,0.01735371382781245
25090,3300,137,126,64.53312,24.75173,105855023.378994,0.0002102525139057206,0.03951855626806081,5.034601771870374e-05,0.03937449236476304,9.371788557906165e-05,0.21289958567256692,0.19678281128421904,0.016116774388347466,0.47231335879794684,1.4495135720639753e-05,5.283342275924014e-05,0.0005052821138706636,2.2762459691022112e-10,1.719906787347344e-10,5.563391817548683e-11,1.0695738987884847e-09,1.0313285776592094e-09,3.824532112927553e-11,0.003565150747535474,1.1890246373075255,6.761373487852114e-07,5.578744406263586e-10,2.9000316455601644e-09,0.00019714513126926022,0.01734075162300133
25091,3450,139,126,64.49841,24.81451,105855023.378994,0.00021470775253228544,0.04028750029109253,5.1619084972915784e-05,0.04013882483777443,9.705636834518122e-05,0.21760829235549006,0.20110600328777545,0.016502289067714226,0.48173117363962287,1.4811789117523266e-05,5.388890324332311e-05,0.0005157361558704683,2.337013743338776e-10,1.769912931190657e-10,5.6710081214812e-11,1.0942870788662168e-09,1.0551722321436855e-09,3.911484672253175e-11,0.003642766566076939,1.2377829423276159,6.929209964689581e-07,5.68710541616033e-10,2.970432636625615e-09,0.00020147830667268274,0.017679215176324203
25092,3450,139,126,64.49428,24.81904,105855023.378994,0.00021461962989977265,0.04028582450600997,5.161283404563828e-05,0.04013715800763364,9.705366433069327e-05,0.217509415937342,0.20100773883448894,0.016501677102852618,0.4816958034740347,1.4804966023250121e-05,5.388403273894796e-05,0.000515670693853053,2.3370025099737887e-10,1.7697609715603308e-10,5.6724153841345944e-11,1.0931605288774552e-09,1.0541001506649219e-09,3.906037821253397e-11,0.003642616228882341,1.2377508015704934,6.918287278279702e-07,5.68580774763092e-10,2.9708153102234193e-09,0.00020145846492105763,0.017678025215595142
26067,3000,144,131,63.20726,24.46816,95844801.6591284,0.00025391465660282544,0.04708171701454665,5.811890771174668e-05,0.04692239138686419,0.00010120671997072307,0.25720138327584724,0.2383299537112992,0.018871429564547498,0.5588025062703328,1.7636054715612326e-05,6.302030305947578e-05,0.00060502282439442,2.6102156263366306e-10,1.9478540648718005e-10,6.623615614648314e-11,1.3249976236022926e-09,1.2764753504881769e-09,4.852227311411547e-11,0.0042188944919530616,1.233371712236663,8.569841194796774e-07,6.77372250541554e-10,3.3139977386981896e-09,0.0002335663286979073,0.02034737524318794
26068,3000,144,131,63.21065,24.46187,95844801.6591284,0.0002540405867108013,0.047083937183233456,5.8127817088277085e-05,0.046924598857450275,0.00010121050869492894,0.2573418631695465,0.23846960764476569,0.01887225552478035,0.5588504339155227,1.764582671485862e-05,6.302716411594587e-05,0.0006051154408711031,2.610230884265257e-10,1.948071565601482e-10,6.621593186637769e-11,1.3266112954794985e-09,1.2780110062292428e-09,4.860028925025533e-11,0.004219106597075569,1.233414987653202,8.5855009919318e-07,6.775542042120798e-10,3.3134307929953647e-09,0.0002335940452949226,0.020349067477645227
26069,3000,144,131,63.21116,24.47857,95844801.6591284,0.0002546958719651015,0.047094907701532025,5.8174099540589925e-05,0.04693550362990739,0.0001012299720840708,0.25807013187329597,0.2391937403615455,0.018876391511749982,0.5590910986284392,1.7696747888007168e-05,6.306253569453847e-05,0.0006055942718835897,2.610307628651711e-10,1.9492044965900883e-10,6.61103132061624e-11,1.33502079692404e-09,1.2860139492441873e-09,4.9006847679852523e-11,0.004220201188938239,1.2336313198014914,8.667157572117945e-07,6.784893804622985e-10,3.3104136420353437e-09,0.00023373614278808752,0.020357845583745125
26070,3000,144,131,63.21601,24.48187,95844801.6591284,0.00025531528917686197,0.0471054285675878,5.8217868870678254e-05,0.046945962263457916,0.00010124843525922585,0.2587592441701457,0.2398789011083581,0.018880343061787062,0.5593208516317053,1.774486317182252e-05,6.309605673507643e-05,0.0006060476976041069,2.610380859107152e-10,1.950275116381103e-10,6.601057427260507e-11,1.3429667123560352e-09,1.2935757143799105e-09,4.939099797612451e-11,0.004221238226700289,1.2338381043458464,8.744300557823142e-07,6.793763814350119e-10,3.3075789991264244e-09,0.0002338710134996335,0.02036615034160935
26071,3000,144,131,63.2212,24.49232,95844801.6591284,0.00025623021825857964,0.04712089928239552,5.8282510384870396e-05,0.046961341095150794,0.00010127567685986032,0.25977679320168157,0.24089063269918798,0.018886160502493102,0.5596591740476805,1.781594190211008e-05,6.314553060579626e-05,0.0006067170735776718,2.6104887101570373e-10,1.9518566454265117e-10,6.586320647305277e-11,1.3547049788752215e-09,1.3047464888350364e-09,4.995849004018467e-11,0.004222768928278443,1.2341424856611782,8.858267215152238e-07,6.806851659452343e-10,3.3033840102480525e-09,0.00023406997462767663,0.020378413852277098
26072,3000,144,131,63.22701,24.48667,95844801.6591284,0.0002566316995019565,0.047127806869649,5.831089174626696e-05,0.04696820829578459,0.00010128768211817054,0.2602238619779235,0.24133511565684235,0.018888746321080653,0.5598094158274883,1.7847117364506298e-05,6.316730773934617e-05,0.0006070114371105335,2.610536577627046e-10,1.9525504030711524e-10,6.57986174555895e-11,1.3598532791861266e-09,1.3096458889780376e-09,5.02073902080891e-11,0.00422344247725435,1.2342778590961012,8.908242404883767e-07,6.812618497509924e-10,3.3015568814620422e-09,0.00023415771533779668,0.020383800842091557
26073,3000,144,131,63.2261,24.50337,95844801.6591284,0.0002571373301558956,0.04713622914307608,5.834659843741164e-05,0.04697657986267661,0.00010130268196208449,0.26078560764280095,0.2418936818159411,0.01889192582685933,0.5599944758113311,1.7886414405068367e-05,6.31945768500049e-05,0.0006073806841425317,2.6105956002391496e-10,1.9534246789957068e-10,6.571709212434443e-11,1.3663431417754987e-09,1.3158219994577826e-09,5.052114231771584e-11,0.004224286415807339,1.234444134465372,8.971262667017791e-07,6.819825949328315e-10,3.299223865455e-09,0.0002342672041390758,0.020390572172907625
26074,3000,144,131,63.23106,24.49664,95844801.6591284,0.0002574086928497684,0.047140934333569154,5.836578637644874e-05,0.04698125773514219,0.00010131081205053117,0.2610879532698022,0.24219426957482343,0.018893683694978312,0.5600965694270558,1.7907481528925366e-05,6.320931670737191e-05,0.000607579839260718,2.6106281194445996e-10,1.9538935205323915e-10,6.567345989122098e-11,1.3698221077626382e-09,1.319132770095069e-09,5.068933766756936e-11,0.004224742238490926,1.2345361862713724,9.005030491401394e-07,6.823731033356904e-10,3.297993082946377e-09,0.00023432664115021994,0.02039421497803816
26075,3000,144,131,63.23194,24.51136,95844801.6591284,0.00025802944776839013,0.047151341605130286,5.840963195937467e-05,0.04699160271694505,0.00010132925622588366,0.2617779153032409,0.24288030943842817,0.018897605864812275,0.5603247748667064,1.7955717569966998e-05,6.324283279953374e-05,0.0006080335173742958,2.610700887373824e-10,1.9549667222072895e-10,6.557341651665363e-11,1.377788146769591e-09,1.3267136895281164e-09,5.1074457241474324e-11,0.004225779382992664,1.234741344525631,9.082379837867577e-07,6.832592969181729e-10,3.295136629749614e-09,0.00023446130504510245,0.02040253122302537
26112,3000,120,117,67.34931,26.24235,126144000.0,0.0001660648164845073,0.027185056770033803,3.673925016973452e-05,0.02707948300531635,6.883451454772733e-05,0.1705797051664678,0.1594191759918208,0.011160529174646681,0.3326975550403233,1.154599306907205e-05,3.709659083675922e-05,0.000357895225248015,1.579638745116335e-10,1.2482209906672294e-10,3.3141775444910704e-11,1.0260287769563161e-09,9.857514840774683e-10,4.02772928788472e-11,0.002455104386875587,0.9051352028060832,7.499038068325245e-07,4.068010762026339e-10,1.9199220616072303e-09,0.0001392875948031519,0.012341912342112963
26113,3000,120,117,67.33718,26.24587,126144000.0,0.00016713306043451582,0.02720167558965222,3.6814530072702966e-05,0.027095995362339552,6.886569723996945e-05,0.17176100006880085,0.16059408034047884,0.011166919728321694,0.33307091581973597,1.162916097339743e-05,3.7153535589959395e-05,0.0003586690675506842,1.579758092439787e-10,1.250070395010731e-10,3.2968769742905724e-11,1.0397654260102237e-09,9.988240665528044e-10,4.0941359457418696e-11,0.0024568689897216476,0.9054686263923877,7.63252343065935e-07,4.083003228315221e-10,1.9148578903137914e-09,0.00013951461843720743,0.012356162532316082
26114,3000,120,117,67.35387,26.22729,126144000.0,0.00016536531841548777,0.027173875736710436,3.668991599002903e-05,0.027068371854015696,6.8813966704714e-05,0.16980478032008753,0.1586485188703376,0.011156261449749573,0.3324485937343226,1.1491570728860389e-05,3.7059133221409645e-05,0.0003573869112254928,1.579559234447492e-10,1.2470105714214223e-10,3.325486630260708e-11,1.017040362408509e-09,9.771976015689686e-10,3.984276083954003e-11,0.002453944229334656,0.9049123289731619,7.411717530492191e-07,4.0581338318437847e-10,1.923203743564229e-09,0.0001391378452374084,0.012332567022439988
26115,3000,120,117,67.36205,26.19299,126144000.0,0.00016396001927331327,0.02715132410522537,3.659079118731715e-05,0.02704596066652931,6.877264750874997e-05,0.16824753197124917,0.15709986912930257,0.011147662841946298,0.3319470962092882,1.138224663833086e-05,3.698383007840745e-05,0.0003563652293250637,1.5793990922622306e-10,1.2445790018947911e-10,3.3482009036744087e-11,9.989844717133945e-10,9.600145994199906e-10,3.8969872293403645e-11,0.0024516120707062227,0.9044632224870072,7.236315537068934e-07,4.0382732315690797e-10,1.9297864561677146e-09,0.00013883667222547977,0.012313787973579174
26116,3000,120,117,67.35355,26.20203,126144000.0,0.0001648541361659783,0.027165377901444264,3.665381952240257e-05,0.027059925272448916,6.879880947295225e-05,0.16923694615083287,0.15808389441288928,0.01115305173794325,0.3322617554164125,1.1451840134674961e-05,3.703157430298017e-05,0.0003570137001973202,1.5794996407931058e-10,1.2461266628787883e-10,3.3337297791431884e-11,1.0104788764362207e-09,9.709533298879635e-10,3.9525546548256834e-11,0.002453091289316085,0.904744485129334,7.348000401779281e-07,4.050850623513329e-10,1.925564321303192e-09,0.00013902721608980456,0.01232572214539978
26117,3000,120,117,67.36557,26.23252,126144000.0,0.00016453359915609365,0.02716113116478194,3.6631330233561886e-05,0.02705571006219018,6.878977235820004e-05,0.16888595271065016,0.15773461272837108,0.011151339982278739,0.3321608180307685,1.142679335429538e-05,3.701490727174966e-05,0.0003567854464311542,1.5794671984105252e-10,1.24557026691205e-10,3.3389693149847675e-11,1.0063409760456299e-09,9.670154471932569e-10,3.9325528852372545e-11,0.0024525733799529736,0.9046556893650075,7.30773099994362e-07,4.0464997872811567e-10,1.9271690304429487e-09,0.00013896179897952658,0.012321481235846173
26118,3000,120,117,67.343,26.25377,126144000.0,0.00016682774404071061,0.027197134164076518,3.679304214965192e-05,0.027091484247042448,6.885687488442162e-05,0.17142434864616682,0.1602591974416161,0.01116515120455042,0.33296732986493405,1.1605364872982395e-05,3.713737837843891e-05,0.00035844900584721805,1.579724930606132e-10,1.2495414015588796e-10,3.30183529047254e-11,1.0358348029034263e-09,9.950834548384912e-10,4.075134806493461e-11,0.002456367907073028,0.9053764994751918,7.594310986535954e-07,4.0787598430139137e-10,1.9163292761246363e-09,0.00013945049403919427,0.012352099523129207
26119,3000,120,117,67.36074,26.21055,126144000.0,0.00016444181046463448,0.027159189027452537,3.662479289848307e-05,0.027053777363627473,6.878687092658904e-05,0.16878204183545087,0.15763139396826997,0.011150647867180556,0.33212102828313605,1.1419710708232007e-05,3.700972258031961e-05,0.0003567162126101581,1.579454602385726e-10,1.2454123746068845e-10,3.34042227778843e-11,1.0051718343037858e-09,9.659028384902274e-10,3.92689958135581e-11,0.002452413711776822,0.9046192213643535,7.296411266040438e-07,4.0451088542103746e-10,1.9275449930827407e-09,0.00013894041328100644,0.01232023246930253
26120,3000,120,117,67.3594,26.23776,126144000.0,0.00016514677385920132,0.0271707424004421,3.667455073650758e-05,0.027065260147311535,6.880770239406254e-05,0.16956435614315826,0.15840932794372833,0.011155028199429639,0.3323762074037834,1.1474523042701548e-05,3.704763454846136e-05,0.000357230017710455,1.5795360318673628e-10,1.2466316871761238e-10,3.3290434469124034e-11,1.0142242819656407e-09,9.745176509907195e-10,3.9706630974921116e-11,0.0024535873928269243,0.9048481700698624,7.384330933486344e-07,4.0551198811867924e-10,1.9242704689299606e-09,0.0001390923741656519,0.012329664286069483
26121,3300,140,126,64.24626,24.2492,115599545.988177,0.0001839150613338063,0.036590520446019584,4.581572508895585e-05,0.036458642290366244,8.606243056438e-05,0.18548507928453054,0.17054427880148118,0.014940800483048973,0.4357685029617519,1.2568467879194344e-05,4.863181892394765e-05,0.0004632180768599019,2.1064036808091467e-10,1.5687854342036003e-10,5.3761824660554755e-11,8.407246496559683e-10,8.124995399837534e-10,2.8225109672214994e-11,0.0032946265038884892,1.1091386469255455,4.794710560595482e-07,5.046202025454672e-10,2.7604028297725556e-09,0.0001816168444060823,0.01590353125840974
26122,3300,140,126,64.2152,24.33828,115599545.988177,0.0001887099611083388,0.036604712600998665,4.613416249538055e-05,0.036472423177408494,8.615526109478549e-05,0.1906121661659164,0.17567738546721284,0.014934780698703116,0.4361176167933409,1.296252267372811e-05,4.876502126285326e-05,0.0004654528841325704,2.106490094126595e-10,1.5775800802620368e-10,5.289100138645597e-11,9.073406341689536e-10,8.759193825670444e-10,3.142125160190924e-11,0.003300280338700525,1.0969851957265888,5.445466316410678e-07,5.10235316680646e-10,2.7217778290158583e-09,0.00018197290487971543,0.015959281870746904
26141,2700,119,115,64.80895,24.89225,170754464.779155,0.00010162392285834572,0.018655157108340804,2.4357881836135364e-05,0.018584658311047608,4.614091545706037e-05,0.10266730046837926,0.09504921598004344,0.007618084488335677,0.2254154980166174,6.960749174367057e-06,2.5071049727466066e-05,0.00023876564839878664,1.0852912063893444e-10,8.312155763746786e-11,2.5407563001466667e-11,5.353223461110415e-10,5.158949834439203e-10,1.9427362667121303e-11,0.0016825623937146614,0.6012583548183705,3.4861409991166637e-07,2.62502838218168e-10,1.3808459837849737e-09,9.347087665466017e-05,0.008408597832499101
26142,2700,119,115,64.7964,24.90743,170754464.779155,0.00010069299892451458,0.018639802841430513,2.429216211751537e-05,0.018569397314594564,4.611336471843323e-05,0.10163377480480615,0.09402150184564143,0.0076122729591645965,0.2250770618333615,6.888380025301993e-06,2.5020930470517388e-05,0.00023808663334327866,1.0851832315613737e-10,8.296056332928459e-11,2.5557759826852864e-11,5.233704593192326e-10,5.045209060465577e-10,1.8849553272675176e-11,0.001681010986085728,0.6009545357577721,3.3700691140524893e-07,2.6117890214261594e-10,1.3851588388991744e-09,9.326985100591102e-05,0.00839613823186518
26143,2700,119,115,64.78722,24.90059,170754464.779155,0.00010028309539939078,0.018632806112491813,2.4263192846441267e-05,0.01856244178794713,4.610113169824381e-05,0.10117758861080976,0.09356794020519336,0.007609648405616258,0.22492450436050027,6.85654367165818e-06,2.499872813557376e-05,0.000237786391989667,1.0851346138412464e-10,8.288972116330957e-11,2.562374022081516e-11,5.181129455498302e-10,4.995175710111892e-10,1.859537453864117e-11,0.0016803241799287184,0.6008171704523919,3.3190292777615845e-07,2.605912346043099e-10,1.3870307153067267e-09,9.318047343328419e-05,0.008390640871508115
26144,2700,119,115,64.78172,24.92123,170754464.779155,9.966259862230874e-05,0.01862275691662485,2.4219412914702945e-05,0.018552454655737242,4.608284797290583e-05,0.10048957040966212,0.09288374415339652,0.007605826256265476,0.2247016974669582,6.808283972078784e-06,2.4965426686414143e-05,0.00023733478872265412,1.0850634868680454e-10,8.278237562310009e-11,2.5723973063704522e-11,5.10142529003094e-10,4.919324763084179e-10,1.821005269467621e-11,0.0016792930016599763,0.6006174767369029,3.2416089144691673e-07,2.5971247584837416e-10,1.3899266934053093e-09,9.304715810510422e-05,0.00838234481785164
26145,2700,119,115,64.788,24.92715,170754464.779155,9.993505754856883e-05,0.018627424507988592,2.4238670780022938e-05,0.018557094850751743,4.60909864568255e-05,0.10079287229238514,0.09318529681099481,0.007607575481390191,0.22480335482229644,6.829443197151543e-06,2.498019397192114e-05,0.00023753444654626282,1.0850958796983752e-10,8.28294603778831e-11,2.568012759195449e-11,5.136367796704236e-10,4.95257794166917e-10,1.8378985503506737e-11,0.0016797497800426862,0.600709039622471,3.275529663108071e-07,2.601034310484468e-10,1.3886844239974916e-09,9.310662838890356e-05,0.008385999661314592
26146,2700,119,115,64.80448,24.89886,170754464.779155,0.0001012752160940893,0.018649421053725,2.4333266513737168e-05,0.018578957185110507,4.613060210075856e-05,0.10228023298806226,0.09466432111599647,0.007615911872065638,0.22528895653133804,6.933639140021485e-06,2.5052284706613364e-05,0.00023851138394862442,1.0852508310030538e-10,8.306124912757291e-11,2.5463833972732545e-11,5.308450578760762e-10,5.116341475892106e-10,1.921091028686566e-11,0.001681981505769002,0.6011447835456469,3.4426581506436334e-07,2.6200722340568614e-10,1.3824632676411895e-09,9.33956323439037e-05,0.008403931425127116
26147,2700,119,115,64.79191,24.91647,170754464.779155,0.00010030843883840342,0.01863350664678801,2.426501986928923e-05,0.0185631396231583,4.610200376042357e-05,0.10120704861241077,0.09359716341253692,0.007609885199873707,0.22493795383607476,6.858478930514723e-06,2.500025287912272e-05,0.00023780638392272545,1.0851388397696033e-10,8.289404815751731e-11,2.5619835819443113e-11,5.18432181270431e-10,4.998213659285343e-10,1.8610815341896872e-11,0.0016803708360194855,0.6008297378741966,3.322106804895203e-07,2.606329210853821e-10,1.3869458186486254e-09,9.318697849155639e-05,0.008390993435492818
26148,2700,119,115,64.7845,24.90936,170754464.779155,9.999700336275205e-05,0.018628160271938785,2.424300559161292e-05,0.018557824570097307,4.609269624986893e-05,0.10086030613391095,0.09325242347096016,0.0076078826629506395,0.22482158805734898,6.834294144456531e-06,2.4983366786582848e-05,0.00023757810511077022,1.0851017626212704e-10,8.284022989297988e-11,2.5669946369147234e-11,5.144383018587919e-10,4.960205746365233e-10,1.8417727222268897e-11,0.0016798485402232484,0.600724908263894,3.2833367580053933e-07,2.601858169037938e-10,1.3883645274681865e-09,9.311896027924577e-05,0.008386815225965516
26149,2700,119,115,64.77575,24.9125,170754464.779155,9.946874940310712e-05,0.01861934682368894,2.4205699362844793e-05,0.018549064105247325,4.607701907876566e-05,0.1002733592606376,0.09266880235150803,0.0076045569091294386,0.2246280329979167,6.793240618339843e-06,2.4954869445355313e-05,0.00023719226049491465,1.0850400338857486e-10,8.274889338717743e-11,2.5755110001397504e-11,5.07658376696003e-10,4.895684250246413e-10,1.808995167136195e-11,0.0016789666171805955,0.600550975230834,3.2175009785704256e-07,2.5943253716856215e-10,1.3908002787361284e-09,9.300452025382431e-05,0.00837974024891882
26252,4500,146,149,62.93096,21.18238,255344095.893562,0.0001369574630245637,0.024016932153281247,3.0688341154406484e-05,0.023931418863825535,5.482494830130741e-05,0.13978179123603174,0.13001327015917463,0.009768521076856869,0.28837538927853235,9.53699784351703e-06,3.2539567916736046e-05,0.00031455182319299163,1.3680170480692628e-10,1.0463820999059027e-10,3.216349481633605e-11,7.688525991429518e-10,7.396879459874021e-10,2.9164653155549767e-11,0.0021667398200855563,0.7039952197542902,5.287571617982598e-07,3.538156753058445e-10,1.699323351219488e-09,0.0001217805705951061,0.010452483519451907
26253,4500,146,149,62.93185,21.18355,255344095.893562,0.00013695360658219998,0.024016922953064523,3.0688076196989834e-05,0.02393141001920031,5.4824857667230065e-05,0.13977776458853014,0.13000925245422462,0.009768512134305326,0.2883748029733382,9.536691323576938e-06,3.253939116129099e-05,0.0003145493004020964,1.3680168484976156e-10,1.0463753228983402e-10,3.216415255992758e-11,7.688019045423619e-10,7.396397007585377e-10,2.916220378382414e-11,0.002166734244501075,0.7039947884775721,5.28707490952126e-07,3.5381127756802604e-10,1.6993474792500488e-09,0.00012177993662331592,0.010452434477884824
26254,4500,146,149,62.93287,21.1852,255344095.893562,0.0001369404145275425,0.024016773109228205,3.068715396791005e-05,0.023931261458756205,5.482449650408745e-05,0.13976343585970422,0.12999498723922803,0.009768448620475994,0.2883710226320695,9.53565741406531e-06,3.2538719358712605e-05,0.00031454003932133187,1.368015626831707e-10,1.0463523744642261e-10,3.216632523674815e-11,7.686310626060645e-10,7.39477116318187e-10,2.915394628787749e-11,0.002166713319520847,0.7039915131654692,5.28541030458151e-07,3.537938693169785e-10,1.6994163926254836e-09,0.00012177733542151398,0.010452261118060222
26255,4500,146,149,62.93422,21.1853,255344095.893562,0.00013698481374809212,0.024017557757397702,3.069029540213705e-05,0.023932041628886663,5.482583310890876e-05,0.1398129737207262,0.1300442333675712,0.00976874035315477,0.28838794872260953,9.539102498475537e-06,3.254113943179959e-05,0.00031457270318143707,1.3680210148964152e-10,1.0464290550443786e-10,3.215919598520369e-11,7.691999545176198e-10,7.4001850398308e-10,2.918145053453974e-11,0.0021667881309506724,0.7040067994203872,5.290930935418058e-07,3.53858058388743e-10,1.6992167210503305e-09,0.00012178711435013459,0.010452857838780813
26256,3000,147,131,61.87473,22.78367,96100668.5344302,0.00028131278922700697,0.047854536107661765,6.03041316477375e-05,0.04769197648284216,0.0001022554931718892,0.2867503112404197,0.2675599411434323,0.0191903700969869,0.5708613104774756,1.978735059467454e-05,6.495595117236612e-05,0.0006293795838884906,2.634863090899526e-10,2.0039249121513757e-10,6.309381787481518e-11,1.658912892675084e-09,1.594379545945745e-09,6.453334672933849e-11,0.00430508980336102,1.238705919067728,1.1778467906745403e-06,7.180474083810094e-10,3.2094026454445585e-09,0.00024092225927762316,0.020826654630397658
26257,3000,147,131,61.87032,22.77062,96100668.5344302,0.00028034957795508537,0.047838305417046215,6.023608646825728e-05,0.04767584249221252,0.00010222683836545686,0.28567932895365694,0.26649506759538716,0.01918426135826929,0.570505980424101,1.9712513957652394e-05,6.490389851140114e-05,0.0006286751848565095,2.634749805358307e-10,2.0022598117467929e-10,6.324899936115158e-11,1.6465539531896242e-09,1.5826181037592522e-09,6.393584943037172e-11,0.004303479207395243,1.2383863332957548,1.1658470594859289e-06,7.166706846975549e-10,3.2138255055692926e-09,0.0002407130048872364,0.020813746625337633
26258,3000,147,131,61.87958,22.77698,94733341.315975,0.00028524402185056984,0.04854350522468574,6.116546757713779e-05,0.04837861201659824,0.00010372774051040299,0.29074763996067454,0.271280983488513,0.019466656472161007,0.5790597628529429,2.006286714562258e-05,6.588676212591358e-05,0.0006383716377787734,2.672880025217716e-10,2.0326244231729935e-10,6.40255602044724e-11,1.6811909812072005e-09,1.6158067149036227e-09,6.538426630357745e-11,0.0043670180614340534,1.2565485447725695,1.1932263195921655e-06,7.282355753287831e-10,3.2563685489883345e-09,0.0002443731567591702,0.021125545738961752
26259,3000,147,131,61.881,22.76324,94733341.315975,0.00028453727861474766,0.04853196748750603,6.111559011993289e-05,0.04836714502158621,0.00010370687579991324,0.2899635603824343,0.2705012828398757,0.019462277542558127,0.5788046112227934,2.0007910887713395e-05,6.584877986124472e-05,0.0006378567743600722,2.6727985941559677e-10,2.031401943507491e-10,6.413966506484779e-11,1.6721147045442765e-09,1.6071692242157235e-09,6.494548032855289e-11,0.0043658421182008866,1.2563196993546406,1.1844108486284845e-06,7.272328401211998e-10,3.259656497017015e-09,0.0002442209759282467,0.021116092228784585
26260,3000,147,131,61.87582,22.7641,94733341.315975,0.0002843081377209401,0.0485277737365401,6.109935808932804e-05,0.04836297446306068,0.00010369991539011282,0.28970722375047525,0.2702464919364167,0.01946073181405802,0.5787150943958254,1.9990148903520316e-05,6.58362082148243e-05,0.000637687429635099,2.67277013000362e-10,2.0310064864875449e-10,6.417636435160763e-11,1.6691818337693726e-09,1.6043781529194767e-09,6.480368084989598e-11,0.004365453765369667,1.2562386147736309,1.1815659017161625e-06,7.268986840203065e-10,3.2606703854173933e-09,0.0002441699805911516,0.021113005776951698
26261,3000,147,131,61.87521,22.75191,94733341.315975,0.0002835792193096751,0.048515708250511866,6.104789343304594e-05,0.048350982032641064,0.00010367832443776327,0.2888977661691609,0.26944159677688534,0.01945616939227505,0.5784494521739795,1.993348878907662e-05,6.579694016476026e-05,0.0006371555278750885,2.672685389288418e-10,2.0297459775744852e-10,6.429394117139345e-11,1.6598243776619684e-09,1.5954730805855785e-09,6.435129707638985e-11,0.0043642383319057055,1.2560000687541077,1.1724786657563197e-06,7.258611757947804e-10,3.264042423639881e-09,0.00024401241926844206,0.02110324780851474
26262,3000,147,131,61.87153,22.74204,96100668.5344302,0.0002787952620804607,0.0478127810691215,6.0126372627109995e-05,0.04765047380986103,0.00010218088663337178,0.2839542282864987,0.2647796390214999,0.01917458926499826,0.5699425883426957,1.9591669079839516e-05,6.482028044127555e-05,0.0006275420648560897,2.634570034762684e-10,1.9995715510780898e-10,6.349984836845958e-11,1.6265960694788475e-09,1.5636250733411532e-09,6.297099613769429e-11,0.004300890652347975,1.2378807635492521,1.1464638696045247e-06,7.144624115571327e-10,3.2210393347932804e-09,0.00024037777149846958,0.020792948762450025
26263,3000,147,131,61.87643,22.73646,94733341.315975,0.00028276549389125963,0.04850239142940371,6.099046148490164e-05,0.048337746680624835,0.00010365428729399835,0.2879948451527753,0.2685437266045605,0.019451118548214286,0.578155188942929,1.9870217637129826e-05,6.57531899096577e-05,0.000636562554091318,2.672591483395174e-10,2.0283385113731262e-10,6.442529720220494e-11,1.6493749016113062e-09,1.5855287776943097e-09,6.384612391699636e-11,0.004362883872343659,1.2557360868383045,1.1623297164860725e-06,7.247060023368001e-10,3.267824330578175e-09,0.0002438370832636687,0.02109236174667326
26264,3000,147,131,61.88132,22.73415,94733341.315975,0.000282906119123618,0.04850509970725037,6.1000441221082896e-05,0.048340440648978265,0.00010365861705105228,0.2881527907806227,0.26870068618705123,0.019452104593570926,0.5782121432053198,1.9881101652725115e-05,6.576098154665307e-05,0.0006366671994321543,2.6726095646467577e-10,2.028580939627566e-10,6.440286250191936e-11,1.6511718982325909e-09,1.5872388889138265e-09,6.393300931876373e-11,0.0043631243121429585,1.2557878949226535,1.1640717541105882e-06,7.249137637029353e-10,3.267217585657101e-09,0.00024386887104890683,0.021094262286217094
26293,3000,143,131,61.92616,22.31911,89549230.2647712,0.0002724545802292003,0.04990947258671532,6.206231688161976e-05,0.04973942126296694,0.00010798900686677913,0.27496827676675223,0.2549572073491746,0.020011069417577073,0.5914179927862031,1.898638212664556e-05,6.6946514800819e-05,0.0006428601536104916,2.781851816784656e-10,2.0826942321191654e-10,6.991575846654921e-11,1.448269500235816e-09,1.394862212770734e-09,5.340728746508193e-11,0.004491172158218413,1.2942722799827984,9.50618491972565e-07,7.184541785688546e-10,3.4786370727659475e-09,0.00024752353758981976,0.021706297116169837
26294,3000,143,131,61.94256,22.32351,89549230.2647712,0.00027401116764890783,0.04993637342557268,6.217237057425814e-05,0.049766165450862175,0.00010803560413626341,0.27670217116431545,0.25668104304381967,0.020021128120495207,0.5920022863296939,1.9107238110269147e-05,6.703101488717834e-05,0.0006440020701578825,2.782037947739135e-10,2.085383771456128e-10,6.966541762830083e-11,1.4682274382671805e-09,1.4138552594587603e-09,5.43721788084196e-11,0.004493785449982851,1.2947989527997612,9.699909472887354e-07,7.206924299839803e-10,3.471566827858089e-09,0.0002478641541924191,0.021727188720382425
26295,3000,143,131,61.94138,22.30888,89549230.2647712,0.0002731404326100599,0.04992192088910674,6.211088776658603e-05,0.049751800205951165,0.00010800979538901109,0.2757350418796022,0.25571937485398966,0.020015667025611954,0.5916843674048455,1.9039559235275992e-05,6.698408446080926e-05,0.000643366471615458,2.781936539681452e-10,2.0838780993345028e-10,6.980584403469514e-11,1.4570502790901128e-09,1.4032184581734405e-09,5.3831820916672056e-11,0.0044923329247937675,1.2945133933854471,9.591368759757238e-07,7.194522752368024e-10,3.4755903621384128e-09,0.0002476757933525895,0.021715530390853426
26296,3000,143,131,61.93303,22.31338,89549230.2647712,0.00027268785244467575,0.0499138388540852,6.207885455900091e-05,0.04974376386490402,0.00010799613462220104,0.27522968893859356,0.25521701897109733,0.020012669967495653,0.5915105764331806,1.900445237667975e-05,6.695936808981456e-05,0.0006430330682513754,2.7818812353640903e-10,2.0830966273148843e-10,6.987846080492079e-11,1.451253142897283e-09,1.3977015986447917e-09,5.355154425249134e-11,0.004491569029125798,1.2943563000569993,9.535119056208208e-07,7.187962950981606e-10,3.477616057090663e-09,0.00024757580643521997,0.021709443799330142
26297,3000,143,131,61.92817,22.30688,89549230.2647712,0.00027194614640149977,0.04990124255089202,6.202644426284243e-05,0.049731242079572836,0.00010797402705635414,0.27440453594959663,0.2543965972100588,0.02000793873953724,0.5912354890587914,1.8946837698696683e-05,6.691923007380516e-05,0.0006424901334791638,2.7817935548594564e-10,2.0818146364723566e-10,6.999789183871011e-11,1.4417384642277857e-09,1.3886469130766127e-09,5.3091551151173e-11,0.004490327279372695,1.2941087160567466,9.442745586481405e-07,7.177342103906523e-10,3.4810105212171586e-09,0.0002474143148231138,0.02169949954755395
26298,3000,143,131,61.94592,22.34955,89549230.2647712,0.00027567637094288137,0.04996409120133502,6.228996150787774e-05,0.04979371624481765,0.00010808499500951746,0.27855208796262315,0.2585204941266703,0.02003159383595231,0.5926114562015184,1.9236658225503366e-05,6.712080973926133e-05,0.0006452180148406588,2.782232239445658e-10,2.0882630799213672e-10,6.93969159524293e-11,1.48960105238582e-09,1.434195567696822e-09,5.540548468899753e-11,0.0044965645047721665,1.295346254776168,9.907461007895423e-07,7.230656853926972e-10,3.463881220912569e-09,0.00024822466468598205,0.02174948795564758
26299,3000,143,131,61.94318,22.33411,89549230.2647712,0.0002746262009616009,0.04994656514999594,6.221579599022055e-05,0.04977629552736056,0.0001080538266451684,0.2773852134055218,0.25736023253737167,0.020024980868149623,0.5922265949068204,1.91550443346354e-05,6.706415418624334e-05,0.0006444509288193531,2.7821095002894e-10,2.08644731795955e-10,6.956621823298516e-11,1.4761226533947888e-09,1.4213687821716214e-09,5.475387122316717e-11,0.00449481116327879,1.2950004010647345,9.776580768685522e-07,7.215680658625981e-10,3.4687229358730345e-09,0.00024799713977924717,0.02173542265474717
26300,3000,143,131,61.93702,22.33796,89549230.2647712,0.0002743359207538791,0.04994131701421562,6.219524159144957e-05,0.049771076735667504,0.00010804503695669043,0.277060783634816,0.25703774296113807,0.020023040673677377,0.5921141616148768,1.9132535120046262e-05,6.704826482311665e-05,0.0006442367439766502,2.7820737354357964e-10,2.0859462173836716e-10,6.961275180521263e-11,1.4724058306432805e-09,1.4178316599735482e-09,5.45741706697326e-11,0.004494320200868336,1.2948986637079916,9.740521579490391e-07,7.211460405518896e-10,3.4700147834471485e-09,0.0002479327738889529,0.021731515731912718
26301,3000,143,131,61.91888,22.29865,89549230.2647712,0.0002707669632183355,0.04988109473829145,6.194310469889858e-05,0.049711212806350595,0.00010793882724197494,0.27309211577301623,0.2530917327617458,0.02000038301126986,0.5907963206930782,1.8855255477756295e-05,6.685534847661875e-05,0.0006416263120219009,2.781653603170438e-10,2.079776735937266e-10,7.018768672331731e-11,1.426614435196044e-09,1.3742540679310602e-09,5.2360367264983825e-11,0.004488351206810874,1.293713247215638,9.29592344146367e-07,7.160432462474681e-10,3.486393098728478e-09,0.0002471571259685693,0.021683684156888955
26302,3000,120,117,67.63985,25.68582,88500793.0023283,0.00019339511003371086,0.03822202834572921,4.936294729876107e-05,0.038075699568088456,9.696583034199979e-05,0.19566652549058772,0.17993156898184323,0.01573495650874427,0.46235400400623117,1.3033656871924108e-05,5.087399827307286e-05,0.00048186301841224804,2.247803082284944e-10,1.7029330409434107e-10,5.4487004134153515e-11,8.931461373326853e-10,8.631972202053089e-10,2.994891712737673e-11,0.0034334919055487817,1.3130012726604816,5.148352645338264e-07,5.217714919852191e-10,2.9814878959987574e-09,0.00019098952394493645,0.01703434132583199
26303,3000,120,117,67.64123,25.69455,88500793.0023283,0.00019316928069289217,0.03821860029914399,4.934704436836237e-05,0.038072293979727674,9.695927504795816e-05,0.19541719602827448,0.1796835667975986,0.015733629230675637,0.46227635219798385,1.3016064446063678e-05,5.0862008361768284e-05,0.00048169988063770456,2.2477782399629163e-10,1.7025419037934695e-10,5.4523633616944795e-11,8.902403242325837e-10,8.604318796788305e-10,2.98084445537534e-11,0.0034331201975344007,1.312932081876116,5.120108663678016e-07,5.214562497937903e-10,2.9825682810073994e-09,0.0001909418419599724,0.01703133283204186
26304,3000,120,117,67.64172,25.70395,88500793.0023283,0.00019289135996017082,0.03821427267080172,4.932745856565387e-05,0.03806799405158132,9.695116065474378e-05,0.19510984465672707,0.17937787913680728,0.01573196551991956,0.46217915680123095,1.2994427478317631e-05,5.0847191017970365e-05,0.00048149853199299975,2.247747171742093e-10,1.7020607595721624e-10,5.456864121699324e-11,8.866666019420617e-10,8.57030920845238e-10,2.963568109682413e-11,0.003432661045683626,1.3128452759286502,5.085381473737518e-07,5.210661173871627e-10,2.9838853483908354e-09,0.00019088276360285992,0.01702762522924695
26305,3000,120,117,67.64189,25.71331,88500793.0023283,0.0001926446780775475,0.03821042396912864,4.931007324028057e-05,0.03806416994079509,9.694395509327047e-05,0.19483700503428636,0.17910651830876936,0.01573048672551672,0.4620927738052966,1.2975223477126577e-05,5.083403491395592e-05,0.00048131977531162346,2.2477195614686096e-10,1.7016337117866419e-10,5.460858496819691e-11,8.83494736441659e-10,8.540123921496847e-10,2.948234429197456e-11,0.0034322533859595275,1.3127681129830364,5.054559879698486e-07,5.207196866829967e-10,2.985053510714371e-09,0.0001908302983403611,0.017024334013354254
26306,3000,120,117,67.64252,25.72212,88500793.0023283,0.00019254994985606007,0.03820905402257325,4.930341158344029e-05,0.03806280937626101,9.694123472880193e-05,0.19473273780960781,0.1790027889191088,0.015729948890498724,0.46206122099712393,1.296783560942567e-05,5.082904411439713e-05,0.00048125170683590695,2.2477094505698358e-10,1.7014695076177372e-10,5.4623994295210046e-11,8.822743618368247e-10,8.528510109965922e-10,2.9423350840232827e-11,0.0034320985303976717,1.3127401238351617,5.042692590846569e-07,5.205888111501904e-10,2.9855145250860414e-09,0.0001908105457679066,0.017023075262964284
26307,3000,120,117,67.63326,25.76803,88500793.0023283,0.00019272594687206799,0.03830033538858272,4.934387872293916e-05,0.03815397690424204,9.701460561773934e-05,0.19518866599431087,0.17940752479414362,0.015781141200167006,0.4640503463801551,1.2951666216111404e-05,5.101424032832304e-05,0.0004831573865673261,2.2483805811105662e-10,1.7010661799992294e-10,5.473144011113382e-11,8.774190134516353e-10,8.481957573081578e-10,2.9223256143477776e-11,0.003435657905703689,1.3333472106283573,4.990442326089028e-07,5.224731365491856e-10,3.0076129105654438e-09,0.0001918016554223295,0.017037242383769798
26308,3000,120,117,67.63243,25.77862,88500793.0023283,0.0001931817048286515,0.038307754137962925,4.9376040335092006e-05,0.038161350046299225,9.702805132860603e-05,0.19569419472225508,0.17991023568627085,0.015783959035983973,0.464214562352733,1.2987108562062427e-05,5.103872172102291e-05,0.00048348929170200254,2.2484329952679064e-10,1.7018545639732258e-10,5.465784312946818e-11,8.832725072477052e-10,8.537662687874359e-10,2.950623846026978e-11,0.003436415899016911,1.3334944578828245,5.047297009269367e-07,5.231193395942787e-10,3.0054901236806814e-09,0.0001918997134516935,0.017043337653191652
26309,3000,120,117,67.63287,25.79179,88500793.0023283,0.00019386821960769337,0.038319023341809505,4.942449846668649e-05,0.03817255049784715,9.704834549567646e-05,0.19645612131532939,0.1806678915227186,0.015788229792610565,0.46446333607523266,1.304048423271774e-05,5.107565186150465e-05,0.0004839897476500035,2.2485123765410136e-10,1.7030419316387865e-10,5.454704449022287e-11,8.920876607260984e-10,8.621552584688424e-10,2.9932402257256315e-11,0.0034375591497189137,1.3337176915135416,5.132910551240932e-07,5.240946069441995e-10,3.0023033846538253e-09,0.00019204776400092075,0.017052523502875304
26310,3000,120,117,67.63456,25.75741,88500793.0023283,0.00019239685729492256,0.038294994907706166,4.9320657953329456e-05,0.038148669345816795,9.700490393604602e-05,0.1948237151228907,0.17904460404355566,0.015779111079334777,0.4639320164162346,1.2926072303364269e-05,5.099657232092804e-05,0.00048291781486540364,2.248342808963792e-10,1.700496878421563e-10,5.478459305422308e-11,8.731920195275056e-10,8.441731134763617e-10,2.9018906051144208e-11,0.0034351108370871846,1.333241136782765,4.949384432924873e-07,5.220068593563161e-10,3.009147598747462e-09,0.00019173091042895505,0.017032841941760652
26513,3600,100,120,65.76231,24.151,130029245.241923,0.00013071178988314846,0.02530203531787722,3.495986624772945e-05,0.025193393035438216,7.368241619127936e-05,0.1305085595788183,0.11987657128022569,0.010631988298592427,0.3093220290524733,8.752298714040886e-06,3.3824473050480826e-05,0.0003179627260485585,1.5946414595336406e-10,1.2439974337755547e-10,3.5064402575808755e-11,6.225220026847179e-10,6.018225406303039e-10,2.069946205441427e-11,0.002315045029160956,1.0050446609675643,3.69432446544462e-07,3.3512002813518196e-10,2.0402595986852527e-09,0.00012718648795454973,0.011824914839478074
26514,3600,100,120,65.75591,24.18394,130029245.241923,0.00013155494318310275,0.025315607912520122,3.5019344917025854e-05,0.025206881342509254,7.370722509383817e-05,0.1314430764626928,0.12080591746799037,0.010637158994702234,0.309623548456918,8.817885936321688e-06,3.3869677383009877e-05,0.0003185759402873561,1.594737733260255e-10,1.2454562469998927e-10,3.492814862603643e-11,6.33354286829283e-10,6.121311509787423e-10,2.1223135850540864e-11,0.0023164449386003146,1.0053147557057198,3.7995501319582823e-07,3.3631246683569056e-10,2.036314931690731e-09,0.00012736733974595018,0.01183618390726806
26515,3600,100,120,65.75476,24.17328,130029245.241923,0.00013149771717147727,0.025314534539921916,3.501528761621531e-05,0.025205813776752822,7.370547555287113e-05,0.1313789366764389,0.1207421709510888,0.010636765725349929,0.3096008022927798,8.813453245586242e-06,3.386652295791433e-05,0.00031853350913514607,1.5947305061090484e-10,1.245357536421347e-10,3.493729696877031e-11,6.326223926374568e-10,6.114346433578879e-10,2.1187749279569175e-11,0.0023163475436451552,1.005294109865348,3.792452705446031e-07,3.3622849442448676e-10,2.036565147324072e-09,0.0001273545090195308,0.011835411861141388
26516,3600,100,120,65.75938,24.16719,130029245.241923,0.00013091949116742852,0.02530538328828778,3.497451875078334e-05,0.025196720240002964,7.368852953402518e-05,0.1307387883975964,0.12010552510064973,0.010633263296946473,0.3093963726437266,8.768454826839824e-06,3.383561118855264e-05,0.00031811380851917215,1.5946651960364033e-10,1.244356786987804e-10,3.503084090486012e-11,6.251903152774716e-10,6.043618567289567e-10,2.0828458548515112e-11,0.002315389951673014,1.0051112644121514,3.720244301902624e-07,3.354138621219878e-10,2.0392883942097603e-09,0.00012723105524697057,0.011827691060516395
26517,3600,100,120,65.75936,24.16721,130029245.241923,0.00013092190455575364,0.025305421400419463,3.497468889992202e-05,0.025196758111292475,7.368860022705979e-05,0.13074145984627822,0.12010818195410065,0.010633277892177372,0.30939722464104386,8.768642650635125e-06,3.3835740160292665e-05,0.00031811555981382106,1.5946654682475514e-10,1.2443609640607173e-10,3.503045041868361e-11,6.252213369441349e-10,6.043913787098098e-10,2.0829958234325326e-11,0.0023153939471500383,1.0051120263040048,3.720545708180382e-07,3.35417260556659e-10,2.0392770184020128e-09,0.00012723157021195678,0.011827723281507514
26518,3600,100,120,65.75583,24.18395,130029245.241923,0.0001315633103542724,0.025315739001801632,3.5019934680792716e-05,0.025207011597386815,7.370746973402048e-05,0.13145233343070362,0.12081512412519578,0.010637209305507657,0.3096264866516625,8.81853724694238e-06,3.387012393280794e-05,0.00031858200642180187,1.5947386722541112e-10,1.24547073089922e-10,3.4926794135489315e-11,6.334618610664691e-10,6.122335247635348e-10,2.1228336302934388e-11,0.002316458774496004,1.0053173812833376,3.8005954064962377e-07,3.363242282742598e-10,2.036275371742745e-09,0.00012736912130227455,0.011836295567409205
26519,3600,100,120,65.76228,24.15111,130029245.241923,0.00013071243565707582,0.02530204522503776,3.4959911737209e-05,0.025193402878318873,7.368243498168024e-05,0.13050927304205578,0.11987728091897688,0.010631992123078691,0.3093222526687139,8.752349007839036e-06,3.38245073956777e-05,0.00031796319310865444,1.594641531047418e-10,1.2439985520514268e-10,3.506429789959927e-11,6.225303097790149e-10,6.01830446140987e-10,2.0699863638028077e-11,0.002315046093718637,1.0050448604112598,3.6944052005151436e-07,3.3512093167720556e-10,2.0402565212722786e-09,0.00012718662468593376,0.01182492344740491
26520,3600,100,120,65.7548,24.17333,130029245.241923,0.00013149379411225718,0.02531447368212645,3.501501117876564e-05,0.025205753309836244,7.370536111143517e-05,0.1313745992586277,0.12073785695385222,0.010636742304775288,0.3095994337540941,8.81314779517278e-06,3.386631393046151e-05,0.0003185306681742042,1.5947300686047237e-10,1.2453507442554553e-10,3.4937932434927e-11,6.325719418734325e-10,6.113866315149619e-10,2.1185310358470855e-11,0.002316341065970452,1.0052928880306387,3.79196243809634e-07,3.362229920062255e-10,2.0365837651775586e-09,0.00012735367592439312,0.01183535953642771
26521,3000,112,112,66.14101,24.90745,76718429.4292792,0.0002000302451433506,0.0393682058743372,5.255799924320947e-05,0.03920817593915984,0.00010747193593413656,0.2008758784064255,0.18446104443070233,0.016414833975722975,0.47776031010846776,1.345327585065556e-05,5.250058939330892e-05,0.0004953296681071617,2.395668172319438e-10,1.836437865407718e-10,5.592303069117219e-11,9.27431650828834e-10,8.967254987429507e-10,3.0706152085883764e-11,0.0035752742794526366,1.4562796819300643,5.355347768201867e-07,5.277801836323638e-10,3.1272805222700117e-09,0.00019724713193530318,0.017951726826817612
26522,3000,112,112,66.13689,24.89922,76718429.4292792,0.00020004796642013968,0.0393680576528568,5.255919125072582e-05,0.03920802619146101,0.00010747227014505158,0.20089348954442082,0.18447866745977065,0.01641482208464998,0.47776014822545304,1.3454707925806223e-05,5.250129354402082e-05,0.0004953402451965235,2.3956682220145526e-10,1.8364693843526203e-10,5.5919883766193435e-11,9.276687459718355e-10,8.969511432658419e-10,3.071760270599408e-11,0.003575296919950944,1.4562787669547457,5.357685828052384e-07,5.277965869783485e-10,3.1271477237354427e-09,0.0001972493491204678,0.01795194317358406
26523,3000,112,112,66.14571,24.87967,76718429.4292792,0.00020002117487127785,0.03936803394457332,5.2557355923195015e-05,0.039208004930794564,0.00010747165785554356,0.20086570387080097,0.18445093272888563,0.016414771141915127,0.47775667785733045,1.3452573495700926e-05,5.2500088397809094e-05,0.0004953229332033953,2.3956670186212895e-10,1.836422223432844e-10,5.592447951884476e-11,9.273156854046704e-10,8.966151402135645e-10,3.07005451911064e-11,0.0035752588142567094,1.4562763821935698,5.354223357765994e-07,5.277668381005646e-10,3.127319973930867e-09,0.00019724509169525488,0.017951604372992872
26524,3000,112,112,66.14165,24.89818,76718429.4292792,0.00019941591065060813,0.0393582186436943,5.2514649027569046e-05,0.039198250177219125,0.0001074538174475911,0.20019451584252107,0.18378347658092103,0.01641103926159986,0.47753914870022773,1.3405500104183774e-05,5.2467597201222804e-05,0.0004948823480686812,2.3955975794496346e-10,1.8353751455888488e-10,5.602224338607879e-11,9.195412126854268e-10,8.892165169677628e-10,3.032469571766435e-11,0.0035742527500380594,1.4560813960746322,5.278707318866473e-07,5.269093962313882e-10,3.130143385324535e-09,0.00019711500234198092,0.017943511373323024
26525,3000,112,112,66.14547,24.86921,81466796.275242,0.00018894722264846476,0.037082701895630704,4.9535213723570674e-05,0.036931941970621725,0.00010122471128539607,0.18980521102629933,0.17434364410814668,0.01546156691815244,0.45011712573417184,1.2713959430992517e-05,4.947132924495955e-05,0.0004668769175641989,2.2560994772474095e-10,1.7303961803312212e-10,5.257032969161899e-11,8.807780801073558e-10,8.5150379712879e-10,2.9274282978566287e-11,0.0033678398148350823,1.371581099914195,5.11512929388299e-07,4.978292838764247e-10,2.942290920819599e-09,0.00018587333933396205,0.01691308371788811
26526,3000,112,112,66.1321,24.86618,81466796.275242,0.00018972654360881582,0.03709425515565085,4.9590056514944415e-05,0.036943417885495065,0.00010124721364082614,0.19066433327553672,0.17519826297082752,0.015466070304709003,0.45038094833440206,1.2774703832574604e-05,4.951254859237615e-05,0.0004674384191154251,2.2561839465222042e-10,1.7317465142805168e-10,5.2443743224168916e-11,8.908118489408857e-10,8.610525216529246e-10,2.975932728796143e-11,0.003369118223542448,1.371815665011465,5.2126779661082e-07,4.989116352922023e-10,2.938530745602048e-09,0.00018603687548273936,0.0169234527277906
26527,3000,112,112,66.15234,24.87817,76718429.4292792,0.0002008802831053435,0.0393823798176817,5.26180293300617e-05,0.03922226462908904,0.00010749715926258873,0.20182032352087903,0.1854001401969395,0.016420183323939335,0.4780716458178892,1.3519337996332519e-05,5.2546441143546146e-05,0.0004959505049412531,2.39576746562316e-10,1.837907619708094e-10,5.5785984591506824e-11,9.383417209967108e-10,9.071081216742849e-10,3.12335993224262e-11,0.003576693294678339,1.4565594411774714,5.461289563746018e-07,5.289921575081517e-10,3.1233600998258097e-09,0.00019743125278293844,0.017963111113543605
26528,3000,112,112,66.14974,24.8544,81466796.275242,0.0001900435370144272,0.03710049751243837,4.961257097510581e-05,0.03694962790845081,0.00010125703301243863,0.19102101354755868,0.1755526823023443,0.015468331245214184,0.45051139352324315,1.2799221286864723e-05,4.953019025480639e-05,0.0004676750404683773,2.2562253305337398e-10,1.7322927172048528e-10,5.239326133288892e-11,8.948595999854022e-10,8.649045588958757e-10,2.995504108952667e-11,0.0033696623664758525,1.3719345391940885,5.251906396323506e-07,4.993827103773025e-10,2.937178855653005e-09,0.00018610903277771915,0.016927743370967786
26580,3000,144,131,64.69115,28.70056,108847282.191656,0.00021900159182257491,0.0419123599917121,5.098244044570649e-05,0.0417720587254337,8.931882583271023e-05,0.22332071977310314,0.20649248130220446,0.0168282384708983,0.5005053867556332,1.5039212911805119e-05,5.600021642336437e-05,0.0005369552884593352,2.3011902356628233e-10,1.7042727938260002e-10,5.969174418368242e-11,1.0776004668907895e-09,1.039052111755316e-09,3.854835513547374e-11,0.0037223909697207598,1.1620111784143916,6.645222131770399e-07,6.000608401513613e-10,3.0464361245459482e-09,0.00020889138495144095,0.01790810313112549
26581,3000,144,131,64.69228,28.685,108847282.191656,0.00021849935292851495,0.041903992398962926,5.094697303090894e-05,0.04176374150010881,8.930392582323009e-05,0.2227627337816493,0.20593765399349517,0.01682507978815366,0.5003215409271481,1.500017969936972e-05,5.597312920312839e-05,0.0005365885086471075,2.3011316007056115e-10,1.7034043861192473e-10,5.977272145863656e-11,1.0711541776375393e-09,1.0329174681088034e-09,3.8236709528736e-11,0.003721552663879641,1.1618459908057464,6.582625137867555e-07,5.993448934424581e-10,3.0487532817552503e-09,0.00020878262396412578,0.017901377136366192
26582,3000,144,131,64.69096,28.64572,108847282.191656,0.0002137733053659578,0.04136105491770513,5.046584758818619e-05,0.04122178353200363,8.88055381133302e-05,0.21614452412429105,0.19961241847778935,0.016532105646501316,0.4884766702659595,1.4789772889582221e-05,5.479459652741716e-05,0.0005237948510049095,2.2971606653239653e-10,1.698952729503444e-10,5.982079358205223e-11,1.0478937107929376e-09,1.0109636354995689e-09,3.693007529336858e-11,0.0036964992285916966,1.052251519443098,6.38355330192413e-07,5.84026033708918e-10,2.95013576383133e-09,0.0002027496553907698,0.017776005059777136
26583,3000,144,131,64.69005,28.65685,108847282.191656,0.00021409173242842023,0.04136637330736288,5.048833623674299e-05,0.04122706998047634,8.881499064982294e-05,0.21649835756061434,0.1999642455875058,0.016534111973108116,0.48859342934616523,1.4814518904766731e-05,5.481177772959947e-05,0.0005240274653900535,2.2971979009189543e-10,1.6995032869975825e-10,5.976946139213728e-11,1.0519804686148676e-09,1.0148528188217683e-09,3.7127649793099406e-11,0.0036970309338645617,1.0523564517515387,6.423236890837069e-07,5.84480218621733e-10,2.9486681713210995e-09,0.0002028186597685888,0.01778027006710406
26584,3000,144,131,64.69442,28.69753,108847282.191656,0.00021912812830352006,0.04191458408110084,5.0991391814815964e-05,0.04177427005940962,8.932262987642377e-05,0.2234618443905547,0.20663277786519832,0.016829066525355933,0.5005534436827397,1.5049032801373667e-05,5.6007106675939825e-05,0.0005370483148023523,2.3012055362364872e-10,1.7044913552518027e-10,5.967141809846859e-11,1.0792220560175683e-09,1.0405953021504172e-09,3.8626753867151156e-11,0.0037226039902389313,1.1620545592653142,6.660959307883325e-07,6.002435347275233e-10,3.045865669782232e-09,0.000208919210272016,0.01790980319373019
26666,2500,109,100,62.34503,21.40383,74468870.1815733,0.0001745721532280473,0.03226843453633747,4.43423554608845e-05,0.03213301973014613,9.107245073044758e-05,0.17553884903126665,0.1619291819454942,0.013609667085772301,0.3952315975554289,1.1815824885586186e-05,4.376060039305252e-05,0.000414713595270623,1.9792736604693369e-10,1.53801689314104e-10,4.412567673282985e-11,8.912160196231837e-10,8.59775876538384e-10,3.1440143084799876e-11,0.0029544529952950627,1.281975734583036,5.669639310720544e-07,4.4138476289436564e-10,2.5488504980548683e-09,0.0001649186356775873,0.01498598256762702
26667,2500,109,100,62.45873,22.09612,105120000.0,0.0001359505425676884,0.022832320917155185,3.220589338579812e-05,0.022735413434780114,6.470158898926756e-05,0.13732172235455053,0.12773564974006177,0.009586072614488603,0.27940901466284457,9.404076982559613e-06,3.1196794813731294e-05,0.00029804076716193295,1.4018687550830271e-10,1.1126715590338142e-10,2.891971960492141e-11,8.078609749091905e-10,7.771472039622685e-10,3.071377094692227e-11,0.002104836910866702,0.8512448019262498,5.7437617096715e-07,3.259105419544802e-10,1.6883423843479016e-09,0.00011696357825013735,0.010749487017932892
26668,2500,109,100,62.45335,21.66021,105120000.0,0.00011723403297990991,0.022526528725215697,3.088496847397085e-05,0.022431494826944377,6.41489297973449e-05,0.11655600390496403,0.10708596447815112,0.009470039426812774,0.2726482812426527,7.948713538115586e-06,3.0190782925196497e-05,0.00028440447866452824,1.3997111382613552e-10,1.0802974038491882e-10,3.194137344121678e-11,5.675013841635908e-10,5.484076286893166e-10,1.909375547427435e-11,0.002073690919263908,0.845180678030042,3.4092522540810403e-07,2.9935053274583627e-10,1.7753885660418509e-09,0.00011293252928449253,0.010499120597817211
26669,2500,109,100,62.41286,22.01978,105120000.0,0.00013338992939006117,0.022788328967033335,3.202488806590929e-05,0.022691679030829352,6.462504813806641e-05,0.13447065579154455,0.12490105749241437,0.009569598299130039,0.2784517457176031,9.205234622560308e-06,3.1057938452317786e-05,0.0002961636831503557,1.4015637520844876e-10,1.1082467051085834e-10,2.933170469759054e-11,7.750241615190168e-10,7.458979202689043e-10,2.9126241250112755e-11,0.002100542075072271,0.8503823757031004,5.425005522490928e-07,3.2223378125004317e-10,1.700003027991609e-09,0.00011640420951845823,0.010715132285530804
26670,2500,109,100,62.41976,21.95231,105120000.0,0.00013229416588443033,0.023068666478628312,3.204207258263117e-05,0.022971801903699997,6.482250234568086e-05,0.13413518053531254,0.12440350845442064,0.009731672080891781,0.2845482952582428,9.019426530766804e-06,3.159114985409929e-05,0.00030135390494315234,1.403631599188092e-10,1.1039668831969098e-10,2.996647159911832e-11,7.369785517963556e-10,7.095749521342658e-10,2.7403599662090178e-11,0.0021097271147146046,0.9271228613916355,5.03829363526054e-07,3.261938828861001e-10,1.7823346374781405e-09,0.00011938014469040556,0.010740280347479118
26671,2500,109,100,62.41624,21.94556,105120000.0,0.00013213123982417114,0.023065824595203895,3.203054988733298e-05,0.022968976431567048,6.481761374950888e-05,0.13395357322847828,0.12422296126830809,0.009730611960170037,0.2844867450800518,9.006779924640045e-06,3.158229046705659e-05,0.00030123424223327467,1.4036119977706313e-10,1.103685424333697e-10,2.9992657343693545e-11,7.348901490649314e-10,7.075875165252514e-10,2.7302632539680455e-11,0.0021094531746936045,0.9270673367040321,5.01802437228335e-07,3.259590844236306e-10,1.7830716551085145e-09,0.0001193443970207046,0.010738092409760619
26672,2500,109,100,62.41133,21.94201,105120000.0,0.00013217172301890136,0.023066229165697734,3.203337257541418e-05,0.022969377094919096,6.481869820321652e-05,0.1339972857506003,0.1242664942527199,0.009730791497880267,0.28449751747117813,9.00995957018761e-06,3.15843207102946e-05,0.00030126236756301616,1.4036154951368586e-10,1.1037559568341376e-10,2.99859538302722e-11,7.35415622646469e-10,7.080875932490781e-10,2.7328029397391254e-11,0.0021095165236629083,0.9270765474770915,5.023148757939322e-07,3.2601140217457907e-10,1.7828538165033958e-09,0.00011935217754489283,0.01073862179464779
27216,3300,141,126,64.38551,24.6376,105855023.378994,0.00020243506333541918,0.0401056635416877,5.023318537260392e-05,0.03996128545139212,9.414490492296797e-05,0.20417488699590064,0.18781439044127887,0.01636049655462134,0.47691776478622533,1.3868121488658008e-05,5.326300137128007e-05,0.000507548721493603,2.3082320823104522e-10,1.7199174445782114e-10,5.883146377322427e-11,9.360968859346438e-10,9.044776140117608e-10,3.1619271922883066e-11,0.003613278439252079,1.1976847019633858,5.396459934465503e-07,5.541242407687518e-10,3.0068395538972575e-09,0.0001987276340743382,0.017427056055122365
27217,3300,141,126,64.38731,24.65012,105855023.378994,0.00020274939838686108,0.040111086146012526,5.025540815694238e-05,0.039966676427341113,9.415431051447128e-05,0.20452498167271668,0.18816245657939867,0.01636252509331757,0.4770356105719586,1.3892528174591823e-05,5.3280059687874595e-05,0.0005077792667094778,2.3082696251060635e-10,1.7204605855501736e-10,5.878090395558915e-11,9.40127374728426e-10,9.083132440678707e-10,3.181413066055535e-11,0.003613806011704614,1.1977909098263781,5.43558322850834e-07,5.545760360594298e-10,3.0054106808389952e-09,0.0001987963822170433,0.017431274416549746
27218,3300,141,126,64.39317,24.61897,141524513.397065,0.00015034025734152924,0.029980449235358406,3.7496830753496974e-05,0.029872567052056005,7.038535254889889e-05,0.15152618608011706,0.1392956768897639,0.012230509190352831,0.3563356670348187,1.0289298598725553e-05,3.97812813507394e-05,0.00037884766423434296,1.7263492774188235e-10,1.2845758102362105e-10,4.41773467182614e-11,6.863684406836073e-10,6.633854010608453e-10,2.2983039622762008e-11,0.0027008172886663364,0.8954823345945165,3.9023092578229055e-07,4.1294981970087363e-10,2.2540488166716872e-09,0.00014841126651462923,0.013020444520511792
27219,3300,141,126,64.38775,24.62311,141524513.397065,0.00015086416140037176,0.029988621906014753,3.753375362002774e-05,0.029880687497169288,7.040065522543464e-05,0.15210563835245025,0.1398719888310679,0.012233649521381978,0.356519109346127,1.0330084290880192e-05,3.980922165037721e-05,0.000379227301955957,1.7264079106888777e-10,1.285482778598495e-10,4.409251320903835e-11,6.931048889702936e-10,6.697961907235867e-10,2.3308698246706924e-11,0.002701683059098132,0.895646195062336,3.9677686492402156e-07,4.1368554639697633e-10,2.2515677281650722e-09,0.00014852268801485784,0.013027434361538115
27220,3300,141,126,64.38871,24.60981,141524513.397065,0.00015047776417254446,0.029982283723777325,3.750648011000687e-05,0.029874388008817494,7.038923484982694e-05,0.15167681779949738,0.13944557075666278,0.01223124704283426,0.35637915824497857,1.0300041822697875e-05,3.9788438520022695e-05,0.000378945650213208,1.7263632526014619e-10,1.284814472847675e-10,4.41548779753788e-11,6.881432784010032e-10,6.650744463960247e-10,2.306883200497863e-11,0.002701039664535708,0.8955206198936398,3.9195806855719977e-07,4.1313671915887323e-10,2.2533618741612318e-09,0.00014843937608255843,0.013022264423836201
27221,3300,141,126,64.38254,24.62477,141524513.397065,0.00015131992322458987,0.02999567767276201,3.7565866840834956e-05,0.02988769786166636,7.041394425480814e-05,0.15260947090988766,0.14037310450425056,0.012236366405636794,0.3566778836666376,1.0365571804198e-05,3.9833497270267786e-05,0.0003795572741474298,1.7264586722607148e-10,1.2862718876810358e-10,4.401867845796798e-11,6.989663247918021e-10,6.7537426987869e-10,2.359205491311224e-11,0.0027024353784302828,0.8957879229574484,4.0247297095378975e-07,4.143245028958484e-10,2.2494031404270304e-09,0.00014861942033645223,0.01303351250986931
27222,3300,141,126,64.38306,24.61109,141524513.397065,0.0001509842032819614,0.02999012529268092,3.7542164247403005e-05,0.02988217912637266,7.04040020608504e-05,0.15223667861946127,0.14000241224650997,0.012234266372950995,0.35655560587586554,1.0339475125476543e-05,3.981541411764244e-05,0.0003793123195155721,1.7264196641878042e-10,1.2856913224405922e-10,4.40728341747213e-11,6.946564345171276e-10,6.712727400014669e-10,2.338369451566074e-11,0.0027018756557369308,0.8956781259328103,3.9828750213681773e-07,4.1384674786131674e-10,2.2509567448768346e-09,0.0001485468688923718,0.013029018475839465
27223,3300,141,126,64.3913,24.63614,105855023.378994,0.0002018251187263173,0.04009627043006664,5.019021499911528e-05,0.0399519530733894,9.412714167812071e-05,0.20350084179069036,0.18714396743856995,0.01635687435211996,0.4767060212351975,1.3820622532124307e-05,5.323054152663554e-05,0.0005071073852129704,2.3081643740936844e-10,1.7188612842375357e-10,5.893030898561506e-11,9.28251466656656e-10,8.97011460879968e-10,3.124000577668796e-11,0.0036122723887164593,1.1974957821861751,5.320214660311483e-07,5.532701180664547e-10,3.0097421231328112e-09,0.000198598358743836,0.017418924034541473
27406,3000,144,131,61.96132,22.30934,89549230.2647712,0.00027592832587027954,0.05018645224081591,6.244420902380094e-05,0.05001571422019959,0.00010829381159254114,0.27879044951954723,0.2586705143206702,0.020119935198876525,0.5948357445048941,1.9254163670006485e-05,6.738162554028875e-05,0.0006476993180197446,2.792684379123641e-10,2.0931200107569663e-10,6.995643683666763e-11,1.4832506496629425e-09,1.4282125079879907e-09,5.503814167495142e-11,0.004516078670393179,1.2961849364828124,9.824413482429845e-07,7.255864945633624e-10,3.482180029445292e-09,0.0002491928053233043,0.02181223345140261
27407,3000,144,131,61.9637,22.29586,89549230.2647712,0.00027548197257951725,0.050179239645743265,6.241271818691032e-05,0.050008546261300496,0.00010828066625586743,0.2782956010464683,0.25817841077704734,0.02011719026942042,0.5946757127811504,1.9219446126470103e-05,6.735767943492886e-05,0.0006473745447728051,2.79263328816927e-10,2.0923477902479353e-10,7.002854979213372e-11,1.4775167903667827e-09,1.4227558459742671e-09,5.476094439251564e-11,0.0045153371487513345,1.2960415346614564,9.768716529422062e-07,7.249546860977793e-10,3.4842651195994318e-09,0.00024909696464479707,0.02180626646937758
27408,3000,144,131,61.96628,22.3066,89549230.2647712,0.00027624991638734063,0.05019210571524835,6.246695892260176e-05,0.05002133527638909,0.00010830347993667133,0.27914912017683097,0.2590270802162009,0.020122039960629584,0.5949578952203565,1.9279120646278656e-05,6.73991375702153e-05,0.000647935748292231,2.792723269783173e-10,2.0936754793035667e-10,6.990477904796082e-11,1.487371872024162e-09,1.432134482190043e-09,5.523738983411869e-11,0.0045166200741784636,1.296295203233238,9.86440898563546e-07,7.26050829700455e-10,3.480730340873429e-09,0.0002492635265478888,0.021816554180940237
27409,3000,144,131,61.97069,22.30067,89549230.2647712,0.000276376141199707,0.05019448842229738,6.24759102399742e-05,0.05002370516657543,0.00010830734548198913,0.2792906657982175,0.2591677541820106,0.02012291161620636,0.5950082940236002,1.9288896069146457e-05,6.740610395432708e-05,0.0006480294204634713,2.7927392798362245e-10,2.093893177673304e-10,6.98846102162922e-11,1.488985899734211e-09,1.4336704723899116e-09,5.5315427344298956e-11,0.004516835137545149,1.2963409725362385,9.880059535807626e-07,7.262363521870992e-10,3.480180176926559e-09,0.000249291882925595,0.02181825781823936
27410,3000,144,131,61.96934,22.29066,89549230.2647712,0.00027576545388115984,0.05018430222115827,6.243278276672789e-05,0.05001358021537139,0.0001082892230201661,0.27861213867014906,0.2584930710713606,0.020119067598787902,0.5947845735420774,1.924143587429761e-05,6.737316109991946e-05,0.0006475833790130604,2.7926679301323154e-10,2.092837278064416e-10,6.998306520679012e-11,1.4811479199002652e-09,1.4262114197025724e-09,5.4936500197692556e-11,0.0045158156318149305,1.2961399366233934,9.803949415737487e-07,7.253655755338814e-10,3.4829963203830386e-09,0.0002491595940867235,0.021810078921797572
27411,3000,144,131,61.97401,22.29531,89549230.2647712,0.0002764378453796625,0.05019572749492507,6.248029599309528e-05,0.05002493793171312,0.00010830926721887148,0.2793602074764002,0.25923684909114797,0.020123358385251755,0.5950340451377496,1.9293665538641653e-05,6.740955158243036e-05,0.0006480756076732931,2.7927474445597443e-10,2.0939994510747047e-10,6.987479934850414e-11,1.4897732914333598e-09,1.434419792082684e-09,5.535349935067538e-11,0.004516941432442248,1.2963644764235367,9.88768853299723e-07,7.263285278674923e-10,3.479919784226636e-09,0.0002493060162494731,0.021819094144900037
27412,3000,144,131,61.97463,22.28567,89549230.2647712,0.00027604261202653194,0.0501892304290795,6.245239692403555e-05,0.05001848045249466,0.00010829757966083196,0.27892151535889537,0.2588006182698253,0.0201208970890695,0.5948906846060408,1.9262937782829747e-05,6.738828527345899e-05,0.0006477874407835878,2.792701701750052e-10,2.0933158901088804e-10,6.993858116411733e-11,1.484698521929742e-09,1.4295903597939212e-09,5.510816213582059e-11,0.004516283106596943,1.2962358175941717,9.8384026744947e-07,7.257668715551668e-10,3.481753354122649e-09,0.0002492207481977442,0.021813805321656256
27492,2400,120,117,65.49759,25.35799,114209765.477193,0.00014881156931470082,0.027991715290812156,3.539057373117139e-05,0.02789210479494948,6.421992213150123e-05,0.14975159628997642,0.1385374220928061,0.011214174197170136,0.3352666447579209,1.0199613570804885e-05,3.732167350502703e-05,0.0003545624167871061,1.584671966980009e-10,1.1954550576620308e-10,3.892169093179791e-11,7.613743855826179e-10,7.341014736438234e-10,2.727291193879483e-11,0.00250427527341861,0.7915447088545822,4.82289940317312e-07,3.920561602999007e-10,2.0255900594759e-09,0.00013790227529221233,0.01248648785143801
27493,2400,120,117,65.51578,25.32047,114209765.477193,0.00015086674145303757,0.02802545813133714,3.5535640449390926e-05,0.027925641812479453,6.428067840829359e-05,0.1520325563786652,0.14080559516406138,0.011226961214603585,0.33601148649772433,1.035939978478202e-05,3.743223270094098e-05,0.00035606063470192535,1.584909637112947e-10,1.1990095848337542e-10,3.8590005227919384e-11,7.877635528970725e-10,7.59214870842462e-10,2.854868205461054e-11,0.002507697854027793,0.7922130944712437,5.079192741599012e-07,3.9497589098515046e-10,2.016050943260934e-09,0.00013834550962598023,0.012513987229742542
27494,2400,120,117,65.5042,25.34114,114209765.477193,0.0001496500398156169,0.028005418984001558,3.5449749738638366e-05,0.027905724551838956,6.424468242395914e-05,0.1506818900740773,0.13946251646931998,0.0112193736047571,0.3355695852428253,1.0264811009888695e-05,3.736674392662876e-05,0.00035517332623743867,1.584768646159804e-10,1.196905360171305e-10,3.8786328598849976e-11,7.72142019459072e-10,7.443485537050352e-10,2.7793465754037043e-11,0.0025056706385783454,0.7918164433165782,4.927480428812515e-07,3.9324610084041303e-10,2.021691064499728e-09,0.00013808287710864655,0.012497704098734031
27495,2400,120,117,65.51015,25.32396,114209765.477193,0.000150463426554138,0.02801867830389107,3.550715081831442e-05,0.0279189024659499,6.426868712285472e-05,0.15158419191874237,0.14035978402361676,0.011224407895125391,0.3358629469968751,1.0328062249060671e-05,3.741044649279462e-05,0.00035576577617659074,1.5848622763889072e-10,1.1983123433916004e-10,3.8654993299730766e-11,7.825882758867422e-10,7.542897939981945e-10,2.8298481888547747e-11,0.00250702372142827,0.7920795252579762,5.028942836178457e-07,3.943997556031413e-10,2.0179047517170033e-09,0.0001382579502842305,0.012508583171945654
27496,2400,120,117,65.50786,25.33298,114209765.477193,0.0001500806974306902,0.028012478001659222,3.5480146634971776e-05,0.02791274044629973,6.425740872451611e-05,0.15115980618765312,0.1399377563500052,0.011222049837647699,0.3357254895655585,1.0298295372951208e-05,3.7389904749398106e-05,0.0003554872125352316,1.5848183960811931e-10,1.197650228148974e-10,3.871681679322202e-11,7.776720769594628e-10,7.49611263857063e-10,2.8060813102399992e-11,0.002506387650580053,0.7919563238897321,4.981189658192779e-07,3.938576907524384e-10,2.019690809469542e-09,0.0001381757131898298,0.012503465988832995
27497,2400,120,117,65.49554,25.34455,114209765.477193,0.00014910349836748304,0.027996159848962837,3.541113317161331e-05,0.027896520313975767,6.422840181545913e-05,0.1500739653955101,0.13885807177709616,0.011215893618413695,0.3353672219277042,1.0222353635237482e-05,3.7337180284719e-05,0.00035477337461266734,1.58470414037677e-10,1.1959606537438203e-10,3.8874348663295046e-11,7.651304378320478e-10,7.376759507832495e-10,2.7454487048798562e-11,0.002504755984933018,0.7916343512841527,4.859406501268036e-07,3.9246393542053315e-10,2.024194959522661e-09,0.00013796396165867555,0.012490377545317281
27498,2400,120,117,65.50134,25.35152,114209765.477193,0.0001491975000623801,0.027998076442008895,3.5417818419645256e-05,0.02789842728164466,6.423134194458655e-05,0.1501800425708527,0.13896346027885137,0.01121658229200111,0.33540688599128843,1.0229615985820524e-05,3.734244891808595e-05,0.00035484389177423695,1.584716710577108e-10,1.1961224960027534e-10,3.885942145743554e-11,7.663293405471124e-10,7.388168833180556e-10,2.7512457229056965e-11,0.002504918370348993,0.7916705980529279,4.871020260069791e-07,3.92604936629502e-10,2.0238016036093965e-09,0.0001379855985315832,0.012491652996130824
28245,4500,140,128,66.13306,24.05004,189216000.0,0.0001339292074517085,0.024925398193880812,3.326171226783674e-05,0.024825466688898904,6.666979271407057e-05,0.1364556746798148,0.12600096748053388,0.010454707199280664,0.3007945647691076,9.206912467715315e-06,3.3414458157175544e-05,0.00032009288938561367,1.5185763635972902e-10,1.1724810468092554e-10,3.460953167880361e-11,6.876636160788188e-10,6.632540464131562e-10,2.4409569665662586e-11,0.0022769444009289887,0.8866693635598394,4.384071354916562e-07,3.496110384794296e-10,1.912969366670388e-09,0.00012644080322662377,0.011048795537299731
28246,4500,140,128,66.14312,24.06904,189216000.0,0.0001342987114506786,0.024932016653106716,3.328786809801063e-05,0.024832047830488948,6.668095451975526e-05,0.136868357967667,0.12641119829889705,0.010457159668769724,0.3009367538991499,9.235572600319284e-06,3.343464889271033e-05,0.00032036519931495075,1.5186216071257248e-10,1.1731190313504197e-10,3.455025757753064e-11,6.923961887053622e-10,6.677578107635409e-10,2.4638377941821427e-11,0.002277568387476948,0.8867979243534168,4.429989968736902e-07,3.5014700506414224e-10,1.9113178093698215e-09,0.00012652250940121506,0.01105376581140553
28247,4500,140,128,66.14477,24.05782,189216000.0,0.00013382012354662393,0.02492429240925029,3.325410430194546e-05,0.024824371441105778,6.666686384256523e-05,0.1363378158945421,0.1258835968210368,0.010454219073505088,0.300765303408371,9.198346694758033e-06,3.3408978690276894e-05,0.00032001702089274285,1.5185668685182451e-10,1.172291024581642e-10,3.462758439366041e-11,6.862480425940575e-10,6.619068899427386e-10,2.4341152651319025e-11,0.0022767734592304767,0.8866443067101194,4.3702680174743313e-07,3.4946975317770387e-10,1.9135545420500015e-09,0.00012641978104779527,0.011047368344111817
28248,4500,140,128,66.13696,24.04379,189216000.0,0.00013354684184478172,0.024919379053316676,3.323475722743023e-05,0.024819485695362867,6.665860072637659e-05,0.13603251298591718,0.1255801128550815,0.010452400130835435,0.3006598657105276,9.177152203338985e-06,3.3394035368475075e-05,0.000319815524878218,1.518533323023773e-10,1.1718192136035445e-10,3.4671410942022984e-11,6.827482762609957e-10,6.585763292140624e-10,2.417194704693321e-11,0.0022763116766344816,0.8865489444702254,4.336312408708007e-07,3.490729896467849e-10,1.914773900110946e-09,0.00012635928467338763,0.011043691505254355
28249,4500,140,128,66.14337,24.03658,189216000.0,0.00013305116382815698,0.024911651796912248,3.319982431414379e-05,0.024811807847892935,6.664412470517302e-05,0.13548430338143597,0.12503487297340068,0.01044943040803505,0.3004863830735701,9.13856326536063e-06,3.33676032842792e-05,0.00031945636785013086,1.5184778719246026e-10,1.1709610992994675e-10,3.4751677262513614e-11,6.763746523866863e-10,6.525108238889493e-10,2.3863828497737114e-11,0.0022754926305654376,0.8863939897680703,4.2743782431022324e-07,3.4837700311075323e-10,1.9171219036256152e-09,0.0001262538847946336,0.01103707849266567
28250,4500,140,128,66.1416,24.0445,189216000.0,0.00013340937054790822,0.0249174021093681,3.322509120555118e-05,0.024817522360463643,6.66546576989048e-05,0.13588125072789345,0.12542962801250496,0.010451622715388244,0.3006142428340051,9.166429419400937e-06,3.338679895500644e-05,0.00031971680211974953,1.5185187006611624e-10,1.1715808955049864e-10,3.469378051561776e-11,6.809770043795875e-10,6.568906811101292e-10,2.408632326945837e-11,0.0022760871218748474,0.8865084956230864,4.319087134489367e-07,3.488832833916975e-10,1.915444215367392e-09,0.00012633066011601398,0.011041865311355575
28251,4500,140,128,66.13745,24.0618,189216000.0,0.00013420296234491316,0.024930128473310827,3.328106716130775e-05,0.02483016941875471,6.667798739481866e-05,0.13676060886906424,0.12630413286370684,0.01045647600535721,0.3008973126653309,9.228167334422332e-06,3.342931865484282e-05,0.0003202937127669571,1.5186090948499104e-10,1.1729540538541e-10,3.4565504099581184e-11,6.911736072101822e-10,6.665943426760239e-10,2.4579264534158478e-11,0.002277403985477658,0.8867619776211133,4.4181416403575016e-07,3.500046620183284e-10,1.911725847905153e-09,0.00012650070431841485,0.011052469680332171
28338,4300,149,149,62.51299,22.71271,109867082.336251,0.00030933024986833985,0.05535445107980414,6.99694239352547e-05,0.05516083192203067,0.0001236497338382213,0.31346146447818807,0.2911211368711439,0.022340327607043714,0.6563789539326489,2.1670506770408292e-05,7.433491139336e-05,0.0007167138692984617,3.146876534593092e-10,2.385395962384711e-10,7.614805722083816e-11,1.7060336273372252e-09,1.642226604667444e-09,6.380702266978048e-11,0.005007915179948037,1.4803248599172132,1.1519528618835512e-06,8.052284088400597e-10,3.838567746446316e-09,0.00027591075386472155,0.024040237457437476
28339,3000,90,112,61.10678,28.39607,108036359.415191,0.00015046584441853457,0.025018625890260045,3.6080133797225374e-05,0.024908726583933543,7.381917252926986e-05,0.1517151493731783,0.14120189089912466,0.010513258474053506,0.31156012984091336,1.025097509451281e-05,3.438079029507089e-05,0.0003267473102999814,1.5625592387904703e-10,1.2598931462759806e-10,3.026660925144914e-11,8.965914768357477e-10,8.62470941472834e-10,3.412053536291406e-11,0.0022963083680566706,1.0298617784102067,6.413367806855108e-07,3.5454771710837904e-10,1.9066715984872944e-09,0.00012927889088041607,0.012063421349481494
28340,3000,90,112,61.09761,28.40765,108036359.415191,0.00015060978063700538,0.025020850482898573,3.609027512101075e-05,0.024910936839986512,7.382336779103907e-05,0.15187424959926982,0.14136013412861598,0.010514115470653746,0.3116102172914677,1.0262183027680818e-05,3.4388454777908986e-05,0.0003268515004798577,1.5625752530902547e-10,1.2601423657748317e-10,3.024328873154248e-11,8.984426844876955e-10,8.642326571523362e-10,3.421002733535969e-11,0.002296545903228935,1.029906481556459,6.431358024279099e-07,3.5474943453867445e-10,1.905987561897264e-09,0.00012930942675867463,0.01206534074118123
28341,3000,90,112,61.10026,28.4175,108036359.415191,0.00015123869983459375,0.02503127045493115,3.613468072347632e-05,0.0249212937732913,7.384200091636287e-05,0.15257270450247284,0.14205464981503466,0.010518054687438059,0.3118395623647937,1.0311068824084347e-05,3.442234122511328e-05,0.0003273104833322362,1.5626484126659903e-10,1.2612299281199336e-10,3.014184845460585e-11,9.065161937917734e-10,8.719158544985599e-10,3.4600339293213805e-11,0.0022975947454841766,1.030112449793606,6.509760903789284e-07,3.5564480297829523e-10,1.9030792485227722e-09,0.00012944540804110652,0.012073760489029488
28342,3000,90,112,61.09525,28.39851,108036359.415191,0.00015003081521270764,0.025011259519779897,3.604939674914517e-05,0.02490140390778134,7.380621524941019e-05,0.1512312779740513,0.14072078845467867,0.010510489519372527,0.311399109196879,1.0217179961179873e-05,3.435726064058581e-05,0.00032642898101635303,1.5625079106766407e-10,1.2591411835813733e-10,3.033667270952693e-11,8.910104077942514e-10,8.571596921367823e-10,3.3850715657469366e-11,0.0022955803898444403,1.029716893816538,6.359182125989085e-07,3.5392521079477395e-10,1.9086650317237606e-09,0.00012918425120521273,0.012057589821672637
28343,3000,90,112,61.10285,28.39731,108036359.415191,0.0001503302927423953,0.02501632799298535,3.607055602725398e-05,0.024906442302935646,7.381513402244485e-05,0.1515643667030774,0.1410519717350476,0.010512394968029675,0.3115099181813036,1.0240445117593329e-05,3.437345716807308e-05,0.00032664810756860015,1.5625432335421626e-10,1.2596588457531343e-10,3.028843877890301e-11,8.948525160510816e-10,8.608160517266251e-10,3.403646432445689e-11,0.002296081495185539,1.029816594062629,6.396484731920213e-07,3.543536972203055e-10,1.9072924380241183e-09,0.00012924939242352318,0.012061604168608018
28344,3000,90,112,61.0938,28.39155,108036359.415191,0.0001496057610420921,0.025004223208930015,3.601938609007043e-05,0.024894410198165642,7.37936246742952e-05,0.15075925635632526,0.14025142747879243,0.010507828877532672,0.3112441967950401,1.0184139820142075e-05,3.4334361943569144e-05,0.00032611881015034565,1.562458493256366e-10,1.2584061441746718e-10,3.0405234908169624e-11,8.855538069724505e-10,8.519668892726394e-10,3.358691769981149e-11,0.002294871625335974,1.029577781901749,6.306191894360661e-07,3.533201973820115e-10,1.910631303316599e-09,0.00012909237041386435,0.012051899631144615
28345,3000,90,112,61.09185,28.3821,108036359.415191,0.00014902946755886683,0.0249946836031004,3.597869732400566e-05,0.024884928351420133,7.377655435625124e-05,0.15011928529338486,0.1396150636599801,0.010504221633404623,0.3110341693394816,1.0139343567213484e-05,3.430331579336025e-05,0.00032569827845472024,1.562391493933776e-10,1.257409568424558e-10,3.049819255092198e-11,8.781556762022362e-10,8.44926419215928e-10,3.322925698630851e-11,0.002293910678830008,1.0293891769996029,6.234347020369192e-07,3.524999191740868e-10,1.9132972330790713e-09,0.00012896779847256494,0.012044184817934747
28602,3000,140,112,65.49324,25.36557,104898076.644605,0.00017920785991203477,0.032988682011895955,4.3099044940118015e-05,0.032862607363009846,8.297560394599441e-05,0.1822356715624411,0.1685947503279869,0.013640921234453906,0.3952822586992993,1.2411962941929277e-05,4.4194328425613844e-05,0.0004234414604604939,1.9368994747772085e-10,1.4784502828134376e-10,4.584491919637725e-11,9.452899678525684e-10,9.110354992461664e-10,3.4254468606402474e-11,0.002997733726003113,1.0553568059223182,6.145769966603854e-07,4.676259467829348e-10,2.4357609388222668e-09,0.00016572458486743363,0.014587157815299286
28603,3000,140,112,65.48659,25.36923,104898076.644605,0.00017860292348818887,0.03297853838763167,4.3056316451041284e-05,0.032852524442075884,8.2957629104737e-05,0.18156328430951266,0.16792618573079884,0.013637098578713433,0.39505984518856696,1.2364956276681183e-05,4.416166552922942e-05,0.0004229993349718427,1.9368285540763085e-10,1.4774044322688644e-10,4.594241218074457e-11,9.375269586804826e-10,9.036477941757068e-10,3.387916450477606e-11,0.0029967229863415833,1.0551568519602634,6.070392142648527e-07,4.667623046640043e-10,2.438544422668155e-09,0.00016559334687649355,0.014579053416778577
28604,3000,140,112,65.49119,25.35458,104898076.644605,0.00017951184622734773,0.03299330643260612,4.312045303032343e-05,0.03286720154731858,8.298443225722301e-05,0.18257133780468734,0.1689286271643666,0.013642710640320386,0.3953869343365877,1.2435642675278376e-05,4.421047356371501e-05,0.00042366111150830805,1.9369329601230426e-10,1.478976768374914e-10,4.579561917481301e-11,9.492012332664733e-10,9.147576863317941e-10,3.4443546934679575e-11,0.002998234233881639,1.055450094400499,6.183785963153863e-07,4.680504898002624e-10,2.4343077918036912e-09,0.0001657888054620182,0.014591207986096935
28605,3000,140,112,65.4899,25.3739,104898076.644605,0.00017863980252540355,0.0329794111021001,4.305895541967076e-05,0.03285339331192684,8.295883475358964e-05,0.18160546660553453,0.16796806424819927,0.013637402357334948,0.3950772173004256,1.2367790536850773e-05,4.416380106868299e-05,0.00042302764454031123,1.9368340356444195e-10,1.4774676876985604e-10,4.5936634794586046e-11,9.379946900172393e-10,9.040929062238534e-10,3.3901783793386274e-11,0.002996788583851846,1.0551729091948696,6.074913255872949e-07,4.668200355561165e-10,2.438404001831894e-09,0.00016560227688151567,0.01457955951926149
28606,3000,140,112,65.48899,25.36243,104898076.644605,0.00017904261967205694,0.0329856976487393,4.3087344890191245e-05,0.03285963970203822,8.297060181089246e-05,0.18205100644065975,0.16841118878615804,0.013639817654501354,0.3952183033026878,1.2399149324769026e-05,4.4185285264786054e-05,0.000423319553605599,1.9368791299952528e-10,1.4781650282164328e-10,4.5871410177882165e-11,9.43174121616783e-10,9.090219496380977e-10,3.415217197868571e-11,0.0029974542972425198,1.055298939785285,6.125242586792715e-07,4.673857734929633e-10,2.4364966726724963e-09,0.0001656879563261623,0.014584933970203332
28607,3300,116,126,66.01481,28.74601,91758357.5489921,0.00030864940535910753,0.04276938502230684,6.020456764906592e-05,0.04260280133485198,0.00010637911980578567,0.3206941779770114,0.30324766888739396,0.01744650908961681,0.5324113926345401,2.1854490317984813e-05,6.006357479176084e-05,0.0005899536274136323,2.437248895600866e-10,2.0136817326172845e-10,4.2356716298358335e-11,2.2545654471405787e-09,2.1599211201155788e-09,9.464432702500027e-11,0.003866243953141307,1.3988655487609472,1.8101339134600527e-06,7.009873586985548e-10,2.7079406262551865e-09,0.000225782100914117,0.019781371972950608
28608,3300,116,126,66.01724,28.72876,91758357.5489921,0.0003075723508798672,0.04275185177138644,6.012856266042208e-05,0.04258537586453287,0.00010634734419314546,0.3194994990582035,0.30205964944134606,0.01743984961685688,0.5320232976755696,2.1770732541564185e-05,6.000571932464613e-05,0.0005891692578009411,2.4371250244188013e-10,2.0118186132869816e-10,4.253064111318217e-11,2.2407324020183425e-09,2.146756822150244e-09,9.39755798680989e-11,0.0038644526333432494,1.3985175543031247,1.7966979573285672e-06,6.994602184947777e-10,2.712957098455628e-09,0.0002255503644337335,0.019766967480830084
28609,3300,116,126,66.0068,28.75145,91758357.5489921,0.0003095976594340402,0.042784186438015716,6.027139838885023e-05,0.04261750821841635,0.00010640682121051857,0.3217430155152251,0.3042908199764182,0.01745219553880627,0.532743554954025,2.1928310344140347e-05,6.0114151227526325e-05,0.0005906408111759754,2.4373550617588875e-10,2.0153233061540693e-10,4.220317556048193e-11,2.266758063503482e-09,2.171524311292894e-09,9.523375221058851e-11,0.0038678111193087934,1.3991622703408542,1.821981645326593e-06,7.023191880284038e-10,2.703450958412164e-09,0.00022598380437261525,0.01979402385066677
28610,3300,116,126,66.00474,28.78668,91758357.5489921,0.0003115528441183114,0.0428162717537858,6.040940524746188e-05,0.042649397733801116,0.00010646461473722158,0.32391292881611683,0.3064485727860148,0.017464356030101442,0.5334519208384306,2.2080324662565223e-05,6.0219322529126854e-05,0.0005920660536850351,2.437581096545426e-10,2.0187049312464347e-10,4.1887616529899245e-11,2.291863700314991e-09,2.195416230001238e-09,9.64474703137532e-11,0.003871066937345132,1.3997978964234812,1.8463645337768525e-06,7.050965518562032e-10,2.6943741079260803e-09,0.00022640541661042744,0.019820184588466024
28611,3300,116,126,66.00446,28.76996,91758357.5489921,0.00031072964231596527,0.042802638615322526,6.035128285283346e-05,0.042635847104440315,0.00010644022802937101,0.3229987374728023,0.3055395359519739,0.017459201520827815,0.5331518133750782,2.201633660110094e-05,6.0174971293622616e-05,0.0005914653146199793,2.437485362919063e-10,2.0172813932075803e-10,4.202039697114843e-11,2.2812960381453396e-09,2.1853594588870372e-09,9.593657925830237e-11,0.0038696941814274377,1.3995283884748022,1.8361020960532886e-06,7.039247048860393e-10,2.6981815013529614e-09,0.00022622744956294654,0.019809164124354114
28612,3300,116,126,66.00981,28.76571,91758357.5489921,0.00031006588973506887,0.04279224952253722,6.0304499296297765e-05,0.042625524197763845,0.00010642082547708243,0.3222644456752928,0.30480923244313923,0.017455213232152933,0.5329188813670097,2.1964668071820373e-05,6.0139552968607455e-05,0.0005909841523581175,2.4374109196878165e-10,2.016132391871021e-10,4.212785278167972e-11,2.272762151120306e-09,2.177238124588331e-09,9.552402653197574e-11,0.003868596761007849,1.3993202579518054,1.8278098306866597e-06,7.029918906212512e-10,2.7013208695626786e-09,0.00022608615839445125,0.019800306799200616
28613,3300,116,126,66.01554,28.73801,91758357.5489921,0.00030818304041528767,0.042761758256593986,6.017165279088044e-05,0.04259522125790471,0.00010636534589839802,0.32017671832149275,0.3027331024821758,0.0174436158393164,0.5322428247085301,2.181822748166095e-05,6.003850357570574e-05,0.0005896138092274757,2.437195100602207e-10,2.0128750703221468e-10,4.243200302800619e-11,2.248576491933542e-09,2.1542216969302833e-09,9.435479500325888e-11,0.003865467765604563,1.3987143369169306,1.8043171569131043e-06,7.003254100949133e-10,2.7101087480739743e-09,0.00022568163155780105,0.019775133174064333
28699,3300,137,126,64.24709,24.2172,115599545.988177,0.0001816363730333109,0.03608252956406999,4.536130557378431e-05,0.03595160672944002,8.556152905617642e-05,0.18303817902612254,0.16829850636115104,0.014739672664971148,0.430335757254623,1.2395957580769132e-05,4.7976838717774325e-05,0.00045660964459051797,2.083724956729369e-10,1.5553419007874078e-10,5.2838305594196235e-11,8.321045216963306e-10,8.041664658087674e-10,2.7938055887563503e-11,0.0032497575251837774,1.1067491847421884,4.7570532969346504e-07,4.967047460964696e-10,2.728961614293213e-09,0.0001791556371180543,0.015745323706899437
28700,3300,137,126,64.25021,24.24406,115599545.988177,0.00018123329666465767,0.03607664690756022,4.533295251553667e-05,0.035945764024435015,8.554993060965457e-05,0.18259426319602468,0.16785689392156827,0.014737369274455988,0.43020069653086085,1.2364528198468346e-05,4.795557214587078e-05,0.0004563197227888801,2.0836816907844593e-10,1.5546433042654546e-10,5.29038386519006e-11,8.269128887847634e-10,7.99225800152043e-10,2.7687088632720567e-11,0.0032490977661800403,1.1066292762726528,4.706572589582799e-07,4.961467928276811e-10,2.7309171200904608e-09,0.00017907139310143117,0.015739965093586716
28701,3300,137,126,64.25053,24.23126,115599545.988177,0.000181158007424089,0.03607526980628375,4.5327619241245454e-05,0.0359443945430615,8.554764398099569e-05,0.1825100421700365,0.16777318054279602,0.014736861627240134,0.4301712965246067,1.2358692006301609e-05,4.7951441937747576e-05,0.0004562640854011514,2.0836723421232074e-10,1.5545133665562655e-10,5.291589755669429e-11,8.259492116801279e-10,7.983087152281032e-10,2.7640496452024975e-11,0.0032489701776377794,1.1066026470457844,4.6972246486391145e-07,4.960370154708842e-10,2.7312503527416303e-09,0.00017905464056597876,0.015738951012560086
28702,3300,137,126,64.25304,24.21877,115599545.988177,0.00018092538197815743,0.036071519505524924,4.531120836038159e-05,0.035940667500375445,8.554079678908997e-05,0.18225218319714692,0.16751674972769648,0.014735433469450053,0.43008802309721206,1.2340597230290132e-05,4.7938966897159764e-05,0.0004560948699691983,2.0836457546267102e-10,1.5541108920809332e-10,5.2953486254577847e-11,8.229607139529182e-10,7.954646929911202e-10,2.749602096179813e-11,0.003248583855434114,1.1065280424603512,4.668194598227259e-07,4.957079099334849e-10,2.7323380357534984e-09,0.0001790047231003123,0.015735841617755535
28703,3300,137,126,64.25531,24.23726,115599545.988177,0.0001805951764581145,0.03606662825250178,4.528797149315625e-05,0.03593580901696148,8.55312640471397e-05,0.1818881837276941,0.16715465728059217,0.014733526447101557,0.42997629854163616,1.2314858773182384e-05,4.7921504129989406e-05,0.00045585697772361505,2.0836099822896536e-10,1.5535387352037195e-10,5.300712470859353e-11,8.187092267087925e-10,7.914187275880365e-10,2.729049912075595e-11,0.0032480422439293884,1.1064287154284427,4.626861162815911e-07,4.95249386909726e-10,2.733931713827871e-09,0.0001789354458246733,0.01573144835988384
28812,3450,147,126,62.91977,23.06055,145065600.0,0.0001689178016271599,0.030531191785304442,3.9155479457373496e-05,0.030419941828629032,7.209447721804108e-05,0.17179521452526758,0.15928348015842578,0.012511734366841457,0.36509320814627505,1.174733159295906e-05,4.115007809270277e-05,0.00039619819100430553,1.7542185984410878e-10,1.3326975801914414e-10,4.2152101824964734e-11,9.102236922962697e-10,8.765384371891464e-10,3.36852551071233e-11,0.0027658893207848528,0.9203013455769581,6.050080337229459e-07,4.4089406245693694e-10,2.1998524791894923e-09,0.00015397739293064193,0.013337225073841533
28813,3450,147,126,62.92194,23.05281,145065600.0,0.00016878984902797583,0.030529166980044282,3.914645795946299e-05,0.030417929794664265,7.209072742055484e-05,0.1716535605349416,0.15914260113891376,0.012510959396027537,0.36504797438810604,1.1737374100847586e-05,4.114323791832821e-05,0.0003961053188681334,1.7542041473522475e-10,1.3324761291493985e-10,4.217280182028496e-11,9.085790819450431e-10,8.749733326318112e-10,3.360574931323186e-11,0.002765677423835693,0.9202608881208063,6.03410165212633e-07,4.4071380128671604e-10,2.2004551183566136e-09,0.00015395007532312616,0.013335516589120355
28814,3450,147,126,62.92549,23.06437,145065600.0,0.0001694166132358726,0.030539635685802775,3.9190722724683874e-05,0.03042833562991079,7.210933316730433e-05,0.17235001768041497,0.15983510908027834,0.012514908600136234,0.36527779956356465,1.1786081955074968e-05,4.1177056161016554e-05,0.0003965631792393161,1.7542774407113712e-10,1.3335597978746176e-10,4.2071764283675446e-11,9.166230917784975e-10,8.826284544184386e-10,3.399463736005888e-11,0.0027667239933959068,0.9204674346005378,6.112211255265791e-07,4.416077884379572e-10,2.1975664882289176e-09,0.00015408589919490082,0.013343911480809793
28815,3450,147,126,62.92853,23.0612,145065600.0,0.00016950677485378147,0.030541238180402483,3.919710326451233e-05,0.030429929025790222,7.211205134775271e-05,0.17245065700756856,0.15993515345199857,0.012515503555569612,0.36531230796689246,1.1793076771823662e-05,4.118197577728153e-05,0.0003966295583896823,1.7542884237372467e-10,1.3337154953148876e-10,4.2057292842236025e-11,9.177781441413487e-10,8.837276631635586e-10,3.405048097779045e-11,0.002766876055669788,0.9204986149309755,6.123419358825987e-07,4.417383192862968e-10,2.19716206279022e-09,0.00015410579056966643,0.013345123674000226
28816,3450,147,126,62.93332,23.06139,145065600.0,0.0001698313662672356,0.030546770523039196,3.922004214362244e-05,0.030435428746084178,7.212173481140183e-05,0.17281186010769534,0.16029428051384376,0.012517579593851212,0.3654329914845238,1.1818288121745256e-05,4.119955256149803e-05,0.00039686726772803404,1.7543268855554348e-10,1.3342764912705389e-10,4.200503942848972e-11,9.21941603535615e-10,8.876898369794814e-10,3.425176655613363e-11,0.002767419790792683,0.9206072664390617,6.163838796901059e-07,4.4220351384908367e-10,2.195678833976462e-09,0.00015417653635532106,0.013349476496875852
28817,3450,147,126,62.93748,23.05701,145065600.0,0.00016996829625646472,0.030549181562800606,3.9229729336154086e-05,0.030437825980308215,7.212585315624536e-05,0.1729645964669312,0.16044611961668356,0.012518476850247276,0.36548505970864265,1.1828914074305138e-05,4.120701118967273e-05,0.0003969679578615896,1.7543434623235878e-10,1.334512996545285e-10,4.1983046577830365e-11,9.23696294687614e-10,8.893596942226144e-10,3.433660046499964e-11,0.002767650375248735,0.9206542754130864,6.180867355341018e-07,4.4240129991018674e-10,2.1950620140582165e-09,0.0001542066627959781,0.013351316401804557
28847,3000,140,112,61.7259,25.77649,99141372.0745563,0.00021653140433456974,0.035313595734889326,4.753720477790265e-05,0.03517740924739357,8.86492827178524e-05,0.22216161563113038,0.20750729816499824,0.014654317466131793,0.42898180938757013,1.518283252519315e-05,4.8499699307664745e-05,0.0004706984135753327,2.052943653196906e-10,1.6096037921571025e-10,4.43339861039805e-11,1.3337150401448954e-09,1.2812681698371827e-09,5.2446870307712067e-11,0.00322076033879354,1.1722473856501172,9.749568308483595e-07,5.320462840398843e-10,2.479926242316361e-09,0.00018258754592530714,0.015811619560134632
28848,3000,140,112,61.72874,25.7703,99141372.0745563,0.00021603425433818993,0.035305622728299776,4.75021382612917e-05,0.03516948592255658,8.863466748190741e-05,0.22161073446548699,0.20695945751034125,0.014651276955145294,0.42880447114413034,1.514415652727082e-05,4.847306231856936e-05,0.00047033700199758356,2.0528870229546445e-10,1.608743570469251e-10,4.441434524853956e-11,1.3273273325532887e-09,1.2751892675258448e-09,5.213806502744359e-11,0.003219935374360202,1.1720885827615475,9.68751520952106e-07,5.313437800709105e-10,2.4822555761689873e-09,0.0001824810189430971,0.015804976370299834
28849,3000,140,112,61.72993,25.78012,99141372.0745563,0.00021648005674833096,0.035313096654964335,4.7533626456085297e-05,0.035176915115202476,8.864791330577102e-05,0.22210623794508708,0.20745214428705927,0.014654093658027405,0.42896835689461504,1.5178797826601636e-05,4.8497132191883e-05,0.0004706628152998049,2.0529392812877986e-10,1.6095143031635438e-10,4.434249781242566e-11,1.3330482405533806e-09,1.2806335972149266e-09,5.2414643338453344e-11,0.0032206802090501033,1.1722359168682372,9.743064599675178e-07,5.319802068242588e-10,2.4802041604781957e-09,0.00018257772874779077,0.015810948770588366
28850,3000,140,112,61.73695,25.78622,99141372.0745563,0.00021639507651309374,0.03531229447423209,4.7527707524640886e-05,0.035176121109500746,8.864565720670396e-05,0.2220146993553904,0.20736096948110436,0.014653729874285598,0.4289464497963253,1.5172117461157112e-05,4.8492897117558e-05,0.00047060402704984555,2.0529321541301947e-10,1.609366151824278e-10,4.435660023059189e-11,1.3319441701733529e-09,1.2795828868363595e-09,5.236128333699253e-11,0.003220547966686844,1.172217297895003,9.732294023111321e-07,5.318713244029371e-10,2.4806668536445848e-09,0.00018256156827280336,0.01580983973976753
28851,3000,140,112,61.73774,25.77665,99141372.0745563,0.00021583951437371236,0.035303179369793054,4.748849338096105e-05,0.035167061640318346,8.862923609375221e-05,0.22139813127540717,0.2067478562597475,0.014650275015659261,0.42874519710397796,1.5128922639359971e-05,4.846301395141326e-05,0.00047019905702647477,2.0528679353166607e-10,1.608405265542528e-10,4.4446266977413474e-11,1.3248104087023503e-09,1.2727940030618723e-09,5.201640564047751e-11,0.003219622861369891,1.1720367144852926,9.663009944999912e-07,5.310821791059402e-10,2.4832462403205464e-09,0.00018244177479553004,0.015802406303026276
28852,3000,140,112,61.74097,25.79058,99141372.0745563,0.00021640226248102087,0.03531275434017456,4.752826058211721e-05,0.03517658006229394,8.864601729851107e-05,0.22202427613553008,0.20737040646160443,0.014653869673925223,0.42895417991934803,1.5172633906947274e-05,4.8493477664594644e-05,0.0004706110885330409,2.0529345418233662e-10,1.6093779037892295e-10,4.4355663803413826e-11,1.332029008353405e-09,1.2796636145166444e-09,5.236539383675997e-11,0.0032205652831314804,1.1722248337290258,9.733090438181717e-07,5.318883626231815e-10,2.4806728471101113e-09,0.00018256436726826172,0.01580995206391505
28977,2300,115,108,64.33048,24.38455,64499735.7111607,0.0002213914706395692,0.04226947988307181,5.4632693675110674e-05,0.04211082440347989,0.00010402278591681713,0.22251120069317137,0.2052790627773658,0.017232137915805273,0.510882525217145,1.5013828185267215e-05,5.663427058835419e-05,0.0005363946262130592,2.452787753016601e-10,1.8603763354820005e-10,5.924114175346013e-11,1.0881661451928428e-09,1.0501800074846753e-09,3.7986137708167885e-11,0.0038010087522942935,1.3864537396718362,6.67171313190973e-07,5.821140422735553e-10,3.2005365280567e-09,0.000210854325369683,0.019089149598424303
28978,2300,115,108,64.33421,24.397,64499735.7111607,0.00022236860315656869,0.042285760592728386,5.47016975686486e-05,0.04212700712000054,0.00010405177515921389,0.2235967973671191,0.20635851375643313,0.017238283610685676,0.5112402237445102,1.5089769241455282e-05,5.668697084904694e-05,0.0005371082218028444,2.4529018355133087e-10,1.862065866724658e-10,5.908359687886523e-11,1.1007077200752734e-09,1.0621152603809403e-09,3.859245969433361e-11,0.0038026397383592067,1.3867751378764321,6.793498592939287e-07,5.835069769452408e-10,3.1960285033133267e-09,0.00021106592972729043,0.019102235432061312
29003,4500,138,142,60.67527,22.94476,189216000.0,0.00016695683627356635,0.028802775661627485,3.8040631967679985e-05,0.028694129836793588,7.060519286621541e-05,0.16949214805730553,0.1576450010407478,0.011847147016557473,0.34706888024492627,1.1629039138913605e-05,3.917309325624439e-05,0.00037794566743920034,1.69385188112264e-10,1.3134170097908016e-10,3.804348713318396e-11,9.556964055811712e-10,9.194208453553805e-10,3.627556022579048e-11,0.0026260509219208994,0.9132864955289134,6.658501203759381e-07,4.2067231271066757e-10,2.0594525953346463e-09,0.00014669816207556237,0.012813022237464068
29004,4500,138,142,60.67961,22.94772,189216000.0,0.00016732203524606103,0.02880894839138961,3.806643364949747e-05,0.02870026589231513,7.061606542498108e-05,0.16989829667889314,0.1580488282917584,0.011849468387134514,0.3472038861487041,1.1657410912699976e-05,3.9192839610338415e-05,0.0003782128392561841,1.693894919119532e-10,1.314048290732769e-10,3.798466283867636e-11,9.603818533443366e-10,9.23879772989387e-10,3.6502080354949626e-11,0.0026266618708932392,0.9134079531235756,6.70399234814112e-07,4.211946714815141e-10,2.0577778557632408e-09,0.0001467775694012677,0.012817917167327606
29005,4500,138,142,60.68597,22.97759,189216000.0,0.00016887629817538807,0.028834812982953668,3.8176189477759385e-05,0.028725974630560938,7.06621629149699e-05,0.1716249363146177,0.15976570128838594,0.011859235026231546,0.34777237325650606,1.177820951803177e-05,3.9276648368902046e-05,0.00037934773947432247,1.6940762367581043e-10,1.3167357848134196e-10,3.7734045194468544e-11,9.803316416667633e-10,9.428650903631769e-10,3.746655130358622e-11,0.0026292556750108454,0.9139186927435945,6.897718147103919e-07,4.234096833171193e-10,2.0506035308986665e-09,0.00014711403777111106,0.01283873045713185
29006,4500,138,142,60.68555,22.9881,189216000.0,0.00016927576696011234,0.02884139060872582,3.820438898692712e-05,0.02873251223929578,7.067398044311066e-05,0.17206838080077294,0.1602066550608665,0.011861725739906187,0.3479174340336301,1.1809265209645836e-05,3.929814877809339e-05,0.0003796390527496805,1.6941225195526467e-10,1.317426649370532e-10,3.766958701821154e-11,9.854605560944502e-10,9.477460496772297e-10,3.7714506417220474e-11,0.0026299212267643884,0.9140488966071407,6.947528976980748e-07,4.239775769395584e-10,2.0487515705222626e-09,0.00014720025953684164,0.012844076474164754
29007,4500,138,142,60.6917,22.98001,189216000.0,0.00016929915870770126,0.02884198380392803,3.820606815444724e-05,0.028733102973484644,7.067476228894276e-05,0.17209532201811364,0.1602333925693246,0.011861929448788807,0.3479290472896519,1.1811058033024157e-05,3.929952580911298e-05,0.00037965722042770586,1.694126176941241e-10,1.317466692759853e-10,3.766594841813885e-11,9.85756368243205e-10,9.480275554144438e-10,3.7728812828761026e-11,0.0026299634544946935,0.9140596843293062,6.950385077924797e-07,4.2401498663940476e-10,2.0486670669585707e-09,0.00014720606855533143,0.012844399361779328
29008,4500,138,142,60.68302,22.95445,189216000.0,0.0001677853110349836,0.028816708286725858,3.809915510002771e-05,0.028707979304214558,7.06298274112725e-05,0.17041318892030635,0.15856079536848713,0.01185239355181898,0.3473740908914093,1.1693410851601976e-05,3.921784895353012e-05,0.00037855138573503254,1.693949193979727e-10,1.3148492463615806e-10,3.7909994761814685e-11,9.663271459206259e-10,9.295376395271666e-10,3.6789506393459175e-11,0.002627435790508772,0.9135609559850498,6.761721050084026e-07,4.218559038818756e-10,2.0556452314404987e-09,0.0001468780442959108,0.012824123327993136
30943,2300,80,82,64.63106,24.39258,102261268.655095,0.00010354885016493173,0.015475672349652511,2.4730551478604602e-05,0.015395506795282878,5.543500289103033e-05,0.10631946509448438,0.0994222703912245,0.006897194703259793,0.198768188453962,7.097700403840877e-06,2.1828146870804582e-05,0.0002091897119779223,1.0355113296929267e-10,8.696873338877982e-11,1.6582399580512974e-11,6.898335917768883e-10,6.625055957116597e-10,2.732799606522897e-11,0.00145512223031431,0.8298411136002549,5.276053972554346e-07,2.2634906418312466e-10,1.2370844092988321e-09,8.420894018284945e-05,0.007797212413177865
30944,2300,80,82,64.63739,24.39032,102261268.655095,0.00010414012692259125,0.015485361662732027,2.4772284948639817e-05,0.01540513690321851,5.54524745648798e-05,0.10697561450679278,0.10007474611851908,0.006900868388273618,0.19898220245893397,7.143673482014773e-06,2.1859944420006665e-05,0.0002096206530134188,1.0355796232983172e-10,8.707100145468519e-11,1.6486960875146644e-11,6.974262067081251e-10,6.697311502443417e-10,2.769505646378373e-11,0.0014561066225192085,0.8300331270737012,5.349795446266429e-07,2.2718870519070428e-10,1.2343378517728512e-09,8.433639167652779e-05,0.007805123156182477
30945,2300,80,82,64.63106,24.39266,102261268.655095,0.00010354778034766832,0.015475655591290107,2.473047607240509e-05,0.015395490143604987,5.543497161271607e-05,0.10631828152080948,0.09942109324951925,0.006897188271290127,0.19876781281813372,7.0976171276669465e-06,2.1828089776897852e-05,0.000209188936382367,1.0355112096459036e-10,8.696854819873465e-11,1.6582572765855818e-11,6.898198373979143e-10,6.624925062594156e-10,2.7327331138499036e-11,0.001455120461312156,0.8298407779358562,5.275920324157391e-07,2.2634756042988456e-10,1.237089467685672e-09,8.420871240441018e-05,0.007797198136557045
30946,2300,80,82,64.63731,24.39038,102261268.655095,0.00010413223652220633,0.015485232664463413,2.4771728069300894e-05,0.015405008694852507,5.545224154160741e-05,0.10696685981848658,0.10006604037022636,0.006900819448260114,0.19897935104588477,7.143059948511358e-06,2.1859520263468393e-05,0.00020961490385539586,1.0355787133193709e-10,8.706963665998559e-11,1.6488234671951612e-11,6.973248790984075e-10,6.696347212489205e-10,2.7690157849487293e-11,0.0014560934908517615,0.8300305693153873,5.34881130149503e-07,2.2717750649163987e-10,1.2343745385286369e-09,8.433469198229432e-05,0.007805017604142145
30947,2300,80,82,64.63215,24.38514,102261268.655095,0.00010374641399445515,0.015478841369625641,2.4744486740895082e-05,0.015398656071743072,5.5440811141678305e-05,0.10653838413550784,0.09963998098692389,0.006898403148583852,0.19883867045912906,7.113069892269389e-06,2.1838732561512668e-05,0.00020933333756055562,1.0355338368961832e-10,8.700291785973904e-11,1.6550465829879384e-11,6.923720076454281e-10,6.64921295204322e-10,2.745071244110642e-11,0.0014554500747002816,0.8299042299179954,5.300713251016404e-07,2.266282462792608e-10,1.2361588183728054e-09,8.425127544766909e-05,0.007799852397589776
31490,3000,124,112,62.33857,21.38651,92807965.4576226,0.00018135440083174532,0.03448509507599453,4.573151360550873e-05,0.03434837557064756,9.098799174145151e-05,0.182456894252376,0.1680639921202158,0.014392902132159921,0.41712907967199575,1.2341128838227756e-05,4.643687909485719e-05,0.00044154268550980225,2.0700033737661623e-10,1.5827311610508208e-10,4.872722127153431e-11,8.872124353010267e-10,8.564699228689171e-10,3.074251243210974e-11,0.0031437766905808174,1.2403429538704918,5.433376698531018e-07,4.737823118842651e-10,2.6745371786842046e-09,0.00017452514354231,0.015559160715569684
31491,3000,124,112,62.34475,21.3883,92807965.4576226,0.00018219684018738335,0.03449913075362916,4.5791005525210425e-05,0.03436232676350273,9.101298460121183e-05,0.1833928426828514,0.16899464223706961,0.014398200445781504,0.417437458949492,1.2406601874276617e-05,4.648231440957608e-05,0.00044215791094467715,2.0701017268249185e-10,1.584187799896562e-10,4.859139269283586e-11,8.980252302185709e-10,8.667599736269487e-10,3.126525659162223e-11,0.003145182840114833,1.2406200364819504,5.538374838489729e-07,4.749832207840403e-10,2.6706504706666177e-09,0.00017470757625849583,0.015570442689641141
31507,4500,143,143,63.05448,21.71951,162639377.861141,0.00017510721502960296,0.03416447528124982,4.352949214904459e-05,0.0340385352839535,8.24105051472764e-05,0.17563610524850093,0.1616586558177003,0.013977449430800324,0.40461163707233455,1.2078465761820446e-05,4.5365302203430585e-05,0.00043273159300477094,2.0175708110261325e-10,1.5186488474668853e-10,4.9892196355924834e-11,8.350964045765675e-10,8.066574777806506e-10,2.8438926795916686e-11,0.0031074504331060665,1.0194559644756502,4.95719380626143e-07,4.708363746460409e-10,2.536747502486473e-09,0.00016891584601225713,0.014943480794812624
31513,3200,92,113,65.65781,24.55138,125787228.073375,0.00013763436000564542,0.022869068053552682,3.282444421600476e-05,0.0227686920834036,6.755152593308128e-05,0.14053640508970008,0.1308558729822728,0.009680532107427116,0.28786149249520115,9.310437566195031e-06,3.1570113037799164e-05,0.000301247533115171,1.4164817272256163e-10,1.1437740917191207e-10,2.7270763550649643e-11,8.144458647123615e-10,7.832848661771833e-10,3.116099853517874e-11,0.0020821281114873145,0.999371269671285,5.825748828401383e-07,3.290099215902379e-10,1.7887316396428933e-09,0.00012008072479240334,0.010879998669510154
31514,3200,92,113,65.66217,24.55664,125787228.073375,0.00013755794915844166,0.022868062306209344,3.281908401820842e-05,0.022767693847707174,6.754937448395975e-05,0.140452764863477,0.13077263897357486,0.009680125889901976,0.28783752969589527,9.304466001793835e-06,3.1566143634781676e-05,0.00030119315632685007,1.4164740235645853e-10,1.1436414428326122e-10,2.7283258073197382e-11,8.134593124651099e-10,7.823460016868904e-10,3.111331077822016e-11,0.0020820047536209687,0.9993502026498091,5.816147326369078e-07,3.2890633664050395e-10,1.7891149366841892e-09,0.00012006515454782621,0.010878988017636171
31515,3300,119,112,65.76648,24.14503,113600508.35026,0.00014415326621472152,0.028199400975879352,3.80447656635626e-05,0.028082362566817773,7.8993643398015e-05,0.14501463296937986,0.1331434153791922,0.011871217590187437,0.3414130804058791,9.752248969686194e-06,3.762445485771475e-05,0.0003559844232908943,1.7410575281700346e-10,1.338935596820207e-10,4.021219313498284e-11,6.761689379745007e-10,6.537066736278449e-10,2.2462264346656225e-11,0.002578836251271718,1.0640813980569346,3.9477154382589976e-07,3.7883608878470796e-10,2.2455760916177504e-09,0.00014185367026277033,0.012819145065964762
31516,3300,119,112,65.76929,24.15614,113600508.35026,0.0001435080732527804,0.02818926169234091,3.7999284798709863e-05,0.02807228764174132,7.897476580087903e-05,0.1443006826112347,0.13243335310702276,0.011867329504211691,0.3411860515530066,9.702030206115424e-06,3.759000380310415e-05,0.0003555164981780309,1.7409849812374578e-10,1.3378188039736312e-10,4.031661772638275e-11,6.678745570375175e-10,6.45813268076574e-10,2.2061288960943698e-11,0.002577768879929699,1.063878468506018,3.867123306750899e-07,3.779285448044607e-10,2.248622995251933e-09,0.00014171618116189994,0.012810533481680427
31517,3300,119,112,65.76647,24.14505,113600508.35026,0.00014415316048079283,0.028199398903665646,3.80447581551415e-05,0.028082360505383472,7.899364012703235e-05,0.14501451404435586,0.13314329720554585,0.011871216838809758,0.3414130370445897,9.752240790600733e-06,3.762444897893442e-05,0.00035598434441825964,1.7410575144115534e-10,1.3389354146132115e-10,4.021220997983434e-11,6.761675876211196e-10,6.537053885654662e-10,2.2462199055653744e-11,0.0025788360699270287,1.0640813585573063,3.9477023506205277e-07,3.78835931855008e-10,2.2455765436879226e-09,0.00014185364623084637,0.012819143635280365
33970,3000,144,131,60.87513,23.31828,88437769.9216178,0.00026537589526010654,0.05084694175014492,6.23372298450637e-05,0.0506751351868574,0.00010946933344247306,0.26735420282651,0.24689705066952045,0.020457152156989,0.6034630116903817,1.830030446867735e-05,6.811042636780851e-05,0.0006520875496587055,2.8283106183019455e-10,2.0925891236645474e-10,7.357214946374005e-11,1.2960039013759739e-09,1.2500950292438782e-09,4.590887213209607e-11,0.004560883198860029,1.3866104405178845,7.935229987025387e-07,7.19468668631152e-10,3.670524578765033e-09,0.00025270315428133126,0.02194075853208745
33971,3000,144,131,60.87677,23.29298,88437769.9216178,0.00026700655784135863,0.05087271930701896,6.24521986240785e-05,0.05070074999822603,0.00010951711016886859,0.26915935266869195,0.24869233161390986,0.020467021054781594,0.6040390765065043,1.842720879556839e-05,6.819758402152642e-05,0.0006532709927679267,2.828494663455178e-10,2.0954114093732182e-10,7.330832540819613e-11,1.3169638504989785e-09,1.270041707219999e-09,4.6922143278979535e-11,0.004563583246799507,1.387125629055487,8.138874585466186e-07,7.217654242772233e-10,3.662841261927237e-09,0.0002530511982136921,0.021962530641784137
33972,3000,144,131,60.87345,23.30294,90375492.7853074,0.00026047183348935763,0.04976884448237995,6.105602983030291e-05,0.049600643344094864,0.00010714510845480155,0.26249030920373934,0.24246710804780602,0.020023201155932834,0.5907970836875608,1.796912556321667e-05,6.669190355545192e-05,0.0006386748597662564,2.7677566084554475e-10,2.049083020677186e-10,7.186735877782629e-11,1.2783240181108466e-09,1.2329108495317586e-09,4.5413168579087687e-11,0.00446439034569961,1.3571238006850863,7.863321233424727e-07,7.051430847131942e-10,3.5880861773204374e-09,0.0002474515472554278,0.021480807859849318
33973,3000,144,131,60.87093,23.32648,90375492.7853074,0.0002589154213351636,0.049744121633270626,6.0946280070863517e-05,0.04957607589742494,0.00010709945577482943,0.26076679728241625,0.24075304876536335,0.02001374851705242,0.5902454645402899,1.7848014397307252e-05,6.660864698730738e-05,0.0006375446686895074,2.767580401556793e-10,2.046389480217852e-10,7.211909213389422e-11,1.2583210451689674e-09,1.213874887585445e-09,4.444615758352232e-11,0.004461811378829892,1.356630260448461,7.66898409130253e-07,7.029485313229489e-10,3.595405941921003e-09,0.0002471189161399236,0.02146002148814583
34007,2400,120,117,61.96371,22.28605,72776545.7507318,0.0002474166599546434,0.04383327650545159,5.64844103452484e-05,0.04367572359147117,0.00010106850363516623,0.24882531221612644,0.23121663857472013,0.01760867364140591,0.5266502586738956,1.7115826823054628e-05,5.919942663931495e-05,0.0005655086548399371,2.4871258724546547e-10,1.9004238377280989e-10,5.867020347265565e-11,1.3773980528618384e-09,1.3257640466588105e-09,5.1634006203027817e-11,0.0039490731189898,1.2534163603760666,9.368738851112172e-07,6.284717125623217e-10,3.083915883725604e-09,0.00021855906702990347,0.01976982198137622
34040,1000,50,54,61.63018,21.37455,36843870.7116976,8.829723374234163e-05,0.0155105488429742,2.5900643473610112e-05,0.015420748851150998,6.389934834959133e-05,0.08944176047520981,0.08219940288911333,0.007242357586096406,0.20096999380053934,5.825884934167792e-06,2.1485980800394428e-05,0.0002006954379112972,1.1788828981637444e-10,9.872420577490816e-11,1.916408404146636e-11,4.727441592475232e-10,4.568615952673951e-10,1.588256398012844e-11,0.0015048078231383489,1.004439949373261,3.126344888467211e-07,2.0282822004296166e-10,1.4071786573495677e-09,8.35274523977778e-05,0.008083625600412557
34041,1000,50,54,61.63356,21.38004,42048000.0,7.713197057709991e-05,0.013587152591163804,2.2678307153064337e-05,0.013508490457024827,5.5983826985912756e-05,0.0781096459698647,0.07176507353958528,0.006344572430279356,0.17601345739603816,5.0863849813234045e-06,1.881408934213449e-05,0.00017568425129691208,1.032950222854896e-10,8.646443518612136e-11,1.6830587099368307e-11,4.1118681183193887e-10,3.974173008800478e-10,1.3769510951891352e-11,0.0013181712627669795,0.8800496913188286,2.709796347013302e-07,1.7739175479855705e-10,1.2341381578669714e-09,7.313909880512961e-05,0.007079981302521925
34074,3300,137,126,64.35085,24.46801,85961009.3147764,0.0002524129070562574,0.0488371211172021,6.163141149759046e-05,0.04866005214645271,0.00011543755925179278,0.2557463301564825,0.23577566805894973,0.019970662097532288,0.5854945985211083,1.724566055694827e-05,6.529631103473705e-05,0.0006234099387955228,2.8044036351495964e-10,2.104343278471243e-10,7.000603566783552e-11,1.2099425969200125e-09,1.1679097785436445e-09,4.203281837636822e-11,0.004390184570067384,1.5279739743856358,7.269754068740182e-07,6.828873401995488e-10,3.6768050272719784e-09,0.00024453117551959987,0.02130612525386988
34075,3300,137,126,64.34612,24.4997,85961009.3147764,0.0002522052182687788,0.0488339418455623,6.161678246228161e-05,0.0486568935440509,0.00011543151904910647,0.2555169044105279,0.2355474703697281,0.019969434040799348,0.585422785638439,1.7229484592656117e-05,6.528526916686242e-05,0.0006232597638432284,2.8043806672822083e-10,2.103983613446799e-10,7.003970538354114e-11,1.207270781860474e-09,1.1653671248460691e-09,4.1903657014404966e-11,0.004389842304711469,1.5279099371827343,7.243786643806675e-07,6.82596889716331e-10,3.6777955656346893e-09,0.000244487226584611,0.021303357170145393
34076,3300,137,126,64.35612,24.49247,85961009.3147764,0.00025090027127485097,0.04881372769789971,6.152483360370978e-05,0.048636809399830276,0.00011539346446572396,0.2540742644082979,0.23411261272545528,0.019961651682842068,0.584968000814749,1.7127877460024288e-05,6.521575592708962e-05,0.0006223149168266632,2.8042352713652934e-10,2.1017242430588362e-10,7.025110283064587e-11,1.1904884528205577e-09,1.1493960964502567e-09,4.109235637030118e-11,0.004387688061330237,1.5275039575006506,7.080697997296518e-07,6.807671775962903e-10,3.683991886991542e-09,0.0002442102169594324,0.021285953521861082
34133,4800,146,143,64.62746,25.15575,238081759.653452,0.0001238721529324304,0.024145755120376016,3.092355943638086e-05,0.024055498785555154,5.933277538447973e-05,0.12494882339301461,0.11502817661183785,0.009920646781176533,0.2865736123079015,8.541002348897301e-06,3.200665335466124e-05,0.00030564878324722576,1.4359399668516815e-10,1.0851159898074837e-10,3.508239770441982e-11,5.936292082381364e-10,5.733914960561267e-10,2.02377121820097e-11,0.002195156204607737,0.7409575081991565,3.536826909253257e-07,3.3367525169082233e-10,1.8072997746980202e-09,0.00011966655138732634,0.010526192317417936
34134,4800,146,143,64.81052,25.35472,238081759.653452,0.0001295326376723444,0.02424789859854782,3.132434546585366e-05,0.02415707016259893,5.950409048303721e-05,0.13127431114312607,0.1213158848188612,0.009958426324264691,0.2887631377813548,8.979957803744667e-06,3.231638612288449e-05,0.0003098243603068192,1.4366364936909554e-10,1.0948878737067747e-10,3.417486199841812e-11,6.661117677823043e-10,6.423696816616899e-10,2.3742086120614465e-11,0.0022047269470202337,0.7429384203967302,4.240040705595004e-07,3.4190086924088294e-10,1.7820861498573436e-09,0.00012092097633479773,0.010602368341529172
34135,4800,146,143,64.80318,25.40356,171281547.988816,0.00017828254809483187,0.03367633912683116,4.3416207678566204e-05,0.033550264045844345,8.26588733082479e-05,0.18051265620719759,0.16668121727565244,0.013831438931544907,0.4007516187060702,1.2344603318240223e-05,4.4825151747378333e-05,0.00042937154121343437,1.9967270074981586e-10,1.5188372357634004e-10,4.7788977173475906e-11,9.031776246240347e-10,8.712744022733099e-10,3.1903222350725155e-11,0.003061642615904957,1.0321222772427132,5.672956161551726e-07,4.72745718172575e-10,2.4853950644516996e-09,0.00016770179299850817,0.014713693339298482
34139,2000,65,66,59.87258,23.08991,107561593.34911,9.192557589610354e-05,0.010475696495371759,1.9223269254977776e-05,0.010412471364446561,4.400186167022208e-05,0.0964717014629223,0.09152709187399977,0.004944609588922482,0.14155553637558868,6.46343769851742e-06,1.5789655104364087e-05,0.00015589431306931278,7.38675727113419e-11,6.692275618683302e-11,6.944816524508937e-12,7.536489721358381e-10,7.214212060371603e-10,3.2227766098678664e-11,0.0010165110599435268,0.7078111251733498,6.377383197058489e-07,1.7625973770597223e-10,7.902792163630338e-10,6.24687375868463e-05,0.005631907148073831
34140,2000,65,66,59.87404,23.09541,107561593.34911,9.168546482779133e-05,0.010471878693581226,1.9206337419030296e-05,0.010408677539051113,4.399481711108506e-05,0.09620579396707518,0.09126264370141987,0.004943150265655271,0.14147038060826958,6.444754081068992e-06,1.577680880344951e-05,0.00015571993602971434,7.386485261995072e-11,6.688120309871333e-11,6.983649521237458e-12,7.505631518675624e-10,7.1848456479958e-10,3.207858706798304e-11,0.0010161131384048025,0.707734928563041,6.347403481045897e-07,1.7592110421318085e-10,7.914080201814259e-10,6.241740814715e-05,0.005628700211975606
34141,2000,65,66,59.87548,23.10095,92002108.3573062,0.00010690964704013412,0.012238412714674555,2.2434663429818842e-05,0.012164551054741192,5.1426996503548913e-05,0.11216418719684393,0.10638675908615926,0.005777428110684628,0.16529605954950757,7.512773342983465e-06,1.8429923578357617e-05,0.00018185082188209447,8.635375554797623e-11,7.81434571757968e-11,8.210298372179477e-12,8.73878148639029e-10,8.365494498392558e-10,3.732869879977411e-11,0.0011874922346327421,0.8273383249284213,7.385703666177368e-07,2.0527568481945366e-10,9.265762374198664e-10,7.291326808550885e-05,0.006576868297941657
34142,2000,65,66,59.87695,23.10649,92002108.3573062,0.00010662700322162291,0.01223391866592433,2.2414732329469706e-05,0.012160085229495264,5.141870409959735e-05,0.11185117756900305,0.10607546727454688,0.005775710294456106,0.16519581992700252,7.490780146627088e-06,1.841480172884136e-05,0.0001816455562351203,8.635055363924728e-11,7.80945434584478e-11,8.256010180799525e-12,8.702457122537798e-10,8.330926177632174e-10,3.7153094490563306e-11,0.0011870238266129042,0.8272486314748643,7.350413399968071e-07,2.0487706713085903e-10,9.279049985465994e-10,7.285284637099904e-05,0.006573093293611768
34153,3600,134,131,63.86964,23.02816,150081122.821391,0.00015369045074080327,0.029822535350653642,3.786004945260137e-05,0.02971319450346168,7.148079773936538e-05,0.15526660251397473,0.14305310646956015,0.012213496044414315,0.357826161647702,1.0480285824921944e-05,3.988525470774345e-05,0.0003803291269364455,1.7284567688657925e-10,1.3006974334230534e-10,4.277593354427405e-11,7.308060600923811e-10,7.056130592063239e-10,2.51930008860574e-11,0.0026864513543329717,0.9476844991474737,4.359040421615395e-07,4.145744668127853e-10,2.2585314522665407e-09,0.00014934028102922035,0.013073839147995788
34154,3600,134,131,63.86831,23.03369,150081122.821391,0.00015348655457044806,0.02981922621248572,3.784566236886152e-05,0.02970990576344184,7.147478667502475e-05,0.15504048611515245,0.14282824796981913,0.012212238145333067,0.35775284265900403,1.0464428475171835e-05,3.9874307854287166e-05,0.0003801806923298499,1.7284333647574247e-10,1.3003447081377222e-10,4.280886566197036e-11,7.281871205246041e-10,7.031207298456631e-10,2.5066390678941236e-11,0.0026861123987506857,0.9476187736972921,4.3336020036238224e-07,4.142855663924739e-10,2.259482274287082e-09,0.0001492964479910735,0.013071112723240694
34155,3600,134,131,63.87107,23.05831,150081122.821391,0.00015350826342783684,0.02982000973533946,3.784725196371877e-05,0.02971068687047167,7.147561290407079e-05,0.15506658044354105,0.14285408843837946,0.012212492005161306,0.3577671137856839,1.0466063520510748e-05,3.987571801580196e-05,0.00038019879533648335,1.7284378199422532e-10,1.3003814095710523e-10,4.280564103712021e-11,7.28456585488109e-10,7.033771563726871e-10,2.5079429115422074e-11,0.00268615523417517,0.9476323284626009,4.3361846622654657e-07,4.1432493908445577e-10,2.2594306666470286e-09,0.00014930269046641237,0.013071423402700243
34156,3600,134,131,63.86849,23.0731,150081122.821391,0.00015318199758148013,0.029814752081666788,3.782423539847326e-05,0.029705461835819864,7.146601044845414e-05,0.15470493432844362,0.1424944447328337,0.012210489595609657,0.3576503539286403,1.044068464154918e-05,3.985822260219865e-05,0.00037996147656640364,1.7284005403826107e-10,1.2998169196218797e-10,4.285836207607324e-11,7.242650565673756e-10,6.99388262043155e-10,2.4876794524220814e-11,0.0026856134386222807,0.9475277274667636,4.2954682702135244e-07,4.138634019175251e-10,2.2609564452741597e-09,0.0001492326877037756,0.013067062468731492
34179,2000,100,93,60.54837,27.07901,67092578.69493,0.00016160266721234018,0.02911906406004638,4.014299677963605e-05,0.02899769591859271,8.122514467403476e-05,0.16266227537899516,0.15046679395887272,0.012195481420122263,0.35948980830401134,1.0903656207511264e-05,3.971693666607507e-05,0.00037587788318906577,1.7658119818890117e-10,1.3788512870867668e-10,3.869606948022465e-11,8.574022199278455e-10,8.264099789878147e-10,3.0992240940031114e-11,0.0026516678225841097,1.1759941211569496,5.636928583446268e-07,4.016013132811892e-10,2.2848812866507116e-09,0.00014931137879642498,0.013700316710457888
34180,2000,100,93,60.54535,27.08172,67092578.69493,0.00016193980267795654,0.029124432370402922,4.016677150057016e-05,0.02900303055972302,8.123503917933102e-05,0.16303566768980585,0.15083813508997723,0.012197532599828458,0.3596094909621379,1.0929888561032365e-05,3.9734978346193294e-05,0.00037612276435548386,1.7658502097274504e-10,1.3794347107873422e-10,3.864154989401093e-11,8.617347928209908e-10,8.305331003883069e-10,3.120169243268434e-11,0.002652226658923105,1.1761012260978403,5.679020265723546e-07,4.0207693817521045e-10,2.283297252707651e-09,0.0001493834780270104,0.013704819878774848
34181,2000,100,93,60.54427,27.0766,67092578.69493,0.00016174781108784457,0.029121177349332648,4.0153205769870564e-05,0.02899979482455969,8.12293190030884e-05,0.16282210173669331,0.15062579227820255,0.01219630945849058,0.35953836742120915,1.0914974239720272e-05,3.972459171580932e-05,0.0003759822545572297,1.7658275387772448e-10,1.3791028547823767e-10,3.8672468399486926e-11,8.592717850410385e-10,8.281891681156609e-10,3.1082616925377913e-11,0.002651905317174979,1.1760372230271292,5.655107652470976e-07,4.0180212698179333e-10,2.2841765528307394e-09,0.00014934169598405648,0.013702246058515891
34182,2000,100,93,60.55117,27.07964,67092578.69493,0.0001614615618551235,0.029116921406583424,4.013306002879894e-05,0.028995567298139575,8.12210484150454e-05,0.1625064831153052,0.15031183121569042,0.012194651899614585,0.35944127847538493,1.0892663986724825e-05,3.970944459035445e-05,0.0003757759457799382,1.7657964564245088e-10,1.3786068935378771e-10,3.871895628866331e-11,8.555865906872497e-10,8.246821207624727e-10,3.0904469924777475e-11,0.0026514355566238284,1.1759508778955017,5.619281049521614e-07,4.014043259294956e-10,2.2855562649129536e-09,0.00014928158301416,0.013698436874664923
34213,3000,100,90,60.53269,27.13147,126144000.0,0.00010461591784872296,0.01718871226533151,2.6314025362465972e-05,0.017102987488923724,5.94107510453077e-05,0.10738054965215803,0.09967713133237617,0.007703418319781791,0.218359804728859,7.094781568333253e-06,2.4030997997631437e-05,0.00023032436170822035,1.1416575739432575e-10,9.333901916754253e-11,2.0826738226783315e-11,6.176079846910714e-10,5.942358156447518e-10,2.3372169046319795e-11,0.0016110252630224088,0.9176396793922452,4.4163588444072207e-07,2.4430270734932697e-10,1.4399716547672921e-09,9.340106971133466e-05,0.00829478370611906
34214,3000,100,90,60.53275,27.13144,126144000.0,0.00010461159777841873,0.017188643598744665,2.6313720728546844e-05,0.017102919253706265,5.941062430984462e-05,0.10737576556194271,0.09967237349181042,0.00770339207013223,0.218358272956603,7.0944454104494064e-06,2.403076688056423e-05,0.00023032122444593066,1.1416570846508469e-10,9.333827154118586e-11,2.0827436923898913e-11,6.175524642122791e-10,5.9418297921383e-10,2.336948499844926e-11,0.0016110181039940153,0.9176383088177936,4.415819443600349e-07,2.442966151297959e-10,1.4399919668350372e-09,9.340014627845401e-05,0.008294726008128354
34215,3000,100,90,60.53006,27.12374,126144000.0,0.0001044333436666733,0.01718560936705067,2.6301124035782006e-05,0.017099902934820933,5.940530819394923e-05,0.1071774240392218,0.09947517096134945,0.007702253077872301,0.21829205683810934,7.080599743405497e-06,2.402111656559448e-05,0.00023019070387511937,1.1416359806990592e-10,9.33074628508867e-11,2.0856135219019326e-11,6.152659541807447e-10,5.92007012126677e-10,2.3258942054067897e-11,0.0016107195654853272,0.9175787010936338,4.393621371527092e-07,2.440412253504466e-10,1.440806956462854e-09,9.336130957599764e-05,0.008292335778055535
34228,750,50,44,65.55133,25.1118,31536000.0,9.878516010343589e-05,0.013623725696183534,2.393675026411755e-05,0.013543198056940384,5.659088897903208e-05,0.10448707079993416,0.09805566259640851,0.006431408203525548,0.18110574796519602,6.812184453738968e-06,1.9626560793591196e-05,0.00019073907283886766,1.0514422081113738e-10,9.241580566921043e-11,1.2728415141926989e-11,7.028098049249696e-10,6.74985327167799e-10,2.7824477757171487e-11,0.0013342122009262693,0.9667907710807968,5.573828228398177e-07,2.112239014673252e-10,1.1260580704836455e-09,7.786296033238358e-05,0.006999715095784788
34229,750,50,44,65.55357,25.11354,31536000.0,9.884568206085793e-05,0.013624761105928626,2.3941027870636954e-05,0.013544227381868426,5.659269618956021e-05,0.10455443735658791,0.09812264098663394,0.006431796369953888,0.18112830816514489,6.816884778053637e-06,1.9629840284271276e-05,0.0001907834157749079,1.0514493971724956e-10,9.242626499890466e-11,1.2718674718344942e-11,7.035860219704027e-10,6.757240173133563e-10,2.786200465704704e-11,0.001334313644091003,0.9668110886698635,5.581363538295297e-07,2.113107170506934e-10,1.1257819595015822e-09,7.787616544468474e-05,0.0070005268881001784
34230,750,50,44,65.55028,25.11475,31536000.0,9.862691277602802e-05,0.013621166344566732,2.392558539746617e-05,0.01354065453162505,5.658622754421381e-05,0.10431161978592629,0.09788118537649149,0.006430434409434721,0.18104897768329353,6.799876188358469e-06,1.9618069817365364e-05,0.00019062391778704567,1.0514240844288723e-10,9.238842828605529e-11,1.2753980156831995e-11,7.007770067705894e-10,6.730508025208534e-10,2.7726204249736745e-11,0.0013339492713487675,0.9667398961821623,5.554082430329449e-07,2.1099985920945722e-10,1.126797047281073e-09,7.782897337728084e-05,0.006997599492891562
34289,600,40,44,67.92227,23.80242,25228800.0,0.00013521990577611775,0.015109593529120224,2.7346777139937088e-05,0.01502352538604478,5.872136593550641e-05,0.14538991525505277,0.13858568527771956,0.006804229977333063,0.20595607697119042,9.549918889910693e-06,2.2568105270282557e-05,0.00022708304960098057,1.1958200858050743e-10,1.106992675868235e-10,8.882740993684045e-12,1.1341087889302988e-09,1.0865311017043412e-09,4.757768722595836e-11,0.0014768491918453338,1.137287400358779,9.600991330589186e-07,2.7109247035773936e-10,1.0810856390090834e-09,9.008631195584743e-05,0.00765296963250439
34290,600,40,44,67.92208,23.79279,25228800.0,0.00013547266877527713,0.01511362492935002,2.73646028143617e-05,0.015027531539480396,5.872878705526273e-05,0.1456698921715082,0.13886412251880778,0.006805769652700235,0.20604590613809545,9.569585448154536e-06,2.2581635521272814e-05,0.00022726668119574193,1.1958487765899017e-10,1.107430077300939e-10,8.841869928896368e-12,1.1373569369822002e-09,1.0896222229207147e-09,4.7734714061486384e-11,0.0014772682751632215,1.1373678009486345,9.632547111720198e-07,2.714491954372538e-10,1.079898786931357e-09,9.014039146739771e-05,0.007656346136463928
34291,600,40,44,67.92232,23.79749,25228800.0,0.00013535901397365542,0.01511181769401494,2.7356588240462956e-05,0.015025735653255507,5.872545251896989e-05,0.14554402631997956,0.1387389474569465,0.006805078863032872,0.206005596679432,9.560741708991383e-06,2.257555475883773e-05,0.00022718414054059998,1.195835900750721e-10,1.1072333890377049e-10,8.86025117130171e-12,1.1358962890655661e-09,1.0882321876873148e-09,4.7664101378252397e-11,0.0014770799202655975,1.137331732217934,9.618356465686217e-07,2.7128890363511123e-10,1.0804330855662719e-09,9.011609466492368e-05,0.007654828151873001
34295,3450,108,115,65.61302,25.10526,123444940.654847,0.00016835212303242401,0.026575850539915093,3.8023771311853774e-05,0.02646193419030166,7.589257830157118e-05,0.17295167784255674,0.16174366205857754,0.011208015783978915,0.33096767477899,1.1641753033820109e-05,3.6749344976153834e-05,0.0003545370805400281,1.6257074583992067e-10,1.317678141084303e-10,3.080293173149053e-11,1.0709365709501136e-09,1.028627167114798e-09,4.2309403835315596e-11,0.002431967981524228,1.0624981045259265,7.989832054672538e-07,3.971715639276165e-10,1.9562559706405948e-09,0.0001394728283462113,0.01244133228669337
34296,3450,108,115,65.61322,25.09193,123444940.654847,0.00016884561649412318,0.02658368519504446,3.805856922978856e-05,0.026469719574198042,7.590705161662095e-05,0.17349813392915026,0.16228712216723074,0.011211011761919213,0.33114251362935465,1.1680154420934273e-05,3.6775740825425954e-05,0.0003548954089240349,1.6257633091881822e-10,1.3185321935832016e-10,3.0723111560498233e-11,1.0772790298375223e-09,1.034663010317874e-09,4.2616019519648826e-11,0.0024327856311621397,1.0626545273190786,8.051452003692563e-07,3.9786730873391395e-10,1.953934595208906e-09,0.00013957828056898743,0.012447922845461942
34297,3450,108,115,65.61303,25.10525,123444940.654847,0.00016835326429317143,0.026575869339028137,3.8023851877292725e-05,0.02646195287508412,7.589261206671683e-05,0.17295294477319212,0.16174492187137823,0.011208022901813565,0.33096808931761584,1.1641841757365362e-05,3.674940640574208e-05,0.00035453791284466995,1.6257075906593957e-10,1.3176801148328066e-10,3.0802747582659066e-11,1.070951223825346e-09,1.0286411116030277e-09,4.23101122223184e-11,0.00243196988308217,1.0624984766206889,7.989974359426189e-07,3.971731865126825e-10,1.9562506805174576e-09,0.00013947307470341702,0.012441347560315525
34298,3450,108,115,65.6132,25.09193,123444940.654847,0.00016884406775508436,0.026583659229338617,3.805845983815969e-05,0.026469693763900858,7.590700559959165e-05,0.17349641252187162,0.16228541054557077,0.011211001976300573,0.3311419442685018,1.1680034075506654e-05,3.67756572050024e-05,0.0003548942770280041,1.6257631276360063e-10,1.31852951602254e-10,3.07233611613468e-11,1.077259155147764e-09,1.0346440964735379e-09,4.261505867422618e-11,0.002432783043556093,1.0626540154592359,8.05125902270612e-07,3.9786509773825606e-10,1.953941721819367e-09,0.00013957794459109037,0.012447902097012018
34355,2500,136,100,62.59774,23.08192,105120000.0,0.00015688637620436723,0.026507835430203613,3.564069668782174e-05,0.026403863486103435,6.833124741234969e-05,0.1612144847556142,0.15010620095293764,0.01110828380267636,0.3244085072424538,1.0867704659023565e-05,3.6437691534530415e-05,0.0003521931656590488,1.54696747053641e-10,1.204914807044039e-10,3.420526634923719e-11,9.158004262172505e-10,8.805197679495474e-10,3.5280658267703194e-11,0.0024105358974914294,0.9721392088279727,6.482039107669057e-07,3.9217505415336723e-10,1.956745188115741e-09,0.0001380723447554608,0.011879275851430419
34356,2500,136,100,62.60091,23.08498,105120000.0,0.00015674816142797492,0.026505804368140828,3.5630972568595276e-05,0.026401846131267608,6.832726430462292e-05,0.16106220102965835,0.14995471092523746,0.011107490104420685,0.3243619865469335,1.0856929250352462e-05,3.643039134600142e-05,0.0003520936774338241,1.5469525713624e-10,1.2046752859957558e-10,3.422772853666448e-11,9.140205189065996e-10,8.788259030002011e-10,3.519461590639853e-11,0.002410309448810794,0.972097880866433,6.464733341577136e-07,3.919834544552814e-10,1.9574141306827778e-09,0.0001380434067129703,0.01187743772685853
34357,2500,136,100,62.59872,23.09269,105120000.0,0.00015714682288896857,0.026512202359228215,3.5659092789597246e-05,0.026408204280330083,6.833898610852941e-05,0.16150397019525073,0.15039404067612502,0.011109929519125464,0.3245042602457776,1.0887942735738264e-05,3.6451753926201295e-05,0.0003523835150346162,1.5469980032292085e-10,1.205365083487301e-10,3.416329197419086e-11,9.191426839747347e-10,8.837004436499574e-10,3.544224032477738e-11,0.0024109710528193375,0.972225292139235,6.514492023233667e-07,3.925468776110648e-10,1.9555467689159093e-09,0.0001381288464269488,0.011882765071333113
34395,2300,64,71,59.96459,19.94969,113655419.002402,0.00012208012614274547,0.01169541196643882,2.245603349697791e-05,0.01162446510979553,4.849082314631235e-05,0.12923925561991131,0.12375350243410206,0.005485753185809275,0.16118902549191325,8.749008131224308e-06,1.8288694877746328e-05,0.0001850171189580526,8.069222446212284e-11,7.694199800552492e-11,3.7502264565979874e-12,1.1053922562729562e-09,1.05651402800233e-09,4.887822827062664e-11,0.0011387886705330867,0.7702051268787121,9.719964039758482e-07,2.22389171915802e-10,7.483349916850981e-10,7.238024314760853e-05,0.0064041971350653525
34396,2300,64,71,59.9649,19.95812,113655419.002402,0.0001224271022997599,0.011701050290402894,2.2480517370927504e-05,0.011630068717627787,4.850105540417731e-05,0.12962407769207238,0.12413618193696382,0.0054878957551085525,0.1613139005187754,8.775992180163542e-06,1.830732747147572e-05,0.00018526975220103077,8.069621042568263e-11,7.700202091472541e-11,3.694189510957305e-12,1.1098488297685263e-09,1.0607551523941641e-09,4.9093677374362505e-11,0.0011393655918448596,0.7703170812654994,9.76325128882338e-07,2.2288094346089655e-10,7.467177628298886e-10,7.245486094453843e-05,0.006408837107098936
34397,2300,64,71,59.95881,19.95419,113655419.002402,0.00012235182082682218,0.011699711029247575,2.2475189700089605e-05,0.011628737054254662,4.849878529282269e-05,0.1295400419281778,0.124052643282787,0.005487398645390802,0.161285068742461,8.770151931247664e-06,1.8303219078144268e-05,0.00018521432155949098,8.069529282079732e-11,7.698902102444681e-11,3.706271796350595e-12,1.1088844325584062e-09,1.0598373811802747e-09,4.904705137813201e-11,0.0011392386063105856,0.7702910280367493,9.753893316390054e-07,2.2277193046851509e-10,7.470552997611595e-10,7.2438247883132e-05,0.006407824913891994
34733,3450,147,126,62.34169,28.07062,89706472.1090179,0.000278977340081556,0.04992896723401865,6.386134361381175e-05,0.04974802015946795,0.0001170857309368916,0.2857659139947172,0.2652583198084207,0.020507594186295924,0.6020116566515669,1.9310325969683042e-05,6.7661679091353e-05,0.0006530421026338535,2.8406167925982306e-10,2.1619713988970246e-10,6.786453937012078e-11,1.5141709777402906e-09,1.45750444614842e-09,5.6666531591871e-11,0.004497800560636658,1.573545298303776,1.016548065477236e-06,7.298828259821042e-10,3.6385404423065717e-09,0.0002546619758717277,0.021700451945061684
34734,3450,147,126,62.33842,28.06362,89706472.1090179,0.000278248628394069,0.04991670820870967,6.380986715152722e-05,0.04973583428051577,0.0001170640610423727,0.28495576343703627,0.26445278516026405,0.02050297827677168,0.6017431367816545,1.9253706265467696e-05,6.762231042836056e-05,0.0006525093015260738,2.840531179106502e-10,2.1607116372280507e-10,6.798195418784531e-11,1.504820457233225e-09,1.448605979326293e-09,5.621447790693193e-11,0.00449658239011083,1.5733038248716327,1.0074691517315623e-06,7.288416775941961e-10,3.641888855997327e-09,0.00025450373955367394,0.021690687427346356
34735,3450,147,126,62.33584,28.07745,89706472.1090179,0.0002788762075212092,0.04992707429731318,6.385417389002147e-05,0.04974613748264074,0.00011708264078242062,0.28565258171633895,0.2651456814278671,0.020506900288471325,0.6019715181919827,1.93024918136626e-05,6.765610669714167e-05,0.0006529671374766352,2.840604038546201e-10,2.1617969449407223e-10,6.788070936054803e-11,1.5128774526198076e-09,1.4562734619548235e-09,5.6603990664984285e-11,0.004497628501844487,1.5735088724874717,1.015293658064453e-06,7.297345053801597e-10,3.6389830933492598e-09,0.00025463931533371267,0.021699087736224868
34808,3300,137,126,61.85821,21.70431,149043641.169343,0.0001483447512265163,0.02813573562519961,3.574853193377937e-05,0.028033327050320477,6.666004294534954e-05,0.15004575755668556,0.13850396605856674,0.01154179149811852,0.3381928489347281,1.015030328465544e-05,3.790175368510701e-05,0.0003625819428783851,1.6176832429161587e-10,1.2180356207168976e-10,3.99647622199262e-11,7.293539296722116e-10,7.035545818788314e-10,2.5799347793380092e-11,0.002537500087513247,0.9007452730312268,4.507315260983942e-07,3.961131852090837e-10,2.1128297923937512e-09,0.00014203638853415624,0.012330012208282526
34809,3300,137,126,61.85265,21.70048,149043641.169343,0.00014818382066032802,0.028132778888626895,3.5737130305614626e-05,0.028030386608733943,6.665514958733562e-05,0.14986567355964217,0.13832497082367334,0.011540702735968513,0.3381298087998129,1.013783006785661e-05,3.789291789410977e-05,0.0003624629477915039,1.6176632001369263e-10,1.2177579052769871e-10,3.999052948599403e-11,7.272943588896933e-10,7.015945882584037e-10,2.5699770631289444e-11,0.002537227161003259,0.9006881526132847,4.487337906395396e-07,3.958782729822791e-10,2.11354055879198e-09,0.00014200053185035072,0.01232784398886219
34810,3300,137,126,61.84982,21.71045,149043641.169343,0.00014767699138650123,0.028124542619511247,3.570136657928396e-05,0.02802220104979018,6.664020314178024e-05,0.14930356098820372,0.1377659880079143,0.01153757298028915,0.3379473981715728,1.0098414417376118e-05,3.786570100148632e-05,0.0003620939236738055,1.6176049754365767e-10,1.2168811492563944e-10,4.007238261801833e-11,7.207846341594698e-10,6.953995704215616e-10,2.5385063737908175e-11,0.002536384444572913,0.9005246151340057,4.424108173845797e-07,3.9515993359672607e-10,2.115902810323648e-09,0.0001418915360979677,0.012321066349103196
34814,300,35,31,61.14619,22.22619,12614400.0,8.65202610737133e-05,0.015412510099513029,2.5039873077815514e-05,0.015329924082191708,5.7546144243506944e-05,0.08544482665705341,0.07858589747466327,0.0068589291823900785,0.2038310798596715,5.528167810545987e-06,2.153759861378525e-05,0.0001933819748886955,1.0771064993113008e-10,8.901722525021698e-11,1.8693424680913148e-11,4.399103048236876e-10,4.251029002569903e-10,1.480740456669778e-11,0.0014581220558248895,0.8243589923576511,2.9355193688789695e-07,1.9509005040129025e-10,1.329651893171981e-09,7.92609406954202e-05,0.008781178445364038
34815,300,35,31,61.21726,22.77906,12614400.0,9.503472401843223e-05,0.015556037767687016,2.5641376742573055e-05,0.01547259692462107,5.779946632337838e-05,0.09491220119745279,0.0879992578508287,0.006912943346624005,0.2069728848759421,6.189691801269308e-06,2.1997757133727438e-05,0.00019960891192379385,1.078108150427982e-10,9.048910722411676e-11,1.73217078186815e-11,5.491579933458835e-10,5.290689692276348e-10,2.0089024118249227e-11,0.0014723600235542293,0.8271848414772881,3.99623945211822e-07,2.072608990417975e-10,1.2905614964199065e-09,8.111087567370275e-05,0.008895283405283668
34816,300,35,31,61.21585,22.77888,12614400.0,9.494720464627842e-05,0.015554588360726807,2.5635197414217278e-05,0.015471156289677105,5.7796873635487385e-05,0.0948150082508118,0.08790261290691115,0.006912395343900566,0.20694097887511487,6.182888856842232e-06,2.1993041902298408e-05,0.00019954504391951898,1.0780979724807049e-10,9.047397276092199e-11,1.7335824487148552e-11,5.480344834632622e-10,5.279997751565309e-10,2.003470830673204e-11,0.001472214078064033,0.8271561886912752,3.985328854316476e-07,2.0713631339938527e-10,1.2909662838624044e-09,8.109195500292024e-05,0.008894111756172345
34823,5000,140,128,60.45399,23.04288,210240000.0,0.00012920667568253928,0.023223678554570054,3.190427350313303e-05,0.02312652004888123,6.525423218569397e-05,0.13162378174953593,0.12170235880423731,0.009921422945298365,0.283736510000919,8.853885987895579e-06,3.167997706238352e-05,0.00030469493090454973,1.4496515138418855e-10,1.1343365710694654e-10,3.153149427724213e-11,6.83224348255362e-10,6.584848994302771e-10,2.4739448825085126e-11,0.002141598226103162,0.9211024507543336,4.5055489352568726e-07,3.2853523879295616e-10,1.8271844948481066e-09,0.00012093556632647077,0.01041803361990071
34824,5000,140,128,60.46107,23.04823,210240000.0,0.00012984861291835068,0.02323439750935435,3.194960942575814e-05,0.023137174612953334,6.527328697526378e-05,0.13233708417754092,0.12241161730901605,0.009925466868524581,0.28397185118346824,8.903773380060406e-06,3.1714612188565325e-05,0.00030516385842292417,1.4497265670322804e-10,1.1354464800986367e-10,3.142800869336448e-11,6.914631607760772e-10,6.663254062430012e-10,2.5137754533076076e-11,0.0021426700817545326,0.921313949018624,4.58555038390191e-07,3.294508044644577e-10,1.8242255689858664e-09,0.00012107466666236464,0.01042663158886323
34825,5000,140,128,60.46423,23.0506,210240000.0,0.00013013924428349665,0.023239247839805754,3.1970134514927036e-05,0.02314199579254397,6.528191274686266e-05,0.13266001340938446,0.12273271640846335,0.009927297000920796,0.2840783611135628,8.926359771417545e-06,3.173029146912646e-05,0.00030537614741860916,1.4497605349444857e-10,1.1359489866316798e-10,3.138115483128072e-11,6.951932658592884e-10,6.698751793208906e-10,2.531808653839769e-11,0.0021431553144713104,0.9214096637284821,4.621771079915129e-07,3.298652671126658e-10,1.8228856446311511e-09,0.00012113763367014074,0.010430524120641153
34826,3000,130,131,61.2358,21.45444,126144000.0,0.00016024144225264663,0.03277344935617786,4.043334052677166e-05,0.03265925574053426,7.376027511684056e-05,0.1583987359326666,0.14524386527560523,0.01315487065706109,0.3862773186465758,1.0942720288124565e-05,4.3322464371341865e-05,0.0004096167750997036,1.8741937611235895e-10,1.3808575329834637e-10,4.933362281401269e-11,6.960903870143924e-10,6.736950392615525e-10,2.239534775283999e-11,0.0029540608466616094,0.8872520812281901,3.727577192249443e-07,4.41054967829308e-10,2.424293601456516e-09,0.00015936568323794744,0.014407871678402935
34827,3000,130,131,60.51944,21.07713,126144000.0,0.00022758976917267485,0.03380532165216929,4.5177296568217105e-05,0.03368442499799825,7.571935760283428e-05,0.23280009754994357,0.21924674451003467,0.013553353039908416,0.4095781495810699,1.6188071773849154e-05,4.690358666014952e-05,0.00045831966022144116,1.8816458297599836e-10,1.4974861800592002e-10,3.8415964970078465e-11,1.5624739447001294e-09,1.4981957037733828e-09,6.427824092674646e-11,0.003065063309557305,0.9080316470287395,1.2147903191607933e-06,5.35259105179867e-10,2.1031916679708753e-09,0.0001736205708219427,0.015305535833283203
34828,3000,130,131,60.16886,21.64621,126144000.0,0.00021410028967927414,0.033571895597436785,4.422352424671664e-05,0.033452356660641426,7.531541254865365e-05,0.21777265170527896,0.20430655192052705,0.01346609978475155,0.40451010235726803,1.5140763900844637e-05,4.6171132647766776e-05,0.00044842213417097844,1.8800314337266677e-10,1.4741790688046618e-10,4.05852364922007e-11,1.3895238228814355e-09,1.333607078751672e-09,5.5916744129763054e-11,0.00304241164532727,0.9034628799864489,1.0469162674582426e-06,5.158562566067726e-10,2.1644281006391926e-09,0.00017066766433378292,0.015124473669336945
35253,600,65,44,60.10172,20.245,25228800.0,0.00016821875733653214,0.017190253768599704,3.087767743591882e-05,0.017098079184267437,6.129690689634345e-05,0.17917143321589105,0.17166105934996737,0.007510373865923483,0.22684147987441813,1.2260512797414228e-05,2.5882753914032535e-05,0.00026477323548316345,1.2999920642199173e-10,1.2120847947360331e-10,8.790726948388495e-12,1.4995215338552853e-09,1.4350479099244874e-09,6.447362393079774e-11,0.0017041557045123898,0.8504640442554098,1.2978482476937065e-06,3.2696910449707993e-10,9.908254639448475e-10,0.00010113526831270421,0.008622686323927677
35254,600,65,44,60.10496,20.24387,25228800.0,0.00016816911115215974,0.01718954321897257,3.087418711871504e-05,0.017097373547467844,6.129548438600504e-05,0.17911682251388816,0.17160672845670366,0.007510094057184249,0.22682505468593922,1.225663996649221e-05,2.588014249582968e-05,0.0002647376010239777,1.299986799006842e-10,1.2119987221540624e-10,8.798807685278046e-12,1.4988817853660143e-09,1.4344390869662183e-09,6.444269839979589e-11,0.0017040746623473567,0.8504494883350017,1.2972260774409741e-06,3.2690066219335255e-10,9.91067932047094e-10,0.00010112494330877518,0.00862202697579318
35335,2000,65,71,59.94915,22.34577,123030625.314258,9.064986445226691e-05,0.009995770823888566,1.8001335706297304e-05,0.009938464083240096,3.93054049421738e-05,0.0953045929343422,0.09069442776884194,0.004610165165500205,0.1356246217720729,6.382013010024126e-06,1.51761795959427e-05,0.00015052037166499638,6.767672410519781e-11,6.178986566155281e-11,5.8868584436450235e-12,7.58507194145715e-10,7.256895922070423e-10,3.2817601938673244e-11,0.0009562568679690113,0.6447291485205954,6.480590866006533e-07,1.7395348090716533e-10,7.150073516532758e-10,5.969970627405111e-05,0.005341869600957216
35336,2000,65,71,59.94925,22.3378,123030625.314258,9.08302052512433e-05,0.009998638498949925,1.8014052771903086e-05,0.00994131375016273,3.931069601529299e-05,0.09550430979313158,0.09089304850636429,0.004611261286767268,0.1356885833598627,6.396045731268342e-06,1.5185828228334295e-05,0.00015065134267205728,6.767876719527816e-11,6.182107499422166e-11,5.857692201056536e-12,7.608248636259843e-10,7.278952176681547e-10,3.2929645957830157e-11,0.0009565557394488274,0.6447863811817538,6.503107736660542e-07,1.7420782376473473e-10,7.14159564657079e-10,5.973825923852775e-05,0.005344278253038537
35356,500,55,40,60.36396,19.97371,21024000.0,0.00016119822544755793,0.017059569428819428,3.0276806007893132e-05,0.016968578291579793,6.071433123173769e-05,0.17162878795922068,0.16406049163620606,0.007568296323014495,0.23179508443309016,1.1474711599208468e-05,2.5980771490695877e-05,0.0002612775294925903,1.22024897214009e-10,1.1325627075378194e-10,8.768626460227148e-12,1.3869580413628838e-09,1.3271828804086607e-09,5.977516095422383e-11,0.0016487036060501186,1.1969987792920758,1.1963317119832109e-06,3.169796403786817e-10,1.0878310178316421e-09,0.00010149135054413255,0.008852223686973236
35357,500,55,40,60.36451,19.97901,21024000.0,0.00016146036981827506,0.017063844743600756,3.0295305926147537e-05,0.016972827369164122,6.072206851048129e-05,0.17191959793277256,0.1643496785641658,0.007569919368606607,0.2318896612697848,1.1495096434952211e-05,2.5994857416857138e-05,0.0002614684793705561,1.2202791571065383e-10,1.1330161566675938e-10,8.72630004389451e-12,1.3903246956127059e-09,1.330386776326796e-09,5.993791928590982e-11,0.0016491397190482283,1.197083597751627,1.1996016600568683e-06,3.173514888650071e-10,1.0866109669792576e-09,0.00010154778175313398,0.008855729970868604
35371,3450,141,126,62.53643,22.97388,145065600.0,0.00017117804541910892,0.02963112785780323,3.879184986899519e-05,0.029521002421263636,7.133358667059768e-05,0.1738439220434387,0.16171570136995375,0.012128220673484619,0.3546449347264256,1.1988900130573498e-05,4.0082851378251814e-05,0.00038652828513279414,1.7174404205939174e-10,1.3228259361989282e-10,3.946144843949901e-11,9.858910501561232e-10,9.484061752029461e-10,3.7484874953176904e-11,0.0026977516260543667,0.8826052384478371,6.869680884146611e-07,4.331550162072113e-10,2.0770977822760952e-09,0.00014946677705537822,0.01314083785633568
35372,3450,141,126,62.54006,22.96821,145065600.0,0.00017074127522964707,0.029624234831506113,3.8761057212328954e-05,0.0295141529795934,7.132079470037884e-05,0.17336046936142682,0.16123488887120152,0.012125580490224943,0.3544908083901443,1.1954907608365442e-05,4.005951284486214e-05,0.00038621136295814034,1.7173911765405566e-10,1.3220699691337614e-10,3.953212074067962e-11,9.802767146759836e-10,9.430632543992816e-10,3.7213460276701874e-11,0.0026970286019485186,0.8824674201647535,6.815131686705773e-07,4.325400628134084e-10,2.079157063163151e-09,0.00014937359591332854,0.013135006775439655
35574,3500,139,131,63.40106,22.64806,151571238.950728,0.00015001088290369816,0.02964544536273262,3.729137585320256e-05,0.0295384340584379,6.97199284415194e-05,0.1502760662419274,0.13821913481250128,0.01205693142942587,0.3508353671213115,1.031833124009822e-05,3.930257452743019e-05,0.00037401744285507757,1.718971300387237e-10,1.282942655354142e-10,4.36028645033096e-11,7.000567071623778e-10,6.764358386336132e-10,2.3620868528764636e-11,0.0026825347211477286,0.8556876239649548,4.061963785942349e-07,4.072032671332903e-10,2.1955200119630333e-09,0.00014590546249776393,0.012963477692214715
35575,3500,139,131,63.32204,23.00436,87766649.85637,0.00028798179831627667,0.051661873097792,6.644119027031035e-05,0.051474176467041693,0.00012125544047999822,0.2915698640242137,0.270570647853625,0.020999216170588256,0.616215941092228,2.006895544255102e-05,6.94246520288967e-05,0.0006669471709502543,2.971927443249352e-10,2.2656476575307334e-10,7.062797857186206e-11,1.5804930048001956e-09,1.5217400933736315e-09,5.875291142656483e-11,0.004680682763886344,1.4870077751145068,1.0623854501953516e-06,7.441129018836633e-10,3.656256979293812e-09,0.00025817561355006376,0.02277410640288325
35634,2350,98,92,60.42648,26.88462,65686667.6654795,0.00018574515556176103,0.03078990528987223,4.473601192352199e-05,0.030651294068749425,9.387520919928373e-05,0.18947885113379626,0.17622454194895457,0.013254309184841592,0.38708214687639797,1.2617737291741692e-05,4.2784118999410995e-05,0.0004088426412481247,1.9240352895822765e-10,1.5473130770603877e-10,3.7672221252189016e-11,1.0955142585428624e-09,1.0537205298584244e-09,4.1793728684438596e-11,0.002833085754036203,1.4246580581476163,7.816575646736241e-07,4.40939283186325e-10,2.4401449043119405e-09,0.00016330825055805442,0.014705255116162405
35635,2350,98,92,60.42493,26.88833,65686667.6654795,0.0001859608630265548,0.03079340219290861,4.4751231895671426e-05,0.03065476939423643,9.388156677651234e-05,0.1897180476073025,0.1764624087480089,0.013255638859293456,0.38715965421236037,1.2634513711115487e-05,4.279569775407309e-05,0.0004089996534345686,1.924060031563691e-10,1.547686242781686e-10,3.763737887820065e-11,1.0982849933711402e-09,1.056357316182186e-09,4.192767718895458e-11,0.0028334442831910835,1.4247275312277177,7.843488806438132e-07,4.4124484058531933e-10,2.4391385511478304e-09,0.00016335460840744475,0.014708139291463949
35668,450,35,37,68.78458,21.34209,18921600.0,0.00016454085213538365,0.015619712914611688,2.9448992278118877e-05,0.01553103366716917,5.923025516439588e-05,0.17652140032405536,0.16949442199356576,0.007026978330489471,0.220572898463229,1.1692647251601185e-05,2.443034236277498e-05,0.000246456905877276,1.108338282971542e-10,1.0729440650677375e-10,3.5394217903805245e-12,1.4957373508332612e-09,1.4299552620926103e-09,6.578208874065254e-11,0.0015000167105185503,1.2285852398597614,1.3203874573693684e-06,3.0865125541172276e-10,9.435430225168557e-10,9.573741329048191e-05,0.008577002829435234
35669,450,35,37,68.7854,21.34134,18921600.0,0.0001644780369744038,0.01561871668966266,2.9444563102568776e-05,0.015530043713214772,5.922841334531766e-05,0.17645184851412604,0.16942525124741495,0.007026597266710964,0.22055065913143776,1.1687759138861885e-05,2.442698310203098e-05,0.0002464113008871126,1.1083311785640858e-10,1.0728353535083128e-10,3.549582505577376e-12,1.4949300178549805e-09,1.4291869582647924e-09,6.574305959018953e-11,0.0014999126505826426,1.2285653448658376,1.3196030874620384e-06,3.085627167678377e-10,9.43838620452547e-10,9.57239943599277e-05,0.008576163987237047
35703,3000,119,112,65.65973,25.00309,118349781.008147,0.0001634525371722814,0.026805245305087603,3.6951731500242736e-05,0.02669692712360006,7.136644998729616e-05,0.16716982000568528,0.15603999991198647,0.0111298200936985,0.3278978346385958,1.1372462585231808e-05,3.661846207238171e-05,0.00035271378793310743,1.5964499613367783e-10,1.266747366758396e-10,3.297025945783833e-11,1.0055291387936744e-09,9.663455294989354e-10,3.918360929473907e-11,0.002444157641735564,0.9371841407489357,7.322907509920291e-07,3.9634731677763633e-10,1.9200142815946954e-09,0.00013764593425435347,0.012305924854229598
35704,3000,119,112,65.65974,25.00312,118349781.008147,0.00016345209443647456,0.026805238984094024,3.695170037630306e-05,0.026696920846409393,7.136643730832366e-05,0.16716933307008305,0.15603951546734054,0.011129817602742209,0.3278976883950016,1.137242804609412e-05,3.661843879304938e-05,0.0003527134702343356,1.5964499144534013e-10,1.266746599147687e-10,3.2970331530571585e-11,1.0055234332926005e-09,9.663400998021674e-10,3.918333349043331e-11,0.0024441569192594857,0.9371840111784651,7.32285202134924e-07,3.96346706732235e-10,1.920016445672858e-09,0.00013764584223467126,0.012305918975016749
35804,3000,88,100,65.00823,25.1933,109797838.622768,0.00013682349261460967,0.020988182262488584,3.2296606637675576e-05,0.020886469575042813,6.941608080808687e-05,0.13930508682657758,0.13022454287577814,0.009080543950799274,0.2638604941705427,9.454114676021442e-06,2.9123815419904422e-05,0.0002788086045560107,1.374016922619943e-10,1.14079702148475e-10,2.3321990113519413e-11,8.993996686881621e-10,8.640085061804608e-10,3.5391162507701364e-11,0.0019624204878006387,0.9574530332376975,6.807467812451258e-07,3.0553876094158173e-10,1.5895037598471152e-09,0.0001106434502711187,0.010368447976903913
35805,3000,88,100,65.00826,25.20081,109797838.622768,0.00013648415058080992,0.020982776473449448,3.227267599598186e-05,0.020881097676922533,6.940612053092467e-05,0.1389292396712368,0.12985076097683654,0.009078478694400142,0.26373999305815055,9.42771091999377e-06,2.910565432685744e-05,0.0002785621081383679,1.3739784339109897e-10,1.1402097838835343e-10,2.337686500274564e-11,8.950387898240032e-10,8.598584472789852e-10,3.518034254501831e-11,0.0019618579571931676,0.9573451916637823,6.76510132141148e-07,3.050599762600296e-10,1.591097891734619e-09,0.00011057087058702041,0.01036391522430846
36138,2300,64,71,59.96297,19.95555,113655419.002402,0.00012234754265723894,0.011699721714613653,2.2474898568261098e-05,0.011628748122275176,4.849869377021677e-05,0.12953567279447947,0.12404827825886956,0.005487394535609889,0.16128473154443876,8.76980930946886e-06,1.8303034846615096e-05,0.00018521163427941026,8.069528019365277e-11,7.698826507849347e-11,3.707015115159384e-12,1.1088277400010133e-09,1.0597834272534328e-09,4.904431274758088e-11,0.001139232747882407,0.7702908672840099,9.753336195833036e-07,2.2276746913190176e-10,7.470844707695628e-10,7.243762091894907e-05,0.006407771497528987
36139,600,65,44,59.99371,20.31037,25228800.0,0.00017194260138366142,0.017247504495640113,3.1140007977600646e-05,0.017154959173877805,6.140531378470301e-05,0.18328617444798773,0.17575371302260528,0.00753246142538224,0.22813277701824589,1.2550516118311238e-05,2.6080873689152547e-05,0.00026746717590424616,1.300404999286299e-10,1.2185330730203825e-10,8.187192626591725e-12,1.547421611605349e-09,1.480632387028403e-09,6.678922457694585e-11,0.0017102963550330913,0.8516159767483183,1.3444004478370344e-06,3.3218178597664597e-10,9.730935716008002e-10,0.00010192417051683292,0.00867232951914807
36140,660,55,47,60.1151,20.67102,27751680.0,0.00017994610541008176,0.016736447350682217,3.127023915672728e-05,0.01664436853701194,6.0808574513546055e-05,0.19167501359956018,0.18430353185990161,0.007371481739658463,0.22580237799340946,1.3125110201723746e-05,2.581695860326744e-05,0.00026515359097603017,1.2300787223424536e-10,1.1834222425582514e-10,4.665647978420228e-12,1.6758838979541346e-09,1.6023967904937738e-09,7.348710746036167e-11,0.001652228154284731,0.8504511266959118,1.4783575383011514e-06,3.355313254309021e-10,8.735335536602514e-10,0.00010046466263312994,0.008783919419389071
36141,600,45,44,60.07937,20.02439,25228800.0,0.00014923874288901506,0.01515195916177592,2.8451428309896616e-05,0.015064374825279248,5.913290818677776e-05,0.1586159955357548,0.15185481161650582,0.006761183919248805,0.20321384859069558,1.0798806760300858e-05,2.2893185171872138e-05,0.0002326467246864083,1.214354737694851e-10,1.1437572868661607e-10,7.0597450828691364e-12,1.3320788685743223e-09,1.2752147032700321e-09,5.686416530429056e-11,0.0015200764428646516,0.8385313117747494,1.152197394992191e-06,2.8338532824058996e-10,9.25313512571787e-10,8.979811274426451e-05,0.007895045308539536
36142,500,44,40,59.94368,20.95266,21024000.0,0.00017402470627067584,0.015915406949813655,3.0459703522856004e-05,0.01582504265423111,5.9904592059688054e-05,0.1848816998195273,0.17782473179923172,0.007056968020295424,0.21838915906742043,1.2616511693931044e-05,2.4793077692430405e-05,0.0002525246422480117,1.1732295338284998e-10,1.1386317622611456e-10,3.4597771567355488e-12,1.6258074680659412e-09,1.554378386731785e-09,7.14290813341567e-11,0.0015718588849017658,0.8474077145140948,1.439961240167276e-06,3.184048786011231e-10,8.392066943587149e-10,9.593919948819997e-05,0.00871109109278284
36143,500,41,39,60.24807,19.49852,22910672.6745553,0.00011509469582260473,0.013361340539091623,2.4431244264832784e-05,0.013283689078419498,5.322021640729233e-05,0.12064967249647686,0.11461454195286766,0.006035130543609111,0.17881761523487277,8.137811105913395e-06,1.9768879601351555e-05,0.00019441022841765226,1.0452863995847608e-10,9.541215260619072e-11,9.116487352285448e-12,9.418556720773614e-10,9.027136157188873e-10,3.914205635847439e-11,0.0013253183444351616,0.7618359918234004,7.925141978484103e-07,2.2512790393593471e-10,9.31455466232961e-10,7.652497653758571e-05,0.007188760676453248
36144,600,65,44,60.36402,19.97369,25228800.0,0.00016284752388157062,0.017511732733758136,3.062693505284782e-05,0.017419654675399143,6.14511233061426e-05,0.17443286946200753,0.16672622425688244,0.007706645205124882,0.2337594745829311,1.1706400482917e-05,2.639597279016826e-05,0.00026896750390341,1.302362774188723e-10,1.1995669841480035e-10,1.0279579004072015e-11,1.398083929323977e-09,1.3383568893494859e-09,5.972703997449122e-11,0.0017101647548233981,1.1502821668915582,1.1969503074459279e-06,3.2692557016449235e-10,1.1207153098837797e-09,0.00010433281452671691,0.008604815758895965
36145,500,55,40,60.22601,20.39667,21024000.0,0.00017507925946253175,0.016880280238726793,3.1128553879642594e-05,0.01678833893053884,6.081275430831082e-05,0.18582364366626586,0.17839798435009208,0.007425659316173603,0.22799829399496602,1.2690141293582602e-05,2.5926744672298626e-05,0.0002633000737474441,1.2188736309180476e-10,1.1597937700567909e-10,5.907986086125788e-12,1.5976108883913534e-09,1.527809125880135e-09,6.98017625112186e-11,0.0016569050232798327,0.8509744335547191,1.4032803089802258e-06,3.291622036039474e-10,9.187272478964001e-10,0.00010013812493199188,0.008984077162352461
36146,750,75,46,62.32753,22.67669,31536000.0,0.00012786053498046258,0.016211022742534664,2.75042966632331e-05,0.016124115356599016,5.940308927241523e-05,0.13461855882113738,0.12725503048543388,0.007363528335703364,0.2097660792614831,9.099925124175265e-06,2.342869850402858e-05,0.00023131801871251035,1.1708812436763033e-10,1.0306383702222769e-10,1.4024287345402695e-11,9.899010591911328e-10,9.490215784611607e-10,4.087948072997233e-11,0.0015811282712791866,0.8348072645691218,8.141917484526771e-07,2.684430370701657e-10,1.1373566439567682e-09,9.104420558975283e-05,0.008127277935329316
36147,2500,135,100,63.32187,23.00404,105120000.0,0.0001512645349775804,0.02594358023387,3.505391103100552e-05,0.02584075435111278,6.777197172620518e-05,0.15398837570862434,0.14317502995354914,0.010813345755075032,0.31313783036124054,1.0562468147274701e-05,3.5236474394723096e-05,0.00033908989997748446,1.5383610975145546e-10,1.196133739180831e-10,3.4222735833372455e-11,8.798403255707776e-10,8.464243326717296e-10,3.341599289904808e-11,0.002377461316801549,0.8666508585051188,6.163503411825483e-07,3.764470431263006e-10,1.8735145980567008e-09,0.00013221856219722372,0.011722757114413899
36148,750,80,46,62.36507,22.7438,31536000.0,0.00012590737079508138,0.016562282251671702,2.760549199036773e-05,0.0164749783299124,5.9698429768930306e-05,0.13238438727553328,0.12488090715795926,0.007503480117573919,0.21281163800848601,8.944262617259153e-06,2.3757229454970384e-05,0.00023392340154077053,1.1889084325369318e-10,1.0349977468190375e-10,1.53910685717895e-11,9.480127176150255e-10,9.09263904225699e-10,3.874881338932738e-11,0.0016113233045693112,0.8355165705615373,7.697575432544709e-07,2.694796745554966e-10,1.1806535685034568e-09,9.222744961528052e-05,0.008205145498745967
36149,200,48,30,62.81112,22.5162,8409600.0,0.00012197545033867063,0.022078777572851017,3.2059447023028354e-05,0.021983631794971984,6.308633085600596e-05,0.11830254414798042,0.10914055409711701,0.009161990050863334,0.290171807581636,7.677648528679324e-06,3.075924496313939e-05,0.00027128543872205523,1.2513289962307334e-10,9.884648603024446e-11,2.628641359282898e-11,6.014677721516417e-10,5.797844755452042e-10,2.1683296606437823e-11,0.001969135430450359,0.8569281785303213,4.0746411479770457e-07,2.8511035223873157e-10,1.7111113089383961e-09,0.00010797069905893499,0.012672621573667409
36150,4200,135,141,62.91617,23.04939,176601600.0,0.00016413805784326968,0.029585641053338427,3.835427460274507e-05,0.029476147771781914,7.11390069537784e-05,0.1662939163466295,0.15420285745187598,0.012091058894753209,0.35527177160487605,1.1359524214237444e-05,3.98715860668932e-05,0.00038276397589916643,1.724125350255644e-10,1.3213093782709524e-10,4.028159719846928e-11,8.867824982810834e-10,8.540579717413182e-10,3.272452653976507e-11,0.002680501676697667,0.9119198630155954,5.909137893436396e-07,4.2424703623094064e-10,2.144903046184554e-09,0.00014895951590640928,0.013082845589680075
36151,2500,109,101,62.40337,21.95424,105120000.0,0.00013441880087701003,0.023402909418701236,3.2402478469598624e-05,0.023305370238669135,6.513670156249773e-05,0.13626501362554913,0.12641904645749746,0.009845967168051509,0.28849954404840816,9.168974139828294e-06,3.2044187755143586e-05,0.00030572638745458744,1.4183496096532707e-10,1.1148169056829648e-10,3.0353270397030685e-11,7.509861896840643e-10,7.229996663738006e-10,2.7986523310263868e-11,0.002137898182876656,0.928669541620613,5.145101782470173e-07,3.3154431934307827e-10,1.7992718044974611e-09,0.0001209613769780052,0.010885308002266603
36152,2500,100,100,62.45316,21.66106,105120000.0,0.00011275586500937972,0.021481570748058457,2.9959677315894355e-05,0.02138849264786011,6.311842288244838e-05,0.1117866893368026,0.1027312083167815,0.009055481020020989,0.261548601488106,7.609418457693694e-06,2.884719705303469e-05,0.000270893683242151,1.352643210595136e-10,1.0527931530416288e-10,2.998500575535085e-11,5.527485635727165e-10,5.340983730574457e-10,1.8650190515271026e-11,0.0019809807987789065,0.8403968349756504,3.361171096292373e-07,2.8339578406458416e-10,1.7096012566487294e-09,0.00010789703798364912,0.010174104747794184
36153,600,50,43,62.60842,23.78764,25228800.0,0.00012273077289776365,0.014936721222451986,2.6626986971401002e-05,0.014851556334937671,5.85379005429144e-05,0.12985724993230527,0.12316204157017081,0.0066952083621343176,0.1958240712920096,8.745291660060712e-06,2.16710750550168e-05,0.00021571060441511887,1.2146346223066837e-10,1.0957120863771415e-10,1.189225359295428e-11,9.836176247660171e-10,9.435695331905225e-10,4.0048091575495256e-11,0.0014904167895435846,0.8320349945835709,8.124082108160066e-07,2.4982785072741363e-10,1.0697242190394765e-09,8.516987367398908e-05,0.007526484002986775
36154,2500,115,100,62.43063,22.16021,105120000.0,0.0001422197465011499,0.023581303379278468,3.3054331556313274e-05,0.02348276405592353,6.548499179861874e-05,0.14413843213097707,0.1342559929513435,0.009882439179633471,0.28797536374396765,9.885774569221841e-06,3.226827936345373e-05,0.0003094334457219039,1.4336199722044606e-10,1.1366902656261645e-10,2.96929706578297e-11,8.598950021233274e-10,8.268454837827378e-10,3.304951834059002e-11,0.002172087690684421,0.8554780958961399,6.185779993629422e-07,3.411808201893222e-10,1.716778212330881e-09,0.00012102303449915102,0.011010028527694666
36155,220,31,25,62.51303,22.7129,9250560.0,0.00011262118282740299,0.01606010932287225,2.7067374402676522e-05,0.015974513605366718,5.852834310285851e-05,0.1149357150861523,0.10769932738324149,0.007236387702910674,0.2185103472060997,7.50752360837207e-06,2.3438519915709696e-05,0.0002146528460858809,1.04780481235842e-10,8.95272935013536e-11,1.525318773448848e-11,7.544754787412365e-10,7.241774257113087e-10,3.029805302992862e-11,0.0015157719331335177,0.8383182630875368,6.032581786334962e-07,2.349812645655423e-10,1.2348651939591234e-09,8.59870243938615e-05,0.00947877960090885
36156,1500,70,80,62.59216,22.95301,63072000.0,0.00012090987246332315,0.019220920074853206,2.9169044476106766e-05,0.01913054771564898,6.120331472812184e-05,0.12171753697226347,0.11353674212185502,0.008180794850408294,0.24251005705833825,8.242890796834566e-06,2.6573964682954468e-05,0.00025127230383223935,1.2562300525809092e-10,1.0384135093467182e-10,2.178165432341916e-11,7.628407725360333e-10,7.335637390339142e-10,2.927703350211936e-11,0.0017872091162554626,0.8361775168879553,5.630679346448053e-07,2.7299298346970704e-10,1.4547069422158066e-09,9.962846927689377e-05,0.009681546407067192
36157,2350,100,96,63.92076,23.49352,72968185.4905058,0.000156079695904586,0.028892132095127997,4.0566622163256906e-05,0.02876624896280077,8.531651016397523e-05,0.1559398225468018,0.14374205605118304,0.012197766495618607,0.35321241049219,1.0574772107768589e-05,3.8916006835599325e-05,0.00036658369568918527,1.8130257781681637e-10,1.4197365162034523e-10,3.9328926196471314e-11,8.056352534703293e-10,7.775036125452461e-10,2.8131640925083407e-11,0.0026605355545167423,1.1398061974391709,5.13078319471384e-07,3.8774219961100226e-10,2.2808286107875348e-09,0.00014593774360556288,0.013695954088622597
36158,3000,135,101,60.54781,27.17304,126144000.0,0.00012935427187504858,0.022847463985032606,3.167653183749824e-05,0.02275095077345652,6.483667973858225e-05,0.1310361601995821,0.12131423810720159,0.009721922092380401,0.2760367955951981,8.988719440147194e-06,3.097180337868715e-05,0.00029699358504861606,1.4135288425563323e-10,1.1038638422622233e-10,3.096650002941103e-11,7.179071147154553e-10,6.915098978769842e-10,2.6397216838471178e-11,0.002119094321459732,0.8503492496709951,4.860458378733908e-07,3.224103061534868e-10,1.7261185878901753e-09,0.00011694769454143095,0.01042044728368241
36159,2350,98,92,60.42659,26.88353,65686667.6654795,0.00018573380837652698,0.030789702023208593,4.4735208695454064e-05,0.030651091948092513,9.387486642062928e-05,0.189466177857367,0.17621194399122841,0.013254233866138419,0.3870777800744559,1.2616857163315552e-05,4.278349894667291e-05,0.0004088342787179743,1.924033900102325e-10,1.5472934850803068e-10,3.7674041502201956e-11,1.0953689252663025e-09,1.0535822230897425e-09,4.1786702176560734e-11,0.002833066591591687,1.424654109857439,7.815165526717567e-07,4.409228236860002e-10,2.440195620205085e-09,0.00016330574135506873,0.014705102481954306
36160,4500,140,128,66.14065,24.04659,189216000.0,0.00013352016094013967,0.02491915745534185,3.323290294031362e-05,0.0248192666469448,6.665790545673674e-05,0.13600391471270407,0.1255516203813861,0.010452294331317748,0.3006534412991154,9.175051056125642e-06,3.339272286740674e-05,0.00031979722871018266,1.518531223117091e-10,1.1717726392405086e-10,3.467585838765836e-11,6.82400977878734e-10,6.5824581505961e-10,2.415516281912395e-11,0.0022762706304855175,0.8865435588831142,4.3329219876364755e-07,3.490394087181074e-10,1.9149226525937827e-09,0.00012635432139950742,0.011043344738620047
36161,600,41,44,68.78425,21.34002,25228800.0,0.00016425059314968592,0.015674558423983683,2.9450535031519835e-05,0.0155854472948896,5.966059406256418e-05,0.17759384573730988,0.17057688183451797,0.007016963902791721,0.21734475993437896,1.1806062541272366e-05,2.422938423505349e-05,0.00024917150574801597,1.2033585210294858e-10,1.1589738498037994e-10,4.438467122568722e-12,1.503016839462868e-09,1.4376287114217865e-09,6.53881280410812e-11,0.0015328501404012049,1.1470470741913965,1.317520505301919e-06,3.1320636781090317e-10,9.542487613181919e-10,9.671675876547259e-05,0.008065194887225256
36162,4500,140,128,65.6731,25.00753,153752473.039143,0.00018671931325922782,0.030908423366279764,4.2444046393437224e-05,0.03078337306626,8.260625362632395e-05,0.19182119886661536,0.17888292769340067,0.012938271173214427,0.37554091771995984,1.3070278845797369e-05,4.208488638704775e-05,0.0004077251821870857,1.8705177592923615e-10,1.4816505213657517e-10,3.8886723792661115e-11,1.1361317931577847e-09,1.0921193597626802e-09,4.401243339510472e-11,0.0028344805623442106,1.0789049427147765,8.218182004270068e-07,4.590014218494518e-10,2.223536074279603e-09,0.00015914844113841818,0.013875593264449189
36163,3000,119,112,65.61333,25.0995,117197459.094975,0.00016732969020335296,0.027292820833657916,3.75348501461236e-05,0.027183006124886302,7.227985862549644e-05,0.17188049980123202,0.16052078619576418,0.011359713605467475,0.3360239223351659,1.1597332843221945e-05,3.747433132437088e-05,0.00036161713764818143,1.6137890136869983e-10,1.281622983819855e-10,3.321660298671442e-11,1.0294304555494151e-09,9.891102493954838e-10,4.0320206153931764e-11,0.0024789071286295938,0.990926673499142,7.520295207430261e-07,4.0691956205091686e-10,1.977017459898851e-09,0.0001415148871956852,0.012482399180313002
36164,3000,119,112,65.65756,25.00467,118349781.008147,0.00016369025405082283,0.026808981865095557,3.6968488718657824e-05,0.026700639970719316,7.137340565757624e-05,0.16743287387027553,0.15630162101260106,0.01113125285767414,0.3279814940093705,1.1390965240627016e-05,3.663115578511573e-05,0.00035288619602568707,1.596476694445279e-10,1.267158839743094e-10,3.293178547021856e-11,1.0085851283720671e-09,9.69253783304519e-10,3.933134506754838e-11,0.002444550920007057,0.937258921072116,7.352600886016943e-07,3.9668171127627096e-10,1.9188917644137577e-09,0.0001376965941254774,0.012309097771191437
36165,2000,100,93,65.65972,24.53578,85521076.4355856,0.00013682030835627544,0.023280443772181858,3.225649517051841e-05,0.023184016461707247,6.41708153040978e-05,0.1398487541981183,0.13011396552348042,0.009734788674637694,0.2904208681449541,9.279434160749118e-06,3.199696505275567e-05,0.00030514949108198064,1.3879879220658104e-10,1.0979459948315927e-10,2.9004192723421874e-11,7.89701163657019e-10,7.596839549176533e-10,3.001720873936599e-11,0.0021034040770173444,0.9587872917436937,5.539592378156749e-07,3.3459391348428603e-10,1.7917895392360816e-09,0.00012101816779227694,0.010904059264208283
36167,600,50,44,61.79748,23.34504,25228800.0,0.00011178091302751331,0.01504844422762412,2.6089753696290102e-05,0.014963893719665455,5.8460754262372306e-05,0.11728934008360352,0.11058123900280238,0.0067081010808010344,0.19502217559573312,7.873168900227697e-06,2.1415537595053808e-05,0.00021033813241034055,1.2312469601163035e-10,1.0876892167868077e-10,1.4355774332949639e-11,8.303044082799453e-10,7.978175150682686e-10,3.2486893211677766e-11,0.001497062661741703,0.8290029887950005,6.599851327955673e-07,2.359192008882303e-10,1.146762967257414e-09,8.382226259680218e-05,0.007516033105388024
36168,1000,60,54,61.78246,22.99582,42048000.0,0.00011478729483694762,0.014851929380661174,2.578517653689405e-05,0.01476842862835853,5.771557576574906e-05,0.11933913176573832,0.11252034866330449,0.006818783102433771,0.19426666482469562,8.054706350430386e-06,2.1450669007783274e-05,0.00020857845178255362,1.0739631555776213e-10,9.469073243216923e-11,1.2705583125592986e-11,8.714949607652422e-10,8.357461424838027e-10,3.5748818281439985e-11,0.0014447149253558392,0.8240913803474986,7.111291946124283e-07,2.361003184888183e-10,1.0927591701563827e-09,8.302669582228221e-05,0.007779705966410039
36169,225,50,29,61.53664,22.77741,9460800.0,0.00012968186280477775,0.01991851287482774,3.083561512192941e-05,0.019825882370911586,6.179488879422286e-05,0.13000813297829705,0.1214765821066999,0.00853155087159715,0.26402857868909424,8.571403713048224e-06,2.845091163202744e-05,0.00025913386942488656,1.1941354941651496e-10,9.879318301567256e-11,2.0620366400842513e-11,8.10918529977893e-10,7.787799104176293e-10,3.2138619560263707e-11,0.0018241109099278998,0.8522503205111803,6.262578105890806e-07,2.8385505292624795e-10,1.4703953110152097e-09,0.00010238009403793998,0.011333936538286599
36170,600,50,44,61.9627,24.164,25228800.0,0.0001132184715776963,0.015082230183740665,2.619259046977993e-05,0.014997529942903227,5.8507650367656486e-05,0.11893253132792718,0.1122126535872359,0.0067198777406912,0.19569585698770786,7.98367818051732e-06,2.1498649644468445e-05,0.00021144040871960945,1.2314595737845436e-10,1.0901553975351132e-10,1.4130417624943133e-11,8.485418097007496e-10,8.151729697431232e-10,3.336883995762755e-11,0.0014996160348562122,0.8296253660519092,6.776153895989082e-07,2.3816492262014177e-10,1.141262520651985e-09,8.416950695408715e-05,0.007535750157034141
36171,225,52,29,61.30302,22.70027,9460800.0,0.00011899723934045239,0.01993882310699906,3.0207510397714684e-05,0.019846952583548415,6.166301305292702e-05,0.11808864462021068,0.1095386765635706,0.008549968056639967,0.2620363337633158,7.73957461520229e-06,2.8101682094255888e-05,0.0002534404068903243,1.2025320125837196e-10,9.735615421902772e-11,2.289704703934437e-11,6.649726078993217e-10,6.399456346604589e-10,2.5026973238862842e-11,0.001823939776551513,0.8493733276420999,4.825880987650875e-07,2.70578578379754e-10,1.537264351774481e-09,0.00010089873958490006,0.011245825294551346
36172,1000,66,64,63.83134,22.78182,57073174.3739857,7.935690520073264e-05,0.013546550447440641,2.0550400922699053e-05,0.013481471543798989,4.4528502718950464e-05,0.07997573892267704,0.07411496355191033,0.005860775370766627,0.1708456430819952,5.347153420416492e-06,1.852883784309691e-05,0.00017403240002314123,9.182860927480406e-11,7.545542839194369e-11,1.637318088286042e-11,4.569850153642205e-10,4.404522022868409e-10,1.65328130773798e-11,0.0012682435346692352,0.6134165519198832,3.1803817874236605e-07,1.8655742166686973e-10,1.071996138303564e-09,6.975562459639212e-05,0.0067881923379996345
36173,3450,115,115,62.25001,21.32458,92111455.2215743,0.00018585327921686462,0.035469329231122865,4.871338787735264e-05,0.035319428127467384,0.0001011877157781327,0.1850862387011202,0.17014261488162027,0.014943623819499676,0.42823606481209614,1.265753755421091e-05,4.7518352669025224e-05,0.0004493118015315301,2.2248379722113025e-10,1.7238193925971343e-10,5.0101857961416975e-11,9.100254469455482e-10,8.791836381287145e-10,3.084180881683407e-11,0.0032752677293944547,1.3310264612237983,5.537677776117456e-07,4.74924169165304e-10,2.781424206770561e-09,0.0001781546752923485,0.01639053337963708
36174,750,45,48,62.47445,21.13555,23960130.983089,0.00012682434912121178,0.018337598577949973,3.192048972172346e-05,0.018230970173118005,7.470791511024205e-05,0.1309556914814999,0.12252402286070027,0.00843166862079953,0.2396158157801734,8.718027089625512e-06,2.596296418754145e-05,0.00024827927187703115,1.4271301282040143e-10,1.243821031823157e-10,1.8330909638085823e-11,8.72578307508121e-10,8.390049854767237e-10,3.357332203139802e-11,0.0018013372389672358,1.076676217103401,6.761138480057209e-07,2.6886242441817743e-10,1.4837794394117106e-09,0.00010059835575026966,0.009658202693228361
36175,2500,128,101,63.33029,22.4903,63442520.0919667,0.00021912358352594528,0.04178214553668153,5.5464167065930707e-05,0.04161599692771861,0.00011068444189698698,0.2200429786553461,0.2026256378521819,0.017417340803163966,0.5011574501495678,1.5036184971298572e-05,5.5907229796664755e-05,0.0005310735007327882,2.512580823530532e-10,1.9152261012200518e-10,5.973547223104821e-11,1.083300701035461e-09,1.0458670077128354e-09,3.7433693322625894e-11,0.0038237633432980597,1.4231028599289754,6.642520923506816e-07,5.711625803946454e-10,3.1895104682555277e-09,0.0002091846674204103,0.018872394710682704
36176,3600,125,118,63.05639,21.55197,122814285.807738,0.0001657752302994916,0.029597978981268695,4.050209610325158e-05,0.02947632252765733,8.115435750811022e-05,0.16720386340848792,0.15480224128302522,0.012401622125462457,0.3575568182824425,1.1459516499482022e-05,3.995507169107993e-05,0.00038185199836079925,1.8165901183366382e-10,1.4175168319849033e-10,3.990732863517371e-11,9.078589768808363e-10,8.746835015489947e-10,3.3175475331842205e-11,0.0027253698679413647,1.053842850800384,6.088001447885929e-07,4.155041950414375e-10,2.2176987203277343e-09,0.00014998612603125947,0.013515405863675528
36177,2000,86,90,65.03758,25.06369,118456493.260229,9.67848573375208e-05,0.014689086528773427,2.1889036259300145e-05,0.014622732869098713,4.4464623415416884e-05,0.0985215756141439,0.09233563423121693,0.006185941382926899,0.184356491328355,6.692573058252631e-06,2.040536937044477e-05,0.00019513128034761185,9.146475441835092e-11,7.529914094736529e-11,1.6165613470985715e-11,6.461683570020769e-10,6.204161244333485e-10,2.5752232568728803e-11,0.0013532125129291984,0.6003559007437461,4.929875803490571e-07,2.1685735509716608e-10,1.0673408678630096e-09,7.666497684524582e-05,0.007238477762915871
36178,1000,70,64,65.41056,25.25961,42048000.0,0.00011228101515409424,0.01897882054479029,2.8503614839076873e-05,0.01888930088501721,6.101604493399566e-05,0.11388584547102278,0.10570180439171545,0.008184041079307255,0.23898145538350815,7.599705671011518e-06,2.593962894090192e-05,0.0002446100424534211,1.268469508979931e-10,1.040922908881309e-10,2.2754660009862268e-11,6.578472927385459e-10,6.337112713787731e-10,2.41360213597728e-11,0.001769009510495922,0.8367428646354911,4.632369938989759e-07,2.655826783670657e-10,1.4818286169368233e-09,9.779101848357128e-05,0.009399184265974777
36179,800,73,53,65.39299,25.28781,33638400.0,0.00010557961793527146,0.01775709043887024,2.7231358350710522e-05,0.017669794897999386,6.0064182520147216e-05,0.10828338938408065,0.10042263744449456,0.007860751939585919,0.22403267102654564,7.1890945629177355e-06,2.435098888968922e-05,0.00023079113215600656,1.2242463183769278e-10,1.0091162574802551e-10,2.151300608966734e-11,6.198707330622172e-10,5.972434558989641e-10,2.2627277163253686e-11,0.0016780777110789683,0.8331642165468208,4.3821542207080357e-07,2.5063834269312525e-10,1.4118776657953165e-09,9.274202892585635e-05,0.008751818296143465
36180,3000,140,112,65.49222,25.35944,104898076.644605,0.0001793839833138515,0.03299137538988572,4.311145023395573e-05,0.03286528321468159,8.298072497018255e-05,0.18243021562828995,0.16878825373173473,0.01364196189655486,0.39534311676244815,1.2425680750515475e-05,4.420369057647621e-05,0.000423568796843542,1.936918939623709e-10,1.4787552898194198e-10,4.581636498042903e-11,9.475557681930785e-10,9.131917659321074e-10,3.436400226097113e-11,0.002998023930311828,1.0554110695093166,6.167791542900265e-07,4.678721995870767e-10,2.4349206363335423e-09,0.0001657618444173112,0.01458950506693334
36181,3000,91,117,64.65613,24.39015,207259196.949496,8.53204528566999e-05,0.014044682070331469,1.9884302374607362e-05,0.013985393570738013,3.940419721884685e-05,0.0863908830426364,0.08056847054241924,0.005822412500217045,0.1748290975166838,5.821989016602647e-06,1.9284225222195074e-05,0.00018367161339690244,8.552557311814243e-11,6.881404021089593e-11,1.6711532907246576e-11,5.16889595438645e-10,4.969598739718591e-10,1.9929721466786013e-11,0.0012771054667884989,0.5463869304660076,3.738795694024725e-07,2.0231089358022407e-10,1.0460504768466928e-09,7.231946416524954e-05,0.0067081755602804265
36182,2000,80,90,64.92871,25.0899,118456493.260229,9.041554082182819e-05,0.014113773787199944,2.1146822142534272e-05,0.014048783274143115,4.3843690914291e-05,0.0915242811867627,0.08556472785735425,0.0059595533294083515,0.17742852217404534,6.202267806022886e-06,1.953135597131398e-05,0.00018555017819567443,8.91580220367857e-11,7.32517081838798e-11,1.5906313852905966e-11,5.849827913241942e-10,5.62059461864738e-10,2.2923329459456385e-11,0.0013016703654001934,0.5966105051191046,4.3816781357180004e-07,2.0310741151803387e-10,1.0548169528139205e-09,7.332202064529396e-05,0.007025970855409796
36183,500,36,37,65.55032,25.11474,21024000.0,9.913839714673826e-05,0.013550847774836037,2.4159037754230806e-05,0.013470020661300946,5.666807578086055e-05,0.10462386534824891,0.09833373683828464,0.006290128509964183,0.18229743100603024,6.786195280005899e-06,1.9592902955864066e-05,0.00018940517150194602,1.0895559584957459e-10,9.661218268687045e-11,1.234341316270424e-11,7.088593580217694e-10,6.810996601233686e-10,2.7759697898401134e-11,0.0013326111695382095,1.0273359455710938,5.628480180245338e-07,2.0848942705017128e-10,1.1288451385068583e-09,7.730735853787164e-05,0.007116538567966084
36184,2000,78,80,65.5529,25.12309,60223497.0831399,0.00016402412718218167,0.0240981091832499,3.8028234636288144e-05,0.0239770889313229,8.299201729071185e-05,0.16886516981100275,0.1582671706671493,0.01059799914385335,0.31041574045868736,1.124441417713084e-05,3.4078756941098764e-05,0.00032690271736292656,1.572835171610919e-10,1.3216898448736321e-10,2.511453267372882e-11,1.1135616506080211e-09,1.0689271040565986e-09,4.463454655142277e-11,0.002244799745255832,1.2567769795631885,8.606729245949492e-07,3.580160472711369e-10,1.886472781960234e-09,0.00013099701442248783,0.012129284224445157
36185,3000,90,90,65.01178,25.39848,126144000.0,0.00010265820859639025,0.01612480190660048,2.5604822168502212e-05,0.01604078481806441,5.8412266367568894e-05,0.10463432846994081,0.09743318908714929,0.007201139382791496,0.20327444812532994,7.072578612553601e-06,2.2356914009111585e-05,0.00021367035892833308,1.104011570868212e-10,9.182022476159059e-11,1.8580932325230715e-11,6.546859816510919e-10,6.294736036728385e-10,2.521237797825346e-11,0.001530537603245614,0.8227620948720388,4.863096350450152e-07,2.288665220897393e-10,1.2914236575156735e-09,8.595968237124429e-05,0.008020803705821438
36186,2000,75,90,61.60805,21.51468,130105283.710896,6.801003899485901e-05,0.012263152355008465,1.8038922888654396e-05,0.012205913019476591,3.920041264322016e-05,0.06736588631486115,0.06214260635729141,0.005223279957569681,0.15355445658359615,4.517693711109157e-06,1.674354992884433e-05,0.00015614825435303627,7.934385507984569e-11,6.344397421221831e-11,1.5899880867627437e-11,3.5895781695439256e-10,3.463501232327067e-10,1.2607693721685884e-11,0.0011322820608263159,0.5634835591520188,2.3395063041900696e-07,1.609911145674492e-10,1.0087471211560216e-09,6.285291230287841e-05,0.006117062203342994
36187,2400,120,117,61.96842,22.28798,72776545.7507318,0.0002479511039691007,0.043842349152683806,5.652217462731383e-05,0.04368474254620418,0.00010108443185230893,0.24941986723091625,0.23180778549699485,0.01761208173392096,0.526848419520458,1.7157342142813835e-05,5.922834637703756e-05,0.0005658998521486316,2.4871890344798333e-10,1.901347597003118e-10,5.85841437476716e-11,1.384254035202071e-09,1.3322885723367592e-09,5.196546286531163e-11,0.003949967816029378,1.2535947025787193,9.435300610697499e-07,6.292369338473894e-10,3.0814695356322586e-09,0.00021867541778994675,0.01977698723817174
36188,500,48,40,61.21503,21.72214,19895369.6080267,9.063631128398308e-05,0.015718119279951703,2.5842113664528044e-05,0.01563136540736946,6.091175891771508e-05,0.09208905588855697,0.08505424026335322,0.007034815625203644,0.2015274819218982,6.069889127307538e-06,2.1634352044146022e-05,0.0002030652788318307,1.2467971066437968e-10,1.049223960748436e-10,1.9757314589536206e-11,5.030438158062968e-10,4.864006058791225e-10,1.6643209927174888e-11,0.0015387691803534188,0.8674061368013286,3.375271687964777e-07,2.0886977749791415e-10,1.3598259581480676e-09,8.30390883889641e-05,0.008060020645155463
36189,3000,90,90,61.63698,21.39951,86875598.2922516,0.00012828995486513007,0.023107432494290592,3.57549324130167e-05,0.022987391114731966,8.428644714560419e-05,0.1286824250219713,0.1182860042603817,0.010396420761589503,0.28956092633077485,8.605870936662268e-06,3.165919955667866e-05,0.0002983566806108211,1.6013725409548144e-10,1.2959947690604456e-10,3.0537777189437015e-11,6.709754039418101e-10,6.47808974009218e-10,2.3166429932592593e-11,0.0021927236275980843,1.2334351650704882,4.3473490979375214e-07,3.0320149942112594e-10,2.005461091118236e-09,0.00012193941275297698,0.011387885168145501
36190,2000,80,76,61.63592,21.39722,62053560.0466332,0.00012064756183169315,0.021423058923667068,3.3358887804193464e-05,0.021311277527001217,7.842250886165765e-05,0.12098250121236666,0.11136779482199986,0.009614706390366651,0.2703993411111443,8.061270325477365e-06,2.9492708326540954e-05,0.0002766961336076325,1.4706648131189217e-10,1.1908006215653583e-10,2.7986419155356454e-11,6.45465475684189e-10,6.22900144913898e-10,2.2565330770291064e-11,0.002026247360913085,1.1641259943579676,4.2472856877920717e-07,2.79977872096038e-10,1.8641226336660776e-09,0.00011322267532496447,0.010762704340171271
36191,2000,65,71,59.94869,22.33933,123030625.314258,9.082219426237912e-05,0.009998509370078366,1.801348762857166e-05,0.009941185422224002,3.9310460225793186e-05,0.09549542992989289,0.09088421781907706,0.004611212110815804,0.13568571596851356,6.3954225936702e-06,1.5185398633889933e-05,0.0001506455154655423,6.767867564485882e-11,6.181968897716969e-11,5.858986667689158e-12,7.607219474137723e-10,7.277972768214561e-10,3.292467059231698e-11,0.0009565424358942214,0.644783812326341,6.502108014315834e-07,1.74196490689025e-10,7.141970239594306e-10,5.973654029436797e-05,0.00534417117493016
36192,600,50,44,60.36939,22.94569,20090363.8569688,0.00010826078822757758,0.01833111284898489,3.0490885789896555e-05,0.018228175028241922,7.244693495307068e-05,0.11146762778115848,0.1032544572184234,0.008213170562734984,0.2326798950165089,7.395189821342081e-06,2.5143399321395896e-05,0.00024051939170193181,1.5422673178566664e-10,1.310424821886237e-10,2.3184249597043077e-11,6.312134434184604e-10,6.103100928560016e-10,2.0903350562459282e-11,0.0018258759695658113,1.0299977859880363,4.2949372551124397e-07,2.498622219789667e-10,1.5846142223224315e-09,9.819352371371759e-05,0.009006885837303517
36193,600,50,44,60.30444,22.67728,17417979.1025838,0.0001436984363457591,0.021441549270771437,3.649647179009556e-05,0.02132093879441725,8.411400456409274e-05,0.14941343939986987,0.13982611189081712,0.009587327509052609,0.2750353300785958,9.995000302897674e-06,3.000757319817441e-05,0.00029108722124942193,1.7810189141484806e-10,1.5440644186278466e-10,2.369544955206352e-11,9.70053849568902e-10,9.34244525146394e-10,3.5809324422509033e-11,0.002137193983979122,1.1939803472001014,7.305070108895961e-07,3.147225152118421e-10,1.7390628892186454e-09,0.00011727872995934934,0.010640178520129108
