turbine_idx,P_rated_kW,Hub_height_m,Diameter_m,Latitude,Longitude,Lifetime_production_kWh,acidification - accumulated exceedance (AE)[mol H+-Eq],climate change - global warming potential (GWP100)[kg CO2-Eq],climate change: biogenic - global warming potential (GWP100)[kg CO2-Eq],climate change: fossil - global warming potential (GWP100)[kg CO2-Eq],climate change: land use and land use change - global warming potential (GWP100)[kg CO2-Eq],ecotoxicity: freshwater - comparative toxic unit for ecosystems (CTUe)[CTUe],"ecotoxicity: freshwater, inorganics - comparative toxic unit for ecosystems (CTUe)[CTUe]","ecotoxicity: freshwater, organics - comparative toxic unit for ecosystems (CTUe)[CTUe]","energy resources: non-renewable - abiotic depletion potential (ADP): fossil fuels[MJ, net calorific value]",eutrophication: freshwater - fraction of nutrients reaching freshwater end compartment (P)[kg P-Eq],eutrophication: marine - fraction of nutrients reaching marine end compartment (N)[kg N-Eq],eutrophication: terrestrial - accumulated exceedance (AE)[mol N-Eq],human toxicity: carcinogenic - comparative toxic unit for human (CTUh)[CTUh],"human toxicity: carcinogenic, inorganics - comparative toxic unit for human (CTUh)[CTUh]","human toxicity: carcinogenic, organics - comparative toxic unit for human (CTUh)[CTUh]",human toxicity: non-carcinogenic - comparative toxic unit for human (CTUh)[CTUh],"human toxicity: non-carcinogenic, inorganics - comparative toxic unit for human (CTUh)[CTUh]","human toxicity: non-carcinogenic, organics - comparative toxic unit for human (CTUh)[CTUh]",ionising radiation: human health - human exposure efficiency relative to u235[kBq U235-Eq],land use - soil quality index[dimensionless],material resources: metals/minerals - abiotic depletion potential (ADP): elements (ultimate reserves)[kg Sb-Eq],ozone depletion - ozone depletion potential (ODP)[kg CFC-11-Eq],particulate matter formation - impact on human health[disease incidence],photochemical oxidant formation: human health - tropospheric ozone concentration increase[kg NMVOC-Eq],water use - user deprivation potential (deprivation-weighted water consumption)[m3 world eq. deprived]
72455,5000,90,116,54.00034,6.59449,297840000.0,7.167821593327312e-05,0.012190239841784098,2.5608238468514913e-05,0.012121721782955019,4.290982036056432e-05,0.06956900399765455,0.06415677505193243,0.005412228945722077,0.1544504542512472,5.3960808519226476e-06,1.77793116948396e-05,0.0001655142599260094,8.910639492521129e-11,7.31145691888615e-11,1.599182573634989e-11,3.858477227473322e-10,3.7248890091281447e-10,1.3358821834517776e-11,0.000796303321173709,0.6149747122714563,2.5556089093253615e-07,1.6306214755616244e-10,1.0269545246093367e-09,6.57812995774567e-05,0.006150173532289527
72456,5000,90,116,54.00034,6.60716,297840000.0,7.1752730228451e-05,0.012191309745644674,2.5613477051726532e-05,0.012122784312119234,4.291195647371623e-05,0.06965097918644984,0.06423832936990123,0.005412649816548562,0.15447515610219367,5.401892713465598e-06,1.7783235818006594e-05,0.00016556779082711328,8.910718660717667e-11,7.312748616479554e-11,1.5979700442381226e-11,3.8680777148823324e-10,3.734025405633157e-10,1.3405230924917572e-11,0.0007964249935086033,0.6149965994596064,2.5649453727072595e-07,1.6316493022963263e-10,1.02659116244202e-09,6.579681604503415e-05,0.006151163208738587
72457,5000,90,116,54.00034,6.61984,297840000.0,7.182730402486196e-05,0.012192380751051628,2.5618719851198077e-05,0.012123847936801064,4.2914094399368615e-05,0.06973302099209434,0.0643199498998882,0.005413071092206089,0.1544998813843958,5.407709185355695e-06,1.7787163214902372e-05,0.00016562136579162607,8.910797903387639e-11,7.314041340629689e-11,1.596756562757958e-11,3.87768581474863e-10,3.74316904654146e-10,1.3451676820717e-11,0.0007965467668694894,0.6150185078843426,2.5742892193519335e-07,1.6326779991539322e-10,1.0262275385718074e-09,6.581234580604741e-05,0.006152153687159366
72458,5000,90,116,54.0075,6.60664,297840000.0,7.179521217565582e-05,0.012205080754883165,2.5622087004832524e-05,0.012136540939963029,4.2917727915304926e-05,0.0696904504147776,0.06427533391842992,0.005415116496347635,0.1545732345502533,5.405528868241352e-06,1.779506206783385e-05,0.0001656863805973248,8.915548062612416e-11,7.315549369374603e-11,1.5999986932378236e-11,3.869613879067957e-10,3.735529965567647e-10,1.3408391350030962e-11,0.0007969186173739217,0.6150228973179528,2.5653173287420446e-07,1.6329957699682539e-10,1.027216949617573e-09,6.584096142544645e-05,0.006154383078883896
72459,5000,90,116,54.0075,6.61932,297840000.0,7.186974640085096e-05,0.012206150953312341,2.562732699031235e-05,0.012137603761718605,4.291986460342441e-05,0.06977244756849785,0.06435691008641715,0.005415537482080645,0.15459794313412728,5.41134228321914e-06,1.779898724533768e-05,0.00016573992586092068,8.915627252366479e-11,7.316841412286479e-11,1.598785840080011e-11,3.8792169324507615e-10,3.744668804004172e-10,1.3454812844658997e-11,0.0007970403223835214,0.6150447904880038,2.574656286855856e-07,1.6340238732905228e-10,1.026853491230744e-09,6.585648207385948e-05,0.0061553730204351
72460,5000,90,116,54.0075,6.59416,297840000.0,7.167714012904118e-05,0.012190126952851408,2.5608149772859428e-05,0.012121609055643906,4.2909747434644605e-05,0.06956736404776731,0.06415516828057564,0.0054121957671916104,0.15444863668515904,5.396008983550042e-06,1.7779199763499532e-05,0.00016551296760487658,8.910633912713258e-11,7.31144019783181e-11,1.599193714881458e-11,3.8583598004691666e-10,3.724777284270912e-10,1.3358251619825501e-11,0.0007963000398278703,0.6149729144912156,2.555502533498798e-07,1.6305871712837358e-10,1.0269485566276978e-09,6.578071953536789e-05,0.00615015463420849
72461,5080,92,126,54.01458,6.59383,302605440.0,7.760150799967903e-05,0.013430219308428039,2.7689233195552453e-05,0.013358579703394413,4.395037183807391e-05,0.07478330088334412,0.0689427560902442,0.005840544793099867,0.17009519292012343,5.832436347460372e-06,1.962335989555814e-05,0.00018195738687794744,9.540342779550922e-11,7.748505964079725e-11,1.7918368154712058e-11,4.04709661830785e-10,3.9086139008123733e-10,1.3848271749547739e-11,0.0008568187711859978,0.6198427666938903,2.615677639856361e-07,1.8024559378217284e-10,1.1084461942242811e-09,7.172859619193611e-05,0.006749858811296707
72462,5080,92,126,54.01458,6.60628,302605440.0,7.767341351282817e-05,0.013431235520323,2.769428619701336e-05,0.01335958880797271,4.395242615327757e-05,0.07486233003840626,0.06902138362466653,0.0058409464137396784,0.1701187865522224,5.8380467388903e-06,1.962713742402719e-05,0.00018200895709162508,9.54041843684584e-11,7.749752759899842e-11,1.7906656769460073e-11,4.0563645166779186e-10,3.9174337900275136e-10,1.3893072665040497e-11,0.0008569359296947436,0.6198636407320885,2.624691963898425e-07,1.8034445369244806e-10,1.108093685256772e-09,7.17435101061664e-05,0.006750813070721266
72463,5080,92,126,54.01459,6.61883,302605440.0,7.774590710177954e-05,0.013432260184537215,2.7699380543145356e-05,0.013360606306663449,4.395449733061883e-05,0.0749420061913996,0.06910065483309008,0.005841351358309457,0.17014257526188103,5.843702997180867e-06,1.9630945926976373e-05,0.00018206094982299042,9.540494719333149e-11,7.751009749784763e-11,1.7894849695483937e-11,4.065708181402657e-10,3.926325783023117e-10,1.3938239837954014e-11,0.0008570540485893691,0.6198846876360092,2.633779969953542e-07,1.804441249459503e-10,1.1077383095704737e-09,7.175854650931877e-05,0.006751775141194217
72464,5080,92,126,54.02166,6.5935,302605440.0,7.769184810469908e-05,0.013457509245318728,2.7706665380937236e-05,0.013385840617698522,4.396196223927069e-05,0.07486878595074922,0.06902332385563931,0.005845462095109857,0.170291764601667,5.840107285530122e-06,1.9647041861858818e-05,0.0001821961092375082,9.549860491238848e-11,7.754133960977868e-11,1.7957265302609878e-11,4.05096710071016e-10,3.9123812257512806e-10,1.3858587495887956e-11,0.000857802769034731,0.6198978026236387,2.617226250443356e-07,1.80521610725082e-10,1.1096551278607516e-09,7.181720614239326e-05,0.006756290347276247
72465,5080,92,126,54.02167,6.60592,302605440.0,7.767544075626286e-05,0.013431157072888346,2.769441429931367e-05,0.01335951022077405,4.3952437814980886e-05,0.07486405646379674,0.06902312851483734,0.00584092794895933,0.1701178460360437,5.838218147345639e-06,1.9627183170539426e-05,0.00018200984007920936,9.540415693408393e-11,7.749790029946274e-11,1.790625663462127e-11,4.0566490873308746e-10,3.917704632786411e-10,1.3894445454446337e-11,0.0008569375569865131,0.6198626006248493,2.6249773421488984e-07,1.8034510149016693e-10,1.1080714216761512e-09,7.174353927609586e-05,0.0067508349079727645
72466,5080,92,126,54.02168,6.61834,302605440.0,7.774706768452827e-05,0.013432169061376576,2.7699447685456767e-05,0.013360515129643655,4.3954484047467845e-05,0.07494277809376144,0.06910145015979287,0.005841327933968504,0.1701413439667793,5.843806837705081e-06,1.9630945901260205e-05,0.0001820612089672846,9.540491044547798e-11,7.751032000945897e-11,1.789459043601911e-11,4.065881141134686e-10,3.926490410232989e-10,1.39390730901697e-11,0.0008570542571064008,0.6198833894369994,2.6339568253210795e-07,1.8044357266696392e-10,1.1077202454947385e-09,7.175839436310017e-05,0.006751785456749478
72467,3600,88,120,54.50638,7.64102,214444800.0,9.376725507192082e-05,0.015299988574608566,3.103942947341604e-05,0.015223396235663118,4.555290947203918e-05,0.09074024122985055,0.08424107516603026,0.00649916606382025,0.1947712247263149,7.058188877378605e-06,2.2688112896750945e-05,0.00021099507303574415,1.020548618802576e-10,8.258196331125301e-11,1.9472898569004694e-11,5.320231018997639e-10,5.125138233609914e-10,1.9509278538772523e-11,0.000950422692877296,0.6286121088441137,3.6780012792019143e-07,2.15662913625113e-10,1.1828107760314572e-09,8.189404583406557e-05,0.007733548060400898
72468,3600,88,120,54.50638,7.65383,214444800.0,9.367105459625481e-05,0.015298292991131897,3.103262414929821e-05,0.015221710351052999,4.555001592960509e-05,0.09063293626933881,0.08413440098258676,0.006498535286752031,0.19473462153895613,7.050724405020995e-06,2.2682868425325704e-05,0.0002109242872851399,1.0205369668185267e-10,8.256534924316982e-11,1.9488347438682973e-11,5.307904783283914e-10,5.113407935268605e-10,1.9449684801530905e-11,0.0009502606918460273,0.6285790722263489,3.6660392579855647e-07,2.1552393925409717e-10,1.1832437177796933e-09,8.187286519329345e-05,0.0077322554863654
72469,3600,88,120,54.50638,7.66667,214444800.0,9.351267030000015e-05,0.015277289824053174,3.101361874848289e-05,0.015200737248527897,4.553895677679941e-05,0.09046667580198395,0.08397225289319961,0.0064944229087842975,0.19455871210967907,7.037978345649872e-06,2.266095421133662e-05,0.0002106857858274949,1.0198536095938174e-10,8.250931119615269e-11,1.9476049763229167e-11,5.293064582780172e-10,5.099225991482271e-10,1.9383859129790102e-11,0.0009494057874655166,0.628506515795834,3.6532015665183937e-07,2.151908606896271e-10,1.1828074284792616e-09,8.178921400894406e-05,0.007726442209610429
72470,3600,88,120,54.50638,7.67907,214444800.0,9.341983367002309e-05,0.015275654323046442,3.100705149269528e-05,0.015199111106798308,4.5536164755446874e-05,0.09036312669230503,0.08386931228363843,0.00649381440866657,0.19452340071573623,7.030774785799384e-06,2.2655893573357858e-05,0.00021061747947208966,1.0198423686556056e-10,8.249327791593615e-11,1.949095894962454e-11,5.281169186661742e-10,5.087905702694312e-10,1.9326348396742923e-11,0.0009492494635377114,0.6284746464287865,3.6416575904850304e-07,2.150567616803998e-10,1.183225322791515e-09,8.176877688958357e-05,0.007725194870570884
72471,3600,88,120,54.50638,7.69148,214444800.0,9.332706681417874e-05,0.015274020436782507,3.100048922440976e-05,0.01519748657255907,4.5533374999034564e-05,0.09025965721391799,0.08376645074080197,0.0064932064731159905,0.1944881216413518,7.023576592359273e-06,2.2650836957556044e-05,0.00021054922650964425,1.0198311379212967e-10,8.247725660973053e-11,1.9505857182399256e-11,5.269282647080699e-10,5.076593842154086e-10,1.9268880492661184e-11,0.0009490932631323176,0.6284428068768371,3.6301221782262137e-07,2.149227711586613e-10,1.1836429473916236e-09,8.17483565389633e-05,0.007723948487244065
72472,3600,88,120,54.50638,7.70388,214444800.0,9.323452311805164e-05,0.015272390864925631,3.099394279377161e-05,0.01519586633001239,4.5530592119476164e-05,0.0901564384398367,0.08366383833303698,0.00649260010679969,0.19445293319047652,7.0163956674334944e-06,2.2645792723733387e-05,0.0002104811397831162,1.0198199359517744e-10,8.246127376837748e-11,1.952071982680008e-11,5.25742461827557e-10,5.065309113876306e-10,1.9211550439926455e-11,0.00094893744448972,0.6284110497564458,3.6186144035484806e-07,2.147891106336334e-10,1.184059611539781e-09,8.17279867142602e-05,0.00772270512037617
72473,3600,88,120,54.50638,7.71629,214444800.0,9.31420573386367e-05,0.015270763047874817,3.0987401926187245e-05,0.015194247834200352,4.5527811748280816e-05,0.09005330836335151,0.08356131400587152,0.006491994357479966,0.19441778010553432,7.009220741151111e-06,2.2640752954029743e-05,0.00021041311242256687,1.0198087451566727e-10,8.2445304307963e-11,1.953557020770439e-11,5.245576490073121e-10,5.054033807434968e-10,1.9154268263815328e-11,0.0009487817630275449,0.6283793251949079,3.607116206139427e-07,2.1465557029013673e-10,1.1844759689333407e-09,8.170763543844487e-05,0.007721462818463377
72474,3600,88,120,54.50638,7.7287,214444800.0,9.298764311792064e-05,0.015249831759250453,3.0968677627972986e-05,0.015173346208791804,4.5516872830681086e-05,0.08989148515760736,0.08340357661718255,0.006487908540424791,0.19424340978827032,6.996782496142238e-06,2.261905625292195e-05,0.0002101775423551783,1.0191258774636009e-10,8.238995152647133e-11,1.9522636219888867e-11,5.23124456436434e-10,5.040335564342251e-10,1.909090000220904e-11,0.0009479335740199217,0.62830816109584,3.594771617341639e-07,2.1432826505764808e-10,1.1840220317562345e-09,8.162486530903347e-05,0.0077157029747130824
72475,3600,88,120,54.50638,7.74109,214444800.0,9.289564356909191e-05,0.015248212908663775,3.096216984243717e-05,0.015171736632015,4.5514106806344386e-05,0.0897888786369705,0.08330157258053905,0.006487306056431437,0.194208445326993,6.98964365349496e-06,2.2614042325112657e-05,0.00021010986204651448,1.019114746549216e-10,8.23740624370991e-11,1.9537412217822627e-11,5.219456011833558e-10,5.029116953064953e-10,1.903390587686042e-11,0.0009477786894055808,0.628276608033027,3.583331174818759e-07,2.1419541320630908e-10,1.1844363771075377e-09,8.160461942035497e-05,0.0077144669726205315
72476,3600,88,120,54.50638,7.75348,214444800.0,9.28038090258635e-05,0.015246597337931994,3.0955673779383514e-05,0.015170130318247056,4.551134590556016e-05,0.08968645790899485,0.08319975315129104,0.00648670475770378,0.19417354921897956,6.982517568197118e-06,2.2609037603528218e-05,0.00021004230513215697,1.0191036373123717e-10,8.235820177110532e-11,1.9552161960131976e-11,5.207688520827164e-10,5.017918384950589e-10,1.8977013587657554e-11,0.0009476240884733298,0.628245117285508,3.571911141506535e-07,2.1406280714944936e-10,1.1848500226246645e-09,8.15844112187787e-05,0.00771323320516138
72477,3600,88,120,54.50638,7.76589,214444800.0,9.264989104612096e-05,0.015225675912620645,3.093698473550615e-05,0.015149238505488766,4.550042239637678e-05,0.08952519345688606,0.08304257095180953,0.00648262250507649,0.19399938445985007,6.970117689955289e-06,2.258736858906399e-05,0.00020980710616002885,1.018420834810084e-10,8.230293447073714e-11,1.953914901027136e-11,5.193419936073621e-10,5.004280420167546e-10,1.8913951590607538e-11,0.0009467767526074564,0.6281741405857441,3.559627931926735e-07,2.1373624111225898e-10,1.1843939806856707e-09,8.15017544281368e-05,0.0077074800818623095
72478,3600,88,120,54.5118,7.64102,214444800.0,9.367610156465491e-05,0.015280107342965699,3.1025171598635924e-05,0.015203538326091224,4.554384527584225e-05,0.09064867675011885,0.08415319977291283,0.006495476977205971,0.19461995066759943,7.05066723880593e-06,2.2669828078503055e-05,0.00021080570492015686,1.0198731176496521e-10,8.253754866632565e-11,1.944976309863968e-11,5.314018850751887e-10,5.119167198717289e-10,1.9485165203459957e-11,0.0009496800183140681,0.6285616817567244,3.673541768204494e-07,2.1542569954239363e-10,1.182064665340698e-09,8.182496664372154e-05,0.007728635131350472
72479,3600,88,120,54.5118,7.65383,214444800.0,9.357965282654687e-05,0.015278407550779624,3.1018348734562996e-05,0.015201848257706813,4.5540944338254744e-05,0.09054109565252359,0.08404625103375689,0.0064948446187666825,0.1945832555236845,7.043183482408016e-06,2.2664570167547153e-05,0.00021073473738485215,1.0198614363561895e-10,8.252089168963395e-11,1.946525194598512e-11,5.301660768684084e-10,5.107406593655513e-10,1.9425417502857074e-11,0.0009495176018241074,0.6285285624223158,3.6615488281439847e-07,2.1528636986017654e-10,1.1824987435964136e-09,8.180373195286799e-05,0.007727339229499927
72480,3600,88,120,54.5118,7.66667,214444800.0,9.348312062232516e-05,0.015276706709740849,3.101152002262028e-05,0.015200157148645695,4.553804107253713e-05,0.09043342343227168,0.08393921160177172,0.006494211830499919,0.19454653495304244,7.0356931974533405e-06,2.265930794589706e-05,0.0002106637106851188,1.0198497468759162e-10,8.250422021458239e-11,1.9480754473009355e-11,5.289291900254144e-10,5.095635723608675e-10,1.9365617664546952e-11,0.0009493550513852132,0.6284954208459927,3.6495453863508804e-07,2.1514692803552243e-10,1.182933246081845e-09,8.178248042800128e-05,0.007726042226153787
72481,3600,88,120,54.5118,7.67907,214444800.0,9.339003538711236e-05,0.015275067002573086,3.100493520377963e-05,0.015198526825719882,4.5535241649430735e-05,0.09032959784338439,0.08383599609423162,0.0064936017491527285,0.19451113160090683,7.028470325902718e-06,2.2654233854572937e-05,0.00021059522233857534,1.0198384766258852e-10,8.248814396485641e-11,1.9495703697732238e-11,5.277364611992005e-10,5.084285084522136e-10,1.9307952746986747e-11,0.0009491983115558672,0.6284634687752116,3.637970446343341e-07,2.150124733914818e-10,1.1833522794328956e-09,8.176198921447197e-05,0.007724791555099701
72482,3600,88,120,54.5118,7.69148,214444800.0,9.329701554567701e-05,0.015273428840124751,3.099835506353298e-05,0.015196898040698608,4.553244436261333e-05,0.09022584703345075,0.08373285482780184,0.006492992205648888,0.19447575900934275,7.021252479990527e-06,2.2649163550700597e-05,0.0002105267842001517,1.0198272160819048e-10,8.247207893122171e-11,1.95106426769689e-11,5.265445617447936e-10,5.072942338072777e-10,1.9250327937515917e-11,0.0009490416879848287,0.6284315451244779,3.626403523341408e-07,2.1487812105040532e-10,1.1837710636118156e-09,8.174151383149493e-05,0.007723541781242558
72483,3600,88,120,54.5118,7.70388,214444800.0,9.320421479965319e-05,0.015271794927498437,3.099179047436561e-05,0.01519527348319063,4.552965383344776e-05,0.09012234242739674,0.08362995822070564,0.006492384206691065,0.1944404756005721,7.014051586360257e-06,2.264410541123701e-05,0.00021045850934465454,1.0198159838425375e-10,8.245605165912865e-11,1.952554672512523e-11,5.253554611384855e-10,5.061626226840494e-10,1.919283845443606e-11,0.0009488854394426397,0.6283997026167764,3.6148637304892665e-07,2.1474409297544933e-10,1.1841889064412305e-09,8.172108810534935e-05,0.007722294969568822
72484,3600,88,120,54.5118,7.71629,214444800.0,9.31114873974782e-05,0.015270162696601957,3.098523112577132e-05,0.015193650599797841,4.552686567835064e-05,0.0900189214534647,0.08352714465662629,0.006491776796838383,0.194405225930601,7.006856335622144e-06,2.263905149086546e-05,0.00021039029053045933,1.0198047622579707e-10,8.244003697674056e-11,1.9540439249056624e-11,5.241672918364995e-10,5.05031897828998e-10,1.9135394007501405e-11,0.00094872932049791,0.6283678912119404,3.6033329441002836e-07,2.146101786261922e-10,1.1846064639615781e-09,8.170067994876172e-05,0.0077210491617639085
72485,3600,88,120,54.5118,7.7287,214444800.0,9.301891230491558e-05,0.015268533535830646,3.097868260341421e-05,0.015192030770956237,4.552408227099835e-05,0.08991567217648153,0.08342450168357037,0.006491170492911108,0.19437003999376887,6.999672855379802e-06,2.2634006092550103e-05,0.00021032218584353946,1.0197935608771269e-10,8.242404852232283e-11,1.9555307565389998e-11,5.229810657070903e-10,5.039030221896042e-10,1.9078043517486047e-11,0.0009485734640750456,0.628336137975974,3.591820984146926e-07,2.1447649201090789e-10,1.1850233804011262e-09,8.168030673528765e-05,0.007719805418670221
72486,3600,88,120,54.5118,7.74109,214444800.0,9.286453733309879e-05,0.015247603522150838,3.0959961159889004e-05,0.015171130416205145,4.551314478580726e-05,0.08975389548175279,0.08326681038634713,0.00648708509540564,0.1941956933535078,6.987237583746218e-06,2.2612311861951895e-05,0.00021008664776492737,1.019110700593257e-10,8.236870240383726e-11,1.954236765548855e-11,5.215483633592272e-10,5.025336643870447e-10,1.9014698972182542e-11,0.0009477253502871826,0.6282649962235686,3.5794811056580035e-07,2.1414925512787847e-10,1.184569333700532e-09,8.159754737806808e-05,0.007714046129865037
72487,3600,88,120,54.5118,7.75348,214444800.0,9.277242793360385e-05,0.015245983327103262,3.095344568272667e-05,0.015169519505707621,4.55103757129181e-05,0.08965116920196253,0.08316468714625308,0.00648648205570942,0.19416069596676264,6.9800901443521736e-06,2.2607292281181875e-05,0.00021001888978093802,1.0190995590677915e-10,8.235279422590298e-11,1.9557161680876293e-11,5.203680877198821e-10,5.014104515288782e-10,1.8957636191004008e-11,0.0009475702899436313,0.6282334144345464,3.568026831205984e-07,2.140162564026976e-10,1.1849842415219814e-09,8.157727946529428e-05,0.007712808679782507
72488,3600,88,120,54.5118,7.76589,214444800.0,9.268033510640627e-05,0.015244363806975122,3.094693142922859e-05,0.015167909268242059,4.550760730383805e-05,0.08954846320060669,0.0830625839694533,0.006485879231153353,0.19412571062519798,6.9729439435458e-06,2.260227382103525e-05,0.00020995114603193535,1.0190884212926992e-10,8.233688883430477e-11,1.9571953294965275e-11,5.191880161012927e-10,5.00287432817515e-10,1.8900583283777833e-11,0.0009474152634978484,0.6282018441582158,3.556574505777555e-07,2.1388328926566916e-10,1.1853991188182417e-09,8.155701659999062e-05,0.007711571470479353
72489,3600,88,120,54.51552,7.64101,214444800.0,9.371861123487203e-05,0.015299025319474491,3.103597416175553e-05,0.015222437944693393,4.555140061934906e-05,0.09068548643978733,0.08418666877849305,0.006498817661294242,0.1947511288276189,7.054427545382733e-06,2.268540096171892e-05,0.00021095871571218773,1.0205422448576573e-10,8.257358334511247e-11,1.9480641140653386e-11,5.314021264518707e-10,5.119228730625235e-10,1.947925338934728e-11,0.0009503391201861523,0.6285937937267696,3.6719835563916245e-07,2.1559052604336917e-10,1.1830175079683987e-09,8.188294896898534e-05,0.007732889460610684
72490,3600,88,120,54.51717,7.64102,214444800.0,9.370988044381828e-05,0.015298852178344646,3.103535395473949e-05,0.01522226569469444,4.55511296954734e-05,0.0906756576488807,0.08417690259042497,0.006498755058455699,0.1947475181533995,7.0537524775919045e-06,2.268491406965194e-05,0.0002109521888092137,1.0205410996879591e-10,8.257207932507006e-11,1.948203064372597e-11,5.312906767695435e-10,5.118168121561028e-10,1.947386461344075e-11,0.0009503241162774745,0.6285905026203588,3.6709035449220513e-07,2.1557752859115097e-10,1.1830545840178819e-09,8.188095633753562e-05,0.00773277124054566
72491,3600,88,120,54.51717,7.65383,214444800.0,9.361318853206297e-05,0.015297148260603521,3.10285139098217e-05,0.015220571525180734,4.554822151297062e-05,0.09056780605977359,0.08406968490958,0.006498121150193531,0.19471073289112925,7.046249832815876e-06,2.267964299287742e-05,0.00021088104319876407,1.0205293896716769e-10,8.255538031991133e-11,1.9497558647256463e-11,5.300517492725669e-10,5.106377831640142e-10,1.941396610855278e-11,0.0009501612927960157,0.6285573022174444,3.658880320689104e-07,2.1543785081856418e-10,1.1834897751269494e-09,8.185966869312135e-05,0.007731472078945108
72492,3600,88,120,54.51717,7.66667,214444800.0,9.35785135705657e-05,0.015314749829747256,3.103386225022666e-05,0.015238162493210637,4.5553474286396604e-05,0.09051872780075651,0.08401775981720326,0.006500967983553196,0.19481320303933364,7.044015722755277e-06,2.2691033040594458e-05,0.0002109774950114947,1.0211893685294628e-10,8.257807630767687e-11,1.95408605452695e-11,5.29062061777485e-10,5.097018664762869e-10,1.9360195301198208e-11,0.0009506911048685581,0.6285635771631453,3.647711770968283e-07,2.1549205304192308e-10,1.1847950454537316e-09,8.190081793751054e-05,0.007734691417899642
72493,3600,88,120,54.51717,7.67907,214444800.0,9.342307953708593e-05,0.015293799385598958,3.101506565107135e-05,0.015217241815763272,4.5542504184619116e-05,0.0903557615336327,0.08385888638236799,0.006496875151264661,0.1946384269914985,7.031498493440669e-06,2.266928007347169e-05,0.00021074116825577413,1.0205063719382546e-10,8.252254763553462e-11,1.9528089558290964e-11,5.276158279391333e-10,5.083196314379007e-10,1.9296196501232543e-11,0.0009498411800261993,0.6284920448897258,3.6352407182267695e-07,2.1516325096693902e-10,1.184345561963419e-09,8.181781895975538e-05,0.0077289178158276295
72494,3600,88,120,54.51717,7.69148,214444800.0,9.326770656726341e-05,0.015272850416945746,3.099627342514408e-05,0.015196322607428652,4.553153609195309e-05,0.09019286524875345,0.08370008241835236,0.0064927828304010395,0.19446368016306667,7.01898595290111e-06,2.2647530661765153e-05,0.00021050488855983652,1.019823384560936e-10,8.246702943025682e-11,1.9515309025836926e-11,5.261703678362006e-10,5.069381327165126e-10,1.923223511968804e-11,0.0009489913642612881,0.6284205396572404,3.6227771419935874e-07,2.1483454508124002e-10,1.183895849604969e-09,8.173483488510928e-05,0.0077231450531076605
72495,3600,88,120,54.51717,7.70388,214444800.0,9.317465388471253e-05,0.015271212247017765,3.09896910382801e-05,0.015194693817915383,4.5528738064105955e-05,0.0900890804831491,0.08359690725267135,0.0064921732304777146,0.194428303642157,7.011765488150166e-06,2.264245889164449e-05,0.00021043642930237014,1.0198121226407487e-10,8.245095861183303e-11,1.9530253652241965e-11,5.249780351667911e-10,5.058034457861056e-10,1.917458938068539e-11,0.0009488346943262125,0.6283886134169857,3.611205968729434e-07,2.1470015671029754e-10,1.1843148473371388e-09,8.171435435901515e-05,0.007721894865017656
72496,3600,88,120,54.51717,7.71629,214444800.0,9.30816700226387e-05,0.015269575686530194,3.098311357299814e-05,0.015193066630679715,4.5525942277484353e-05,0.08998537433899649,0.08349381014692762,0.006491564192068827,0.19439295925046224,7.004550314390899e-06,2.263739109823847e-05,0.00021036802279748976,1.0198008708613469e-10,8.243489960044489e-11,1.9545187485689934e-11,5.23786575681755e-10,5.04669589813659e-10,1.9116985868095895e-11,0.0009486781464876385,0.6283567168393044,3.599643237301867e-07,2.1456587567901043e-10,1.1847335809731984e-09,8.169389043373336e-05,0.007720645620371128
72497,3600,88,120,54.51717,7.7287,214444800.0,9.298883405147182e-05,0.015267942125748881,3.097654662236994e-05,0.015191442428017591,4.5523151108923976e-05,0.08988183499799103,0.0833908787653029,0.006490956232688078,0.1943576770225318,6.997346567345112e-06,2.2632331590231828e-05,0.00021029972720832085,1.0197896387844478e-10,8.241886605242879e-11,1.956009782601612e-11,5.225970025898861e-10,5.035375290223806e-10,1.905947356750544e-11,0.0009485218538466323,0.6283248770265353,3.588098780690569e-07,2.144318161473709e-10,1.1851516942733332e-09,8.167346050595812e-05,0.007719398381418024
72498,3600,88,120,54.51717,7.74109,214444800.0,9.289629932906715e-05,0.015266314260161486,3.09700010340848e-05,0.015189823889959495,4.552036916791167e-05,0.08977863348494197,0.08328828312914689,0.006490350355795052,0.19432251519647425,6.990166147420859e-06,2.262728872382302e-05,0.0002102316553377571,1.019778444950785e-10,8.24028844545671e-11,1.9574960040511526e-11,5.214112810398998e-10,5.02409133552004e-10,1.9002147487895744e-11,0.0009483660745391782,0.6282931465295355,3.576591670329667e-07,2.1429819951087342e-10,1.1855684961981164e-09,8.165309831328685e-05,0.007718155208357509
72499,3600,88,120,54.51717,7.75348,214444800.0,9.274181514566166e-05,0.015245382914184568,3.095127194426272e-05,0.01516892221358653,4.550942865377906e-05,0.08961673774812086,0.0831304733410935,0.0064862644070273305,0.19414813588739638,6.977722328517201e-06,2.2605588875614468e-05,0.00020999604005885866,1.0190955741373373e-10,8.234751935771181e-11,1.9562038056022046e-11,5.199771664747591e-10,5.010384317930263e-10,1.8938734681732858e-11,0.0009475177861123857,0.628221976284071,3.5642380391151094e-07,2.1397081669520701e-10,1.1851150091950993e-09,8.157031707596617e-05,0.0077123944801917145
72500,3600,88,120,54.51717,7.76589,214444800.0,9.264944759456291e-05,0.01524375877344073,3.09447382862029e-05,0.015167307383077366,4.550665207716584e-05,0.08951372634899836,0.0830280665062475,0.006485659842750843,0.19411304933796003,6.970554783716306e-06,2.2600555564273816e-05,0.00020992809534490852,1.0190844040958809e-10,8.233156647676244e-11,1.9576873932825777e-11,5.187935699837549e-10,4.999120586206274e-10,1.8881511363127533e-11,0.000947362300499596,0.6281903150324822,3.5527514886070937e-07,2.1383745710838572e-10,1.1855311483573141e-09,8.154999453360302e-05,0.0077111535901083494
72501,3600,88,120,54.52265,7.64102,214444800.0,9.374354866656468e-05,0.015317593304768538,3.104552824713113e-05,0.015240989366494196,4.5558410027215367e-05,0.0907025068807284,0.08420047495571038,0.0065020319250179625,0.19487501716965808,7.056829347530741e-06,2.2699993030649034e-05,0.00021109858190061,1.0212090603160538e-10,8.260659122110449e-11,1.9514314810501014e-11,5.311780888407409e-10,5.117155915646669e-10,1.946249727607407e-11,0.0009509680003793391,0.6286192587406596,3.6682520750035516e-07,2.1572916265277662e-10,1.1840447983100841e-09,8.193691524263814e-05,0.007736905779742266
72502,3600,88,120,54.52265,7.65383,214444800.0,9.358450634727339e-05,0.015296578611068389,3.10264763066343e-05,0.015220004803648709,4.554733111305315e-05,0.09053551276863842,0.08403759751632796,0.006497915252310416,0.19469885844024176,7.044032221434488e-06,2.267804298432363e-05,0.0002108595966402741,1.0205256237153469e-10,8.255043951770465e-11,1.950212285383016e-11,5.296856359426658e-10,5.10289372039913e-10,1.939626390275282e-11,0.0009501119890087846,0.6285464774210515,3.6553325410282796e-07,2.153951349124132e-10,1.183611478598626e-09,8.185311944090102e-05,0.007731083664999125
72503,3600,88,120,54.52265,7.66667,214444800.0,9.354958131674529e-05,0.015314175938733212,3.103180697915983e-05,0.01523759155531747,4.555257643658611e-05,0.09048615635306903,0.08398539586087354,0.006500760492195432,0.19480123593059853,7.041778687269752e-06,2.2689419493495776e-05,0.000210955865334045,1.021185573040679e-10,8.257309228504267e-11,1.9545465019025328e-11,5.286927406843843e-10,5.093504026705328e-10,1.934233801385144e-11,0.0009506413825658382,0.6285526690155968,3.6441328480940183e-07,2.154489791961868e-10,1.184917893456547e-09,8.189421423406012e-05,0.007734299651820951
72504,3600,88,120,54.52265,7.67907,214444800.0,9.33939016016687e-05,0.015293221331773849,3.101299302267608e-05,0.015216666739733719,4.554159901745944e-05,0.0903229168295342,0.08382625073396206,0.006496666095572102,0.1946263689143304,7.0292423741194555e-06,2.2667653227772233e-05,0.00021071935869483208,1.0205025474545194e-10,8.251752114992947e-11,1.95327335955226e-11,5.272433552702762e-10,5.079651684214035e-10,1.927818684887264e-11,0.0009497910466173243,0.6284810549180609,3.6316311973033665e-07,2.1511982554655747e-10,1.184469534905985e-09,8.181116177594963e-05,0.007728522756630162
72505,3600,88,120,54.52265,7.69148,214444800.0,9.323827854427325e-05,0.015272268129868661,3.0994183128704416e-05,0.015195743323261925,4.553062347803709e-05,0.09015974240748686,0.08366717022399547,0.006492572183491361,0.19445152954924064,7.016710406980063e-06,2.26458902813623e-05,0.00021048289591189137,1.0198195305814488e-10,8.246195971932951e-11,1.95199933388155e-11,5.257946869806341e-10,5.065806166151014e-10,1.9214070365532594e-11,0.0009489408124395416,0.6284094664581275,3.6191364730563605e-07,2.147907618653557e-10,1.1840209681465217e-09,8.172812327724367e-05,0.007722746641932992
72506,3600,88,120,54.52265,7.70388,214444800.0,9.314497167613308e-05,0.015270625661562325,3.098758278485028e-05,0.01519411026089424,4.552781788324039e-05,0.09005567496693384,0.0835637139994775,0.0064919609674563075,0.19441605903892273,7.009470196774635e-06,2.264080475716004e-05,0.00021041425058990787,1.0198082387014933e-10,8.244584496644031e-11,1.9534978903709153e-11,5.245990934619367e-10,5.054428264830953e-10,1.9156266978841345e-11,0.0009487837173017056,0.6283774556911256,3.60753364013994e-07,2.146560099206762e-10,1.1844411307379148e-09,8.17075874507748e-05,0.007721493047139822
72507,3600,88,120,54.52265,7.71629,214444800.0,9.305172902287111e-05,0.01526898472908896,3.098098703778787e-05,0.015192478727656767,4.552501439440976e-05,0.0899516810460586,0.08346033076121623,0.006491350284842346,0.19438061901891693,7.002234919263948e-06,2.263572296288681e-05,0.00021034565467199028,1.0197969564389467e-10,8.24297412236906e-11,1.954995442020421e-11,5.234043139512298e-10,5.043058109934706e-10,1.9098502957759178e-11,0.0009486267366229981,0.6283454731201633,3.595938674170749e-07,2.1452135881344305e-10,1.1848610508313191e-09,8.168706723874823e-05,0.007720240334266176
72508,3600,88,120,54.52265,7.7287,214444800.0,9.295862975801443e-05,0.015267346724564158,3.097440148788651e-05,0.01519085010768478,4.552221539149598e-05,0.08984784894170704,0.08335710828785876,0.006490740653848241,0.1943452395634887,6.995010718165385e-06,2.2630649212866282e-05,0.00021027716639729834,1.0197856933681616e-10,8.241366216521543e-11,1.956490717160085e-11,5.222113629775895e-10,5.031705356258848e-10,1.904082735170461e-11,0.0009484700036786102,0.6283135458834804,3.5843614209385443e-07,2.1438692285323728e-10,1.1852803717266924e-09,8.166658006067636e-05,0.007718989566948779
72509,3600,88,120,54.52265,7.74109,214444800.0,9.286582757225947e-05,0.015265714349186077,3.09678370063601e-05,0.015189227086685795,4.55194254939298e-05,0.08974435004921905,0.08325421696914642,0.0064901330800725965,0.19430997903505015,6.987809519732386e-06,2.2625591881353615e-05,0.00021020889881280378,1.019774468069476e-10,8.239763433531062e-11,1.9579812471637092e-11,5.210222099578406e-10,5.020388745818348e-10,1.8983335376005812e-11,0.000948313777162588,0.6282817266438641,3.5728209933100054e-07,2.1425292391327067e-10,1.1856984008687314e-09,8.164615972686896e-05,0.007717742809851554
72510,3600,88,120,54.52265,7.75348,214444800.0,9.27110712304413e-05,0.015244778418605562,3.094908869222748e-05,0.015168320853027882,4.550847688545334e-05,0.08958215173313412,0.0830961063272885,0.006486045405845595,0.19413549935621635,6.975344557035417e-06,2.2603877316589046e-05,0.00020997308440760554,1.0190915652584837e-10,8.234222219399201e-11,1.9566934331856478e-11,5.195846035921787e-10,5.006648498350299e-10,1.89197537571489e-11,0.0009474650337450084,0.6282104661641735,3.5604334587058154e-07,2.1392515217010245e-10,1.1852461631264529e-09,8.156331934370158e-05,0.007711978434940607
72511,3600,88,120,54.52265,7.76589,214444800.0,9.261842626752929e-05,0.015243149609154422,3.094253543936421e-05,0.015166701381654912,4.550569206015011e-05,0.08947883193471273,0.08299339285068748,0.0064854390840252355,0.19410031056545712,6.96815545976559e-06,2.2598829007113946e-05,0.00020990493674708627,1.0190803626218391e-10,8.232622135962379e-11,1.9581814902560243e-11,5.183974478039074e-10,4.995350894411028e-10,1.8862358362804736e-11,0.0009473090844275846,0.6281787130033749,3.548912349099287e-07,2.137913962361441e-10,1.185663576168961e-09,8.154293652986113e-05,0.007710733827927701
72512,3600,88,120,54.52802,7.64102,214444800.0,9.371614626705954e-05,0.015317046870561827,3.10435812655908e-05,0.01524044573089085,4.5557558405391735e-05,0.09067164418557148,0.08416980958387245,0.006501834601698999,0.19486363953448596,7.0547109570179e-06,2.2698463164474434e-05,0.00021107808053748682,1.0212054523678348e-10,8.260187131081403e-11,1.951867392596958e-11,5.308283591788177e-10,5.113827719887602e-10,1.9445587190057538e-11,0.0009509208620457773,0.6286088834536779,3.6648632378438395e-07,2.156883087196161e-10,1.1841608179977912e-09,8.193065016891702e-05,0.007736534592464853
72513,3600,88,120,54.52802,7.65383,214444800.0,9.361897188156058e-05,0.01531533475753477,3.1036707131333434e-05,0.01523874341455925,4.555463584419122e-05,0.09056325587580491,0.08406205826007786,0.006501197615726994,0.194826675322699,7.047170837583943e-06,2.269316596017131e-05,0.00021100658156059733,1.0211936853184006e-10,8.258508892015647e-11,1.9534279611683682e-11,5.295832430041356e-10,5.101978535152176e-10,1.938538948891809e-11,0.0009507572309095648,0.6285755220546725,3.652779930552533e-07,2.1554794011346488e-10,1.1845982159482855e-09,8.190925742474299e-05,0.0077352289628213845
72514,3600,88,120,54.52802,7.66667,214444800.0,9.352169960068381e-05,0.015313621363801001,3.1029826131477034e-05,0.01523703982713897,4.5551710530558094e-05,0.0904547604537863,0.08395420034222048,0.006500560111565766,0.1947896805308918,7.039623067208526e-06,2.268786367129358e-05,0.00021093501292179478,1.0211819084367648e-10,8.256828953472272e-11,1.9549901308953866e-11,5.283368628216422e-10,5.090117321331487e-10,1.932513068849347e-11,0.0009505934418772045,0.6285421338002231,3.6406843207724494e-07,2.1540743896873196e-10,1.1850361056519831e-09,8.188784475173293e-05,0.007733922038869989
72515,3600,88,120,54.52802,7.67907,214444800.0,9.342788727449201e-05,0.015311969336775812,3.1023189943873914e-05,0.015235397257380113,4.5548889451832246e-05,0.09035012616629452,0.08385018076572362,0.006499945400570851,0.1947540079578387,7.032343717344107e-06,2.268275022291521e-05,0.0002108659922123386,1.0211705523762441e-10,8.255208761649085e-11,1.9564967621133666e-11,5.271348069562854e-10,5.078677921072269e-10,1.926701484905855e-11,0.0009504354853841297,0.6285099395709747,3.6290188263237235e-07,2.1527194384321733e-10,1.1854584682359449e-09,8.18671952636034e-05,0.007732661621876738
72516,3600,88,120,54.52802,7.69148,214444800.0,9.320991687483344e-05,0.015271705420361978,3.099216837215907e-05,0.015195183508713671,4.552974327615469e-05,0.09012781267513537,0.0836354439289272,0.0064923687462081275,0.19443979640320122,7.014517505810564e-06,2.2644308478272096e-05,0.00021046169207455929,1.019815809323821e-10,8.245707401556154e-11,1.9524506916820693e-11,5.25432652379747e-10,5.062360869912078e-10,1.919656538853903e-11,0.000948892068595307,0.6283987713598914,3.615628171319801e-07,2.1474853477072135e-10,1.1841413777152754e-09,8.172164930958404e-05,0.00772236259557393
72517,3600,88,120,54.52802,7.70388,214444800.0,9.31163638726894e-05,0.015270058786706236,3.0985550639701454e-05,0.015193546305713792,4.552693035274884e-05,0.09002347149900335,0.0835317155346196,0.006491755964383715,0.194404234833809,7.0072581759942196e-06,2.2639209633889073e-05,0.00021039286656517265,1.0198044884188674e-10,8.24409167204941e-11,1.953953212139277e-11,5.24233901370419e-10,5.050952920194071e-10,1.9138609351011876e-11,0.0009487345616745165,0.6283666786960679,3.603994682514483e-07,2.1461343070641488e-10,1.1845626679079845e-09,8.170105992301235e-05,0.0077211057018404606
72518,3600,88,120,54.52802,7.71629,214444800.0,9.302287058542164e-05,0.01526841361696012,3.097893718669155e-05,0.015191910560370284,4.552411940314929e-05,0.08991919885773164,0.08342805516920143,0.0064911436885301795,0.1943687021533493,7.0000034287911305e-06,2.263411427830572e-05,0.00021032408718808755,1.0197931766199293e-10,8.242476965694186e-11,1.955454800505121e-11,5.230359065495682e-10,5.039552166656825e-10,1.9080689883885686e-11,0.0009485771617505346,0.6283346127953204,3.5923684989490993e-07,2.1447842112635676e-10,1.184983736705215e-09,8.16804851871153e-05,0.007719849629913005
72519,3600,88,120,54.52802,7.7287,214444800.0,9.299162149843402e-05,0.015286077917822903,3.098452819200709e-05,0.015209563913395502,4.552947623540067e-05,0.089873952926661,0.08337993928833529,0.006494013638325687,0.19447251102443108,6.998034851966538e-06,2.2645692423694754e-05,0.00021042307233259735,1.0204535811213164e-10,8.244805683726224e-11,1.959730127486952e-11,5.220900639725497e-10,5.030610250604685e-10,1.9029038912081185e-11,0.0009491127797290781,0.628342099954471,3.5816252535582046e-07,2.1453761940210345e-10,1.186273859506942e-09,8.172239729489224e-05,0.007723115110904279
72520,3600,88,120,54.52802,7.74109,214444800.0,9.289856019346787e-05,0.015284441170333176,3.097794540625376e-05,0.015207936546298723,4.5526678628201835e-05,0.0897701659180554,0.08327676149828815,0.006493404419767214,0.19443715482766757,6.990813523631004e-06,2.2640621076640702e-05,0.00021035461512385205,1.0204423253255072e-10,8.243198421822644e-11,1.9612248314324383e-11,5.208975866012118e-10,5.019262003823177e-10,1.8971386218894145e-11,0.0009489561199090295,0.6283101946949312,3.570052548950569e-07,2.1440325002529615e-10,1.1866930772334482e-09,8.170192062278281e-05,0.0077218648814400825
72521,3600,88,120,54.52802,7.75348,214444800.0,9.268143492381977e-05,0.015244194181604293,3.094698389232777e-05,0.015167739638961855,4.550755875011547e-05,0.08954880462811063,0.08306297075614662,0.006485833871963967,0.1941232952982158,6.973052637104093e-06,2.2602226557768268e-05,0.00020995094767710477,1.0190876938883163e-10,8.233711617141158e-11,1.957165321742017e-11,5.19206216570965e-10,5.003047583575297e-10,1.8901458213435257e-11,0.0009474141581065276,0.62819934761117,3.556766388800146e-07,2.138811024430706e-10,1.18537241711097e-09,8.155656816628494e-05,0.007711577306636
72522,3600,88,120,54.52802,7.76589,214444800.0,9.252641589504071e-05,0.015223254231743541,3.092821707731353e-05,0.015146829412161993,4.549660250424365e-05,0.08938631616358016,0.08290457151839403,0.006481744645186102,0.1939487248263041,6.96056721630368e-06,2.258049801878775e-05,0.00020971494323863567,1.0184047620409336e-10,8.228165854255293e-11,1.955881766154054e-11,5.177652311036741e-10,4.989275178625695e-10,1.8837713241104638e-11,0.0009465649818816184,0.6281280062080316,3.5443460123390327e-07,2.1355296341326428e-10,1.1849214318516815e-09,8.147367217818574e-05,0.007705809431086592
72523,3600,88,120,54.52802,7.77832,214444800.0,9.243350820232476e-05,0.015221621410019334,3.092164532157848e-05,0.015145205954654154,4.5493810043609026e-05,0.08928270620528411,0.08280156943259114,0.006481136772692934,0.1939134453425444,6.953357656646929e-06,2.257543573716443e-05,0.00020964660555470194,1.0183935303980533e-10,8.226561221170981e-11,1.9573740828095627e-11,5.165746954960974e-10,4.977945410373025e-10,1.878015445879496e-11,0.0009464085998061754,0.6280961722271114,3.532792053284335e-07,2.134188402858342e-10,1.1853400984633081e-09,8.145323377834156e-05,0.007704561323226773
72524,3600,88,120,54.53343,7.64102,214444800.0,9.368900757619659e-05,0.015316504133561126,3.104165281161475e-05,0.015239905766444706,4.555671430481102e-05,0.0906410711854977,0.08413943244245677,0.006501638743040884,0.19485234798234558,7.05261314590683e-06,2.26969471352935e-05,0.00021105776814642023,1.0212018720312662e-10,8.259719713179603e-11,1.9522990071330723e-11,5.304820291016073e-10,5.110531876628092e-10,1.942884143879791e-11,0.0009508741529187275,0.6285985842694483,3.661507468769674e-07,2.1564781675559646e-10,1.1842755414664952e-09,8.192443968252336e-05,0.007736166903465646
72525,3600,88,120,54.53343,7.65383,214444800.0,9.352949201037968e-05,0.015295481394394003,3.102256743280349e-05,0.015218913205677248,4.554562128395459e-05,0.09047355058504082,0.08397603153547979,0.006497519049560989,0.19467601362212272,7.039779262702697e-06,2.2674971457201154e-05,0.00021081843624084966,1.0205183794566726e-10,8.25409636389971e-11,1.9510874306670287e-11,5.289835060333972e-10,5.09621191435018e-10,1.936231459837924e-11,0.0009500173492314721,0.6285256449276242,3.648529002829664e-07,2.1531311125560855e-10,1.1838443855953152e-09,8.184054076577662e-05,0.007730338444052584
72526,3600,88,120,54.53343,7.66667,214444800.0,9.343197899891909e-05,0.015293763910774976,3.101566942393635e-05,0.015217205552555351,4.554268879569732e-05,0.09036478736196056,0.08386790735242027,0.006496880009540252,0.19463892953071427,7.0322127944267265e-06,2.2669656131498582e-05,0.00021074669128514614,1.0205065741144749e-10,8.252412264848182e-11,1.9526534762965772e-11,5.277340380244973e-10,5.084321315098417e-10,1.9301906514655675e-11,0.0009498531572060784,0.6284921763312663,3.6364034148146773e-07,2.1517226540220422e-10,1.1842833763070482e-09,8.181907565009734e-05,0.007729028292827191
72527,3600,88,120,54.53343,7.67907,214444800.0,9.327582487969969e-05,0.015272801255852802,3.099682194964785e-05,0.015196272736660368,4.5531697242791764e-05,0.09020102014269887,0.08370823755316387,0.006492782589534993,0.19446388671166734,7.019639632132873e-06,2.2647864181058007e-05,0.00021050983724437314,1.019823492495755e-10,8.2468469520503e-11,1.9513879729072616e-11,5.262785672183689e-10,5.070411060712483e-10,1.9237461147120545e-11,0.0009490020272716492,0.6284204040862922,3.6238426828927336e-07,2.148424326783428e-10,1.1838371888674196e-09,8.173591988753167e-05,0.007723245038259582
72528,3600,88,120,54.53343,7.69148,214444800.0,9.311971879987753e-05,0.015251839868188764,3.09779779300959e-05,0.015175341182942214,4.552070731645991e-05,0.09003730847789902,0.08354862287641261,0.006488685601486387,0.1942888684761238,7.007070145389407e-06,2.2626075088097937e-05,0.00021027302079360775,1.0191404186104885e-10,8.241282460584695e-11,1.9501217255202004e-11,5.248237028034094e-10,5.056506576954418e-10,1.9173045107967666e-11,0.0009481509848155268,0.6283486547337807,3.611287801762282e-07,2.14512677754427e-10,1.1833908336280567e-09,8.165277623840435e-05,0.007717462449055422
72529,3600,88,120,54.53343,7.70388,214444800.0,9.30259208793398e-05,0.015250189086504266,3.0971342894478015e-05,0.015173699856510557,4.5517887099235315e-05,0.08993269490288815,0.08344462364218666,0.006488071260701477,0.1942532162486361,6.9997917907921015e-06,2.26209629874757e-05,0.00021020401596939776,1.0191290688090818e-10,8.239662497935243e-11,1.9516281901555852e-11,5.236218099683817e-10,5.045068727915325e-10,1.911493717684929e-11,0.000947993068094629,0.6283164805281679,3.59962380942006e-07,2.1437722324460074e-10,1.1838132454789032e-09,8.163213354437426e-05,0.007716202272520702
72530,3600,88,120,54.53343,7.71629,214444800.0,9.299428337079005e-05,0.015267846309354028,3.097690639135204e-05,0.015191346170814387,4.552323214829364e-05,0.08988701462834402,0.08339607602918345,0.0064909385991605345,0.1943568738531846,6.997793103871224e-06,2.2632519826109047e-05,0.00021030271407134504,1.0197894252082947e-10,8.241984512415386e-11,1.9559097396675752e-11,5.226709955584097e-10,5.036079497330632e-10,1.9063045825346375e-11,0.0009485280283452824,0.6283238307716416,3.5888323334888596e-07,2.1443585576175097e-10,1.1851050896517904e-09,8.167395928542321e-05,0.00771946252361188
72531,3600,88,120,54.53343,7.7287,214444800.0,9.296278042520155e-05,0.015285506319490424,3.098247946306214e-05,0.015208995258603123,4.55285814242464e-05,0.08984148639590411,0.08334767946039043,0.006493806935513641,0.19446058888758935,6.995804806730752e-06,2.264408423631398e-05,0.00021040151340200904,1.0204497997981185e-10,8.244308842610687e-11,1.96018915537051e-11,5.217218962807774e-10,5.027106588742978e-10,1.9011237406479575e-11,0.0009490632217012639,0.6283312335450572,3.5780574685541495e-07,2.1449469097386582e-10,1.1863963760585092e-09,8.171581617171951e-05,0.007722724602382832
72532,3600,88,120,54.53343,7.74109,214444800.0,9.280735594044398e-05,0.015264558603391617,3.096368388255949e-05,0.015188077306793819,4.551761271524386e-05,0.08967854276983171,0.0831888278920379,0.006489714877793779,0.1942858548507624,6.98328800202691e-06,2.2622333241834034e-05,0.000210165207318446,1.0197668160187189e-10,8.238756089660507e-11,1.9589120705266943e-11,5.202757291507853e-10,5.013284872512715e-10,1.8947241899513667e-11,0.0009482133529917432,0.6282597434763773,3.565586856572192e-07,2.1416595382663227e-10,1.185947144181403e-09,8.163282864882171e-05,0.007716951249700681
72533,3600,88,120,54.53343,7.75348,214444800.0,9.271417851594494e-05,0.01526292041094144,3.095709296305294e-05,0.015186448506103139,4.5514811875251806e-05,0.08957462905639234,0.08308552399118493,0.006489105065207369,0.19425046349311417,6.976057589290411e-06,2.2617255905733812e-05,0.0002100966678749193,1.0197555488980306e-10,8.237146810438089e-11,1.960408678542229e-11,5.190817508525407e-10,5.00192234195683e-10,1.888951665685766e-11,0.0009480565070421041,0.6282278074897636,3.5539995376205385e-07,2.1403142871938128e-10,1.186366953740514e-09,8.161232860889809e-05,0.007715699488489121
72534,3600,88,120,54.53343,7.76589,214444800.0,9.255889174046861e-05,0.01524197594903843,3.093830723512084e-05,0.015165533794137823,4.5503847665488076e-05,0.08941184290921535,0.08292682876876352,0.006485014140451813,0.19407579425212992,6.963551367656646e-06,2.259551288775826e-05,0.00020986046752864901,1.0190725855637933e-10,8.231596419400179e-11,1.959129436237767e-11,5.176373302253277e-10,4.988117246152253e-10,1.8825605610102232e-11,0.0009472068831743855,0.6281563772884086,3.5415458078591885e-07,2.1370290703155854e-10,1.1859171972892856e-09,8.152937442729817e-05,0.0077099280252256215
72535,3600,88,120,54.53343,7.77832,214444800.0,9.246571100250164e-05,0.01524033853045242,3.093171619279155e-05,0.015163905767174342,4.5501047085291765e-05,0.08930792939824732,0.08282352486062473,0.006484404537622551,0.19404041411174996,6.9563205949774715e-06,2.2590435843145292e-05,0.00020979193008384696,1.01906132183131e-10,8.229987066486877e-11,1.960626151826236e-11,5.164432913807937e-10,4.976754139185239e-10,1.8767877462269762e-11,0.0009470500446674996,0.628124452819999,3.529957834157486e-07,2.1356839376284544e-10,1.1863371175409428e-09,8.150887669867352e-05,0.007708676258864416
72536,3600,88,120,54.5388,7.6538,214444800.0,9.350301932486761e-05,0.015294950529567999,3.102068611065049e-05,0.015218385046184049,4.554479727330476e-05,0.09044372109300852,0.08394639349804733,0.00649732759496115,0.19466497747874156,7.037733112373361e-06,2.2673491811733555e-05,0.00021079861461809714,1.0205148803957233e-10,8.253640445439599e-11,1.9515083585176458e-11,5.286457066288819e-10,5.092997253452004e-10,1.934598128368167e-11,0.0009499717637421308,0.6285155764890051,3.6452560090727184e-07,2.1527358409128127e-10,1.183956127127574e-09,8.183447740274749e-05,0.007729979709985042
72537,3600,88,120,54.53883,7.66667,214444800.0,9.3342787643636e-05,0.015273915410130371,3.1001550105466384e-05,0.015197380177207603,4.553368281731016e-05,0.09027540284730823,0.0837821995741175,0.006493203273190708,0.19448837426755647,7.024843633850394e-06,2.265147723092107e-05,0.0002105587570722495,1.0198313021841114e-10,8.248004723882621e-11,1.9503082979585053e-11,5.271380026703276e-10,5.078589920898018e-10,1.927901058052574e-11,0.0009491137579016895,0.6284423948974348,3.6321884274864507e-07,2.1493784889432869e-10,1.1835282218791336e-09,8.175042170037707e-05,0.007724141640094103
72538,3600,88,120,54.53883,7.64102,214444800.0,9.366239087415799e-05,0.01531597023281074,3.1039761234875454e-05,0.01523937458582837,4.555588574749794e-05,0.09061107872240419,0.08410963251665422,0.006501446205749909,0.19484124958251745,7.050555882401945e-06,2.269545935635869e-05,0.00021103783790165948,1.021198353261241e-10,8.25926131736149e-11,1.9527222152509327e-11,5.301423952182411e-10,5.107299757990047e-10,1.9412419419236423e-11,0.0009508283171210262,0.6285884588072314,3.658216712435364e-07,2.1560807160107262e-10,1.1843878738713785e-09,8.191834279318572e-05,0.007735806210818102
72539,3600,88,120,54.53883,7.70388,214444800.0,9.299812307715756e-05,0.015249635123182247,3.0969367866664635e-05,0.015173148731973035,4.55170233425499e-05,0.08990138854065904,0.08341351735163181,0.006487871189027195,0.19424167977220602,6.997642789035309e-06,2.261941124786388e-05,0.000210183220678028,1.01912541041939e-10,8.239183689279284e-11,1.9520704149146277e-11,5.232670261547973e-10,5.041692434322265e-10,1.909778272257095e-11,0.000947945255143861,0.6283059609394062,3.596185969335892e-07,2.1433578691446194e-10,1.1839309802015666e-09,8.162577936826688e-05,0.0077158257460242
72540,3600,88,120,54.53883,7.70388,214444800.0,9.299812307715756e-05,0.015249635123182247,3.0969367866664635e-05,0.015173148731973035,4.55170233425499e-05,0.08990138854065904,0.08341351735163181,0.006487871189027195,0.19424167977220602,6.997642789035309e-06,2.261941124786388e-05,0.000210183220678028,1.01912541041939e-10,8.239183689279284e-11,1.9520704149146277e-11,5.232670261547973e-10,5.041692434322265e-10,1.909778272257095e-11,0.000947945255143861,0.6283059609394062,3.596185969335892e-07,2.1433578691446194e-10,1.1839309802015666e-09,8.162577936826688e-05,0.0077158257460242
72541,3600,88,120,54.53883,7.71629,214444800.0,9.296623976185199e-05,0.015267288183851719,3.0974913997736645e-05,0.01519079090878227,4.552236107171969e-05,0.08985543488338543,0.0833646979202656,0.006490736963119811,0.19434524640323123,6.995625008216761e-06,2.26309547826825e-05,0.000210281738819512,1.0197857378214086e-10,8.241501455244674e-11,1.9563559229694244e-11,5.223130585037362e-10,5.0326731957812e-10,1.904573892561612e-11,0.00094847980412198,0.6283132293589205,3.58536387896532e-07,2.1439406773282526e-10,1.1852239502039389e-09,8.166755161176868e-05,0.007719082702449127
72542,3600,88,120,54.53883,7.7287,214444800.0,9.287238139599008e-05,0.0152656373488629,3.0968274821833434e-05,0.015189149534567549,4.551953947352509e-05,0.08975075862647036,0.0832606361189745,0.006490122507495809,0.19430958635085113,6.988341838432551e-06,2.262583996094555e-05,0.00021021269491412287,1.0197743853070144e-10,8.239880428665015e-11,1.957863424405141e-11,5.211103691794068e-10,5.021227766660075e-10,1.8987592513399324e-11,0.0009483218014476509,0.6282810497859536,3.573692075385109e-07,2.1425854611885476e-10,1.185646750557509e-09,8.16468993071774e-05,0.007717821761632681
72543,3600,88,120,54.53883,7.74109,214444800.0,9.277880783008225e-05,0.015263991948509166,3.096165584860313e-05,0.015187513566039758,4.551672662080782e-05,0.08964640198753177,0.08315689195285934,0.0064895100346723834,0.19427404088194805,6.981080715831471e-06,2.2620740900737338e-05,0.0002101438627805781,1.0197630691772298e-10,8.238264312444786e-11,1.9593663793275234e-11,5.199113199990214e-10,5.009816978965507e-10,1.8929622102470673e-11,0.0009481642848665793,0.628248974326471,3.5620555641697543e-07,2.1412344422402993e-10,1.1860683169410025e-09,8.162631122339683e-05,0.007716564667087352
72544,3600,88,120,54.53883,7.75348,214444800.0,9.262326629869427e-05,0.015243042772891659,3.094285206900235e-05,0.015166594166170763,4.550575465189639e-05,0.08948333063086121,0.08299791325351977,0.0064854173773414275,0.1940992713582084,6.968554754570261e-06,2.259898386768058e-05,0.00020990747378956306,1.0190800739687749e-10,8.232709526129295e-11,1.958091213558466e-11,5.184636400244148e-10,4.995980865545182e-10,1.8865553469896807e-11,0.0009473142284941299,0.628177453239442,3.5495702220442753e-07,2.1379455004264067e-10,1.185619681273939e-09,8.154330013507611e-05,0.007710789770285435
72545,3600,88,120,54.53883,7.76589,214444800.0,9.252982070890067e-05,0.015241400471235981,3.093624226196028e-05,0.015164961282961428,4.55029460125952e-05,0.08937912068934555,0.08289431471121732,0.006484805978128195,0.19406378722248918,6.961303457830956e-06,2.259389226247008e-05,0.00020983874031708734,1.019068777178353e-10,8.231095603409414e-11,1.959592168374127e-11,5.17266212286077e-10,4.984585508127928e-10,1.8807661473284297e-11,0.0009471569406154708,0.628145434548912,3.537949378099194e-07,2.1365964986707513e-10,1.1860407687341753e-09,8.152274330828119e-05,0.0077095344351409195
72546,3600,88,120,54.53883,7.77832,214444800.0,9.243637066890232e-05,0.015239758515650298,3.092963219701642e-05,0.015163328746030503,4.5500137422786036e-05,0.08927490777236856,0.08279071310456233,0.006484194667806216,0.19402830775807442,6.954051763332069e-06,2.2588800655464706e-05,0.00020977000583313984,1.0190574817818137e-10,8.229481595434451e-11,1.961093222383696e-11,5.160687182996257e-10,4.973189520146046e-10,1.8749766285021214e-11,0.0009469996518850341,0.6281134207855125,3.5263278569833117e-07,2.13524751742523e-10,1.1864619250762012e-09,8.150218705268898e-05,0.007708279060283949
72738,4000,90,120,53.94044,6.54848,238272000.0,8.274281302486873e-05,0.014438933852330757,2.9231184979910887e-05,0.01436497633495664,4.4726332394211004e-05,0.07954501691776547,0.07334961594919802,0.006195400968567406,0.18248034745873937,6.221245803432978e-06,2.1135871848101746e-05,0.00019561432001092955,9.868240895086991e-11,7.918970639033236e-11,1.9492702560537664e-11,4.258154522690458e-10,4.112012889724196e-10,1.4614163296626267e-11,0.0009022521132991077,0.6237087629727822,2.721580871634367e-07,1.9525201058012137e-10,1.1687899488609142e-09,7.670754894186211e-05,0.007229082257299655
72739,4000,90,120,53.94045,6.60558,238272000.0,8.304242567626429e-05,0.01441012818172869,2.9238162825661815e-05,0.014336166570028931,4.47234488741024e-05,0.07989182930019609,0.07370035992215551,0.006191469378040546,0.18236660790447434,6.243833137070151e-06,2.1127561359175608e-05,0.0001956082909769985,9.856589218409204e-11,7.919007617938132e-11,1.937581600471085e-11,4.3066445643386893e-10,4.1580523237675293e-10,1.4859224057116138e-11,0.0009016774937804032,0.6237591018885763,2.771558746005658e-07,1.9547106999410903e-10,1.1652229535683057e-09,7.668094171272765e-05,0.007226412829229537
72740,4000,90,120,53.94045,6.617,238272000.0,8.312494061513403e-05,0.014411322047118152,2.924396509663315e-05,0.01433735226375455,4.472581826696846e-05,0.07998264876976495,0.07379071080479284,0.006191937964972076,0.18239409822222188,6.250267898952572e-06,2.1131911971640866e-05,0.0001956676179564512,9.856677300621659e-11,7.920437826107887e-11,1.9362394745137835e-11,4.317273886890676e-10,4.1681678187717017e-10,1.4910606811897437e-11,0.0009018123723051324,0.6237834772756361,2.7818950211352065e-07,1.955850699914309e-10,1.1648216225677484e-09,7.669815738739938e-05,0.007227509197608856
72741,4000,90,120,53.94045,6.58272,238272000.0,8.287746506772116e-05,0.014407742611524655,2.922656330987015e-05,0.014333797335637074,4.4718712577713925e-05,0.07971027202754757,0.07351973910782272,0.00619053291972482,0.18231166771340632,6.230968871989298e-06,2.1118864443581028e-05,0.0001954896929967988,9.856413180670226e-11,7.91614837930392e-11,1.940264801366319e-11,4.2853945904946765e-10,4.1378295855400763e-10,1.475650049546008e-11,0.0009014078680830365,0.6237103891918471,2.7508945349424e-07,1.9524318883879107e-10,1.166025411970527e-09,7.664652904776344e-05,0.007224221067641176
72742,4000,90,120,53.94045,6.55989,238272000.0,8.27689338155708e-05,0.01442274231667833,2.9225976717792174e-05,0.014348795000557994,4.472133940254852e-05,0.07958229345953521,0.07338956043943194,0.006192733020103235,0.1823822837534027,6.222893998171817e-06,2.1125195742319494e-05,0.00019552238196773088,9.862283064448415e-11,7.916845305346158e-11,1.94543775910227e-11,4.2664665676783134e-10,4.1198698398770205e-10,1.46596727801294e-11,0.0009017626409116398,0.6236974077989672,2.731076033124876e-07,1.9519067710844449e-10,1.1676081219501792e-09,7.666844301232315e-05,0.0072261041847483274
72743,4000,90,120,53.94045,6.59417,238272000.0,8.29600524826133e-05,0.014408936750025036,2.923237057323144e-05,0.014334983295735041,4.4721083716763645e-05,0.0798011676347756,0.07361016593223788,0.006191001702537685,0.18233917054992352,6.2374093815964e-06,2.112321843742899e-05,0.00019554906795116343,9.856501304937667e-11,7.917579859023599e-11,1.9389214459140812e-11,4.296033417755042e-10,4.1479541259940285e-10,1.480792917610147e-11,0.000901542852942232,0.6237347741957686,2.761240115000678e-07,1.9535727347519823e-10,1.1656236392171201e-09,7.666375701016783e-05,0.007225318362316798
72744,4000,90,120,53.94045,6.5713,238272000.0,8.279517358440658e-05,0.014406553150468876,2.9220776908830812e-05,0.014332616023452862,4.471635010718768e-05,0.079619703989072,0.07342963806154305,0.006190065927528912,0.18228426940180706,6.224551391108419e-06,2.111452627727811e-05,0.0001954305329225483,9.856325390321154e-11,7.914722021052578e-11,1.941603369268589e-11,4.2747937982109855e-10,4.1277412413258763e-10,1.470525568851103e-11,0.0009012733731448019,0.6236860976261436,2.7405859094727e-07,1.9512952095776434e-10,1.1664257909367847e-09,7.662936427365566e-05,0.007223127723703115
72745,4000,90,120,53.94717,6.53703,238272000.0,8.26982886086443e-05,0.014454702939842082,2.9235078201837527e-05,0.014380737132162173,4.473072947807559e-05,0.07948675301636132,0.07328883204820613,0.006197920968155145,0.18256993837875035,6.2181817371692e-06,2.1145489025220565e-05,0.00019569219355308442,9.874171969292176e-11,7.920780077817814e-11,1.953391891474374e-11,4.247505726057805e-10,4.1019321890149766e-10,1.4557353704282996e-11,0.0009027090594982001,0.6237123066772775,2.7098259208373745e-07,1.9528479843661164e-10,1.170043312827593e-09,7.674224457707884e-05,0.007231808414567318
72746,4000,90,120,53.94719,6.58272,238272000.0,8.280494056585781e-05,0.014389971364082042,2.9214398085617203e-05,0.014316046144831911,4.471082116451788e-05,0.07963826118279142,0.07345099880569952,0.006187262377091829,0.18217845389610252,6.224943251306287e-06,2.110290076040655e-05,0.00019532601770399713,9.850343107005503e-11,7.912316271102504e-11,1.9380268359030105e-11,4.2810325905881947e-10,4.133625201592477e-10,1.4740738899571927e-11,0.0009007547649278261,0.6236675751310586,2.748077312194857e-07,1.950425245640884e-10,1.1653058235917423e-09,7.658628499665505e-05,0.0072199250917297075
72747,4000,90,120,53.94719,6.5713,238272000.0,8.283407124915835e-05,0.014423528061402105,2.9230536033546485e-05,0.014349574383240317,4.472314212824197e-05,0.07965325253060261,0.0734601931896295,0.006193059340973061,0.18240163536349988,6.227992972578364e-06,2.1128541234092993e-05,0.00019556837944453,9.862345461952043e-11,7.917977414333095e-11,1.9443680476189607e-11,4.2748914330580445e-10,4.127887483743478e-10,1.4700394931456877e-11,0.0009018666624195926,0.6237142669474056,2.739281207761357e-07,1.9527753877952933e-10,1.167273277506604e-09,7.668146058341985e-05,0.00722696224726102
72748,4000,90,120,53.9472,6.54847,238272000.0,8.278079804268547e-05,0.01445589414463069,2.924087973971247e-05,0.01438192016729283,4.473309759814702e-05,0.0795775543376353,0.07337916553166632,0.006198388805968963,0.1825973881667663,6.224616388691134e-06,2.1149837883329166e-05,0.0001957515028155348,9.874259928110329e-11,7.92221024163832e-11,1.9520496864720198e-11,4.2581349005050603e-10,4.1120475437543234e-10,1.460873567507383e-11,0.0009028438886401007,0.6237366411901311,2.720162259160401e-07,1.9539873927167508e-10,1.1696417115742048e-09,7.675944967326191e-05,0.007232904587710518
72749,4000,90,120,53.9472,6.60558,238272000.0,8.297056562914197e-05,0.01439236710534274,2.9226044399148198e-05,0.014318425484162312,4.471557678128161e-05,0.0798205523936966,0.07363234962993885,0.006188202763757689,0.1822336238111535,6.237859263678638e-06,2.1111633025681524e-05,0.0001954450963885561,9.850519879410314e-11,7.915187015515004e-11,1.935332863895321e-11,4.3023680363021516e-10,4.15392927978371e-10,1.4843875651844303e-11,0.0009010254854616226,0.623716492587947,2.7688245939404534e-07,1.9527133484357055e-10,1.164500197605065e-09,7.662083832810093e-05,0.007222125708235571
72750,4000,90,120,53.9472,6.55989,238272000.0,8.280742273116903e-05,0.014439710624953283,2.92357070078305e-05,0.014365746798556414,4.472811938904354e-05,0.07961538888842161,0.07341966496763143,0.006195723920790131,0.18249950321274075,6.226303789258185e-06,2.1139188757101948e-05,0.00019565993093394933,9.868302668394318e-11,7.920093627518456e-11,1.948209040875874e-11,4.2665116984026187e-10,4.1199661164328333e-10,1.4654558196978633e-11,0.0009023552512710995,0.6237254459007474,2.729720330106203e-07,1.9533811645842284e-10,1.1684575173123184e-09,7.672045152564439e-05,0.007229933244715374
72751,4000,90,120,53.9472,6.59416,238272000.0,8.288778444120619e-05,0.014391169392150223,2.9220223406713727e-05,0.014317235968998454,4.4713199745056694e-05,0.07972943989970314,0.07354170723362767,0.006187732666075419,0.1822060448572211,6.231403738351658e-06,2.11072683776991e-05,0.00019538557800363257,9.850431513186032e-11,7.913752192437906e-11,1.936679320748137e-11,4.291704415398503e-10,4.1437811444286987e-10,1.4792327096980543e-11,0.0009008901717965263,0.6236920386165229,2.758454965700645e-07,1.9515696709326016e-10,1.16490282407929e-09,7.660356712013679e-05,0.007221025802438336
72752,4000,90,120,53.9472,6.617,238272000.0,8.299750724845334e-05,0.014376190023773227,2.922089420151666e-05,0.01430225852109881,4.471060847290277e-05,0.07985874444987237,0.07367320425622682,0.006185540193645491,0.18213587222013697,6.239571150538444e-06,2.110100166061629e-05,0.0001953537622516447,9.844563042362558e-11,7.913075858013939e-11,1.9314871843486326e-11,4.3107852575697595e-10,4.1618863212549635e-10,1.4889893631479696e-11,0.0009005373951342363,0.6237054190938914,2.7784218250570475e-07,1.9521118689924727e-10,1.1633146750798999e-09,7.65819130728128e-05,0.007219158663909808
72753,4000,90,120,53.95392,6.52561,238272000.0,8.254350069117714e-05,0.014435744905013276,2.9217128854201718e-05,0.014361807298779396,4.472047737968375e-05,0.07932421564718609,0.0731300314237745,0.00619418422341154,0.18240936959805598,6.205740544210735e-06,2.112518994195717e-05,0.000195469390454758,9.86801423848873e-11,7.915522052990663e-11,1.9524921854980784e-11,4.23254605657237e-10,4.0876424320067577e-10,1.4490362456561343e-11,0.0009019215427652213,0.6236452438246636,2.696702927178006e-07,1.9497055035520383e-10,1.169724227862694e-09,7.666484989280858e-05,0.007226419574920083
72754,4000,90,120,53.95392,6.54844,238272000.0,8.270899677581195e-05,0.014438136126983811,2.9228765742545075e-05,0.014364182133094322,4.472522814694904e-05,0.07950635247098521,0.07331122933129484,0.006195123139690329,0.1824644567647239,6.218646826287511e-06,2.1133913901736093e-05,0.00019558836226156538,9.868190752406671e-11,7.918390614345703e-11,1.9498001380609804e-11,4.2538654643571545e-10,4.107931248250988e-10,1.45934216106169e-11,0.0009021920109565686,0.6236940828343667,2.7174348261681866e-07,1.9519912944246205e-10,1.1689189238570575e-09,7.669936662071324e-05,0.007228618352188553
72755,4000,90,120,53.95392,6.5713,238272000.0,8.276316049183935e-05,0.014405783498376299,2.9218484731529916e-05,0.014331849715150682,4.4715298494088335e-05,0.07958303346820703,0.07339323457785256,0.006189798890354437,0.18226900919022263,6.22209278430362e-06,2.1112664528269584e-05,0.00019540588219362238,9.856277262808107e-11,7.914173210707963e-11,1.942104052100156e-11,4.2707365856680275e-10,4.1238802375614054e-10,1.4685634810662365e-11,0.0009012162492823914,0.6236719803257953,2.7366651585596867e-07,1.9507917064217848e-10,1.1665462242178371e-09,7.662156540788289e-05,0.007222687870836055
72756,4000,90,120,53.95392,6.58272,238272000.0,8.279024928222179e-05,0.014389607812591222,2.921334478430556e-05,0.014315684133712061,4.471033409485848e-05,0.07962138407110404,0.07343424711913335,0.006187136951970626,0.18217129563200168,6.223816238647881e-06,2.1102040506691885e-05,0.00019531464995985713,9.850320549460156e-11,7.912064618595053e-11,1.938255930865115e-11,4.2791729245136916e-10,4.1318554726494217e-10,1.4731745186427094e-11,0.0009007283880420404,0.6236609391518733,2.7462810390825767e-07,1.9501921137121853e-10,1.1653599014704965e-09,7.658266817775505e-05,0.007219722747257289
72757,4000,90,120,53.95392,6.55989,238272000.0,8.273619601518922e-05,0.01442196133171236,2.9223633467002596e-05,0.014348017431631707,4.472026661365179e-05,0.07954482132469808,0.07335235969295781,0.006192461631740217,0.18236676939556928,6.22037898120092e-06,2.1123295302241787e-05,0.0001954972056671635,9.862234124744562e-11,7.916283950612318e-11,1.9459501741322547e-11,4.2623161846945537e-10,4.115920169807709e-10,1.463960148868466e-11,0.0009017043191850015,0.6236830635286759,2.727064748492829e-07,1.9513930863102714e-10,1.1677319824910602e-09,7.66604898493073e-05,0.007225654662665867
72758,4000,90,120,53.95392,6.61699,238272000.0,8.298365502819545e-05,0.014375839778519117,2.921990005766891e-05,0.014301909732461024,4.471014600042456e-05,0.07984279631012961,0.07365737645233951,0.006185419857790055,0.1821290109803849,6.238509426440307e-06,2.110018630823976e-05,0.00019534300399864398,9.844541433595568e-11,7.91283872568072e-11,1.9317027079148593e-11,4.3090334235718456e-10,4.1602192114166046e-10,1.488142121552425e-11,0.0009005124080262554,0.6236990487140582,2.7767303174861773e-07,1.9518905622677247e-10,1.1633648061936553e-09,7.657847557480385e-05,0.007218967523166282
72759,4000,90,120,53.95392,6.53703,238272000.0,8.262625283884921e-05,0.014436940391347079,2.922294756237887e-05,0.014362994590982994,4.4722852801708635e-05,0.07941528771550761,0.07322063406183395,0.0061946536536735975,0.1824369117896894,6.2121940281395575e-06,2.1129552033895074e-05,0.00019552887832867665,9.868102491449745e-11,7.916956408466575e-11,1.9511460829831822e-11,4.2432063293100754e-10,4.0977873815243997e-10,1.4541894778567741e-11,0.0009020567806916291,0.6236696617434542,2.7070694446121537e-07,1.9508484189409586e-10,1.169321534711311e-09,7.668210844083168e-05,0.00722751900939518
72760,4000,90,120,53.95395,6.60559,238272000.0,8.290062282011674e-05,0.014374637121609204,2.921406123817597e-05,0.014300715299181394,4.470776118963944e-05,0.07975140138785337,0.07356645341811184,0.006184947969741485,0.18210132872952423,6.232034487912169e-06,2.109580768100817e-05,0.00019528329814064044,9.844452739683167e-11,7.911399577697094e-11,1.933053161986085e-11,4.2983377521680804e-10,4.1500405752468823e-10,1.4829717692119887e-11,0.000900376663518257,0.6236745006409793,2.766329627692018e-07,1.9507431546987568e-10,1.1637685025921668e-09,7.65611472016976e-05,0.00721786422003007
72761,4000,90,120,53.95395,6.59417,238272000.0,8.28175446332229e-05,0.014373434797088525,2.920821931929776e-05,0.014299521202279761,4.4705375489467515e-05,0.07965996053233708,0.07347548443427146,0.00618447609806554,0.18207364611788107,6.225555840543284e-06,2.1091427195469834e-05,0.00019522356454296932,9.844364042114767e-11,7.909959613037386e-11,1.9344044290773915e-11,4.28763594106277e-10,4.1398560959092964e-10,1.4777984515347528e-11,0.0009002408594636455,0.6236499541562903,2.7559228873700277e-07,1.9495953111875903e-10,1.1641725374312384e-09,7.6543812880735e-05,0.007216760353171335
72762,4000,90,120,53.96064,6.52558,238272000.0,8.247309513827104e-05,0.014418010048155567,2.9205113398358184e-05,0.014344092285469765,4.4712649287445005e-05,0.07925456386042,0.07306363655207586,0.006190927308344076,0.18227694766871172,6.1998794571420526e-06,2.1109341232662936e-05,0.0001953072692145789,9.861946687760563e-11,7.911726558513647e-11,1.9502201292469278e-11,4.228455767127921e-10,4.0836966223703e-10,1.447591447576217e-11,0.000901271992933249,0.6236031428884099,2.694149463661243e-07,1.947729280670117e-10,1.1689949932063893e-09,7.660506887815412e-05,0.00722215202447392
72763,4000,90,120,53.96064,6.51416,238272000.0,8.24459458028165e-05,0.014434186243060749,2.9210249273876585e-05,0.014360258381240498,4.471761254637744e-05,0.0792161531070436,0.0730225638188892,0.00619358928815434,0.18237466182277082,6.198151110156433e-06,2.1119962847735328e-05,0.00019539846530143635,9.867903399546629e-11,7.91383407381128e-11,1.954069325735361e-11,4.220011327974637e-10,4.075713678183012e-10,1.4429764979162738e-11,0.0009017597768800605,0.6236141872401322,2.684525594948316e-07,1.9483283135979911e-10,1.1701817698338136e-09,7.66439585371007e-05,0.007225116409119797
72764,4000,90,120,53.96066,6.60559,238272000.0,8.288843403414162e-05,0.014374314241828914,2.9213184505560918e-05,0.014300393709416687,4.470734790667073e-05,0.07973729954369863,0.07355246154615458,0.006184837997543987,0.18209507112032147,6.23110207585728e-06,2.1095081904394427e-05,0.00019527375345376898,9.844433056754584e-11,7.911191211947802e-11,1.9332418448067943e-11,4.296799479800381e-10,4.148576702477553e-10,1.48222777322829e-11,0.0009003544470582138,0.6236686718029597,2.764845529124376e-07,1.9505454882786066e-10,1.1638109227589682e-09,7.655806880798812e-05,0.007217695337204179
72765,4000,90,120,53.96066,6.617,238272000.0,8.297172538388316e-05,0.014375520213610821,2.9219041489079952e-05,0.014301591432150776,4.470973997096664e-05,0.07982897765306714,0.07364366641671118,0.0061853112363559224,0.1821228331911199,6.237597276719582e-06,2.1099473948420094e-05,0.00019533364331427008,9.844522007508321e-11,7.912634860157676e-11,1.931887147350658e-11,4.3075286274902455e-10,4.1587871967850597e-10,1.4874143070518643e-11,0.000900490608359034,0.6236932898204262,2.7752788071582597e-07,1.9516963892678238e-10,1.163405915957908e-09,7.657544966008009e-05,0.0072188020629768
72766,4000,90,120,53.96066,6.59417,238272000.0,8.280510052613354e-05,0.014373107977861857,2.9207324600166736e-05,0.01429919569849263,4.4704954769063064e-05,0.07964557652165569,0.07346121191394621,0.006184364607709441,0.1820672997686852,6.2246035480997596e-06,2.1090687817837276e-05,0.00019521383497621357,9.84434407546761e-11,7.909746826733264e-11,1.9345972487343585e-11,4.286064832336736e-10,4.1383609741747056e-10,1.4770385816203206e-11,0.0009002182218180648,0.6236440461641256,2.754406877430519e-07,1.9493940683239297e-10,1.1642161711782839e-09,7.654068032118769e-05,0.007216588066311413
72767,4000,90,120,53.96066,6.58273,238272000.0,8.277754881764435e-05,0.014389276352844309,2.921243191380563e-05,0.014315354015319566,4.470990561093867e-05,0.07960671353955633,0.07341968979280915,0.006187023746747118,0.1821648499112829,6.2228440697733864e-06,2.1101287084201243e-05,0.00019530473111057983,9.85030026674903e-11,7.911847407347055e-11,1.938452859401987e-11,4.277568995056753e-10,4.130329117002437e-10,1.472398780543169e-11,0.000900705316781666,0.6236549412663472,2.744733188050468e-07,1.9499871430361198e-10,1.1654046748816222e-09,7.657947872943135e-05,0.007219547010137647
72768,4000,90,120,53.96067,6.55986,238272000.0,8.266671402399206e-05,0.014404240273321649,2.9211683012451737e-05,0.014330316125079696,4.471246522950631e-05,0.07947618809140604,0.07328697800874893,0.006189210082657073,0.18223466169194225,6.214589862370618e-06,2.1107495535173028e-05,0.00019533575077771974,9.85616757974013e-11,7.912504455344952e-11,1.9436631243951893e-11,4.2583447708926787e-10,4.112087489182161e-10,1.4625728171051853e-11,0.0009010562858237677,0.6236412420470603,2.724626848251018e-07,1.949429710143623e-10,1.1669983060424693e-09,7.660090311663026e-05,0.007221399404121233
72769,4000,90,120,53.96067,6.5713,238272000.0,8.269419282638914e-05,0.014388070191918066,2.9206570484862574e-05,0.014314156109420474,4.4707512012732496e-05,0.07951496777787315,0.07332841742950207,0.006186550348371022,0.18213707749123453,6.216343735776097e-06,2.109689205519808e-05,0.00019524479875139718,9.850211280965344e-11,7.91040262396201e-11,1.9398086570033472e-11,4.2668313582636866e-10,4.120110543763141e-10,1.467208145005478e-11,0.0009005690614928088,0.6236303154994988,2.7342915950524404e-07,1.948835498024824e-10,1.1658100819485828e-09,7.656208711680565e-05,0.007218439460774951
72770,4000,90,120,53.96067,6.54844,238272000.0,8.258352690384342e-05,0.014403037429140675,2.9205833575252605e-05,0.014329121518707796,4.471007685762708e-05,0.07938463228775143,0.07319589440154829,0.006188737886203114,0.18220695862754566,6.208102589518947e-06,2.1103109905404538e-05,0.00019527594449059345,9.856078813991325e-11,7.911062581674146e-11,1.945016232317193e-11,4.247628697704841e-10,4.101889436920779e-10,1.457392607840635e-11,0.0009009203202376537,0.6236166794478974,2.7142061542307156e-07,1.9482805726787753e-10,1.1674029922835191e-09,7.658354992803733e-05,0.007220294139851976
72771,4000,90,120,53.96067,6.53703,238272000.0,8.255635091673632e-05,0.01441921255382463,2.921096748490403e-05,0.014345286547284147,4.4715039055577926e-05,0.07934618899363448,0.07315478946938632,0.0061913995242481226,0.18230465363818973,6.206372248753664e-06,2.1113729726900287e-05,0.00019536711776563882,9.862035466155239e-11,7.913169648571313e-11,1.948865817583939e-11,4.2391809741781653e-10,4.093903367309081e-10,1.452776068690862e-11,0.0009014080499075461,0.6236277055158065,2.7045791466585716e-07,1.9488791006382508e-10,1.168589819749562e-09,7.662243152510762e-05,0.0072232581379937
72772,4000,90,120,53.96736,6.50273,238272000.0,8.229426373467416e-05,0.01441528080186844,2.9192519349287206e-05,0.01434138082958062,4.47074529385348e-05,0.07905707003330698,0.07286719772274379,0.006189872310563141,0.18221524256925095,6.185951174499049e-06,2.109983186432159e-05,0.0001951779360794604,9.861749332776157e-11,7.90862973030571e-11,1.9531196024704584e-11,4.2054500802094765e-10,4.0618030809420205e-10,1.4364699926745736e-11,0.0009009774567598052,0.6235481583076052,2.671789423905074e-07,1.945230271706862e-10,1.1698484600013256e-09,7.656723982335105e-05,0.0072197691988133365
72773,4000,90,120,53.96738,6.52558,238272000.0,8.240506965951608e-05,0.01440031313531154,2.91932657744371e-05,0.014326414978483646,4.47048910534611e-05,0.07918754811669397,0.07299986323172758,0.006187684884966365,0.18214537126882668,6.194203541907213e-06,2.109362000312028e-05,0.00019514687791236945,9.855881837417491e-11,7.907972247785368e-11,1.9479095896321358e-11,4.224671309059137e-10,4.080041859120589e-10,1.4462944993854935e-11,0.0009006263884489317,0.623561798384701,2.6918931181939964e-07,1.945786640879892e-10,1.1682545862057322e-09,7.654579725217459e-05,0.007217916263800471
72774,4000,90,120,53.96739,6.51414,238272000.0,8.232155702285488e-05,0.014399106059105578,2.9187393511667008e-05,0.014325216172053123,4.470249354079017e-05,0.07909563627325544,0.07290842530042407,0.006187210972831337,0.18211756691887457,6.187690825275073e-06,2.1089217481434453e-05,0.00019508684013048967,9.855792745940755e-11,7.906524722577242e-11,1.9492680233635252e-11,4.213913199991666e-10,4.06980380289216e-10,1.4410939709950689e-11,0.0009004898982497841,0.6235371468904191,2.6814315088584596e-07,1.9446331016087115e-10,1.168660910649648e-09,7.652837789414417e-05,0.007216806697021429
72775,4000,90,120,53.96739,6.537,238272000.0,8.248843857591151e-05,0.0144015180257823,2.9199127916857024e-05,0.01432761161347212,4.4707284393324785e-05,0.07927930127744048,0.07309114332607163,0.006188157951368832,0.1821731261434946,6.20070506394087e-06,2.10980148868197e-05,0.00019520681179477088,9.855970770636034e-11,7.909417284034241e-11,1.9465534866018053e-11,4.235410927631415e-10,4.0902623187229963e-10,1.4514860890841991e-11,0.0009007626420599798,0.6235864058063734,2.7023367553482644e-07,1.9469381733190886e-10,1.1678489485434821e-09,7.656318623636408e-05,0.007219023915951958
72776,4000,90,120,53.96739,6.54844,238272000.0,8.257200227909442e-05,0.01440272625970985,2.9205003826668097e-05,0.014328811572329916,4.4709683553266644e-05,0.07937127128888984,0.07318263901888668,0.0061886322700031365,0.18220095378653936,6.207221711134802e-06,2.1102420338608662e-05,0.00019526688852568582,9.856059935696922e-11,7.910865686076674e-11,1.9451942496202612e-11,4.2461755238851237e-10,4.100506548432931e-10,1.4566897545219447e-11,0.0009008992222863057,0.6236110787556226,2.712804639390919e-07,1.9480925017815306e-10,1.167442423930336e-09,7.658061777916852e-05,0.00722013418106197
72777,4000,90,120,53.96741,6.57131,238272000.0,8.26832202634751e-05,0.014387767073539313,2.9205779564586013e-05,0.014313854159386607,4.4707134588121034e-05,0.0795022146995858,0.07331576681468059,0.006186447884905137,0.18213125752567083,6.21550590097223e-06,2.1096231632000238e-05,0.0001952361400493415,9.850192994874338e-11,7.91021529583915e-11,1.9399776990351988e-11,4.2654492855489117e-10,4.1187953192952896e-10,1.4665396625362286e-11,0.0009005488669336143,0.6236248788559882,2.732959215977296e-07,1.9486550669335794e-10,1.1658468358261743e-09,7.655927038072134e-05,0.007218286840186308
72778,4000,90,120,53.96742,6.59416,238272000.0,8.285030771760816e-05,0.014390184916177393,2.921752883665519e-05,0.01431625545473652,4.471193260422368e-05,0.07968611989660178,0.0734987230581563,0.006187396838445417,0.18218692877987716,6.228535838458653e-06,2.1105041536885038e-05,0.00019535627519670398,9.850371371266157e-11,7.913111368806313e-11,1.9372600024598547e-11,4.286972907053565e-10,4.139278476503022e-10,1.476944305505436e-11,0.0009008219926368371,0.6236742426486694,2.753889409865457e-07,1.950963561987338e-10,1.1650342056568849e-09,7.659413226582978e-05,0.0072205069319448215
72779,4000,90,120,53.96742,6.58272,238272000.0,8.276663474741273e-05,0.014388973866182226,2.921164507783968e-05,0.014315052691331142,4.4709529773248465e-05,0.07959402383568673,0.0734071022799198,0.006186921555766877,0.18215904621567952,6.222010822919504e-06,2.110062962331084e-05,0.0001952961133199211,9.850282033326623e-11,7.911661097306915e-11,1.93862093601972e-11,4.276194503833786e-10,4.129021107589306e-10,1.471733962444815e-11,0.0009006852144767069,0.6236495186387865,2.7434081986756186e-07,1.9498074771960394e-10,1.1654411195710331e-09,7.65766734130703e-05,0.007219395156584854
72780,4000,90,120,53.96742,6.60558,238272000.0,8.29897517285228e-05,0.014408770431795006,2.9234379055600352e-05,0.014334814373641293,4.4721679098117334e-05,0.07983106407312726,0.07364005948914117,0.00619100458398607,0.18234012898912638,6.2397990666082024e-06,2.1124446226100893e-05,0.0001955672438558309,9.856505869485112e-11,7.918106420004273e-11,1.9383994494808505e-11,4.2999887383807296e-10,4.15171840128606e-10,1.4827033709467097e-11,0.0009015820731380486,0.6237344839527896,2.7651342408144244e-07,1.9538639892768992e-10,1.1654105973219333e-09,7.666777570441174e-05,0.007225684778237019
72781,4000,90,120,53.96743,6.55986,238272000.0,8.259949432129558e-05,0.014386555447101093,2.9199892106365115e-05,0.014312650824676608,4.470473031812395e-05,0.0794100612253292,0.07322408887108,0.00618597235424913,0.18210336016190445,6.208976731043745e-06,2.1091817033241845e-05,0.00019517594109930318,9.850103609039165e-11,7.908764102432501e-11,1.9413395066066734e-11,4.2546640173445637e-10,4.108531417204209e-10,1.4613260014035594e-11,0.0009004120051583966,0.6236001420868763,2.722471313815739e-07,1.9474982882487444e-10,1.1662540292459218e-09,7.654180117017135e-05,0.007217174369979659
72782,4000,90,120,53.97411,6.49127,238272000.0,8.219999691493804e-05,0.014413776562706652,2.918587189704717e-05,0.014339886005330123,4.470468547948459e-05,0.07895265856556977,0.07276336061285613,0.00618929795271359,0.18218173292511156,6.178617307506024e-06,2.10947820195378e-05,0.00019510941151174854,9.861642315622876e-11,7.906998606775779e-11,1.9546437088471087e-11,4.1933374217411e-10,4.050275992329757e-10,1.4306142941134469e-11,0.0009008211727104873,0.6235181771956265,2.660021975534166e-07,1.9438998768973185e-10,1.1702907979327627e-09,7.654705950631747e-05,0.0072185100452958045
72783,4000,90,120,53.97411,6.51414,238272000.0,8.231144214856275e-05,0.01439881845884024,2.9186663318943373e-05,0.014324929653434192,4.470214208710825e-05,0.07908384176503556,0.07289672752038388,0.006187114244651631,0.1821120793047725,6.186919491466151e-06,2.1088604043469373e-05,0.00019507881466579693,9.855775516952788e-11,7.906352199024214e-11,1.9494233179285866e-11,4.2126409363902226e-10,4.0685930784825694e-10,1.4404785790765516e-11,0.0009004711543061798,0.6235320108859133,2.680205661907396e-07,1.9444651410538483e-10,1.168693850713095e-09,7.652575146176414e-05,0.00721666561952015
72784,4000,90,120,53.97412,6.5027,238272000.0,8.222770905911746e-05,0.014397608265288126,2.9180775564101783e-05,0.014323727751448613,4.469973827541223e-05,0.07899168762035556,0.07280504851964832,0.006186639100707194,0.18208420259325536,6.180389574335954e-06,2.108418993937443e-05,0.00019501861876700653,9.85568619343998e-11,7.904900851340279e-11,1.9507853420997124e-11,4.201854413559108e-10,4.0583279820090734e-10,1.4352643155003651e-11,0.0009003343048867803,0.6235072953676013,2.6697164163654074e-07,1.943308570514119e-10,1.1691012556985624e-09,7.650828637316175e-05,0.007215553127024074
72785,4000,90,120,53.97414,6.59417,238272000.0,8.289765261740179e-05,0.014407297133739309,2.9227883975294785e-05,0.014333350276062225,4.4718973701792394e-05,0.079729036499919,0.07353859408123614,0.006190442418682819,0.18230733519738523,6.232634296207218e-06,2.111951043449768e-05,0.00019550027558600376,9.856401147065482e-11,7.916512877112466e-11,1.9398882699530275e-11,4.2881554093200276e-10,4.1404571392490583e-10,1.4769827007097066e-11,0.0009014293258065463,0.6237051367720535,2.753638454725807e-07,1.9525634584704405e-10,1.1658423434838753e-09,7.664804610867126e-05,0.007224454406885052
72786,4000,90,120,53.97414,6.55986,238272000.0,8.264621049636826e-05,0.014403658371229533,2.9210203008074147e-05,0.014329736414944397,4.4711753277067085e-05,0.0794522849057644,0.07326327059641008,0.006189014309354295,0.18222355416645925,6.2130261832682675e-06,2.1106252669640948e-05,0.0001953194883962895,9.856132704735428e-11,7.912154717122961e-11,1.9439779876124813e-11,4.25576557197723e-10,4.1096330454233563e-10,1.461325265538744e-11,0.000901018307539175,0.623630847489502,2.7221416585416237e-07,1.94908945917076e-10,1.1670652023826608e-09,7.659558311888893e-05,0.007221113481805358
72787,4000,90,120,53.97414,6.58272,238272000.0,8.281372526266031e-05,0.014406082282000993,2.9221982312464914e-05,0.014332143736174635,4.47165635138967e-05,0.07963665988484694,0.07344669422715133,0.006189965657695583,0.18227936606661294,6.226089457974587e-06,2.111508503971411e-05,0.00019543993016457405,9.856311532060147e-11,7.915058198835144e-11,1.9412533332250153e-11,4.2773442634012957e-10,4.1301686104691826e-10,1.4717565293211476e-11,0.0009012921299344255,0.6236803357726552,2.743125413273588e-07,1.9514038349755757e-10,1.166250480711029e-09,7.66305337390901e-05,0.007223339245808274
72788,4000,90,120,53.97414,6.52556,238272000.0,8.239499981575701e-05,0.014400025585608964,2.9192538667596416e-05,0.01432612850630811,4.470454063326074e-05,0.0791758003560461,0.07298821211068825,0.0061875882453578095,0.18213988964681377,6.193435793973305e-06,2.1093008598486292e-05,0.00019513888162021065,9.855864629134857e-11,7.907800516623924e-11,1.9480641125109447e-11,4.2234049767815827e-10,4.0788367794697235e-10,1.4456819731186e-11,0.000900607708708685,0.6235566665437909,2.69067308729072e-07,1.9456191824050243e-10,1.1682872380914859e-09,7.654317801911674e-05,0.0072177757561868484
72789,4000,90,120,53.97414,6.57128,238272000.0,8.272988645492608e-05,0.014404869002951086,2.9216086915153585e-05,0.014330938760041411,4.471415599452389e-05,0.07954438209403732,0.07335489261339692,0.006189489480640367,0.18225143080690356,6.219551488876655e-06,2.111066447897303e-05,0.0001953796499613375,9.856222024851078e-11,7.913605049549827e-11,1.9426169753012645e-11,4.2665444604652324e-10,4.1198908762688233e-10,1.46653584196409e-11,0.0009011550833627269,0.6236555653640654,2.7326233786739123e-07,1.9502454930572696e-10,1.166658220821352e-09,7.661304090892e-05,0.007222225275039315
72790,4000,90,120,53.97414,6.537,238272000.0,8.247876576450326e-05,0.014401236640579199,2.9198428784779846e-05,0.014327331266239206,4.4706945555214674e-05,0.07926799247511217,0.07307992879184912,0.006188063683263015,0.18216778309273035,6.199968225873736e-06,2.1097424654058027e-05,0.00019519910320207767,9.85595400529937e-11,7.909252426211932e-11,1.9467015790874503e-11,4.234195648545734e-10,4.089105824212691e-10,1.450898243330435e-11,0.000900744617879461,0.6235813976386634,2.7011663363908324e-07,1.9467762840242484e-10,1.1678797177088e-09,7.656065137368563e-05,0.007218888703541162
72791,4000,90,120,53.97414,6.54842,238272000.0,8.25624054887568e-05,0.014402446164331232,2.9204310065687722e-05,0.014328532507285443,4.470934698010511e-05,0.07936004704818489,0.07317150856175571,0.00618853848642915,0.1821956389099911,6.206490777950859e-06,2.1101834221803795e-05,0.00019525923560342296,9.856043260157845e-11,7.910702142148655e-11,1.945341118009202e-11,4.2449699963206376e-10,4.099359333999625e-10,1.4561066232101384e-11,0.0009008813253411073,0.6236060959329796,2.711643687860406e-07,1.9479317007068407e-10,1.167472845205379e-09,7.657809947119322e-05,0.0072199999877202185
72792,4000,90,120,53.98084,6.49125,238272000.0,8.213572406652624e-05,0.01439614174036172,2.917428919503141e-05,0.014322270412798507,4.4697038368185056e-05,0.0788898096428721,0.07270373063479446,0.006186079008077593,0.18205152361405755,6.173233070324846e-06,2.107926307028056e-05,0.00019495175985217604,9.855581826057781e-11,7.903309185093425e-11,1.95227264096437e-11,4.190034671551132e-10,4.047079648868521e-10,1.4295502268261165e-11,0.000900181824237873,0.6234780597874703,2.658233431511772e-07,1.942010639501473e-10,1.1695330362797472e-09,7.648859930094703e-05,0.007214324514254894
72793,4000,90,120,53.98086,6.5027,238272000.0,8.221968047802757e-05,0.014397354422617536,2.918019255386271e-05,0.014323474781791821,4.469944827185312e-05,0.07898220610775797,0.07279565089402722,0.006186555213730738,0.18207946359552354,6.179780494517183e-06,2.1083688527903676e-05,0.00019501211235822352,9.855671354155428e-11,7.904764418244549e-11,1.950906935910892e-11,4.2008501234256453e-10,4.0573722761345996e-10,1.4347784729104668e-11,0.0009003190270815627,0.6235028299864791,2.668750868138159e-07,1.9431701470807129e-10,1.1691244596729764e-09,7.650610827022174e-05,0.007215439938889507
72794,4000,90,120,53.98086,6.51411,238272000.0,8.230337810771628e-05,0.01439856404763035,2.9186077807812166e-05,0.014324676118781176,4.4701851041365714e-05,0.07907432096399007,0.07288729082311814,0.006187030140871873,0.18210732766146134,6.1863076532462936e-06,2.1088100730899135e-05,0.00019507228246616934,9.855760637289369e-11,7.906215152412409e-11,1.9495454848769732e-11,4.211632090500919e-10,4.067633037094734e-10,1.4399905340618588e-11,0.000900455817670341,0.6235275341859399,2.6792356879803437e-07,1.944326216635022e-10,1.1687172207683607e-09,7.652356575785953e-05,0.00721655195761004
72795,4000,90,120,53.98086,6.537,238272000.0,8.247132420987979e-05,0.014400992096156704,2.9197887160867445e-05,0.014327087536240261,4.470667275557932e-05,0.07925916083903149,0.07307117748526776,0.006187983353763712,0.18216325173344447,6.19940482467976e-06,2.1096954650228795e-05,0.00019519302314712503,9.85593982929587e-11,7.909126151956011e-11,1.946813677339872e-11,4.233266802418838e-10,4.0882219151260493e-10,1.4504488729279054e-11,0.0009007303122188457,0.6235771179080254,2.700274087580244e-07,1.9466461315407805e-10,1.167900159168339e-09,7.655859868696061e-05,0.007218783353248061
72796,4000,90,120,53.98086,6.52555,238272000.0,8.238730855592126e-05,0.014399777316377704,2.9191979469947835e-05,0.014325881076292702,4.4704260615057825e-05,0.07916669335932477,0.07297918689263422,0.006187506466690501,0.18213527341830676,6.192852933853575e-06,2.10925253654031e-05,0.00019513262143419418,9.85585018148094e-11,7.907669916513003e-11,1.94818026496795e-11,4.2224439887266035e-10,4.0779222822437493e-10,1.4452170648285533e-11,0.0009005929931293435,0.623552311346322,2.68974959168437e-07,1.945485557710257e-10,1.168308881167385e-09,7.654107282558162e-05,0.007217667082787518
72797,4000,90,120,53.98089,6.54842,238272000.0,8.261099769692967e-05,0.01441957907862395,2.9214753267614684e-05,0.01434564790031798,4.471642503835772e-05,0.07940434890566735,0.07321275701868625,0.0061915918869810535,0.18231650060747923,6.2106861770755755e-06,2.1116370387263814e-05,0.0001954041469160007,9.862074488086844e-11,7.914125217267217e-11,1.9479492708196408e-11,4.2463125970091966e-10,4.1006903552195583e-10,1.456222417896386e-11,0.0009014907388214124,0.6236373988176502,2.711548204509725e-07,1.9495493589811905e-10,1.1682752214339712e-09,7.663228323133368e-05,0.007223964160895799
72798,4000,90,120,53.98089,6.58272,238272000.0,8.291866550145258e-05,0.014440597916378133,2.924343253463399e-05,0.014366623482080803,4.4731001762697196e-05,0.07973444447878143,0.0735382897071159,0.006196154771665492,0.18252573623173313,6.235068076687513e-06,2.114464434953925e-05,0.00019573606260688323,9.868388531921383e-11,7.922036056309431e-11,1.9463524756119638e-11,4.280998638642616e-10,4.1337529400787115e-10,1.4724569856390663e-11,0.0009025257874345668,0.6237473249727818,2.7438658539399066e-07,1.9547737885379676e-10,1.16783334540776e-09,7.674102212417408e-05,0.0072313771518949885
72799,4000,90,120,53.98089,6.55986,238272000.0,8.269496173238204e-05,0.014420793669378675,2.9220657403615487e-05,0.01434685417603747,4.4718835937592e-05,0.07949676218470844,0.07330469354863693,0.006192068636071454,0.1823444700888637,6.217233973608042e-06,2.1120797266932226e-05,0.0001954645144897465,9.862164106199531e-11,7.91558054698476e-11,1.946583559214785e-11,4.257128640112887e-10,4.1109835446603855e-10,1.4614509545250247e-11,0.0009016279822638125,0.6236621986135574,2.7220660716952803e-07,1.950709331096061e-10,1.167866814689649e-09,7.664980036126236e-05,0.007225079771893953
72800,4000,90,120,53.98089,6.57127,238272000.0,8.28346097250346e-05,0.01443938144091429,2.923752187288746e-05,0.014365415331052987,4.472858798842241e-05,0.0796419276149952,0.07344625026842107,0.0061956773465740725,0.1824977278299759,6.228513194791314e-06,2.114021231663932e-05,0.0001956756261015045,9.868298790499948e-11,7.920579147498954e-11,1.947719643001005e-11,4.2701708988980005e-10,4.1234486195662293e-10,1.467222793317723e-11,0.0009023883853117539,0.6237224896004491,2.733336657334601e-07,1.9536124376220132e-10,1.1682421342130921e-09,7.672348381727565e-05,0.007230260295576889
72801,4000,90,120,53.98758,6.49124,238272000.0,8.212987044031947e-05,0.014395923580711352,2.917385968792536e-05,0.014322052908385233,4.469681263819645e-05,0.07888274172085756,0.07269673307632245,0.006186008644535091,0.18204757240560865,6.1727930791916365e-06,2.1078878724550918e-05,0.00019494683967154707,9.855569500380881e-11,7.903210366488496e-11,1.952359133892398e-11,4.189309636327987e-10,4.0463896974506916e-10,1.429199388772966e-11,0.0009001701675522888,0.6234743009931857,2.657539100830494e-07,1.9419031064814553e-10,1.1695461468940499e-09,7.648689037350907e-05,0.007214240423926517
72802,4000,90,120,53.98758,6.51411,238272000.0,8.229789143585809e-05,0.014398351690862406,2.9185674170312352e-05,0.014324464380630536,4.470163606155951e-05,0.07906765923974929,0.07288069724126321,0.006186961998486059,0.18210350610656298,6.185896217316875e-06,2.108773601290677e-05,0.00019506762875156293,9.855748725800736e-11,7.906122684357579e-11,1.949626041443169e-11,4.2109542179225434e-10,4.0669879683222445e-10,1.4396624960030047e-11,0.0009004447685302232,0.6235238912983407,2.678587180052776e-07,1.944223851942436e-10,1.1687286034199893e-09,7.652193519420064e-05,0.007216472766320934
72803,4000,90,120,53.98758,6.50267,238272000.0,8.221384136350088e-05,0.01439713693097146,2.917976412859268e-05,0.014323257943686475,4.469922315639369e-05,0.07897515630343482,0.07278867124343924,0.006186485059995525,0.18207552408906688,6.179341578448986e-06,2.108330520714105e-05,0.0001950072050531031,9.85565906482526e-11,7.904665842104073e-11,1.950993222721199e-11,4.2001268579902106e-10,4.056684008831169e-10,1.4344284915904172e-11,0.0009003074012837742,0.6234990824443857,2.6680582216775623e-07,1.9430629060476484e-10,1.1691375524196847e-09,7.650440404399775e-05,0.007215356063044519
72804,4000,90,120,53.98761,6.53698,238272000.0,8.252180981127955e-05,0.014418156272216601,2.92084640205397e-05,0.014344234001343706,4.471380685235975e-05,0.07930556476064593,0.07311451617848055,0.006191048582165327,0.18228480220658144,6.2037473984073515e-06,2.1111592838929615e-05,0.00019533931639688172,9.861973254451966e-11,7.912581968211594e-11,1.9493912862403836e-11,4.2348524636358823e-10,4.0897842461695787e-10,1.4506821746630555e-11,0.0009013428811422846,0.6236090389204685,2.700414653160845e-07,1.9482907208494643e-10,1.1686937714887858e-09,7.661319160880684e-05,0.007222772866708045
72805,4000,90,120,53.98761,6.55987,238272000.0,8.274591275564724e-05,0.014437965178862186,2.9231267071108215e-05,0.014364007928133337,4.4725983657745544e-05,0.07954368117754389,0.07334854450329018,0.006195136674253656,0.18246618460779443,6.2216127682494245e-06,2.113546033514028e-05,0.00019561114556654007,9.868198055475391e-11,7.919044418405572e-11,1.9491536370698303e-11,4.2587741252479695e-10,4.112602807541403e-10,1.4617131770656817e-11,0.0009022413213437597,0.6236942662304433,2.722264763735526e-07,1.9523604702756403e-10,1.1686582323108022e-09,7.670449257766287e-05,0.007229075497730106
72806,4000,90,120,53.98761,6.52556,238272000.0,8.243789610122803e-05,0.014416942950298243,2.9202563495799707e-05,0.014343028989170711,4.4711397631737506e-05,0.07921320940460605,0.07302263713535304,0.006190572269252977,0.18225685759807042,6.197203459586658e-06,2.1107168919404234e-05,0.00019527898788883536,9.861883714679916e-11,7.911127500072151e-11,1.9507562146077767e-11,4.224042785766195e-10,4.079497114121142e-10,1.4454567164505383e-11,0.0009012057284220464,0.6235842622133576,2.689902932310479e-07,1.9471315520249747e-10,1.1691019956900762e-09,7.659568695418257e-05,0.007221657949957278
72807,4000,90,120,53.98761,6.54842,238272000.0,8.260587505049764e-05,0.014419372052837113,2.9214375236182616e-05,0.014345441457061814,4.4716220539117394e-05,0.07939808814356904,0.07320656231391612,0.006191525829652879,0.18231280129056726,6.2103031210191254e-06,2.1116024898921997e-05,0.0001953997552717647,9.862062968102498e-11,7.91403905749447e-11,1.9480239106080413e-11,4.245681603144513e-10,4.1000898989999615e-10,1.4559170414455284e-11,0.0009014802857183142,0.623633864439828,2.710945277717559e-07,1.9494520363495153e-10,1.1682848409370115e-09,7.663072885102852e-05,0.0072238898094106755
72808,4000,90,120,53.98761,6.57128,238272000.0,8.28297658262703e-05,0.014439178427794918,2.9237163439651862e-05,0.014365212872870733,4.472839148453665e-05,0.0796359735590057,0.07344036069247398,0.006195612866531662,0.18249412107377375,6.228151878831327e-06,2.1139881513745166e-05,0.0001956714347638995,9.868287567142094e-11,7.920497819584285e-11,1.9477897475578205e-11,4.2695758168883115e-10,4.122882339207336e-10,1.4669347768097687e-11,0.0009023783875292715,0.6237190372562775,2.732768653954469e-07,1.953518962006484e-10,1.1682503956145034e-09,7.672198751958043e-05,0.007230189646821916
72809,4000,90,120,53.99431,6.49122,238272000.0,8.212642597993329e-05,0.014395744887009246,2.917360020601033e-05,0.014321874628725882,4.469665807735787e-05,0.07887834701871625,0.0726923937745935,0.0061859532441226935,0.18204449292609692,6.172540392496938e-06,2.1078624017019207e-05,0.00019494367621492414,9.855559956276187e-11,7.903153214086188e-11,1.9524067421900098e-11,4.188893940656249e-10,4.04599413071785e-10,1.4289980993839917e-11,0.000900162520995362,0.6234713239683172,2.657145211258157e-07,1.9418297784137984e-10,1.1695480703799617e-09,7.648570092712858e-05,0.007214188561993868
72810,4000,90,120,53.99433,6.52552,238272000.0,8.243451757187195e-05,0.01441676520607466,2.9202308649415636e-05,0.014342851652463075,4.471124496217066e-05,0.0792088872481639,0.07301837000614902,0.006190517242014834,0.18225380001724076,6.196955914940014e-06,2.110691768557552e-05,0.00019527587181192941,9.861874240752308e-11,7.911071490521702e-11,1.9508027502306164e-11,4.2236355840942553e-10,4.0791096307844496e-10,1.4452595330980638e-11,0.0009011981895661463,0.6235813045973305,2.6895173029174733e-07,1.9470591339517903e-10,1.1691035979934492e-09,7.659451124722547e-05,0.007221606963833964
72811,4000,90,120,53.99433,6.50267,238272000.0,8.221060875216947e-05,0.014396960859156913,2.917951948401974e-05,0.014323082265185597,4.469907448730057e-05,0.07897099269521561,0.07278456195586377,0.006186430739351785,0.18207250854276918,6.179105467148392e-06,2.1083061417939864e-05,0.0001950041915497625,9.855649726680852e-11,7.904612370391347e-11,1.951037356289519e-11,4.1997385484133007e-10,4.056314504450484e-10,1.434240439628173e-11,0.0009003000940787595,0.6234961612606035,2.667690998759631e-07,1.942992416276317e-10,1.1691383945169079e-09,7.650325717770635e-05,0.007215306994962664
72812,4000,90,120,53.99434,6.51409,238272000.0,8.235047015181837e-05,0.014415550106932644,2.9196398743574766e-05,0.014341644876219002,4.4708831970066786e-05,0.07911638546225135,0.07292634524869647,0.006190040213554822,0.1822258132217006,6.190401529569049e-06,2.1102486805434775e-05,0.00019521544800730497,9.861784565413727e-11,7.909614701711187e-11,1.9521698637025505e-11,4.212808647906419e-10,4.068806074653378e-10,1.4400257325304326e-11,0.0009010608207463595,0.6235564907844018,2.678988786922385e-07,1.9458981492661034e-10,1.1695124906342949e-09,7.657697927066798e-05,0.007220490277934591
72813,4000,90,120,53.99436,6.53698,238272000.0,8.251877534613654e-05,0.0144179828520457,2.9208233280321417e-05,0.014344060954985364,4.471366378001918e-05,0.07930161823243619,0.07311062290554252,0.006190995326893631,0.18228184944690684,6.203526765734967e-06,2.1111359374921137e-05,0.00019533644421022782,9.86196411802264e-11,7.912531935169217e-11,1.9494321828534334e-11,4.2344897254296407e-10,4.08943907708158e-10,1.4505064834806104e-11,0.0009013358944583449,0.6236061729972547,2.70007231389808e-07,1.9482229256082947e-10,1.1686936250854481e-09,7.661208529677464e-05,0.007222726421194712
72814,4000,90,120,53.99436,6.54842,238272000.0,8.265879062961495e-05,0.014436575294831418,2.9225123490498022e-05,0.01436262674524109,4.472342609983442e-05,0.07944718490735679,0.07325257896299499,0.006194605944361771,0.18243521991432718,6.2148347087962714e-06,2.1130793425396665e-05,0.0001955478164712247,9.868099165122451e-11,7.917536914551336e-11,1.950562250571128e-11,4.2475794372395467e-10,4.101949311275276e-10,1.456301259642729e-11,0.000902096887818725,0.623666562707695,2.711389095910749e-07,1.9511309780837715e-10,1.1690670842165013e-09,7.668584303436075e-05,0.007227911794624653
72815,4000,90,120,53.99436,6.55983,238272000.0,8.274269178193403e-05,0.014437788875105856,2.9231023191199373e-05,0.014363832016764735,4.4725835149923273e-05,0.0795395285030446,0.07334444619469037,0.006195082308354189,0.18246316693670617,6.221377613951784e-06,2.113521693244207e-05,0.0001956081382963538,9.868188711526084e-11,7.918991156324771e-11,1.9491975552013258e-11,4.25838740180936e-10,4.112234812729723e-10,1.4615258907963924e-11,0.0009022340268976543,0.6236913423968896,2.721899115366709e-07,1.9522900613181962e-10,1.1686589717351852e-09,7.670334667676801e-05,0.0072290265653387545
72816,8000,105,164,53.91642,6.48908,476544000.0,8.56434575401109e-05,0.015193887697668773,3.096491102369178e-05,0.01511728488197573,4.563790466935229e-05,0.08185315027696487,0.07539243205810159,0.006460718218863211,0.19268073438995129,6.4309103049830154e-06,2.2212705220377355e-05,0.00020535356481662576,1.0897791443439772e-10,8.813286083177654e-11,2.0845053602621247e-11,4.2430461224477445e-10,4.1033719041503383e-10,1.3967421829740785e-11,0.0009525966989866905,0.6273907150526357,2.624553878625834e-07,2.0358100055257776e-10,1.2397223095007743e-09,8.01551665777365e-05,0.007555720831183293
72817,8000,105,164,53.91754,6.50116,476544000.0,8.571070247329604e-05,0.015203023176626293,3.097314567038071e-05,0.015126407376618222,4.5642654337693635e-05,0.08192232715947664,0.07545985291136369,0.006462474248112902,0.19275468852585362,6.43636375553132e-06,2.2222208071314855e-05,0.00020545662077349223,1.0900850518874487e-10,8.815743077069665e-11,2.0851074418048245e-11,4.249261345958435e-10,4.109313355311499e-10,1.3994799064693747e-11,0.0009529707900425836,0.6274182572591879,2.629901421293935e-07,2.0372017380856162e-10,1.2399085774166603e-09,8.01910277874522e-05,0.007558271096917753
72818,8000,105,164,53.91941,6.51424,476544000.0,8.575224884452643e-05,0.015203478733675169,3.0976047607283454e-05,0.015126858901604109,4.564378446377714e-05,0.08196737307505418,0.07550470337714027,0.006462669697913869,0.19276634764585196,6.439621651867339e-06,2.2224316039715295e-05,0.00020548571601956142,1.0900888240820966e-10,8.816466068437658e-11,2.0844221723833135e-11,4.254644861453248e-10,4.114436666953941e-10,1.4020819449930866e-11,0.0009530364240073025,0.627428316861341,2.6351482008923876e-07,2.0377466533594763e-10,1.2396897556336052e-09,8.019916408699941e-05,0.00755881623410209
72819,8000,105,164,53.921,6.52538,476544000.0,8.578797325521363e-05,0.01520387246772904,3.0978543161179886e-05,0.01512724916747414,4.564475709372276e-05,0.08200611607149745,0.07554327775204905,0.00646283831944835,0.19277640316425237,6.442422764910091e-06,2.2226129758112573e-05,0.0002055107448432593,1.0900920768476284e-10,8.817087705983825e-11,2.0838330624924637e-11,4.259273538187988e-10,4.118841623266229e-10,1.4043191492176033e-11,0.0009530928921062078,0.6274369974360992,2.639659153056194e-07,2.0382156112761013e-10,1.2395018295920662e-09,8.02061675956609e-05,0.007559285075645485
72820,8000,105,164,53.92168,6.48196,476544000.0,8.563553052069214e-05,0.015201989732646089,3.096786700567084e-05,0.01512538134644345,4.5640519196970807e-05,0.08183984347708896,0.07537778104715455,0.006462062429934364,0.19273045686992188,6.430494926848073e-06,2.2218275353683603e-05,0.0002054028621212805,1.090077274202686e-10,8.814439070862811e-11,2.086333671164054e-11,4.2395661477083216e-10,4.1000868142209623e-10,1.39479333487361e-11,0.0009528487620860102,0.6273968749304808,2.6204691670498195e-07,2.0361740093363875e-10,1.240280429270432e-09,8.017554208668698e-05,0.007557274857125352
72821,8000,105,164,53.92258,6.53652,476544000.0,8.585195013402963e-05,0.015212959488596326,3.09865478479632e-05,0.015136323528334744,4.5649412413621865e-05,0.08207169049299393,0.07560711502958867,0.006464575463405186,0.1928492509229562,6.447621507906707e-06,2.22354596342293e-05,0.0002056114448586529,1.0903976301891074e-10,8.819488078845024e-11,2.0844882230460548e-11,4.265068036168188e-10,4.1243826873199154e-10,1.406853488482741e-11,0.0009534616228411717,0.6274635563828926,2.644597663760003e-07,2.0395619588609163e-10,1.2397038573203056e-09,8.024134267749873e-05,0.0075617918634907615
72822,8000,105,164,53.92417,6.54765,476544000.0,8.588819340727583e-05,0.015213362108695944,3.098908007200384e-05,0.015136722628085835,4.5650400538108165e-05,0.08211101103063542,0.07564626361565137,0.006464747414983979,0.19285949997686888,6.4504629130177605e-06,2.2237301491946853e-05,0.0002056368540875142,1.0904009446201508e-10,8.820118682408069e-11,2.0838907637934424e-11,4.2697632514696603e-10,4.128850965322933e-10,1.409122861467287e-11,0.0009535189606461631,0.6274724112012139,2.649173209334774e-07,2.0400383606636908e-10,1.2395135663564625e-09,8.024845947816216e-05,0.00756226766434278
72823,8000,105,164,53.92576,6.55879,476544000.0,8.592472308491425e-05,0.01521376940574481,3.099163250684876e-05,0.015137126376121092,4.5651397116868964e-05,0.08215064929435578,0.07568572815307749,0.00646492114127821,0.19286985244090418,6.453326586924781e-06,2.2239158752801698e-05,0.00020566247207879642,1.0904042920514188e-10,8.820754239589986e-11,2.0832886809242076e-11,4.2744952446300485e-10,4.1333542431815257e-10,1.4114100144852357e-11,0.0009535767749481408,0.6274813587319984,2.653784476011559e-07,2.0405188258323677e-10,1.23932194374983e-09,8.025563798122548e-05,0.0075627472958428995
72824,8000,105,164,53.92614,6.51426,476544000.0,8.573929793731767e-05,0.015203135941091659,3.097511609267385e-05,0.015126517479540203,4.5643345458783904e-05,0.08195239078445325,0.07548983785821886,0.0064625529262343365,0.19275970290445987,6.438630905348835e-06,2.2223545039290207e-05,0.00020547557600737084,1.0900867339743296e-10,8.816244668867541e-11,2.0846226708757588e-11,4.253010346479913e-10,4.1128812063444286e-10,1.4012914013548566e-11,0.0009530128227455715,0.6274221277596606,2.6335712265293687e-07,2.0375366826411613e-10,1.239734859912361e-09,8.01958942197077e-05,0.007558636804679492
72825,8000,105,164,53.92617,6.4914,476544000.0,8.565924664073243e-05,0.015202154874086226,3.096951080924787e-05,0.015125544239955052,4.564112332192865e-05,0.08186511270816582,0.07540296510557232,0.006462147602593448,0.19273568938841767,6.432366375252326e-06,2.221942481752996e-05,0.00020541896475617717,1.0900789953676455e-10,8.814853657323597e-11,2.0859362963528625e-11,4.24265987580226e-10,4.1030310366507835e-10,1.3962883915147844e-11,0.000952884743227602,0.6274011740799108,2.623491892447739e-07,2.03646610756691e-10,1.240144595928407e-09,8.017983981308975e-05,0.007557581550853728
72826,8000,105,164,53.92695,6.47484,476544000.0,8.559998721877505e-05,0.015201409414612956,3.0965358821768535e-05,0.015124804585741834,4.563947004935859e-05,0.08180041356485154,0.07533857135254508,0.006461842212306393,0.19271762498349573,6.427731316749607e-06,2.221636385316762e-05,0.00020537695486019976,1.0900731792697264e-10,8.81382431584739e-11,2.0869074768498798e-11,4.2350019273532313e-10,4.0957432483113816e-10,1.3925867904185146e-11,0.0009527896295118468,0.6273853706642667,2.616036084718302e-07,2.0356697582328764e-10,1.2404457000300426e-09,8.016788507218273e-05,0.007556799471504819
72827,8000,105,164,53.92734,6.56993,476544000.0,8.59335574499445e-05,0.015205493185370808,3.0988715215776024e-05,0.015128855742413018,4.564872774201618e-05,0.08216407736358446,0.07570054737934004,0.006463529984244343,0.19281762389485838,6.4538358684546585e-06,2.2233530201065786e-05,0.00020561282857112608,1.0901054061593225e-10,8.819620684679547e-11,2.0814333769136842e-11,4.278132816314799e-10,4.136789361112379e-10,1.413434552024214e-11,0.0009533232640663179,0.6274726184539309,2.6580374783018334e-07,2.0401299400438402e-10,1.2387378541018664e-09,8.023476739561649e-05,0.007561196464722784
72828,8000,105,164,53.92892,6.58107,476544000.0,8.597055900886455e-05,0.015205908681758588,3.099130101621096e-05,0.01512926764227912,4.5649738463257947e-05,0.08220424142630217,0.07574053465445277,0.006463706771849333,0.19282815413798773,6.456736171549316e-06,2.2235413120198166e-05,0.00020563879315165109,1.0901088102093044e-10,8.820264393702796e-11,2.0808237083902517e-11,4.2829252975699e-10,4.1413502026748035e-10,1.4157509489509723e-11,0.0009533818711701161,0.6274817262439097,2.6627074552861094e-07,2.0406171986301858e-10,1.2385440942766174e-09,8.024204936321863e-05,0.007561682430966411
72829,8000,105,164,53.93054,6.59249,476544000.0,8.595280972663177e-05,0.015188962316697798,3.098299180561673e-05,0.015112335891007292,4.564343388489322e-05,0.08219267014713556,0.07573191385683749,0.006460756290298023,0.19271367428842803,6.4549780867299395e-06,2.222235583049901e-05,0.00020551467296106804,1.0895077973151608e-10,8.81738104852661e-11,2.0776969246250046e-11,4.285612238473153e-10,4.1438540011622594e-10,1.4175823731089452e-11,0.0009528188098021015,0.6274555853181149,2.666742237300498e-07,2.03937377867613e-10,1.237561818703631e-09,8.01933517170693e-05,0.007558115779557695
72830,8000,105,164,53.93175,6.53958,476544000.0,8.581877077305128e-05,0.015203963420733851,3.098066123173529e-05,0.015127337271237044,4.5645488265072526e-05,0.08203835196693188,0.0755754373923859,0.006462914574545937,0.19278134647790696,6.444868269576541e-06,2.2227552382961277e-05,0.00020553099719469958,1.0900937496143219e-10,8.817628527261013e-11,2.083308968882207e-11,4.2633178669638635e-10,4.122690540366295e-10,1.4062732659756914e-11,0.0009531376844630796,0.6274407022594288,2.6436204535357604e-07,2.0385702572563865e-10,1.2393112251014313e-09,8.021129735837988e-05,0.007559677502907524
72831,8000,105,164,53.93216,6.60391,476544000.0,8.599115892992164e-05,0.015189395397440695,3.098567211287565e-05,0.015112765242851132,4.564448247669088e-05,0.08223430851947676,0.0757733683209069,0.006460940198569788,0.19272462481057237,6.457983719674867e-06,2.2224308718612736e-05,0.00020554159627369638,1.0895113365071228e-10,8.818048153758483e-11,2.0770652113127487e-11,4.290578735200974e-10,4.148580446694264e-10,1.419982885067112e-11,0.0009528795898101662,0.6274650621041032,2.671581585868185e-07,2.039879273545316e-10,1.2373612840183994e-09,8.020090786007973e-05,0.0075586195612843
72832,8000,105,164,53.93279,6.55331,476544000.0,8.586581727723048e-05,0.015204516019621304,3.098395226719116e-05,0.015127885283485744,4.564678386837239e-05,0.08208953336380122,0.0756263872480508,0.006463146115750334,0.19279509982222326,6.448552924841496e-06,2.2229960253204246e-05,0.00020556414004942847,1.0900981884468759e-10,8.818446505369815e-11,2.0825353790989487e-11,4.269406096877307e-10,4.12848449552425e-10,1.4092160135305829e-11,0.0009532125821702357,0.6274526521932876,2.649551116713472e-07,2.039194649062134e-10,1.2390676618640323e-09,8.022064499480071e-05,0.007560296545965221
72833,8000,105,164,53.93312,6.46649,476544000.0,8.555880862900684e-05,0.015200737807511798,3.096245306890139e-05,0.015124137099570075,4.56382548728238e-05,0.08175473552029074,0.07529314824059019,0.006461587279700489,0.1927027694135749,6.424529455447197e-06,2.2214149697456167e-05,0.000205346943909004,1.0900684383693245e-10,8.81311207898087e-11,2.08757230471238e-11,4.229713906828501e-10,4.0907108737192396e-10,1.3900303310926246e-11,0.00095272113288417,0.6273720533586931,2.610899940378753e-07,2.0350857031364315e-10,1.2406372566998421e-09,8.015901668597146e-05,0.007556248748865003
72834,8000,105,164,53.93313,6.47996,476544000.0,8.563396608470714e-05,0.015210002929036466,3.0971246139400696e-05,0.015133388444602228,4.564323829483807e-05,0.0818326922763139,0.07536929981696214,0.00646339245935169,0.19277958694847983,6.430598074843023e-06,2.2224078337472207e-05,0.00020545576966909577,1.0903752595804075e-10,8.815705918444352e-11,2.0880466773597262e-11,4.2369451019828615e-10,4.0976191798753193e-10,1.3932592210754276e-11,0.0009531083949295111,0.6274021635113948,2.617234227466087e-07,2.0365897810099779e-10,1.2407867849079177e-09,8.019658413248852e-05,0.007558904864731364
72835,8000,105,164,53.93313,6.49138,476544000.0,8.564616642992056e-05,0.015201806696490709,3.096856973117018e-05,0.015125197447673313,4.564067908622775e-05,0.08184997163969691,0.07538794252049624,0.006462029119200598,0.19272894888126638,6.431365979491648e-06,2.2218645006039366e-05,0.00020540871304248353,1.0900768754560379e-10,8.814630086099043e-11,2.0861386684613392e-11,4.2410094681963164e-10,4.101460452594108e-10,1.3954901560220896e-11,0.000952860875619713,0.6273948933416919,2.6218997457481223e-07,2.036253648440095e-10,1.2401899246789321e-09,8.017653012856825e-05,0.007557400237144901
72836,8000,105,164,53.93313,6.51422,476544000.0,8.572672367022647e-05,0.015202795212416804,3.097421060870978e-05,0.015126178086001406,4.564291580669236e-05,0.08193780718205346,0.07547536983025968,0.006462437351793708,0.19275313288468404,6.437669948692217e-06,2.2222791976758403e-05,0.00020546568874550545,1.090084668656635e-10,8.81602986447678e-11,2.084816822089576e-11,4.251425085027748e-10,4.1113726192051727e-10,1.4005246582257609e-11,0.0009529897841644471,0.6274159984370291,2.6320424195907323e-07,2.037331239177052e-10,1.2397777426951924e-09,8.019269056397728e-05,0.007558462219485797
72837,8000,105,164,53.94007,6.45709,476544000.0,8.551312400510747e-05,0.015199993298757196,3.095922942840565e-05,0.015123397162350333,4.563690697846424e-05,0.0817040618452744,0.07524275723048161,0.006461304614792728,0.19268629709520557,6.420977152355827e-06,2.2211693588875035e-05,0.00020531365210622667,1.0900631813748305e-10,8.812321892763222e-11,2.088309920985089e-11,4.2238471078053593e-10,4.0851277011448625e-10,1.3871940666049776e-11,0.0009526451501342007,0.6273572877580078,2.605201593002732e-07,2.0344378547286036e-10,1.240849842674521e-09,8.014918001801771e-05,0.007555637790417532
72838,8000,105,164,53.94008,6.46852,476544000.0,8.555343672701836e-05,0.01520048664458291,3.096205207670716e-05,0.015123886566795343,4.563802571086107e-05,0.08174801056662759,0.07528650203281166,0.006461508533815871,0.19269837938514203,6.424131969992286e-06,2.221376807492682e-05,0.0002053421569834326,1.0900670752155829e-10,8.813022400836923e-11,2.0876483513189093e-11,4.229059614620887e-10,4.090088256097419e-10,1.389713585234698e-11,0.000952709638156433,0.6273678290058043,2.610277611635571e-07,2.0349768404668062e-10,1.2406434240655682e-09,8.015726221522977e-05,0.007556169168204879
72839,8000,105,164,53.94009,6.5142,476544000.0,8.574334858993294e-05,0.015211163317043301,3.097888107669906e-05,0.015134538239138741,4.564619682786282e-05,0.08195110566423561,0.07548720947397222,0.006463896190263297,0.1928096982302715,6.4391802214788525e-06,2.222960603667267e-05,0.00020553216320816673,1.090385013392867e-10,8.817610168027929e-11,2.0862399659007458e-11,4.251127196340463e-10,4.1111158149691365e-10,1.4001138137132709e-11,0.0009532805846514528,0.627428055268594,2.631059223128342e-07,2.0380166342804484e-10,1.2402061874371337e-09,8.021786275735715e-05,0.0075603382470217344
72840,8000,105,164,53.94009,6.53705,476544000.0,8.579682505793987e-05,0.015203478392365495,3.097909560037028e-05,0.015126854511012103,4.564478575302391e-05,0.08201341295377011,0.07555066959469126,0.006462743359078782,0.19277152373302398,6.443177575522923e-06,2.2226300268955405e-05,0.0002055143255764845,1.0900906442676909e-10,8.817251462514823e-11,2.083654980162091e-11,4.260527297247204e-10,4.1200349125513197e-10,1.4049238469588534e-11,0.000953099191084542,0.627431672119307,2.6409202675637863e-07,2.0382336011384973e-10,1.2393986858651498e-09,8.020610665089523e-05,0.007559377988156998
72841,8000,105,164,53.94012,6.49142,476544000.0,8.563442796960686e-05,0.015201479094393943,3.096772315790422e-05,0.015124871097355483,4.56402738805602e-05,0.08183631280405472,0.07537439422538689,0.006461918578667781,0.19272267281372857,6.430470073813564e-06,2.2217936597953837e-05,0.0002053994322237352,1.0900749040650524e-10,8.8144297480591e-11,2.0863192925914284e-11,4.239531648125138e-10,4.1000541127853377e-10,1.3947753533980095e-11,0.0009528392194192829,0.6273890266408768,2.620475335067838e-07,2.0360599587115747e-10,1.2402288612827e-09,8.017350463002068e-05,0.007557236806140014
72842,8000,105,164,53.94703,6.46375,476544000.0,8.552526519049739e-05,0.015199961484131351,3.096005535501316e-05,0.015123364262778296,4.5637165998046096e-05,0.08171645310053414,0.07525513724565512,0.006461315854878973,0.19268723130469526,6.4219495960340094e-06,2.2212216036766123e-05,0.00020532127535818204,1.0900635326996397e-10,8.812536437496713e-11,2.088098889499686e-11,4.2254561970425603e-10,4.086659060784887e-10,1.3879713625767423e-11,0.0009526617495950887,0.6273577192418831,2.606782977808778e-07,2.0345641475843492e-10,1.2407669135890373e-09,8.01509550574912e-05,0.007555789294275443
72843,8000,105,164,53.94704,6.49134,476544000.0,8.565152745608316e-05,0.015209857192296939,3.0972427415611734e-05,0.015133241195001977,4.564356987935226e-05,0.08185014826197794,0.07538676728012735,0.006463380981850522,0.19277944314672207,6.432016968338771e-06,2.2224777453354864e-05,0.00020546626456284194,1.0903753136980476e-10,8.816018215273941e-11,2.0877349217065384e-11,4.2392942119745106e-10,4.0998548379512696e-10,1.3943937402324228e-11,0.0009531308445598926,0.6274012712141298,2.619550673426303e-07,2.0367525349285663e-10,1.2406553577266648e-09,8.019878726073948e-05,0.007559119287126787
72844,8000,105,164,53.94705,6.51419,476544000.0,8.573321162942357e-05,0.015210862774357113,3.097814763866941e-05,0.01513423878743033,4.5645839288112195e-05,0.08193922772022517,0.07547543189444114,0.006463795825783957,0.1928040140057351,6.438408725098872e-06,2.2228984273557652e-05,0.00020552405457108797,1.0903832306609941e-10,8.817437511405181e-11,2.0863947952047623e-11,4.249854831435934e-10,4.1099049974813736e-10,1.3994983395456143e-11,0.0009532616070935315,0.6274227207863224,2.6298342911090286e-07,2.0378458470544323e-10,1.2402377822305662e-09,8.021518559707668e-05,0.007560196278928794
72845,8000,105,164,53.949,6.445,476544000.0,8.545555531456976e-05,0.015199056329204383,3.095516737571426e-05,0.015122465952853291,4.5635208975381554e-05,0.08164021195725832,0.0751792632011413,0.0064609487561169635,0.19266555793335882,6.416500629353789e-06,2.2208599252604514e-05,0.00020527170646756748,1.090056562374797e-10,8.811326129289338e-11,2.0892394944586367e-11,4.2164538991662606e-10,4.078091911879638e-10,1.3836198728662379e-11,0.0009525494207207878,0.627338699545988,2.5980205658821793e-07,2.033621721506131e-10,1.2411178685096782e-09,8.013678893270002e-05,0.007554867958926311
72846,8000,105,164,53.9533,6.43918,476544000.0,8.542835853565717e-05,0.015198614080440834,3.095324842147487e-05,0.015122026425048259,4.563440697110326e-05,0.08161004965655158,0.07514926890579003,0.00646078075076148,0.19265576623086925,6.414385767413512e-06,2.220713764206324e-05,0.00020525189249713372,1.0900534372153009e-10,8.81085569976747e-11,2.0896786723855456e-11,4.212961090307419e-10,4.0747679602571587e-10,1.3819313005026162e-11,0.0009525042021515941,0.6273299240868849,2.59462796695667e-07,2.0332362406866176e-10,1.241244535826021e-09,8.013093654941013e-05,0.0075545042915454025
72847,8000,105,164,53.9534,6.50847,476544000.0,8.567649620714736e-05,0.015201663958890062,3.09706244893765e-05,0.015125052035583194,4.5641298817493474e-05,0.0818806297895483,0.07541859018699155,0.006462039602556676,0.19273033414866725,6.433803048705666e-06,2.22199142411349e-05,0.00020542741936433522,1.0900774650485142e-10,8.815167289852457e-11,2.0856073606326905e-11,4.2450428693139533e-10,4.105299030110708e-10,1.3974383920324613e-11,0.0009529013527028666,0.6273950092181466,2.6258686386347775e-07,2.0365565022642403e-10,1.2399754799084535e-09,8.01807331991764e-05,0.007557775714813671
72848,8000,105,164,53.95385,6.45347,476544000.0,8.547862517826849e-05,0.015199217313598166,3.095676643217717e-05,0.015122624750379713,4.563579678628059e-05,0.08166479421689556,0.07520376251364447,0.0064610317032510215,0.19267065301005015,6.4183210390307064e-06,2.2209717588522603e-05,0.00020528737213960067,1.0900582382003737e-10,8.811729411621348e-11,2.088852970382393e-11,4.21946324964708e-10,4.080955834189397e-10,1.3850741545768413e-11,0.0009525844267553265,0.6273428867610054,2.600960822983842e-07,2.0339059286755092e-10,1.2409857760549696e-09,8.014097080071677e-05,0.007555166311579132
72849,8000,105,164,53.9606,6.43117,476544000.0,8.538975451993003e-05,0.015197960224871913,3.0950521093020486e-05,0.015121376446477713,4.5633257301185405e-05,0.0815671139647462,0.07510657894933989,0.006460535015406252,0.19264147605551185,6.411387088500221e-06,2.2205048170045492e-05,0.0002052236286777598,1.0900488823602172e-10,8.810188473048869e-11,2.0903003505533062e-11,4.208008956881624e-10,4.070055240929543e-10,1.3795371595208256e-11,0.000952439608811739,0.6273170708135789,2.5898200148743116e-07,2.032683860048114e-10,1.2414213264608587e-09,8.012253407304736e-05,0.007553986854636107
72850,8000,105,164,53.9606,6.46845,476544000.0,8.552386807024779e-05,0.015199609531625293,3.095991263893811e-05,0.015123012636385389,4.56369826009686e-05,0.0817133614752652,0.07525214582279989,0.006461215652465262,0.1926817921557444,6.4218816365452285e-06,2.2211954186177582e-05,0.00020531850234713575,1.0900618730640884e-10,8.812518785074893e-11,2.0880999455659954e-11,4.2253483327449423e-10,4.086556498168024e-10,1.3879183457691909e-11,0.0009526542750994763,0.6273522618475862,2.6067047213052146e-07,2.0344785776071135e-10,1.2407355310030751e-09,8.01494515013255e-05,0.0075557550377398025
72851,8000,105,164,53.96111,6.47988,476544000.0,8.55645101707153e-05,0.015200098131735932,3.096275717331303e-05,0.015123497267879224,4.563810668339706e-05,0.08175762817277438,0.0752962093762491,0.006461418796525216,0.1926938415785516,6.425063315399034e-06,2.2214040643217918e-05,0.00020534719333746397,1.0900657587573098e-10,8.813225190356505e-11,2.087432397216595e-11,4.2306053365338666e-10,4.0915594015923084e-10,1.390459349415595e-11,0.0009527191526969603,0.6273627557589809,2.6118247737701913e-07,2.035020213959228e-10,1.2405264157812856e-09,8.015756766780539e-05,0.007556290342009524
72852,8000,105,164,53.96724,6.4344,476544000.0,8.539370013144738e-05,0.015197850626992866,3.09507761936723e-05,0.015121266552192798,4.563329860639802e-05,0.081570675905109,0.07511016484440454,0.006460511060704386,0.19264029148324163,6.411715375954952e-06,2.220516164666092e-05,0.00020522557691207287,1.0900485445796208e-10,8.810260159094478e-11,2.0902252867017345e-11,4.2085534500549964e-10,4.070573456935089e-10,1.3797999311990898e-11,0.0009524434501411314,0.627315701627072,2.5903628790177986e-07,2.0327050745019998e-10,1.2413829532608684e-09,8.012274826096125e-05,0.0075540313944605884
72853,8000,105,164,53.96726,6.44553,476544000.0,8.543390450569634e-05,0.015198344895494782,3.095359155705767e-05,0.015121756888634532,4.563441530319452e-05,0.08161451703921238,0.0751538019821279,0.006460715057084422,0.19265237501317128,6.41486143659569e-06,2.2207231832754728e-05,0.00020525401716481027,1.0900524381936259e-10,8.810958739937882e-11,2.089565641998381e-11,4.2137514585497195e-10,4.075520213767444e-10,1.3823124478227646e-11,0.0009525078000249968,0.6273262487378584,2.5954245991076e-07,2.033243060804524e-10,1.2411773482206897e-09,8.013081695159683e-05,0.007554561450448128
72854,8000,105,164,53.96726,6.42415,476544000.0,8.532871687727015e-05,0.015188706772047705,3.0942695073496884e-05,0.015112135480843536,4.562859613067619e-05,0.08150379581126788,0.07504503936728946,0.0064587564439783415,0.19256647464830806,6.40644337641646e-06,2.2195754728585736e-05,0.00020512392796812734,1.089742691328184e-10,8.807843179394793e-11,2.0895837338870527e-11,4.2026385026435125e-10,4.0649177771895566e-10,1.3772072545395732e-11,0.0009520724129308622,0.62728820254882,2.585310633606722e-07,2.0313363786606268e-10,1.2411809552855674e-09,8.008720875865595e-05,0.007551509235225925
72855,8000,105,164,53.96727,6.457,476544000.0,8.547538119232103e-05,0.015198855440278217,3.09564961008415e-05,0.015122263376564183,4.563556761319707e-05,0.08165974854756249,0.0751988228618986,0.006460925685663812,0.19266485045438753,6.418106979426717e-06,2.220936789219679e-05,0.0002052833608242202,1.0900564579149204e-10,8.811679415597506e-11,2.088885163551702e-11,4.219113825894548e-10,4.080623384810948e-10,1.384904410836013e-11,0.0009525741962626218,0.6273371392740239,2.6006463179017425e-07,2.0337981990527934e-10,1.2409653096117573e-09,8.013914330360135e-05,0.007555108310670375
72856,8000,105,164,53.9673,6.47986,476544000.0,8.555812425776126e-05,0.015199874839193762,3.0962290581298314e-05,0.01512327468183418,4.5637866778286716e-05,0.08174998642425084,0.0752886402996362,0.006461346124614591,0.1926897515445996,6.424581497570414e-06,2.2213629689630888e-05,0.0002053419041434481,1.090064481064647e-10,8.813117094957762e-11,2.0875277156887108e-11,4.229811175456418e-10,4.0908036652264643e-10,1.390075102299554e-11,0.0009527066661275711,0.6273588787825782,2.6110630168009304e-07,2.0349058401149304e-10,1.240542410890557e-09,8.015575707004489e-05,0.007556199300740397
72857,8000,105,164,53.97393,6.43412,476544000.0,8.538634820682574e-05,0.01519760667134503,3.0950240777425796e-05,0.01512102340249295,4.563302807465931e-05,0.08156193960313525,0.07510150855986818,0.006460431043267013,0.19263577936926266,6.4111590518669775e-06,2.220469596693565e-05,0.0002052195575251745,1.0900471333231233e-10,8.810135452378633e-11,2.0903358808526032e-11,4.2076363036937036e-10,4.069700682227335e-10,1.3793562146637003e-11,0.0009524292799105388,0.6273114376067098,2.589482064259e-07,2.032576018881392e-10,1.241402877300039e-09,8.012071168744507e-05,0.007553927201578937
72858,8000,105,164,53.97393,6.4236,476544000.0,8.534817503406375e-05,0.015197136753258813,3.094756756830702e-05,0.015120557218163199,4.5631967527310443e-05,0.08152031049786414,0.07506007331740591,0.006460237180458165,0.1926242970121775,6.408172012927812e-06,2.2202730018321237e-05,0.00020519255081772112,1.0900434335944587e-10,8.809472177454614e-11,2.0909621584899792e-11,4.202701043456136e-10,4.0650039735789043e-10,1.376970698772327e-11,0.000952368171388827,0.6273014139130721,2.584676253010801e-07,2.032065088626107e-10,1.2415980233186366e-09,8.011304837359044e-05,0.0075534238956530405
72859,8000,105,164,53.97398,6.47375,476544000.0,8.550232570885145e-05,0.01519069192655081,3.0954832258076687e-05,0.015114103740518352,4.563335377438349e-05,0.08169240999586957,0.0752328141542666,0.006459595841602921,0.19261641668607915,6.420046995850458e-06,2.2204609495436634e-05,0.00020524594221286397,1.0897588253329272e-10,8.81086271313805e-11,2.0867255401912284e-11,4.225116748955984e-10,4.0863095510427664e-10,1.3880719791321916e-11,0.0009523479517163495,0.6273314781653601,2.6072114478044815e-07,2.0336296893316426e-10,1.2402759526212968e-09,8.012150560089699e-05,0.007553791043785376
72860,8000,105,164,53.97415,6.61702,476544000.0,8.605199404050642e-05,0.015205840302781508,3.099686022567417e-05,0.015129191904129253,4.5651538426582576e-05,0.08228803301374368,0.07582421051762428,0.0064638224961193315,0.19283659434141193,6.463240760932997e-06,2.223899961679093e-05,0.00020569069794170513,1.0901118269457361e-10,8.821700548618977e-11,2.079417720838389e-11,4.2936864819166156e-10,4.151591513854996e-10,1.4209496806162071e-11,0.0009534954783978941,0.6274868255270828,2.673272043172865e-07,2.0414932550631126e-10,1.2380045495196865e-09,8.025448498148575e-05,0.007562705478441419
72861,8000,105,164,53.98042,6.45696,476544000.0,8.546475100916792e-05,0.015198430058884955,3.095571220099055e-05,0.015121839201609484,4.563514507448284e-05,0.08164677641135996,0.0751859866284273,0.006460789782932599,0.19265723721793734,6.417311564295941e-06,2.2208653354012736e-05,0.00020527427009328574,1.0900540866005305e-10,8.811500538839882e-11,2.089040327165428e-11,4.2178035100252674e-10,4.079376481960666e-10,1.3842702806460249e-11,0.0009525525707724997,0.6273298692125552,2.599393931102945e-07,2.0335970854463882e-10,1.2409857576184868e-09,8.013593319160918e-05,0.007554954221167902
72862,8000,105,164,53.98044,6.47373,476544000.0,8.546997067250418e-05,0.015181808012164136,3.094901704319824e-05,0.015105229498536505,4.562949658443703e-05,0.08166044822875913,0.07520248071814194,0.006457967510617164,0.19255028955044962,6.417345656035451e-06,2.219680256305123e-05,0.00020516662153637237,1.0894554891127255e-10,8.809015466345898e-11,2.0855394247813647e-11,4.223450980894038e-10,4.084697698808341e-10,1.3875328208569805e-11,0.0009520269290416001,0.6273103916800071,2.6063082649823034e-07,2.032669397558513e-10,1.239890845612042e-09,8.0091998462784e-05,0.007551692377228794
72863,8000,105,164,53.98061,6.4231,476544000.0,8.536922863070882e-05,0.015205591923962898,3.095255253329955e-05,0.015129003985783505,4.563538564609515e-05,0.08153859105806395,0.075076863495191,0.006461727562872869,0.19268268247935968,6.410024806391166e-06,2.2209790622493547e-05,0.00020526233199082066,1.0903443557579308e-10,8.811128787157928e-11,2.0923147704213847e-11,4.202968646208147e-10,4.0652853185406947e-10,1.3768332766745356e-11,0.000952666570696708,0.6273151286035722,2.5842411117789655e-07,2.032816261352847e-10,1.242007573907941e-09,8.013922855073187e-05,0.007555359854163907
72864,8000,105,164,53.98061,6.4341,476544000.0,8.54092911663275e-05,0.015206085478295049,3.095535810227903e-05,0.01512949362134484,4.563649884793199e-05,0.08158228234591988,0.07512035121999049,0.006461931125929318,0.19269473881561808,6.4131596406951294e-06,2.221185408915063e-05,0.00020529067739675523,1.0903482403234635e-10,8.811824883079527e-11,2.0916575201551097e-11,4.208148092644278e-10,4.070214410262263e-10,1.3793368238201623e-11,0.0009527307096680528,0.6273256541613951,2.589284674136437e-07,2.0333525553400136e-10,1.2418028127183691e-09,8.014727253726316e-05,0.00755588808885064
72865,8000,105,164,53.98089,6.61702,476544000.0,8.604859033044513e-05,0.015205652486276304,3.099660230716633e-05,0.01512900450312809,4.5651380841052305e-05,0.08228363766931979,0.07581987304356874,0.006463764625750986,0.1928333828219292,6.462992452209007e-06,2.2238741548214733e-05,0.0002056875120069712,1.0901108326619792e-10,8.821644294691155e-11,2.0794640319286414e-11,4.2932781467177927e-10,4.151202954346144e-10,1.4207519237164997e-11,0.000953487746479595,0.6274837128456303,2.672886090918762e-07,2.0414185498470476e-10,1.2380051570638857e-09,8.025326855115354e-05,0.007562653698502341
72866,8000,105,164,53.98728,6.42264,476544000.0,8.536393465471848e-05,0.015205384900827894,3.095216278702539e-05,0.015128797560741909,4.5635177298958554e-05,0.08153215334705749,0.07507049212425816,0.006461661222799253,0.19267896328814468,6.409628082906202e-06,2.2209437508487538e-05,0.00020525783039233012,1.0903431967696783e-10,8.811039608680992e-11,2.0923923590157944e-11,4.2023150427938216e-10,4.0646633450758264e-10,1.3765169771799695e-11,0.0009526558763680737,0.6273115813501264,2.5836159995435093e-07,2.0327170673954253e-10,1.2420183122976087e-09,8.013764749144094e-05,0.007555283343629351
72867,8000,105,164,53.98762,6.61702,476544000.0,8.604612605987358e-05,0.01520548034452538,3.09964107271839e-05,0.015128832682667504,4.565125113069739e-05,0.08228028606678403,0.07581657339728212,0.006463712669501839,0.19283051550450245,6.462817146458684e-06,2.2238534193076526e-05,0.00020568501261669552,1.0901099481427485e-10,8.821604282600755e-11,2.0794951988267337e-11,4.2929903745834397e-10,4.1509291292650607e-10,1.4206124531838039e-11,0.0009534815827498024,0.6274809093481072,2.6726172106437294e-07,2.0413572396242606e-10,1.2380014350833545e-09,8.025225573149311e-05,0.00756261449932315
72868,8000,105,164,53.98763,6.59415,476544000.0,8.596251363083781e-05,0.015204440880308614,3.0990554111254385e-05,0.015127801402428923,4.564892376844202e-05,0.08218905626180986,0.0757257710505999,0.006463285211209896,0.19280521253067998,6.4562757578831246e-06,2.2234222311157694e-05,0.00020562580432534677,1.0901017981009689e-10,8.820151682936045e-11,2.0808662980736483e-11,4.282182663658417e-10,4.140643824391815e-10,1.4153883926660305e-11,0.0009533475746778404,0.6274587991722514,2.662093794110544e-07,2.040236092128153e-10,1.2384277005334865e-09,8.02354332287269e-05,0.007561511603924201
72869,8000,105,164,53.99105,6.4737,476544000.0,8.546531544715437e-05,0.015181528498992519,3.094866125532374e-05,0.015104950566458657,4.5629271278540857e-05,0.08165433071426438,0.07519644864894243,0.006457882065321899,0.1925455577732346,6.4170088436433034e-06,2.219643676277931e-05,0.00020516214347619368,1.0894540261615341e-10,8.808938976223766e-11,2.0856012853915786e-11,4.2228974250591055e-10,4.0841709581130894e-10,1.387264669460177e-11,0.0009520159999396274,0.6273057902385422,2.6057870039766065e-07,2.032562701691415e-10,1.239889071255486e-09,8.009025204889167e-05,0.007551620487332069
72870,8000,105,164,53.99105,6.44147,476544000.0,8.54034074898889e-05,0.015197450526628433,3.095138632645078e-05,0.015120865796417835,4.5633343884149775e-05,0.08157882824435653,0.07511841240418435,0.006460415840172129,0.19263542116367302,6.412539179451445e-06,2.220536682689074e-05,0.00020522967466691388,1.0900471195310029e-10,8.810439108847954e-11,2.0900320864620785e-11,4.209921419495322e-10,4.071875440457851e-10,1.3804597903747253e-11,0.0009524508596424647,0.6273103491867345,2.591736532712558e-07,2.0327312081603733e-10,1.2412735303747676e-09,8.012279857603629e-05,0.007554134804066503
72871,8000,105,164,53.99105,6.45235,476544000.0,8.5415225121058e-05,0.015189253089519928,3.094868358745682e-05,0.015112673630375138,4.563077555733778e-05,0.08159570667121686,0.0751366551394694,0.0064590515317473705,0.19258472055286827,6.413276703528642e-06,2.2199915774654814e-05,0.000205182365972597,1.0897487142811738e-10,8.809356557304684e-11,2.0881305855070584e-11,4.213935543868557e-10,4.075668898913518e-10,1.3826664495504037e-11,0.0009522027825450713,0.6273030318479887,2.59635284644964e-07,2.0323906536381328e-10,1.2406790301944082e-09,8.010268055416909e-05,0.007552625296356683
72872,3600,88,120,54.96672,7.7999,214444800.0,0.00010509594447950777,0.015399451701335514,3.180595994789384e-05,0.015321789084544813,4.585665684281485e-05,0.10329005486676147,0.09673651427739234,0.0065535405893691135,0.1982088047386122,7.938769690788761e-06,2.323706624054943e-05,0.00021869717107285882,1.019139478453185e-10,8.442913236091838e-11,1.748481548440023e-11,6.79954699849362e-10,6.53270397997098e-10,2.6684301852264073e-11,0.0009667192140094976,0.6320137535523349,5.122071384906388e-07,2.3106499044044762e-10,1.124081434137289e-09,8.409320542962769e-05,0.007869727963002575
72873,3600,88,120,54.96676,7.78446,214444800.0,0.00010551964938608579,0.01544308517035387,3.185150099398887e-05,0.01536535178904395,4.588188031593813e-05,0.10374064887788903,0.09717825402996473,0.00656239484792428,0.1985974484004645,7.972591146649922e-06,2.3286578243681975e-05,0.00021925148566805688,1.0205179719729842e-10,8.455972761065891e-11,1.749206958663962e-11,6.842985235166273e-10,6.574160620470579e-10,2.6882461469569383e-11,0.0009686050710282363,0.6321916714850703,5.161118886632946e-07,2.3188048402072002e-10,1.124443101184435e-09,8.428311071336158e-05,0.007882779150570519
72874,3600,88,120,54.97202,7.77891,214444800.0,0.00010573711410601669,0.015464882446957305,3.1874652664853376e-05,0.015387113184560305,4.589460973215067e-05,0.10397165148807343,0.09740482563672609,0.006566825851347323,0.19879213083038125,7.989951974109044e-06,2.331157305148413e-05,0.00021953214148540505,1.0212073594975886e-10,8.46260179093178e-11,1.749471804044119e-11,6.865449188323042e-10,6.59559779633593e-10,2.6985139198710885e-11,0.000969555598294536,0.6322807576485999,5.181375018946774e-07,2.3229397378462304e-10,1.124585053880977e-09,8.437886650700073e-05,0.007889374552281643
72875,3600,88,120,54.97283,7.78936,214444800.0,0.00010548044990310063,0.015442295441353022,3.184871473307477e-05,0.015364566068035839,4.588065858411391e-05,0.103696461700655,0.09713435136466873,0.006562110335986231,0.1985810518874785,7.969561756383472e-06,2.3284385185181876e-05,0.00021922211530249545,1.0205127741126684e-10,8.455297731089736e-11,1.749830010036957e-11,6.837984056951316e-10,6.569401260757031e-10,2.6858279619428276e-11,0.0009685375131125252,0.6321767071218788,5.156273458967086e-07,2.3182188118292282e-10,1.1246081426485691e-09,8.42741190409077e-05,0.007882247781711562
72876,3600,88,120,54.97377,7.79992,214444800.0,0.0001052232202669806,0.015419696309419504,3.1822736512337536e-05,0.01534200688341137,4.5866689495801414e-05,0.10342063109276255,0.0968632405804779,0.0065573905122846225,0.19836972541507622,7.949127932004947e-06,2.3257165268213924e-05,0.0002189116615489038,1.0198181104050723e-10,8.447983948812919e-11,1.7501971552378144e-11,6.810446945788191e-10,6.543136225971276e-10,2.6731071981691242e-11,0.0009675184419421392,0.6320724295664609,5.131102220417481e-07,2.3134892858432644e-10,1.1246335274850728e-09,8.416923918936745e-05,0.007875113311643879
72877,3600,88,120,54.97715,7.77326,214444800.0,0.0001058941121483424,0.015467403533640407,3.188572588278554e-05,0.015389618582083719,4.589922567390558e-05,0.10414561922968488,0.09757783240289891,0.0065677868267859625,0.1988481772857937,8.002164313229192e-06,2.3319992368569953e-05,0.0002196463511093822,1.0212252549018957e-10,8.465318056082194e-11,1.7469344929367738e-11,6.885618950228446e-10,6.61479247458939e-10,2.7082647563905236e-11,0.0009698161315224579,0.6323309308462459,5.200968669640446e-07,2.3251586253199505e-10,1.123850177509732e-09,8.441253394555263e-05,0.007891472376610366
72878,3600,88,120,54.97821,7.78398,214444800.0,0.0001056972735062822,0.015464078628654829,3.187182067671941e-05,0.015386313440466164,4.589336751194945e-05,0.10392673612427081,0.09736019976440219,0.006566536359868606,0.19877544856053028,7.98687318241044e-06,2.33093434595266e-05,0.00021950228450680914,1.0212020712836021e-10,8.461915743891696e-11,1.7501049689443356e-11,6.860366469655104e-10,6.590760839150636e-10,2.6960563050446652e-11,0.0009694869170975656,0.632265530700666,5.176450685318308e-07,2.3223438904992157e-10,1.1247526596320162e-09,8.436972348750819e-05,0.007888834437265926
72879,3600,88,120,54.97916,7.79508,214444800.0,0.00010543035703519859,0.015441315997986428,3.1845158169137954e-05,0.015363591729631155,4.587911018613893e-05,0.10364013442138743,0.0970783793880365,0.006561755033350929,0.1985605448571692,7.965686834337916e-06,2.3281599559679817e-05,0.00021918474161437178,1.0205062672392452e-10,8.454434524318432e-11,1.7506281480740293e-11,6.831586604378247e-10,6.563313131852317e-10,2.682734725259265e-11,0.0009684516465896116,0.6321580365958975,5.150072829316162e-07,2.3174758709227175e-10,1.1248224720520844e-09,8.426273730803356e-05,0.00788157015476331
72880,3600,88,120,54.9825,7.76787,214444800.0,0.00010604906869910329,0.015469885662510185,3.1896654284532506e-05,0.015392085229299614,4.590377892604238e-05,0.10431729589164797,0.0977485623028665,0.006568733588781453,0.19890340236633608,8.014218614801822e-06,2.332829870365987e-05,0.00021975904271105527,1.0212428894887656e-10,8.467999123021128e-11,1.7444297718665398e-11,6.905527781123053e-10,6.633738837870366e-10,2.7178894325268576e-11,0.0009700731803330899,0.6323803577192847,5.220309339457108e-07,2.32734742635902e-10,1.1231241462626804e-09,8.444574103366409e-05,0.00789354263018326
72881,3600,88,120,54.98362,7.7787,214444800.0,0.00010578923312873522,0.015447237029549343,3.1870491238617585e-05,0.015369476808396884,4.5889729913842916e-05,0.10403854182218136,0.0974745461369246,0.006563995685256743,0.19869103084004605,7.993583029615622e-06,2.3300934696189294e-05,0.0002194466524398624,1.0205478938899035e-10,8.460640406227952e-11,1.7448385326710935e-11,6.877657545754057e-10,6.607156785404057e-10,2.705007603499958e-11,0.0009690496649231853,0.6322751309593456,5.194815107988695e-07,2.3225795410333347e-10,1.123160848016776e-09,8.43402743847275e-05,0.007886372977235594
72882,3600,88,120,54.98479,7.78931,214444800.0,0.00010553456989723144,0.015424674194754993,3.184469336995073e-05,0.015346953667226508,4.587583415854097e-05,0.1037655319985371,0.09720624179504396,0.006559290203493094,0.19848054686347527,7.973349444306985e-06,2.3273849619712165e-05,0.000219138039441491,1.0198535003370864e-10,8.453371123235786e-11,1.7451638801350884e-11,6.85045121246164e-10,6.581206538717141e-10,2.692446737444973e-11,0.0009680347757228816,0.6321715988396034,5.169965594882088e-07,2.31788530490796e-10,1.1231736544600138e-09,8.423592693013684e-05,0.007879272567257293
72883,3600,88,120,54.9856,7.79992,214444800.0,0.00010533884544398599,0.015421373018518342,3.183086753118241e-05,0.01534367213971098,4.5870011276183505e-05,0.10354791085422493,0.09698986267428121,0.006558048179943704,0.19840830340385465,7.958144261147001e-06,2.326326377235361e-05,0.0002189948144827474,1.0198304702970581e-10,8.449987972438286e-11,1.7483167305323056e-11,6.825340604544181e-10,6.557309915722932e-10,2.680306888212491e-11,0.0009677075015915732,0.6321066435271645,5.14558496099855e-07,2.3150874831588473e-10,1.1240715930359632e-09,8.419337673085593e-05,0.007876649791945333
72884,3600,88,120,54.98789,7.76207,214444800.0,0.00010615114543550342,0.01545321519299099,3.1896039577964117e-05,0.015375418710885274,4.590044252775718e-05,0.10444035285088861,0.09787409559954455,0.006566257251344036,0.19882272629713904,8.021714366485527e-06,2.332043740695805e-05,0.0002197108166390199,1.0205899047618577e-10,8.466898652752764e-11,1.7390003948658253e-11,6.924116733081923e-10,6.651369913395206e-10,2.727468196867151e-11,0.0009696528528183335,0.6323933230053804,5.239933868803403e-07,2.327727795816132e-10,1.1214859760356768e-09,8.441849316573357e-05,0.007891216766147105
72885,3600,88,120,54.98875,7.77299,214444800.0,0.00010588763461374418,0.01543050980152983,3.1869617615993486e-05,0.015352753897479685,4.588628643415979e-05,0.10415753685847687,0.09759603937834568,0.006561497480131163,0.198609076617628,8.000792616966113e-06,2.3292877588637285e-05,0.00021939576481608538,1.019894500525599e-10,8.459476304757684e-11,1.7394687004983154e-11,6.895773841914594e-10,6.624338054527587e-10,2.7143578738700667e-11,0.0009686232737928564,0.6322869560658444,5.213980300206277e-07,2.3229084186136072e-10,1.121540140876566e-09,8.431224663121856e-05,0.007883998110966664
72886,3600,88,120,54.99024,7.78352,214444800.0,0.00010570048033387915,0.01542733629291788,3.18563949052172e-05,0.01534959918678558,4.5880711227088455e-05,0.10394936560534737,0.0973890604595136,0.006560305145833756,0.1985397433874656,7.986255308047154e-06,2.3282745687010825e-05,0.00021925872124729586,1.0198724020375781e-10,8.45624162574219e-11,1.7424823946336014e-11,6.871766419779776e-10,6.601491287715009e-10,2.702751320647649e-11,0.000968310065855524,0.6322245882450551,5.190672142911997e-07,2.3202297328080587e-10,1.1223968187699333e-09,8.427149789777918e-05,0.007881489380382958
72887,3600,88,120,54.99109,7.79419,214444800.0,0.00010544251261493413,0.015404724444309239,3.183036451091712e-05,0.015327027359733495,4.586672006482956e-05,0.1036727130869583,0.09711713252303042,0.0065555805639278784,0.19832814046712258,7.965764177560004e-06,2.325548569855361e-05,0.0002189477259601998,1.019177650263456e-10,8.448915090800761e-11,1.74286141183381e-11,6.844134673974869e-10,6.575136193517552e-10,2.689984804573147e-11,0.000967289756333565,0.6321200616682061,5.165409042373498e-07,2.3154896026482757e-10,1.1224255589358176e-09,8.416645660955164e-05,0.00787434500707999
72888,3600,88,120,54.9932,7.75651,214444800.0,0.0001063108264555201,0.015455777709502766,3.190730180711787e-05,0.015377965271057404,4.590513663825069e-05,0.10461728582371932,0.09805005163452937,0.006567234189189915,0.19887970575141692,8.034135609571844e-06,2.332899966573201e-05,0.00021982696920345667,1.0206080984556186e-10,8.46966136953559e-11,1.736419615020606e-11,6.944631540392209e-10,6.670892956672383e-10,2.737385837198246e-11,0.0009699178124871745,0.6324443284785128,5.259862842451733e-07,2.3299842720682036e-10,1.1207383508765295e-09,8.445272991347536e-05,0.00789335036247909
72889,3600,88,120,54.99406,7.76745,214444800.0,0.00010604752581649256,0.015433075010582754,3.188089457802124e-05,0.015355303129575257,4.589098642947922e-05,0.10433469953508134,0.09777222402044143,0.006562475514639908,0.19866612087073499,8.013230293792067e-06,2.3301450731641287e-05,0.00021951206664092552,1.0199127150689949e-10,8.462242671473295e-11,1.7368844792166638e-11,6.916315800070908e-10,6.643886936255197e-10,2.724288638157104e-11,0.0009688885715726157,0.6323380183288593,5.233935704137817e-07,2.3251677290703563e-10,1.1207914533389742e-09,8.434652595762525e-05,0.007886134483491982
72890,3600,88,120,54.99564,7.77798,214444800.0,0.00010586202104552731,0.01542992632301214,3.186778798517315e-05,0.015352173076026852,4.5885459000122536e-05,0.10412834827604273,0.09756705546278202,0.006561292813260652,0.198597351504339,7.998821500486604e-06,2.3291406342458228e-05,0.0002193762141358005,1.0198907970102005e-10,8.459036564032513e-11,1.7398714060695037e-11,6.892520655018249e-10,6.621242184677075e-10,2.7127847034117257e-11,0.0009685780748602388,0.6322761523074291,5.210833894820146e-07,2.3225120231540426e-10,1.1216402183780552e-09,8.430612486273594e-05,0.007883647714965475
72891,3600,88,120,54.99637,7.78861,214444800.0,0.00010560416822482823,0.015407318263992746,3.184176595544341e-05,0.015329605025981432,4.5871472055874806e-05,0.10385183218352843,0.09729526270804031,0.006556569475488085,0.19838581875550917,7.978339067257028e-06,2.3264153618730403e-05,0.00021906531279885792,1.0191960671867958e-10,8.451711978503422e-11,1.7402486933645485e-11,6.864903247677615e-10,6.5949007352535e-10,2.700025124241148e-11,0.0009675579864348813,0.6321716920198788,5.185584566654781e-07,2.3177739053169705e-10,1.1216686445144584e-09,8.420111531859765e-05,0.007876504968933055
72892,3600,88,120,54.99722,7.79963,214444800.0,0.0001053405071512712,0.01538461023799782,3.181533336634156e-05,0.015306937593182586,4.5857311448896626e-05,0.10356884865997795,0.0970170399370695,0.006551808722908414,0.1981721121127846,7.957405657570403e-06,2.3236585617062868e-05,0.0002187501504916083,1.0185006448142819e-10,8.444287035349687e-11,1.740719412793143e-11,6.836541101655076e-10,6.567850552442847e-10,2.686905492122267e-11,0.0009665281546011401,0.6320652736905547,5.159612311034737e-07,2.3129523602707355e-10,1.1217234871306819e-09,8.40948357530338e-05,0.0078692842955809
72893,3600,88,120,54.99838,7.75073,214444800.0,0.00010647426756839496,0.015458406381624861,3.1918830013428276e-05,0.015380577607816621,4.5909943794817964e-05,0.10479841236677613,0.09823017661799653,0.006568235748779588,0.1989381141093659,8.046848623686507e-06,2.3337766843044587e-05,0.00021994588787154986,1.0206267470417419e-10,8.47248902641767e-11,1.733778443999759e-11,6.965628156733934e-10,6.690874514957631e-10,2.7475364177630087e-11,0.0009701891022839984,0.6324966234270908,5.280259398205079e-07,2.3322950442898854e-10,1.1199737901732984e-09,8.448779409690068e-05,0.007895534474792819
72894,3600,88,120,54.99933,7.76172,214444800.0,0.00010627362078984817,0.015455016666004491,3.190465572538183e-05,0.015377208038190758,4.590397208835406e-05,0.10457529236826435,0.09800833141355282,0.006566960954711505,0.19886397106116757,8.031261723163868e-06,2.3326911639651494e-05,0.00021979903149846203,1.0206031126916891e-10,8.469020901037836e-11,1.7370102258790668e-11,6.939887234849594e-10,6.666378052301594e-10,2.735091825479966e-11,0.0009698535111209528,0.6324299506369895,5.25526721855709e-07,2.3294257572718194e-10,1.1208936762936451e-09,8.44441536333371e-05,0.007892845477623523
72895,3600,88,120,55.00073,7.77256,214444800.0,0.00010595680259817298,0.015413138719147396,3.186665874415615e-05,0.01533539015228377,4.58819081194767e-05,0.10424332158281102,0.09768454975694739,0.006558771825863599,0.19851407132439178,8.00574978333546e-06,2.328315383468909e-05,0.00021932268118283438,1.0192369807984945e-10,8.457809877594545e-11,1.734559930390409e-11,6.910172381670266e-10,6.637981343957892e-10,2.721910377123721e-11,0.0009681456414135801,0.6322867863964143,5.229547967944585e-07,2.322789290645418e-10,1.1200361968571775e-09,8.427731262429454e-05,0.007881224372498725
72896,3600,88,120,55.00184,7.78339,214444800.0,0.00010575078170265818,0.015409662645805507,3.185210540663366e-05,0.015331934762017529,4.587577838135103e-05,0.10401424630671718,0.0974567821861786,0.006557464120538576,0.19843800888399843,7.989744856071637e-06,2.327201040021785e-05,0.0002191719150420452,1.0192127336083234e-10,8.454248774360569e-11,1.737878561722676e-11,6.883741052316318e-10,6.612827850793191e-10,2.7091320152312727e-11,0.0009678011311406706,0.6322183952457164,5.203885105823261e-07,2.3198440381306638e-10,1.120981231267284e-09,8.423251949018729e-05,0.007878463562988266
72897,3600,88,120,55.00275,7.79438,214444800.0,0.00010547515034383854,0.015386760452847502,3.182482828113398e-05,0.015309074359574583,4.5861264991786605e-05,0.1037179895256069,0.09716535996862008,0.006552629556986805,0.19821999979617974,7.967880559570062e-06,2.3243799364754295e-05,0.00021884803446363483,1.0185159379380442e-10,8.446616768623167e-11,1.7385426107572836e-11,6.853841489966172e-10,6.584314576771728e-10,2.6952691319444267e-11,0.0009667514045333725,0.6321081218600285,5.176419504027275e-07,2.3148529254687331e-10,1.121091880298179e-09,8.412366584286974e-05,0.007871082849313706
72898,3600,88,120,55.00369,7.74517,214444800.0,0.00010663565077597557,0.015460997782193783,3.193021250727711e-05,0.015383152881065185,4.591468862132378e-05,0.10497723877552878,0.09840801523875095,0.00656922353677782,0.19899572446641958,8.059402082549619e-06,2.3346421264237682e-05,0.00022006328697162108,1.0206451418176455e-10,8.475281162532336e-11,1.7311702556441315e-11,6.986361309543212e-10,6.710605347665121e-10,2.7575596187808913e-11,0.0009704569109348656,0.6325481964563016,5.300400355930771e-07,2.334575887595397e-10,1.1192183758184688e-09,8.452240153410717e-05,0.007897690889267051
72899,3600,88,120,55.00461,7.75597,214444800.0,0.00010630859076812645,0.01541896170100213,3.1891494009784946e-05,0.015341177880728543,4.5892326263803857e-05,0.1046339487984763,0.09807297531960413,0.006560973478872159,0.19864226341928792,8.033092684849752e-06,2.3302117813100667e-05,0.00021957951989850697,1.0192778713323434e-10,8.463892817455754e-11,1.7288858958676916e-11,6.955329299842176e-10,6.680955157524749e-10,2.7437414231742476e-11,0.0009687321443007149,0.6324018554035861,5.273401061347216e-07,2.327795935538282e-10,1.1184095647004718e-09,8.43533873453325e-05,0.007885933231342608
72900,3600,88,120,55.00608,7.76677,214444800.0,0.0001061016947601762,0.015415465441105539,3.18768781274392e-05,0.015337702394831116,4.588616814699074e-05,0.1044038750883235,0.09784421637735455,0.006559658710968925,0.19856579660915152,8.017020443547352e-06,2.3290923969436344e-05,0.00021942808444928226,1.019253496463075e-10,8.460316695027649e-11,1.732218269603112e-11,6.928786876853588e-10,6.655695943039293e-10,2.7309093381429466e-11,0.0009683860858279759,0.6323330913083243,5.247630772565945e-07,2.3248370895592864e-10,1.119357989418355e-09,8.430838413636213e-05,0.007883160438317677
72901,3600,88,120,55.00705,7.77734,214444800.0,0.00010583497452532731,0.015392710415728731,3.185023005771103e-05,0.015314988267156498,4.587191851452563e-05,0.10411751169609014,0.09756263187163829,0.006554879824451843,0.1983510297395333,7.995848809633715e-06,2.3263193119841977e-05,0.0002191107080556096,1.0185577350675131e-10,8.452838782464976e-11,1.7327385682101663e-11,6.900031254154048e-10,6.62827130516169e-10,2.7175994899235612e-11,0.0009673512106621209,0.6322257276492567,5.221276108131895e-07,2.319972733183054e-10,1.1194273958938555e-09,8.420145631266253e-05,0.007875898988649467
72902,3600,88,120,55.00804,7.78844,214444800.0,0.00010568226817401832,0.01540839762002543,3.1847250986210224e-05,0.015330676676233472,4.587369280575308e-05,0.103937555165222,0.09738055625706958,0.0065569989081523915,0.19841107909060737,7.984435791408792e-06,2.3268242728343957e-05,0.00021912119555245963,1.0192041735832557e-10,8.453066664644053e-11,1.7389750711885166e-11,6.874974850209504e-10,6.604485484091479e-10,2.7048936611802436e-11,0.0009676848560032184,0.6321939932554739,5.195382562932942e-07,2.3188427951563446e-10,1.121282960019034e-09,8.421722487270795e-05,0.007877540280605881
72903,3600,88,120,55.00889,7.7996,214444800.0,0.00010540362925686578,0.015385445725174071,3.1819761546293835e-05,0.015307766873245006,4.58590903827732e-05,0.10363795915579717,0.09708581361141758,0.006552145544379558,0.19819197525558585,7.962337721034043e-06,2.3239869609119576e-05,0.00021879511960200252,1.0185070286935473e-10,8.44538265215852e-11,1.7396876347769634e-11,6.844689208239416e-10,6.575604795391464e-10,2.690844128479491e-11,0.00096663011644463,0.6320827373336706,5.167542022362558e-07,2.313808895099058e-10,1.1214075249861325e-09,8.410772113154125e-05,0.007870119313095466
72904,3600,88,120,55.00904,7.73953,214444800.0,0.0001066440529872363,0.015442817389653776,3.1922990086483756e-05,0.015364985803951871,4.5908595615429415e-05,0.10499646940717851,0.09843029716656,0.006566172240618485,0.19888152237992332,8.059611917412281e-06,2.333353326592632e-05,0.0002199468861971836,1.0199814537010938e-10,8.472560116815134e-11,1.7272544201958134e-11,6.992916998826188e-10,6.716784896089791e-10,2.7613210273639554e-11,0.0009698810445062463,0.6325311388481935,5.30833578813502e-07,2.33363119793448e-10,1.1180180224106408e-09,8.447504484619339e-05,0.007894113067206521
72905,3600,88,120,55.01014,7.75045,214444800.0,0.00010650818857075107,0.015440470619825503,3.191338531604005e-05,0.015362652704765525,4.590452974394496e-05,0.10484514649186537,0.0982798517750234,0.006565294716841956,0.19883054583854917,8.049063885209547e-06,2.3326153651420905e-05,0.000219847170540748,1.0199652156986583e-10,8.470212755680632e-11,1.7294394013059598e-11,6.975498179766897e-10,6.700208213184037e-10,2.7528996658285783e-11,0.000969652999309722,0.6324852096432417,5.291427791550928e-07,2.331678026609939e-10,1.118634982048268e-09,8.444530637284736e-05,0.007892289824861419
72906,3600,88,120,55.01147,7.76135,214444800.0,0.0001062992040134202,0.015436941170820697,3.18986221731491e-05,0.015359144238275698,4.5898310371854106e-05,0.10461276011859609,0.098048792856477,0.006563967262119062,0.1987533386730136,8.032829139693217e-06,2.3314848003311588e-05,0.00021969421761809074,1.0199406043553207e-10,8.466600491796123e-11,1.732805551757097e-11,6.948687362011387e-10,6.674693579071872e-10,2.739937829395139e-11,0.0009693034804166484,0.6324157833993703,5.265396746099554e-07,2.3286897324201525e-10,1.1195932230091614e-09,8.439985656005021e-05,0.007889489140929044
72907,3600,88,120,55.0125,7.77224,214444800.0,0.00010596486702420123,0.015394785250102034,3.185939002319065e-05,0.015317050127306326,4.587573277252396e-05,0.10426139261844908,0.09770572078648634,0.006555671831962687,0.1983972350725601,8.005954059450778e-06,2.327015261684763e-05,0.00021920514092592955,1.0185724908116683e-10,8.455086304779591e-11,1.7306386033371042e-11,6.91672111703783e-10,6.644154318964456e-10,2.7256679807337426e-11,0.0009675665911548071,0.6322670713846155,5.237490141227028e-07,2.3218063368817073e-10,1.1188181304335918e-09,8.422927095235808e-05,0.007877634105998307
72908,3600,88,120,55.0137,7.78317,214444800.0,0.00010575511608323736,0.015391245914206902,3.184457315094769e-05,0.015313531849143077,4.586949191288467e-05,0.10402816835859126,0.09747382799931685,0.0065543403592743885,0.19831979059604526,7.989659400577007e-06,2.3258807242636326e-05,0.00021905164339044354,1.0185478031300087e-10,8.451460733611629e-11,1.734017297688469e-11,6.889811314914651e-10,6.618545485128952e-10,2.7126582978569604e-11,0.0009672158383349964,0.6321974370177738,5.211362743914179e-07,2.3188076945943793e-10,1.1197802371583137e-09,8.418366563346996e-05,0.007874823296035765
72909,3600,88,120,55.01566,7.73794,214444800.0,0.00010641162664873659,0.015438985746483405,3.1906583525188e-05,0.01536117744387027,4.590171908795214e-05,0.10473845519099002,0.09817373324315358,0.006564721947836421,0.19879705977707007,8.041544543016784e-06,2.3321012620122543e-05,0.0002197772760942835,1.0199545083651292e-10,8.468540811639779e-11,1.7310042720115244e-11,6.963078445790669e-10,6.688388879409988e-10,2.7468956638068e-11,0.0009694937863078834,0.6324553500034378,5.279357512815246e-07,2.330326425238225e-10,1.1190945330091354e-09,8.442483929524244e-05,0.007891002663510668
72910,3600,88,120,55.01571,7.79992,214444800.0,0.00010543518814743757,0.015385844510326761,3.1821972946808487e-05,0.015308162565767051,4.5859971612907564e-05,0.10367242336722271,0.09712011468871222,0.006552308678510483,0.19820162233538438,7.964805922933045e-06,2.3241500754223535e-05,0.00021881750170160423,1.018510134221762e-10,8.445930797560931e-11,1.739170544656699e-11,6.848767097110331e-10,6.579485572020354e-10,2.6928152508997435e-11,0.0009666807976754366,0.6320911806951538,5.171512127448326e-07,2.3142333517661323e-10,1.1212473762157378e-09,8.411409421594974e-05,0.007870535897760458
72911,3600,88,120,55.01652,7.74865,214444800.0,0.00010632939580079152,0.015419205843554502,3.1892949349678696e-05,0.015341419995094824,4.5892899110004934e-05,0.10465658130088198,0.0980955054929866,0.006561075807895377,0.19864834202376333,8.03472215141851e-06,2.3303182497974927e-05,0.00021959417519959708,1.0192798332411822e-10,8.46425455048859e-11,1.7285437819232443e-11,6.958021703211249e-10,6.683517423565219e-10,2.745042796460294e-11,0.0009687652621811464,0.6324071364499475,5.27602380215712e-07,2.3280720099858542e-10,1.1183018291248008e-09,8.435752024494168e-05,0.007886206975398666
72912,3600,88,120,55.01786,7.75964,214444800.0,0.00010635691198514368,0.015437795321297541,3.190268264670935e-05,0.015359992662916756,4.5899975734081526e-05,0.10467636593337573,0.09811206561710764,0.006564300316268078,0.19877285233292324,8.037327007031126e-06,2.33179015587532e-05,0.00021973581114479533,1.0199468519491075e-10,8.467600347844354e-11,1.7318681716467314e-11,6.95611695247099e-10,6.68176401380505e-10,2.743529386659384e-11,0.0009693981100813074,0.6324331226984768,5.2726199630241e-07,2.329490843474133e-10,1.1193147566701624e-09,8.441196674746957e-05,0.007890256809888519
72913,3600,88,120,55.01894,7.77066,214444800.0,0.00010603207184078026,0.015395789922179283,3.186412005267849e-05,0.015318048125627504,4.587767649910617e-05,0.10433551250676994,0.09777945004161179,0.006556062465158142,0.19842010931665163,8.011190898368607e-06,2.3273714335659647e-05,0.0002192536324644182,1.0185798118891866e-10,8.4562505074464e-11,1.7295476114454755e-11,6.925371210937968e-10,6.652386253843858e-10,2.7298495709410817e-11,0.0009676769495565563,0.6322874155697238,5.245899159564341e-07,2.3227412734922423e-10,1.1184949834618716e-09,8.424341045793381e-05,0.007878528579155874
72914,3600,88,120,55.02,7.78135,214444800.0,0.00010582699263576868,0.0153923308283344,3.184963338251839e-05,0.015314609619701639,4.5871575250250356e-05,0.10410748940911453,0.09755272836854148,0.006554761040573029,0.19834441090171911,7.995258992419639e-06,2.3262622454985323e-05,0.00021910356126851426,1.0185556804963944e-10,8.45270565989596e-11,1.7328511450679925e-11,6.899060458090415e-10,6.627347507563664e-10,2.71712950526748e-11,0.0009673340310575865,0.6322193536136083,5.220353280355415e-07,2.319809701198631e-10,1.1194358238059374e-09,8.419882605225788e-05,0.007875780440495445
72915,3600,88,120,55.0216,7.79104,214444800.0,0.0001056451284090532,0.0153892508279353,3.183678493170178e-05,0.01531154788372899,4.586615927461398e-05,0.10390522010009583,0.09735161663284538,0.006553603467250437,0.19827709449878567,7.981132120831855e-06,2.3252779098426466e-05,0.0002189704116302113,1.018534223971158e-10,8.449562336142985e-11,1.735779903568607e-11,6.875730795934155e-10,6.60514573294988e-10,2.7058506298427225e-11,0.0009670297357361199,0.6321588065521996,5.197702834995331e-07,2.317207490830412e-10,1.1202687251558945e-09,8.415924302000878e-05,0.007873342801100835
72916,3600,88,120,55.02252,7.7377,214444800.0,0.00010617195955595703,0.015435017090731773,3.18896634863071e-05,0.015357232806530053,4.5894620715417885e-05,0.10447232042933484,0.09790909886303746,0.0065632215662973295,0.1987097013592652,8.02291649797801e-06,2.3308091909868965e-05,0.00021960228807493785,1.0199266432576291e-10,8.464396642579058e-11,1.7348697899972443e-11,6.932314170907905e-10,6.659111899310205e-10,2.7320227159769726e-11,0.0009690941877870764,0.6323769317805354,5.249481626760268e-07,2.3269151743812522e-10,1.1202025492836766e-09,8.437300522379118e-05,0.007887794526975049
72917,3600,88,120,55.02306,7.74849,214444800.0,0.00010616314069566846,0.015434729833730796,3.188902195863748e-05,0.015356946513246287,4.5894298525879e-05,0.10446186614425922,0.09789873906627404,0.006563127077985149,0.1987043695305988,8.022248505863677e-06,2.330753636197007e-05,0.0002195950962906741,1.0199249748872818e-10,8.464246946676759e-11,1.7350028021960692e-11,6.931212857156806e-10,6.658063865790225e-10,2.7314899136658055e-11,0.0009690772742671537,0.6323718986980421,5.248423494535325e-07,2.3267614419551607e-10,1.1202270673971758e-09,8.437058193075389e-05,0.007887669798684178
72918,3600,88,120,55.02383,7.79992,214444800.0,0.00010548347189219088,0.015386497497632509,3.182536204078925e-05,0.015308810797221838,4.5861338369885815e-05,0.10372535290324884,0.09717278271473533,0.006552570188513521,0.19821702459205973,7.968576869140829e-06,2.3244020651310397e-05,0.0002188519738553971,1.0185150807143459e-10,8.446768588391134e-11,1.7383822187523356e-11,6.854996774654376e-10,6.585414115402528e-10,2.6958265925184726e-11,0.0009667590084659715,0.6321047504866063,5.177573715983371e-07,2.3148913145232458e-10,1.1210072883589131e-09,8.412400136916912e-05,0.007871175282049007
72919,3600,88,120,55.02453,7.75935,214444800.0,0.00010606184722207425,0.015414631298997583,3.1874041599591725e-05,0.01533687234472406,4.588491267393501e-05,0.1043588105183824,0.09779944974452019,0.0065593607738621915,0.19854865889368536,8.013944845411418e-06,2.3288676866629482e-05,0.00021939806136051518,1.0192480698927745e-10,8.459631125699596e-11,1.7328495732281603e-11,6.92370983393518e-10,6.650864395202573e-10,2.7284543873260454e-11,0.0009683169203782738,0.6323174027093879,5.242714384731372e-07,2.3242351089452512e-10,1.1195221506802414e-09,8.429912924261844e-05,0.007882618801371203
72920,3600,88,120,55.02568,7.77036,214444800.0,0.0001060360664921441,0.015414059122362295,3.1872202053720275e-05,0.015336302833942762,4.588408636582031e-05,0.10432950221859838,0.09777034324473102,0.006559158973867333,0.19853708379778578,8.011958997756252e-06,2.3287204590111934e-05,0.00021937846363752353,1.0192444110064429e-10,8.459188216147206e-11,1.7332558939172334e-11,6.92043213142283e-10,6.647745191217764e-10,2.7268694020506472e-11,0.0009682716628904108,0.6323067582146501,5.239543038054537e-07,2.3238391448219693e-10,1.1196246202192542e-09,8.429302272814679e-05,0.007882266833364225
72921,3600,88,120,55.02656,7.78125,214444800.0,0.00010593057544722345,0.015412206897244948,3.1864740457951056e-05,0.015334461240337112,4.588091644988986e-05,0.10421186757375529,0.09765339831690233,0.006558469256852949,0.19849705224555153,8.003772764833444e-06,2.3281457666443622e-05,0.00021930087964770298,1.0192316661024756e-10,8.457366218171083e-11,1.7349504428536854e-11,6.906913943073527e-10,6.6348805657732e-10,2.7203337730032467e-11,0.0009680941278388689,0.6322706391950879,5.226423710061104e-07,2.322316606677621e-10,1.120100191542551e-09,8.426982254091539e-05,0.007880849765198754
72922,3600,88,120,55.02769,7.79193,214444800.0,0.00010572713683582312,0.015408773497689458,3.185036941317796e-05,0.015331048265120663,4.587486315561983e-05,0.10398565935222807,0.09742848165891145,0.006557177693316579,0.19842192975058412,7.9879685554128e-06,2.327045339669884e-05,0.00021915199844846006,1.0192077187507027e-10,8.4538497678398e-11,1.7382274196672372e-11,6.88081410101575e-10,6.610042534218211e-10,2.7077156679753926e-11,0.0009677539216741777,0.632203091645544,5.201082769738776e-07,2.3194080913089706e-10,1.1210332777357134e-09,8.422558757558775e-05,0.007878123517550557
72923,3600,88,120,55.02939,7.73792,214444800.0,0.0001059323357151461,0.015431043689229824,3.1872745768689176e-05,0.01535328342219628,4.5887521264860685e-05,0.10420620811181984,0.09764448817546151,0.0065617199363583135,0.1986222768165964,8.00429248960592e-06,2.3295170432935363e-05,0.00021942730251731687,1.0198987583090227e-10,8.460253329468881e-11,1.7387342536213568e-11,6.901556635199366e-10,6.629841334025244e-10,2.7171530117412032e-11,0.0009686945759162627,0.6322984446505912,5.219612725342915e-07,2.323503448064492e-10,1.1213097370129822e-09,8.432116055042245e-05,0.007884586711019628
72924,3600,88,120,55.02964,7.74846,214444800.0,0.00010593352320264189,0.015430925175538377,3.1872811078658225e-05,0.015353164867703663,4.588749675605873e-05,0.10420687950336255,0.0976451905651263,0.00656168893823623,0.1986206379875882,8.004401860928179e-06,2.329515606695833e-05,0.00021942743291108527,1.0198982672132923e-10,8.460276596588055e-11,1.738706075544879e-11,6.901739099089696e-10,6.63001501328076e-10,2.7172408580893462e-11,0.0009686943937360652,0.6322967319576064,5.219801053176312e-07,2.323492747708338e-10,1.1212883450655195e-09,8.432091251906935e-05,0.007884596069911567
72925,3600,88,120,55.03119,7.7588,214444800.0,0.00010589103139884329,0.015430085094792443,3.1869792944676204e-05,0.015352329122535022,4.588617931275165e-05,0.10415905593094066,0.09759767095678067,0.006561384974159962,0.198603103885641,8.001116061350194e-06,2.3292787879130173e-05,0.0002193956809334523,1.0198927055369243e-10,8.459544555497254e-11,1.7393824998719982e-11,6.896314404713534e-10,6.624852611136389e-10,2.7146179357714242e-11,0.000968621411696951,0.6322807537088677,5.214544003698327e-07,2.322860690957936e-10,1.1214690868438725e-09,8.431122401985285e-05,0.00788402082776564
72926,3600,88,120,55.03215,7.76952,214444800.0,0.00010587150975690515,0.015429620192209188,3.186839576505152e-05,0.015351866256492482,4.588553995165966e-05,0.10413671494378968,0.09757549157650024,0.006561223367289406,0.19859386463896025,7.999616250725866e-06,2.3291655095748238e-05,0.00021938067250481033,1.0198897908955817e-10,8.459209802252714e-11,1.7396881067031155e-11,6.893839345635358e-10,6.622497245935252e-10,2.713420997001037e-11,0.0009685866468206234,0.6322722123600484,5.212151829851986e-07,2.3225545392847742e-10,1.1215430374059167e-09,8.430648445286498e-05,0.00788375281437941
72927,3600,88,120,55.03284,7.79992,214444800.0,0.00010566525857200984,0.015425900706376297,3.185379404831603e-05,0.015348167612418947,4.587929990903918e-05,0.1039062616403268,0.09734641406122374,0.0065598475791030265,0.1985141259934473,7.98362303100176e-06,2.328036332727238e-05,0.000219228460915669,1.0198644259688845e-10,8.455649457491265e-11,1.74299480219759e-11,6.867430536340234e-10,6.597365247491121e-10,2.7006528884911245e-11,0.0009682380035337428,0.6322001023243746,5.186530142071703e-07,2.319558146842478e-10,1.1224615624229491e-09,8.426076609470915e-05,0.007880977587845627
72928,3600,88,120,55.03336,7.78074,214444800.0,0.00010590817642603505,0.01544835675575772,3.1878774473938915e-05,0.015370585095608855,4.589288567492879e-05,0.1041666398109473,0.0976021358849473,0.006564503925999975,0.1987216437617758,8.002932873041169e-06,2.3306864951757882e-05,0.00021952896583325122,1.0205578532880689e-10,8.462713911693943e-11,1.7428646211867562e-11,6.893110138826659e-10,6.621862549765418e-10,2.712475890612387e-11,0.0009692346819515984,0.6323011251362435,5.209889945652239e-07,2.324102727851947e-10,1.1225131502389434e-09,8.436289376639682e-05,0.007887924925543513
72929,3600,88,120,55.0358,7.79114,214444800.0,0.00010577858191768361,0.01542779348212483,3.18617966386054e-05,0.015350049022189012,4.5882663297221245e-05,0.1040321759845232,0.0974716144504314,0.006560561534091769,0.19855567588155434,7.992429042298622e-06,2.3286481929017953e-05,0.0002193112882674032,1.019877675601491e-10,8.457608650304643e-11,1.7411681057102787e-11,6.881973475632161e-10,6.611205106015212e-10,2.707683696169498e-11,0.0009684272025683923,0.6322374284394908,5.200651811405833e-07,2.3211743568976668e-10,1.121939522078689e-09,8.428533450899842e-05,0.007882495280590564
72930,3600,88,120,55.03613,7.73799,214444800.0,0.0001057592364831629,0.015446452617664655,3.186833496349187e-05,0.015368695565474308,4.588871722685774e-05,0.10400388489458559,0.09744015701530921,0.006563727879276356,0.19867578371431446,7.991287100291598e-06,2.3299154341540174e-05,0.00021942321728877552,1.0205430963412521e-10,8.460127415642313e-11,1.7453035477702183e-11,6.873869635648052e-10,6.603552077425149e-10,2.703175582229011e-11,0.0009689951496810624,0.6322609412228795,5.191159762270811e-07,2.322095120097317e-10,1.12326641764183e-09,8.433273570124747e-05,0.007885957838349666
72931,3600,88,120,55.03641,7.74894,214444800.0,0.00010575992187598611,0.01544632003855759,3.186836405551517e-05,0.01536856299913885,4.588867536322609e-05,0.10400397180331343,0.09744027966502938,0.006563692138284007,0.1986738756454422,7.99135815713642e-06,2.3299109644574952e-05,0.00021942295042858367,1.020542520682162e-10,8.460142114651887e-11,1.745283092169742e-11,6.873988899510131e-10,6.603665613570989e-10,2.7032328593913957e-11,0.0009689940403648481,0.6322589767887806,5.191287178498947e-07,2.3220761244247153e-10,1.123246685078762e-09,8.433235806613957e-05,0.007885960204235746
72932,3600,88,120,55.03781,7.75959,214444800.0,0.00010572325160142951,0.015445572053305181,3.1865756333450365e-05,0.01536781876849055,4.588752848118681e-05,0.10396259250392041,0.09739916908228237,0.006563423421638016,0.19865839896487758,7.98852536574433e-06,2.329705286041464e-05,0.0002193954259797309,1.0205376162564256e-10,8.459510820839963e-11,1.7458653417243027e-11,6.869312406781429e-10,6.59921524250337e-10,2.700971642780565e-11,0.0009689306972634708,0.632244837882651,5.186757071361633e-07,2.3215260675324515e-10,1.1234000178154443e-09,8.432391289659871e-05,0.007885462684358404
72933,3600,88,120,55.0388,7.77046,214444800.0,0.00010570318788399684,0.015445095839150972,3.186432057125234e-05,0.015367344646523262,4.588687205646431e-05,0.10393963863820399,0.09737638086651544,0.0065632577716885285,0.1986489271191408,7.9869837110531e-06,2.3295889528387408e-05,0.00021938000931611402,1.020534627956812e-10,8.459166740579559e-11,1.7461795389885733e-11,6.866768273139096e-10,6.596794142756566e-10,2.6997413038252922e-11,0.0009688949920398669,0.632236083655856,5.184298005795238e-07,2.3212117338397602e-10,1.1234762057136444e-09,8.431904755955007e-05,0.00788518730438205
72934,3600,88,120,55.03975,7.78101,214444800.0,0.00010562397350470429,0.015425365751806667,3.1850899334672605e-05,0.015347636711110788,4.587814136121301e-05,0.10386111371216213,0.09730148323382881,0.006559630478333271,0.19850130685325718,7.980395790063014e-06,2.3278221951160338e-05,0.00021919911011867988,1.019860302934109e-10,8.454932640917833e-11,1.7436703884232675e-11,6.862098761289722e-10,6.592291197059145e-10,2.6980756423057712e-11,0.0009681714951909185,0.6321888550390795,5.181340354508391e-07,2.3190002260430333e-10,1.122669540803208e-09,8.425238040648498e-05,0.00788043198777615
72935,3600,88,120,55.04004,7.79992,214444800.0,0.00010558523405601307,0.015406194546715747,3.184032062389185e-05,0.015328483664743908,4.5870561347952015e-05,0.1038270120272235,0.09727078642677842,0.00655622560044507,0.19836677030664893,7.976967528047346e-06,2.32626732583647e-05,0.000219047169288476,1.0191901767869611e-10,8.451400610637575e-11,1.7405011572320466e-11,6.862648916262613e-10,6.59275560354304e-10,2.6989331271957243e-11,0.0009675137402475752,0.6321531764975847,5.183460611216109e-07,2.3173425677010622e-10,1.1216629404532889e-09,8.419406016754671e-05,0.007876213193436609
72936,3600,88,120,55.04255,7.74122,214444800.0,0.00010553804627265052,0.015442746004037949,3.185271346955501e-05,0.015365011143440542,4.588214712785389e-05,0.10375806179970777,0.09719573084660128,0.006562330953106468,0.19859450165921055,7.97410059152671e-06,2.3287204826658705e-05,0.00021926148566314238,1.0205171794975473e-10,8.456303605839233e-11,1.7488681891362503e-11,6.845486646245594e-10,6.576541271494646e-10,2.68945374750948e-11,0.000968625670607025,0.6321879007302065,5.163599935057433e-07,2.3189380831631e-10,1.1242839583938953e-09,8.42847372636038e-05,0.007882994952187182
72937,3600,88,120,55.04278,7.79092,214444800.0,0.00010547320002167537,0.015404457807046756,3.183242711288613e-05,0.015326758085616158,4.586729431771431e-05,0.10370316026370478,0.09714760308566464,0.006555557178040118,0.19832770969820618,7.968245085169287e-06,2.3256700569113347e-05,0.00021896600131627613,1.0191776903217573e-10,8.449461046985681e-11,1.742315856231903e-11,6.848242200075074e-10,6.579045346801341e-10,2.6919685327373082e-11,0.0009673287983516425,0.6321183203881666,5.169460379499287e-07,2.3157716136324212e-10,1.1221945203793162e-09,8.417026269998259e-05,0.007874719130596607
72938,3600,88,120,55.04285,7.75203,214444800.0,0.00010553859768027167,0.015442612591752954,3.185273328822076e-05,0.01536487775657044,4.588210189429537e-05,0.10375800641632028,0.09719571165763588,0.006562294758684388,0.19859256552522334,7.974161063214793e-06,2.328715369236148e-05,0.00021926112836245947,1.020516594569061e-10,8.456315960650971e-11,1.74884998503965e-11,6.845588410270625e-10,6.576638153464174e-10,2.6895025680644875e-11,0.0009686243595753796,0.6321859135254546,5.163710245167035e-07,2.3189174572045253e-10,1.1242650047117913e-09,8.428433571293321e-05,0.007882995590115243
72939,3600,88,120,55.04437,7.76271,214444800.0,0.00010543637967492857,0.015422500174480042,3.1837687850281806e-05,0.015344789797353611,4.587268927615414e-05,0.10365393084123854,0.09709540777765008,0.006558523063588417,0.19843653928935637,7.965785367531932e-06,2.3268245163919207e-05,0.00021906342601074908,1.0198395885797303e-10,8.451684125036431e-11,1.746711760760883e-11,6.837966401672623e-10,6.569325449454872e-10,2.6864095221774958e-11,0.000967862486534246,0.6321311367305578,5.157885471002716e-07,2.3163782500869002e-10,1.1235645264449362e-09,8.421268828453885e-05,0.00787793228469872
72940,3600,88,120,55.04551,7.7735,214444800.0,0.00010534960872642561,0.015402641722184808,3.18237327005991e-05,0.015324954256108428,4.5863733375784476e-05,0.1035669996800062,0.09701215211586055,0.006554847564145632,0.19828611615287098,7.958610514512331e-06,2.3250168368536194e-05,0.0002188769922907826,1.0191643702538507e-10,8.44731942605895e-11,1.74432427647957e-11,6.832327612742585e-10,6.563900087104517e-10,2.6842752563806726e-11,0.000967126339941936,0.6320813864301835,5.153986793410842e-07,2.3140585411483514e-10,1.1227924243172796e-09,8.414437501090834e-05,0.007873075664288822
72941,3600,88,120,55.04709,7.79947,214444800.0,0.00010533922851066298,0.015402123330941658,3.1822953423935336e-05,0.015324437101236302,4.586327628142199e-05,0.10355385006054496,0.09699916385493819,0.006554686205606751,0.19827713749144726,7.957846532497885e-06,2.3249412196016957e-05,0.00021886756616496512,1.019161585655295e-10,8.447146793678776e-11,1.7444690628741844e-11,6.831070500178005e-10,6.562703841155069e-10,2.6836665902293312e-11,0.0009671036111149648,0.6320727208310292,5.152793900890295e-07,2.3138415789701068e-10,1.1228005363725459e-09,8.414086400922941e-05,0.007872920325091546
72942,3600,88,120,55.04723,7.78399,214444800.0,0.00010530632401752552,0.0154017848781723,3.1820658101913e-05,0.01532410182919122,4.586239087916931e-05,0.10351827861811494,0.09696374099246266,0.006554537625652265,0.19826823856106343,7.955263535635178e-06,2.3247755373131855e-05,0.0002188446420193496,1.0191586998452198e-10,8.446573746453195e-11,1.7450132519990135e-11,6.826801928862581e-10,6.55864157874178e-10,2.6816035012080048e-11,0.0009670519790325291,0.6320650934914566,5.148631963486491e-07,2.3134144729208752e-10,1.1229764136518696e-09,8.413450175018035e-05,0.007872489636584728
72943,3600,88,120,55.04953,7.75369,214444800.0,0.00010524537274696234,0.015419455462850501,3.182421896939681e-05,0.015341764160736576,4.5867083144533596e-05,0.1034423835974579,0.09688502341968164,0.006557360177776232,0.19836868928540435,7.950924814538505e-06,2.325801481537149e-05,0.00021892459622726396,1.0198179190904131e-10,8.448379018039882e-11,1.74980017286426e-11,6.813422580769988e-10,6.545968165047092e-10,2.6745441572289388e-11,0.0009675458685908662,0.6320704370613294,5.134040887375155e-07,2.313683200695644e-10,1.1244611801079964e-09,8.41718099918103e-05,0.007875381094086689
72944,3600,88,120,55.05108,7.76463,214444800.0,0.00010520501675037949,0.015418641837571119,3.18213504246353e-05,0.015340954662036594,4.586582510989734e-05,0.10339688995835651,0.09683982285251316,0.006557067105843304,0.19835180007552053,7.947806121031527e-06,2.325575671595632e-05,0.0002188943561584806,1.0198125651592949e-10,8.4476840842659e-11,1.7504415673270593e-11,6.808273981055739e-10,6.541068512162587e-10,2.672054688931508e-11,0.0009674763081582616,0.6320550221266875,5.129052677692384e-07,2.3130797633624248e-10,1.1246310221697515e-09,8.416255085539676e-05,0.007874834019873513
72945,3600,88,120,55.05226,7.77604,214444800.0,0.00010518044386659314,0.015418082879694395,3.1819595241182124e-05,0.015340398252807069,4.5865031646151434e-05,0.10336889112577909,0.09681202014480529,0.006556870980973761,0.19834056355696603,7.945914990852892e-06,2.3254345708449963e-05,0.0002188756041646063,1.0198090158238917e-10,8.447262194193943e-11,1.7508279640449838e-11,6.8051527949074e-10,6.538098259573281e-10,2.6705453533411667e-11,0.0009674329584009126,0.6320446697023105,5.126033874040612e-07,2.31269963609254e-10,1.1247271271566865e-09,8.415668078893145e-05,0.007874497899029364
72946,3600,88,120,55.0538,7.78649,214444800.0,0.00010514401109416546,0.015417339717338791,3.181700440564155e-05,0.015339658820750357,4.586389218279752e-05,0.10332777972636885,0.09677117572764632,0.006556603998722497,0.19832518679065653,7.943100549248305e-06,2.32523022332116e-05,0.00021884825786815888,1.0198041430643834e-10,8.4466349895054e-11,1.7514064411384425e-11,6.800506595078299e-10,6.533676716663565e-10,2.6682987841473357e-11,0.0009673700252158095,0.6320306220414644,5.121533113311132e-07,2.3121531374404848e-10,1.1248794643213557e-09,8.414829023733927e-05,0.007874003600415184
72947,3600,88,120,55.05391,7.79992,214444800.0,0.00010510300035592028,0.015398202656708765,3.1806274965778194e-05,0.01532054010585247,4.585627589052114e-05,0.10329149202837928,0.09673828716882527,0.006553204859553972,0.198190898167928,7.939486885431396e-06,2.3236671797555094e-05,0.00021869504122867635,1.0191340795634938e-10,8.443062265873462e-11,1.748278529761489e-11,6.800749604548599e-10,6.533848807569143e-10,2.6690079697945385e-11,0.000966709606097211,0.6319952915030951,5.123349312729531e-07,2.3104774848724835e-10,1.1238916223186209e-09,8.408974094363364e-05,0.007869757797456104
72948,3600,88,120,55.0577,7.76789,214444800.0,0.00010497880966659252,0.015414851413699245,3.180537465040462e-05,0.015337186932943616,4.5859106105233726e-05,0.10314549250517291,0.09658985393711327,0.006555638568059607,0.1982686783453834,7.930229768365177e-06,2.3243536318725515e-05,0.0002187289576437264,1.0197860616746698e-10,8.443773540475427e-11,1.754087076271282e-11,6.779247173005012e-10,6.513445013105486e-10,2.6580215989952562e-11,0.0009670984529073095,0.631980328943752,5.10086768284018e-07,2.3098511728678718e-10,1.1256716720025582e-09,8.411346470411481e-05,0.007871803944031525
72949,3600,88,120,55.05888,7.77869,214444800.0,0.00010495409080780629,0.015414297724340902,3.1803610191761526e-05,0.015336635802511593,4.585831163754981e-05,0.10311736757751408,0.09656192391048955,0.006555443667024503,0.1982575038497028,7.928326342621308e-06,2.3242121801477526e-05,0.00021871014004192743,1.0197825303625998e-10,8.443348974235092e-11,1.7544763293909167e-11,6.776105578524812e-10,6.510455336788992e-10,2.6565024173581863e-11,0.0009670549800247941,0.6319700456321069,5.0978284409519e-07,2.3094705031884455e-10,1.125769336358171e-09,8.410759114802545e-05,0.007871466232773636
72950,3600,88,120,55.06024,7.78902,214444800.0,0.00010492438811319315,0.015413667273797284,3.1801494656877636e-05,0.015336008407089475,4.5857372050934736e-05,0.10308373543346341,0.09652851626382515,0.006555219169638236,0.19824459920425225,7.926034837364647e-06,2.3240441871388987e-05,0.00021868771433485913,1.0197784458561222e-10,8.442838116627204e-11,1.7549463419340285e-11,6.772322992858005e-10,6.506855656394067e-10,2.654673364639371e-11,0.0009670032877867628,0.6319582193144,5.094166253368873e-07,2.3090200490134968e-10,1.1258907053335468e-09,8.410066077966834e-05,0.007871062081650579
72951,3600,88,120,55.06052,7.79989,214444800.0,0.00010487316216430154,0.01539439481513208,3.179004856806631e-05,0.015316755298776387,4.5849467787631386e-05,0.10303626252302413,0.09648449705380274,0.006551765469221339,0.19810709324468442,7.921623028549706e-06,2.3224279871729633e-05,0.00021852721922235386,1.0191073483751618e-10,8.439088090284632e-11,1.7519853934669958e-11,6.771247414634958e-10,6.505772897622333e-10,2.6547451701262217e-11,0.0009663263649664124,0.6319200597158708,5.094699222596133e-07,2.3072057434798171e-10,1.1249539745334167e-09,8.404002552180459e-05,0.007866681136744689
73063,6000,110,154,53.98194,6.95277,357408000.0,9.763335259997243e-05,0.016989820071830728,3.396039444774619e-05,0.016908645470809842,4.721420657314001e-05,0.09380040676862035,0.08661907398423949,0.0071813327843807985,0.21507854804543147,7.3832368695882e-06,2.513201073142011e-05,0.00023334541572996354,1.146677071606093e-10,9.122706697413723e-11,2.34406401864721e-11,4.965289972085758e-10,4.794585105514266e-10,1.707048665714906e-11,0.0010390059732925815,0.6356616534155596,3.1518436105082715e-07,2.366032694212067e-10,1.3303141531904282e-09,9.015842807407311e-05,0.008345578014968852
73064,6000,110,154,53.98361,6.96426,357408000.0,9.770705391909605e-05,0.016990807410429166,3.396556637226864e-05,0.01690962555529498,4.721628876191687e-05,0.093881155514195,0.08669942616853067,0.007181729345664262,0.21510191751659224,7.388994081754739e-06,2.513585182560177e-05,0.0002333979846630296,1.1466845792583579e-10,9.123985704760368e-11,2.342860087823216e-11,4.974801124474739e-10,4.803636504171626e-10,1.711646203031122e-11,0.0010391252088774025,0.6356822237630771,3.161098886293741e-07,2.3670351456246805e-10,1.3299465968542008e-09,9.01735162342754e-05,0.008346553540103807
73065,6000,110,154,53.98548,6.97728,357408000.0,9.782793064470348e-05,0.017003512702479857,3.397875078538666e-05,0.01692231040213324,4.722354956123554e-05,0.09400809182821365,0.08682382353356033,0.0071842682946532685,0.21521201747032637,7.3986907101241415e-06,2.515020961232222e-05,0.00023355822614882534,1.1470961206447265e-10,9.127801324677038e-11,2.3431598817702288e-11,4.987093477619929e-10,4.815370185498188e-10,1.7172329212173873e-11,0.0010396761659539591,0.6357292783321574,3.1721180438318934e-07,2.369336651726996e-10,1.330051524101585e-09,9.02281108607263e-05,0.008350372122375061
73066,6000,110,154,53.9884,6.99741,357408000.0,9.792010414460726e-05,0.016993665079078037,3.398051745755609e-05,0.016912462252293075,4.722230932740377e-05,0.09411459451262195,0.0869317178315827,0.00718287668103919,0.2151695253674757,7.405636159324208e-06,2.514695738226498e-05,0.00023354996587370897,1.1467062979537174e-10,9.127682892792526e-11,2.3393800867446546e-11,5.002294477393096e-10,4.829800871920368e-10,1.724936054727281e-11,0.0010394699415928466,0.6357417408765093,3.1878523070506246e-07,2.369933664766247e-10,1.3288845005863543e-09,9.021714490268305e-05,0.008349373682409577
73067,6000,110,154,53.99072,6.96497,357408000.0,9.770897429437057e-05,0.016990650857446173,3.396567669610842e-05,0.01690946891646143,4.721626428863544e-05,0.0938824057044607,0.08670071672438118,0.00718168898007946,0.215099793556964,7.389166616569028e-06,2.5135848507196155e-05,0.00023339838267486391,1.1466839449107485e-10,9.124022637223705e-11,2.3428168118837855e-11,4.975088570055625e-10,4.803910103066721e-10,1.7117846698890388e-11,0.0010391254635452607,0.6356799878642238,3.1613932068682947e-07,2.367024853707739e-10,1.3299160422890005e-09,9.017324338437548e-05,0.008346570335711805
73068,6000,110,154,53.99101,7.0153,357408000.0,9.803530251274065e-05,0.016995211292338146,3.398860179742186e-05,0.016913997125383204,4.722556515751643e-05,0.0942408221801867,0.0870573248333046,0.0071834973468820115,0.2152060972474603,7.41463456663565e-06,2.5152962858756985e-05,0.0002336321491833039,1.1467180462188822e-10,9.129681978352613e-11,2.337498483836216e-11,5.017160178936871e-10,4.843947988703076e-10,1.732121902337956e-11,0.001039656358316076,0.6357739382378721,3.2023178424168657e-07,2.3715011312382766e-10,1.3283103347003243e-09,9.024073916865257e-05,0.00835089861066395
73069,6000,110,154,53.99245,6.98818,357408000.0,9.789627936262804e-05,0.017004289795036372,3.398352852288135e-05,0.01692308084581966,4.7225420693831336e-05,0.09408232721409045,0.08689772969163599,0.0071845975224544036,0.21523161261567655,7.404046920471339e-06,2.515369315437037e-05,0.00023360623867325908,1.1471024522380498e-10,9.128990184395964e-11,2.342034337984539e-11,4.995943990849763e-10,4.823792915683855e-10,1.7215107516590645e-11,0.0010397845742244614,0.6357462479965853,3.180741556265365e-07,2.3702386248687654e-10,1.3296947180035892e-09,9.024159705389429e-05,0.008351270245691262
73070,6000,110,154,53.99367,7.03375,357408000.0,9.815427249447023e-05,0.016996810167012103,3.3996951093147216e-05,0.016915584287454634,4.722892846432431e-05,0.09437119210926438,0.08718705320895778,0.007184138900306512,0.21524389705423305,7.423927331440671e-06,2.515916611172713e-05,0.00023371703405336854,1.146730188404393e-10,9.131746473979362e-11,2.335555410064572e-11,5.032512142983492e-10,4.858557862283425e-10,1.739542807000665e-11,0.001039848910244698,0.6358072207396883,3.2172563873589583e-07,2.3731203239581395e-10,1.3277176050855088e-09,9.026511336148119e-05,0.008352473561736753
73071,6000,110,154,53.99383,6.94186,357408000.0,9.759553478454536e-05,0.01700004876085778,3.3962395603079285e-05,0.01691886953272438,4.721683253032101e-05,0.09375183144259015,0.08656891111918122,0.007182920323408854,0.21513307129067794,7.380580330987536e-06,2.5137898911642103e-05,0.00023339059583218945,1.1470708508022111e-10,9.123775281493674e-11,2.3469332265284415e-11,4.95717902092701e-10,4.786901837563552e-10,1.702771833634583e-11,0.0010392947041682492,0.635659083347724,3.1430364715436693e-07,2.366105663824227e-10,1.3311701523225204e-09,9.017925352072747e-05,0.008347279497177252
73072,6000,110,154,53.99529,6.95592,357408000.0,9.768640294884106e-05,0.017001281781845987,3.396877430141295e-05,0.01692009360104871,4.7219406495865346e-05,0.09385146212502238,0.0866680485027912,0.00718341362223112,0.21516211957721032,7.387676598217722e-06,2.5142643601095094e-05,0.00023345549309367815,1.1470801786892614e-10,9.125351890261874e-11,2.3454498966307428e-11,4.968902139860672e-10,4.798058275745e-10,1.708438641156707e-11,0.0010394419584161519,0.6356846838870917,3.1544429470074605e-07,2.3673447483830263e-10,1.3307187907266367e-09,9.019791347192874e-05,0.008348482989078313
73073,6000,110,154,53.99532,7.04536,357408000.0,9.822921761538861e-05,0.016997818613788563,3.4002210896342874e-05,0.01691658535517951,4.7231047712712954e-05,0.09445332441441434,0.08726878102387342,0.007184543390540823,0.2152677275665462,7.429781154418635e-06,2.5163074551055876e-05,0.00023377051385243335,1.1467378429997522e-10,9.133046978215459e-11,2.3343314517820673e-11,5.042182841624594e-10,4.867761093815073e-10,1.7442174780952123e-11,0.0010399702276401167,0.6358282058409374,3.226666560879746e-07,2.374140581041336e-10,1.3273443573958178e-09,9.028047239604392e-05,0.008353465760379266
73074,6000,110,154,53.99574,6.98106,357408000.0,9.784936005142459e-05,0.017003549392385527,3.398022100723039e-05,0.016922345124543523,4.722404683477791e-05,0.09403039749977805,0.086846083543097,0.007184313956680978,0.2152150583485718,7.400395617968961e-06,2.5151184409856377e-05,0.00023357217627244147,1.1470971634806207e-10,9.128178163010244e-11,2.3427934717959668e-11,4.989913367624568e-10,4.818053832471142e-10,1.7185953515342625e-11,0.0010397069170314068,0.635731451757734,3.1748821373748225e-07,2.3695781071576656e-10,1.3299158375882916e-09,9.023158305625779e-05,0.008350643921381684
73075,6000,110,154,53.99779,7.00476,357408000.0,9.796545976703908e-05,0.016994059950903532,3.398367172839087e-05,0.016912852780354294,4.722349882084908e-05,0.09416329063765884,0.0869802290827634,0.007183061554895345,0.2151807174040146,7.4092054215166615e-06,2.5149200503837518e-05,0.000233581182585071,1.146709949507983e-10,9.128474199935819e-11,2.3386252951440173e-11,5.008193859770876e-10,4.835415143673882e-10,1.727787160969928e-11,0.0010395399902089757,0.635751164817225,3.193610028311252e-07,2.3705080754516174e-10,1.3286338249466344e-09,9.022565285988075e-05,0.008349963954791822
73076,6000,110,154,53.99857,7.06758,357408000.0,9.837279079511289e-05,0.016999749462941593,3.4012287018421704e-05,0.016918502068793955,4.723510712921329e-05,0.09461066127408174,0.08742534328738631,0.007185317986695359,0.2153133642956861,7.4409955154014414e-06,2.517056139878762e-05,0.00023387296012101209,1.1467525022407322e-10,9.135538388904642e-11,2.331986633502687e-11,5.060709330503507e-10,4.88539204020314e-10,1.7531729030036588e-11,0.001040202620364233,0.635868391362049,3.2446940364716536e-07,2.3760948901836737e-10,1.326629202692446e-09,9.030989205315277e-05,0.008355366476711189
73077,6000,110,154,54.00092,7.05585,357408000.0,9.833370709365507e-05,0.017010202667369943,3.401423171387822e-05,0.016928950634039566,4.723780161650105e-05,0.09456183010341564,0.087374864226377,0.0071869658770385625,0.2153711065213197,7.438210253178093e-06,2.5176520587115033e-05,0.00023391852460617987,1.1471472519839863e-10,9.136580227310846e-11,2.3348922925290224e-11,5.052382528718715e-10,4.877503291950045e-10,1.7487923676867028e-11,0.0010404930816469494,0.6358691400234447,3.23565750185781e-07,2.376198878438569e-10,1.3275193047365042e-09,9.033134061487672e-05,0.008357062626502692
73078,6000,110,154,54.00128,7.02178,357408000.0,9.811271396520065e-05,0.01700709606812559,3.399870413538892e-05,0.016925865868896384,4.723149509382206e-05,0.0943190210955078,0.08713328493283105,0.007185736162676662,0.21529884327711357,7.420965323432928e-06,2.516492021966327e-05,0.00023376011816585502,1.1471240752277142e-10,9.132748018558533e-11,2.3384927337186155e-11,5.023895124201766e-10,4.850392960956858e-10,1.735021632449065e-11,0.001040133268638758,0.6358052386847997,3.2079481942885687e-07,2.373163853170059e-10,1.328604610902627e-09,9.028556513709169e-05,0.00835413060818763
73079,6000,110,154,54.00166,6.94186,357408000.0,9.759440298094184e-05,0.016999836009877037,3.396228969054914e-05,0.016918657004970996,4.7216715215496714e-05,0.09374966588888034,0.08656680661190846,0.007182859276971811,0.21512975000260992,7.380516335219284e-06,2.513772783799446e-05,0.00023338873520129536,1.1470698358330433e-10,9.123759549566436e-11,2.3469388087640028e-11,4.957075910705347e-10,4.786803763521137e-10,1.7027214718420885e-11,0.0010392897814042457,0.635655762764027,3.142951970283739e-07,2.3660507993543687e-10,1.331153057414967e-09,9.017829989158516e-05,0.008347255169317449
73080,6000,110,154,54.00221,6.99698,357408000.0,9.795181897472018e-05,0.01700481986600416,3.398739728116689e-05,0.016923605571351998,4.722689737099907e-05,0.09414217537269248,0.08695733852211124,0.007184836850581174,0.2152460153781979,7.408411861714617e-06,2.515646633723744e-05,0.00023364471275805855,1.147107135590833e-10,9.129958248103133e-11,2.3411131078052032e-11,5.003157884172842e-10,4.83065815737232e-10,1.724997268005227e-11,0.0010398710794647008,0.6357584956192939,3.187778523065345e-07,2.370951307685251e-10,1.3293931121083412e-09,9.025218538514444e-05,0.008351995257150134
73081,6000,110,154,54.00411,6.98335,357408000.0,9.786336867657826e-05,0.017003534755100167,3.398117692874206e-05,0.01692232922294473,4.7224355226701306e-05,0.09404479803974496,0.08686046497545953,0.0071843330642853715,0.21521646715189613,7.401514906300549e-06,2.5151799735845483e-05,0.00023358108971893244,1.1470976693371447e-10,9.128425270268798e-11,2.3425514231026532e-11,4.991765153990758e-10,4.819816159716393e-10,1.7194899427436368e-11,0.0010397264150060663,0.6357322852338263,3.17670031836845e-07,2.3697282339988376e-10,1.3298226931464952e-09,9.023371175459846e-05,0.008350819772172068
73082,6000,110,154,54.00422,7.03365,357408000.0,9.818955028088833e-05,0.017008098547626044,3.4004092454990165e-05,0.01692686080091909,4.72336542519683e-05,0.09440307880955122,0.08721693668717231,0.007186142122378841,0.21532280414145286,7.426970745947117e-06,2.5168909465216194e-05,0.00023381478002230512,1.1471317799417035e-10,9.134081961776743e-11,2.3372358376402967e-11,5.033816685568943e-10,4.859834937153581e-10,1.739817484153608e-11,0.0010402571558518316,0.6358262756135982,3.2176049902582376e-07,2.3742035804208597e-10,1.3282183291863473e-09,9.030119696794518e-05,0.008355146358260923
73083,6000,110,154,54.00549,6.96428,357408000.0,9.773972118298819e-05,0.017001771453242505,3.39724857499306e-05,0.01692057815167314,4.7220815819436886e-05,0.09390882665121675,0.0867251886129482,0.007183638038268489,0.21517565844021175,7.391869330382551e-06,2.5145294975994342e-05,0.00023349232600952227,1.1470845873082884e-10,9.126281614868683e-11,2.3445642582142058e-11,4.975831677413762e-10,4.804652909762014e-10,1.7117876765174724e-11,0.0010395247033628688,0.6356961496996543,3.1612040607790876e-07,2.3680250914175525e-10,1.3304270384796052e-09,9.020800816341423e-05,0.008349178094565986
73084,6000,110,154,54.00804,7.01569,357408000.0,9.807317140001484e-05,0.0170063730158657,3.399590335399089e-05,0.016925146818059338,4.723029445237452e-05,0.0942747918790637,0.08708932225077633,0.007185469628287294,0.21528340655875122,7.417900326125509e-06,2.5162749712113585e-05,0.00023373088304687287,1.1471191669441495e-10,9.132065624619846e-11,2.339126044821654e-11,5.018834178985119e-10,4.845576704525588e-10,1.7325747445953244e-11,0.0010400662708962764,0.6357912623974548,3.203038895627908e-07,2.3725873957577514e-10,1.328779565726172e-09,9.027676363675425e-05,0.008353598069839931
73085,6000,110,154,54.00903,7.04693,357408000.0,9.827579341217106e-05,0.017009186816314,3.4010135496305265e-05,0.016927940619024005,4.7236061793696e-05,0.09449725439550932,0.08731066688777153,0.007186587507737709,0.21534914460467333,7.433715957165968e-06,2.51733661451081e-05,0.00023387593701531626,1.1471402597153526e-10,9.13557994612606e-11,2.3358226510274706e-11,5.044960940539203e-10,4.870440514507864e-10,1.7452042603133947e-11,0.0010403956321425759,0.6358493262687622,3.2284548099604073e-07,2.3753632187150853e-10,1.3277805049500327e-09,9.031860758132358e-05,0.008356284715726605
73086,6000,110,154,54.01093,7.03174,357408000.0,9.821475363005135e-05,0.01701934619242768,3.401053948434932e-05,0.01693809751682716,4.723813611617281e-05,0.0944243691053415,0.08723625176022394,0.007188117345117459,0.21539992950730116,7.4292155478752685e-06,2.5178181221203237e-05,0.00023390584252007678,1.1475327742756099e-10,9.136240754246949e-11,2.339086988509153e-11,5.033800640881565e-10,4.859855235008196e-10,1.739454058733684e-11,0.001040650577191913,0.6358439515489441,3.2166609819702164e-07,2.375168631592216e-10,1.3287801395232768e-09,9.033556240439567e-05,0.008357690264997126
73087,6000,110,154,54.01099,6.95175,357408000.0,9.769622282121166e-05,0.017012091441411942,3.3974110719812317e-05,0.016930893977100587,4.72233535915465e-05,0.09385481170788537,0.0866695701360624,0.00718524157182293,0.21523089025238892,7.388748368270259e-06,2.5150982064153734e-05,0.00023353434675340442,1.1474785500624665e-10,9.127248307166358e-11,2.3475371934583106e-11,4.966951265307425e-10,4.796237331309193e-10,1.7071393399823047e-11,0.0010398068634427044,0.6356945397623585,3.1516347459977373e-07,2.368054236259376e-10,1.331330632011022e-09,9.022828230687744e-05,0.008350812306857806
73088,6000,110,154,54.01134,7.006,357408000.0,9.801067476559856e-05,0.017005416505115202,3.399150171789286e-05,0.016924196526097744,4.7228477299566694e-05,0.09420576052790101,0.087020660347212,0.007185100180688935,0.21526180163218075,7.413033111617156e-06,2.515942491070579e-05,0.00023368567021815492,1.1471122575724864e-10,9.130983422435282e-11,2.3401391532895874e-11,5.010794917114671e-10,4.837926078967178e-10,1.7286883814749225e-11,0.0010399632961661722,0.6357720055255899,3.19522547127715e-07,2.371713518909989e-10,1.329077516384209e-09,9.026353350911135e-05,0.008352765209694062
73089,6000,110,154,54.0139,6.9785,357408000.0,9.787011490281327e-05,0.017014450422524332,3.398631738857945e-05,0.0169332358260798,4.722827905595351e-05,0.09404546949397546,0.08685928408115143,0.0071861854128239715,0.21528646992554226,7.402328389909898e-06,2.5160061503499487e-05,0.00023365853567947808,1.14749639778004e-10,9.130265435295426e-11,2.3446985425049774e-11,4.989385632815242e-10,4.81758725000995e-10,1.7179838280529047e-11,0.0010400886504349648,0.6357435214373695,3.1734632070301533e-07,2.370425316910458e-10,1.3304668015633187e-09,9.026398911430595e-05,0.008353115369212287
73090,6000,110,154,54.01392,6.9435,357408000.0,9.76432887487384e-05,0.01701128080283337,3.397038250994116e-05,0.016930088606052062,4.722181427136735e-05,0.09379634052915456,0.08661141201032188,0.007184928518832608,0.21521258384044847,7.384625942167392e-06,2.5148165714168984e-05,0.00023349604933099253,1.1474726956901125e-10,9.126331701457612e-11,2.3483952554435173e-11,4.960142189654342e-10,4.789757422079294e-10,1.7038476757504597e-11,0.0010397196372423274,0.6356782220277682,3.145016988508277e-07,2.367313974191481e-10,1.33158293790529e-09,9.021707474688175e-05,0.008350106859162688
73091,6000,110,154,54.01595,6.95994,357408000.0,9.775030322946053e-05,0.017012726242058185,3.3977893740751386e-05,0.0169315235055976,4.722484271984004e-05,0.09391364326133499,0.08672813564667965,0.007185507614655263,0.2152466936005182,7.392983966411463e-06,2.515374969751631e-05,0.00023357244255965752,1.1474836506440211e-10,9.128188589107825e-11,2.3466479173323907e-11,4.973949834705103e-10,4.802897624777552e-10,1.710522099275509e-11,0.0010398929525500427,0.6357082699836037,3.1584522219062465e-07,2.368771897319198e-10,1.3310506057318412e-09,9.02390259808124e-05,0.00835152388306578
73092,6000,110,154,54.01992,7.02923,357408000.0,9.82003608517908e-05,0.01701892404348287,3.400949873856919e-05,0.01693767691430014,4.723763044416436e-05,0.09440752583493306,0.0872195497191004,0.007187976115832567,0.21539192739854154,7.428119587988886e-06,2.5177301015274538e-05,0.0002338943539884143,1.1475302639098097e-10,9.135995520454574e-11,2.339307118643529e-11,5.03199310320803e-10,4.858135131136444e-10,1.7385797207158455e-11,0.0010406237037776896,0.6358364469934918,3.2149204514096037e-07,2.3749270555879083e-10,1.3288255248747618e-09,9.033177798858969e-05,0.008357488910432233
73093,6000,110,154,54.02052,7.0138,357408000.0,9.810058334821404e-05,0.017017512948516653,3.4002486963113426e-05,0.01693627568214053,4.72347794130123e-05,0.09429785883836274,0.08711044029162156,0.00718741854674109,0.21535917372741328,7.420334619568385e-06,2.5172058686941834e-05,0.00023382278892513218,1.1475197610955212e-10,9.134265461441646e-11,2.3409321495135696e-11,5.019132998119711e-10,4.845896682326004e-10,1.732363157937065e-11,0.0010404611170035467,0.6358074668747548,3.202412283803991e-07,2.3735550604018317e-10,1.329314560538524e-09,9.031107956974268e-05,0.008356164714966178
73094,6000,110,154,54.0207,6.94382,357408000.0,9.764735371896949e-05,0.017011174415090886,3.397064620247904e-05,0.016929981909243875,4.7221859644530704e-05,0.09380004078826629,0.08661513513378859,0.007184905654477611,0.2152114612705168,7.3849633542965245e-06,2.5148286325373134e-05,0.00023349809128935106,1.1474723774041139e-10,9.12640542696896e-11,2.3483183470721834e-11,4.960701735856801e-10,4.790289963050841e-10,1.70411772805958e-11,0.0010397236968827698,0.6356769106552002,3.1455743715927735e-07,2.36733713394971e-10,1.3315441548683816e-09,9.021731925657561e-05,0.008350153055059172
73095,6000,110,154,54.02072,6.96782,357408000.0,9.780280625642338e-05,0.017013344774799755,3.3981566722368434e-05,0.01693213691869244,4.72262893849533e-05,0.09397076938295011,0.08678500286010092,0.007185766522849123,0.21526206970403378,7.397095745727512e-06,2.5156437881368678e-05,0.00023360943919449904,1.147488612688879e-10,9.129101401064909e-11,2.3457847258238853e-11,4.98074378596026e-10,4.809363189733753e-10,1.713805962265054e-11,0.001039976565835328,0.6357216339087536,3.165070194708987e-07,2.369469075086246e-10,1.3307790057283026e-09,9.024946450220864e-05,0.008352214810814837
73096,6000,110,154,54.02128,6.95672,357408000.0,9.773111707690126e-05,0.017012330048601764,3.3976528712575966e-05,0.016931129279317673,4.7224240571518775e-05,0.09389197063176564,0.08670660495838313,0.007185365673382446,0.21523852349170852,7.391502427826154e-06,2.5152670826338454e-05,0.00023355801575548717,1.1474810625652984e-10,9.127858387427575e-11,2.3469522382254116e-11,4.971504112446327e-10,4.800570161402521e-10,1.7093395104380456e-11,0.0010398597352155076,0.6357007987718988,3.156083449388003e-07,2.368483136311231e-10,1.331130273270618e-09,9.023458971537171e-05,0.008351263348009395
73097,6000,110,154,54.02168,6.99166,357408000.0,9.795756289136486e-05,0.01701548455773462,3.399243555853962e-05,0.016934261431890897,4.723069028518874e-05,0.09414063597549112,0.08695401824022272,0.00718661773526832,0.21531213881920638,7.4091764027391725e-06,2.516454111203084e-05,0.0002337201774271905,1.147504680308923e-10,9.131785719033767e-11,2.3432610840554686e-11,5.000700649785555e-10,4.828355353498758e-10,1.7234529628679756e-11,0.0010402279763746015,0.6357658397258142,3.1844848266280063e-07,2.371587305167762e-10,1.330014881115721e-09,9.028138962668814e-05,0.008354266350025872
73098,6000,110,154,54.02743,6.95858,357408000.0,9.774586938997537e-05,0.017012390067004377,3.397754549460651e-05,0.016931187923594743,4.722459791503118e-05,0.09390748900002353,0.08672208222407704,0.007185406775946429,0.21524113803451794,7.39267181572996e-06,2.5153361609863958e-05,0.00023356780453113524,1.1474819387430449e-10,9.128117120638356e-11,2.346702266792095e-11,4.973437809707764e-10,4.802410423078063e-10,1.7102738662970144e-11,0.001039881448605845,0.6357028235859427,3.157976153077505e-07,2.368656301458267e-10,1.3310408651017228e-09,9.023710702876352e-05,0.008351452102744253
73099,6000,110,154,54.02825,6.94278,357408000.0,9.764405116372239e-05,0.017010949720370955,3.397039025676955e-05,0.01692975764171053,4.722168840365999e-05,0.09379557718251469,0.08661073948820011,0.007184837694314519,0.21520770860032523,7.384727671730958e-06,2.514801183982916e-05,0.0002334947736827042,1.1474712193375365e-10,9.126351684924083e-11,2.3483605084512862e-11,4.960314765291179e-10,4.789921745504909e-10,1.703930197862689e-11,0.0010397155303709957,0.635673244799952,3.1452122732697885e-07,2.3672561671309475e-10,1.3315398578930528e-09,9.021598384238575e-05,0.00835010080536874
73100,6000,110,154,54.03103,7.00956,357408000.0,9.807766732954003e-05,0.01701694098861531,3.4000843329943306e-05,0.01693570612772907,4.723401755630241e-05,0.09427151043091798,0.08708428888392007,0.007187221546997845,0.21534793485349302,7.418577265522568e-06,2.5170714063237634e-05,0.00023380503108107623,1.1475162202709936e-10,9.13387302088581e-11,2.3412891818241318e-11,5.016233281223571e-10,4.843137202786073e-10,1.730960784374986e-11,0.0010404198970058204,0.6357970416366248,3.199611812088449e-07,2.3731904378821163e-10,1.3293983518093286e-09,9.030542009441253e-05,0.00835584885963732
73451,3600,88,120,54.34706,7.64127,214444800.0,9.456806527849894e-05,0.015352723903375519,3.111197649765848e-05,0.015276021390859708,4.559053601815523e-05,0.09162297037359685,0.08511179453371577,0.006511175839881056,0.19534016275998334,7.1209676398937774e-06,2.2759575963446946e-05,0.00021183995598032278,1.021983967163073e-10,8.27771998505079e-11,1.9421196865799505e-11,5.411454355317066e-10,5.212069053486045e-10,1.9938530183102147e-11,0.0009529820096739277,0.6289568655851208,3.7632237578146297e-07,2.1707223047694762e-10,1.1817578664888459e-09,8.217594955259362e-05,0.0077517822748384094
73452,3600,88,120,54.35154,7.64126,214444800.0,9.468900548710521e-05,0.015372887313413604,3.112830896136201e-05,0.015296158613184214,4.560039126803332e-05,0.09174662242434818,0.08523162972855719,0.006514992695790975,0.1954991296491927,7.130830520187352e-06,2.2779346885086397e-05,0.00021204994707778397,1.0226619704752831e-10,8.282680677857068e-11,1.9439390268957756e-11,5.421535897272135e-10,5.221722453570497e-10,1.9981344370163963e-11,0.000953771045296256,0.6290138292194651,3.771457910744667e-07,2.1734762469842938e-10,1.1823419791437674e-09,8.225069972290873e-05,0.007757083938430245
73453,3600,88,120,54.3523,7.65254,214444800.0,9.460675142452001e-05,0.01535311842230332,3.1114674674749005e-05,0.01527641217210397,4.559157552460333e-05,0.09166477613695799,0.08515342655673383,0.0065113495802241175,0.19535057429573016,7.124004916033227e-06,2.2761521976221975e-05,0.00021186688998691666,1.021987344542487e-10,8.278393789817909e-11,1.9414796556069708e-11,5.416473697655161e-10,5.216845801492815e-10,1.9962789616234637e-11,0.0009530426607824877,0.6289657813703889,3.7681179824344077e-07,2.1712237778142955e-10,1.1815506941093474e-09,8.218341729001711e-05,0.007752288478678825
73454,3600,88,120,54.35599,7.64127,214444800.0,9.474742957413008e-05,0.015373738019558875,3.113241793980392e-05,0.015297003530388396,4.560207123068419e-05,0.0918109517602551,0.08529562578341925,0.006515325976835807,0.19551867490474845,7.135385938244269e-06,2.2782430366324432e-05,0.0002120919818834511,1.0226682316522498e-10,8.283693219271438e-11,1.9429890972510736e-11,5.429060736343041e-10,5.228883536182116e-10,2.001772001609246e-11,0.0009538666295035179,0.6290311701268043,3.7787748586884863e-07,2.1742844938952733e-10,1.1820584410223123e-09,8.226290887792657e-05,0.007757860469271576
73455,3600,88,120,54.35667,7.66045,214444800.0,9.470579637769795e-05,0.015372845746459397,3.112945151877216e-05,0.015296115544406122,4.56007505345115e-05,0.09176377054433023,0.08524876162749567,0.006515008916834525,0.19550045809066724,7.132175079774898e-06,2.2780070794099114e-05,0.0002120605027671478,1.0226624674190631e-10,8.282977338594941e-11,1.943647335595702e-11,5.423760690240138e-10,5.223839773776974e-10,1.9992091646316472e-11,0.0009537940398957979,0.6290144629270308,3.773644208665947e-07,2.1736513919235807e-10,1.1822275705884638e-09,8.22531634332571e-05,0.007757293578697355
73456,3600,88,120,54.35855,7.652,214444800.0,9.481470941834188e-05,0.015392959599016228,3.1144954943232134e-05,0.015316204329891668,4.561031418133592e-05,0.09187476795012763,0.08535597586134333,0.00651879208878428,0.19565728402611424,7.141084666616659e-06,2.2799278183169354e-05,0.00021226250999889732,1.0233397535561922e-10,8.287727105492076e-11,1.9456704300698587e-11,5.432265876403959e-10,5.231992987201477e-10,2.002728892024814e-11,0.0009545653633729348,0.6290697662637994,3.7803354732855556e-07,2.1762640321412852e-10,1.1828845032909366e-09,8.232585901752502e-05,0.007762441325963828
73457,3600,88,120,54.36011,7.67099,214444800.0,9.463106187342569e-05,0.015371455830643107,3.112415497651412e-05,0.015294733204406908,4.5598471259694726e-05,0.09168006894034247,0.08516557026560018,0.006514498674742263,0.19547093276479147,7.126385195101839e-06,2.2775955332630716e-05,0.0002120051245346126,1.0226530844960843e-10,8.281688092605089e-11,1.9448427523557666e-11,5.414200703185858e-10,5.214742003343586e-10,1.9945869984227204e-11,0.0009536670501762968,0.6289876927813415,3.764372565798211e-07,2.1725572339378329e-10,1.182555542167996e-09,8.223644344206339e-05,0.007756285988666667
73458,3600,88,120,54.36045,7.64117,214444800.0,9.486842123089191e-05,0.015393903916095143,3.114875425478277e-05,0.015317143233130052,4.561192871031108e-05,0.09193466859731655,0.08541552498785922,0.006519143609457314,0.19567768505350788,7.145252615349054e-06,2.2802204988839633e-05,0.00021230201925863252,1.0233462483887629e-10,8.288654769346066e-11,1.9448077145415763e-11,5.439148527015259e-10,5.238542882457858e-10,2.0060564455740237e-11,0.0009546557764820514,0.629088175451321,3.7870149481919785e-07,2.17703949490636e-10,1.1826425039374704e-09,8.23376761473867e-05,0.007763162898862678
73459,3600,88,120,54.36298,7.66209,214444800.0,9.474923583648378e-05,0.01539170324513045,3.1140309551309156e-05,0.015314954634933391,4.560830064575407e-05,0.09180125730146786,0.08528292298318618,0.006518334318281652,0.1956308375894042,7.136017029461781e-06,2.2795650761571798e-05,0.00021221378793830965,1.0233313572531574e-10,8.286598384956948e-11,1.9467151875746385e-11,5.423898946465127e-10,5.224030600931622e-10,1.9986834553350537e-11,0.0009544535047924792,0.6290457253164754,3.772224029768326e-07,2.1752977342974268e-10,1.1831673827463582e-09,8.231106962874684e-05,0.00776155676463693
73460,3600,88,120,54.36302,7.67913,214444800.0,9.455497900117896e-05,0.015370081041864079,3.111876826331966e-05,0.015293366105374514,4.559616822625369e-05,0.09159504550273376,0.08508105509372571,0.006513990409008016,0.19544147751159013,7.12048588078542e-06,2.277178842635923e-05,0.0002119489614905546,1.02264371534566e-10,8.28037479045986e-11,1.946062362996752e-11,5.4044594948419e-10,5.205471762830268e-10,1.9898773201163358e-11,0.0009535383983746439,0.6289610510205839,3.7549219170787183e-07,2.1714513661683208e-10,1.182894057893716e-09,8.221956867965195e-05,0.007755262121470593
73461,3600,88,120,54.365,7.64129,214444800.0,9.490171814612008e-05,0.015394346215722348,3.115109033185467e-05,0.015317582257609996,4.5612867780502536e-05,0.091971131790077,0.08545181006779153,0.006519321722285435,0.1956881865526316,7.147854083932817e-06,2.2803938191227738e-05,0.00021232574889103555,1.0233496230800872e-10,8.289232676029252e-11,1.9442635547716307e-11,5.44344631036757e-10,5.242632918900334e-10,2.0081339146723643e-11,0.000954709586085632,0.6290974115522999,3.7911974106410243e-07,2.177491632725765e-10,1.1824760157258907e-09,8.234447895858439e-05,0.007763603445408446
73462,3600,88,120,54.36656,7.6892,214444800.0,9.439906621750201e-05,0.015349080245335834,3.1099932177754625e-05,0.01527239514753648,4.5585165621604455e-05,0.09143134889290137,0.08492146611314423,0.006509882779757106,0.19526589089359925,7.107936683097166e-06,2.2749985582758735e-05,0.00021171205901812786,1.0219604699204489e-10,8.274814484382394e-11,1.9447902148221064e-11,5.389944924546113e-10,5.191599716903356e-10,1.983452076427568e-11,0.0009526870114813377,0.628888716957424,3.7424035589196843e-07,2.168148056492792e-10,1.182441905322224e-09,8.213631115370266e-05,0.0077494801040087795
73463,3600,88,120,54.36731,7.66052,214444800.0,9.47423373417914e-05,0.015391519533018405,3.113981321615105e-05,0.015314771653482176,4.560806632008091e-05,0.09179327152078358,0.08527499971378358,0.0065182718069999816,0.19562728139879518,7.135489431701619e-06,2.2795239442144905e-05,0.00021220838074615932,1.0233302388330704e-10,8.286480475289772e-11,1.946821913040943e-11,5.423028540709365e-10,5.223202293208832e-10,1.9982624750053463e-11,0.0009544409157254348,0.6290424115898409,3.771384356978332e-07,2.175185666817104e-10,1.183191279493414e-09,8.230932379829064e-05,0.007761461135955771
73464,3600,88,120,54.36946,7.6413,214444800.0,9.488237748496637e-05,0.015393942381387441,3.11497137143138e-05,0.015317180408812227,4.5612258860907146e-05,0.09194926378243405,0.08543008638227717,0.006519177400156846,0.1956798839266391,7.146361164234453e-06,2.2802848107221292e-05,0.0002123111821813974,1.0233469938958564e-10,8.288899903240881e-11,1.944570035717697e-11,5.440981859725337e-10,5.240287633907705e-10,2.0069422581763257e-11,0.000954676031613208,0.6290898124994356,3.788810860052525e-07,2.177199657302687e-10,1.1825558126811077e-09,8.233999070742319e-05,0.0077633406017053475
73465,3600,88,120,54.36946,7.6413,214444800.0,9.488237748496637e-05,0.015393942381387441,3.11497137143138e-05,0.015317180408812227,4.5612258860907146e-05,0.09194926378243405,0.08543008638227717,0.006519177400156846,0.1956798839266391,7.146361164234453e-06,2.2802848107221292e-05,0.0002123111821813974,1.0233469938958564e-10,8.288899903240881e-11,1.944570035717697e-11,5.440981859725337e-10,5.240287633907705e-10,2.0069422581763257e-11,0.000954676031613208,0.6290898124994356,3.788810860052525e-07,2.177199657302687e-10,1.1825558126811077e-09,8.233999070742319e-05,0.0077633406017053475
73466,3600,88,120,54.36995,7.69924,214444800.0,9.436831158735199e-05,0.01536671166880563,3.11055525854914e-05,0.015290015596857848,4.559051936229964e-05,0.09138645967099542,0.0848737152677041,0.006512744403291297,0.19536926431201948,7.106011612087082e-06,2.2761567089584663e-05,0.0002118111862612632,1.0226207449293326e-10,8.2771525647205e-11,1.9490548845728398e-11,5.380558894648856e-10,5.182726707619927e-10,1.9783218702892908e-11,0.0009532228113176121,0.6288957414321548,3.731733927439053e-07,2.1687388738572724e-10,1.1837250162337035e-09,8.2178180161531e-05,0.0077527502610858145
73467,3600,88,120,54.37216,7.68963,214444800.0,9.443309515009453e-05,0.015367813543288521,3.111013008531361e-05,0.015291110962527414,4.559245067580262e-05,0.09145853402215069,0.08494537595637955,0.00651315806577109,0.1953933144652556,7.111043294505267e-06,2.276507616076205e-05,0.0002118586418984997,1.022628409644809e-10,8.27827218421163e-11,1.9480119122364735e-11,5.388868346852705e-10,5.190634432756044e-10,1.9823391409666137e-11,0.0009533312810428671,0.6289173812244361,3.7398010788902633e-07,2.169666774222734e-10,1.1834288636686614e-09,8.219229764527075e-05,0.007753618818707185
73468,3600,88,120,54.37221,7.66077,214444800.0,9.465706168443355e-05,0.015371735500002657,3.112597028852902e-05,0.015295010353559636,4.559917615450085e-05,0.09170823338964436,0.08519361390927367,0.006514619480370663,0.19547814781808245,7.128424663478709e-06,2.2777271429707482e-05,0.00021202330351383897,1.0226554204684828e-10,8.282140649422572e-11,1.944413555262267e-11,5.417570897047634e-10,5.21794930554459e-10,1.996215915030446e-11,0.0009537080392606092,0.6289939056931976,3.76765759264854e-07,2.172897160576027e-10,1.182417979342625e-09,8.224151535612171e-05,0.00775662688036073
73469,3600,88,120,54.37389,7.71272,214444800.0,9.424639921863095e-05,0.015364520206263246,3.1096922651071974e-05,0.015287836449600719,4.558683401146182e-05,0.09125027489566244,0.08473834173442087,0.00651193316124153,0.19532223794505169,7.096557355335952e-06,2.2754896687877737e-05,0.0002117212537145549,1.022605784276322e-10,8.275047951641515e-11,1.951009891121719e-11,5.364947455806631e-10,5.167870047409396e-10,1.970774083972349e-11,0.0009530168435767984,0.6288532257506525,3.7165872200403606e-07,2.1669691592478327e-10,1.1842687587356494e-09,8.215118249606167e-05,0.00775111019587109
73470,3600,88,120,54.37434,7.64127,214444800.0,9.485359507423714e-05,0.015393378161030234,3.1147669985710816e-05,0.015316619122490297,4.56113685542267e-05,0.09191689240163953,0.08539791955514942,0.0065189728464901,0.19566807922489138,7.144134886875943e-06,2.2801246716699287e-05,0.00021228970023563347,1.0233432485640588e-10,8.288403949724855e-11,1.9450285359157458e-11,5.437306320305312e-10,5.236789811132189e-10,2.0051650917312355e-11,0.0009546266716387055,0.6290790627077567,3.7852485191310067e-07,2.1767724877547317e-10,1.1826787953230194e-09,8.233344567908699e-05,0.0077629511814967045
73471,3600,88,120,54.37571,7.67143,214444800.0,9.449706157068387e-05,0.015350662695065746,3.1106845065293245e-05,0.015273967799376145,4.5588050624310494e-05,0.09153997780067627,0.08502949274062416,0.006510485060052079,0.1953010065109112,7.115558313995002e-06,2.2755245779623638e-05,0.00021178339369819216,1.0219716801279604e-10,8.276509753458655e-11,1.9432070478209585e-11,5.402532607073913e-10,5.203578860242591e-10,1.9895374683132174e-11,0.000952849769842651,0.6289201684829838,3.754630986976675e-07,2.169534810560533e-10,1.181984225226971e-09,8.215735803522624e-05,0.007750789946050407
73472,3600,88,120,54.37627,7.69595,214444800.0,9.436614124639606e-05,0.015366581063782548,3.110538667238282e-05,0.015289885262915002,4.5590414195172134e-05,0.09138360622196702,0.08487090173571969,0.00651270448624728,0.19536705391116627,7.105854620749066e-06,2.2761396382259838e-05,0.0002118090969636465,1.0226200615507353e-10,8.277116909561975e-11,1.949083705945389e-11,5.380300881371335e-10,5.182481193005995e-10,1.9781968836533948e-11,0.0009532177114335096,0.6288935917335524,3.731490992185977e-07,2.168689072300486e-10,1.1837241554547884e-09,8.21773648902825e-05,0.0077527167310703915
73473,3600,88,120,54.37717,7.66082,214444800.0,9.463429982548981e-05,0.01537126575398266,3.1124350899549234e-05,0.015294542941175413,4.5598461907705206e-05,0.09168252298922794,0.0851680718241472,0.006514451165080722,0.19546845933616247,7.126666976551129e-06,2.2775991652306282e-05,0.00021200618952173141,1.0226523513525054e-10,8.281748902693625e-11,1.9447746108314415e-11,5.414669305588514e-10,5.21518801569972e-10,1.9948128988879557e-11,0.0009536686357104548,0.6289850464223485,3.7648472707625757e-07,2.172554640496633e-10,1.1825125273257888e-09,8.223625335151025e-05,0.0077563178031284236
73474,3600,88,120,54.37744,7.72584,214444800.0,9.406693060891606e-05,0.015343107920100227,3.107642069651727e-05,0.015266456374919558,4.557512448415349e-05,0.09106032069850156,0.08455264859229494,0.006507672106206585,0.195137743987469,7.082179936701315e-06,2.273181176887867e-05,0.00021146703820570706,1.0219197025448995e-10,8.269080757338964e-11,1.95011626811004e-11,5.347413857719917e-10,5.151124933858311e-10,1.9628892386160426e-11,0.0009521258466136613,0.6287728584551834,3.701138741879519e-07,2.1633262922860897e-10,1.1839230422079873e-09,8.206275213624355e-05,0.007745011851095616
73475,3600,88,120,54.37839,7.7127,214444800.0,9.422685822792642e-05,0.015364112066509587,3.109553175817318e-05,0.01528743031601963,4.558621873179069e-05,0.09122817980643236,0.08471639249627876,0.006511787310153579,0.19531384748391709,7.0950489871938865e-06,2.275379524333359e-05,0.00021170653547052717,1.0226031273012537e-10,8.274711734434253e-11,1.9513195385782984e-11,5.362457505146771e-10,5.165500495455543e-10,1.969570096912287e-11,0.0009529829396317594,0.6288455461240016,3.714175985421624e-07,2.166674135083382e-10,1.184349368122969e-09,8.214664730816793e-05,0.007750844623850653
73476,3600,88,120,54.37882,7.64124,214444800.0,9.475935114364805e-05,0.015373461526003438,3.113319604725143e-05,0.015296726110317616,4.560221963857913e-05,0.09182197008037966,0.08530670128090086,0.006515268799478747,0.19551591516224986,7.136371097387659e-06,2.278280423694878e-05,0.0002120981597864707,1.0226674599102887e-10,8.283908735590365e-11,1.9427658635125346e-11,5.430694029415564e-10,5.230437993299082e-10,2.0025603611648166e-11,0.0009538790911647216,0.629027864271869,3.7803991692669124e-07,2.1743595104536607e-10,1.181948787111264e-09,8.226375572884625e-05,0.00775799763070887
73477,3600,88,120,54.38025,7.7375,214444800.0,9.396416368114337e-05,0.015341268924206918,3.106914714436996e-05,0.015264627755581323,4.5572021481229396e-05,0.09094556168221174,0.08443857110615138,0.006506990576060309,0.19509822740944407,7.074209374156268e-06,2.2726193620796217e-05,0.00021139127322389328,1.0219071292064424e-10,8.267306493781717e-11,1.951764798282718e-11,5.334252273455214e-10,5.138599680955646e-10,1.956525924995679e-11,0.0009519523546758175,0.6287371459716107,3.6883682887584985e-07,2.1618361590548825e-10,1.1843823507090269e-09,8.20400246307147e-05,0.007743629739341383
73478,3600,88,120,54.3813,7.67777,214444800.0,9.442379395277828e-05,0.015349297505838435,3.11016521409106e-05,0.015272610038713863,4.558581498366759e-05,0.0914579071228396,0.08494792300040069,0.0065099841224389035,0.1952720224060231,7.109882388655912e-06,2.2751209647114227e-05,0.00021172908880897286,1.0219624697407267e-10,8.275245863289867e-11,1.9443788341174106e-11,5.393160818416897e-10,5.194660189664499e-10,1.9850062875239762e-11,0.0009527252327003463,0.6288938849330483,3.745542072688649e-07,2.1684616183597815e-10,1.1823054653935978e-09,8.214095688965852e-05,0.007749802012114569
73479,3600,88,120,54.38176,7.66094,214444800.0,9.453799892328421e-05,0.015351311906545298,3.1109731320400224e-05,0.01527461292451639,4.558925070851585e-05,0.09158530177506233,0.0850745684105898,0.006510733364472498,0.1953154982678634,7.118743698983422e-06,2.2757436491551507e-05,0.0002118131304191207,1.0219763091959663e-10,8.277218183072024e-11,1.942544908887648e-11,5.407793661520633e-10,5.208585577296546e-10,1.9920808422408732e-11,0.0009529175763307384,0.6289331270368499,3.759742426518945e-07,2.1701117562945435e-10,1.1817916661729878e-09,8.216610701658136e-05,0.00775133656906552
73480,3600,88,120,54.38222,7.6938,214444800.0,9.429530832830442e-05,0.01534703390940938,3.109256306900865e-05,0.015270359395535386,4.558195080498779e-05,0.09131459514011438,0.08480545319892181,0.0065091419411925314,0.19522315052327022,7.0999126912629664e-06,2.2744205700475643e-05,0.00021163455265125542,1.0219469120063145e-10,8.27302686333711e-11,1.9464422567260463e-11,5.376697639707142e-10,5.178992957124035e-10,1.9770468258310668e-11,0.0009525088797801391,0.6288497767909436,3.729565263387607e-07,2.1666056784454293e-10,1.1828838220953248e-09,8.211267172843053e-05,0.007748075695322375
73481,3600,88,120,54.3826,7.74812,214444800.0,9.38093856922535e-05,0.015320307011978293,3.105039386688975e-05,0.015243695556946556,4.5561061164852845e-05,0.09078321930688861,0.08428032366730928,0.006502895639579287,0.1949233556765202,7.061745895146177e-06,2.2704463353589294e-05,0.00021115530641581788,1.0212241072090764e-10,8.261765412299607e-11,1.9504756597911685e-11,5.319879000724355e-10,5.124862096265579e-10,1.9501690445877786e-11,0.0009511031742351698,0.6286654887623828,3.675985528957015e-07,2.1585530150430285e-10,1.1839272642215901e-09,8.19570859469107e-05,0.00773786386254273
73482,3600,88,120,54.38279,7.72665,214444800.0,9.403736193728668e-05,0.015342511609962396,3.107431890281981e-05,0.015265863088405735,4.557420265384586e-05,0.0910269868999349,0.08451952957367681,0.006507457326258045,0.19512536678057074,7.079894903918718e-06,2.2730157172198675e-05,0.00021144488052481826,1.0219157789664743e-10,8.268571585608359e-11,1.9505862040563947e-11,5.343641537033099e-10,5.147535013738878e-10,1.9610652329422087e-11,0.00095207487730851,0.6287615614072181,3.697483950954278e-07,2.1628841222383698e-10,1.1840474651888474e-09,8.205596738323505e-05,0.007744611004029955
73483,3600,88,120,54.38331,7.64126,214444800.0,9.472704185252168e-05,0.01537284814211431,3.1130904566125646e-05,0.015296116008684135,4.560122886406053e-05,0.09178572560031684,0.08527068086426177,0.00651504473605504,0.19550296342275414,7.133869552880521e-06,2.278101794913067e-05,0.00021207415201024803,1.0226633465867295e-10,8.283351614750647e-11,1.9432818511166595e-11,5.426563762630545e-10,5.226507424448474e-10,2.000563381820721e-11,0.0009538239953511764,0.6290161009809143,3.7763944879476153e-07,2.173883987216859e-10,1.1820891382113525e-09,8.225648167683342e-05,0.007757561437393455
73484,3600,88,120,54.38436,7.7577,214444800.0,9.37273680781716e-05,0.01531884706604243,3.104458993068058e-05,0.015242243888088315,4.555858802343857e-05,0.09069166716210282,0.08418931329320778,0.006502353868895,0.19489193386814052,7.055383684227394e-06,2.269998393965774e-05,0.0002110948801655361,1.0212141077734358e-10,8.260349230909753e-11,1.951791846824616e-11,5.309373142829439e-10,5.114864169612046e-10,1.9450897321739265e-11,0.0009509648326347283,0.6286371046341812,3.6657912548948826e-07,2.1573652965121725e-10,1.184294726627074e-09,8.193897556970689e-05,0.007736761174543438
73485,3600,88,120,54.38442,7.7108,214444800.0,9.40915537504828e-05,0.015325215515230693,3.107034604117559e-05,0.015248575648913326,4.5569520276198165e-05,0.09109765442110301,0.08459292667200423,0.00650472774909873,0.1950297450454738,7.083648142649979e-06,2.2719809254821487e-05,0.0002113625841516164,1.0212579886332659e-10,8.266639809976646e-11,1.9459400763560248e-11,5.356047493119893e-10,5.15928196524232e-10,1.9676552787757288e-11,0.0009515773287651037,0.6287614030574404,3.7110905529172885e-07,2.1626163520826873e-10,1.1826499279233568e-09,8.201897446036647e-05,0.007741652076224364
73486,3600,88,120,54.38605,7.76641,214444800.0,9.365240943153053e-05,0.015317511811361215,3.10392853899834e-05,0.01524091619864976,4.5556327321476546e-05,0.09060799008612147,0.08410613162694622,0.0065018584591751945,0.19486320201382681,7.049569165182733e-06,2.2695889507880986e-05,0.0002110396494660547,1.0212049645776286e-10,8.259054954285398e-11,1.952994691490898e-11,5.299771696077484e-10,5.105726928400829e-10,1.940447676766556e-11,0.0009508383825696773,0.6286111488119305,3.656474646459167e-07,2.15627960873632e-10,1.1846304522226852e-09,8.192242037719171e-05,0.007735753345551966
73487,3600,88,120,54.38646,7.67642,214444800.0,9.43956513995897e-05,0.015348751969854805,3.109965466945131e-05,0.015272067368063651,4.558494712170602e-05,0.09142628415178447,0.08491649832749928,0.00650978582428514,0.19526057220783483,7.107704844479104e-06,2.274964734066733e-05,0.0002117081171644287,1.0219588356337843e-10,8.274760813737924e-11,1.9448275425999312e-11,5.389565654472101e-10,5.191238854482437e-10,1.9832679998966506e-11,0.0009526770661338051,0.6288834675075088,3.742057134486538e-07,2.1680451719317775e-10,1.1824264207895904e-09,8.21345798011245e-05,0.007749421539566857
73488,3600,88,120,54.38658,7.7399,214444800.0,9.385598980602566e-05,0.015321062767758083,3.105368188820126e-05,0.015244446651296036,4.5562434573850465e-05,0.09083489537849224,0.08433171242440642,0.006503182954085774,0.19494010349403657,7.06537015693791e-06,2.2706966775755845e-05,0.00021118924835402764,1.021229452992109e-10,8.262571576465802e-11,1.9497229534553e-11,5.325864692658335e-10,5.130558414941495e-10,1.953062777168393e-11,0.0009511806277990271,0.6286804947114878,3.681799656515801e-07,2.1592131560051917e-10,1.1837099694085035e-09,8.196710694040809e-05,0.0077384869408787
73489,3600,88,120,54.38756,7.66258,214444800.0,9.448471233338896e-05,0.01535031558482226,3.110595411292139e-05,0.015273622007437893,4.558762327144866e-05,0.09152559673312598,0.08501522865012391,0.006510368083002039,0.19529436696924293,7.114616096707269e-06,2.2754499114750817e-05,0.00021177361685211876,1.0219695949497137e-10,8.276299040122785e-11,1.943396909374363e-11,5.400978428113119e-10,5.202099855590033e-10,1.9887857252308552e-11,0.0009528269482959019,0.6289139590813624,3.753133179344602e-07,2.1693305508744153e-10,1.1820249044114387e-09,8.215416611706665e-05,0.007750617894902144
73490,3600,88,120,54.38782,7.64127,214444800.0,9.463281012519238e-05,0.015352930933504772,3.111643138520668e-05,0.015276222422144737,4.559207997483516e-05,0.09169081319673165,0.08517947264703046,0.00651134054970116,0.1953507921789089,7.126106807732664e-06,2.276257568725934e-05,0.0002118826163360041,1.0219875558199995e-10,8.278856626973505e-11,1.9410189312265017e-11,5.419953206783194e-10,5.220157257982587e-10,1.9979594880060815e-11,0.0009530764230869226,0.6289648947426324,3.771546885517602e-07,2.171471028663615e-10,1.1813589843163289e-09,8.218679153185521e-05,0.0077526080132630255
73491,3600,88,120,54.38902,7.72768,214444800.0,9.394070656281937e-05,0.01532250800223511,3.1059668414532906e-05,0.01524588337182108,4.5564961999504e-05,0.09092916647954243,0.08442544138054218,0.006503725099000199,0.1949716184643452,7.071949498568071e-06,2.271155800339123e-05,0.00021125132863011019,1.0212394957508709e-10,8.264035605059184e-11,1.9483593524495368e-11,5.336729932304896e-10,5.140898364800906e-10,1.9583156750398966e-11,0.0009513225401511162,0.6287088586046595,3.6923477207781885e-07,2.1604274251805909e-10,1.1833231917055996e-09,8.198558402267815e-05,0.007739622948794927
73492,3600,88,120,54.38961,7.68812,214444800.0,9.422888836113062e-05,0.015327566503530296,3.1080051906309085e-05,0.015250912830625364,4.5573620998626246e-05,0.091250515617045,0.08474490673826725,0.006505608878777722,0.1950809557179317,7.094312932192627e-06,2.2727256711775624e-05,0.00021146326594533808,1.0212743059274412e-10,8.269012990966983e-11,1.943730068307441e-11,5.373659404837068e-10,5.176042411091955e-10,1.9761699374511208e-11,0.0009518075103026347,0.6288075072447347,3.7281876877694256e-07,2.1645864286442447e-10,1.182023855118048e-09,8.204895736453933e-05,0.007743494046198912
73493,3600,88,120,54.39046,7.74628,214444800.0,9.378983073966028e-05,0.015319848082979396,3.1048995210377004e-05,0.015243238664133595,4.556042363542925e-05,0.09076087189498767,0.08425813625592493,0.0065027356390627,0.19491420211889346,7.060242689161393e-06,2.2703332475971002e-05,0.00021114030845191892,1.0212212184057932e-10,8.261429953967511e-11,1.950782230090432e-11,5.317398247457754e-10,5.122501310434425e-10,1.9489693702332898e-11,0.0009510684559203924,0.6286570357414696,3.6735872996187814e-07,2.158247692714418e-10,1.1840021197279347e-09,8.195236301654836e-05,0.007737595711944974
73494,3600,88,120,54.39097,7.76582,214444800.0,9.357358574668112e-05,0.015297839577695146,3.102589862436587e-05,0.015221266048680081,4.5547630390703514e-05,0.09053013968937687,0.08403189178590961,0.006498247903467214,0.19471649454872325,7.043005261367876e-06,2.2678272142414393e-05,0.0002108593094560343,1.0205309189457746e-10,8.254826593620721e-11,1.950482595837038e-11,5.295141165612613e-10,5.101261065943292e-10,1.9388009966932135e-11,0.0009501163411453572,0.6285648294173898,3.653550710837473e-07,2.1540839262691105e-10,1.1838278945747538e-09,8.185602546286379e-05,0.007731005689470754
73495,3600,88,120,54.39147,7.70937,214444800.0,9.406703359399576e-05,0.015324689897551242,3.106859893278281e-05,0.015248052556221681,4.556874239678032e-05,0.09106986621780024,0.0845653252332126,0.006504540984587591,0.1950190145188948,7.081757098801204e-06,2.2718419507701534e-05,0.00021134404373811627,1.0212545932599522e-10,8.266218189267287e-11,1.9463277433322465e-11,5.352926017956691e-10,5.156311429020687e-10,1.9661458893600535e-11,0.0009515345749386901,0.6287515616055936,3.708068852710208e-07,2.162243460897604e-10,1.1827495255901282e-09,8.201323442179876e-05,0.007741318197057079
73496,3600,88,120,54.39185,7.66042,214444800.0,9.446926999834122e-05,0.015350002040278005,3.1104856160155486e-05,0.015273310043190763,4.558714092709022e-05,0.09150817811970433,0.08499792279577642,0.006510255323927868,0.19528787115337412,7.11342299281353e-06,2.2753633793829448e-05,0.00021176203363131726,1.0219675361968236e-10,8.276033165465486e-11,1.9436421965027584e-11,5.399008782085106e-10,5.200225447138933e-10,1.9878333494617246e-11,0.0009528002962440258,0.6289080269284474,3.751225071092224e-07,2.1690992027106997e-10,1.1820896407822767e-09,8.215061501325661e-05,0.007750408450945943
73497,3600,88,120,54.3923,7.64127,214444800.0,9.460122360742099e-05,0.015352329911112886,3.111419098319457e-05,0.015275624609352775,4.5591110776921894e-05,0.09165537315076978,0.08514425203040701,0.006511121120362748,0.1953381097827804,7.123661391973544e-06,2.27608285879068e-05,0.00021185913837339687,1.0219835283200753e-10,8.278311996088405e-11,1.941523287112356e-11,5.415915631576697e-10,5.216314899444453e-10,1.9960073213224497e-11,0.0009530225385085548,0.6289533739178622,3.767632187425758e-07,2.1710058713874348e-10,1.1814960391646183e-09,8.217967523400798e-05,0.00775218151344387
73498,3600,88,120,54.395,7.65324,214444800.0,9.449763784775596e-05,0.015350473295339744,3.11068590786777e-05,0.015273778454492822,4.558798176825085e-05,0.09153968585351947,0.08502925251887386,0.006510433334645584,0.19529823385831704,7.1156276877774435e-06,2.275516399211528e-05,0.0002117827538899736,1.0219708412893802e-10,8.276523654160807e-11,1.943184758733005e-11,5.402649822657878e-10,5.203690461689102e-10,1.989593609687748e-11,0.000952847617786615,0.6289173317634257,3.7547608465574417e-07,2.1695032723003862e-10,1.1819586659109015e-09,8.215675579846071e-05,0.007750788248867249
73499,3600,88,120,54.39518,7.69026,214444800.0,9.417366770827567e-05,0.015326538354573266,3.10761381843562e-05,0.015249890280023786,4.557193636512894e-05,0.09118866385568736,0.08468343231079895,0.006505231544888363,0.19505912243857973,7.090034980928728e-06,2.2724215180442327e-05,0.00021142234132265312,1.0212673677216613e-10,8.268060401509398e-11,1.944613275707224e-11,5.366595866959031e-10,5.169320389108922e-10,1.9727547785010853e-11,0.0009517136607054075,0.6287877094965842,3.7213372904522167e-07,2.1637777348966966e-10,1.1822660577141368e-09,8.203659890200179e-05,0.00774274949246239
73500,3600,88,120,54.39518,7.69026,214444800.0,9.417366770827567e-05,0.015326538354573266,3.10761381843562e-05,0.015249890280023786,4.557193636512894e-05,0.09118866385568736,0.08468343231079895,0.006505231544888363,0.19505912243857973,7.090034980928728e-06,2.2724215180442327e-05,0.00021142234132265312,1.0212673677216613e-10,8.268060401509398e-11,1.944613275707224e-11,5.366595866959031e-10,5.169320389108922e-10,1.9727547785010853e-11,0.0009517136607054075,0.6287877094965842,3.7213372904522167e-07,2.1637777348966966e-10,1.1822660577141368e-09,8.203659890200179e-05,0.00774274949246239
73501,3600,88,120,54.39554,7.72697,214444800.0,9.391465468678575e-05,0.015321960792969703,3.105781367537794e-05,0.01524533883891092,4.5564140383409324e-05,0.090899695070442,0.08439616527574759,0.0065035297946943686,0.19496038618357128,7.069938936203822e-06,2.271008781951167e-05,0.00021123168997268113,1.0212359394667556e-10,8.263587424208095e-11,1.9487719704594705e-11,5.333411021793581e-10,5.13773993721882e-10,1.956710845747597e-11,0.0009512772915031018,0.6286985733428611,3.689133982691774e-07,2.160033486123734e-10,1.183430304859117e-09,8.19795264934597e-05,0.00773926874477852
73502,3600,88,120,54.39577,7.74504,214444800.0,9.377722572330475e-05,0.015319548069891336,3.104809308226273e-05,0.015242939965931313,4.556001087776652e-05,0.090746447248395,0.0842438159101726,0.006502631338222354,0.19490823896624174,7.059274248480275e-06,2.2702601141537557e-05,0.00021113061850908043,1.0212193372208784e-10,8.261213802244917e-11,1.9509795699638778e-11,5.315800078109818e-10,5.120980428523025e-10,1.9481964958679363e-11,0.0009510460111222029,0.6286515232544043,3.67204263603301e-07,2.1580500466172884e-10,1.1840498889850769e-09,8.19493033325468e-05,0.007737422665315907
73503,3600,88,120,54.39584,7.76527,214444800.0,9.355719108430658e-05,0.015297479976507235,3.102472937876051e-05,0.015220908140368913,4.554710675956943e-05,0.09051152171082347,0.08401340095217685,0.006498120758646566,0.19470919752282065,7.04174188064632e-06,2.267733829940043e-05,0.0002108468694522721,1.020528611564429e-10,8.254544851163649e-11,1.9507412644806533e-11,5.293055859791818e-10,5.0992765972698e-10,1.937792625220183e-11,0.0009500876273653244,0.6285581250977631,3.6515327229713934e-07,2.153832973241566e-10,1.183893548139707e-09,8.185215773513885e-05,0.007730782065098224
73504,3600,88,120,54.39716,7.67447,214444800.0,9.427049355718944e-05,0.015328229913519825,3.1082985730799494e-05,0.01525157208557022,4.557484221881086e-05,0.09129659589478477,0.08479073365744895,0.006505862237335792,0.19509573797560123,7.097549837130319e-06,2.2729485208919256e-05,0.0002114935070161113,1.0212790269386403e-10,8.269732906380885e-11,1.9430573630055303e-11,5.379005502905836e-10,5.181130059514681e-10,1.9787544339115485e-11,0.0009518764794174523,0.6288207320588872,3.7333814621403133e-07,2.1651735071644672e-10,1.1818285698511843e-09,8.205786225526924e-05,0.0077440497573593985
73505,3600,88,120,54.39866,7.70793,214444800.0,9.40247845269461e-05,0.015323875855182781,3.106560088745596e-05,0.015247242812642519,4.556744165281343e-05,0.09102241532745517,0.08451817066309487,0.0065042446643602675,0.19500189901937465,7.078487445033176e-06,2.2716076896862983e-05,0.00021131258637285903,1.02124916006375e-10,8.2654899097785e-11,1.947001690859011e-11,5.347527695736589e-10,5.151174118248432e-10,1.963535774881569e-11,0.0009514623421497448,0.6287359976162585,3.702835639760751e-07,2.161619257567618e-10,1.182931679185522e-09,8.200367887049262e-05,0.007740747245757557
73506,3600,88,120,54.39938,7.6638,214444800.0,9.439221519172184e-05,0.015348568447599747,3.1099395104501e-05,0.015271884261834458,4.558479066079387e-05,0.09142187535601096,0.08491214626147883,0.0065097290945320884,0.1952574212939414,7.1074534127476685e-06,2.2749390261394614e-05,0.00021170493326360575,1.0219578595748283e-10,8.274703902269872e-11,1.944874693478422e-11,5.38915209737923e-10,5.190845324252802e-10,1.9830677312642885e-11,0.0009526693556448656,0.6288804176779469,3.741665721785469e-07,2.167970969478389e-10,1.1824277347064356e-09,8.213337399829122e-05,0.007749369553217991
73507,3600,88,120,54.40076,7.76471,214444800.0,9.360319122244565e-05,0.015316430906720848,3.103577503145776e-05,0.015239840376937605,4.555475475178949e-05,0.09055209096193996,0.084050614578236,0.006501476383703917,0.19484127545736551,7.045776552729001e-06,2.269308526347137e-05,0.00021100229628842173,1.0211980314682208e-10,8.258209165528177e-11,1.9537711491540422e-11,5.293511719321841e-10,5.099769659739045e-10,1.937420595827968e-11,0.000950752160162136,0.6285910013225284,3.650416864415812e-07,2.1555259560531725e-10,1.184827394546326e-09,8.191080418646982e-05,0.0077350819417602865
73508,3600,88,120,54.40144,7.7257,214444800.0,9.388038539990371e-05,0.015321299980236859,3.105538181495304e-05,0.015244681513330449,4.556308509146088e-05,0.09086120400624446,0.08435791470967353,0.006503289296570884,0.19494649553709004,7.067286901882887e-06,2.2708187372276518e-05,0.00021120617132326693,1.0212315300853606e-10,8.262996708629799e-11,1.9493185922238185e-11,5.329032419649104e-10,5.133573042710199e-10,1.954593769389047e-11,0.0009512186934872682,0.6286859410537526,3.684889343662108e-07,2.1595270746649847e-10,1.1835779941300633e-09,8.197177383550592e-05,0.007738805607027011
73509,3600,88,120,54.40157,7.68837,214444800.0,9.414128332323542e-05,0.015325905331516598,3.1073838935574715e-05,0.015249260557159696,4.5570935421332575e-05,0.09115224982149925,0.08464724792664867,0.0065050018948505225,0.19504586752436065,7.087529872884035e-06,2.272241440879823e-05,0.00021139818065041657,1.0212631619065499e-10,8.267502346154201e-11,1.9451292729113085e-11,5.36245995951662e-10,5.16538445716472e-10,1.970755023519002e-11,0.0009516581518466637,0.6287756418957295,3.71732861351036e-07,2.1632974681174675e-10,1.1824046389331926e-09,8.202924139711345e-05,0.007742311423733044
73510,3600,88,120,54.40172,7.74606,214444800.0,9.373645027406863e-05,0.01531875678776718,3.1045198851482344e-05,0.015242152835845776,4.5558753069927747e-05,0.09070062502636445,0.08419828123966401,0.006502343786700394,0.19489163598908363,7.056119333995938e-06,2.2700337043865012e-05,0.00021110022832511918,1.0212140678822054e-10,8.2605110360827e-11,1.951629642739366e-11,5.310591269996986e-10,5.116023470257977e-10,1.9456779973901058e-11,0.0009509762096219542,0.6286364164664796,3.666993596789221e-07,2.1574464898208667e-10,1.1842250409240447e-09,8.194006049105924e-05,0.007736871361924664
73511,3600,88,120,54.40301,7.67362,214444800.0,9.42973057067825e-05,0.015346856822239971,3.109267590532334e-05,0.015270182227141818,4.558191919283719e-05,0.09131582868059743,0.08480673268888005,0.006509095991717346,0.19522072764869486,7.1000939060481866e-06,2.2744194161508995e-05,0.0002116348906197056,1.0219461873077837e-10,8.273065558788757e-11,1.9463963142890904e-11,5.376999710200755e-10,5.1792804796625e-10,1.977192305382553e-11,0.0009525089215820989,0.6288472344379015,3.729875543730209e-07,2.16659212592979e-10,1.1828504016305095e-09,8.211233584830621e-05,0.007748092489975615
73512,3600,88,120,54.40567,7.76413,214444800.0,9.358180027281576e-05,0.015315990529587499,3.103425331997779e-05,0.015239402192279526,4.555408398800215e-05,0.0905279341007424,0.08402661559546255,0.006501318505279789,0.19483218664188304,7.04412459532845e-06,2.2691883175832516e-05,0.0002109862187846439,1.0211951521032785e-10,8.25784099175447e-11,1.9541105292783278e-11,5.290784651870765e-10,5.097174454798081e-10,1.936101970726829e-11,0.0009507151466727493,0.6285826920065277,3.647775489518223e-07,2.155204280506756e-10,1.184916371989139e-09,8.190586303822679e-05,0.007734791530682666
73513,3600,88,120,54.40685,7.70627,214444800.0,9.397774424479336e-05,0.015322966815501436,3.1062262492158104e-05,0.015246338560768267,4.556599224101812e-05,0.09096957075325199,0.08446565675888572,0.0065039139943662274,0.1949828023480161,7.074847330662909e-06,2.271346710326297e-05,0.0002112775473193941,1.0212430985109768e-10,8.264679093505739e-11,1.94775189160404e-11,5.34151776483096e-10,5.145454771074346e-10,1.9606299375661458e-11,0.0009513818759106234,0.6287186278287944,3.697009741411502e-07,2.160923731377453e-10,1.1831341811240899e-09,8.199302988325506e-05,0.0077401114194153246
73514,3600,88,120,54.40691,7.74491,214444800.0,9.376858392650428e-05,0.015337485138609327,3.105526650007614e-05,0.015260863878700636,4.556599340861769e-05,0.09072582940297733,0.08422021484217639,0.006505614560800898,0.19501876509650018,7.059075368638383e-06,2.2715340442302067e-05,0.000211245568341094,1.0218819076247234e-10,8.263935440891498e-11,1.9548836353557463e-11,5.309265662873292e-10,5.114821188980669e-10,1.9444447389262415e-11,0.0009516177328333789,0.6286648626251021,3.664147148592147e-07,2.158943512498234e-10,1.1852238038972602e-09,8.19957336722809e-05,0.007740985957393141
73515,3600,88,120,54.40779,7.72451,214444800.0,9.38428572269896e-05,0.015320576794079,3.1052718756013854e-05,0.01524396214567604,4.556192964695187e-05,0.09081905476993839,0.08431602871197201,0.006503026057966329,0.19493129094905387,7.0643826108616086e-06,2.2706106464535348e-05,0.0002111782284342015,1.0212267035162584e-10,8.262349808873452e-11,1.9499172262891415e-11,5.324237326559206e-10,5.129009794680481e-10,1.9522753187872453e-11,0.0009511545303256265,0.6286721145883887,3.680240918366279e-07,2.158972598682063e-10,1.1837397819207516e-09,8.196328563570316e-05,0.007738298448654689
73516,3600,88,120,54.41053,7.7636,214444800.0,9.35497523005656e-05,0.015315378884092005,3.10319799404055e-05,0.015238793804316586,4.555309983501938e-05,0.09049196767217207,0.08399087231442584,0.006501095357746193,0.19481929133954248,7.0416436816353535e-06,2.2690109507434135e-05,0.0002109623880041348,1.0211910573746849e-10,8.257288440692027e-11,1.954622133054834e-11,5.286688491353087e-10,5.093276344036769e-10,1.934121473163175e-11,0.000950660446050544,0.6285709748509073,3.643804138150025e-07,2.154731959561065e-10,1.1850552170443933e-09,8.189863604440769e-05,0.007734358712865434
73517,3600,88,120,54.41216,7.69727,214444800.0,9.400380787761241e-05,0.0153233753329558,3.106409944186931e-05,0.015246744479294277,4.556675421966104e-05,0.09099840465945337,0.08449433391654043,0.006504070742912897,0.19499195661489352,7.0768759686996475e-06,2.2714859133974794e-05,0.00021129645415438123,1.021246023773011e-10,8.265130225528207e-11,1.9473300122019148e-11,5.344868373607164e-10,5.148643401218265e-10,1.9622497238890064e-11,0.0009514249709786333,0.6287268049187323,3.7002654525450794e-07,2.161290093903794e-10,1.1830110299870404e-09,8.19985825085932e-05,0.007740459210676731
73518,3600,88,120,54.41372,7.74275,214444800.0,9.367235575601841e-05,0.015317510941716695,3.104064916609137e-05,0.015240913517496225,4.5556775054383366e-05,0.09062858799243631,0.08412669677182119,0.006501891220615084,0.19486550738640832,7.051160407475006e-06,2.2696776975623916e-05,0.0002110524474382395,1.0212057757838281e-10,8.259406405344109e-11,1.9526513524941835e-11,5.30240403989086e-10,5.108232099517949e-10,1.9417194037291136e-11,0.0009508664574631638,0.6286126392725713,3.6590576571434366e-07,2.156497357931255e-10,1.1845001259922555e-09,8.192552431669003e-05,0.00773600467728309
73519,3600,88,120,54.41533,7.72441,214444800.0,9.378983596805457e-05,0.015319568014737137,3.1048958021276504e-05,0.015242958753925628,4.556030279023735e-05,0.0907595654279352,0.08425690767733558,0.006502657750599576,0.19491000371576,7.060277713614944e-06,2.2703173832703758e-05,0.00021113881875888045,1.0212199433905273e-10,8.261435587259579e-11,1.9507638466457053e-11,5.317459814584824e-10,5.122559975227779e-10,1.948998393570455e-11,0.0009510640810043786,0.6286527771948185,3.6736696610440443e-07,2.158191803601448e-10,1.1839698541845092e-09,8.195134055169546e-05,0.007737582528998698
73520,3600,88,120,54.41538,7.7052,214444800.0,9.386306824768103e-05,0.015302649213924394,3.1046337692343754e-05,0.015226046665106878,4.555621112517767e-05,0.09085166657639694,0.08435160195938242,0.006500064617014492,0.19482225179877594,7.065503204800103e-06,2.2693887579661953e-05,0.0002110707549269913,1.020564649127271e-10,8.259831820396307e-11,1.9458146708764143e-11,5.332296376020437e-10,5.136620008383312e-10,1.9567636763712584e-11,0.0009505992489151706,0.6286597916725443,3.6896316835244516e-07,2.1582074274063564e-10,1.1824914255034111e-09,8.191869214733734e-05,0.0077348814061883415
73521,3600,88,120,54.4154,7.76305,214444800.0,9.351811845377567e-05,0.015314774099076937,3.102973579769671e-05,0.015238192235330513,4.555212794873293e-05,0.09045646111694161,0.08395558631336639,0.006500874803575196,0.1948065470299377,7.03919495533979e-06,2.268835816666442e-05,0.0002109388596046422,1.021187010808245e-10,8.2567430503618e-11,1.9551270577206615e-11,5.282645488384137e-10,5.08942882092877e-10,1.9321666745536865e-11,0.0009506064359487981,0.6285593932407189,3.6398844090460215e-07,2.1542655335742766e-10,1.1851921478775763e-09,8.189149862651908e-05,0.007733931438590253
73522,3600,88,120,54.41868,7.74834,214444800.0,9.359761356468035e-05,0.015316144282189354,3.103535521599891e-05,0.015239554421322002,4.555450565136014e-05,0.09054498738345582,0.0840435999492364,0.006501387434219372,0.19483632984424193,7.045367035872896e-06,2.2692674364683428e-05,0.00021099718825143786,1.0211964984390744e-10,8.258116563788432e-11,1.953848420602323e-11,5.292837983321539e-10,5.0991285468128e-10,1.9370943650873923e-11,0.0009507398208140807,0.6285862222010368,3.6497782360071213e-07,2.155407761620689e-10,1.1848308241889531e-09,8.190888809905373e-05,0.0077349980905325
73523,3600,88,120,54.41962,7.71634,214444800.0,9.375459804198431e-05,0.015300693368290711,3.1038658495472495e-05,0.01522410178026912,4.555292952612328e-05,0.09073046947409624,0.08423112832405077,0.006499341150045423,0.19478032040821466,7.05709212589939e-06,2.268794924967528e-05,0.00021099070635102022,1.0205513106578735e-10,8.257959382792354e-11,1.947553723786394e-11,5.318407575495971e-10,5.123402702323132e-10,1.9500487317283927e-11,0.0009504158972274134,0.628621872328127,3.6761568196764537e-07,2.1566316413769238e-10,1.182974522182652e-09,8.189464928854452e-05,0.007733421891405607
73524,3600,88,120,54.42029,7.76247,214444800.0,9.348690373437118e-05,0.015314176157613208,3.1027521231604224e-05,0.015237597467947405,4.555116843420292e-05,0.09042141952209691,0.08392076267576243,0.006500656846334424,0.19479395404064023,7.036778817541364e-06,2.2686629366593257e-05,0.0002109156367064174,1.0211830125312944e-10,8.256204909227541e-11,1.955625216085414e-11,5.278656306707248e-10,5.085632517155222e-10,1.9302378955202687e-11,0.0009505531231463517,0.6285479472956031,3.636016954819827e-07,2.1538050538130158e-10,1.185327129883702e-09,8.188445150187693e-05,0.007733509770092869
73525,3600,88,120,54.42431,7.72895,214444800.0,9.363259447980543e-05,0.015298494680227063,3.103002135674306e-05,0.015221915419864498,4.554923900582591e-05,0.09059415666263139,0.08409562891520393,0.006498527747427402,0.1947331751107134,7.047631487411392e-06,2.268127068939541e-05,0.00021090067675213171,1.0205363133781543e-10,8.255853305935368e-11,1.949509827846185e-11,5.302785673171379e-10,5.108536085998042e-10,1.9424958717333827e-11,0.0009502096880085315,0.6285792398948297,3.6610004114482095e-07,2.1548594870712903e-10,1.1835180285283398e-09,8.186761101778267e-05,0.007731780335119788
73526,3600,88,120,54.42501,7.74124,214444800.0,9.360285899824183e-05,0.015316174566913681,3.1035717949064034e-05,0.015239584212390729,4.555463657389343e-05,0.09055054709622379,0.0840491425595977,0.006501404536626056,0.1948373935872708,7.04578172624174e-06,2.2692925058222733e-05,0.00021100071649713924,1.0211968507041429e-10,8.258208383781304e-11,1.9537601232601362e-11,5.293523597820951e-10,5.099781030338305e-10,1.93742567482646e-11,0.0009507476813270387,0.6285870781699673,3.650448610057532e-07,2.1554711200884497e-10,1.1848000629394673e-09,8.190981585137908e-05,0.007735065628570524
73527,3600,88,120,54.4252,7.76208,214444800.0,9.345456987535534e-05,0.015313557929021396,3.102522742107944e-05,0.01523698252658502,4.555017501530157e-05,0.09038512697350806,0.08388469557873464,0.006500431394773374,0.19478092680983505,7.034275911881954e-06,2.2684839236789345e-05,0.00021089158733402294,1.0211788761444106e-10,8.25564745137956e-11,1.956141310064558e-11,5.274523850968282e-10,5.081699866349489e-10,1.928239846187942e-11,0.0009504979169302546,0.6285361084801508,3.63201050531964e-07,2.1533282943861337e-10,1.185467083834986e-09,8.187715592184223e-05,0.0077330730379792005
73528,3600,88,120,54.42936,7.75785,214444800.0,9.345497789984936e-05,0.015313523975984239,3.102525076921384e-05,0.015236948555697625,4.5550169517405446e-05,0.0903853893707894,0.08388496674446438,0.006500422626324962,0.19478046518399472,7.034312655831637e-06,2.268483814028467e-05,0.00021089166822151048,1.021178738221884e-10,8.25565531211777e-11,1.9561320701010793e-11,5.27458507487329e-10,5.081758141163505e-10,1.928269337097856e-11,0.0009504979602427833,0.6285356229227903,3.6320732412279216e-07,2.1533259698094852e-10,1.1854605124571908e-09,8.187709542793182e-05,0.007733076573920165
73529,3600,88,120,54.43,7.73866,214444800.0,9.3586322228697e-05,0.015315833325742408,3.103454144782087e-05,0.015239244666614608,4.555411767998805e-05,0.09053186833942883,0.08403058607616976,0.006501282263259041,0.19483035531219775,7.044504740808971e-06,2.2691995304147527e-05,0.00021098828315904605,1.0211946211134491e-10,8.257923774286691e-11,1.9540224368478116e-11,5.291415548434125e-10,5.097774912153355e-10,1.9364063628077103e-11,0.0009507190547135856,0.6285806423344065,3.6484068665289017e-07,2.155222282057718e-10,1.1848687572443e-09,8.190599306866206e-05,0.007734841081831524
73530,3600,88,120,54.43385,7.75253,214444800.0,9.346125392534045e-05,0.01531358978620163,3.102568873487604e-05,0.015237013758530225,4.5550338936536703e-05,0.09039217995697699,0.08389172864209579,0.00650045131488114,0.1947821813423735,7.034805167570262e-06,2.2685154865993148e-05,0.00021089604734278737,1.0211792943626534e-10,8.255764587212409e-11,1.9560283564141356e-11,5.275398966219797e-10,5.082532695125019e-10,1.9286627109477884e-11,0.0009505078279136261,0.6285370968134679,3.6328667005173514e-07,2.1534076845231751e-10,1.1854271110691227e-09,8.187831351831712e-05,0.007733158780517564
73531,6000,103,151,54.0043,6.56868,357408000.0,8.984470991731726e-05,0.016015332622680768,3.2166727726459466e-05,0.015936907667966557,4.625822698775439e-05,0.08580825731699801,0.07902219036766354,0.0067860669493344065,0.2027173765445191,6.759810812993437e-06,2.3525303075277615e-05,0.00021737255458755426,1.0991525303240563e-10,8.768261127714278e-11,2.2232641755262897e-11,4.402157987392943e-10,4.255771045106841e-10,1.4638694228610213e-11,0.0009871490028230216,0.6305733983012578,2.6992431329427724e-07,2.1725197626586244e-10,1.2846214749652292e-09,8.45351598261275e-05,0.00793632347853892
73532,6000,103,151,54.0075,6.5166,357408000.0,8.959084713224024e-05,0.016011908410025425,3.2148910001777624e-05,0.01593350845517759,4.625104484605655e-05,0.08553001046189845,0.07874531595305989,0.006784694508838499,0.2026365308596714,6.739983090252261e-06,2.3512059257446404e-05,0.00021719135745653455,1.0991265640688267e-10,8.76385607321176e-11,2.22740956747651e-11,4.3694020788951954e-10,4.2245985104188347e-10,1.4480356847636062e-11,0.0009867379328665526,0.6305021891491304,2.667370320801949e-07,2.1690621748016918e-10,1.2858848292483035e-09,8.448310365622793e-05,0.007932962196564402
73533,6000,103,151,54.0075,6.5288,357408000.0,8.965041976851377e-05,0.016012695485059358,3.215308898535142e-05,0.015934289672944857,4.6252723129146905e-05,0.08559522804658845,0.07881021605442284,0.006785011992165539,0.20265525560460154,6.744637991782639e-06,2.3515157772849314e-05,0.00021723379024337307,1.0991325824544537e-10,8.764890109836843e-11,2.226435714707696e-11,4.377092313911146e-10,4.2319170147973005e-10,1.4517529911384602e-11,0.0009868341388183082,0.6305186490162977,2.6748545476474655e-07,2.1698702592436792e-10,1.2855864695141725e-09,8.44952592376298e-05,0.007933750191841104
73534,6000,103,151,54.00751,6.50444,357408000.0,8.956873866598463e-05,0.016022708102247492,3.215206188332074e-05,0.015944301770020437,4.625427034373399e-05,0.08550033550218034,0.07871386864486783,0.006786466857312454,0.20270144098596438,6.738509141917578e-06,2.3518970695540038e-05,0.00021724966468013418,1.0995235852113164e-10,8.765190142624503e-11,2.230045709488666e-11,4.3632400468215766e-10,4.2187698590713217e-10,1.4447018775025494e-11,0.000987057720306824,0.6305094864848332,2.6604307743763753e-07,2.169420839591109e-10,1.2867039781230338e-09,8.450846247164887e-05,0.007934888667038696
73535,6000,103,151,54.00781,6.54105,357408000.0,8.971030734163189e-05,0.01601348061194792,3.215728924254989e-05,0.015935068915059265,4.625440764610755e-05,0.0856607617951019,0.07887543234036241,0.006785329454739418,0.20267398774724638,6.749318256813855e-06,2.35182692033259e-05,0.00021727641478777265,1.0991386048404622e-10,8.765929733871486e-11,2.225456314533141e-11,4.3848245320496146e-10,4.2392754745249774e-10,1.4554905752463878e-11,0.000986930757782515,0.6305351030004258,2.682380122398411e-07,2.170681395357689e-10,1.2852858294105352e-09,8.450745676007774e-05,0.007934542063940115
73536,6000,103,151,54.01157,6.55589,357408000.0,8.978379509595185e-05,0.016014374494405875,3.2162434034956564e-05,0.015935955615698022,4.625644467289761e-05,0.08574085219799475,0.07895515252887246,0.006785699669122235,0.20269593122478008,6.755069980896593e-06,2.3522047774694654e-05,0.00021732834842724152,1.0991456782328524e-10,8.767206827461939e-11,2.2242499548665902e-11,4.3943278161646335e-10,4.24831940908919e-10,1.460084070754448e-11,0.0009870482302992434,0.6305542360795013,2.6916350019928933e-07,2.171662844741971e-10,1.2849089120844628e-09,8.452217019376994e-05,0.007935510476619579
73537,6000,103,151,54.01172,6.5683,357408000.0,8.984440986289741e-05,0.016015173151700153,3.216668583023905e-05,0.01593674831449929,4.625815137062916e-05,0.08580720042166963,0.07902117832345826,0.006786022098211304,0.20271495074982107,6.759806582861279e-06,2.3525199253519167e-05,0.0002173715118540224,1.0991517919455185e-10,8.768258996208457e-11,2.2232589232467332e-11,4.402153055135154e-10,4.2557663921752593e-10,1.4638666295989524e-11,0.0009871460850136794,0.6305709506384116,2.6992507914350864e-07,2.1724846286126658e-10,1.2846050813913231e-09,8.45345304297934e-05,0.007936312153219794
73538,6000,103,151,54.015,6.5284,357408000.0,8.965107311195562e-05,0.01601255101014512,3.215311429111749e-05,0.01593414522044635,4.625267540765373e-05,0.08559522613130445,0.07881025324181481,0.006784972889489579,0.20265316545893494,6.7447079619589315e-06,2.3515104900917645e-05,0.00021723343939542488,1.0991319513206369e-10,8.764904479528592e-11,2.2264150336777824e-11,4.377209934214396e-10,4.232028989848823e-10,1.4518094436557433e-11,0.00098683279823416,0.6305165012689855,2.6749812834691353e-07,2.1698485371185156e-10,1.2855655771775056e-09,8.449483314661026e-05,0.007933751591085928
73539,6000,103,151,54.01501,6.50401,357408000.0,8.953219113263775e-05,0.01601098162760389,3.214477496661871e-05,0.015932587525821613,4.62493268156594e-05,0.08546508524142706,0.07868074555692309,0.0067843396845039036,0.20261581805093906,6.735418572905079e-06,2.3508922295779648e-05,0.00021714876823306905,1.0991199470175253e-10,8.762840950910138e-11,2.2283585192651203e-11,4.3618631725601316e-10,4.217424059734639e-10,1.4443911282549418e-11,0.000986640831699675,0.6304836738822346,2.6600455319050933e-07,2.1682361971938642e-10,1.2861611263158357e-09,8.447058041703087e-05,0.007932179144207819
73540,6000,103,151,54.01508,6.51618,357408000.0,8.959154247527457e-05,0.016011763456537723,3.21489381152393e-05,0.01593336352056107,4.6250997861416515e-05,0.08553004968508952,0.07874539434254273,0.006784655342546741,0.2026344384205595,6.740056469907055e-06,2.3512007983749503e-05,0.0002171910310148671,1.0991259324723697e-10,8.76387119236202e-11,2.2273881323616823e-11,4.3695253455696356e-10,4.224715859179101e-10,1.4480948639053547e-11,0.0009867366439380873,0.6305000372904546,2.6675026345363096e-07,2.1690408159421997e-10,1.2858636076272577e-09,8.448268235909545e-05,0.007932964102468376
73541,6000,103,151,54.01913,6.56792,357408000.0,8.992031071455325e-05,0.016038209268544257,3.218139563647842e-05,0.015959759951478712,4.626792142906837e-05,0.08587864647271873,0.07908848132260796,0.006790165150110714,0.2028802732522895,6.766263047691513e-06,2.3545184500566333e-05,0.0002175728835083131,1.0999572850453072e-10,8.773015061764775e-11,2.2265577886883004e-11,4.4053676653587616e-10,4.2588966948257107e-10,1.464709705330522e-11,0.000987977291093619,0.6306164486759459,2.70050615739425e-07,2.174801301762359e-10,1.2856244957183032e-09,8.46092086354025e-05,0.007941746840120925
73542,6000,103,151,54.01935,6.5556,357408000.0,8.982315715355117e-05,0.01602582937497708,3.216987699306854e-05,0.01594739816385535,4.626133412865969e-05,0.08577773732572364,0.0789899813670032,0.006787755958720364,0.2027778093397758,6.7584186270876614e-06,2.3532067401290703e-05,0.0002174296035122055,1.0995481948068792e-10,8.769610981728203e-11,2.2258709663405934e-11,4.3961351355665926e-10,4.25007492793973e-10,1.460602076268639e-11,0.0009874648326499097,0.6305761307836282,2.6924638970123325e-07,2.1728239836903045e-10,1.2854021321774755e-09,8.45594983604191e-05,0.007938242621435814
73543,6000,103,151,54.02016,6.5431,357408000.0,8.976276989651637e-05,0.016025015739408177,3.216563874646924e-05,0.01594659047458879,4.625962607292194e-05,0.08571155393071658,0.0789241241906461,0.006787429740070443,0.20275859169230503,6.753702024607573e-06,2.3528917553827825e-05,0.00021738650626388937,1.0995420221918145e-10,8.76856311782019e-11,2.2268571040979594e-11,4.38834317499549e-10,4.2426596193728255e-10,1.456835556226643e-11,0.0009873670639481366,0.6305592056043358,2.684881935321932e-07,2.1720016934220524e-10,1.285702753735636e-09,8.454711883870423e-05,0.007937443103463003
73544,6000,103,151,54.02248,6.50359,357408000.0,8.957218169497949e-05,0.016022456475150357,3.2152263577539684e-05,0.015944049972557765,4.625423901505263e-05,0.08550271306075238,0.07871631049318378,0.006786402567568549,0.2026980685797377,6.738814888167626e-06,2.3518981228641576e-05,0.00021725053316999822,1.0995225801924855e-10,8.765255783739402e-11,2.229970018185456e-11,4.363749090507169e-10,4.219254374764855e-10,1.4449471574231406e-11,0.0009870586315403448,0.6305059196009152,2.6609499855404197e-07,2.1694081914391365e-10,1.286652540890502e-09,8.450807944122661e-05,0.00793492015428616
73545,6000,103,151,54.02261,6.51578,357408000.0,8.966879351356849e-05,0.016034820401599256,3.216374303701807e-05,0.015956395851313677,4.626080724856327e-05,0.08560298786616874,0.0788141814446138,0.006788806421554887,0.20280023013215887,6.7466180665498955e-06,2.353206515311911e-05,0.0002173933803261127,1.0999315755882471e-10,8.768650634739051e-11,2.2306651211434257e-11,4.3729136016446936e-10,4.2280114132000576e-10,1.4490218844463646e-11,0.0009875700772596294,0.6305459538444058,2.6689267551637563e-07,2.1713764011418636e-10,1.2868766038132707e-09,8.455764698816173e-05,0.00793841679034466
73546,6000,103,151,54.02653,6.56758,357408000.0,8.996080685795077e-05,0.016049691466431464,3.218891980349881e-05,0.015971229698466625,4.627284816134634e-05,0.0859168309217691,0.07912460000766018,0.006792230914108868,0.20296269274831996,6.769698785309336e-06,2.3555270110320067e-05,0.00021767501213876167,1.1003599723504969e-10,8.775438656988456e-11,2.228161066516516e-11,4.4073187030295127e-10,4.260788981645531e-10,1.4652972138398143e-11,0.000988395917907849,0.6306388442837892,2.701473932582489e-07,2.1759802880157987e-10,1.2861134553480687e-09,8.464681327171628e-05,0.007944494569480534
73547,6000,103,151,54.02738,6.52992,357408000.0,8.974135306989608e-05,0.01603568698075503,3.2168820700621585e-05,0.015957255348424102,4.626281163030755e-05,0.08568199166892301,0.07889282416282421,0.006789167506098745,0.20282165636961727,6.752299121315099e-06,2.353578691489617e-05,0.00021744457264451155,1.0999384867275015e-10,8.769911914627547e-11,2.229472952647471e-11,4.382300333789867e-10,4.236944433641117e-10,1.4535590014875111e-11,0.0009876858154641752,0.6305646017540476,2.678069409959229e-07,2.172342255440907e-10,1.286502604356871e-09,8.457211607533931e-05,0.007939372213837698
73548,6000,103,151,54.0281,6.5426,357408000.0,8.980351826039732e-05,0.016036493356580885,3.217317954575737e-05,0.015958055620542044,4.626455649308441e-05,0.08574997743446687,0.07896048278713504,0.006789494647331782,0.20284097182675384,6.757158448090571e-06,2.3539011793284264e-05,0.00021748877236294026,1.0999446989474725e-10,8.770991247540836e-11,2.228455741933893e-11,4.390328491848624e-10,4.2445845304694256e-10,1.4574396137919978e-11,0.0009877859742650776,0.6305815505682242,2.68588370537737e-07,2.1731825202618022e-10,1.2861895394934014e-09,8.458474602793032e-05,0.007940193794728488
73549,6000,103,151,54.02986,6.50335,357408000.0,8.961491222828615e-05,0.016033975282639872,3.2159945435969776e-05,0.01595555610544756,4.6259231756346385e-05,0.08554337682930169,0.07875489461824337,0.006788482211058255,0.20278129666540431,6.742424341156695e-06,2.3529187075664782e-05,0.00021735429111677682,1.0999255255064164e-10,8.767718022305799e-11,2.2315372327583692e-11,4.36598702483992e-10,4.221419688368774e-10,1.4456733647114766e-11,0.0009874809776692693,0.6305290403665447,2.662196403994472e-07,2.1706189025547816e-10,1.2871311257539022e-09,8.454616589690164e-05,0.007937697774312491
73550,6000,103,151,54.03394,6.56713,357408000.0,8.996517559123338e-05,0.01604960979108887,3.218920757979362e-05,0.015971147672476923,4.6272911032154305e-05,0.0859209606842449,0.07912874525846986,0.006792215425774981,0.20296197599392027,6.77005737521511e-06,2.3555418263058595e-05,0.00021767738081060077,1.1003597790011395e-10,8.775517245557474e-11,2.2280805444539216e-11,4.4079129627563773e-10,4.26135455271337e-10,1.4655841004300788e-11,0.000988400791988153,0.6306379316073176,2.702063440941685e-07,2.1760117030589596e-10,1.28607553309892e-09,8.464719539093036e-05,0.007944545762578949
73551,6000,103,151,54.0347,6.5547,357408000.0,8.990576859912708e-05,0.016048812275670662,3.218503852299842e-05,0.01597035600518653,4.627123196113331e-05,0.08585586528481791,0.07906396997214268,0.006791895312675156,0.2029431139714931,6.765416977351172e-06,2.3552321199144086e-05,0.0002176349986850898,1.1003537198470686e-10,8.77448633397719e-11,2.229050864493497e-11,4.400246855838198e-10,4.254059013450912e-10,1.4618784238728667e-11,0.0009883046559346455,0.6306213254626968,2.6946037076231943e-07,2.1752033427930533e-10,1.2863716098480828e-09,8.46350274667606e-05,0.007943759360937027
73552,6000,103,151,54.03483,6.51659,357408000.0,8.96843747590316e-05,0.01603480030281559,3.2164805759210065e-05,0.0159563743484447,4.626114861168768e-05,0.08561898713782581,0.0788301605256389,0.006788826612186839,0.2028017398418366,6.747863478971297e-06,2.353274739010036e-05,0.00021740327404832534,1.0999321208468549e-10,8.768925558016462e-11,2.2303956504520907e-11,4.3749741011088277e-10,4.2299723716709257e-10,1.4500172943790211e-11,0.0009875917043479984,0.6305468228230677,2.6709501603624235e-07,2.1715426186096176e-10,1.2867725634701432e-09,8.45600007051539e-05,0.007938612201668317
73553,6000,103,151,54.03531,6.52945,357408000.0,8.974705822033218e-05,0.016035616972555018,3.2169201422768706e-05,0.01595718486156848,4.6262909563774964e-05,0.08568755642794842,0.07889839895388433,0.006789157474064054,0.2028212698736031,6.752762876642962e-06,2.353600118011483e-05,0.00021744786129746375,1.0999384011185689e-10,8.770013818665649e-11,2.2293701925200457e-11,4.3830684136226715e-10,4.2376754242730705e-10,1.4539298934960086e-11,0.000987692754050832,0.6305639672453566,2.6788285619499855e-07,2.172390602086101e-10,1.2864572995711024e-09,8.457274900146247e-05,0.007939440801010333
73554,6000,103,151,54.0356,6.54219,357408000.0,8.984622623014606e-05,0.016048011157983464,3.21808597264548e-05,0.015969560749964074,4.626954829293844e-05,0.08579061318516126,0.0789990392115027,0.0067915739736584884,0.20292418220572833,6.7607662254857475e-06,2.3549216065104547e-05,0.0002175925104637636,1.1003476387582816e-10,8.773453108465913e-11,2.230023279116907e-11,4.3925636673401167e-10,4.2467472187752274e-10,1.4581644856488945e-11,0.0009882082728774762,0.6306046543335049,2.687127495615274e-07,2.1743927838848125e-10,1.286668155885787e-09,8.462282529287358e-05,0.007942971082804664
73555,6000,103,151,54.0363,6.592,357408000.0,9.005073097048226e-05,0.01603960340663817,3.219050043326022e-05,0.015961141452656993,4.627145354792267e-05,0.08601988405142141,0.07922911534683975,0.006790768704581622,0.2029163343756631,6.776494509179562e-06,2.3551781349275708e-05,0.0002176640263168242,1.0999689629575237e-10,8.775285350250963e-11,2.2244042793242768e-11,4.422275131962401e-10,4.2749869747300756e-10,1.4728815723232568e-11,0.0009881827637977544,0.6306474809872172,2.7169870585018803e-07,2.1765046960421232e-10,1.2849334472877396e-09,8.463461844055196e-05,0.007943456407665136
73556,6000,103,151,54.0363,6.6187,357408000.0,9.018009486478804e-05,0.01604131262544158,3.219957523845463e-05,0.015962837952183593,4.6275098019537535e-05,0.08616150641401807,0.07937004826748004,0.0067914581465379755,0.20295699666171693,6.786602770036392e-06,2.355850990913486e-05,0.00021775617079745424,1.0999820323488606e-10,8.777530792827294e-11,2.2222895306613144e-11,4.4389747114028816e-10,4.2908793297593647e-10,1.4809538164351786e-11,0.00098839167905395,0.630683225031271,2.733239280116369e-07,2.1782594893791078e-10,1.2842855564491432e-09,8.466101489572113e-05,0.007945167567576007
73557,6000,103,151,54.03631,6.60601,357408000.0,9.01186060603104e-05,0.016040499765070187,3.2195261774007885e-05,0.015962031137744626,4.627336555155615e-05,0.08609418889372067,0.07930305857284972,0.006791130320870902,0.20293766260103335,6.781798200414674e-06,2.355531146325318e-05,0.00021771237065019576,1.0999758182454712e-10,8.776463505441753e-11,2.22329467701296e-11,4.4310372200423073e-10,4.283325521038656e-10,1.4771169900365146e-11,0.0009882923712779285,0.6306662285983571,2.7255144580633613e-07,2.1774253190432788e-10,1.2845934590354717e-09,8.464846661397952e-05,0.007944354204060622
73558,6000,103,151,54.03807,6.57944,357408000.0,9.002906146479182e-05,0.016050377083561274,3.219367884244083e-05,0.015971908727047786,4.6274677671047564e-05,0.08599054062310463,0.0791980060795381,0.006792534543566455,0.20298090548091832,6.775058791742781e-06,2.3558697570951324e-05,0.00021772247660054844,1.1003658835845205e-10,8.776627668415075e-11,2.227031167430135e-11,4.416176680785811e-10,4.26921883927557e-10,1.469578415102414e-11,0.0009885027623180958,0.6306544158052944,2.7101119386401424e-07,2.176862959882936e-10,1.2857467363159863e-09,8.465995058303811e-05,0.007945387179451794
73559,6000,103,151,54.04135,6.56674,357408000.0,8.997148970008153e-05,0.016049559072622514,3.2189632527415285e-05,0.015971096409117473,4.627303097762702e-05,0.08592724477376272,0.07913503300726274,0.006792211766499918,0.2029619494860333,6.770567324072653e-06,2.3555670580205832e-05,0.00021768116315925993,1.1003598061106509e-10,8.775629497171494e-11,2.2279685639350192e-11,4.4087572089724373e-10,4.2621580250392644e-10,1.4659918393317294e-11,0.0009884088899426628,0.630637636340974,2.702895818108287e-07,2.1760705561629916e-10,1.2860284724697022e-09,8.464799365536874e-05,0.007944622936644316
73560,6000,103,151,54.04283,6.55446,357408000.0,8.991414765929304e-05,0.01604877772759334,3.218560683600391e-05,0.01597032071547606,4.6271405281279956e-05,0.08586435794633619,0.0790724583786836,0.006791899567652515,0.20294356991766585,6.766089650949094e-06,2.3552674615896092e-05,0.00021764019263359214,1.1003539049752616e-10,8.774634647990617e-11,2.2289044017620022e-11,4.4013600820587767e-10,4.255118466747154e-10,1.4624161531162257e-11,0.0009883159147836046,0.6306214317657844,2.6956987495188887e-07,2.1752879866406071e-10,1.2863129284592023e-09,8.463620647813587e-05,0.007943863323432863
73561,6000,103,151,54.04309,6.51614,357408000.0,8.97301640156592e-05,0.016046353266491387,3.217270134652977e-05,0.01596791434032326,4.626622482159884e-05,0.08566297016389372,0.07887204934716188,0.006790920816731783,0.20288583554785766,6.751712708253832e-06,2.354310877991499e-05,0.00021750917733310432,1.100335346687278e-10,8.771441012378879e-11,2.231912454493907e-11,4.377608245990959e-10,4.232514745441495e-10,1.4509350054946377e-11,0.0009880188922324696,0.63057069358156,2.6725826767533067e-07,2.1727935707224762e-10,1.2872351092857963e-09,8.459868842583325e-05,0.007941429984934249
73562,6000,103,151,54.0435,6.5417,357408000.0,8.985360882516453e-05,0.01604796934515264,3.2181358929090655e-05,0.01596951829013445,4.626969608910206e-05,0.08579804259791844,0.07900646803863116,0.006791574559287203,0.2029244134111816,6.7613603079218305e-06,2.3549521000569727e-05,0.00021759702609958526,1.1003477500845079e-10,8.773584009515552e-11,2.2298934913295305e-11,4.393546977238187e-10,4.247683034092806e-10,1.4586394314538146e-11,0.0009882180148269592,0.6306045750428658,2.6880956286915166e-07,2.1744650896829893e-10,1.2866151441899898e-09,8.462382253790612e-05,0.007943062143718075
73563,6000,103,151,54.0435,6.6188,357408000.0,9.022537852856518e-05,0.01605286998435553,3.220743684350841e-05,0.015974382382742756,4.628016476926391e-05,0.0862049878156303,0.07941143507862976,0.006793552737000466,0.20304109949840574,6.790411124648965e-06,2.356885128451889e-05,0.00021786177299703844,1.1003852575394738e-10,8.780037252200244e-11,2.2238153231944958e-11,4.4415411819210316e-10,4.2933572974962136e-10,1.4818388442481796e-11,0.0009888182237334576,0.6307071245123411,2.7348050477232614e-07,2.1795057956435383e-10,1.2847519090163521e-09,8.469963991701362e-05,0.007947979187045397
73564,6000,103,151,54.04365,6.60583,357408000.0,9.016291138217831e-05,0.016052042566655572,3.220305453026568e-05,0.015973561108090555,4.627840403475722e-05,0.08613659160639692,0.07934337236275434,0.00679321924364253,0.2030214334672962,6.785530310697649e-06,2.3565601027248572e-05,0.00021781726729270376,1.100378937169646e-10,8.778953015448047e-11,2.2248363562484166e-11,4.433477750969165e-10,4.2856836372823184e-10,1.477941136868469e-11,0.0009887173104709368,0.6306898329552436,2.726957790490047e-07,2.1786580285035003e-10,1.2850645237126277e-09,8.468688604733265e-05,0.007947152805364377
73565,6000,103,151,54.0437,6.59161,357408000.0,9.009434008595298e-05,0.0160511369732384,3.219824434615124e-05,0.01597266225649053,4.627647240171793e-05,0.08606152441512799,0.07926867050830594,0.006792853906821978,0.20299988586171397,6.780172223646946e-06,2.3562034681096437e-05,0.0002177684268652912,1.1003720113796844e-10,8.777762776526984e-11,2.225957337269863e-11,4.424625797540925e-10,4.277259569546934e-10,1.4736622799399145e-11,0.0009886065780883929,0.6306708924249446,2.718342935857857e-07,2.17772795434801e-10,1.2854079945774634e-09,8.467289568144814e-05,0.007946245798183791
73566,6000,103,151,54.04371,6.52896,357408000.0,8.97926388009684e-05,0.016047163894798818,3.2177081931282336e-05,0.01596871883439123,4.626797847631017e-05,0.08573129561997551,0.078940045966984,0.006791249652991452,0.2029052507466323,6.756596206194432e-06,2.3546349853030018e-05,0.00021755359843594706,1.1003415909224989e-10,8.772525715900585e-11,2.230890193324409e-11,4.38567633442448e-10,4.240192842447168e-10,1.4548349197731255e-11,0.0009881195535454796,0.6305877304016524,2.680435819892653e-07,2.1736380674840376e-10,1.2869205125237817e-09,8.461138214241745e-05,0.0079422556686498
73567,6000,103,151,54.04563,6.57901,357408000.0,9.003603830177128e-05,0.016050334392679277,3.2194150182380506e-05,0.01597186542652457,4.627481597233132e-05,0.08599754682727807,0.07920501261367056,0.006792534213607445,0.2029810763596464,6.77562061502261e-06,2.355898394497393e-05,0.0002177267271184474,1.1003659743302244e-10,8.776751437795058e-11,2.226908305507189e-11,4.4171066369420884e-10,4.27010387868558e-10,1.47002758256509e-11,0.0009885119191383159,0.6306542925735996,2.7110277880813953e-07,2.176930657186069e-10,1.285696272695422e-09,8.46608814134389e-05,0.007945473085276569
73568,6000,103,151,54.04876,6.56643,357408000.0,8.997982751733497e-05,0.016049540286978286,3.219020013345578e-05,0.01597107687666575,4.6273210179083145e-05,0.08593576866946682,0.07914354833212717,0.006792220337339582,0.2029626369616547,6.771234759962135e-06,2.3556031102577e-05,0.00021768641466569284,1.1003600613240906e-10,8.775776772665921e-11,2.2278238405749872e-11,4.409861566490697e-10,4.2632090340384523e-10,1.4665253245224413e-11,0.000988420337350827,0.6306379792310143,2.7039809223949835e-07,2.1761578981050353e-10,1.285971874354552e-09,8.464922383303645e-05,0.007944727125031407
73570,6000,103,151,54.05045,6.55395,357408000.0,8.992246005637267e-05,0.016048757289525026,3.218617248233218e-05,0.01597029953384473,4.62715831979647e-05,0.08587284784616268,0.07908094020932976,0.006791907636832849,0.2029442296641513,6.766755263236446e-06,2.3553033069243232e-05,0.00021764541901490722,1.1003541516258818e-10,8.774781508300909e-11,2.2287600079579116e-11,4.4024614442627424e-10,4.256166625565938e-10,1.462948186968053e-11,0.0009883273005391892,0.6306217476114074,2.696781044209549e-07,2.1753747207682972e-10,1.2862563061402505e-09,8.463742665857746e-05,0.007943967113293935
73571,6000,103,151,54.051,6.5412,357408000.0,8.986226413705342e-05,0.01604795716533035,3.218194913041785e-05,0.015969505330923554,4.6269885276385544e-05,0.08580692536694172,0.07901533987416792,0.006791585492773727,0.2029252368298501,6.762052254355438e-06,2.354989940434238e-05,0.0002176025166066605,1.1003480483514638e-10,8.773736748244257e-11,2.2297437352703836e-11,4.39469179607237e-10,4.2487725479542217e-10,1.4591924811814893e-11,0.0009882300126949468,0.6306050423211308,2.6892199172385294e-07,2.1745572199766243e-10,1.2865572334317813e-09,8.462512630850292e-05,0.00794317064581375
73572,6000,103,151,54.05103,6.59119,357408000.0,9.010199461819229e-05,0.016051110026319846,3.2198764136309396e-05,0.01597263462945574,4.62766327277966e-05,0.08606930433735162,0.07927644526020354,0.006792859077148016,0.2030003715569539,6.780786161794319e-06,2.3562360155611483e-05,0.0002177731962952837,1.1003722015080858e-10,8.777898174709247e-11,2.2258238403716148e-11,4.4256417614533367e-10,4.2782264574831455e-10,1.4741530397019177e-11,0.0009886169355906836,0.6306710596976267,2.719341945046372e-07,2.1778062007915888e-10,1.2853549182804465e-09,8.467398960246733e-05,0.00794634098941976
73573,6000,103,151,54.05163,6.52849,357408000.0,8.980252497352544e-05,0.01604716256367724,3.217775775098279e-05,0.015968716605924898,4.6268200001362305e-05,0.08574150052565478,0.07895023488517032,0.006791265640484411,0.20290637988384666,6.75738499885478e-06,2.354678920588641e-05,0.00021755993680925965,1.1003419888894052e-10,8.772699926493914e-11,2.2307199624001405e-11,4.38698122183178e-10,4.241434688909994e-10,1.4554653292178696e-11,0.0009881334544684088,0.6305884554442764,2.6817163227574643e-07,2.1737458126344076e-10,1.2868558141995635e-09,8.46129172866537e-05,0.007942380195830708
73577,6000,103,151,54.05823,6.55354,357408000.0,8.993328815639385e-05,0.016048773078604386,3.218691500446108e-05,0.015970314330321547,4.6271833278380824e-05,0.0858841058341016,0.07909217588950887,0.006791929944592651,0.20294572496391688,6.767617078727766e-06,2.355352406626344e-05,0.0002176524532352945,1.1003546660405152e-10,8.774971975968948e-11,2.228574684436207e-11,4.4038869088620706e-10,4.257523219529572e-10,1.463636893324993e-11,0.0009883427957713678,0.630622804006134,2.698178519632162e-07,2.175496176835639e-10,1.286187428395703e-09,8.463917108224426e-05,0.007944104320967272
73621,6150,90,126,53.9615,6.74766,525067728.349242,5.0539500042452776e-05,0.008418830828273568,1.786365133930422e-05,0.008371056338322408,2.9910838611854638e-05,0.04908197517559893,0.0453539895215545,0.003727985654044407,0.10712346660845205,3.795864153604988e-06,1.2282976419887375e-05,0.0001144375117275128,6.292970315680244e-11,5.2200568702396995e-11,1.0729134454405516e-11,2.8049185533492147e-10,2.7066152545057287e-10,9.83032988434873e-12,0.0005546748843294207,0.42900571856075154,1.9027609521053645e-07,1.1288642453503006e-10,7.07787438759899e-10,4.543834717357408e-05,0.00427652482756239
73622,6150,90,126,53.96243,6.76085,525067728.349242,5.057148990059991e-05,0.008411768638345786,1.786270302194514e-05,0.008363996786845329,2.990914847851181e-05,0.0491210262447721,0.04539413858499499,0.003726887659777095,0.10708558565925157,3.7981831243760285e-06,1.2279190011502987e-05,0.00011441023707104797,6.290287919555643e-11,5.219441545298863e-11,1.0708463742567863e-11,2.8112857024769777e-10,2.7126504328333955e-10,9.863526964358333e-12,0.0005544855873701938,0.42900642390930965,1.9095939181627983e-07,1.1288629323702179e-10,7.071525133995127e-10,4.542478072132138e-05,0.004275440669792251
73623,6150,90,126,53.96335,6.77403,525067728.349242,5.0628858941049035e-05,0.008412592098943699,1.7866736205655627e-05,0.008364814569766727,2.991079297131689e-05,0.04918413823284847,0.045456926615686274,0.0037272116171621758,0.10710459979671232,3.802657747162177e-06,1.2282211068926812e-05,0.00011445144944539283,6.290348859583238e-11,5.22043603692619e-11,1.0699128226570552e-11,2.8186772378446567e-10,2.719684658877797e-10,9.899257896686094e-12,0.0005545792595402462,0.42902327096279985,1.9167821994281703e-07,1.12965420985298e-10,7.068727279671434e-10,4.543672598114268e-05,0.004276202615574368
73624,6150,90,126,53.96621,6.78559,525067728.349242,5.070317986785821e-05,0.008421157825547632,1.7875155425094088e-05,0.008373367149285903,2.9915520836635004e-05,0.0492619352031175,0.045533031501201165,0.0037289037019163146,0.10717737975790607,3.808633487274163e-06,1.2291583091158204e-05,0.00011455497537985291,6.293143162999945e-11,5.222894701654176e-11,1.0702484613457764e-11,2.8260122443581786e-10,2.726689275256573e-10,9.932296910160639e-12,0.0005549417899211224,0.42905344399698864,1.923276403822988e-07,1.1311173632618774e-10,7.069866015578838e-10,4.547234631929286e-05,0.004278697677289076
73625,6150,90,126,53.96727,6.74766,525067728.349242,5.0509912159541226e-05,0.008410822261925643,1.785836557670378e-05,0.008363056540002575,2.990735634636334e-05,0.04905299146210087,0.04532646891079109,0.003726522551309761,0.10706423948006785,3.7933879584766315e-06,1.2275911865920028e-05,0.00011436566806309086,6.290219662816509e-11,5.218375332567611e-11,1.071844330248904e-11,2.803365496661567e-10,2.7051131089253173e-10,9.825238773625111e-12,0.0005543840652034236,0.42898739042037115,1.901896521282278e-07,1.1280011192884431e-10,7.074456310601786e-10,4.541173076087146e-05,0.004274619869380459
73626,6150,90,126,53.96883,6.771,525067728.349242,5.0637162136784836e-05,0.008420170667977435,1.787050891434875e-05,0.008372386547719716,2.991361134337077e-05,0.04918912346065277,0.045460603556354125,0.00372851990429861,0.10715490608345365,3.80348917892393e-06,1.2288084154020561e-05,0.00011450733914591717,6.293071234847027e-11,5.221751067694841e-11,1.0713201671521932e-11,2.817514993461312e-10,2.7186027947725875e-10,9.891219868872524e-12,0.000554833377231023,0.42903345564174133,1.9150159874182731e-07,1.1301988948007753e-10,7.073040138926385e-10,4.545845572304145e-05,0.004277818992872694
73627,6150,90,126,53.96903,6.85185,525067728.349242,5.099370245982998e-05,0.008425352330283629,1.7895583146587378e-05,0.008377532887877421,2.9923859259621495e-05,0.04958165503325262,0.04585110398717801,0.003730551046074587,0.10727403534874523,3.8312904099905715e-06,1.2306895881285998e-05,0.0001147638091591328,6.293452881223885e-11,5.227930424196691e-11,1.0655224570272014e-11,2.8634384155168806e-10,2.762306246188647e-10,1.0113216932823414e-11,0.0005554165372773554,0.42913913048152513,1.959671461704823e-07,1.1351293496433403e-10,7.055725500414775e-10,4.553292753012228e-05,0.004282557402463723
73628,6150,90,126,53.97019,6.81504,525067728.349242,5.083061803524067e-05,0.00842296801278172,1.7884112088716845e-05,0.008375164735038904,2.991916565410079e-05,0.04940204148435253,0.045672423443825556,0.003729618040526952,0.10721933201274238,3.818575654864874e-06,1.229828319939229e-05,0.00011464642209141632,6.293277667282365e-11,5.2251042172215075e-11,1.0681734500608642e-11,2.8424357541690006e-10,2.7423188720557636e-10,1.0011688211323859e-11,0.0005551495732316575,0.4290905782734706,1.9392498236379353e-07,1.1328712865153601e-10,7.063629033250165e-10,4.5498811702633944e-05,0.004280389344679303
73629,6150,90,126,53.97089,6.86494,525067728.349242,5.1050457811591446e-05,0.008426158562734369,1.7899572057756982e-05,0.008378333508152053,2.992548252456009e-05,0.04964405246174686,0.04591318326547173,0.0037308691962751063,0.107292719857248,3.835718207163599e-06,1.2309879845689824e-05,0.00011480453579198416,6.293512786003663e-11,5.2289144441168215e-11,1.0645983418868489e-11,2.87075271216736e-10,2.7692669694808474e-10,1.0148574268651408e-11,0.0005555090756763782,0.4291556692861949,1.9667853040126426e-07,1.1359104808078622e-10,7.052947885915919e-10,4.5544714247148896e-05,0.004283310799264858
73630,6150,90,126,53.97093,6.75934,525067728.349242,5.0584455230934175e-05,0.008419382800763174,1.7866799290492914e-05,0.00837160391451098,2.9912086961701008e-05,0.04913099357905468,0.045402780018334456,0.0037282135607202027,0.10713696748246751,3.799382060286346e-06,1.2285290834583357e-05,0.00011446930892564206,6.293013820805718e-11,5.2208380138965194e-11,1.0721758069092059e-11,2.810730945436909e-10,2.7121466981845666e-10,9.858424725234308e-12,0.0005547468272353465,0.4290175013119713,1.9084210032077016e-07,1.1294656634261333e-10,7.07557457277299e-10,4.5447366748921136e-05,0.004277117485253509
73631,6150,90,126,53.97098,6.82855,525067728.349242,5.09151591193446e-05,0.008431705301213925,1.789325314354922e-05,0.008383887850849505,2.9924197220870203e-05,0.049491198171099635,0.045759823417925734,0.003731374753173875,0.10729587208273161,3.825345465897467e-06,1.2308207520694893e-05,0.00011475742246375967,6.296083959159896e-11,5.227739556311407e-11,1.0683444028484961e-11,2.8510821403833804e-10,2.7505714690425805e-10,1.0051067134080218e-11,0.0005555291801416171,0.42912413067617683,1.9470173512465502e-07,1.134480370988322e-10,7.064297952957538e-10,4.553665090637234e-05,0.004283021321435974
73632,6150,90,126,53.97177,6.84113,525067728.349242,5.094489482286603e-05,0.008424613356404147,1.789214670226571e-05,0.008376798766106816,2.9922443595065566e-05,0.04952778161455863,0.04579751686130064,0.003730264753257978,0.10725728301813396,3.827488297627625e-06,1.2304303883683758e-05,0.00011472854234756092,6.293399286985004e-11,5.2270851041725444e-11,1.0663141828124657e-11,2.8571582946798613e-10,2.7563297186421674e-10,1.0082857603769514e-11,0.0005553362432919899,0.429124213615292,1.953567115555791e-07,1.1344484865013928e-10,7.058061626116713e-10,4.552262460087513e-05,0.0042819073481826005
73633,6150,90,126,53.97218,6.80366,525067728.349242,5.08046603159022e-05,0.008430086007516054,1.7885480353869913e-05,0.008382279511756078,2.992101540610632e-05,0.04936948223155649,0.04563874069460938,0.0037307415369470767,0.10725875076350899,3.816730977135017e-06,1.2302369800422274e-05,0.0001146778659907311,6.295965069568804e-11,5.2258247181807576e-11,1.0701403513880522e-11,2.8368524874702027e-10,2.7370296911278654e-10,9.982279634233853e-12,0.0005553482378629585,0.42909117627956,1.9331816552827616e-07,1.132949650959325e-10,7.069648681279229e-10,4.551352169753656e-05,0.004281552162159875
73634,6150,90,126,53.97295,6.87784,366343200.0,7.324908200759089e-05,0.012078072786111864,2.566050263348613e-05,0.012009518777490534,4.2893505987841806e-05,0.07124127889812103,0.06589349774231713,0.00534778115580386,0.1538054813273537,5.503861246531044e-06,1.7647559438063693e-05,0.00016460307081396318,9.020370504488412e-11,7.495821428306928e-11,1.5245490761814933e-11,4.124883358060961e-10,3.9789279369676976e-10,1.4595542109326525e-11,0.0007963235954445532,0.6151180910675393,2.8289736450143725e-07,1.6291655873093867e-10,1.0104834506139025e-09,6.529437964562631e-05,0.006140192839161989
73635,6150,90,126,53.97302,6.74767,525067728.349242,5.0531763357782965e-05,0.008418595565389417,1.7863090779251224e-05,0.008370821911419518,2.9910563190646205e-05,0.04907288218389902,0.04534497476614629,0.0037279074177527086,0.10711904010183614,3.795276062744595e-06,1.2282498542792801e-05,0.00011443129172250346,6.292956441677431e-11,5.219925212457982e-11,1.0730312292194564e-11,2.803948743815679e-10,2.705692358634295e-10,9.825638518138495e-12,0.0005546603082953058,0.4290015577237353,1.9018277812296871e-07,1.1287327225067725e-10,7.078108752308411e-10,4.5436282425045187e-05,0.00427641619697309
73636,6150,90,126,53.97422,6.79231,525067728.349242,5.075349231415416e-05,0.008429320928966227,1.7881879012526033e-05,0.00838151951451416,2.9919535439542835e-05,0.049313048583709364,0.04558260450570751,0.0037304440780018236,0.1072413326993707,3.812743802210694e-06,1.2299657916657384e-05,0.00011464094500746096,6.29590932207802e-11,5.224938327424402e-11,1.0709709946536241e-11,2.830266562677961e-10,2.730762140243444e-10,9.950442243451822e-12,0.0005552642115371103,0.42907568450508976,1.9267792901076431e-07,1.1322377850786459e-10,7.07210886883825e-10,4.5502755706973194e-05,0.004280871126561623
73637,6150,90,126,53.97496,6.89086,366343200.0,7.333014578935503e-05,0.012079222828924124,2.56661998020666e-05,0.012010660805269793,4.289582385226554e-05,0.07133039424034121,0.06598215908734456,0.0053482351529966195,0.15383214594978029,5.510185663462459e-06,1.7651820589099916e-05,0.00016466123274491256,9.020455998277959e-11,7.497226935604813e-11,1.5232290626731553e-11,4.135330708688132e-10,3.9888702626921966e-10,1.4646044599593635e-11,0.0007964557447437034,0.6151416906558116,2.839134797790186e-07,1.6302809787459237e-10,1.0100865506875262e-09,6.531120915427995e-05,0.006141268846323975
73638,6150,90,126,53.97626,6.78096,525067728.349242,5.067701255674442e-05,0.008420671832699756,1.787330099951949e-05,0.008372883808633401,2.991472306683646e-05,0.049232631308218255,0.0455039060751062,0.0037287252331120284,0.10716705186613869,3.806606152187822e-06,1.2290142495005234e-05,0.00011453558897590747,6.293110340337299e-11,5.222443275783116e-11,1.0706670645541899e-11,2.8226647944766647e-10,2.723503671334531e-10,9.916112314213473e-12,0.0005548973365813308,0.42904408093854624,1.920029864264045e-07,1.1307343915714616e-10,7.07101513405082e-10,4.5466494473406266e-05,0.004278344914394285
73639,6150,90,126,53.97686,6.90308,366343200.0,7.340633894999548e-05,0.012080303996270499,2.5671554692995937e-05,0.012011734439030421,4.289800254708312e-05,0.07141415623984006,0.06606549430537206,0.00534866193446796,0.15385721181078169,5.516130057691803e-06,1.7655825840714596e-05,0.00016471590127670345,9.020536365450821e-11,7.498547990242912e-11,1.5219883752079195e-11,4.1451502940720377e-10,3.998215169284798e-10,1.469351247872421e-11,0.0007965799575060587,0.6151638756894218,2.84868536457701e-07,1.6313293978562394e-10,1.0097135237425406e-09,6.532702829844545e-05,0.006142280213445041
73640,6150,90,126,53.97757,6.81774,525067728.349242,5.0864194049664364e-05,0.00843089548230139,1.7889659680325537e-05,0.008383083120131295,2.9922702489770624e-05,0.049434764557619255,0.045703699371531945,0.0037310651860872966,0.10727780682199213,3.821380007494733e-06,1.2305479290825315e-05,0.00011472039322135846,6.296026257449656e-11,5.226857626202433e-11,1.0691686312472281e-11,2.8445327199034806e-10,2.744338670400429e-10,1.0019404950305325e-11,0.0005554447395250076,0.4291079738424642,1.940654311733319e-07,1.1337617849318277e-10,7.066693402374021e-10,4.5525753060431154e-05,0.004282340726805944
73641,6150,90,126,53.97829,6.76964,525067728.349242,5.0626089792794896e-05,0.008419911018386782,1.7869716998755325e-05,0.008372128050936569,2.9913250451458132e-05,0.04917647093348417,0.04544804156750671,0.003728429365977441,0.10714972623950743,3.802638013164083e-06,1.2287443947620745e-05,0.0001144988481319791,6.293054887232859e-11,5.2215611214978665e-11,1.071493765734998e-11,2.816110304831056e-10,2.7172660358149565e-10,9.884426901609975e-12,0.0005548137223237066,0.4290286724970971,1.9136580100909413e-07,1.1300260568492759e-10,7.073464217912145e-10,4.545578226464324e-05,0.004277667171119881
73642,6150,90,126,53.97834,6.83028,525067728.349242,5.091925279341597e-05,0.008431688205148486,1.7893530769455086e-05,0.008383870392574695,2.992428180433674e-05,0.04949534632860982,0.04576396955705043,0.0037313767715593626,0.10729609158255417,3.825674134191219e-06,1.2308380062758109e-05,0.0001147599588613204,6.296084853730067e-11,5.2278120209119446e-11,1.0682728328181297e-11,2.851626065467466e-10,2.751089120598403e-10,1.0053694486906432e-11,0.0005555346773660231,0.42912417930786656,1.947552408336553e-07,1.1345216811921912e-10,7.064011009107448e-10,4.553722613045143e-05,0.004283072103080951
73643,6150,90,126,53.97913,6.84285,525067728.349242,5.094909266985619e-05,0.008424597950050869,1.7892431677849456e-05,0.008376782987124373,2.992253124864535e-05,0.04953204528403268,0.04580177787005389,0.003730267413978765,0.10725753995977323,3.827825067087632e-06,1.230448202180121e-05,0.00011473115461670873,6.293400301065853e-11,5.2271593707623545e-11,1.0662409303035058e-11,2.857715599334586e-10,2.756860102944401e-10,1.0085549639018579e-11,0.0005553419136523868,0.42912429579533073,1.954115168694115e-07,1.1344912723787884e-10,7.057769825584985e-10,4.552322222604171e-05,0.004281959522596307
73644,6150,90,126,53.97918,6.86956,525067728.349242,5.10670725056642e-05,0.008426314062149895,1.790072898635752e-05,0.008378487410217088,2.992592294645061e-05,0.049661941671795974,0.0459310017347238,0.003730939937072145,0.10729698239823365,3.837024360376553e-06,1.2310707701912149e-05,0.00011481602895348774,6.2935266564158e-11,5.229204101477823e-11,1.0643225549379825e-11,2.8729114184753246e-10,2.7713213450681005e-10,1.0159007340722484e-11,0.0005555349056884985,0.42915928645911444,1.9688913108825465e-07,1.1361230665576305e-10,7.05204209603692e-10,4.554787052782452e-05,0.004283527541392859
73645,6150,90,126,53.97953,6.80389,525067728.349242,5.0802194725073955e-05,0.008429973959434756,1.78852967399097e-05,0.008382167751074048,2.99209116207995e-05,0.049366410750049924,0.04563570445731211,0.0037307062927377827,0.10725678426578941,3.816548140431973e-06,1.2302196476212517e-05,0.0001146756861134917,6.295958960069577e-11,5.225783493870612e-11,1.07017546619897e-11,2.8365514788207134e-10,2.7367432535443803e-10,9.980822527633428e-12,0.0005553430125705394,0.4290892865147196,1.9328950771939534e-07,1.1329003305814089e-10,7.069680705944082e-10,4.5512728235160075e-05,0.004281515789118023
73646,6150,90,126,53.98032,6.75831,525067728.349242,5.0575180436295784e-05,0.008419150701599818,1.7866133981467276e-05,0.00837137278926618,2.991177835217139e-05,0.049120326737377575,0.045392193077970655,0.0037281336594068995,0.10713240963057209,3.7986708821856423e-06,1.2284746279337436e-05,0.00011446211854598327,6.29299946226152e-11,5.2206791935945986e-11,1.072320268666928e-11,2.809557476313013e-10,2.711029981043065e-10,9.852749526994869e-12,0.0005547301347313923,0.42901327263216665,1.9072877468784635e-07,1.1293179679951971e-10,7.075912998997364e-10,4.5445073962211216e-05,0.0042769896203482495
73647,6150,90,126,53.98068,6.85785,525067728.349242,5.104013574790839e-05,0.00843342266377051,1.790202904741547e-05,0.008385592888076365,2.9927746646729402e-05,0.04962832720035328,0.04589626799934926,0.003732059201004005,0.10733614652372588,3.835102744626073e-06,1.2314745390082361e-05,0.00011484679437919384,6.296213230894335e-11,5.229907538624243e-11,1.0663056922700987e-11,2.867200997750474e-10,2.765911155554589e-10,1.0128984219588635e-11,0.0005557320446578816,0.4291596678196776,1.9626991109698013e-07,1.1361888581876437e-10,7.058114853830655e-10,4.556239369467041e-05,0.004284677576227106
73648,6150,90,126,53.98095,6.8821,366343200.0,7.327123861055903e-05,0.01207827655098889,2.5662044978125546e-05,0.012009720414252014,4.2894091758752993e-05,0.07126511826525712,0.06591724377460573,0.005347874490651364,0.15381111165326902,5.50560351835809e-06,1.7648661386217092e-05,0.0001646183783703889,9.020388837427893e-11,7.496207773502837e-11,1.5241810639250675e-11,4.127762893923062e-10,3.9816683052097244e-10,1.460945887133383e-11,0.0007963579848153481,0.6151228599890638,2.831783170906681e-07,1.6294483624779072e-10,1.010362244037039e-09,6.529857555758033e-05,0.006140481706240414
73649,6150,90,126,53.98151,6.7925,525067728.349242,5.0751105258456684e-05,0.008429211157426862,1.7881701073851063e-05,0.008381410021951181,2.9919434401832183e-05,0.04931006888240791,0.04557965928548191,0.003730409596925974,0.10723940946175303,3.8125669490131235e-06,1.229948938006541e-05,0.00011463882767451761,6.295903348331826e-11,5.224898441781431e-11,1.0710049065504003e-11,2.8299754228314583e-10,2.7304850940987346e-10,9.949032873272498e-12,0.0005552591324596693,0.4290738352796545,1.9265022171947098e-07,1.132189777494147e-10,7.072138386016785e-10,4.550198279607306e-05,0.004280835850949576
73650,6150,90,126,53.98223,6.74767,525067728.349242,5.052742509915454e-05,0.008418437710019174,1.7862772974705066e-05,0.008370664539494317,2.9910397550151124e-05,0.049067661912291755,0.04533980557794162,0.003727856334350116,0.10711616915914475,3.7949495020793747e-06,1.2282215866660044e-05,0.00011442766566832108,6.292947481122934e-11,5.219851899955989e-11,1.0730955811669508e-11,2.8034105712991494e-10,2.705180226754469e-10,9.823034454468142e-12,0.0005546517291489675,0.42899883020275054,1.9013120801813737e-07,1.1286537919262679e-10,7.078210323340775e-10,4.5435029884784264e-05,0.004276354056751566
73651,6150,90,126,53.9828,6.89456,366343200.0,7.334926469535093e-05,0.012079385385371759,2.5667528910118814e-05,0.0120108215328806,4.289632358103789e-05,0.0713509030340608,0.06600259103396558,0.005348312000095183,0.1538368053663222,5.511690707714548e-06,1.7652763929933942e-05,0.00016467437086352635,9.020471213437236e-11,7.497560574996688e-11,1.5229106384405577e-11,4.1378183415921464e-10,3.991237672066875e-10,1.4658066952527342e-11,0.0007964852116206182,0.6151456039275508,2.841563005200242e-07,1.630522333888774e-10,1.0099804342797507e-09,6.53147813099574e-05,0.006141517481535021
73652,6150,90,126,53.98358,6.78116,525067728.349242,5.0700262561804586e-05,0.008428451333972948,1.7878122680777176e-05,0.008380655247278991,2.991796401317941e-05,0.04925399584814386,0.04552388171027881,0.003730114137865028,0.10722210799730807,3.8086050745858997e-06,1.2296794959169799e-05,0.00011460214350431222,6.295847973065849e-11,5.224017678595908e-11,1.0718302944699484e-11,2.8234312836395717e-10,2.724257308730198e-10,9.917397490937492e-12,0.0005551756464573137,0.42905844794199705,1.9201404415716208e-07,1.1314825154779057e-10,7.074583382742381e-10,4.549128667998619e-05,0.004280159163593868
73653,6150,90,126,53.98474,6.81436,525067728.349242,5.0846591800597535e-05,0.008430566430362803,1.788841195768496e-05,0.008382755853481437,2.9922164923683145e-05,0.049415042393511036,0.0456840978534734,0.003730944540037614,0.10727082745446795,3.820016521682534e-06,1.2304509018895455e-05,0.00011470734098305558,6.296004081112602e-11,5.226554002882575e-11,1.069450078230033e-11,2.8422814183007253e-10,2.7421962176160713e-10,1.0008520068465528e-11,0.0005554148032257914,0.42910164304323056,1.9384710491037337e-07,1.1335037409520666e-10,7.067463936633355e-10,4.5521808839342685e-05,0.0042821033290185466
73654,6150,90,126,53.98534,6.82695,525067728.349242,5.0902050227555007e-05,0.008431366755205628,1.789231139555271e-05,0.008383550687309322,2.992375650075355e-05,0.04947607259418687,0.045744813692968574,0.0037312589012182713,0.10728927264650695,3.824341592078635e-06,1.2307431896167362e-05,0.00011474720368726118,6.296063186875557e-11,5.2275152891955975e-11,1.0685478976799653e-11,2.849425854406324e-10,2.7489952881299704e-10,1.0043056627635402e-11,0.0005555054228522453,0.42911799424138514,1.945418681641012e-07,1.134269522507532e-10,7.064764197422588e-10,4.5533371944825524e-05,0.004282840101905521
73655,6150,90,126,53.98565,6.76978,525067728.349242,5.0623944143859996e-05,0.008419805131910122,1.7869556087867944e-05,0.008372022419307155,2.9913156515098753e-05,0.04917375877224074,0.045445362407329375,0.0037283963649113482,0.10714788930921879,3.80247993711585e-06,1.2287288361764488e-05,0.00011449690645803131,6.293049189042481e-11,5.221525412329055e-11,1.0715237767134324e-11,2.815850176999804e-10,2.717018502443478e-10,9.88316745563268e-12,0.0005548090439866015,0.42902690054984993,1.9134110627065e-07,1.1299814628238505e-10,7.073482445145537e-10,4.5455061153387615e-05,0.004277635121614067
73656,6150,90,126,53.98619,6.86959,525067728.349242,5.109026808025838e-05,0.008434096217730006,1.7905547301603484e-05,0.008386261506612022,2.9929163816380363e-05,0.04968326242510835,0.04595093293508537,0.0037323294900229536,0.10735207199834217,3.839018612824735e-06,1.2317359248691785e-05,0.00011488256269569295,6.296264387757728e-11,5.230777492765752e-11,1.0654868949919828e-11,2.8736701479359853e-10,2.7720675969625815e-10,1.016025509734056e-11,0.0005558131804476847,0.4291736897227443,1.9689940660890227e-07,1.1368711260082903e-10,7.055616953086551e-10,4.5572663953542065e-05,0.004285341230198328
73657,6150,90,126,53.9867,6.8029,525067728.349242,5.079537226538252e-05,0.008429802168346915,1.7884807202044603e-05,0.008381996676992824,2.992068415204774e-05,0.04935855934296674,0.04562791212003433,0.003730647222932387,0.10725341564260718,3.816025134993652e-06,1.230179530418817e-05,0.00011467039127583217,6.295948349740204e-11,5.2256666880040074e-11,1.0702816617362031e-11,2.8356885155681903e-10,2.735922025697152e-10,9.976648987103986e-12,0.0005553307171067454,0.42908615980069414,1.9320617729495182e-07,1.1327914751544297e-10,7.069928428425403e-10,4.551103780456226e-05,0.00428142168259829
73658,6150,90,126,53.98733,6.84551,525067728.349242,5.0983534463866145e-05,0.008432531862268177,1.789803933358461e-05,0.008384707732617288,2.9926090317303808e-05,0.049565692774145326,0.04583397499013422,0.0037317177840110786,0.10731621199490399,3.8306976875633525e-06,1.2311720310390196e-05,0.00011480571579601686,6.296149538413767e-11,5.22892790642548e-11,1.0672216319882936e-11,2.859925414563834e-10,2.7589872971784645e-10,1.0093811738537089e-11,0.0005556383999503795,0.42914185460527743,1.955629883501761e-07,1.1353925168305133e-10,7.060785083959457e-10,4.555032198925335e-05,0.004283922120457104
73659,6150,90,126,53.98779,6.75851,525067728.349242,5.057352665801008e-05,0.008419051431103568,1.7866007590737048e-05,0.008371273725189322,2.9911698323509284e-05,0.04911815360496165,0.04539005029262482,0.0037281033123368027,0.1071307290637932,3.798551225545383e-06,1.2284616343434502e-05,0.0001144605278506009,6.292994266332797e-11,5.22065201978623e-11,1.0723422465465734e-11,2.809360818578844e-10,2.7108428497197654e-10,9.851796885908014e-12,0.0005547262525701238,0.42901163837323314,1.907102559932774e-07,1.1292800694900363e-10,7.075906726778648e-10,4.5444453644233486e-05,0.004276964082599308
73660,6150,90,126,53.98807,6.74767,525067728.349242,5.0550909154937575e-05,0.008426236913012582,1.7867613301176354e-05,0.00837845564744754,2.9913652263867524e-05,0.04908936048122141,0.04536010937509499,0.003729251106126392,0.10717154787882405,3.796964660401887e-06,1.2288889926499532e-05,0.00011449447545311441,6.295686106577634e-11,5.221430036703175e-11,1.0742560698744668e-11,2.8042036637644304e-10,2.7059591771322714e-10,9.824448663216077e-12,0.0005549306768925924,0.42901351445053715,1.9014472174473927e-07,1.129408408548025e-10,7.081785964812109e-10,4.5459930534110296e-05,0.004278172187571916
73661,6150,90,126,53.98839,6.88195,366343200.0,7.330352634509587e-05,0.012089410784006629,2.5668882786585686e-05,0.012020843194442545,4.289870677749996e-05,0.07129459523371945,0.06594473619955192,0.005349859034167495,0.15388966345708865,5.508387848067557e-06,1.7658141033420364e-05,0.00016471301939572844,9.024311450921181e-11,7.498446378957617e-11,1.5258650719635727e-11,4.128728249876649e-10,3.9826216816922263e-10,1.461065681844242e-11,0.0007967551703811941,0.6151431323060953,2.831812174053666e-07,1.6305061375630463e-10,1.0108786050191892e-09,6.533389008537921e-05,0.006143068206618384
73662,6150,90,126,53.98872,6.79155,525067728.349242,5.074468453266112e-05,0.008429045348123611,1.788123980773722e-05,0.008381244889773995,2.991921854187894e-05,0.04930266043387921,0.04557230757829628,0.0037303528555829002,0.10723617721688161,3.8120752510653765e-06,1.2299109485564756e-05,0.00011463382257996818,6.295893174550332e-11,5.224788595705409e-11,1.0711045788449284e-11,2.829164172911521e-10,2.7297130796873024e-10,9.945109322421988e-12,0.0005552474963173665,0.42907082981475436,1.9257191869678252e-07,1.1320865061147751e-10,7.072366764062075e-10,4.5500376800651303e-05,0.004280747090240266
73663,6150,90,126,53.99012,6.89452,366343200.0,7.338263314938052e-05,0.012090537539802847,2.5674443018761465e-05,0.01202196212616483,4.290097061925848e-05,0.07138158019200008,0.06603127687562953,0.005350303316370528,0.15391575147726444,5.514559032806163e-06,1.7662301854487787e-05,0.00016476980109129881,9.024395084610729e-11,7.499817867047826e-11,1.524577217562912e-11,4.138922415840951e-10,3.992323060520226e-10,1.46599355320727e-11,0.0007968841994799685,0.6151662302436149,2.8417267187602645e-07,1.6315954963082745e-10,1.0104918018989342e-09,6.535032966473597e-05,0.006144118449429149
73664,6150,90,126,53.99075,6.78015,525067728.349242,5.069384107078151e-05,0.008428286486892382,1.7877661491336338e-05,0.008380491076849425,2.9917748551622805e-05,0.049246591116379974,0.04551653345349519,0.003730057662884756,0.10721889008991735,3.808113196695705e-06,1.2296415576449045e-05,0.00011459714304822591,6.295837842784311e-11,5.223907799999705e-11,1.0719300427846117e-11,2.822619723584732e-10,2.723484998919365e-10,9.913472466536792e-12,0.0005551640242934872,0.4290554570517338,1.9193570316180652e-07,1.131379427950995e-10,7.074812918113612e-10,4.548968408101423e-05,0.004280070438759467
73665,6150,90,126,53.9919,6.81951,525067728.349242,5.086760977677602e-05,0.00843080063933053,1.7889880526541672e-05,0.008382988020540534,2.9922738263456264e-05,0.04943784830920147,0.04570680385069227,0.0037310444585091722,0.10727678187751938,3.8216642024017195e-06,1.230557754840343e-05,0.00011472208000645863,6.296023334922838e-11,5.226919684299278e-11,1.0691036506235673e-11,2.8450040813181715e-10,2.7447872839672855e-10,1.0021679735088764e-11,0.0005554480655416019,0.4291067890846732,1.9411242602009448e-07,1.1337801575811144e-10,7.066361246179296e-10,4.5525938615870834e-05,0.004282379286772305
73666,6150,90,126,53.99249,6.8321,525067728.349242,5.0948528491401535e-05,0.008439487668688569,1.7898767152613902e-05,0.00839166123479197,2.99276667439874e-05,0.04952302813715081,0.04579024693845848,0.0037327811986923253,0.10735214738556645,3.828151264416154e-06,1.2315312099997078e-05,0.00011483048741803404,6.2988258579752e-11,5.2294921953208576e-11,1.069333662654351e-11,2.853183377380529e-10,2.752595369640783e-10,1.0058800773974673e-11,0.0005558217850022302,0.42913930412982054,1.9484374024983007e-07,1.1353396262576507e-10,7.067208823992378e-10,4.556302991846624e-05,0.00428496323519889
73667,6150,90,126,53.99282,6.76886,525067728.349242,5.064354852169084e-05,0.00842753556504196,1.7874121909702848e-05,0.008379745148765187,2.9916294367070232e-05,0.04919112800955942,0.045461362419599735,0.003729765589959665,0.10720178603057277,3.804194108044915e-06,1.2293750696430237e-05,0.00011456085944649534,6.295783097667387e-11,5.22303655373302e-11,1.0727465439343735e-11,2.816146248006073e-10,2.7173244609961734e-10,9.882178700990096e-12,0.0005550814522963292,0.42904024655269263,1.913063895818246e-07,1.1306799547319763e-10,7.077232240976251e-10,4.5479106187159356e-05,0.004279401105716522
73668,6150,90,126,53.99293,6.8446,525067728.349242,5.097835174812033e-05,0.008432400856798241,1.7897667386187e-05,0.008384577272109995,2.9925917302057737e-05,0.04955972605486866,0.04582805328357545,0.003731672771293187,0.10731364545439759,3.830300446074516e-06,1.2311415272420481e-05,0.000114801690861805,6.296141455297689e-11,5.228839184224622e-11,1.0673022710730738e-11,2.8592699696431776e-10,2.7583635516100036e-10,1.0090641803317555e-11,0.0005556290517611198,0.42913947172453376,1.9549970066028086e-07,1.1353097236786984e-10,7.060972688128083e-10,4.554903600550981e-05,0.004283850608148264
73669,6150,90,126,53.99362,6.8571,525067728.349242,5.1033507224205275e-05,0.008433196369572833,1.7901545463718447e-05,0.00838536732411435,2.992749999476663e-05,0.04962042080617557,0.04588843551337653,0.003731985292799013,0.1073319832872616,3.834601944444545e-06,1.2314321933296908e-05,0.0001148413334628599,6.296200218143842e-11,5.229795228060044e-11,1.0664049900838043e-11,2.8663754737551706e-10,2.7651255722382505e-10,1.0124990151692085e-11,0.0005557191694755306,0.4291557269081158,1.9619068149197547e-07,1.1360712340989596e-10,7.058287190136168e-10,4.556053433740157e-05,0.004284583335468783
73670,6150,90,126,53.99391,6.74768,525067728.349242,5.054974977088468e-05,0.008426162731815437,1.7867524079737873e-05,0.008378381613557398,2.9913594178300836e-05,0.049087815515018667,0.04535858695969232,0.0037292285553263216,0.10717030093589389,3.7968813417730065e-06,1.2288796232365963e-05,0.00011449333583766549,6.295682255083705e-11,5.22141107722209e-11,1.074271177861622e-11,2.8040667936817537e-10,2.7058289385624515e-10,9.823785511930365e-12,0.0005549278835162551,0.4290122989901622,1.9013187297978528e-07,1.1293809233516428e-10,7.081776288237684e-10,4.545947889808527e-05,0.004278154067277331
73671,6150,90,126,53.99433,6.80203,525067728.349242,5.078995203522374e-05,0.008429647984999492,1.7884415906570848e-05,0.008381843073302676,2.992049579024699e-05,0.04935223873447704,0.045621643363861986,0.0037305953706150323,0.1072504739936209,3.815611810819607e-06,1.2301466544407648e-05,0.00011466609033059415,6.295939114203283e-11,5.225574239618131e-11,1.070364874585159e-11,2.8350067658667723e-10,2.735273252140697e-10,9.97335137260769e-12,0.0005553206717801963,0.4290834065532825,1.9314049014475253e-07,1.1327014570501313e-10,7.070104865447554e-10,4.5509630137759213e-05,0.004281346080575436
73672,6150,90,126,53.99467,6.86955,525067728.349242,5.108840397174026e-05,0.008433984756737027,1.790540489459513e-05,0.00838615027804506,2.9929073797371677e-05,0.0496808149472074,0.045948519542886625,0.003732295404320748,0.1073501842145158,3.838883684318833e-06,1.2317213034029168e-05,0.0001148807720114592,6.296258550803924e-11,5.230746854343616e-11,1.0655116964603141e-11,2.873448384419343e-10,2.771856575896313e-10,1.0159180852303057e-11,0.0005558088113515506,0.42917185422932974,1.9687851999252142e-07,1.1368284943819923e-10,7.055610383643426e-10,4.557196633144707e-05,0.004285312465089313
73673,6150,90,126,53.9957,6.88201,366343200.0,7.330211503375648e-05,0.012089286431350958,2.5668769612722403e-05,0.012020719040375296,4.2898621362941875e-05,0.071292555051065,0.06594273293903646,0.005349822112028522,0.15388763502071598,5.508290632560523e-06,1.765800766303688e-05,0.00016471145061503514,9.024305212023011e-11,7.498423973421623e-11,1.5258812386013976e-11,4.128569040536798e-10,3.9824701960238664e-10,1.4609884451293298e-11,0.0007967512371978303,0.6151411349066179,2.8316656984659133e-07,1.6304658777279889e-10,1.010873508213681e-09,6.53332158952798e-05,0.006143044538020573
73674,6150,90,126,53.99743,6.89451,366343200.0,7.338108175618126e-05,0.01209041154752016,2.5674320046548015e-05,0.012021836346124115,4.2900881349498976e-05,0.07137938764268223,0.06602912193627061,0.0053502657064115776,0.15391368217620652,5.5144508454579846e-06,1.7662161317884867e-05,0.00016476813365776162,9.024388713807139e-11,7.499793025852777e-11,1.5245956879543708e-11,4.138745077431758e-10,3.992154322050067e-10,1.4659075538169297e-11,0.000796880043377178,0.6151641973503709,2.841562582834178e-07,1.631553378482705e-10,1.0104874309689422e-09,6.534962766286804e-05,0.006144092937890726
73747,6150,84,126,53.82289,8.16856,338199634.908119,7.699869352990135e-05,0.012554206772780931,2.7135105403113318e-05,0.012481013800929364,4.6057866448457215e-05,0.07472239803126296,0.06911045069290556,0.005611947338357371,0.1613052144326385,5.760026971770754e-06,1.8435390371990655e-05,0.0001714686369294559,9.539234712545767e-11,7.981823103978481e-11,1.5574116085672946e-11,4.375366655795714e-10,4.2202072096726345e-10,1.551594461230803e-11,0.0008389121596505597,0.6641848095427698,3.0241565525081285e-07,1.6851144212241114e-10,1.0642896933157009e-09,6.821882489570189e-05,0.006502897931262446
73748,6150,84,126,53.82547,8.17627,338199634.908119,7.702975785241198e-05,0.012542992265913787,2.7132325847650708e-05,0.012469805225042879,4.605471502325953e-05,0.07476261925105332,0.069152477133872,0.005610142117181301,0.16124048161322288,5.762172704016071e-06,1.8428551156151904e-05,0.00017141311857801102,9.535051148038075e-11,7.980544644616433e-11,1.554506503421651e-11,4.382848869819447e-10,4.227290181289403e-10,1.5555868853004605e-11,0.0008385880967772896,0.664180655524786,3.032426842067909e-07,1.6848587796291164e-10,1.0633971714309417e-09,6.819397532451768e-05,0.006500968110001462
73749,6150,84,126,53.82657,8.16501,338199634.908119,7.70672835053573e-05,0.012555292720774776,2.7139939292143887e-05,0.012482092906525112,4.605987495752275e-05,0.0747983074298453,0.06918594473447272,0.005612362695372548,0.16132946036419693,5.765362666858447e-06,1.843906891593856e-05,0.00017151854743971856,9.53931214228896e-11,7.983009753288805e-11,1.5563023890001674e-11,4.384179186235109e-10,4.22859370894861e-10,1.5558547728649896e-11,0.0008390256790316907,0.6642064531037133,3.0327187554532877e-07,1.686080339486343e-10,1.063967412530457e-09,6.823350095146596e-05,0.006503813346906256
73750,6150,84,126,53.82873,8.18291,338199634.908119,7.70340164743543e-05,0.012519738866727715,2.712270065621456e-05,0.01244656940882633,4.604675724517165e-05,0.07477944645968826,0.06917323968113294,0.005606206778555312,0.16109193640543065,5.7619510482868896e-06,1.841182116855265e-05,0.0001712604611608921,9.526622872668651e-11,7.976984722596253e-11,1.549638150072406e-11,4.3903581275877335e-10,4.2343613412023307e-10,1.5599678638540334e-11,0.0008378456308734338,0.6641554833312913,3.0417166308154233e-07,1.6835508889920003e-10,1.0618946063970221e-09,6.813222932178891e-05,0.006496340468246478
73751,6150,84,126,53.82908,8.17376,338199634.908119,7.713768702044612e-05,0.01255631077456745,2.714488803294755e-05,0.012483103991692517,4.606189484198732e-05,0.07487577129976432,0.06926300913574339,0.005612762164020904,0.1613528989263599,5.770851371047252e-06,1.8442789951692103e-05,0.00017156926293561273,9.539387220338184e-11,7.984229688071506e-11,1.555157532266688e-11,4.393245711929904e-10,4.2372219499088413e-10,1.5602376202106378e-11,0.0008391406880498759,0.664227199695395,3.0415355129757437e-07,1.6870524973684651e-10,1.063625494629209e-09,6.824821216205708e-05,0.0065047483950491
73752,6150,84,126,53.83008,8.16158,338199634.908119,7.713317804528526e-05,0.012556336721972428,2.714458331766523e-05,0.01248313033380346,4.6061804851304146e-05,0.0748712371689572,0.06925847523654032,0.005612761932416851,0.16135276440748306,5.77048859085242e-06,1.8442603314237904e-05,0.00017156650045786236,9.53938656238861e-11,7.984149755479727e-11,1.5552368069088927e-11,4.3926452452715217e-10,4.236650486371533e-10,1.5599475889998896e-11,0.0008391347487520946,0.6642272572006487,3.040944270182237e-07,1.687008444831028e-10,1.063657880505337e-09,6.824760293177718e-05,0.006504692823199658
73753,6150,84,126,53.83327,8.17112,338199634.908119,7.717891400066743e-05,0.012545332961786096,2.714283485847764e-05,0.012472131053179444,4.605907374817599e-05,0.07492759475202843,0.06931655518605552,0.005611039565972864,0.1612928949048609,5.7737783072469235e-06,1.843653873909512e-05,0.00017152154337789923,9.535218579494186e-11,7.983125550421578e-11,1.5520930290726183e-11,4.4020171701975816e-10,4.2455318187856744e-10,1.5648535141190877e-11,0.0008388346309558909,0.6642274052071142,3.0510523252851163e-07,1.6869551130934905e-10,1.0626939430287559e-09,6.822581393375413e-05,0.006502957793189926
73754,6150,84,126,53.83415,8.15762,338199634.908119,7.724966221263903e-05,0.012569800478215569,2.7157749732427407e-05,0.012496573489064878,4.60692394182661e-05,0.0749939030607555,0.06937846654934914,0.005615436511406354,0.16146835278107755,5.779831550882035e-06,1.8457306478811404e-05,0.000171728922200563,9.5437327385233e-11,7.98798261197028e-11,1.55575012655303e-11,4.404139115576563e-10,4.2476262460902254e-10,1.5651286948633918e-11,0.0008397016522984136,0.6642766499561085,3.0511180185459905e-07,1.6893245963055739e-10,1.0638471344187544e-09,6.830370606551346e-05,0.006508587748764723
73755,6150,84,126,53.83427,8.18285,338199634.908119,7.702942076183558e-05,0.012484764979147056,2.710749953987428e-05,0.012411622946057565,4.603453354962119e-05,0.0747929068382399,0.06919264729893375,0.005600259539306136,0.16086643706281908,5.760754239837529e-06,1.8386182540945545e-05,0.00017102390939686336,9.513971708159035e-11,7.971453231740759e-11,1.5425184764182874e-11,4.4001934160699283e-10,4.2436085255935997e-10,1.5658489047633016e-11,0.0008367150072780725,0.6641154774820164,3.054256849669967e-07,1.6814503796063807e-10,1.0597015848699621e-09,6.803755279176734e-05,0.0064892562063767955
73756,6150,84,126,53.83642,8.16604,338199634.908119,7.72729480552784e-05,0.012558458208062591,2.715442136896352e-05,0.0124852379284682,4.606585822542921e-05,0.07502549413657492,0.06941191123257699,0.005613582903997889,0.16140080120935527,5.78137275547609e-06,1.845004748184771e-05,0.00017166771915953145,9.539540183105742e-11,7.986569671224897e-11,1.5529705118808547e-11,4.410622942023999e-10,4.2537590971930046e-10,1.5686384483099517e-11,0.0008393646435469898,0.6642699713165652,3.0584186516333673e-07,1.688958493154188e-10,1.062990630408872e-09,6.827717530668267e-05,0.006506553896162466
73757,6150,84,126,53.83767,8.15421,338199634.908119,7.727754367729753e-05,0.012558624675520123,2.7154757814930956e-05,0.012485403884429206,4.606603327598778e-05,0.07503101918190141,0.06941738238436916,0.0056136367975322295,0.16140383068597944,5.781718680734078e-06,1.8450347075469792e-05,0.0001716715624482273,9.539549637934884e-11,7.986647325571716e-11,1.5529023123631786e-11,4.411193034270723e-10,4.2543016042598084e-10,1.568914300109156e-11,0.0008393737159739346,0.6642728465991499,3.058965008979938e-07,1.689041931295833e-10,1.0629798194411584e-09,6.827850091559813e-05,0.006506619664423582
73758,6150,84,126,53.83873,8.18285,338199634.908119,7.731791841237246e-05,0.012547387528190993,2.7152611604117645e-05,0.012474171835554075,4.606308103279915e-05,0.07508074769623739,0.06946890703665086,0.005611840659586521,0.1613398394766317,5.7846096831025775e-06,1.8443910779770947e-05,0.00017162191304819814,9.53536884072216e-11,7.985533304309174e-11,1.5498355364129958e-11,4.4199084076291706e-10,4.2625581645355445e-10,1.5735024309362727e-11,0.000839062401086047,0.6642690443464018,3.0684471131684686e-07,1.6888834325963243e-10,1.0620239849362402e-09,6.825502232850133e-05,0.006504806055307477
73759,6150,84,126,53.84099,8.16407,338199634.908119,7.716681393117176e-05,0.012498665353207709,2.71221536805812e-05,0.01242550057353084,4.6042625996287315e-05,0.0749392076079024,0.06933611750652492,0.005603090101377476,0.1609909995040013,5.771710696225413e-06,1.8402066930039955e-05,0.00017120210833364286,9.518346295415367e-11,7.975645739533869e-11,1.5427005558815096e-11,4.414350764368422e-10,4.257118972778921e-10,1.572317915895027e-11,0.0008373181683525232,0.6641730737200857,3.0670099215356947e-07,1.6840820735827425e-10,1.059804742570574e-09,6.809851543121633e-05,0.006493435183513938
73760,6150,84,126,53.84139,8.17695,338199634.908119,7.728025517458486e-05,0.012523582994167861,2.7140047064847954e-05,0.012450389002804546,4.605394429846866e-05,0.07505170693054296,0.06944402415732187,0.005607682773221042,0.16117816336686042,5.781112970560992e-06,1.8424996316072506e-05,0.00017143935038768914,9.52689836746848e-11,7.981245881848865e-11,1.5456524856196222e-11,4.4220070274921e-10,4.2644802275654783e-10,1.5752679992662265e-11,0.0008382523146837848,0.6642323560398552,3.072470897242556e-07,1.6870076702071633e-10,1.0607313514735298e-09,6.818471766353625e-05,0.006499624243690247
73761,6150,84,126,53.8414,8.15055,338199634.908119,7.734927986921418e-05,0.012559762449144791,2.715981370408699e-05,0.012486534500655852,4.606813478485266e-05,0.0751104199703615,0.0694963482034413,0.005614071766920153,0.16142921896182627,5.787298875054431e-06,1.8454195495327415e-05,0.0001717237730750059,9.539630711048138e-11,7.98788836658049e-11,1.5517423444676578e-11,4.4204093573310684e-10,4.263072374757211e-10,1.5733698257385803e-11,0.000839492473986522,0.6642955135671716,3.0679193724542647e-07,1.6900525583503314e-10,1.062642987318468e-09,6.82938575149201e-05,0.006507577165373862
73762,6150,84,126,53.84381,8.171,338199634.908119,7.747500900452946e-05,0.012573171669669621,2.717360471220728e-05,0.01249992231166984,4.6075753287574545e-05,0.07524237615587714,0.06962562970628275,0.00561674644959437,0.16154506313747344,5.797385825533847e-06,1.846928057503991e-05,0.00017189185174883235,9.543978175442032e-11,7.991885139082283e-11,1.5520930363597587e-11,4.4331346831579383e-10,4.275220109843677e-10,1.579145733142617e-11,0.0008400715342754603,0.6643447681211808,3.079305763363684e-07,1.692458766254398e-10,1.062765685364236e-09,6.835120490803319e-05,0.006511585969418359
73763,6150,84,126,53.84419,8.15909,338199634.908119,7.726352517346741e-05,0.012511832539839491,2.713392880644355e-05,0.012438649122356558,4.6049488676490135e-05,0.07504006778013589,0.06943441825269883,0.0056056495274370175,0.16109984548138487,5.77951346114014e-06,1.841571899993332e-05,0.00017135022983389494,9.522670900932907e-11,7.979136186172602e-11,1.543534714760314e-11,4.423300601720673e-10,4.2656736833967607e-10,1.5762691832391383e-11,0.0008378526048238457,0.6642164778312973,3.074710575832962e-07,1.6861230660153342e-10,1.0600887994325378e-09,6.815044800693658e-05,0.006497066995663619
73764,6150,84,126,53.84633,8.16512,338199634.908119,7.7476233936321e-05,0.012561603353017444,2.7168738131538762e-05,0.012488362835566159,4.607177931974864e-05,0.07525012947291228,0.06963533594784721,0.0056147935250650165,0.16147156086506387,5.797195665747799e-06,1.8460908295654546e-05,0.0001718152522646955,9.539766327255514e-11,7.990088094300123e-11,1.5496782329554012e-11,4.4367573207434565e-10,4.278630060254195e-10,1.5812726048926303e-11,0.0008396999422775796,0.6643330023162486,3.083816565242671e-07,1.691806608872343e-10,1.0620270174846427e-09,6.83204039613728e-05,0.006509263518690912
73765,6150,95,126,54.40614,7.64029,366343200.0,7.592701809307568e-05,0.012285007400362228,2.614515494265899e-05,0.012215707421547515,4.315482387205315e-05,0.0740963149963593,0.0686426091353011,0.005453705861058154,0.15664327078750037,5.724897069004211e-06,1.8066133842715627e-05,0.00016909692340353865,9.128680766552653e-11,7.587110667844932e-11,1.5415700987077293e-11,4.370554823406606e-10,4.213291333183882e-10,1.5726349022272603e-11,0.0008094412697063959,0.6164984065327629,3.0474594925692526e-07,1.6873322933215607e-10,1.015070730879529e-09,6.68184805300112e-05,0.00622601927389509
73766,6150,95,126,54.4063,7.65438,366343200.0,7.59038956815062e-05,0.01229521526659533,2.614807971712681e-05,0.012225909392917858,4.3157793960349045e-05,0.07406422123913141,0.0686088801726775,0.005455341066453867,0.1567014932877943,5.723375754430185e-06,1.807262126140898e-05,0.00016915106078199514,9.132538554972703e-11,7.588391331396084e-11,1.5441472235766263e-11,4.3644095116590553e-10,4.2074778085864895e-10,1.5693170307256795e-11,0.0008097459314339337,0.6165004145971922,3.040583876109722e-07,1.6875996362922076e-10,1.015842245138944e-09,6.684177895649796e-05,0.00622786364733586
73767,6150,95,126,54.41152,7.64033,366343200.0,7.59054102878675e-05,0.012284587792666347,2.6143621187396274e-05,0.012215290014272096,4.3154157206856826e-05,0.07407203143742352,0.06861847803686791,0.005453553400555587,0.15663446815865015,5.723225246423487e-06,1.8064933883208007e-05,0.00016908081743260593,9.128652829969246e-11,7.586738262372535e-11,1.54191456759672e-11,4.367794624722908e-10,4.210664592290293e-10,1.5713003243261758e-11,0.0008094042758232008,0.6164903967053739,3.0447839804551716e-07,1.68701239741489e-10,1.015163514367903e-09,6.681358148617346e-05,0.0062257271124162
73768,6150,95,126,54.41176,7.66849,366343200.0,7.582301181593976e-05,0.012293706846481543,2.6142346805977035e-05,0.01222440917432236,4.315532535320842e-05,0.07397361305245401,0.06851882536319985,0.0054547876892541225,0.1566694764935346,5.717109973411161e-06,1.8068164820916437e-05,0.0001690911038148777,9.132436816791654e-11,7.586996084561982e-11,1.54544073222968e-11,4.354063801981714e-10,4.19763230559809e-10,1.564314963836245e-11,0.0008096084278988196,0.6164713788014462,3.03055054381488e-07,1.6864146213258222e-10,1.016196726885608e-09,6.682366807867107e-05,0.006226772954256238
73769,6150,95,126,54.41692,7.64035,366343200.0,7.592038675502122e-05,0.012295473439364468,2.6149241957414455e-05,0.012226165921456991,4.315827595006809e-05,0.07408246369722274,0.06862702353733972,0.005455440159882988,0.15670728082246702,5.72465935922171e-06,1.8073501858490015e-05,0.00016916302195079004,9.132557049868209e-11,7.588676779288489e-11,1.543880270579728e-11,4.366529587117346e-10,4.2094953932213784e-10,1.5703419389596958e-11,0.0008097731939116611,0.6165055837835883,3.042643930318864e-07,1.6878313813867212e-10,1.0157642893214556e-09,6.684529111573541e-05,0.006228083688579537
73770,6150,95,126,54.41709,7.65443,366343200.0,7.57878533215928e-05,0.012271771121978128,2.613072727537294e-05,0.012202493494801105,4.314689990165308e-05,0.07394660164938452,0.0684956418261808,0.005450959823203693,0.15652078082580967,5.713846814345762e-06,1.8050703853845818e-05,0.00016892247698893837,9.124618762579018e-11,7.583030587365077e-11,1.5415881752139492e-11,4.35594268327681e-10,4.199351012401207e-10,1.565916708756039e-11,0.000808860688346188,0.6164381117452528,3.034204558074992e-07,1.6846869335639152e-10,1.0150102397817023e-09,6.675883715072846e-05,0.006221986420501616
73771,6150,95,126,54.41741,7.68261,366343200.0,7.570498377254207e-05,0.012280882126225256,2.612941960342919e-05,0.01221160465263355,4.314805398827636e-05,0.07384765899755119,0.06839546790397243,0.005452191093578727,0.15655561372055568,5.7076949577873635e-06,1.8053909254037288e-05,0.00016893241809655003,9.128402190362416e-11,7.583280268918414e-11,1.545121921444011e-11,4.34215144600418e-10,4.1862612319759427e-10,1.5589021402823874e-11,0.0008090640510958976,0.6164189359202882,3.019912471571962e-07,1.684082402761106e-10,1.0160456015040551e-09,6.676882095116864e-05,0.006223025944817546
73772,6150,95,126,54.42232,7.64038,366343200.0,7.589919545233138e-05,0.012295060756481527,2.6147737610178627e-05,0.012225755397238596,4.3157621632755905e-05,0.07405864276816099,0.06860335245359166,0.005455290314569314,0.15669863042716925,5.723019905708997e-06,1.8072324368926114e-05,0.00016914722022955342,9.132529598807033e-11,7.588311575156817e-11,1.544218023650224e-11,4.3638228456798015e-10,4.2069195251830875e-10,1.5690332049671634e-11,0.0008097368949029313,0.6164977106591211,3.0400203295000503e-07,1.6875174192604403e-10,1.0158551504720018e-09,6.684048225316208e-05,0.006227797103642786
73773,6150,95,126,54.42296,7.6967,366343200.0,7.55875018731584e-05,0.012268068283930424,2.6116531203521788e-05,0.012198810953135804,4.3140799591099255e-05,0.07372231999239982,0.06827272156528821,0.005449598427111567,0.1564419775185008,5.698322164359753e-06,1.8039684170947565e-05,0.0001687741409130086,9.124368282435158e-11,7.57957386055286e-11,1.5447944218823045e-11,4.3303087957320964e-10,4.174956493660858e-10,1.5535230207123865e-11,0.0008085206135847926,0.6163666996300061,3.009341944328927e-07,1.681758324048868e-10,1.0158921623221092e-09,6.67140986432265e-05,0.006219286332730138
73774,6150,95,126,54.4277,7.64038,366343200.0,7.587843847609432e-05,0.012294655810940476,2.6146263998666823e-05,0.012225352566527124,4.3156980414690017e-05,0.07403530668476392,0.06858016334483405,0.005455143339929842,0.15669014651923915,5.721414142692004e-06,1.8071170603711703e-05,0.00016913173852996544,9.132502677549083e-11,7.587953870329428e-11,1.5445488072196626e-11,4.3611717369528054e-10,4.204396600155066e-10,1.5677513679773977e-11,0.0008097013285821973,0.6164899879372233,3.037450710933721e-07,1.6872097479595748e-10,1.0159440664244771e-09,6.683576931707658e-05,0.006227516358310988
73775,6150,95,126,54.42787,7.65448,366343200.0,7.581818310039801e-05,0.012293548990182127,2.6141995464771723e-05,0.012224251846023514,4.315514869384511e-05,0.07396788619777937,0.06851315040369949,0.005454735794079862,0.1566665485298831,5.716744288706378e-06,1.8067860310326903e-05,0.00016908716295449913,9.132427655755029e-11,7.586914130728798e-11,1.5455135250262386e-11,4.353460908043334e-10,4.1970585790964904e-10,1.564023289468446e-11,0.000809599158074382,0.6164686142924634,3.029971336046656e-07,1.6863303320887732e-10,1.0162100859913878e-09,6.682233913462554e-05,0.006226704633024327
73776,6150,95,126,54.42803,7.66856,366343200.0,7.572183315083405e-05,0.012281145756670836,2.613060707560226e-05,0.012211866603210475,4.314854638476306e-05,0.07386629710254584,0.06841400480470718,0.00545229229783862,0.156561524727809,5.709006470455482e-06,1.8054808897970944e-05,0.00016894463833931462,9.128421080193089e-11,7.583571921794231e-11,1.544849158398867e-11,4.3443176177292526e-10,4.1883226844855226e-10,1.5599493324373043e-11,0.0008090919035372263,0.6164242151118311,3.022017329224334e-07,1.6843191527243362e-10,1.015965934467742e-09,6.677240886553597e-05,0.006223250759764338
73777,6150,95,126,54.4282,7.68263,366343200.0,7.566198064587029e-05,0.012280046741919735,2.6126367135752785e-05,0.01221077364769784,4.314672708614595e-05,0.0737993292931605,0.06834744170344616,0.0054518875897143215,0.15653809059913065,5.70436778923189e-06,1.8051520967556926e-05,0.00016890036296160469,9.128346578473468e-11,7.582539125921689e-11,1.5458074525517873e-11,4.3366582556483907e-10,4.181033641798312e-10,1.556246138500786e-11,0.0008089904224957438,0.6164029905424818,3.0145878435075654e-07,1.6834456977270527e-10,1.0162302221079026e-09,6.675906996047347e-05,0.0062224444809112585
73778,6150,95,126,54.4285,7.71081,366343200.0,7.55427032767621e-05,0.012277857322344309,2.6117917651607433e-05,0.012208596302877869,4.314310181483356e-05,0.07366587570193146,0.06821479442615615,0.00545108127577527,0.15649140113455606,5.6951234761386245e-06,1.8044969028447062e-05,0.0001688121325884054,9.128198141836397e-11,7.580480898422697e-11,1.5477172434137082e-11,4.3213940922784854e-10,4.1665074790770525e-10,1.5488661320143385e-11,0.0008087881973395303,0.6163607045715667,2.9997817341376035e-07,1.6817051798211765e-10,1.0167569962601785e-09,6.673249022353367e-05,0.006220837719832863
73779,6150,95,126,54.4331,7.64041,366343200.0,7.585771015500245e-05,0.012294250972720976,2.6144792360928507e-05,0.012224949840473317,4.3156339886735176e-05,0.07401200070113957,0.06855700425858617,0.005454996442553369,0.15668166755101987,5.71981065225821e-06,1.8070018175034487e-05,0.00016911627579490154,9.13247577288856e-11,7.587596668253048e-11,1.544879104635522e-11,4.35852438628507e-10,4.201877251600577e-10,1.566471346844938e-11,0.000809665804293043,0.6164822690075558,3.0348847714879384e-07,1.6869024111680358e-10,1.0160328076434062e-09,6.683106123683347e-05,0.0062272359791816
73780,6150,95,126,54.43373,7.69674,366343200.0,7.554459960486796e-05,0.01226723474431214,2.6113485879657667e-05,0.01219798178268093,4.3139475751553016e-05,0.073674103102402,0.06822480749919958,0.005449295603202384,0.15642449377714793,5.695002813417228e-06,1.803730142088007e-05,0.00016874216034837942,9.124312795758755e-11,7.578834458080456e-11,1.5454783376783073e-11,4.324828513868066e-10,4.169741187869483e-10,1.5508732599858425e-11,0.0008084471558780068,0.6163507899073517,3.004029837928897e-07,1.6811230894331826e-10,1.0160763367330122e-09,6.670437010352947e-05,0.006218706227152448
73781,6150,95,126,54.43405,7.72492,366343200.0,7.542517463835849e-05,0.012265043503272878,2.6105026058885876e-05,0.012195802630836335,4.313584637766108e-05,0.07354048853018323,0.06809199999175053,0.0054484885384326895,0.15637775984809252,5.685746951431004e-06,1.8030741877825755e-05,0.000168653825529088,9.124164215865274e-11,7.576773666103905e-11,1.5473905497613776e-11,4.309545269188782e-10,4.1551968661574866e-10,1.543484030312957e-11,0.0008082446943737148,0.6163084651109434,2.989205148102345e-07,1.679380595102398e-10,1.0166038649019608e-09,6.667776071972259e-05,0.0062170975198171585
73782,6150,95,126,54.43849,7.64044,366343200.0,7.576454581404502e-05,0.012271247985150533,2.6129063418255615e-05,0.012201972771395524,4.314615033675522e-05,0.0739200775765409,0.06846930182137673,0.00545077575516414,0.1565102284433872,5.71205219795461e-06,1.804936949818773e-05,0.00016890472814326814,9.124585417391087e-11,7.582630283206866e-11,1.5419551341842294e-11,4.352980692314254e-10,4.196532254794025e-10,1.5644843752022925e-11,0.000808819680995629,0.6164283994366695,3.0313391545918646e-07,1.684327786708304e-10,1.015102205777185e-09,6.675329507545904e-05,0.0062216679410595456
73783,6150,95,126,54.43866,7.65452,366343200.0,7.570403298229198e-05,0.012270136963329858,2.6124776716788278e-05,0.012200867875595553,4.314431101751855e-05,0.07385237149247466,0.06840200487761643,0.005450366614858205,0.1564865375435294,5.707362325601492e-06,1.8046045360333267e-05,0.0001688599649229189,9.124510099093849e-11,7.581586090611994e-11,1.5429240084818624e-11,4.345236802181681e-10,4.189162770836341e-10,1.5607403134534065e-11,0.0008087170822022887,0.616406942498478,3.023827668191783e-07,1.6834447188085289e-10,1.0153694227551726e-09,6.673980943874123e-05,0.006220852772457373
73784,6150,95,126,54.43881,7.6686,366343200.0,7.564372673972166e-05,0.012269030046308027,2.612050469180532e-05,0.012199767063503888,4.314247811233616e-05,0.0737848980156642,0.06833493905759495,0.0054499589580692025,0.15646293219852936,5.702688425818232e-06,1.8042732747872972e-05,0.00016881535618521435,9.124435052128385e-11,7.580545456693608e-11,1.543889595434785e-11,4.337519281707471e-10,4.181818381518452e-10,1.557009001890183e-11,0.0008086148385572679,0.6163855635551794,3.0163417348652385e-07,1.6825647279638365e-10,1.0156357633448237e-09,6.672637098084267e-05,0.006220040401568861
73785,6150,95,126,54.43897,7.6827,366343200.0,7.558343279255333e-05,0.012267923528019108,2.611623356101423e-05,0.012198666648802502,4.314064565559326e-05,0.07371743910612205,0.06826788767359572,0.005449551432526307,0.15643933426078266,5.698015457578881e-06,1.8039420908965245e-05,0.00016877075746500294,9.124360028343228e-11,7.579505031518679e-11,1.5448549968245582e-11,4.329803297087027e-10,4.1744754537520583e-10,1.5532784333496887e-11,0.0008085126184657319,0.6163641916022392,3.0088572773192297e-07,1.6816849511027625e-10,1.015902069547721e-09,6.671293589508874e-05,0.00621922820449509
73786,6150,95,126,54.43929,7.71086,366343200.0,7.542707957703148e-05,0.012254420499765353,2.6100594818670492e-05,0.012185187684622626,4.31322203240585e-05,0.07354872283129014,0.0681020200695233,0.005446702761766809,0.15631084711243948,5.685627028156683e-06,1.8023074412217934e-05,0.00016858385654756352,9.120278853933515e-11,7.575127385889122e-11,1.545151468044402e-11,4.3129809195287936e-10,4.158431744446864e-10,1.545491750819307e-11,0.0008079036583801392,0.6162985446257322,2.99345449092976e-07,1.6787985137962145e-10,1.0159231001924127e-09,6.664964038646995e-05,0.006214966115523692
73787,6150,95,126,54.44388,7.64046,366343200.0,7.574436906247997e-05,0.01227085264575457,2.612763076925378e-05,0.01220157948868253,4.3145526302787905e-05,0.07389738578650455,0.06844675337411969,0.005450632412384824,0.15650195599955555,5.71049153293152e-06,1.8048247012478364e-05,0.00016888967007316278,9.124559170653843e-11,7.582282611286853e-11,1.542276559366998e-11,4.350404063089953e-10,4.194080208567515e-10,1.5632385452243748e-11,0.000808785082058901,0.616420866534619,3.028841864908452e-07,1.684028373549882e-10,1.0151884390565947e-09,6.674870762100302e-05,0.00622139496241513
73788,6150,95,126,54.44484,7.72498,366343200.0,7.534597440265836e-05,0.012252909281115913,2.6094846399656466e-05,0.012183684689179903,4.312974553635724e-05,0.07345787295255025,0.0680117247125362,0.005446148240014013,0.1562787626369834,5.679343938959299e-06,1.8018606532061842e-05,0.00016852374261367938,9.12017689788289e-11,7.573728295189278e-11,1.546448602693621e-11,4.302606613827036e-10,4.148559027675901e-10,1.5404758615113666e-11,0.0008077657994078044,0.6162694495895102,2.983393318602119e-07,1.6776105218941954e-10,1.0162787047594803e-09,6.663148480955615e-05,0.006213872501020608
73789,6150,95,126,54.44927,7.64048,366343200.0,7.572443110355984e-05,0.012270461347451784,2.6126214990208836e-05,0.012201190223082744,4.314490937883405e-05,0.07387495956734205,0.06842446897865438,0.005450490588687649,0.1564937718985432,5.708949417247113e-06,1.8047137449643015e-05,0.00016887478681597496,9.124533205508581e-11,7.58193906669584e-11,1.5425941388127488e-11,4.347858067001336e-10,4.1916573144988183e-10,1.562007525025174e-11,0.000808750882622734,0.6164134130864111,3.026374316755866e-07,1.6837323765586138e-10,1.0152735783652485e-09,6.674417212906537e-05,0.006221125184313755
73790,6150,95,126,54.44942,7.65459,366343200.0,7.566352672249026e-05,0.012269343747015436,2.6121900633380326e-05,0.01220007878796023,4.314305842182891e-05,0.07380681824846207,0.06835673927769151,0.00545007897077054,0.15646993685597663,5.70422912358478e-06,1.804379214908915e-05,0.00016882973720780105,9.12445742765031e-11,7.580888105560616e-11,1.5435693220897008e-11,4.3400639372430635e-10,4.184240019768584e-10,1.5582391747447988e-11,0.0008086476295111471,0.6163918265909858,3.018814049163333e-07,1.6828437166599603e-10,1.0155425946076772e-09,6.673060146303436e-05,0.006220304770018433
73791,6150,95,126,54.4496,7.66865,366343200.0,7.560285018688389e-05,0.012268230420940647,2.611760242923322e-05,0.012198971604081765,4.3141214429650515e-05,0.07373893228608178,0.06828926336737907,0.005449668918702672,0.15644619238116048,5.699526477170945e-06,1.8040459416395406e-05,0.00016878485662962124,9.124381937531489e-11,7.579841074261007e-11,1.544540863270491e-11,4.332298945305132e-10,4.1768504540619633e-10,1.5544849124316845e-11,0.0008085447641342452,0.6163703222713973,3.0112820375670206e-07,1.681958399922915e-10,1.0158106151971177e-09,6.671708190652412e-05,0.006219487429339608
73792,6150,95,126,54.44976,7.68275,366343200.0,7.554220572960665e-05,0.012267118013210785,2.611330654165828e-05,0.012197865335114359,4.313937155477187e-05,0.0736710837580952,0.06822182458295838,0.005449259175136779,0.1564224654034624,5.694826276194261e-06,1.803712863270473e-05,0.00016874000153672687,9.124306502337243e-11,7.578794589979243e-11,1.54551191235801e-11,4.324537986867785e-10,4.1694647267544474e-10,1.550732601133381e-11,0.0008084419582996958,0.616348834335169,3.0037539118011944e-07,1.6810736171045415e-10,1.0160785320395438e-09,6.670357070231759e-05,0.006218670536369815
73793,6150,95,126,54.44991,7.69683,366343200.0,7.54818169035154e-05,0.012266010568614052,2.6109028799039305e-05,0.012196764003248584,4.313753656642953e-05,0.07360352251194922,0.06815467127698231,0.0054488512349668665,0.15639884254974204,5.69014585384631e-06,1.8033812044549545e-05,0.00016869533698003002,9.124231397599609e-11,7.57775251146173e-11,1.546478886137886e-11,4.3168096831922316e-10,4.1621100753254314e-10,1.5469960786679984e-11,0.0008083395901051409,0.6163274411434569,2.9962574389895306e-07,1.6801926186083054e-10,1.0163453510874121e-09,6.669011745247225e-05,0.00621785709976799
73794,6150,95,126,54.45007,7.71097,366343200.0,7.542127282199019e-05,0.01226490045976042,2.6104740083164995e-05,0.012195660022737798,4.313569693945859e-05,0.07353578842732779,0.06808734613044373,0.005448442296884029,0.15637516170558965,5.685453375859759e-06,1.8030487033436843e-05,0.00016865055856896453,9.124156108101158e-11,7.576707750214681e-11,1.547448357886486e-11,4.3090614708329403e-10,4.1547364777200545e-10,1.5432499311288596e-11,0.0008082369615910964,0.6163059957327562,2.988741639926329e-07,1.679309391663824e-10,1.0166128771578406e-09,6.667663028354333e-05,0.006217041580530222
73795,6150,95,126,54.45467,7.6405,366343200.0,7.566834369949976e-05,0.012258771982417767,2.6117675382157417e-05,0.012189514787116053,4.313951991956033e-05,0.0738183003175879,0.06836998805381024,0.005448312263777624,0.15640413080920063,5.70433516454882e-06,1.803628338684071e-05,0.00016876191048238978,9.120575588860407e-11,7.57929211871925e-11,1.5412834701411658e-11,4.343872728108868e-10,4.187829998356025e-10,1.5604272975284465e-11,0.0008083114960071637,0.6163829048140618,3.023425514039137e-07,1.6823036861818816e-10,1.0148487144818764e-09,6.670312195987189e-05,0.006218212488483054
73796,6150,95,126,54.4556,7.72503,366343200.0,7.537697737679273e-05,0.012274698979998212,2.6106162206952585e-05,0.012205454803229179,4.313801456208568e-05,0.07347990824093335,0.06802997962562993,0.005449928615303392,0.15642478596337736,5.682293652779793e-06,1.8035799668796407e-05,0.00016868892374124532,9.127986604864044e-11,7.577623465495767e-11,1.550363139368285e-11,4.300211103143566e-10,4.1463486882922187e-10,1.5386241485134785e-11,0.0008085054022493638,0.6163001827933318,2.9792438149907464e-07,1.6792636386805593e-10,1.0174755173150025e-09,6.66951348852143e-05,0.006218599757123422
73797,6150,95,126,54.46004,7.64051,366343200.0,7.564900483301733e-05,0.0122583910786771,2.611630196146233e-05,0.012189135855771535,4.313892094410359e-05,0.07379654157277712,0.06834836725033046,0.005448174322446645,0.15639617218592347,5.702839554532764e-06,1.803520639070686e-05,0.00016874746716808223,9.120550341845556e-11,7.578958923867469e-11,1.541591417978097e-11,4.341403529974391e-10,4.185480189329124e-10,1.5592334064526845e-11,0.0008082783028611767,0.6163756545973748,3.0210325079200103e-07,1.6820163109658462e-10,1.014931138667326e-09,6.66987177692916e-05,0.006217950752146091
73798,6150,95,126,54.46022,7.6546,366343200.0,7.558774378352704e-05,0.012257267287440084,2.611196238635503e-05,0.01218801826575328,4.3137059300453285e-05,0.07372800286311242,0.06828024247061448,0.005447760392497909,0.15637220286937958,5.698091574117783e-06,1.803184170026305e-05,0.00016870215562794023,9.120474136339666e-11,7.577901801084675e-11,1.5425723352549994e-11,4.333563679241934e-10,4.1780193840744556e-10,1.5554429516747915e-11,0.0008081744506189848,0.6163539470716911,3.0134278625907066e-07,1.6811225176280522e-10,1.0152017710741302e-09,6.668506892443216e-05,0.006217125550088789
73799,6150,95,126,54.46037,7.6687,366343200.0,7.556302141846731e-05,0.012267448710362339,2.6114774213916424e-05,0.012198193954124756,4.313998202366739e-05,0.07369413269726768,0.06824474710150934,0.005449385595758316,0.15642984294347206,5.696445897466403e-06,1.8038242892322624e-05,0.0001687551251016723,9.12433006685328e-11,7.579154798273522e-11,1.545175268579767e-11,4.327212982463434e-10,4.172010403744826e-10,1.5520257871860755e-11,0.0008084764455217642,0.6163554324030515,3.006352788004209e-07,1.6813670980620472e-10,1.0159806879515565e-09,6.670802150455745e-05,0.006218948509250036
73800,6150,95,126,54.46055,7.68279,366343200.0,7.550200148654053e-05,0.012266329845617832,2.611045178643836e-05,0.012197081265906727,4.31381279246692e-05,0.07362586610711573,0.06817689267211555,0.0054489734350001455,0.1564059755146054,5.691716542444055e-06,1.8034891730518356e-05,0.00016870999458678385,9.124254184204228e-11,7.578101826264723e-11,1.5461523579395117e-11,4.319403879212041e-10,4.164578859241274e-10,1.5482501997076774e-11,0.0008083730099080978,0.6163338179705654,2.9987779270139706e-07,1.6804769231589791e-10,1.0162503131040139e-09,6.66944282193425e-05,0.006218126578919959
73801,6150,95,126,54.46071,7.6969,366343200.0,7.547744967224564e-05,0.012276514844289647,2.6113275755318315e-05,0.012207260512510525,4.3141056023810034e-05,0.07359218884737158,0.0681415889323712,0.00545059991500033,0.1564636890227836,5.690084028921465e-06,1.8041302543513783e-05,0.0001687630925914226,9.128110347232355e-11,7.57935775763725e-11,1.5487525895951138e-11,4.313074911391054e-10,4.1585905571867435e-10,1.544843542043109e-11,0.0008086753009316098,0.6163353705348609,2.991723893355422e-07,1.6807240812289915e-10,1.0170285279966097e-09,6.67174204314659e-05,0.006219951856594872
73802,6150,95,126,54.46085,7.71099,366343200.0,7.541683408741449e-05,0.012275404071315714,2.610898206114695e-05,0.012206155874750938,4.313921450362959e-05,0.07352437779825505,0.06807418712436325,0.005450190673891762,0.15643998991059213,5.685385929120749e-06,1.8037973972511038e-05,0.00016871826474530805,9.128034998272697e-11,7.5783117497147e-11,1.5497232485580074e-11,4.3053174076768483e-10,4.1512081172782184e-10,1.5410929039862966e-11,0.0008085725613346877,0.6163139096346282,2.984199029357441e-07,1.6798399404132785e-10,1.0172964444702154e-09,6.670391969770562e-05,0.0062191354048224375
73803,6150,95,126,54.46117,7.73918,366343200.0,7.529581921008626e-05,0.012273187007679076,2.61004100633823e-05,0.012203951059357334,4.313553825836046e-05,0.07338900009768662,0.06793962630144026,0.005449373796246314,0.15639268402886125,5.676006429469276e-06,1.803132900201378e-05,0.00016862877177624595,9.127884592839835e-11,7.576223456036582e-11,1.5516611368032623e-11,4.2898299682948705e-10,4.1364694724957563e-10,1.5336049579911453e-11,0.0008083674568601877,0.6162710723012972,2.969176000746198e-07,1.6780749172600086e-10,1.0178313811245534e-09,6.667696829981096e-05,0.006217505439133368
73804,6150,95,126,54.46544,7.64051,366343200.0,7.562984719319126e-05,0.012258012999135643,2.611494131132887e-05,0.012188759730564498,4.31383272598174e-05,0.07377498324054943,0.06832694577406291,0.005448037466486491,0.1563882769697634,5.701358052137536e-06,1.80341390644366e-05,0.00016873315523050576,9.120525297488054e-11,7.578628866167149e-11,1.5418964313209137e-11,4.338957632969435e-10,4.183152554988493e-10,1.5580507798094388e-11,0.0008082454091101146,0.6163684609897683,3.018662144296936e-07,1.681731479895759e-10,1.0150127046753582e-09,6.669435212781144e-05,0.006217691433312696
73805,6150,95,126,54.46639,7.72512,366343200.0,7.52996343698157e-05,0.01226259593582209,2.609611372137415e-05,0.012193367853190059,4.313196891066045e-05,0.07339935698170223,0.06795175692010981,0.005447600061592388,0.1563264720682338,5.676034940391812e-06,1.8023764688788975e-05,0.00016856019910405383,9.124001465514027e-11,7.574610200194285e-11,1.549391265319752e-11,4.293510754186109e-10,4.139937635211261e-10,1.535731189748468e-11,0.0008080296104885558,0.6162617813992307,2.9736633760849817e-07,1.67752008465549e-10,1.0171418197337724e-09,6.664926219713922e-05,0.006215399618885781
73806,6150,95,126,54.47083,7.64055,366343200.0,7.561080007912852e-05,0.012257636641710437,2.6113588449613187e-05,0.012188385316458467,4.313773680236116e-05,0.07375354713373836,0.06830564586135249,0.005447901272385845,0.15638042041965555,5.699885153676142e-06,1.8033077635415578e-05,0.0001687189234148555,9.120500376712957e-11,7.578300721745612e-11,1.5421996549673536e-11,4.336525946824993e-10,4.1808384445148075e-10,1.5568750231018756e-11,0.0008082126979481793,0.6163613019021925,3.0163055898716136e-07,1.6814482003800116e-10,1.0150937472677852e-09,6.669000999542032e-05,0.006217433588842435
73807,6150,95,126,54.47099,7.65465,366343200.0,7.558559377514707e-05,0.01226780937065666,2.611636602079327e-05,0.012198552359737292,4.314064489857488e-05,0.07371913639798056,0.06826961314117216,0.00544952325680836,0.15643787389716257,5.698201947110337e-06,1.8039452351825466e-05,0.0001687715359231928,9.124355713589509e-11,7.579545364436261e-11,1.5448103491532562e-11,4.330113278319793e-10,4.174770488653391e-10,1.553427896664019e-11,0.0008085138753298404,0.6163626185435281,3.0091703879551e-07,1.6816857568526236e-10,1.0158748231612232e-09,6.671285542549607e-05,0.0062192500379050055
73808,6150,95,126,54.47116,7.66876,366343200.0,7.548771430251792e-05,0.012255380103758429,2.610486955557465e-05,0.012186141237219127,4.3133996983729015e-05,0.07361584555979675,0.06816877557081559,0.005447069988981132,0.15633228200110358,5.690345334422109e-06,1.8026318080764246e-05,0.00016862789079457566,9.120347327569604e-11,7.57617672194112e-11,1.5441706056284933e-11,4.320773808003813e-10,4.165847898523437e-10,1.549259094803764e-11,0.0008080040595625118,0.6163177081729652,3.0010259231568883e-07,1.6796526663229498e-10,1.0156376616030993e-09,6.666259177899776e-05,0.0062157756573542715
73809,6150,95,126,54.47132,7.68286,366343200.0,7.542638464550798e-05,0.012254256168451506,2.6100525269897982e-05,0.012185023509445076,4.313213373653709e-05,0.073547235312578,0.06810057940713508,0.005446655905442887,0.15630830255012348,5.68559189893082e-06,1.80229502543558e-05,0.00016858253445045185,9.120271087465306e-11,7.575118393214384e-11,1.5451526942509304e-11,4.312924935008865e-10,4.158378506923905e-10,1.5454642808496108e-11,0.0008079001084526239,0.6162959932843536,2.9934124361773614e-07,1.6787580946366443e-10,1.0159087253565302e-09,6.66489317204918e-05,0.006214949583857721
73810,6150,95,126,54.47149,7.69692,366343200.0,7.53653114852818e-05,0.012253137143461703,2.6096199181284617e-05,0.012183910665907908,4.3130278372516304e-05,0.07347891299385526,0.06803266938181242,0.005446243612042806,0.1562844265318711,5.680858317644064e-06,1.8019596632055862e-05,0.00016853736891654896,9.120195175766507e-11,7.574064486547816e-11,1.5461306892187004e-11,4.30510884248201e-10,4.150940310849684e-10,1.5416853163232645e-11,0.0008077965953752474,0.6162743724023506,2.9858307296385006e-07,1.6778673061790478e-10,1.0161786795857796e-09,6.663532955821187e-05,0.006214126975139305
73811,6150,95,126,54.47164,7.71109,366343200.0,7.530396239146206e-05,0.012252013427967801,2.6091853596023574e-05,0.01218279315958818,4.3128414783600646e-05,0.07341028370054549,0.06796445414306322,0.0054458295574822445,0.15626044811731774,5.676103304500566e-06,1.8016228065063354e-05,0.0001684920012686776,9.120118937727475e-11,7.573005811015333e-11,1.547113126712151e-11,4.2972573567890295e-10,4.14346843271935e-10,1.5378892406968144e-11,0.0008076926203338134,0.6162526593911165,2.978214661766174e-07,1.6769725660462086e-10,1.016449895535813e-09,6.662166727508423e-05,0.006213300667089445
73812,6150,95,126,54.47195,7.73917,366343200.0,7.518273052122098e-05,0.012249793547870952,2.6083266383104483e-05,0.012180585549040859,4.312473244698882e-05,0.07327466868171566,0.06782965714427626,0.005445011537439382,0.15621307478729798,5.666706843168056e-06,1.8009571836867304e-05,0.00016840235400746205,9.119968315372699e-11,7.57091374986775e-11,1.5490545655049572e-11,4.2817418948123464e-10,4.1287031198852997e-10,1.5303877492704843e-11,0.0008074871662192845,0.6162097628700947,2.9631643571950656e-07,1.6752046095298637e-10,1.0169859247699883e-09,6.659467178491572e-05,0.006211667833519882
73880,3600,88,120,55.0641,7.18602,214444800.0,0.00010748217532382036,0.015646241786771355,3.2061167313878535e-05,0.015568181039172898,4.599958028458335e-05,0.10585789176097836,0.09925366733685796,0.00660422442412036,0.20045487808611334,8.128402204285355e-06,2.3515729618007952e-05,0.0002218180342540633,1.0267544650920009e-10,8.515590053965217e-11,1.7519545969548022e-11,7.044348490192947e-10,6.766320327946211e-10,2.78028162246733e-11,0.0009772765760683417,0.633100010360194,5.342079868549034e-07,2.3574718437675933e-10,1.1264892058048027e-09,8.517125202070381e-05,0.00794253535413644
73882,3600,88,120,55.06564,7.21397,214444800.0,0.00010727003953583265,0.01566069350556053,3.205395893556222e-05,0.015582640060785543,4.5999485839433115e-05,0.10561076515317867,0.09900486361092684,0.006605901542251831,0.20048949640223024,8.11240111671793e-06,2.3517432713450844e-05,0.0002217837903927654,1.0273928493362519e-10,8.514795294387658e-11,1.7591331989748693e-11,7.011718217096768e-10,6.735326861933405e-10,2.7639135516336154e-11,0.0009775072007518414,0.6330450080076937,5.308851421708268e-07,2.3554458116597087e-10,1.1285905898121552e-09,8.517324895842518e-05,0.007943369243092482
73883,3600,88,120,55.06632,7.22764,214444800.0,0.00010714191655357267,0.01565841747661716,3.204489299373046e-05,0.01558037695918532,4.599562443811598e-05,0.10546776949794899,0.09886271299484549,0.0066050565031034745,0.20044048027192068,8.102461883851707e-06,2.3510437858079066e-05,0.00022168942072008186,1.0273772498135828e-10,8.512582929798411e-11,1.7611895683374284e-11,6.995305595740754e-10,6.719707747436165e-10,2.755978483045875e-11,0.0009772911639721689,0.6330007381452276,5.292925195320275e-07,2.3535913502706403e-10,1.1291651480997528e-09,8.51449748629822e-05,0.007941646908356997
73884,3600,88,120,55.06711,7.24076,214444800.0,0.00010689260435638115,0.015617584056975822,3.201165197905323e-05,0.015539596876821172,4.5975528175600776e-05,0.10521041636414075,0.09861314677320236,0.006597269590938368,0.20011408732654196,8.082205883345535e-06,2.3470277788492533e-05,0.0002212619677233545,1.0260186327780164e-10,8.502540626931636e-11,1.757645700848541e-11,6.974271917335885e-10,6.699572543020403e-10,2.746993743154819e-11,0.0009756947004071737,0.6328785468635182,5.275642337065038e-07,2.347901072198612e-10,1.1279871420461049e-09,8.499246589303489e-05,0.00793092595735101
73885,3600,88,120,55.06758,7.1745,214444800.0,0.00010752960610251415,0.015665438867728153,3.207234379067354e-05,0.015587359157206772,4.600736673071237e-05,0.1059010916736069,0.09929344079385184,0.006607650879755034,0.20059081279968943,8.132520583476676e-06,2.353167990609631e-05,0.00022197569158524338,1.0274250642562704e-10,8.519274704641627e-11,1.7549759379210883e-11,7.044939635078454e-10,6.766942076561726e-10,2.77997558516726e-11,0.0009779469750648025,0.6331367376003463,5.341077464922686e-07,2.3592296278954936e-10,1.127442039845906e-09,8.523102068416877e-05,0.007946864904741389
73887,3600,88,120,55.07374,7.19185,214444800.0,0.0001071891385568417,0.015659613793278532,3.204828232781018e-05,0.015581568308942183,4.599720200854241e-05,0.10552214740036947,0.09891668002447006,0.006605467375899391,0.20046390515527895,8.106080996118861e-06,2.351321870682121e-05,0.00022172610789060232,1.027384626845267e-10,8.513391264012957e-11,1.7604550044397257e-11,7.001277062800034e-10,6.725390415084391e-10,2.7588664771564122e-11,0.000977376381186848,0.6330224901946359,5.298690836976014e-07,2.354346248096927e-10,1.1289945207544304e-09,8.515670177533818e-05,0.007942298614685012
73888,3600,88,120,55.07409,7.22631,214444800.0,0.00010683953340087166,0.015635156991566573,3.20157385966721e-05,0.015557160897667484,4.598035530242091e-05,0.10514220328959864,0.09854212526773858,0.0066000780218600265,0.2002139899500172,8.078507847904288e-06,2.3480832648321652e-05,0.00022134645936075801,1.0266777294476205e-10,8.504486673631015e-11,1.7622906208452e-11,6.961953696314661e-10,6.687909016709139e-10,2.7404467960551858e-11,0.0009761981591108166,0.6328829995583565,5.262100126927504e-07,2.3482363895842736e-10,1.1294092212955474e-09,8.503064490011091e-05,0.007933912106843017
73889,3600,88,120,55.07422,7.24646,214444800.0,0.00010655732966390332,0.015593697867691762,3.198016463609127e-05,0.015515758453192136,4.5959249863544336e-05,0.10484794657828089,0.09825588392213573,0.006592062656145126,0.19987439287230976,8.055705378829916e-06,2.3438853381609053e-05,0.00022089455918978306,1.0253149191952012e-10,8.493877235057369e-11,1.7592719568946516e-11,6.936715594507371e-10,6.663772672625935e-10,2.729429218814337e-11,0.0009745455870285263,0.6327488137389881,5.240740788015125e-07,2.3420617658335514e-10,1.1283739498680214e-09,8.487072616442694e-05,0.007922747041929894
73890,3600,88,120,55.07562,7.1751,214444800.0,0.00010720773752438452,0.015641834072941656,3.204181085736952e-05,0.015563800750952183,4.599151113211309e-05,0.1055537867538954,0.0989512423610951,0.0066025443928003,0.20035689546667537,8.107054724548705e-06,2.3501011934667553e-05,0.00022161838792561796,1.0267231798219809e-10,8.510841947388216e-11,1.7563898508316035e-11,7.009091243046813e-10,6.732767551560511e-10,2.7632369148629867e-11,0.0009768211432655575,0.6330122942257986,5.307829740201601e-07,2.3535930007608504e-10,1.127773705474453e-09,8.511239740338397e-05,0.007938868250993021
73891,3600,88,120,55.07886,7.18838,214444800.0,0.00010699303176026262,0.015638133924768483,3.2026633624630745e-05,0.015560122201640547,4.598508950331268e-05,0.10531469154036935,0.0987135315462547,0.0066011599941146176,0.20027646405027116,8.090384686524499e-06,2.3489354759011245e-05,0.0002214608528288252,1.026697557423499e-10,8.507132258984031e-11,1.7598433152509706e-11,6.98156254811303e-10,6.706569766044121e-10,2.749927820689043e-11,0.0009764608967832805,0.6329398408921867,5.281107668167986e-07,2.3505081009676273e-10,1.1287496544538483e-09,8.506543269597879e-05,0.00793598739069689
73892,3600,88,120,55.08162,7.24419,214444800.0,0.00010633485476450083,0.015590049799074043,3.196446314619133e-05,0.015512132659738942,4.5952676188917166e-05,0.10460107079612867,0.09801039090832227,0.006590679887806351,0.19979383924899907,8.03840915509738e-06,2.3426879886737966e-05,0.0002207323150872365,1.0252892164206396e-10,8.490029632031176e-11,1.76286253217523e-11,6.90815034945803e-10,6.636588401055996e-10,2.7156194840203208e-11,0.0009741752149143918,0.632676566680061,5.212997537216859e-07,2.338902387982895e-10,1.1294066157356142e-09,8.48227415104128e-05,0.007919770735035013
73893,3600,88,120,55.08192,7.22581,214444800.0,0.00010652940437647704,0.01561175948899853,3.198603618237441e-05,0.015533808599844452,4.596485297171133e-05,0.10480799479153942,0.09821294617682337,0.006595048614716025,0.19998454502809898,8.053952848288899e-06,2.345080488473531e-05,0.00022099779584754478,1.0259772686445197e-10,8.496256654023308e-11,1.763516032421899e-11,6.927609419863039e-10,6.655165887607962e-10,2.724435322550764e-11,0.000975092102541242,0.6327625934392014,5.230312043928103e-07,2.3427694311073895e-10,1.1296880974246917e-09,8.491460771459087e-05,0.00792607320653088
73894,3600,88,120,55.08262,7.20636,214444800.0,0.00010672486231088554,0.01563349569363072,3.200767488258587e-05,0.0155555109571357,4.5977061612435264e-05,0.10501598116434495,0.09841655494510318,0.006599426219241759,0.20017575391383852,8.069565722752832e-06,2.3474785360162715e-05,0.00022126400096772356,1.0266654787185711e-10,8.502499155132747e-11,1.7641556320529738e-11,6.947182590834556e-10,6.673851955514075e-10,2.7333063532047968e-11,0.000976010684152143,0.6328490918774297,5.247736431844943e-07,2.346651694638261e-10,1.1299667002535325e-09,8.500671228791924e-05,0.007932388379427054
73895,3600,88,120,55.08302,7.18211,214444800.0,0.00010697606753577997,0.01565620721307835,3.203325623218571e-05,0.015578183012947508,4.599094389866132e-05,0.10528611576689911,0.09868194843295103,0.006604167333948053,0.20038806515891824,8.089505087392661e-06,2.3501800839983037e-05,0.0002215711870747616,1.027360407952412e-10,8.509704569844434e-11,1.7638995096796984e-11,6.973900280104509e-10,6.699337127121561e-10,2.7456315298294706e-11,0.000977023030268265,0.6329546243271709,5.272094818496369e-07,2.351337851567797e-10,1.1299935817882114e-09,8.511106432122228e-05,0.007939452243633991
73896,3600,88,120,55.09094,7.24209,214444800.0,0.00010604999223032243,0.015585370060466768,3.1944357397362056e-05,0.015507481447720765,4.5944255348646e-05,0.10428492419208037,0.09769601724436405,0.006588906947716285,0.19969056651998537,8.016263699100188e-06,2.341154380681309e-05,0.0002205245274424466,1.0252562665079998e-10,8.485103234314382e-11,1.767459430765624e-11,6.871576563364214e-10,6.601782759921861e-10,2.6979380344234812e-11,0.0009737008455336548,0.6325839280351158,5.177476896794555e-07,2.3348553103996024e-10,1.1307278709860594e-09,8.47612691003638e-05,0.007915959386194674
73897,3600,88,120,55.09149,7.22571,214444800.0,0.000106222985356399,0.015606700250194696,3.196440556430747e-05,0.015528780060688627,4.5955783941766594e-05,0.10446780550226835,0.09787467104788458,0.006593134454383737,0.19987307695945183,8.030134707504499e-06,2.3434293881937712e-05,0.0002207741489850836,1.0259417097915032e-10,8.490957961497729e-11,1.7684591364173135e-11,6.888273489291419e-10,6.617731643468838e-10,2.7054184582257898e-11,0.0009745814391147109,0.6326625587422399,5.192110838777632e-07,2.33841103015078e-10,1.1311064168449026e-09,8.484839079481914e-05,0.00792197224027662
73898,3600,88,120,55.09208,7.20594,214444800.0,0.00010636460737682333,0.015609270163164908,3.1974433944131174e-05,0.015531335653682364,4.5960075538421384e-05,0.10462612050414864,0.09803203693523557,0.006594083568913059,0.19992806826492582,8.041114455266143e-06,2.3442056394514415e-05,0.00022087874975705162,1.0259591991286222e-10,8.493402350824148e-11,1.7661896404620837e-11,6.90640358905421e-10,6.634985186494035e-10,2.714184025601717e-11,0.0009748210837554419,0.6327123152856285,5.209699279084736e-07,2.3404716809059825e-10,1.130477547026728e-09,8.487984144591509e-05,0.00792387859858055
73899,3600,88,120,55.0928,7.18854,214444800.0,0.00010654981681131876,0.01563081227409744,3.199534585025725e-05,0.015552844958137841,4.597197010934673e-05,0.104822612344697,0.09822422211297573,0.00659839023172125,0.2001151759313978,8.055933782106178e-06,2.3465470527334993e-05,0.00022113734212973583,1.0266461066043812e-10,8.499468123998626e-11,1.7669929420451986e-11,6.924666537831112e-10,6.652424381175979e-10,2.7224215665513103e-11,0.0009757221963647767,0.6327950895811005,5.225853245456769e-07,2.34420320276562e-10,1.1308007234590238e-09,8.496964041440203e-05,0.007930055433360918
73900,3600,88,120,55.0937,7.17046,214444800.0,0.00010673983994865088,0.015652440916844083,3.2016598509119143e-05,0.015574440308137951,4.598401019701909e-05,0.10502448144279863,0.09842175251585568,0.006602728926942929,0.20030414046187153,8.071126409475553e-06,2.348914804174015e-05,0.000221399485494719,1.0273336048099591e-10,8.505616997658546e-11,1.767719050441054e-11,6.943545902925e-10,6.670450189805155e-10,2.7309571311984285e-11,0.0009766314416304145,0.6328795426368561,5.242605278099862e-07,2.3480046021123343e-10,1.1311024304850664e-09,8.50605053916121e-05,0.007936297026118163
73901,3600,88,120,55.10077,7.23978,214444800.0,0.00010575156835608161,0.015580469817191203,3.192329478786222e-05,0.015502611087797113,4.5935434606233814e-05,0.10395373760772181,0.09736668736910638,0.006587050238615396,0.19958241153731884,7.993063691017154e-06,2.3395478922513683e-05,0.0002203068598964084,1.0252217583514742e-10,8.47994226234803e-11,1.7722753211667222e-11,6.833261127244864e-10,6.565319667527711e-10,2.6794145971715096e-11,0.0009732039287382083,0.6324869138775032,5.140264573518651e-07,2.330616020982022e-10,1.1321122893246902e-09,8.469687853423252e-05,0.007911966699893603
73902,3600,88,120,55.10162,7.2171,214444800.0,0.00010590668574573694,0.015583297484913154,3.193428051122727e-05,0.015505423063690517,4.5940140711415193e-05,0.10412719893362482,0.09753910556002873,0.006588093373596084,0.19964283591203483,8.005088125410727e-06,2.34039884336889e-05,0.0002204214968069215,1.0252409728464193e-10,8.482619326589429e-11,1.7697904018747754e-11,6.853116074513596e-10,6.584214661464597e-10,2.689014130489951e-11,0.000973466610752059,0.6325416074146877,5.159525290100119e-07,2.3328756038598953e-10,1.1314249740238255e-09,8.473137316470362e-05,0.00791405532640608
73903,3600,88,120,55.10235,7.19408,214444800.0,0.00010613849181835496,0.015605675043764693,3.195849061120974e-05,0.015527763110210726,4.5953442942762376e-05,0.10437573241024656,0.09778302290643699,0.006592709503809541,0.19984788533646747,8.02352127033175e-06,2.3429950863325153e-05,0.00022071445115979258,1.0259335886602669e-10,8.489489555501293e-11,1.769846331101386e-11,6.87734640640055e-10,6.607332730019207e-10,2.7001367638134178e-11,0.0009744464133553872,0.6326405989578547,5.181469173113751e-07,2.337283104252561e-10,1.1315400757502528e-09,8.483148313162822e-05,0.007920858915206842
73904,3600,88,120,55.10326,7.17037,214444800.0,0.00010644076723049908,0.015647503841524642,3.199548659508484e-05,0.015569533195959617,4.597515896994765e-05,0.10469245216145938,0.09809159126152306,0.00660086089993626,0.20019535784650633,8.047879193825948e-06,2.3473033378574858e-05,0.00022118120513397137,1.0272989024299111e-10,8.500445322450591e-11,1.7725437018485305e-11,6.905152850149695e-10,6.633913240024052e-10,2.712396101256413e-11,0.0009761330348124669,0.6327819194677208,5.205319681432591e-07,2.3437508662286203e-10,1.1324868462313681e-09,8.499587918008478e-05,0.00793229442041667
73905,3600,88,120,55.10748,7.23778,214444800.0,0.00010548992613769921,0.01555789266726808,3.189701778988945e-05,0.015480074273597983,4.592137588021331e-05,0.10367345233755061,0.09709112310973175,0.006582329227818832,0.19937090175166047,7.972275155029387e-06,2.3368075038157827e-05,0.0002199936911001374,1.0245270144008006e-10,8.472550299965447e-11,1.77271984404257e-11,6.805136945232398e-10,6.538495918607338e-10,2.66641026625058e-11,0.0009721789877067816,0.6323826379485694,5.114515558906673e-07,2.325842676584137e-10,1.1321690129380431e-09,8.459139163271e-05,0.007904777660284672
73906,3600,88,120,55.10946,7.1929,214444800.0,0.00010586211894678238,0.015582844921197565,3.1931172444368934e-05,0.015504974804731116,4.59389440220861e-05,0.10407904732695825,0.09749115356822834,0.006587893758729885,0.1996308705986823,8.00158891717314e-06,2.3401747701357224e-05,0.0002203904788477608,1.0252370908424826e-10,8.48184305914841e-11,1.7705278492764255e-11,6.847333327004403e-10,6.578711404601915e-10,2.6862192240248583e-11,0.0009733967702451004,0.6325313656318347,5.153886536292144e-07,2.332298286948077e-10,1.1316638601491035e-09,8.47227772980057e-05,0.007913472265986798
73907,3600,88,120,55.10991,7.21712,214444800.0,0.00010558047726891441,0.015559630696484283,3.190344251268161e-05,0.015481803093133047,4.5924160838558966e-05,0.10377512107413271,0.09719215861099176,0.006582962463140928,0.1994074846826806,7.979283729577855e-06,2.3373092093183653e-05,0.0002200610770810501,1.0245386287748785e-10,8.474111331305632e-11,1.7712749564431625e-11,6.816708456505379e-10,6.549507943580817e-10,2.6720051292456126e-11,0.0009723336974627992,0.6324158941453163,5.125733693030259e-07,2.327179177497794e-10,1.1317778396262216e-09,8.461184733610756e-05,0.007906001046577816
73908,3600,88,120,55.11117,7.17018,214444800.0,0.00010607087871967316,0.01560483700830441,3.195375500384601e-05,0.015526931691285687,4.595156201488498e-05,0.10430197136156082,0.09770960681881906,0.006592364542741728,0.19982746198840223,8.018231271513733e-06,2.342646549777445e-05,0.00022066658590704934,1.0259270096401495e-10,8.488314862401978e-11,1.770955233999527e-11,6.868606213765953e-10,6.599015006340763e-10,2.6959120742518886e-11,0.000974338087402419,0.6326227580029008,5.172958687150787e-07,2.3363769941830123e-10,1.1318850655551149e-09,8.481788886296993e-05,0.007919967179557438
73909,3600,88,120,55.11478,7.23592,214444800.0,0.00010527114698505949,0.015554303343921704,3.188157688383194e-05,0.015476506856432355,4.591491060552207e-05,0.10343066895364988,0.09684970003997692,0.0065809689136729225,0.1992916584510858,7.95526648506217e-06,2.3356299393587963e-05,0.00021983413229586087,1.0245017301475633e-10,8.468766649940229e-11,1.7762506515354163e-11,6.777046628733957e-10,6.511763615879508e-10,2.6528301285444684e-11,0.0009718147391572583,0.6323115628267384,5.087233719628063e-07,2.3227354114078186e-10,1.1331843105538621e-09,8.454419731594088e-05,0.007901850707900468
73910,3600,88,120,55.11622,7.19352,214444800.0,0.00010564386635719341,0.015579235101913266,3.191576479598303e-05,0.015501386855392558,4.593248172473032e-05,0.10383671180975665,0.09725018319458008,0.006586528615176558,0.1995513812100743,7.984624784212102e-06,2.3389983871217156e-05,0.0002202311487553415,1.0252117347850816e-10,8.47806909213982e-11,1.7740482557110064e-11,6.819316951874248e-10,6.552049476286269e-10,2.6726747558797605e-11,0.0009730329425002935,0.6324600185282305,5.126678857045568e-07,2.3291926804649306e-10,1.1326733611675903e-09,8.467559012045375e-05,0.007910550980019764
73911,3600,88,120,55.11903,7.21574,214444800.0,0.00010530248104215601,0.01555505842402042,3.188382067639023e-05,0.015477258662674137,4.5915940669896296e-05,0.10346656986182105,0.09688533908750904,0.006581230774311983,0.19930662126150323,7.957672725272144e-06,2.3358122647271515e-05,0.000219858269500266,1.0245064487977035e-10,8.4693037846819e-11,1.7757607032951438e-11,6.781017401918243e-10,6.515542360065066e-10,2.6547504185317436e-11,0.0009718706787883282,0.6323254073435789,5.091070795440648e-07,2.3232285848926225e-10,1.133066633574361e-09,8.455183716432534e-05,0.007902281313907265
73912,3600,88,120,55.11927,7.16999,214444800.0,0.00010581999913661724,0.015600698175985419,3.1936045461392714e-05,0.015522817992278306,4.5944138245726084e-05,0.1040234584201826,0.09743266014350219,0.006590798276680377,0.19973624888942473,7.998729825156676e-06,2.3412949098063157e-05,0.00022048349390276718,1.0258979114394051e-10,8.483976507678852e-11,1.77500260671521e-11,6.836399307933408e-10,6.568365134994262e-10,2.6803417293914428e-11,0.0009739200366203334,0.6325409066682742,5.14168058126296e-07,2.3328092472792533e-10,1.1330467016438626e-09,8.476368640764261e-05,0.007916609687668288
73913,3600,88,120,55.12409,7.1865,214444800.0,0.00010552094455710845,0.015595570087422347,3.191490917995971e-05,0.015517719973315663,4.5935204926729143e-05,0.1036905531488217,0.09710167599683162,0.006588877151990054,0.19962460455647643,7.975507659503155e-06,2.3396726885136006e-05,0.00022026420688928217,1.025862340063992e-10,8.478808931267912e-11,1.7798144693720178e-11,6.798050168460248e-10,6.531870026148592e-10,2.6618014231165537e-11,0.0009734186665263808,0.6324403801669999,5.104453044016927e-07,2.328517552897126e-10,1.1344090163743729e-09,8.469836512067132e-05,0.00791259827453457
73914,3600,88,120,55.12785,7.16942,214444800.0,0.00010555848967695077,0.015596389010941009,3.19175862324746e-05,0.01551853502260721,4.59364021013318e-05,0.10373316833237224,0.09714400128571225,0.006589167046659959,0.1996412464866642,7.97840147235231e-06,2.3398862856829967e-05,0.00022029267103339806,1.0258676032446273e-10,8.479454235440292e-11,1.7792217970059925e-11,6.802826687897991e-10,6.53641557321181e-10,2.6641111468618128e-11,0.0009734843515726359,0.6324556637685101,5.10907574102854e-07,2.329091338461197e-10,1.1342581357903204e-09,8.4707205753895e-05,0.00791311017540718
73915,3600,88,120,55.12791,7.21319,214444800.0,0.0001049811279724077,0.015531503553393545,3.185332968554419e-05,0.015453750105492986,4.590011821501763e-05,0.10312003124545367,0.09654389221941724,0.006576139026036386,0.1990735123509128,7.932241819862818e-06,2.332750594578484e-05,0.00021950156286784726,1.023804812749843e-10,8.460879122405748e-11,1.7771690050926955e-11,6.745226185558854e-10,6.4814222356358e-10,2.63803949923053e-11,0.000970746354102624,0.6322017620179863,5.057875260678175e-07,2.3176075627430114e-10,1.1334006790148152e-09,8.443347659312125e-05,0.007894293518535172
73916,3600,88,120,55.13052,7.23165,214444800.0,0.00010461818085371962,0.015488733013681763,3.1812058830696106e-05,0.015411044322439027,4.587663241204655e-05,0.10273623423663847,0.09616860892705206,0.006567625309586356,0.19870486845605745,7.90316043292277e-06,2.3281188248392778e-05,0.0002189908461331206,1.022432731436112e-10,8.448873014434061e-11,1.7754542999270707e-11,6.709618090652425e-10,6.447417227615031e-10,2.6220086303739272e-11,0.0009689595588768896,0.6320415467974407,5.026443322001426e-07,2.3102888123137167e-10,1.1327416442033843e-09,8.42561886536082e-05,0.00788204885041943
73917,3600,88,120,55.1308,7.19024,214444800.0,0.00010521558633703424,0.015572205593825812,3.188553740967845e-05,0.015494400232383859,4.591982403227977e-05,0.10336142689340172,0.09677756207376187,0.006583864819639813,0.1993962090543768,7.95132915205988e-06,2.336693023116848e-05,0.00021991878150257787,1.0251622245330812e-10,8.47066231527146e-11,1.7809599300593634e-11,6.764328281376448e-10,6.499719209251787e-10,2.6460907212465853e-11,0.0009723198447215912,0.632320835663174,5.07327308297767e-07,2.32310931153549e-10,1.1346605435449357e-09,8.458319170614851e-05,0.007904821059634264
73918,3600,88,120,55.13648,7.16906,214444800.0,0.00010529446204836636,0.015592036577848918,3.189894901521731e-05,0.015514209038136896,4.592859069681187e-05,0.10344007462914295,0.09685255501349221,0.006587519615650744,0.1995453026810985,7.957877589658602e-06,2.3384639968010184e-05,0.0002201000012069964,1.0258369951258724e-10,8.474888451700782e-11,1.7834814995579517e-11,6.76893117050116e-10,6.504158724913261e-10,2.6477244558789805e-11,0.0009730444434055045,0.6323695730642068,5.076157454296204e-07,2.3253372742762985e-10,1.1354810311665088e-09,8.46501747476028e-05,0.007909576881181397
73919,3600,88,120,55.13736,7.21124,214444800.0,0.00010463807323669137,0.015507584359876214,3.182130593302194e-05,0.015429879403079163,4.588365086403319e-05,0.10274937108358424,0.09617846104492343,0.0065709100386607796,0.19883241877656327,7.905124773107576e-06,2.3295716468090734e-05,0.00021912898474398955,1.0231006309349048e-10,8.452079307112127e-11,1.7789270022369303e-11,6.706650367461702e-10,6.444652131983318e-10,2.619982354783847e-11,0.0009695857684099875,0.6320709404939558,5.021975935895856e-07,2.311676662868027e-10,1.1338344831478895e-09,8.431040434992409e-05,0.007886014994096108
73920,3600,88,120,55.13792,7.22996,214444800.0,0.00010433548036961202,0.015465806855672861,3.178429511870188e-05,0.015388160610695265,4.586194985889751e-05,0.10243256370646531,0.09586979132259979,0.006562772383865484,0.1984856784026593,7.880735187744858e-06,2.3252648918141007e-05,0.00021866230045729132,1.0217355377454107e-10,8.441116932084088e-11,1.7762384453700305e-11,6.67879088230721e-10,6.418021129891246e-10,2.6076975241596384e-11,0.0009678995025110838,0.631930376062932,4.998069361582195e-07,2.3052156789133633e-10,1.1328956883498567e-09,8.41461462604341e-05,0.007874577914651269
73921,3600,88,120,55.138,7.18872,214444800.0,0.00010488033458052274,0.015530128116671761,3.1846253225957306e-05,0.015452384603683658,4.589725976215059e-05,0.10300948199406505,0.09643389230016729,0.0065755896938977185,0.19904117521795323,7.924371406983999e-06,2.332223862068541e-05,0.00021942953584835396,1.0237944307802016e-10,8.459130458977761e-11,1.778813848824267e-11,6.732224271051297e-10,6.469048819278868e-10,2.63175451772427e-11,0.0009705828947011713,0.632173247562577,5.045225150359269e-07,2.3162315915684124e-10,1.1339004509377502e-09,8.441275020914234e-05,0.007892958207211382
73922,3600,88,120,55.14511,7.16885,214444800.0,0.00010496789599332522,0.015568369373552882,3.186808651038376e-05,0.015490588684431416,4.591260261108928e-05,0.10308762548952122,0.09650523749164457,0.006582387997876607,0.19930990365451814,7.932044720902672e-06,2.3353727473094844e-05,0.000219739349751476,1.0251346345472737e-10,8.466374164482179e-11,1.784972180990568e-11,6.732476456188697e-10,6.469407186133268e-10,2.6306927005542964e-11,0.0009719110200658917,0.6322438265142303,5.042319677372706e-07,2.3196368581317543e-10,1.1358361834763548e-09,8.453059169820563e-05,0.007901518075312986
73923,3600,88,120,55.14588,7.187,214444800.0,0.00010458881923565038,0.015507057101545854,3.1817867350237426e-05,0.0154293569175832,4.588231661242351e-05,0.10269602832492984,0.09612534643188622,0.006570681893043601,0.19881878877562514,7.901260892715178e-06,2.329322470063562e-05,0.00021909456009174168,1.0230962172690544e-10,8.451221933799646e-11,1.7797402388909074e-11,6.700265323915334e-10,6.438575696232583e-10,2.6168962768275036e-11,0.0009695081586044412,0.6320592094931609,5.015752043386477e-07,2.311033215139571e-10,1.1340953750513226e-09,8.430080542933929e-05,0.007885369329888856
73924,3600,88,120,55.14614,7.22814,214444800.0,0.00010409101720919947,0.015461795721421713,3.176704143883884e-05,0.015384173954590265,4.5854725392615616e-05,0.10216127625222383,0.09560002400031044,0.006561252251913343,0.1983971256537534,7.8617298053861e-06,2.3239490601771375e-05,0.0002184840076138775,1.021707283215854e-10,8.436889101653751e-11,1.7801837305047996e-11,6.647402942610867e-10,6.38815062619727e-10,2.592523164135962e-11,0.00096749248547816,0.6318509503189995,4.967584844211012e-07,2.3017435433013764e-10,1.1340301287305065e-09,8.409340988401036e-05,0.007871307326360705
73925,3600,88,120,55.14671,7.20997,214444800.0,0.00010429360432480926,0.015483634715974831,3.178918139950467e-05,0.015405978395984418,4.586713859091625e-05,0.10237710762757944,0.09581143738555321,0.006565670242026176,0.19859070429207376,7.877898679030795e-06,2.326384676099333e-05,0.00021875533659536096,1.0223962526763428e-10,8.443255177943071e-11,1.7807073488203663e-11,6.667894550860978e-10,6.407710733691734e-10,2.6018381716924284e-11,0.0009684227148056276,0.631939549307226,4.985902377129644e-07,2.3057242297103309e-10,1.134274015840026e-09,8.418700055906824e-05,0.007877717207072298
73926,3600,88,120,55.15308,7.18531,214444800.0,0.00010431919846616179,0.015484347455464507,3.1791027030982495e-05,0.015406688407016656,4.586802141687239e-05,0.102406881615729,0.09584097078682174,0.006565910828907233,0.1986043651329384,7.879852273336074e-06,2.3265390468997496e-05,0.00021877556389904987,1.022400543959117e-10,8.443692018947833e-11,1.780313420643347e-11,6.671117077273492e-10,6.410777391051607e-10,2.6033968622188393e-11,0.0009684699089511595,0.6319523172464293,4.989008566894802e-07,2.3061462340034188e-10,1.134188941058859e-09,8.419359157937958e-05,0.007878073473033712
73927,3600,88,120,55.1537,7.16842,214444800.0,0.00010452143113829303,0.015506163375988006,3.1813139662101506e-05,0.015428469819639334,4.5880416686575206e-05,0.1026222388156661,0.09605191700083322,0.006570321814832852,0.19879755662879386,7.895995723934869e-06,2.3289717759926022e-05,0.0002190465423718501,1.0230893938717157e-10,8.450052306826862e-11,1.7808416318903043e-11,6.691566927988792e-10,6.430297764325623e-10,2.6126916366316703e-11,0.0009693992781062448,0.6320405386322988,5.007286934319855e-07,2.3101184386997914e-10,1.1344324868148833e-09,8.428704273630727e-05,0.007884477795349353
73928,3600,88,120,55.15453,7.22616,214444800.0,0.00010384374718250315,0.015457740897654244,3.174958997354283e-05,0.015380143888682326,4.5847418998380266e-05,0.10188688502123011,0.09532716969716391,0.006559715324066164,0.19830759162702738,7.842505915589807e-06,2.3226182546632816e-05,0.0002183036802653028,1.0216787150447781e-10,8.432612681508715e-11,1.7841744689390774e-11,6.615654100114312e-10,6.357936666763007e-10,2.5771743335130474e-11,0.0009670808321861188,0.6317706485974331,4.93674962118415e-07,2.2982320139766576e-10,1.1351778666923635e-09,8.404007664361444e-05,0.007867999297868931
73929,3600,88,120,55.15576,7.20787,214444800.0,0.00010396728359538714,0.01545999508951438,3.175833936673181e-05,0.015382385582220059,4.58511679275931e-05,0.10202504105497708,0.0954644943544135,0.006560546700563558,0.19835574724963909,7.852081972373881e-06,2.3232960831615487e-05,0.0002183949896207696,1.0216940276932947e-10,8.434744667481421e-11,1.7821956094515354e-11,6.631466215711667e-10,6.372984292556237e-10,2.5848192315542914e-11,0.0009672900684500222,0.6318142406220452,4.952088322958632e-07,2.3000320027918886e-10,1.1346307402318083e-09,8.406755648554472e-05,0.007869662797501653
73930,3600,88,120,55.15964,7.16832,214444800.0,0.00010427815008025212,0.015483869845608022,3.178815618894153e-05,0.0154062147964654,4.586689295368656e-05,0.10236224675721108,0.09579653668781889,0.006565710069392145,0.1985924332613895,7.876636826715788e-06,2.326329215964196e-05,0.0002187466707224354,1.0223966917035287e-10,8.442978237888867e-11,1.78098867914643e-11,6.665804070385332e-10,6.405721187302825e-10,2.6008288308250645e-11,0.0009684046311872504,0.6319419598331252,4.98383270100573e-07,2.305602354198481e-10,1.1344019736527204e-09,8.418545227908367e-05,0.007877533568467803
73931,3600,88,120,55.16089,7.18328,214444800.0,0.00010409710042556252,0.01548070844398336,3.177535252421001e-05,0.015403071631338689,4.586146012046435e-05,0.10216043750462225,0.09559590630138325,0.006564531203238974,0.19852399110482236,7.862584992773278e-06,2.325343888884616e-05,0.00021861360996821793,1.0223748978256852e-10,8.439850876592422e-11,1.783898101664441e-11,6.642599594516892e-10,6.383638571967487e-10,2.589610225494032e-11,0.0009681002092498934,0.6318802363276318,4.961311472199613e-07,2.3029927827585153e-10,1.13522018881227e-09,8.414569872199839e-05,0.007875102343943572
73932,3600,88,120,55.16306,7.22384,214444800.0,0.00010359637446010995,0.015453689148836458,3.173213189834043e-05,0.015376116905313028,4.5840111625096016e-05,0.10161240212219884,0.095054223040646,0.006558179081552805,0.19821809176587094,7.823273453708307e-06,2.3212871664081115e-05,0.00021812330339379942,1.021650156677842e-10,8.428334391132322e-11,1.788167175646108e-11,6.583891037310929e-10,6.327709173237304e-10,2.5618186407362526e-11,0.0009666690823918464,0.6316903858941242,4.905900203731044e-07,2.29471997690326e-10,1.1363266290147868e-09,8.398673864078599e-05,0.007864690120620946
73933,3600,88,120,55.16525,7.20573,214444800.0,0.00010375340625668771,0.015474775957235117,3.175105603088734e-05,0.015397173724686172,4.5851176518062535e-05,0.10177765741608447,0.09521534493074063,0.006562312485343807,0.1983950980094268,7.835901287696457e-06,2.3234773115849553e-05,0.00021836138263886447,1.0223338394709188e-10,8.433912711321592e-11,1.7894256833876065e-11,6.598534578655243e-10,6.341703937270717e-10,2.568306413845241e-11,0.0009675233909273511,0.6317641122808587,4.918538371543992e-07,2.2980526939884652e-10,1.1367813743427435e-09,8.407048473946413e-05,0.0078704903092601
73934,3600,88,120,55.16953,7.18244,214444800.0,0.00010377732175569164,0.015457162808183713,3.1744970425951876e-05,0.015379572160733596,4.584567702417076e-05,0.10181556829704956,0.09525612366853409,0.006559444628515424,0.1982912036466926,7.837278537420669e-06,2.322289751444795e-05,0.00021825796310012086,1.0216733681691111e-10,8.431453770921288e-11,1.7852799107698333e-11,6.607014131616213e-10,6.349714258327542e-10,2.572998732886708e-11,0.0009669782461399696,0.6317568501227977,4.928317105754508e-07,2.2973908064057788e-10,1.1355450180466378e-09,8.40276171423039e-05,0.007867134826752324
73935,3600,88,120,55.17145,7.22163,214444800.0,0.0001033538314164393,0.015449716450956521,3.1715014665371426e-05,0.01537216848939471,4.583294689644658e-05,0.1013432779405865,0.09478660512340216,0.006556672817184309,0.19813033846625275,7.804416491160259e-06,2.3199820630598586e-05,0.00021794644788807768,1.021622155631107e-10,8.424139630729905e-11,1.7920819255811765e-11,6.552748125117251e-10,6.29807184946688e-10,2.5467627565036918e-11,0.0009662653706965594,0.6316116893953025,4.875653103057289e-07,2.2912764974863624e-10,1.1374529566970374e-09,8.393444180259044e-05,0.007861445548796961
73936,3600,88,120,55.1736,7.20269,214444800.0,0.0001035227874569669,0.015471009644966949,3.1734781824157374e-05,0.015393430494327863,4.5844368814933926e-05,0.10152181617065321,0.09496093281643762,0.006560883354215557,0.19831182499532377,7.817970029379736e-06,2.3222369997865058e-05,0.00021819328099038722,1.0223072654752549e-10,8.429923960555002e-11,1.7931486941975566e-11,6.568920351177394e-10,6.31352139179353e-10,2.5539895938386296e-11,0.0009671397003574594,0.6316894531740097,4.889775091691227e-07,2.2947807199531008e-10,1.1378536023786671e-09,8.402079945400046e-05,0.007867405775536738
73937,3600,88,120,55.17679,7.1804,214444800.0,0.00010357466983354523,0.015453845740464538,3.173066876925175e-05,0.015376275380047646,4.583969164764931e-05,0.10159071753383819,0.09503253081110408,0.006558186722734079,0.19821791673207004,7.821522707999683e-06,2.32119942584359e-05,0.00021811020700687584,1.0216499826590829e-10,8.427948879615774e-11,1.788550946975066e-11,6.580992816033624e-10,6.324950929564203e-10,2.5604188646941952e-11,0.0009666409680598851,0.631691130913641,4.903044100947343e-07,2.2945141243508137e-10,1.1364863560273309e-09,8.39839297617581e-05,0.007864423996492691
73938,3600,88,120,55.17991,7.21952,214444800.0,0.00010304752836893121,0.015426409381184671,3.1685585987914854e-05,0.0153489062256194,4.5817569577361437e-05,0.10101344477919107,0.09446176988603082,0.0065516748931602475,0.1979026940891835,7.780155518321447e-06,2.3170014490412495e-05,0.00021760072218850236,1.0209222629537246e-10,8.41597523170459e-11,1.7932473978326672e-11,6.518889074855256e-10,6.265790481195503e-10,2.530985936597532e-11,0.0009651661169026805,0.6314929468965932,4.844334052520292e-07,2.285869404386501e-10,1.1377172610551752e-09,8.381933101679719e-05,0.007853659143218148
73939,3600,88,120,55.1821,7.20044,214444800.0,0.00010321970450311198,0.015447757254130114,3.170558066112267e-05,0.015370222586015371,4.582908745362813e-05,0.10119556507209254,0.0946396591057222,0.006555905966370305,0.19808537468882323,7.793959169531259e-06,2.3192738226343805e-05,0.000217849913611992,1.021607753365051e-10,8.421815214461776e-11,1.794262319188746e-11,6.535474345261771e-10,6.281633098935358e-10,2.538412463264103e-11,0.0009660458366847089,0.6315717849185863,4.858857048542461e-07,2.2894197305066224e-10,1.138103175972248e-09,8.390639005402346e-05,0.00785966253770553
73940,3600,88,120,55.18411,7.17845,214444800.0,0.00010337052369920634,0.015450503472876902,3.1716261562737946e-05,0.01537295354949552,4.583366181864828e-05,0.10136420540353523,0.0948072860679112,0.006556919335624002,0.19814407832452,7.805650797923007e-06,2.320101018850648e-05,0.00021796135750809,1.0216264213415845e-10,8.424418160399944e-11,1.791846053015913e-11,6.554779798960644e-10,6.300005167214517e-10,2.5477463174612746e-11,0.0009663011915167671,0.6316249158516655,4.877584967302246e-07,2.2916160834214582e-10,1.137434549359627e-09,8.393991754972462e-05,0.007861693143376586
73941,3600,88,120,55.18844,7.21741,214444800.0,0.00010280264267594777,0.015422398307342988,3.166830342415649e-05,0.015344919668274167,4.581033564467288e-05,0.10074172118628094,0.0941915671073959,0.0065501540788849965,0.1978140931339718,7.761116422724736e-06,2.315683739820589e-05,0.00021742215846333297,1.0208939914311774e-10,8.411739955486967e-11,1.797199958824818e-11,6.487445363829122e-10,6.235866900562151e-10,2.5157846326697003e-11,0.0009647585058027889,0.6314134902180106,4.813794805747297e-07,2.282392664476111e-10,1.1388544670310328e-09,8.376652904154072e-05,0.007850383232833066
73942,3600,88,120,55.19055,7.19776,214444800.0,0.00010292389462483097,0.015424630534377613,3.167689366527548e-05,0.01534713961694728,4.5814023765060184e-05,0.10087741477803362,0.09432643921175325,0.00655097556628035,0.1978616539131139,7.77051296006483e-06,2.316350152437627e-05,0.00021751188443383532,1.0209091107062853e-10,8.41383212611453e-11,1.7952589809483337e-11,6.502960791622962e-10,6.250632177687244e-10,2.523286139357153e-11,0.0009649641813869272,0.6314565760100642,4.828844109113066e-07,2.28416330677663e-10,1.1383197276433394e-09,8.379357277117817e-05,0.007852016903524122
73943,3600,88,120,55.19141,7.1765,214444800.0,0.00010316822783881517,0.015447192198487607,3.170198502954809e-05,0.015369662526514588,4.58276869434735e-05,0.10113974954270898,0.09458408591238947,0.0065556636303194795,0.19807091965415521,7.789922655975005e-06,2.3190126069901432e-05,0.00021781386083849892,1.021603076761729e-10,8.420919427917161e-11,1.795111339700141e-11,6.528804210691961e-10,6.27528535511134e-10,2.5351885558061938e-11,0.0009659645054936811,0.6315593115827752,4.852356377603488e-07,2.2887444487790427e-10,1.1383742293941823e-09,8.389630680127416e-05,0.0078589870744308
73944,3600,88,120,55.19694,7.21509,214444800.0,0.00010256221985623664,0.015418464006923236,3.165133631582562e-05,0.015341009435475015,4.580323513240248e-05,0.10047496677997354,0.0939263047775972,0.006548662002376302,0.19772716195921622,7.742423847514094e-06,2.3143902533815948e-05,0.00021724686852728648,1.020866251868069e-10,8.407581791566997e-11,1.8010807271137053e-11,6.456573894123705e-10,6.20648789555888e-10,2.5008599856482276e-11,0.0009643583806281457,0.6313355374579859,4.783811044075199e-07,2.2789800197463118e-10,1.139971371070974e-09,8.371470277088815e-05,0.00784716719747929
73945,3600,88,120,55.19873,7.17456,214444800.0,0.00010290439960191001,0.01542458412407272,3.1675554409870664e-05,0.0153470950039123,4.581356575055833e-05,0.10085706154405974,0.09430613114275772,0.006550930401301969,0.197858692136988,7.768963560745703e-06,2.3162607326678083e-05,0.00021749912408064543,1.0209081026650512e-10,8.413489561965877e-11,1.795591464684646e-11,6.500398279450326e-10,6.248193476695547e-10,2.522048027547774e-11,0.0009649360022203148,0.6314544005949287,4.826333324998487e-07,2.2839410436526452e-10,1.1384416662313383e-09,8.379036638695613e-05,0.007851769022692273
73946,3600,88,120,55.19934,7.19496,214444800.0,0.00010268279559408233,0.0154206906817334,3.165987957454304e-05,0.015343223896495667,4.58069056631939e-05,0.10060993592579828,0.09406045509916437,0.0065494808266338715,0.1977745608972001,7.751767129014845e-06,2.3150533407097822e-05,0.00021733613087069394,1.0208813182269707e-10,8.409662157898368e-11,1.79915102437135e-11,6.472001294689585e-10,6.221169399627108e-10,2.5083189506247532e-11,0.0009645630170922926,0.6313784878412552,4.798774407366324e-07,2.280742165016838e-10,1.1394404075768446e-09,8.374162087844737e-05,0.00784879208359182
73947,3600,88,120,55.20546,7.21299,214444800.0,0.00010238284021966917,0.015433816900498071,3.164648855603928e-05,0.015356366146143134,4.5804265798906774e-05,0.100265894242253,0.09371525027387981,0.006550643968373161,0.19777909874967012,7.728924389219116e-06,2.314757506709257e-05,0.00021723845347934242,1.0215100780904973e-10,8.407346332084399e-11,1.8077544488205854e-11,6.428070300526834e-10,6.179421510354389e-10,2.4864879017244565e-11,0.0009646492335122375,0.6312967084613437,4.7545612036141943e-07,2.2774918819403459e-10,1.1419626066666783e-09,8.372509486519208e-05,0.007848456525455124
73948,3600,88,120,55.20603,7.17258,214444800.0,0.0001027050050359428,0.015421321990042376,3.166148284968777e-05,0.01534385282991372,4.580767727897487e-05,0.10063583252435708,0.09408613936014655,0.006549693164210508,0.1977866074435267,7.7534607852983e-06,2.315188024268219e-05,0.00021735375158374187,1.020885100405011e-10,8.410040975079755e-11,1.798810028970368e-11,6.474794870072972e-10,6.223827850254207e-10,2.509670198187623e-11,0.0009646041707207894,0.6313897623121418,4.801466078229977e-07,2.2811109232510122e-10,1.1393680594849206e-09,8.374738712754436e-05,0.00784910184183127
73949,3600,88,120,55.20866,7.19366,214444800.0,0.00010241268919361401,0.01541625580773179,3.16408156499098e-05,0.015338816069993764,4.5798922088120856e-05,0.10031017747410437,0.0937623770662561,0.006547800407848235,0.19767667451967322,7.730768524682089e-06,2.3135993139618363e-05,0.00021713911987231296,1.0208500863046153e-10,8.404990903510796e-11,1.8035099595353696e-11,6.43732153084509e-10,6.188166214351369e-10,2.491553164937193e-11,0.000964113258804246,0.6312906852169956,4.765093053290381e-07,2.276905219070677e-10,1.1406935025773428e-09,8.368334174553364e-05,0.007845178281923174
73950,3600,88,120,55.21334,7.17062,214444800.0,0.00010250646882899187,0.015418074240706061,3.164747191094926e-05,0.015340624954491263,4.580181430385323e-05,0.10041555745810449,0.09386709610983494,0.006548461348269517,0.1977148381863035,7.738024704377749e-06,2.314119953080163e-05,0.0002172090067122166,1.0208621987218976e-10,8.406607226999922e-11,1.8020147602190653e-11,6.449301604641758e-10,6.199567042819295e-10,2.4973456182246103e-11,0.0009642737730460877,0.6313254074832207,4.77670578096378e-07,2.2782930542990713e-10,1.1402905041088918e-09,8.37045941351169e-05,0.007846446158889004
73951,3600,88,120,55.21404,7.21404,214444800.0,0.00010217254465551935,0.015448623537130416,3.163945358994009e-05,0.015371179717554265,4.580436598621605e-05,0.10002233081849372,0.09346990797164567,0.006552422846848018,0.19781925217651744,7.713026241461075e-06,2.314956142116558e-05,0.00021720728284472577,1.0221501535810548e-10,8.406576973291605e-11,1.814924562518954e-11,6.395605719955542e-10,6.148585640644456e-10,2.4702007931108277e-11,0.0009648880030709198,0.6312472420004821,4.7214675238382046e-07,2.2755568532770892e-10,1.144092821575515e-09,8.37286752174447e-05,0.007849330395422066
73952,3600,88,120,55.21725,7.18946,214444800.0,0.00010225784024240577,0.01543203845591471,3.1637702866831816e-05,0.015354600063580966,4.580068946691803e-05,0.10012845498255846,0.09357851248977056,0.006549942492787867,0.1977379058033802,7.719172795709138e-06,2.314100150790428e-05,0.00021714874094807833,1.0214968718393091e-10,8.405179146904238e-11,1.809789571488863e-11,6.411961639147417e-10,6.164091542964631e-10,2.47870096182785e-11,0.0009644453803546638,0.6312602406957054,4.7388942356992515e-07,2.2757709379427475e-10,1.142574039447538e-09,8.369912526569113e-05,0.007846797086882008
73953,3600,88,120,55.22065,7.16867,214444800.0,0.00010230923108311206,0.015414848238327436,3.1633552674020264e-05,0.015337418695761227,4.579598989219491e-05,0.10019672539951482,0.09364948767012808,0.006547237729386713,0.19764354590052083,7.722689515551875e-06,2.3130588959728498e-05,0.0002170652111952568,1.0208394491242347e-10,8.403195926211825e-11,1.8051985650305352e-11,6.42397495955569e-10,6.175464800426069e-10,2.4851015912961864e-11,0.0009639455441485159,0.6312614812423994,4.7521072727032386e-07,2.2754937157980246e-10,1.1412069740317116e-09,8.366208286543442e-05,0.0078438078685139
73954,3600,88,120,55.22273,7.20857,214444800.0,0.000102024363502361,0.015464532114831342,3.1636813620940735e-05,0.015387088963659031,4.580633755137523e-05,0.09984808516838613,0.09329347417845954,0.00655461098992654,0.19788314651274855,7.701946847446483e-06,2.315493806014895e-05,0.00021722185499924772,1.0227977850074393e-10,8.406880204946505e-11,1.8210976451278967e-11,6.371098350790884e-10,6.125322272596704e-10,2.45776078194179e-11,0.0009652314846856204,0.63121921512624,4.696095360012689e-07,2.274520576550422e-10,1.1459443180184798e-09,8.374595751252258e-05,0.007851039188266861
73955,3600,88,120,55.22505,7.18441,214444800.0,0.000102137998535797,0.015448408380987438,3.163706254597115e-05,0.015370967821485495,4.580349695597413e-05,0.09998564132117248,0.09343333547727103,0.0065523058439014,0.19781201099907378,7.710297055208537e-06,2.314790146035233e-05,0.00021718396231271687,1.0221477620850026e-10,8.405972562849459e-11,1.8155050580005766e-11,6.391093716049763e-10,6.144291674544303e-10,2.4680204150545983e-11,0.0009648359884874912,0.6312413658510211,4.717057059250668e-07,2.2751364413380022e-10,1.1442936062387752e-09,8.372250772203467e-05,0.007848884851011316
73956,3600,88,120,55.22921,7.19878,214444800.0,0.00010192768659152939,0.015463057188247985,3.163000530085243e-05,0.015385623654339015,4.5803528608122954e-05,0.09974132169049843,0.09318728089328505,0.006554040797213342,0.19784979621572862,7.694417103402698e-06,2.314979755239122e-05,0.00021715193977321761,1.0227871182649208e-10,8.405206038122773e-11,1.822665144526445e-11,6.358661280590067e-10,6.113486437580142e-10,2.4517484300992143e-11,0.00096507226539477,0.6311894980761595,4.684007290846658e-07,2.2731697058297047e-10,1.1464057644357177e-09,8.37255088649184e-05,0.007849751048312321
73957,3600,88,120,55.22922,7.16717,214444800.0,0.00010213353874949867,0.015430255993820903,3.1628964400092956e-05,0.015352829902329114,4.5797127091702534e-05,0.09999171834867313,0.09344247729316878,0.006549241055504326,0.19769673380988395,7.709477417309447e-06,2.313445676447563e-05,0.0002170594553236747,1.0214836758409164e-10,8.403024347791373e-11,1.8118124106178016e-11,6.39594602435569e-10,6.148850127960649e-10,2.4709589639504123e-11,0.0009642424479430854,0.6312237644929484,4.7233188830270524e-07,2.2740568226780267e-10,1.1431804495915855e-09,8.367324979313618e-05,0.007845146260882709
73958,3600,88,120,55.23186,7.1857,214444800.0,0.00010192151866280616,0.015444827923253721,3.1621780048938834e-05,0.01536740905603944,4.57970871653475e-05,0.09974527432391223,0.09319432252390573,0.006550951800006432,0.19773316786997688,7.693470705181034e-06,2.313623320328031e-05,0.00021702592657073065,1.0221226121662845e-10,8.402229248374964e-11,1.8189968732878932e-11,6.36330488977301e-10,6.117846294261092e-10,2.4545859551191565e-11,0.0009644751165154302,0.6311705988815834,4.690070357293703e-07,2.2720560678547028e-10,1.1452949125414678e-09,8.367570396513808e-05,0.007845987294614448
73959,3600,88,120,55.23456,7.17047,214444800.0,0.0001020028280822832,0.0154463481220766,3.1627543637757675e-05,0.01536892100801871,4.5799570420136445e-05,0.09983637722551306,0.09328486806809727,0.006551509157415752,0.19776541072341336,7.699768977520488e-06,2.31407152701615e-05,0.00021708621947341624,1.0221328570076695e-10,8.403631759991336e-11,1.8176968100853683e-11,6.373704196065732e-10,6.127742801491684e-10,2.4596139457404714e-11,0.0009646134036210144,0.6311998458748163,4.700155357224091e-07,2.2732480851030577e-10,1.1449390079683647e-09,8.369392416877589e-05,0.007847083907923246
73960,4000,95,130,55.11424,6.87862,238272000.0,0.00011446401765193737,0.01672519252738382,3.4108569756319746e-05,0.016644024067288637,4.70598903388633e-05,0.11263158893114161,0.10559800449044844,0.007033584440693118,0.21468722036149654,8.669069532958912e-06,2.5273143355097727e-05,0.00023841871092063929,1.0874969744790212e-10,8.968884886664572e-11,1.9060848581256493e-11,7.42620526979884e-10,7.13337979137984e-10,2.92825478419e-11,0.001034922715886296,0.6384137096856739,5.605189868158592e-07,2.544780739616376e-10,1.190732862625548e-09,9.10694349116302e-05,0.008439958842728792
73961,4000,95,130,55.11647,6.89408,238272000.0,0.00011415612509518415,0.016703458855842523,3.4079779288857874e-05,0.01662233407672808,4.704499982558496e-05,0.11229791286590668,0.10526909050292106,0.007028822362985578,0.21446724124428315,8.644758035021017e-06,2.5244453879279844e-05,0.00023808284017992775,1.0868623060724876e-10,8.960984230762754e-11,1.9076388299621306e-11,7.391644949650795e-10,7.10043703815725e-10,2.912079114935427e-11,0.0010338761656419546,0.6382928962552175,5.573051604315284e-07,2.5394110598405755e-10,1.1910939400009968e-09,9.095804923545587e-05,0.008432509203552265
73962,4000,95,130,55.11842,6.90954,238272000.0,0.00011396928401197048,0.016716630225576824,3.4073592904738446e-05,0.01663551155497404,4.7045077698047595e-05,0.11208048624187933,0.1050501018767251,0.007030384365154177,0.21450134324604408,8.630662244238714e-06,2.5246261846871028e-05,0.00023805551886119943,1.0874377691640349e-10,8.960337591378736e-11,1.914040100261625e-11,7.362780430184324e-10,7.073021315100874e-10,2.897591150834489e-11,0.0010340920539291362,0.6382462082272543,5.54362637617162e-07,2.537665144043291e-10,1.1929775091228953e-09,9.096108442194379e-05,0.00843331893292938
73963,4000,95,130,55.12132,6.85976,238272000.0,0.0001146746981979808,0.016778253453799026,3.414456020818518e-05,0.016697025593059935,4.708330053090726e-05,0.11283931771278992,0.10579600336658886,0.0070433143462010454,0.21508227020578824,8.686627777786594e-06,2.5320584130670227e-05,0.00023890396476602464,1.0893165637356545e-10,8.980264766349608e-11,1.912900871006946e-11,7.438436614974185e-10,7.145179643528392e-10,2.9325697144579256e-11,0.0010368683627997783,0.6385377877112388,5.612822735077273e-07,2.550674856724452e-10,1.1929075356206264e-09,9.124816961366372e-05,0.008452747942531735
73964,4000,95,130,55.12327,6.87522,238272000.0,0.00011425934542259538,0.01672184045113938,3.409412526143321e-05,0.016640692481423584,4.705384445435993e-05,0.11240448746785749,0.10537217401289709,0.007032313454960356,0.21461317374525402,8.653156867880776e-06,2.5262130300502284e-05,0.00023826947145606773,1.0874733469995297e-10,8.965345092257524e-11,1.909388377737785e-11,7.399924960295927e-10,7.10836999013405e-10,2.9155497016187806e-11,0.0010345820450160697,0.6383473058049469,5.579665473694713e-07,2.541874991482903e-10,1.1916833619216566e-09,9.102530491004459e-05,0.008437220895512633
73965,4000,95,130,55.12522,6.89067,238272000.0,0.00011401330609901736,0.016717582078946056,3.407673066115356e-05,0.01663645887048957,4.7046477795333276e-05,0.11213041395347417,0.10509969200421528,0.007030721949258834,0.21452073100268984,8.63405630429678e-06,2.524876156506623e-05,0.00023808884891762103,1.0874439023119598e-10,8.961094383065948e-11,1.9133446400536616e-11,7.368382768124153e-10,7.078352749786851e-10,2.9003001833730042e-11,0.0010341689398463228,0.6382640015423617,5.549048975437751e-07,2.538336247474e-10,1.1927996396407663e-09,9.097141968058565e-05,0.00843391874790471
73966,4000,95,130,55.12688,6.90663,238272000.0,0.00011382644242999568,0.016730747641324897,3.407054195411068e-05,0.01664963054671862,4.70465526521683e-05,0.11191293679899449,0.10488065450017335,0.007032282298821082,0.21455474331065041,8.619959429427242e-06,2.5250565232819057e-05,0.00023806148214300632,1.0880193380379594e-10,8.960447460642077e-11,1.9197459197375284e-11,7.339516530510474e-10,7.050935393084371e-10,2.8858113742609913e-11,0.0010343847054593255,0.6382172235004581,5.519622516530078e-07,2.536588924842958e-10,1.1946826878871386e-09,9.09744301305845e-05,0.008434727917923678
73967,4000,95,130,55.13007,6.85635,238272000.0,0.00011442610226137915,0.01675772389309508,3.4119985759628686e-05,0.016676533645116114,4.70702622193359e-05,0.11257252758009538,0.1055335422922231,0.007038985287872235,0.21488723629136666,8.666897631201676e-06,2.5295217457147088e-05,0.0002386125728758363,1.0886898013150326e-10,8.973385032863376e-11,1.9135129802869626e-11,7.411439457028535e-10,7.119434353644154e-10,2.9200510338438037e-11,0.0010359241552550596,0.6384397551186879,5.588011325784768e-07,2.546193552565107e-10,1.1930200495239258e-09,9.115042023750788e-05,0.008446102548337692
73968,4000,95,130,55.13201,6.87181,238272000.0,0.00011412097303562316,0.016736037319609768,3.409139055769445e-05,0.016654890474923953,4.7055454128122134e-05,0.11224192629121486,0.10520768540915061,0.007034240882064196,0.2146682844953571,8.64280074667013e-06,2.526667771559789e-05,0.0002382787268680183,1.0880554602908525e-10,8.965532132190765e-11,1.915022470717769e-11,7.377233553782795e-10,7.086828882731288e-10,2.9040467105150513e-11,0.001034882233297295,0.6383198662168587,5.556217136283522e-07,2.5408634717461844e-10,1.1933685058214216e-09,9.103963709735193e-05,0.008438689961953927
73969,4000,95,130,55.13396,6.88727,238272000.0,0.000113817055013861,0.01671437048159082,3.4062880821427264e-05,0.016633266918998083,4.704068177130715e-05,0.11191266846266988,0.10488316449320016,0.007029503969469677,0.21444976937076662,8.61879804221921e-06,2.5238203089315704e-05,0.00023794576348525168,1.0874212586272203e-10,8.95770018122688e-11,1.9165124050453312e-11,7.343183193501765e-10,7.054371435164067e-10,2.8881175833769753e-11,0.0010338423257666945,0.6382003687367771,5.524574023943265e-07,2.535550566239719e-10,1.1937113256136131e-09,9.09291147382226e-05,0.008431293573327904
73970,4000,95,130,55.1359,6.90322,238272000.0,0.00011362062886842513,0.016727378221976605,3.4056017091984634e-05,0.016646281731248366,4.704047363625697e-05,0.11168457524995613,0.10465357064906838,0.007031004600887675,0.2144803040126024,8.60395786237844e-06,2.5239491530605003e-05,0.00023791141765451375,1.0879955849465326e-10,8.95688790026231e-11,1.923067949203024e-11,7.313089378436308e-10,7.025785847940191e-10,2.873035304961145e-11,0.0010340421559893904,0.6381504698455469,5.493955394521954e-07,2.533667242675365e-10,1.195638642830663e-09,9.09300589730935e-05,0.008431974766678795
73971,4000,95,130,55.13881,6.85294,238272000.0,0.00011429194241034938,0.016771990503856433,3.411754845110488e-05,0.016690800958752597,4.707199665273325e-05,0.11241464408937923,0.10537370500645833,0.007040939082920858,0.2149438823081609,8.65686892958134e-06,2.5299991967067498e-05,0.00023862490391405572,1.0892724043203102e-10,8.973644913517856e-11,1.919079129685257e-11,7.389288785173038e-10,7.098407839157331e-10,2.908809460157059e-11,0.0010362313669180325,0.6384136936561043,5.565088109147387e-07,2.5452419884228976e-10,1.1946857167259307e-09,9.116566344390355e-05,0.008447628002329786
73972,4000,95,130,55.14075,6.8689,238272000.0,0.00011397855949742793,0.016750161802559643,3.408836982335261e-05,0.016669016490985383,4.705694175090803e-05,0.11207485206580138,0.10503871057618161,0.007036141489619739,0.21472184026979504,8.632131203987976e-06,2.5271004166051858e-05,0.00023828500256639206,1.0886370788370042e-10,8.965649403322884e-11,1.920721385047168e-11,7.354024603411372e-10,7.064795253505988e-10,2.8922934990538214e-11,0.0010351755981823883,0.6382910212283189,5.532266640832637e-07,2.539793340863411e-10,1.1950717032836099e-09,9.105307530532756e-05,0.008440104675674527
73973,4000,95,130,55.1427,6.88386,238272000.0,0.00011367918928337525,0.01672857665008884,3.40601820087035e-05,0.016647474161235947,4.704230684419234e-05,0.11175067415905937,0.10471923933749437,0.007031434821564929,0.2145050784443929,8.608481188233564e-06,2.5242778335189435e-05,0.00023795539367480638,1.0880034349701921e-10,8.957895963927814e-11,1.9221383857741188e-11,7.320556624833508e-10,7.032892030788347e-10,2.8766459404515834e-11,0.0010341433730430114,0.6381731087674162,5.501188578693774e-07,2.5345464397288363e-10,1.1953942319251816e-09,9.0943559828701e-05,0.008432769464834932
73974,4000,95,130,55.14465,6.89982,238272000.0,0.0001133686092183031,0.01670679369558901,3.403120116741501e-05,0.016625735159753005,4.702733466859173e-05,0.11141399139821512,0.10438733680850096,0.0070266545897141154,0.21428404806119877,8.583961395310515e-06,2.5213941261098104e-05,0.0002376175352204599,1.0873684323315533e-10,8.949948931943365e-11,1.923735391372176e-11,7.28565236840996e-10,6.999621970108574e-10,2.8603039830138542e-11,0.0010330922670983521,0.6380513432989767,5.468716695681845e-07,2.529137552939745e-10,1.1957671838976642e-09,9.083157544477184e-05,0.008425283625059897
73975,4000,95,130,55.14783,6.85002,238272000.0,0.00011414639772109537,0.01678606318831366,3.41143066702298e-05,0.01670487549008346,4.707339155997426e-05,0.1122440931596326,0.1052012730570147,0.007042820102617862,0.2149962975359839,8.645956013003753e-06,2.5304149642367257e-05,0.00023862889373501151,1.0898536590496459e-10,8.973708041805712e-11,1.9248285486907573e-11,7.365677901379721e-10,7.075991707914713e-10,2.8968619346500817e-11,0.0010365195120021508,0.6383838249316577,5.540747282965338e-07,2.544127301021288e-10,1.1964033957548427e-09,9.117842464520855e-05,0.008449000805460249
73976,4000,95,130,55.1495,6.86549,238272000.0,0.00011384464471731914,0.01676443336882074,3.408594993667007e-05,0.01668328873505377,4.7058683830300866e-05,0.11191724491377898,0.1048791478453108,0.007038097068468141,0.21477858906867514,8.622121439538524e-06,2.527579239706062e-05,0.00023829751732197746,1.0892197144216091e-10,8.965913503831567e-11,1.9262836403845345e-11,7.331905194424316e-10,7.043798490250969e-10,2.8810670417334608e-11,0.0010354832324949038,0.6382650535980702,5.509373711976029e-07,2.53884544414267e-10,1.1967363407587436e-09,9.106837479318075e-05,0.008441633452588106
73977,4000,95,130,55.15144,6.88095,238272000.0,0.00011353731633219618,0.01674271098504272,3.405719955948262e-05,0.016661609974616458,4.704381086677591e-05,0.11158420443804946,0.10455086537427125,0.007033339063778164,0.21455884476186257,8.597853551236451e-06,2.5247134440047857e-05,0.00023796206887179272,1.088585120467968e-10,8.958022564727981e-11,1.9278286399517094e-11,7.297416869863344e-10,7.010924251483603e-10,2.864926183797395e-11,0.0010344376533411904,0.638144454349303,5.477305207922631e-07,2.5334841830412005e-10,1.1970950337962517e-09,9.095711824208297e-05,0.008434191457341256
73978,4000,95,130,55.15339,6.89641,238272000.0,0.0001132870883023228,0.016738384196994322,3.403950937124027e-05,0.016657308367066723,4.7036320556357474e-05,0.11130548406384744,0.10427376246535701,0.007031721598490376,0.214464889409392,8.578427305068245e-06,2.5233540423079375e-05,0.00023777839307346165,1.0885551930799457e-10,8.953699408425552e-11,1.931852522373916e-11,7.2653367993179e-10,6.980395136171228e-10,2.8494166314667038e-11,0.0010340175791016923,0.6380597939284892,5.446166287615364e-07,2.52988600875572e-10,1.1982307852851351e-09,9.090233055194322e-05,0.008430833285242882
73979,4000,95,130,55.15658,6.84661,238272000.0,0.00011390509198740065,0.016765655642199867,3.4090247069797876e-05,0.016684504825403405,4.7060569726663396e-05,0.11198540439438519,0.10494686735100515,0.007038537043379989,0.2148039403219719,8.626792334886888e-06,2.5279176726622577e-05,0.00023834283154545478,1.0892277501313823e-10,8.966954340175598e-11,1.9253231611382347e-11,7.339616250661948e-10,7.051136697942828e-10,2.884795527191188e-11,0.001035587479737357,0.6382881973736154,5.516844261580559e-07,2.539750019283831e-10,1.1964823551097923e-09,9.108225669452206e-05,0.00844245305778945
73980,4000,95,130,55.15824,6.86208,238272000.0,0.00011371347954665448,0.016778750881390837,3.408372422285488e-05,0.016697606649641934,4.7060507526049324e-05,0.1117626929706203,0.10472262299445048,0.007040069976169755,0.21483634632594129,8.612325336234449e-06,2.5280729098129884e-05,0.00023831204186325217,1.0898026715835694e-10,8.966225140597121e-11,1.9318015752385806e-11,7.310138641967489e-10,7.023137524614182e-10,2.8700111735330708e-11,0.0010357954577496506,0.6382399919476454,5.486823416638591e-07,2.5379367663922583e-10,1.19838831419381e-09,9.108427047147917e-05,0.0084431990548848
73981,4000,95,130,55.16047,6.87804,238272000.0,0.00011333417876568132,0.016739380875919505,3.4042862946959465e-05,0.016658300204025277,4.7037808947267554e-05,0.11135879097963639,0.10432671425247632,0.007032076727160015,0.2144853058722501,8.582060593057693e-06,2.52362021662718e-05,0.0002378139315422889,1.0885616557294811e-10,8.954509374890259e-11,1.931107182404563e-11,7.271334302481008e-10,6.986102633453391e-10,2.8523166902761505e-11,0.0010340994873133742,0.6380785002111001,5.451973122921586e-07,2.53059958995288e-10,1.1980380416075861e-09,9.091330756171957e-05,0.008431473889831786
73982,4000,95,130,55.16213,6.893,238272000.0,0.00011320804149387963,0.016770016094692974,3.404799229963736e-05,0.01668892272248738,4.7045379905959706e-05,0.11119972606769479,0.10416292185294616,0.007036804214748562,0.21464663897616332,8.573085461190785e-06,2.5253273209341947e-05,0.00023794105962421,1.0897422434289958e-10,8.957492657124998e-11,1.9399297771649684e-11,7.245338720018787e-10,6.961470442911865e-10,2.8386827710691887e-11,0.001034947022889358,0.638069060577517,5.42392416665697e-07,2.5306697646470334e-10,1.200682997702904e-09,9.097362230925725e-05,0.008436416083563764
73983,4000,95,130,55.1656,6.84271,238272000.0,0.00011372177678632589,0.016762664867173566,3.40773113658079e-05,0.0166815323961171,4.705515969065928e-05,0.11178205435651019,0.10474465247043914,0.007037401886071004,0.21473779300802115,8.612538692500714e-06,2.5269319391693345e-05,0.00023820922625698873,1.089206640575805e-10,8.96378368640597e-11,1.92828271935209e-11,7.316075720659996e-10,7.02873421989811e-10,2.8734150076188425e-11,0.0010352825372730973,0.6382288977603131,5.493979912897061e-07,2.537149779940684e-10,1.197334998047497e-09,9.104277363914926e-05,0.008440001353412998
73984,4000,95,130,55.16726,6.85916,238272000.0,0.00011345924031270928,0.016758124251657763,3.405875088278411e-05,0.01667701820026575,4.7047300509226903e-05,0.11148961935892136,0.10445391477692721,0.00703570458199409,0.2146392011391846,8.592157013738068e-06,2.5255056134014623e-05,0.00023801651032895408,1.089175236550396e-10,8.959247898497724e-11,1.9325044670062484e-11,7.282417883268631e-10,6.996703617317174e-10,2.8571426595145572e-11,0.0010348417844323154,0.6381400578172337,5.461309594003732e-07,2.5333744161315574e-10,1.1985265011181514e-09,9.098528735782712e-05,0.008436477949306753
73985,4000,95,130,55.16921,6.87412,238272000.0,0.0001131544834063674,0.01673645130422385,3.40301829661018e-05,0.01665538861459016,4.703250666758514e-05,0.11115946645373131,0.10412850187160505,0.007030964582126232,0.21442049691163173,8.568088145695273e-06,2.5226540696939006e-05,0.0002376829759361983,1.0885409727853751e-10,8.951401288120145e-11,1.9340084397336192e-11,7.248258150164711e-10,6.964142082482842e-10,2.841160676818666e-11,0.001033800599985672,0.6380204041918834,5.429559640255975e-07,2.528051125006661e-10,1.198874094747919e-09,9.087461200053132e-05,0.008429070699656155
73987,4000,95,130,55.17406,6.84029,238272000.0,0.0001135357120481085,0.016759611637821307,3.406417928079076e-05,0.016678497797630473,4.7049660910041894e-05,0.11157557185926767,0.10453932705071614,0.007036244808551487,0.21467038974247332,8.598073434593904e-06,2.525930422531869e-05,0.0002380735232247014,1.0891851342802149e-10,8.960565824265817e-11,1.9312855185363433e-11,7.292185931942496e-10,7.00599937248183e-10,2.8618655946066483e-11,0.0010349727456644812,0.6381684411385807,5.470777754768172e-07,2.534507024787248e-10,1.1981984047425654e-09,9.100263408960813e-05,0.008437512043640563
73988,4000,95,130,55.17601,6.85576,238272000.0,0.00011316512467691631,0.016720392979544314,3.4023934101665825e-05,0.01663934182199089,4.70272234517606e-05,0.11118137862163159,0.10415307054969261,0.00702830807193892,0.21432263119032877,8.568485065715278e-06,2.5215251048577375e-05,0.0002375818124666231,1.0879451636516116e-10,8.949000585517729e-11,1.9304510509983963e-11,7.254498532863647e-10,6.970027421524742e-10,2.844711113389023e-11,0.001033291413646831,0.6380099077821871,5.437011578297877e-07,2.5272952794302566e-10,1.1978086614502607e-09,9.083358147571704e-05,0.008425903848627314
73989,4000,95,130,55.17796,6.87072,238272000.0,0.00011297035599015262,0.016733442589807666,3.4017189319349256e-05,0.016652398329851832,4.702707063648646e-05,0.11095519347253074,0.10392537038120352,0.007029823091327178,0.21435398622996968,8.553771928962971e-06,2.5216637027611752e-05,0.00023754875368979126,1.0885197483531551e-10,8.948216678882115e-11,1.936980804649445e-11,7.224614338118287e-10,6.941641316738271e-10,2.8297302138001497e-11,0.001033494233055624,0.6379607705478075,5.406595353785738e-07,2.525438428273681e-10,1.1997299759606867e-09,9.083493687847053e-05,0.008426607910730046
73991,4000,95,130,55.18309,6.83689,238272000.0,0.00011335075658419584,0.01675658860822029,3.405112709454415e-05,0.01667549328103228,4.7044200093468235e-05,0.11137037655788627,0.10433527859179795,0.00703509796608829,0.21460356818987159,8.583692932704641e-06,2.5249355572692e-05,0.0002379386931788817,1.0891638108263251e-10,8.957366908900704e-11,1.9342711993625562e-11,7.268435960780053e-10,6.983397580029275e-10,2.8503838075077744e-11,0.0010346649886817632,0.638108527382718,5.447710423394671e-07,2.5318824216549996e-10,1.1990580446869252e-09,9.096277767623978e-05,0.008435038142081252
73992,4000,95,130,55.18475,6.85234,238272000.0,0.00011298598345183406,0.01671746694830631,3.401129248612183e-05,0.01663643372066995,4.702193515024034e-05,0.11098264302874937,0.10395544520024064,0.007027197828508679,0.21425793971953322,8.55455638461358e-06,2.5205616256348137e-05,0.0002374512314074974,1.0879245194745433e-10,8.945902191978215e-11,1.933343002767227e-11,7.231494735577372e-10,6.948135729080882e-10,2.8335900649648726e-11,0.00103299336205155,0.6379519073762734,5.41466881529743e-07,2.5247535758987626e-10,1.1986415041932393e-09,9.079498516987699e-05,0.008423507809393322
73993,4000,95,130,55.1867,6.86781,238272000.0,0.00011289433510179987,0.016765119414792133,3.4025885177610864e-05,0.016684057312244684,4.703621736984115e-05,0.11085277130528581,0.103817848095089,0.0070349232101967535,0.21453676109337755,8.548665913678424e-06,2.523653000653442e-05,0.00023771360194461584,1.0897071269319202e-10,8.952062352311095e-11,1.9450089170081166e-11,7.205005799326467e-10,6.923087333072338e-10,2.8191846625412664e-11,0.0010344286409425358,0.6379709485106949,5.384731941737832e-07,2.526264218398876e-10,1.202167603079949e-09,9.090686414503576e-05,0.008432230968423835
73994,4000,95,130,55.19183,6.83348,238272000.0,0.00011306432220004301,0.016718984872911086,3.4016852641058975e-05,0.016637943669585507,4.702435068452062e-05,0.11107066695753005,0.10404291731944655,0.007027749638083449,0.21428980318751845,8.560617965064253e-06,2.5209964786176502e-05,0.00023750960545200996,1.0879346325554524e-10,8.947252408398407e-11,1.9320939171561275e-11,7.241502520795994e-10,6.957659630858755e-10,2.8384288993723732e-11,0.001033127430259819,0.6379808958371925,5.424369820079815e-07,2.5259126828793204e-10,1.1983047328994162e-09,9.081273431118268e-05,0.008424566877335761
73995,4000,95,130,55.19349,6.84844,238272000.0,0.00011276025419216582,0.016697325023562196,3.3988333585936835e-05,0.016616327111999663,4.700957797659582e-05,0.11074128694829957,0.10371827252717654,0.0070230144211229865,0.2140713754094929,8.536602432522971e-06,2.51814874473887e-05,0.00023717658305693232,1.0873004565835579e-10,8.939417676561049e-11,1.9335868892745414e-11,7.207430848967084e-10,6.92518189954151e-10,2.822489494255736e-11,0.0010320874208711083,0.6378614933254554,5.392705248424622e-07,2.5205995347563e-10,1.1986493362103206e-09,9.070221412248336e-05,0.008417168929119112
73996,4000,95,130,55.19572,6.86441,238272000.0,0.00011270860220264671,0.016762084889480746,3.40127782906416e-05,0.016681041377067524,4.703073412258064e-05,0.11064671916655919,0.10361294728254813,0.007033771884011009,0.21446967682450221,8.534224815633979e-06,2.5226540223170314e-05,0.0002375782116158109,1.0896857193626443e-10,8.948849966775141e-11,1.9480072268513118e-11,7.181155735107283e-10,6.900390286184034e-10,2.8076544892324963e-11,0.0010341196092966594,0.6379108013337199,5.361567296708319e-07,2.523628825048346e-10,1.2030309957925516e-09,9.08668446259132e-05,0.00842974672545042
73997,4000,95,130,55.20057,6.83007,238272000.0,0.00011283655522101531,0.01669880332300964,3.3993749093159476e-05,0.016617797643298706,4.701193061777462e-05,0.11082702056772806,0.1038034687298444,0.007023551837883601,0.2141024079356968,8.542506358800219e-06,2.5185722784582108e-05,0.00023723343794271903,1.0873103059625888e-10,8.940732774435617e-11,1.9323702851902814e-11,7.217178346019855e-10,6.934458098306673e-10,2.827202477131809e-11,0.0010322179995320702,0.637889725597976,5.402153955412265e-07,2.521728463207142e-10,1.1983213086119052e-09,9.071950106269936e-05,0.008418200442275606
73998,4000,95,130,55.20252,6.84553,238272000.0,0.00011262820848731722,0.01671162399641062,3.39860451773476e-05,0.016630626577350146,4.7011373883127496e-05,0.1105857386850437,0.10356075796972426,0.007024980715319391,0.21412875235749262,8.52673837918763e-06,2.5186374432111058e-05,0.00023719044358910276,1.0878832933433359e-10,8.939714166024085e-11,1.9391187674092837e-11,7.185552129446701e-10,6.90441419059037e-10,2.811379388563282e-11,0.0010323981160593914,0.6378360833647942,5.370046344076494e-07,2.5196775332767214e-10,1.2003049248751691e-09,9.071790489835004e-05,0.008418722557478598
74000,4000,95,130,55.20932,6.82666,238272000.0,0.00011266726833812604,0.016696040840051905,3.398180322493572e-05,0.01661505210248865,4.700693433832152e-05,0.11063922931526919,0.10361672592706078,0.00702250338820836,0.21404131390846756,8.529343557460795e-06,2.517661946034549e-05,0.00023711005380158467,1.0872908091935572e-10,8.937804768518483e-11,1.9351033234170994e-11,7.1954393966493e-10,6.91377010477619e-10,2.816692918731103e-11,0.0010319363839340126,0.6378349551226363,5.38103948514821e-07,2.519327093258079e-10,1.1991086358470969e-09,9.06830373590722e-05,0.008415936328824439
74001,4000,95,130,55.21126,6.84162,238272000.0,0.00011246435298085593,0.016708957765472685,3.3974483600348565e-05,0.016627976740677237,4.700654119510009e-05,0.1104040081976721,0.10338004017406664,0.007023968023605402,0.2140697327212341,8.513996949608569e-06,2.5177567500801268e-05,0.0002370710587145104,1.0878644568060049e-10,8.93687995105476e-11,1.9417646170052993e-11,7.164508992933351e-10,6.884388369266516e-10,2.8012062366683262e-11,0.001032125655022101,0.6377831860272278,5.349607084786481e-07,2.5173547308887856e-10,1.2010678686600037e-09,9.068263893538076e-05,0.008416531446036131
74003,4000,95,130,55.21834,6.82375,238272000.0,0.0001124312492853851,0.016675717496804427,3.39581164063823e-05,0.01659476511275637,4.6994267641668496e-05,0.11038639542392706,0.10336814292771501,0.007018252496212003,0.21385083361640317,8.510591197512247e-06,2.515192966084582e-05,0.00023682783377108866,1.0866654997304213e-10,8.931142546843286e-11,1.935512450460937e-11,7.170057083570198e-10,6.889561590838593e-10,2.8049549273160352e-11,0.0010310131139338963,0.637741006565244,5.357796453035744e-07,2.515024391285639e-10,1.1991627697774778e-09,9.058800058553178e-05,0.008409459189648402
74004,4000,95,130,55.22,6.83921,238272000.0,0.00011233815973238657,0.016723348439913934,3.3972607665609596e-05,0.016642367324060752,4.700850818757252e-05,0.11025493430611799,0.10322896479927167,0.007025969506846285,0.21412916477967492,8.504588420215881e-06,2.5182767042540734e-05,0.00023708916452624512,1.088447950286804e-10,8.93727774049458e-11,1.9472017623734697e-11,7.143382641884501e-10,6.864336657011355e-10,2.790459848731449e-11,0.0010324460265364148,0.6377596117506992,5.327679242275266e-07,2.516514988475442e-10,1.2026958010334643e-09,9.069957641937758e-05,0.008418163167788624
74005,4000,95,130,55.22708,6.82035,238272000.0,0.00011226791684473886,0.01667305406988452,3.394659097156736e-05,0.0165921180309972,4.6989447915757585e-05,0.11020521833035635,0.10318797688049128,0.0070172414498650415,0.2137919168175064,8.497891146840704e-06,2.5143147605785863e-05,0.00023670879957613173,1.0866466973372094e-10,8.928317492281333e-11,1.938149481090772e-11,7.149082362316314e-10,6.869600878797284e-10,2.7948148351902858e-11,0.0010307414333551432,0.6376881912999512,5.337424105294976e-07,2.512707863764799e-10,1.1999226212528393e-09,9.055282634754845e-05,0.008407274802771094
74006,4000,95,130,55.22875,6.8358,238272000.0,0.00011217282613529626,0.01672065249281638,3.3960941035694864e-05,0.016639687922322042,4.700362945864291e-05,0.11007153794839611,0.10304659184406166,0.0070249461043343925,0.21406952781242883,8.491732754079184e-06,2.5173877453021664e-05,0.0002369686725173555,1.0884289180369233e-10,8.934418071015602e-11,1.9498711093536426e-11,7.122150912998793e-10,6.844131362174794e-10,2.7801955082399747e-11,0.0010321710190713189,0.6377061510973422,5.307057258870785e-07,2.5141701011775765e-10,1.2034649751615575e-09,9.066397163516388e-05,0.008415952023014617
74007,4000,95,130,55.23583,6.81694,238272000.0,0.0001121634005628653,0.016687815334318457,3.3946246949789824e-05,0.016606877025412435,4.6992061956234475e-05,0.11008026982876529,0.10306088795431911,0.007019381874446133,0.2138594246303298,8.490166014093321e-06,2.5149522379355107e-05,0.00023674279443597527,1.0872327641115403e-10,8.92908987556579e-11,1.9432377655496242e-11,7.13073599137734e-10,6.852194745803136e-10,2.7854124557420473e-11,0.0010310981291571128,0.6376718866624085,5.318195026739663e-07,2.512178981136592e-10,1.2014516774356312e-09,9.057449455399699e-05,0.008409197238787509
74008,4000,95,130,55.23777,6.8324,238272000.0,0.00011200389316561068,0.01671789716424602,3.3949020326533964e-05,0.016636949499699367,4.6998644220114184e-05,0.10988414575447354,0.10286024552433319,0.007023900230140312,0.21400858218580665,8.478597300638299e-06,2.516479394263925e-05,0.00023684555367664312,1.0884094683075327e-10,8.931496159137286e-11,1.952598523938052e-11,7.100457111568245e-10,6.823486333570818e-10,2.7697077799742526e-11,0.001031890013801374,0.6376515160976214,5.285986528544491e-07,2.5117740270510245e-10,1.2042508151142457e-09,9.062758920181022e-05,0.00841369270818609
74010,4000,95,130,55.24457,6.81353,238272000.0,0.00011206220489788059,0.016702631807569892,3.394613738706396e-05,0.016621690895741156,4.699477444167591e-05,0.1099590096995643,0.10293746655065232,0.007021543148911935,0.21392814614221728,8.482698947681733e-06,2.51560762972249e-05,0.0002367792149629528,1.087819217973934e-10,8.929919672415244e-11,1.9482725073241056e-11,7.112815814843254e-10,6.835194202843079e-10,2.7762161200017154e-11,0.0010314603649286365,0.6376566719040698,5.29937981731513e-07,2.51169740627404e-10,1.2029654075358795e-09,9.059688174117915e-05,0.008411164134458648
74011,4000,95,130,55.24652,6.82899,238272000.0,0.00011184476348796276,0.016715304434744734,3.393779174672483e-05,0.016634372693551207,4.6993949446805866e-05,0.10970764072655119,0.10268472492532779,0.007022915801223323,0.2139512138377179,8.466223771938316e-06,2.515623908915788e-05,0.00023672959392696442,1.0883911595778387e-10,8.928743754210005e-11,1.9551678415683896e-11,7.080021627703953e-10,6.804038789267112e-10,2.759828384368389e-11,0.001031625357787122,0.6376000927455169,5.266137757552748e-07,2.509517539146343e-10,1.20499136361776e-09,9.059332795027485e-05,0.008411564630879415
74012,4000,95,130,55.24846,6.84495,238272000.0,0.00011167725111087498,0.016745248255942858,3.3939999256011156e-05,0.016664307964420335,4.700029226651192e-05,0.10950260209433649,0.10247521956773344,0.007027382526602995,0.21409737181533908,8.454033548026088e-06,2.5171076001468204e-05,0.00023682647942023622,1.0895669082342023e-10,8.931011728731787e-11,1.964657353610244e-11,7.048716393923468e-10,6.7743536434528e-10,2.7436275047066903e-11,0.0010324038103362767,0.6375770200420116,5.232932983135633e-07,2.5089975583889595e-10,1.2078268818297805e-09,9.064467139158224e-05,0.00841595268918837
74013,4000,95,130,55.25331,6.81012,238272000.0,0.00011190825647058018,0.016700124561637383,3.393527455167789e-05,0.016619199054096114,4.699023298959191e-05,0.10978825664826992,0.10276766557926985,0.007020591068999995,0.21387266166294686,8.470728168609821e-06,2.514780059299041e-05,0.0002366670365288316,1.087801510222028e-10,8.927256864524544e-11,1.9507582376957445e-11,7.093045477414457e-10,6.816379648641588e-10,2.766658287728681e-11,0.0010312043427506067,0.6376069390799443,5.280177010347087e-07,2.5095146020879666e-10,1.2036819663417789e-09,9.056373992272732e-05,0.008409105397545717
74014,4000,95,130,55.25526,6.82558,238272000.0,0.00011168902914246525,0.01671276813165252,3.3926802898091653e-05,0.016631851973431554,4.6989355322877024e-05,0.10953490694556382,0.10251295426109207,0.007021952684471688,0.21389508612815722,8.4541141192175e-06,2.5147867396826445e-05,0.00023661611429163753,1.0883732465337036e-10,8.92605005516413e-11,1.957682410172915e-11,7.060021933149647e-10,6.78500596604338e-10,2.750159671062648e-11,0.001031366366008657,0.6375497834208116,5.246712175102924e-07,2.507309418531695e-10,1.2057162383609983e-09,9.055980176684939e-05,0.008409482012423057
74015,4000,95,130,55.2572,6.84104,238272000.0,0.00011147107620529201,0.01672543260882615,3.391842118785864e-05,0.016644525672322136,4.698851531615992e-05,0.10928297145548004,0.10225964923188356,0.007023322223596428,0.21391797217612443,8.437599145597719e-06,2.514800279352923e-05,0.00023656612148253924,1.0889451301232918e-10,8.924865285619864e-11,1.9645860156130644e-11,7.027162015433478e-10,6.753787999541785e-10,2.7337401589169167e-11,0.001031530511007685,0.6374930417645582,5.213406257070001e-07,2.5051223346912084e-10,1.2077445961812781e-09,9.055613851586212e-05,0.008409875676797247
74017,4000,95,130,55.26234,6.80721,238272000.0,0.00011174333777767636,0.01669743023607599,3.3923636509529295e-05,0.016616521235284332,4.698536428213122e-05,0.10960529642847927,0.10258572762448,0.007019568803999183,0.21381309723243708,8.457905399354433e-06,2.5138930393839065e-05,0.000236546819471879,1.0877825023117495e-10,8.924404473151083e-11,1.9534205499664197e-11,7.071868147605499e-10,6.796226124354339e-10,2.7564202325115978e-11,0.0010309299449278635,0.6375535343631648,5.25960827802572e-07,2.507174571729121e-10,1.204448618244322e-09,9.05282056943316e-05,0.008406899558295468
74018,4000,95,130,55.26401,6.82267,238272000.0,0.00011147290777544015,0.016692775952460413,3.3904521043037234e-05,0.016611894152744198,4.697727867317706e-05,0.10930417600160564,0.10228634917757987,0.007017826824025687,0.21371188367451122,8.436908092975336e-06,2.512425125457677e-05,0.00023634843109208433,1.0877502581311831e-10,8.919731858268252e-11,1.9577707230435907e-11,7.037193372742564e-10,6.763227743500234e-10,2.739656292423281e-11,0.0010304762978003128,0.6374623708262975,5.225949015047346e-07,2.5032902611718667e-10,1.2056785754224578e-09,9.046907450052857e-05,0.008403271299111325
74019,4000,95,130,55.26595,6.83813,238272000.0,0.0001112531857809352,0.016705411654814237,3.389601451032298e-05,0.016624539253808565,4.697638649535034e-05,0.1090502785194355,0.10203109308669765,0.007019185432737777,0.21373413268503788,8.420255555823774e-06,2.5124291573951346e-05,0.00023629714940913646,1.0883219384031844e-10,8.918516489053908e-11,1.9647028949779466e-11,7.004106261521682e-10,6.731793566996406e-10,2.7231269452527515e-11,0.0010306375013602732,0.6374050582340328,5.192422422420928e-07,2.501078101515657e-10,1.207715171591203e-09,9.046503054262971e-05,0.008403641307786865
74020,4000,95,130,55.26789,6.85359,238272000.0,0.00011103450673780205,0.01671806443428681,3.388758158208902e-05,0.016637201327580866,4.697552512385488e-05,0.10879753826238671,0.10177698774549784,0.007020550516888811,0.213756758954453,8.403684105587571e-06,2.5124388010384936e-05,0.0002362466281860898,1.0888937390553905e-10,8.917319157704666e-11,1.971618232849247e-11,6.97115306816373e-10,6.700486834165313e-10,2.706662339984163e-11,0.0010308004408176746,0.637348083954575,5.159025896034863e-07,2.498880747903743e-10,1.2097469238136924e-09,9.04612114436418e-05,0.008404025268067132
74021,4000,95,130,55.2708,6.8038,238272000.0,0.00011171400120443516,0.016729887479623624,3.393562917947218e-05,0.016648955953565928,4.699589687822408e-05,0.1095547486933876,0.10252978546369804,0.007024963229689535,0.21401299899986737,8.456426996066231e-06,2.5161344355901472e-05,0.000236745792620131,1.0889753422477553e-10,8.929057235856706e-11,1.9606961866208594e-11,7.058250523429745e-10,6.783373423382845e-10,2.748771000468986e-11,0.0010319423052215593,0.6375790993631923,5.243562185313203e-07,2.5086663056738915e-10,1.2066712652244454e-09,9.061025655755028e-05,0.008413147871751202
74022,4000,95,130,55.27303,6.81926,238272000.0,0.00011131722447784764,0.016690240988056104,3.3893535864432826e-05,0.016609374765917412,4.6972686274261015e-05,0.10913150121706455,0.10211463705298868,0.007016864164075806,0.2136557819690734,8.424802346969655e-06,2.5115882594177582e-05,0.00023623499135857814,1.0877323532686928e-10,8.917039032148243e-11,1.960284500538696e-11,7.017200123581963e-10,6.744201053937969e-10,2.7299906964399158e-11,0.0010302173988544227,0.6374120857070739,5.206529652113592e-07,2.5010829656947883e-10,1.2064032709443607e-09,9.043556116016987e-05,0.00840118938731207
74023,4000,95,130,55.27469,6.83522,238272000.0,0.00011098278246560392,0.016668070939107407,3.3862871492635085e-05,0.016587251056779613,4.695701083515351e-05,0.10876835895471544,0.10175642216960039,0.007011936785114999,0.2134261744175309,8.398426899107454e-06,2.5085763655737466e-05,0.0002358797534342219,1.0870946128913867e-10,8.908679235736442e-11,1.9622668931774365e-11,6.979231140370333e-10,6.708014428153425e-10,2.7121671221690748e-11,0.001029126633474725,0.637282634901531,5.171080895818458e-07,2.495336050268295e-10,1.2068874650718888e-09,9.031844538885177e-05,0.008393384516374737
74024,4000,95,130,55.27664,6.85018,238272000.0,0.00011076955143471409,0.016680820198794914,3.385482402374443e-05,0.016600009061243794,4.6956313527377734e-05,0.10852169771429344,0.10150835999607104,0.007013337718222343,0.21345088043282617,8.382278119486848e-06,2.5086157355132908e-05,0.0002358332433719777,1.0876670754942017e-10,8.907575983926213e-11,1.969094771015814e-11,6.946975905561546e-10,6.677371909500235e-10,2.6960399606130815e-11,0.0010292987544901317,0.6372275384840808,5.13836166794583e-07,2.4932174915556633e-10,1.2088947514932604e-09,9.031582745569931e-05,0.008393841699110937
74025,4000,95,130,55.27982,6.80039,238272000.0,0.00011150764885402476,0.016710062715153098,3.391403775567734e-05,0.0166291645653938,4.69841120036231e-05,0.10933489207033169,0.1023139919731161,0.007020900097215529,0.2138334420410154,8.439979565327114e-06,2.513825807650032e-05,0.00023648527218415942,1.0883535153711752e-10,8.92290784673586e-11,1.9606273069759034e-11,7.036674710782347e-10,6.762787383180714e-10,2.7388732760163334e-11,0.0010310686133534973,0.6374949690630358,5.224015141898212e-07,2.5047873220322893e-10,1.206589088820263e-09,9.052166272867692e-05,0.00840706819181451
74026,4000,95,130,55.28178,6.81635,238272000.0,0.00011116350257570084,0.016687732834350263,3.388268839671862e-05,0.016606881996434387,4.696814951915622e-05,0.10896097788492871,0.10194506567843939,0.007015912206489255,0.21360031020931006,8.412849750168388e-06,2.5107616459324985e-05,0.00023612295348095097,1.087714650641066e-10,8.914380233359615e-11,1.9627662730510553e-11,6.997459876160379e-10,6.725415136278874e-10,2.7204473988150348e-11,0.001029961681466006,0.63736235615558,5.187356441597307e-07,2.498902455065694e-10,1.2071182463358971e-09,9.040245131171445e-05,0.008399133462231726
74027,4000,95,130,55.28372,6.83131,238272000.0,0.00011078010947012767,0.01664831390027965,3.384154073576958e-05,0.016567527021672985,4.694533787089444e-05,0.10855261986421359,0.1015447212867354,0.0070078985774781315,0.21324806051718323,8.382264604860328e-06,2.5062879591263986e-05,0.00023562195564989942,1.0864732447563696e-10,8.902593333131918e-11,1.9621391144317886e-11,6.958126141153985e-10,6.687876438170714e-10,2.702497029832701e-11,0.001028259182605733,0.6371998118654284,5.151990522215071e-07,2.4915107941253407e-10,1.2067890609335574e-09,9.023067215519376e-05,0.008387354409194428
74028,4000,95,130,55.28538,6.84727,238272000.0,0.0001105006672606811,0.016643505328580933,3.3821788347030194e-05,0.016562746557075347,4.693698315855863e-05,0.10824146828938341,0.1012353695166357,0.007006098772747668,0.21314348623554455,8.360567452263348e-06,2.504771172686586e-05,0.00023541696024526073,1.0864399297483843e-10,8.897764984970694e-11,1.966634312513157e-11,6.922295635256156e-10,6.653778201282398e-10,2.6851743397375612e-11,0.001027790430275094,0.6371056227015963,5.117209309833411e-07,2.4874972005142937e-10,1.2080601011655828e-09,9.016957337561714e-05,0.008383605275265223
74029,4000,95,130,55.29052,6.81293,238272000.0,0.00011102114115786944,0.016685418739840266,3.387264375389632e-05,0.016604582144285892,4.696395180047616e-05,0.10880309745985545,0.1017880644389352,0.007015033020920184,0.21354906840022317,8.401779409171765e-06,2.5099966150303497e-05,0.00023601924189740615,1.087698295899179e-10,8.911917755217354e-11,1.9650652037744484e-11,6.979176598002567e-10,6.708015749326317e-10,2.7116084867624727e-11,0.0010297249984405447,0.6373164340508489,5.169597648391924e-07,2.4968848281645227e-10,1.2077813841967677e-09,9.037182016018976e-05,0.008397229887380255
74030,4000,95,130,55.29246,6.8284,238272000.0,0.00011062823978589967,0.016645837067714706,3.38308241182692e-05,0.016565065387341506,4.694085625492836e-05,0.10838415634554104,0.10137719794941465,0.007006958396126334,0.21319327363733914,8.370455890736817e-06,2.505471368031052e-05,0.00023551127359747848,1.086455760439046e-10,8.899966548838752e-11,1.9645910555517186e-11,6.938623507783396e-10,6.669316646970853e-10,2.693068608125405e-11,0.0010280065636062339,0.6371506982405252,5.133048011713519e-07,2.489356776531552e-10,1.2074955480764792e-09,9.019796527133793e-05,0.0083853233082968
74031,4000,95,130,55.29412,6.84386,238272000.0,0.0001102986052105765,0.016623753206505464,3.38005000246281e-05,0.01654302738043764,4.692532604319223e-05,0.10802638325718253,0.10102432031367067,0.007002062943511775,0.2129655170628484,8.344453286083136e-06,2.502485764932655e-05,0.0002351595808093558,1.0858186089688152e-10,8.891689749320901e-11,1.966496340367262e-11,6.901270188816541e-10,6.633715919483742e-10,2.675542693327967e-11,0.00102692391667535,0.637022920490627,5.098196610697489e-07,2.483679601401962e-10,1.2079582741093214e-09,9.008191327553859e-05,0.00837758310009364
74032,3600,88,120,53.68201,6.4455,214444800.0,8.966630302538331e-05,0.015228808365058041,3.073857344115819e-05,0.015152636762042154,4.5433029574736964e-05,0.08636026083239906,0.07988371290730673,0.006476547925092299,0.19354135960452717,6.7342714159526285e-06,2.2460196243307474e-05,0.00020794351217433033,1.018893927541308e-10,8.18085673427764e-11,2.0080825411354503e-11,4.797250037298228e-10,4.627313075221904e-10,1.6993696207632427e-11,0.0009429212324705754,0.6277338956936825,3.1705865140227266e-07,2.1027563059939722e-10,1.2033437721468171e-09,8.103310504762787e-05,0.007672814770033518
74033,3600,88,120,53.68316,6.44899,214444800.0,8.965326374837301e-05,0.015228529316759151,3.0737644775268774e-05,0.015152359055583924,4.543261639996239e-05,0.08634549017058893,0.07986904139949257,0.00647644877109634,0.19353566185050533,6.73326605834108e-06,2.245945568242472e-05,0.00020793363619592736,1.01889212501165e-10,8.180632585684623e-11,2.0082886644318873e-11,4.795590534961291e-10,4.6257338187446023e-10,1.6985671621668917e-11,0.0009428985162910771,0.6277286773663286,3.1689799925900815e-07,2.102558179775416e-10,1.2033966795900033e-09,8.103004961442811e-05,0.007672637313202663
74034,3600,88,120,53.68432,6.45715,214444800.0,8.960325315375157e-05,0.015227594524577143,3.0734101157855625e-05,0.015151429333186656,4.5431090232633234e-05,0.08628947370126092,0.07981336754504317,0.006476106156217726,0.1935158398270661,6.729393398444329e-06,2.245669214652233e-05,0.00020789647970204274,1.01888582845637e-10,8.179770212144488e-11,2.0090880724192225e-11,4.789196280415022e-10,4.619648724652537e-10,1.6954755576248593e-11,0.0009428135110527587,0.6277107232912981,3.1627788747154005e-07,2.101825352589264e-10,1.2036151866075459e-09,8.101882567974753e-05,0.0076719631088174155
74035,3600,88,120,53.68547,6.4653,214444800.0,8.955419176102679e-05,0.01522667552632889,3.073062453701151e-05,0.015150515309601549,4.542959219033571e-05,0.08623451129707188,0.07975874179484103,0.006475769502230826,0.19349636481279503,6.725594482336093e-06,2.2453979957971852e-05,0.00020786001805930278,1.0188796425376649e-10,8.178924244991125e-11,2.0098721803855356e-11,4.782923812239912e-10,4.613679529111244e-10,1.6924428312866896e-11,0.000942730088722969,0.6276930803522603,3.1566960222475946e-07,2.1011060452267322e-10,1.203829322167018e-09,8.100780765840164e-05,0.007671301608642435
74036,3600,88,120,53.68662,6.47346,214444800.0,8.938186610006107e-05,0.015187158583003645,3.07028254927879e-05,0.015111043962378088,4.541179513277329e-05,0.0860628578735474,0.07959438161388115,0.006468476259666205,0.19319866365639843,6.711318257907595e-06,2.2417987304882884e-05,0.00020748892641976065,1.0175301695779716e-10,8.170212576526903e-11,2.0050891192528247e-11,4.771765235194554e-10,4.602942007309538e-10,1.6882322788501764e-11,0.0009412626820564902,0.6275967422655478,3.148999641102323e-07,2.096520143515248e-10,1.2022997819613159e-09,8.087208369654593e-05,0.007661613417745922
74037,3600,88,120,53.68724,6.43873,214444800.0,8.985264992673033e-05,0.015250094110368286,3.075952541640608e-05,0.015173889748723118,4.544483622876595e-05,0.08655668494822352,0.08007590011439022,0.006480784833833243,0.19372474083417174,6.749210113949514e-06,2.2483532854154085e-05,0.0002082016522221464,1.0195797050748635e-10,8.186946952390043e-11,2.0088500983586028e-11,4.81571369230544e-10,4.644943338704849e-10,1.7077035360059208e-11,0.0009438198184633277,0.6278127790553552,3.186957829308701e-07,2.1064483047796436e-10,1.2036310792315208e-09,8.112218996169251e-05,0.007678993127910652
74038,3600,88,120,53.68777,6.48163,214444800.0,8.939682806535124e-05,0.01520557717714487,3.0711678704316555e-05,0.015129446981494623,4.541851694593536e-05,0.08606889090112012,0.07959725830941684,0.006471632591703222,0.1933191583826733,6.712943915152432e-06,2.2432044040314806e-05,0.00020762152401749445,1.0181959005757101e-10,8.173340813998517e-11,2.0086181917585945e-11,4.768242878760408e-10,4.599649187680956e-10,1.6859369107945262e-11,0.0009418752212681454,0.6276192129468445,3.144021827081187e-07,2.0977679590244517e-10,1.2033746084435201e-09,8.092393311423961e-05,0.0076654972120282164
74039,3600,88,120,53.6884,6.44689,214444800.0,8.980231595549197e-05,0.015249153885971018,3.0755958967517055e-05,0.01517295462654603,4.54433004574822e-05,0.08650030913593418,0.08001986896207519,0.006480440173858976,0.193704799818643,6.745312337183518e-06,2.2480751795905767e-05,0.0002081642587302031,1.0195733705931363e-10,8.186078990496738e-11,2.009654715434637e-11,4.809277958443592e-10,4.638818770648186e-10,1.7045918779540645e-11,0.0009437342731496453,0.6277947181985171,3.1807164354761444e-07,2.105710861336558e-10,1.2038510696037341e-09,8.111089568780999e-05,0.007678314592984604
74040,3600,88,120,53.68893,6.48978,214444800.0,8.935105130141913e-05,0.015204711387908259,3.070843372539247e-05,0.015128585838579029,4.541711560384542e-05,0.08601756922825898,0.07954625306518219,0.0064713161630767495,0.19330086250533215,6.709400361270992e-06,2.2429508715802642e-05,0.00020758745915028067,1.0181900909275883e-10,8.172551648247666e-11,2.0093492610282267e-11,4.762392155327107e-10,4.5940813478122813e-10,1.683108075148262e-11,0.0009417972538468849,0.6276026246978124,3.1383486426999923e-07,2.0970951472369464e-10,1.2035734507545236e-09,8.091362236133554e-05,0.007664879605290369
74041,3600,88,120,53.68955,6.45504,214444800.0,8.97529066968656e-05,0.015248229058799238,3.075245778813936e-05,0.015172034808920844,4.544179209026154e-05,0.08644496024451302,0.07996485892053033,0.0064801013239826726,0.19368519702101433,6.741486400295413e-06,2.2478020766361884e-05,0.00020812754221972665,1.01956714394263e-10,8.185227011494574e-11,2.0104444279317396e-11,4.802960866539902e-10,4.6328071087445955e-10,1.7015375779530607e-11,0.000943650270074254,0.627776960614246,3.174590252677412e-07,2.1049865910596122e-10,1.2040668025405039e-09,8.109980205407653e-05,0.007677648435011644
74042,3600,88,120,53.69007,6.49794,214444800.0,8.930600947422986e-05,0.01520385790210764,3.070524062979337e-05,0.015127736925407516,4.541573607033632e-05,0.08596706403435618,0.07949605966380113,0.006471004370554991,0.19328283642605953,6.705913895626671e-06,2.242701319025384e-05,0.0002075539326820638,1.0181843672819668e-10,8.171775183961772e-11,2.0100684888579077e-11,4.756635710966592e-10,4.588603229029745e-10,1.6803248193684596e-11,0.0009417205131901716,0.6275862784874753,3.132767005671137e-07,2.0964328183400634e-10,1.2037689169798182e-09,8.090347131340506e-05,0.0076642718385518385
74043,3600,88,120,53.6907,6.4632,214444800.0,8.964231180092672e-05,0.015228012468645706,3.073682688223048e-05,0.015151843494413224,4.543214735025663e-05,0.08633176063737985,0.07985547371473803,0.0064762869226417915,0.19352664108740086,6.732456524865989e-06,2.2458673533325532e-05,0.0002079238363923294,1.0188893248134063e-10,8.18044990361245e-11,2.008443344521625e-11,4.794258055263275e-10,4.6244658469401165e-10,1.6979220832315958e-11,0.0009428750159782637,0.6277199984694501,3.167713000699479e-07,2.102335339316067e-10,1.2034086160081518e-09,8.102645150723619e-05,0.0076724748972345136
74044,3600,88,120,53.69122,6.51461,214444800.0,8.920022622712524e-05,0.015201917822018265,3.069775010167364e-05,0.015125807547948547,4.541252396805079e-05,0.08584875137858022,0.07937846136360989,0.006470290014970263,0.19324146641414108,6.697717785213774e-06,2.2421188806724173e-05,0.00020747553685840505,1.0181712181282e-10,8.169950341362673e-11,2.0117618399193382e-11,4.743102392903063e-10,4.575724233306227e-10,1.6737815959683606e-11,0.0009415412909771217,0.6275488676019196,3.119639448899366e-07,2.094890163216746e-10,1.2042353879124876e-09,8.087986616981684e-05,0.007662847510826649
74045,3600,88,120,53.69186,6.47137,214444800.0,8.971911611933313e-05,0.015265733001736132,3.0757856071840725e-05,0.01518952812099399,4.5447024670309944e-05,0.08639637012772781,0.07991344740642786,0.006482922721299922,0.19378631776834923,6.739337233887332e-06,2.2489381571590284e-05,0.00020822390004540987,1.0202267214142501e-10,8.18751463575664e-11,2.014752578385872e-11,4.793205840660399e-10,4.62358296842536e-10,1.696228722350383e-11,0.0009441798896066374,0.6277818775489715,3.163568298116559e-07,2.105519340052339e-10,1.2053542510787187e-09,8.114069755736754e-05,0.00768087482532039
74046,3600,88,120,53.69237,6.51427,214444800.0,8.928161783435312e-05,0.015221515302251439,3.071130191586701e-05,0.015145382754459978,4.5421245875597766e-05,0.08592889746190926,0.07945501348554779,0.006473883976361464,0.19338734925656403,6.704495297868263e-06,2.243888077078008e-05,0.0002076571552537501,1.018845026913166e-10,8.174225321232432e-11,2.0142249478992408e-11,4.748087243391535e-10,4.5805273161524447e-10,1.6755992723909102e-11,0.0009422657606780061,0.6275942316599091,3.1229169629999875e-07,2.0970988537726203e-10,1.2050127420985737e-09,8.094639504292354e-05,0.00766762388634877
74047,3600,88,120,53.69248,6.43663,214444800.0,9.006358867804393e-05,0.015290022072247946,3.07900188021929e-05,0.015213768376032865,4.5463677412894626e-05,0.08677013281519062,0.08028187663463576,0.006488256180554812,0.1940330876836492,6.766514789059366e-06,2.252148306828003e-05,0.00020859977698842714,1.020932624681539e-10,8.19633060148712e-11,2.0129956453282794e-11,4.831876771427251e-10,4.660443478772739e-10,1.7143329265451207e-11,0.000945347994675484,0.6279182536969916,3.19953268013932e-07,2.1115379445184635e-10,1.2049561569782929e-09,8.126544487820401e-05,0.007689187166949228
74048,3600,88,120,53.69301,6.47953,214444800.0,8.961058909978374e-05,0.015245550058670086,3.074237101875578e-05,0.015169370246778039,4.543744087329622e-05,0.0862854632823009,0.07980634218786102,0.006479121094439853,0.19362850640412688,6.730468106358744e-06,2.247014576969291e-05,0.0002080217039283481,1.0195491398478152e-10,8.182773284919728e-11,2.0127181135584364e-11,4.784768511394238e-10,4.6154943539777605e-10,1.6927415741647776e-11,0.0009434080720395896,0.6277255816585743,3.1569489140986886e-07,2.1028973898538e-10,1.2046864536168785e-09,8.106779282291222e-05,0.0076757289282069095
74049,3600,88,120,53.69321,6.43825,214444800.0,8.999824120173585e-05,0.0152706270884581,3.0777590768120804e-05,0.01519439409464021,4.5455403049774265e-05,0.0867075013265159,0.08022275628222099,0.006484745044294883,0.19389210372762306,6.7609917115663926e-06,2.250462246998002e-05,0.00020842956007871864,1.0202603924223565e-10,8.192334209364108e-11,2.0102697148594696e-11,4.828964452164165e-10,4.657612746692666e-10,1.713517054715006e-11,0.0009446492716501759,0.6278771682909884,3.198272973106476e-07,2.1095448978899755e-10,1.204097495653423e-09,8.120216103631021e-05,0.007684622477171035
74050,3600,88,120,53.69363,6.44478,214444800.0,8.99517412814316e-05,0.015269785045675083,3.0774299546490436e-05,0.01519355675039296,4.5453995735637214e-05,0.08665554423060874,0.08017111020455917,0.006484434026049543,0.1938740799204663,6.757387556550787e-06,2.2502068309979268e-05,0.00020839515643689715,1.0202546614043079e-10,8.191531836889723e-11,2.0110147771533665e-11,4.823013171536006e-10,4.6519492016492267e-10,1.7106396988677905e-11,0.0009445706582085784,0.6278608871453802,3.192499255536318e-07,2.1088689336977658e-10,1.2043037852203045e-09,8.119182409874899e-05,0.007683996884706164
74051,3600,88,120,53.69416,6.48768,214444800.0,8.95653080311968e-05,0.01524469240263775,3.073916101160855e-05,0.015168517187456966,4.5436054169182984e-05,0.08623469152918595,0.07975588378237457,0.006478807746811353,0.19361039002250852,6.726963077374649e-06,2.246763719490701e-05,0.00020798800131726337,1.019543387454153e-10,8.181992689235157e-11,2.013441185306387e-11,4.778981412573162e-10,4.60998706278935e-10,1.6899434978381323e-11,0.0009433309294541571,0.6277091541467507,3.151337524126737e-07,2.10223161550786e-10,1.2048829998465698e-09,8.105758918357582e-05,0.007675117950473407
74052,3600,88,120,53.69478,6.45294,214444800.0,8.990289332847942e-05,0.015268869071025029,3.077083791984943e-05,0.015192645729315599,4.5452503789584246e-05,0.08660081637296911,0.0801167178073477,0.0064840985656213716,0.1938546750211791,6.753605287837899e-06,2.2499367368260117e-05,0.00020835884822799027,1.0202484979599961e-10,8.190689569351606e-11,2.011795410248369e-11,4.816768203214138e-10,4.6460061766072625e-10,1.7076202660687582e-11,0.0009444875835544789,0.6278433061411547,3.1864431504107367e-07,2.1081525609809817e-10,1.2045168770663868e-09,8.118085045141585e-05,0.007683338216251371
74053,3600,88,120,53.69483,6.51217,214444800.0,8.933281366577411e-05,0.015222315090263169,3.0714908436085956e-05,0.01514617744150078,4.542274032630632e-05,0.08598550522376472,0.07951131422519028,0.0064741909985744205,0.19340528475971477,6.708479148489747e-06,2.2441620705698727e-05,0.00020769435513144562,1.0188507570788389e-10,8.17511123999563e-11,2.0133963307927715e-11,4.754667184096406e-10,4.586789160250535e-10,1.6787802384587243e-11,0.0009423503210478255,0.6276102211097159,3.1293108669471816e-07,2.097817652479233e-10,1.2047709735360827e-09,8.095731092309762e-05,0.007668306632457684
74054,3600,88,120,53.69531,6.49584,214444800.0,8.952103882629788e-05,0.015243851090973119,3.073602235780453e-05,0.015167680371381151,4.543469723416809e-05,0.08618504111960439,0.07970654050292389,0.006478500616680469,0.1935926361782403,6.723536721182742e-06,2.2465183078140053e-05,0.0002079550368060074,1.0195377507595195e-10,8.181229592740448e-11,2.0141479148547613e-11,4.773324246816274e-10,4.6046034231191826e-10,1.687208236970911e-11,0.0009432554665705036,0.6276930508249569,3.14585235038933e-07,2.1015801551696022e-10,1.2050748294010127e-09,8.104760325309202e-05,0.007674520492330494
74055,3600,88,120,53.69594,6.4611,214444800.0,8.979307438143675e-05,0.015248664710632843,3.075526169057079e-05,0.015172466567195522,4.5442881746759614e-05,0.08648847524555121,0.08000818639791303,0.006480288847638155,0.19369639254280946,6.74463578027216e-06,2.2480061724114323e-05,0.00020815570679420976,1.0195707661707459e-10,8.185925886753653e-11,2.0097817749538174e-11,4.808165097298476e-10,4.6377598000406286e-10,1.7040529725784737e-11,0.0009437136127833432,0.6277865879794781,3.179662776121582e-07,2.1055122252327227e-10,1.2038550385742775e-09,8.110766574467184e-05,0.007678175031606411
74056,3600,88,120,53.69646,6.504,214444800.0,8.941577464008362e-05,0.01522372122516604,3.0720767439244366e-05,0.015147575248135498,4.542520959130073e-05,0.08607775188397575,0.07960303274144334,0.006474719142532384,0.19343599944496373,6.7149212340672074e-06,2.244612309215403e-05,0.00020775522273946558,1.0188605439746665e-10,8.176544662019317e-11,2.0120607777273584e-11,4.765305815681773e-10,4.596913455293694e-10,1.6839236038807894e-11,0.000942489071179017,0.6276378059920091,3.139639851539102e-07,2.0990044362346544e-10,1.2043918656360923e-09,8.097540190235953e-05,0.007669418207868066
74057,3600,88,120,53.69709,6.46927,214444800.0,8.974616417192576e-05,0.015247780153964148,3.075193672315206e-05,0.015171586770380727,4.5441446860274174e-05,0.08643589534130153,0.0799559300145784,0.006479965326723098,0.19367768368233326,6.741004157270947e-06,2.247746513778428e-05,0.0002081208126935891,1.019564824830737e-10,8.185117128252044e-11,2.0105311200553397e-11,4.802168928274738e-10,4.632053546193797e-10,1.7011538208094073e-11,0.0009436337566473455,0.627769629603448,3.173848343698758e-07,2.1048232877846705e-10,1.2040591114645045e-09,8.109710944652605e-05,0.007677542259084174
74058,3600,88,120,53.69824,6.47743,214444800.0,8.963826453234972e-05,0.015227607255245407,3.073649589885432e-05,0.015151438877864418,4.543188148213705e-05,0.08632568333643387,0.07984951580648127,0.006476167529952581,0.1935200957573141,6.732183819837969e-06,2.2458263050405474e-05,0.0002079190737391991,1.0188873145927086e-10,8.180386629106955e-11,2.0084865168201407e-11,4.793812180109631e-10,4.624041617219794e-10,1.697705628898373e-11,0.0009428629791345299,0.6277135333567063,3.167307242911825e-07,2.1022101947262345e-10,1.203388379245341e-09,8.10243393697026e-05,0.007672404740206236
74059,3600,88,120,53.69939,6.48558,214444800.0,8.965570934496514e-05,0.015246066147858625,3.074552421869846e-05,0.015169881947215432,4.543867642450367e-05,0.08633446875351876,0.0798551295815511,0.006479339171967625,0.19364148295894545,6.734002495498423e-06,2.2472453521299062e-05,0.00020805348347160046,1.0195533303674039e-10,8.18355780115788e-11,2.0119755025161708e-11,4.790608603155203e-10,4.621052165792727e-10,1.6955643736247576e-11,0.0009434796429237335,0.6277368024608231,3.162639073856375e-07,2.103493171740009e-10,1.2044516545339085e-09,8.107672369516278e-05,0.007676321717173124
74060,3600,88,120,53.70054,6.49374,214444800.0,8.954994940172662e-05,0.01522592805875959,3.0730234312062055e-05,0.01514976865034417,4.542917410336098e-05,0.0862266291124014,0.07975107452073896,0.006475554591662421,0.19348466537208892,6.725348489693165e-06,2.2453366731759703e-05,0.00020785330662933044,1.0188760659153638e-10,8.178864301065241e-11,2.0098963580884076e-11,4.782526558844228e-10,4.613301660193421e-10,1.6922489865080675e-11,0.0009427124211997857,0.6276813955159661,3.15636479887889e-07,2.1009103966927722e-10,1.2037709768867626e-09,8.100441489216455e-05,0.007671212798666453
74061,3600,88,120,53.7017,6.50192,214444800.0,8.944529442046069e-05,0.01520580747907329,3.071502227832106e-05,0.015129672752651027,4.541970414394894e-05,0.08612001239896865,0.07964823569228217,0.006471776706686413,0.1933282385995878,6.716780436944456e-06,2.2434339218702514e-05,0.00020765393399247917,1.0181989262649693e-10,8.174189916903415e-11,2.0077993457462885e-11,4.774586475911741e-10,4.60568625301365e-10,1.6890022289809205e-11,0.000941947028420253,0.6276263374370025,3.150228451646458e-07,2.0983431849654188e-10,1.2030851096214712e-09,8.093234259134808e-05,0.007666118627614414
74167,5000,90,116,54.00019,6.44821,297840000.0,7.08179668649081e-05,0.0121779075515413,2.5547762935952856e-05,0.012109474620726162,4.288516787918879e-05,0.06862271202972912,0.06321533651399726,0.005407375515731826,0.15416556963429792,5.328981943293527e-06,1.773401971869687e-05,0.00016489636281413614,8.90972640250502e-11,7.296544204831424e-11,1.613182197673606e-11,3.747637744670249e-10,3.6194075403793394e-10,1.2823020429091072e-11,0.0007948989491052722,0.6147223264082242,2.447816070891489e-07,1.6187593629087095e-10,1.0311516931386245e-09,6.56022369958549e-05,0.006138748884726228
74168,5000,90,116,54.00019,6.46198,297840000.0,7.089894195877102e-05,0.01217906724173741,2.555345533357005e-05,0.012110626298485921,4.2887487917920765e-05,0.06871178095808829,0.06330394890862065,0.005407832049467596,0.15419236858973273,5.335298093412828e-06,1.7738282394297273e-05,0.0001649545192508687,8.909812299321951e-11,7.297947958664848e-11,1.6118643406571126e-11,3.7580712948653157e-10,3.6293367299108274e-10,1.2873456495448899e-11,0.0007950311244681012,0.6147460660164231,2.457962926135952e-07,1.619875712543118e-10,1.0307564825011302e-09,6.561908793768609e-05,0.006139824230578666
74169,5000,90,116,54.0002,6.47577,297840000.0,7.098003577087797e-05,0.012180228770946287,2.5559156095463094e-05,0.012111779803432804,4.288981141802073e-05,0.06880098112119452,0.0633926918300631,0.0054082892911313605,0.15421920891605986,5.341623486542306e-06,1.7742551398168516e-05,0.00016501276169107333,8.909898328392015e-11,7.299353767807387e-11,1.6105445605846384e-11,3.768520111606903e-10,3.6392804479632325e-10,1.292396636436711e-11,0.0007951634957858453,0.6147698425398774,2.4681246172905725e-07,1.6209937265897117e-10,1.0303607084136556e-09,6.56359640918833e-05,0.006140901159569571
74170,5000,90,116,54.0002,6.48956,297840000.0,7.10611302274264e-05,0.01218139072171538,2.5564856957937203e-05,0.012112933729642771,4.289213511467216e-05,0.06889018392455536,0.06348143727344273,0.005408746651112573,0.15424605563766558,5.3479488789882e-06,1.7746820669869737e-05,0.00016507100679225982,8.909984376920265e-11,7.300759579963722e-11,1.6092247969565516e-11,3.7789689217575566e-10,3.6492241596346324e-10,1.2974476212292471e-11,0.0007952958746073237,0.6147936255224945,2.478286268939099e-07,1.622111831887703e-10,1.0299649786336208e-09,6.565284188671318e-05,0.006141978116624249
74171,5000,90,116,54.00788,6.48914,297840000.0,7.110480285928204e-05,0.012195174348423852,2.5573550019380238e-05,0.012126702859649086,4.2897938755385316e-05,0.06893094407798654,0.06351972526758516,0.005411218810401328,0.15434446165333987,5.3516784565538085e-06,1.7758707083624292e-05,0.0001651904280709526,8.914814839932397e-11,7.303581061867785e-11,1.6112337780646225e-11,3.780659468343463e-10,3.6508756402509903e-10,1.297838280924731e-11,0.0007957913726277954,0.6148202050137823,2.478808721208056e-07,1.6234738288027148e-10,1.0305844441027853e-09,6.569721884490391e-05,0.006145213589210856
74172,5000,90,116,54.00795,6.46154,297840000.0,7.094268657114652e-05,0.012192851541385722,2.5562153407123508e-05,0.012124396094512225,4.289329346637356e-05,0.0687526186102266,0.06334231409520184,0.005410304515024717,0.15429079306114354,5.339033329770542e-06,1.7750172394189376e-05,0.00016507399031792888,8.914642822391897e-11,7.300770695477938e-11,1.613872126913969e-11,3.759771193863128e-10,3.6309971109352886e-10,1.2877408292783948e-11,0.0007955267343814662,0.6147726611673353,2.458494502559608e-07,1.6212386303049313e-10,1.0313755554664579e-09,6.566347856726942e-05,0.006143060642131227
74173,5000,90,116,54.0082,6.44775,297840000.0,7.086178920788865e-05,0.012191690126453388,2.55564660933588e-05,0.012123242685931035,4.2890974428994644e-05,0.0686636218887192,0.0632537742585282,0.005409847630190954,0.15426397728188257,5.33272359340765e-06,1.774591220056175e-05,0.00016501587457821835,8.914556878809833e-11,7.299368345302384e-11,1.615188533507461e-11,3.749348276044204e-10,3.621078040555987e-10,1.2827023548821722e-11,0.0007953946414919525,0.6147489011912677,2.4483582153255206e-07,1.6201227853816024e-10,1.0317700601243423e-09,6.564663343220674e-05,0.006141986194286143
74174,5000,90,116,54.009,6.47528,297840000.0,7.102381991026444e-05,0.012193999911440772,2.5567855107653124e-05,0.012125536444162137,4.2895612170982344e-05,0.0688417979608593,0.06343103979880603,0.005410758162053214,0.1543174406890583,5.345363502048417e-06,1.7754435692831886e-05,0.00016513218797697553,8.914728268442819e-11,7.30217746140095e-11,1.6125508070418795e-11,3.7702280870102686e-10,3.6409485185951957e-10,1.292795684150743e-11,0.0007956589554576487,0.6147962405620198,2.468665149869253e-07,1.62235444753925e-10,1.0309780089041932e-09,6.568031279942687e-05,0.006144137446756354
74175,5000,90,116,54.01572,6.48869,297840000.0,7.110629613721826e-05,0.012195096630652569,2.557364170792995e-05,0.012126625050208324,4.289793873631476e-05,0.06893212240372208,0.06352092273865807,0.00541119966506395,0.15434347001272739,5.351807179976074e-06,1.775872947323276e-05,0.00016519097222102676,8.914811911497664e-11,7.303608909551387e-11,1.6112030019462864e-11,3.780873417293585e-10,3.6510792729715243e-10,1.297941443220612e-11,0.0007957922594042007,0.6148191357485537,2.4790247459298285e-07,1.6234746187143926e-10,1.0305657506644367e-09,6.569716750289672e-05,0.006145228731697743
74176,5000,90,116,54.01588,6.4611,297840000.0,7.094470331981934e-05,0.012192781342512301,2.5562281897633007e-05,0.012124325752159774,4.2893308454892797e-05,0.06875437283295757,0.06334408450585445,0.005410288327103067,0.1542899749942704,5.339202881794534e-06,1.7750222352712463e-05,0.00016507491054264882,8.914640450245488e-11,7.300807617418934e-11,1.6138328328265643e-11,3.760052586654639e-10,3.6312649272377216e-10,1.287876594169172e-11,0.0007955284759612022,0.6147717457031249,2.4587761161248825e-07,1.6212466413487494e-10,1.0313543096827844e-09,6.566353623997923e-05,0.0061430827373271865
74177,5000,90,116,54.01639,6.44728,297840000.0,7.086415077699959e-05,0.012191622512336285,2.5556618508569194e-05,0.012123174895547196,4.2890998280519885e-05,0.06866574437372955,0.06325591164200375,0.005409832731725741,0.15426323804711695,5.3329203326514e-06,1.7745978975909067e-05,0.0001650170299063551,8.914554765275738e-11,7.299411291487483e-11,1.615143473788265e-11,3.749674610157357e-10,3.621388626324658e-10,1.2828598383269947e-11,0.0007953969090934823,0.6147480510277538,2.448683724222556e-07,1.620135080078926e-10,1.031746860531297e-09,6.564675426281192e-05,0.006142012757343672
74178,5000,90,116,54.01798,6.47479,297840000.0,7.098186098291225e-05,0.012180027058775059,2.5559253858069738e-05,0.012111578039614608,4.288976530238543e-05,0.06880192149001246,0.06339368528232818,0.0054082362076842425,0.15421639683209704,5.341794010321748e-06,1.7742518225602083e-05,0.0001650128578776414,8.909889889800645e-11,7.299389917069922e-11,1.6104999727307325e-11,3.7688048153165427e-10,3.639551449073383e-10,1.2925336624316023e-11,0.0007951629098303926,0.6147669127404017,2.46841978670241e-07,1.6209733740021427e-10,1.0303255780474206e-09,6.563551142088095e-05,0.006140914619597043
74179,5000,90,116,54.02357,6.48826,297840000.0,7.111062126042841e-05,0.012195064617235487,2.557393316004359e-05,0.012126592661998859,4.2898022076585583e-05,0.06893643974398367,0.06352524182663227,0.005411197917351339,0.15434349276139325,5.352156154461799e-06,1.7758903856582456e-05,0.00016519357765023906,8.914812221427726e-11,7.303685747190238e-11,1.611126474237499e-11,3.7814511273625305e-10,3.651629081142289e-10,1.2982204622024071e-11,0.0007957978491417807,0.6148189749832693,2.479594123075257e-07,1.6235154777285422e-10,1.0305338284371676e-09,6.569772427750629e-05,0.006145281724496116
74180,5000,90,116,54.02382,6.46066,297840000.0,7.090499064632589e-05,0.012178858801175212,2.5553840987579917e-05,0.012110417426407956,4.288753377967701e-05,0.06871705211577832,0.06330926803297648,0.00540778408280178,0.1541899465333451,5.335806358745801e-06,1.7738433423567814e-05,0.00016495729041870888,8.909805280417157e-11,7.298058654371513e-11,1.6117466260456533e-11,3.758914798929365e-10,3.630139536529836e-10,1.2877526239952963e-11,0.0007950363807489063,0.6147433522930413,2.4588069361998037e-07,1.619900159340277e-10,1.0306930034531052e-09,6.561926859059045e-05,0.006139890598519992
74181,5000,90,116,54.02696,6.47428,297840000.0,7.103288728400637e-05,0.012193913754845588,2.556846356750554e-05,0.012125449512613429,4.2895778664652114e-05,0.06885075982210352,0.0634400106203813,0.005410749201722165,0.15431720288276468,5.346097460134964e-06,1.775479047532407e-05,0.00016513754859566533,8.914728051144607e-11,7.302338923874894e-11,1.6123891272697236e-11,3.771443362307023e-10,3.6421051040882313e-10,1.293382582187913e-11,0.0007956703760649281,0.6147956139544771,2.4698643703863705e-07,1.6224363022528925e-10,1.030908894312421e-09,6.568141047116785e-05,0.006144247642321027
74182,5000,90,116,54.03142,6.48781,297840000.0,7.11622404335615e-05,0.012208975541815699,2.5583186657101514e-05,0.012140488295936055,4.29040592225438e-05,0.06898600392513388,0.06357228529394922,0.005413718631184625,0.1544447309765755,5.356503904308334e-06,1.777121624375709e-05,0.00016531877806758803,8.919651728258223e-11,7.306644720431583e-11,1.6130070078266497e-11,3.7841626444283785e-10,3.65425217469114e-10,1.299104697372392e-11,0.0007963065293691943,0.6148480893299586,2.481108408546718e-07,1.6249897232534245e-10,1.0311160622586145e-09,6.574380420497078e-05,0.006148623365017348
74183,5000,90,116,54.03176,6.4602,297840000.0,7.10022695923931e-05,0.012206685022777393,2.557194107513677e-05,0.012138213605624396,4.289947607786243e-05,0.06881004566747587,0.06339722880133589,0.005412816866139936,0.15439179584297674,5.344025931854481e-06,1.776279538052983e-05,0.00016520388950405838,8.919482057681324e-11,7.303871515803973e-11,1.6156105418773607e-11,3.763550468898207e-10,3.6346363972153506e-10,1.28914071682857e-11,0.0007960454175668219,0.6148011982184636,2.46106257678933e-07,1.622784414594367e-10,1.0318968822013758e-09,6.571051610196212e-05,0.006146498983267441
74184,5000,90,116,54.03594,6.47379,297840000.0,7.108766805131988e-05,0.01220786129112137,2.5577938156763134e-05,0.012139381450313768,4.290190265084028e-05,0.06890376101494641,0.06349047568515889,0.005413285329787491,0.1544193574902299,5.350692888947106e-06,1.7767264377798318e-05,0.00016526497346934965,8.919570517087461e-11,7.305352876809217e-11,1.6142176402782537e-11,3.77456413121279e-10,3.6451176684158386e-10,1.29446462796952e-11,0.0007961840813328806,0.6148255233895414,2.4717773578937373e-07,1.623952403198008e-10,1.0314747000499712e-09,6.57281166598738e-05,0.006147630858668037
74185,5000,90,116,54.03927,6.48738,297840000.0,7.121664585946829e-05,0.012222931573252594,2.5592636720090797e-05,0.01215442875808699,4.29101784455134e-05,0.0690386572309021,0.06362240072988273,0.0054162565010193444,0.15454696932353737,5.36106834209818e-06,1.7783678256061438e-05,0.00016544600731512182,8.92449442761505e-11,7.309651892156454e-11,1.614842535458607e-11,3.7872320360156667e-10,3.6572158416379447e-10,1.3001619437772246e-11,0.000796819839005073,0.6148780996535058,2.482970317145974e-07,1.6265034204057257e-10,1.0316852961943144e-09,6.579048296386633e-05,0.006152002253007078
74186,5000,90,116,54.04492,6.47328,297840000.0,7.11459208946988e-05,0.012221865540769601,2.5587657763274333e-05,0.012153369753871874,4.290812913445579e-05,0.06896061406545223,0.06354477108863815,0.005415842976814057,0.15452276595874792,5.355558280204717e-06,1.7779925020659412e-05,0.00016539492924550508,8.924416984315835e-11,7.308426882096702e-11,1.6159901022191437e-11,3.778130754325079e-10,3.648554532394165e-10,1.29576221930915e-11,0.0007967035633979035,0.6148565570012601,2.474123387461183e-07,1.625517767219888e-10,1.0320243640042512e-09,6.577557091986112e-05,0.006151060514602941
74187,5000,90,116,54.05526,6.47245,297840000.0,7.116448661746861e-05,0.012222035960124108,2.558895009980278e-05,0.012153538390192715,4.2908619831592095e-05,0.06898058832290074,0.06356466722732973,0.005415921095570987,0.15452747896451904,5.357018224971396e-06,1.7780848195582532e-05,0.0001654077542191036,8.924432331420431e-11,7.308750619397218e-11,1.615681712023224e-11,3.780543678997339e-10,3.650850840792813e-10,1.296928382045275e-11,0.0007967323743121234,0.6148605481400347,2.476477672453424e-07,1.625754649266292e-10,1.0319227641310866e-09,6.577908563255943e-05,0.006151302550302019
74190,5000,90,116,54.06115,6.45843,297840000.0,7.11007492292347e-05,0.012221079991047358,2.5584463695876717e-05,0.012152588752313174,4.29067750383095e-05,0.06891027797037394,0.06349472822470163,0.0054155497456722865,0.15450573794325387,5.3520519675695305e-06,1.7777468466159713e-05,0.00016536174789649418,8.924362755296733e-11,7.307646545681352e-11,1.61671620961539e-11,3.7723405671603826e-10,3.6430442809936576e-10,1.2929628616672526e-11,0.0007966276608227595,0.6148412059691077,2.4685034306615496e-07,1.6248673248077252e-10,1.0322288777970762e-09,6.576566420694815e-05,0.006150454079222996
74207,6330,104,152,54.00133,6.4206,377065440.0,8.763027545221278e-05,0.015694912229917393,3.162989729718485e-05,0.015617284618395568,4.5997714224646304e-05,0.0836955324105741,0.07702268324017746,0.0066728491703966,0.1986010888599391,6.59315706185834e-06,2.30172274480015e-05,0.00021268610109779698,1.0888660433748115e-10,8.702095626354282e-11,2.1865648073938372e-11,4.2596122228008474e-10,4.1193413815126186e-10,1.4027084128822869e-11,0.0009719434484434402,0.6292087787922406,2.5910718462115737e-07,2.1178870064757618e-10,1.2691513751465015e-09,8.287002481102377e-05,0.00777296056493463
74208,6330,104,152,54.00873,6.42015,377065440.0,8.766506530764304e-05,0.015705738514124445,3.16367756979034e-05,0.015628099459835204,4.600227859134291e-05,0.08372774443923625,0.07705295908876603,0.006674785350470191,0.19867793441248652,6.596133982286755e-06,2.302659470823619e-05,0.00021278029240076946,1.0892473296035627e-10,8.704330664761963e-11,2.188142631273665e-11,4.260999587922766e-10,4.120695391417491e-10,1.4030419650527543e-11,0.0009723342916259555,0.6292288642451771,2.591540370583893e-07,2.1189538013427257e-10,1.2696317197541083e-09,8.29048995779234e-05,0.007775517029070059
74209,6330,104,152,54.01433,6.43218,377065440.0,8.772327189341272e-05,0.015706391447239388,3.164084329009424e-05,0.01562874673570063,4.6003868248668376e-05,0.08379092273599931,0.07711585947220055,0.006675063263798725,0.1986944892132273,6.600696488440914e-06,2.302955631494097e-05,0.00021282113327097696,1.089252681375841e-10,8.705343286982096e-11,2.1871835267763166e-11,4.268538714152786e-10,4.127870121849559e-10,1.4066859230322731e-11,0.0009724264749564719,0.6292431812615902,2.59888683758412e-07,2.1197201649490577e-10,1.2693268411254127e-09,8.291635225286268e-05,0.007776281463058679
74210,6330,104,152,54.017,6.41967,377065440.0,8.763200004634393e-05,0.015694632712766214,3.162997774900686e-05,0.015617005102772957,4.599763224425951e-05,0.08369600440786844,0.0770232301277827,0.006672774280085691,0.19859709856537539,6.593329173444381e-06,2.3017145659268484e-05,0.00021268571792269693,1.088864841135817e-10,8.702131542210094e-11,2.1865168691480813e-11,4.25990056090098e-10,4.1196158614532743e-10,1.4028469944770686e-11,0.0009719415033687637,0.6292046582430186,2.591376679600813e-07,2.11785001232237e-10,1.2691079475794745e-09,8.286927219199921e-05,0.007772969076305864
74211,6330,104,152,54.02385,6.4328,377065440.0,8.769811063807199e-05,0.015695372038079674,3.1634597384415395e-05,0.015617738003911356,4.5999436783911236e-05,0.08376775119263993,0.07709466189240846,0.006673089300231403,0.19861586733051997,6.598511513420562e-06,2.3020508141014942e-05,0.00021273209256124953,1.0888709092966427e-10,8.703281715660751e-11,2.1854273773056798e-11,4.2684639360524284e-10,4.127765335399612e-10,1.406986006528177e-11,0.000972046168949301,0.6292208848639871,2.599721402610294e-07,2.1187199885317468e-10,1.268761407415356e-09,8.288227175414283e-05,0.007773837207105847
74212,6330,104,152,54.02771,6.41905,377065440.0,8.763920248713111e-05,0.015694539716773807,3.1630457771295094e-05,0.015616911505115615,4.599775388690617e-05,0.08370300799756311,0.07703024766582263,0.006672760331740436,0.19859654145147218,6.593915209412189e-06,2.3017413539727815e-05,0.0002126898450676178,1.0888647120482724e-10,8.702260281789332e-11,2.186386838693394e-11,4.260871222759629e-10,4.1205396529515383e-10,1.4033156980809165e-11,0.0009719501907520473,0.6292037870392397,2.592336413371178e-07,2.117910125538941e-10,1.2690502217106244e-09,8.287005436688895e-05,0.007773055445574148
74213,6330,104,152,54.02987,6.44346,377065440.0,8.778863151914283e-05,0.015706967799982468,3.164538972735312e-05,0.015629316824726333,4.600558552879097e-05,0.08386113049016446,0.07718579877734316,0.006675331712821239,0.19871072727441627,6.605839061378008e-06,2.3032792915091684e-05,0.0002128661570900083,1.0892579767865686e-10,8.70648345360499e-11,2.186096314260698e-11,4.2770384150248815e-10,4.1359590396689376e-10,1.4107937535594416e-11,0.0009725275329620088,0.6292568729790681,2.607181853907233e-07,2.1205493812176918e-10,1.2689664483347325e-09,8.292863938473085e-05,0.007777132420296524
74214,6330,104,152,54.03352,6.42975,377065440.0,8.773064308050358e-05,0.01570615397932621,3.164131548269583e-05,0.01562850873255923,4.60039312842919e-05,0.08379742389810835,0.07712241448631582,0.006675009411792496,0.19869178567260504,6.601313837499856e-06,2.302974975209978e-05,0.00021282459854377942,1.089251901363605e-10,8.705477858087532e-11,2.187041155548522e-11,4.2695630473072197e-10,4.1288450288743193e-10,1.4071801843290072e-11,0.0009724331393906468,0.6292401258239,2.5999105580672747e-07,2.1197532621882857e-10,1.269251387116401e-09,8.291663286008041e-05,0.007776363124594582
74215,6330,104,152,54.0358,6.4186,377065440.0,8.768320341556199e-05,0.01570550213060247,3.163798425796894e-05,0.015627861562362576,4.60025839819314e-05,0.08374537152085909,0.07707062190576873,0.006674749615090319,0.19867649859597683,6.5976100835461495e-06,2.3027268077250473e-05,0.00021279067423495,1.0892469945511374e-10,8.704654916554039e-11,2.1878150289573377e-11,4.263444508646404e-10,4.123022254777542e-10,1.404222538688626e-11,0.0009723561350525764,0.6292266369789211,2.593957933434417e-07,2.1191047488398352e-10,1.2694860951529134e-09,8.290686135248381e-05,0.007775734431654384
74216,6330,104,152,54.03921,6.44022,377065440.0,8.782170646518625e-05,0.015717768041079414,3.165214737434598e-05,0.01564010579358439,4.601010012068738e-05,0.08389144925017944,0.07721419143831636,0.006677257811863056,0.19878698303928696,6.608682400150067e-06,2.304206905816451e-05,0.00021295910883694638,1.0896390743488867e-10,8.708688792326945e-11,2.1877019511619252e-11,4.2782051383280235e-10,4.1371030740316195e-10,1.4110206429640448e-11,0.000972915553700386,0.6292764331185754,2.6074359183245614e-07,2.1215922375449449e-10,1.2694549921445314e-09,8.296315186034473e-05,0.007779666040356485
74217,6330,104,152,54.0436,6.45247,377065440.0,8.791938867183595e-05,0.01572948996589074,3.166344630914881e-05,0.01565181005534142,4.601646424018198e-05,0.08399281623263137,0.0773132690685313,0.006679547164100024,0.1988845668988224,6.6165656233262794e-06,2.305474420596147e-05,0.00021309844246079746,1.0900270089626673e-10,8.712014209365678e-11,2.1882558802609988e-11,4.287697215930523e-10,4.146170013742111e-10,1.4152720218841233e-11,0.0009734089764168952,0.6293148796351782,2.615786859907358e-07,2.1235250732729229e-10,1.2696277973392189e-09,8.301109599729855e-05,0.00778305747213759
74218,6330,104,152,54.04396,6.41812,377065440.0,8.776518033178707e-05,0.015727486975115463,3.165263330304521e-05,0.01564982220707353,4.601213473889418e-05,0.08382415670596255,0.07714542180021915,0.006678734905743355,0.19883661241262895,6.604511801164063e-06,2.3046742982956777e-05,0.000212988785394323,1.09001158660324e-10,8.709336845348406e-11,2.190779020683997e-11,4.2677829722399285e-10,4.1272183758579095e-10,1.4056459638201848e-11,0.0009731604784006456,0.6292727953227445,2.5964033274858347e-07,2.121440159075135e-10,1.2704040848337935e-09,8.29797560774219e-05,0.007781019313849195
74219,6330,104,152,54.0451,6.4332,377065440.0,8.783503742610032e-05,0.015728374541256855,3.1657528990870387e-05,0.015650702924793737,4.6014087472255076e-05,0.08390046751922842,0.0772213701632123,0.006679097356016051,0.19885803919014844,6.6099746849821486e-06,2.3050356343219256e-05,0.00021303835501136428,1.0900184828579462e-10,8.710550095388845e-11,2.1896347331906206e-11,4.2768085205288767e-10,4.1358076564361505e-10,1.4100086409272628e-11,0.0009732727393735953,0.6292915586478448,2.605189931966063e-07,2.1223806800595315e-10,1.2700501445594716e-09,8.299388087122947e-05,0.007781941672462374
74220,6330,104,152,54.04758,6.49875,377065440.0,8.813508770959273e-05,0.015732229625393033,3.167856269472336e-05,0.015654528569353822,4.602249334449236e-05,0.08422843834587239,0.07754777228626976,0.006680666059602583,0.19895071333866163,6.633433580958754e-06,2.3065900737430284e-05,0.00021325149471066249,1.090048298581017e-10,8.715760401583196e-11,2.184722584226976e-11,4.315565762252114e-10,4.1726914790452055e-10,1.4287428320690795e-11,0.0009737555926907212,0.6293728018924092,2.642917681506651e-07,2.1264289585015268e-10,1.268534826449139e-09,8.305470611406377e-05,0.007785905413498215
74221,6330,104,152,54.05083,6.4844,377065440.0,8.80756108063167e-05,0.01573140798293384,3.167438562300401e-05,0.015653712795028547,4.6020802282296265e-05,0.08416315772378367,0.07748281860355963,0.006680339120224004,0.19893148145806624,6.628790587545119e-06,2.306278687454937e-05,0.00021320893909076248,1.090042126712661e-10,8.714728735595031e-11,2.185692531531582e-11,4.30789567411021e-10,4.165392157107789e-10,1.4250351700242091e-11,0.0009736589806678069,0.6293558235824191,2.6354559325837994e-07,2.1256150148226446e-10,1.2688285829970378e-09,8.304243914710836e-05,0.007785116989455518
74222,6330,104,152,54.05211,6.41763,377065440.0,8.777909985200458e-05,0.01572755423833503,3.165359411150117e-05,0.015649888167721355,4.601247650218364e-05,0.08383884884208077,0.07716007219667212,0.0066787766454086,0.19883923877803686,6.605613861266473e-06,2.304740080241401e-05,0.0002129980782616261,1.090012461734102e-10,8.709580762260855e-11,2.1905438550801716e-11,4.269605197804276e-10,4.128952549355481e-10,1.4065264844879505e-11,0.0009731811324094242,0.6292748675258427,2.5981860836748205e-07,2.1216056727906628e-10,1.2703209475907266e-09,8.298217013364814e-05,0.007781197916062105
74223,6330,104,152,54.05219,6.45246,377065440.0,8.79346305174499e-05,0.015729561972715335,3.166449817170309e-05,0.01565188063678439,4.601683775924446e-05,0.08400889637979839,0.07732930396873655,0.006679592411061786,0.1988874180813902,6.61777258026505e-06,2.3055463583011187e-05,0.0002131086093548723,1.0900279597332526e-10,8.712281330447609e-11,2.18799826688492e-11,4.289692906964164e-10,4.148069271082045e-10,1.4162363588211943e-11,0.0009734315667541026,0.6293171236589,2.6177394543637174e-07,2.1237059815904456e-10,1.2695365727729573e-09,8.30137333689258e-05,0.007783252963310729
74224,6330,104,152,54.05307,6.43574,377065440.0,8.786170359177988e-05,0.015728607303064523,3.1659383578445614e-05,0.015650933132408455,4.601478707762873e-05,0.08392910050733014,0.0772498942898186,0.006679206217511468,0.19886462841933983,6.612073105280235e-06,2.3051675495225734e-05,0.00021305671162732474,1.0900206324797256e-10,8.711015320764397e-11,2.1891910040328618e-11,4.280276843900297e-10,4.139108359418398e-10,1.4116848448189913e-11,0.0009733139328504721,0.6292971084802976,2.608574923002085e-07,2.1227185167141935e-10,1.269902832903697e-09,8.29988852008473e-05,0.0077822887428716314
74225,6330,104,152,54.05535,6.51026,377065440.0,8.819994714878742e-05,0.015732954273641152,3.1683094810998924e-05,0.01565524691539314,4.6024263437017296e-05,0.08429882410267096,0.07761784917531085,0.006680974927360051,0.1989691166287304,6.638517929071386e-06,2.306919919500952e-05,0.00021329698804950143,1.0900542487809911e-10,8.71688882139181e-11,2.183653666418106e-11,4.323967223231906e-10,4.1806868649407856e-10,1.4328035829112059e-11,0.0009738582667381068,0.6293887110021218,2.651104679275837e-07,2.127282333404626e-10,1.2681947657491681e-09,8.306745715401147e-05,0.007786757082381791
74226,6330,104,152,54.05676,6.49289,377065440.0,8.812446626813231e-05,0.01573195481565752,3.167779957860434e-05,0.015654254880044224,4.6022136034698684e-05,0.08421618053122759,0.07753560848046477,0.006680572050762759,0.19894535861101992,6.632620257371092e-06,2.3065272004108768e-05,0.0002132432122908589,1.0900466132186998e-10,8.715578699772686e-11,2.1848874324143173e-11,4.314223870866945e-10,4.1714144873945493e-10,1.4280938347239644e-11,0.0009737363355327691,0.6293678222025241,2.641622511049283e-07,2.1262580184909345e-10,1.2685725457900799e-09,8.305204750421984e-05,0.007785758557067115
74227,6330,104,152,54.06224,6.50212,377065440.0,8.817639944333411e-05,0.015732550043187805,3.168143047046275e-05,0.015654845052885287,4.602355983206397e-05,0.08427260890558161,0.07759178537152808,0.006680823534053459,0.19896031906856565,6.636689458910635e-06,2.306792159907949e-05,0.0002132797189241305,1.0900514458597323e-10,8.716481932619632e-11,2.1840325259776943e-11,4.320947689153001e-10,4.1778133136200665e-10,1.4313437553293448e-11,0.0009738187816894494,0.6293807887708913,2.648173493565245e-07,2.126944314928584e-10,1.2683019841916176e-09,8.306231210783256e-05,0.007786441200808508
74239,6000,102,154,54.75318,14.1397,357408000.0,9.002829760724691e-05,0.01631345352611023,3.264300712008659e-05,0.01623432261337037,4.648790561977332e-05,0.08557512601093989,0.07868879374168326,0.006886332269256584,0.20652000576908008,6.761200605332574e-06,2.3944198137925558e-05,0.00022059585720511716,1.1154327003984792e-10,8.862368932713908e-11,2.2919580712708884e-11,4.272441530870762e-10,4.133449572331981e-10,1.3899195853878142e-11,0.0010007155426455666,0.6313596121367007,2.541102875802208e-07,2.195674450071528e-10,1.312744868603302e-09,8.576196069709899e-05,0.008095212709221469
74240,6000,102,154,54.75345,14.12525,357408000.0,8.993115430667875e-05,0.016311963089688904,3.263616482984721e-05,0.016232841845359083,4.64850794999763e-05,0.08546780816301276,0.0785820511720081,0.006885756991004611,0.20648636872631523,6.753635573507586e-06,2.393902806928886e-05,0.00022052555994220535,1.1154219439749311e-10,8.860686855443074e-11,2.2935325843062412e-11,4.2599462863003313e-10,4.121558377438162e-10,1.3838790886217026e-11,0.0010005554238974065,0.6313296240721423,2.5289589395762636e-07,2.1943153855906755e-10,1.3132075750634207e-09,8.574138273018255e-05,0.008093917957901825
74241,6000,102,154,54.75523,14.15278,357408000.0,9.00695276859454e-05,0.016303078158173584,3.264121962487058e-05,0.016223951645578414,4.64852929703004e-05,0.08562653870619531,0.07874182912672668,0.006884709579468566,0.20646368001020293,6.764147467773001e-06,2.393837865579049e-05,0.00022055208532638192,1.1150383927846106e-10,8.861363371279767e-11,2.289020556566342e-11,4.2810346536948936e-10,4.1415917551792274e-10,1.3944289851566676e-11,0.0010004293218223487,0.6313602089270398,2.5503946331361167e-07,2.1956094605538207e-10,1.311849710972993e-09,8.574113087445624e-05,0.008093547291188784
74242,6000,102,154,54.75528,14.11359,357408000.0,8.984420409412942e-05,0.016310630554083924,3.263004069262739e-05,0.016231517962818052,4.6482550573251324e-05,0.08537175808296488,0.07848651558673021,0.006885242496234603,0.2064562838290165,6.746864141324053e-06,2.393440134510043e-05,0.0002204626469155775,1.1154123230887956e-10,8.859181245885415e-11,2.2949419850025444e-11,4.248761818750721e-10,4.110914593104548e-10,1.3784722564617379e-11,0.0010004121298029228,0.6313028055952111,2.518088805846262e-07,2.1930992275152407e-10,1.313621904468638e-09,8.572296949922263e-05,0.008092759134240169
74243,6000,102,154,54.75758,14.10225,357408000.0,8.979409228546325e-05,0.01632087597019257,3.263120344996378e-05,0.01624175985918107,4.648490756153854e-05,0.08531056299933383,0.0784237486533863,0.0068868143459474545,0.20650962889880334,6.743224833769154e-06,2.393975171600015e-05,0.00022050002525369792,1.1158056760173537e-10,8.860032891422036e-11,2.298023868751504e-11,4.2390248930532466e-10,4.1016838998522123e-10,1.3734099320103515e-11,0.0010006838099554784,0.6312995630906225,2.5076848961141055e-07,2.1930412208972498e-10,1.3145600940057766e-09,8.574194097789255e-05,0.008094306473107455
74244,6000,102,154,54.75886,14.13279,357408000.0,8.991449935789914e-05,0.016300700025634794,3.263030025711904e-05,0.016221588942355588,4.648078302208797e-05,0.08545527503664292,0.07857148341278959,0.006883791623853265,0.20641000578437305,6.7520745898825035e-06,2.3930128119987106e-05,0.00022043990206057674,1.1150212287886928e-10,8.858678982122498e-11,2.291533305764436e-11,4.2610937457174254e-10,4.1226148377488216e-10,1.3847890796860439e-11,0.001000173799184113,0.6313123580940125,2.5310143377453086e-07,2.193440649548503e-10,1.312588179168271e-09,8.570829257446966e-05,0.008091481052669058
74245,6000,102,154,54.76022,14.09113,357408000.0,8.974352521873412e-05,0.01633111477118647,3.263233419075985e-05,0.016251995185530683,4.6487251465030416e-05,0.08524886670700811,0.07836048310452355,0.006888383602484511,0.20656282187363137,6.739550027315655e-06,2.3945078067339464e-05,0.0002205370761177664,1.1161989802199702e-10,8.860876646657441e-11,2.3011131555422675e-11,4.229229328536793e-10,4.092397402422476e-10,1.3683192611431813e-11,0.0010009547455037456,0.6312961856709817,2.497223966484696e-07,2.192976918941531e-10,1.315500494550424e-09,8.576081736973305e-05,0.008095847761667682
74246,6000,102,154,54.76045,14.1479,357408000.0,9.001244263189376e-05,0.01630220959300542,3.263719981279857e-05,0.016223088757816025,4.648363537660021e-05,0.0855635087651669,0.07867913521841097,0.006884373546755889,0.2064440226367921,6.75970107228376e-06,2.3935344653994187e-05,0.0002205108147762739,1.115032105014093e-10,8.860374775600151e-11,2.2899462745407827e-11,4.273690397888678e-10,4.1346025361496913e-10,1.3908786173898691e-11,0.0010003353438037734,0.6313426973862855,2.5432562791062516e-07,2.1948122756978226e-10,1.3121224514867186e-09,8.572906505470951e-05,0.008092786790630191
74247,6000,102,154,54.7609,14.12134,357408000.0,8.986325919023937e-05,0.016310926519368683,3.2631383322580905e-05,0.016231812029557778,4.6483106488326493e-05,0.08539282586947469,0.07850746952589595,0.0068853563435786825,0.20646293600255217,6.74834761038947e-06,2.3935417524921914e-05,0.0002204764552825642,1.1154144494446434e-10,8.859511121507546e-11,2.2946333729388928e-11,4.2512120327004074e-10,4.1132463569636e-10,1.3796567573680835e-11,0.001000443594294787,0.631308742777596,2.5204698409215136e-07,2.1933665351609984e-10,1.3135315579037813e-09,8.572701914797761e-05,0.008093013276293784
74248,6000,102,154,54.76286,14.08004,357408000.0,8.969369185909121e-05,0.01634136539195332,3.2633516685673024e-05,0.01626224225831086,4.648961695678876e-05,0.08518798360442703,0.07829802624390222,0.0068899573605247545,0.2066162773407104,6.735932288742582e-06,2.3950443786579804e-05,0.00022057466092535637,1.1165923682264393e-10,8.861733095206694e-11,2.3041905870577047e-11,4.219528016186937e-10,4.083200600638093e-10,1.363274155488451e-11,0.00100122689920766,0.6312930433038909,2.4868545938396515e-07,2.1929229941880913e-10,1.3164374651149422e-09,8.577985123964276e-05,0.008097398855889469
74249,6000,102,154,54.76562,14.10982,357408000.0,8.979851828929552e-05,0.016320949760000536,3.263151598433698e-05,0.01624183320515118,4.6485038865022826e-05,0.0853154801290193,0.07842863793616067,0.006886842192858572,0.20651124966106568,6.743568781727673e-06,2.3939990609947545e-05,0.00022050325947235982,1.115806192884785e-10,8.860109413148879e-11,2.2979525156989744e-11,4.239592917547576e-10,4.10222446314567e-10,1.3736845440190807e-11,0.001000691197275871,0.6313010188585089,2.5082364773601034e-07,2.1931043172573507e-10,1.3145396894175438e-09,8.574290003803372e-05,0.008094365742350822
74250,6000,102,154,54.76587,14.1411,357408000.0,8.994391871434195e-05,0.01630116797130396,3.263237463207772e-05,0.01622205395061511,4.6481646056768865e-05,0.08548785334003596,0.07860388288609631,0.006883970453939572,0.20642044109149335,6.75436357336728e-06,2.393170325142782e-05,0.00022046127958974489,1.1150245617856261e-10,8.859188062773637e-11,2.2910575550826275e-11,4.26487426449832e-10,4.1262125929339337e-10,1.386616715643866e-11,0.00100022254968081,0.6313216918732479,2.5346872331927306e-07,2.1938555462618248e-10,1.3124499583284367e-09,8.571458506557567e-05,0.008091873945618342
74251,6000,102,154,54.76594,14.15882,357408000.0,9.003395782881168e-05,0.01629154578097533,3.2634025581016546e-05,0.01621243130015639,4.6480455237927164e-05,0.08559320743044017,0.07871056942058652,0.00688263800985359,0.2063810807796632,6.761110904633023e-06,2.3928483886602284e-05,0.0002204528511407456,1.1146356783263555e-10,8.859027564987264e-11,2.2873292182762953e-11,4.279744605347933e-10,4.1403285371003925e-10,1.3941606824754024e-11,0.0010000168470610847,0.6313374216284828,2.55007937515541e-07,2.1944742724955361e-10,1.3113228136190065e-09,8.570411028593456e-05,0.008090859271413165
74252,6000,102,154,54.76617,14.06842,357408000.0,8.959910457929388e-05,0.016339917647650453,3.2626854894801924e-05,0.016260803926056912,4.648686669874018e-05,0.08508350577029006,0.07819410758458527,0.006889398185704741,0.2065835774655668,6.728565877446838e-06,2.3945411723889752e-05,0.00022050623184451346,1.1165819106514305e-10,8.86009520774258e-11,2.3057238987717306e-11,4.207360789167319e-10,4.0716215652330945e-10,1.3573922393422564e-11,0.001001071047870409,0.6312638971393548,2.4750291733474346e-07,2.1916003835760412e-10,1.3168883969367342e-09,8.575982741734173e-05,0.008096138336316413
74253,6000,102,154,54.76678,14.0956,357408000.0,8.973247253782022e-05,0.01633094748588777,3.26315560022657e-05,0.016251828998978115,4.6486930907389004e-05,0.08523666713272661,0.07834834834617624,0.006888318786550324,0.2065590291157501,6.7386890168553046e-06,2.394449113234726e-05,0.00022052909012035493,1.1161977668225651e-10,8.86068521946869e-11,2.301292448756965e-11,4.2278071578712526e-10,4.091043982245459e-10,1.3676317562579492e-11,0.0010009365635269126,0.6312928085736728,2.495841596360437e-07,2.1928227464444962e-10,1.3155534037356983e-09,8.575848444375174e-05,0.008095700557079779
74254,6000,102,154,54.76894,14.12351,357408000.0,8.98449069607609e-05,0.016310661477082145,3.263009289895477e-05,0.016231548804463765,4.6482579719428135e-05,0.08537262889989264,0.0784873766398853,0.006885252260007278,0.20645682914769278,6.74691638849481e-06,2.3934450176863897e-05,0.00022046326290370231,1.1154124926145817e-10,8.859193017863094e-11,2.2949319082827272e-11,4.2488478487700274e-10,4.110996458911955e-10,1.3785138985807335e-11,0.0010004136034405433,0.6313033288216665,2.518170797815522e-07,2.1931130838180222e-10,1.3136208743185065e-09,8.572319197019616e-05,0.008092769454928265
74255,6000,102,154,54.77057,14.06174,357408000.0,8.960012517638401e-05,0.016361958087859906,3.263631104528189e-05,0.016282827252333088,4.649452448153791e-05,0.0850729463313683,0.0781798059248315,0.006893140406536732,0.20672526845565073,6.729172115765133e-06,2.396149866349424e-05,0.0002206542334122611,1.1173798099528393e-10,8.86355165928334e-11,2.3102464402450565e-11,4.2009104848481814e-10,4.0655541377243594e-10,1.3535634712382265e-11,0.0010017812277167385,0.6312886091586419,2.4668790405021086e-07,2.1929000592923187e-10,1.3182821050926354e-09,8.581920335086519e-05,0.008100582246152097
74256,6000,102,154,54.77077,14.08125,357408000.0,8.965166997145952e-05,0.016340722991597226,3.263055718518624e-05,0.016261604038962565,4.64883954494776e-05,0.08514157134925021,0.07825186219320465,0.006889709156045484,0.2066017616434508,6.732659547861385e-06,2.3948208657620237e-05,0.00022054426440258412,1.1165877258486283e-10,8.861005422435812e-11,2.3048718360504773e-11,4.214122363938647e-10,4.0780562697906597e-10,1.3606609414798826e-11,0.0010011576720475065,0.6312801065660093,2.481600736360882e-07,2.1923355599873828e-10,1.3166378887652092e-09,8.57709582016833e-05,0.008096838887264092
74257,6000,102,154,54.77141,14.15692,357408000.0,9.000655333110246e-05,0.016291142710698356,3.2632097675711115e-05,0.016212030947534192,4.647966548844997e-05,0.08556301409891622,0.07868053354115591,0.006882480557760235,0.20637185232923144,6.758974631597911e-06,2.3927035253952907e-05,0.00022043311270660373,1.1146327230684058e-10,8.858552700522919e-11,2.287774530161143e-11,4.2762158694710246e-10,4.1369703840712427e-10,1.3924548539978099e-11,0.000999971949014274,0.6313292262894481,2.5466484529279566e-07,2.1940943485181146e-10,1.3114553459176998e-09,8.569836869106809e-05,0.008090494839630752
74258,6000,102,154,54.77179,14.13992,357408000.0,8.995592050044944e-05,0.016312382104523127,3.2637914470384785e-05,0.01623325837318816,4.6485816864581354e-05,0.0854953511528307,0.0786094366403293,0.006885914512501356,0.20649552957387446,6.755559416619579e-06,2.394036829613349e-05,0.00022054368997376594,1.1154248640107586e-10,8.861114920223946e-11,2.2931337198836446e-11,4.2631234007923437e-10,4.1245818923945757e-10,1.3854150839776903e-11,0.00100059685616051,0.6313378629841107,2.532043589689776e-07,2.1946696699384506e-10,1.3130941027662307e-09,8.574677160242128e-05,0.008094249894818497
74259,6000,102,154,54.77251,14.09532,357408000.0,8.974286416648285e-05,0.016342129992818265,3.263698150109661e-05,0.01626300195943484,4.649105188233062e-05,0.08524235371995587,0.07835210233543623,0.006890251384519565,0.2066334562784804,6.739760324500829e-06,2.3953066555984823e-05,0.00022061029841966362,1.1165978592404935e-10,8.862584333319085e-11,2.3033942590858567e-11,4.2258506892017924e-10,4.0892176180005007e-10,1.3663307120129255e-11,0.001001308107713606,0.6313083773657358,2.492998685129913e-07,2.1936129607534848e-10,1.316204420932923e-09,8.57903046077917e-05,0.008098054718220796
74260,6000,102,154,54.7746,14.11311,357408000.0,8.97910376161083e-05,0.016320859914452354,3.263099242486527e-05,0.016241744090025836,4.6484832001655163e-05,0.08530733271331613,0.07842052788732701,0.006886804825989054,0.2065090331262583,6.74298314423396e-06,2.393960662163186e-05,0.00022049797901155523,1.115805478072926e-10,8.859979388933949e-11,2.2980753917953147e-11,4.2386252830600837e-10,4.101303599816342e-10,1.3732168324374292e-11,0.0010006792571297116,0.6312990886531765,2.5072940439484444e-07,2.1930046399239164e-10,1.3145781896598385e-09,8.574140647759996e-05,0.00809426721721291
74261,6000,102,154,54.77606,14.12739,357408000.0,8.98929699512108e-05,0.01632243777465376,3.263817390064676e-05,0.016243311797283864,4.6487803469251896e-05,0.08542000651767948,0.07853259417375323,0.0068874123439261956,0.2065445375388458,6.750919398559217e-06,2.3945039479672266e-05,0.00022057181618842883,1.1158168282795195e-10,8.861744114412333e-11,2.2964241683828658e-11,4.2517334947889273e-10,4.113778125903874e-10,1.3795536888505473e-11,0.0010008474877529175,0.6313307671823047,2.520032592111487e-07,2.194433490557615e-10,1.3140942774997231e-09,8.576304986951852e-05,0.00809562645782311
74262,6000,102,154,54.77686,14.08192,357408000.0,8.967014359796841e-05,0.016352033225117173,3.263655243937603e-05,0.01627290391951984,4.649275315795837e-05,0.08515620388151414,0.0782645132295856,0.0068916906519284945,0.20667904317782804,6.734359780294925e-06,2.395721632807087e-05,0.0002206313410692563,1.1169887301363005e-10,8.863044405747581e-11,2.3068428956154292e-11,4.2132046476662247e-10,4.077218441210884e-10,1.359862064553415e-11,0.0010015425958998954,0.6312982269445035,2.4797670729363127e-07,2.1932395884728942e-10,1.3172508392804997e-09,8.580450400199268e-05,0.008099300943707305
74263,6000,102,154,54.77766,14.14168,357408000.0,8.99589936125457e-05,0.016312454322419477,3.2638134285794725e-05,0.01623333027103822,4.6485917095465575e-05,0.08549886355690729,0.07861292387320383,0.006885939683703411,0.2064969695187818,6.755795637520737e-06,2.394054607097639e-05,0.00022054604745491455,1.1154253184308889e-10,8.861167636481429e-11,2.293085547827462e-11,4.263513236808504e-10,4.124952876196979e-10,1.3856036061152536e-11,0.0010006023137368843,0.6313391928583783,2.532420449721918e-07,2.1947176713202646e-10,1.3130823500751613e-09,8.574751417407115e-05,0.008094292039929708
74264,6000,102,154,54.77789,14.16882,357408000.0,9.012228562710786e-05,0.016303965765820657,3.264494610986385e-05,0.016224833958133966,4.6486861576827455e-05,0.08568518849472487,0.07880014474581043,0.006885043748914386,0.20648311993282945,6.768246332846784e-06,2.3941230827558185e-05,0.00022059068002188863,1.115044590420503e-10,8.862275350895498e-11,2.2881705533095375e-11,4.2878037563050297e-10,4.1480336027222026e-10,1.3977015358282786e-11,0.0010005175043428438,0.6313776838366647,2.5569671354771605e-07,2.1963631735919854e-10,1.3116074129277626e-09,8.575259221801611e-05,0.008094254160274246
74265,6000,102,154,54.77886,14.10207,357408000.0,8.97395200707781e-05,0.01633109246558753,3.263205733582569e-05,0.016251973256399082,4.6487151852622135e-05,0.0852446254242662,0.07835625465272006,0.006888370771546075,0.20656202192162554,6.73923328959535e-06,2.3944887114617313e-05,0.00022053438648996838,1.1161987149740522e-10,8.860806521361738e-11,2.3011806283787883e-11,4.228705650089814e-10,4.0918990294951547e-10,1.3680662059465996e-11,0.0010009487564172006,0.6312955445398758,2.496711864080985e-07,2.1929287050779955e-10,1.3155240764575326e-09,8.576011197470092e-05,0.008095796231744938
74266,6000,102,154,54.78029,14.15618,357408000.0,9.002703301760312e-05,0.016302508055892912,3.26382374889655e-05,0.01622338572633647,4.6484092067473705e-05,0.08557997678086657,0.07869549607943198,0.006884480701434525,0.20645019331200357,6.760828079078022e-06,2.3936163492772942e-05,0.0002205217707702471,1.1150340602785411e-10,8.860625938172596e-11,2.2897146646128186e-11,4.275550897299459e-10,4.1363730749200176e-10,1.3917782237944259e-11,0.0010003605601514596,0.631348335969968,2.545058471091237e-07,2.1950313032157856e-10,1.3120615416884538e-09,8.573242834351814e-05,0.008092984784475057
74267,6000,102,154,54.78105,14.11862,357408000.0,8.986003255018403e-05,0.016332962304680596,3.264054843081131e-05,0.016253831089406368,4.6490666843420534e-05,0.08537785777854022,0.07848876753633144,0.006889090242208728,0.20660406353566968,6.748615618276168e-06,2.3951312747413008e-05,0.00022062170593305116,1.1162121539750126e-10,8.862892833167927e-11,2.2992287065822046e-11,4.2442022667321953e-10,4.1066464975291333e-10,1.3755576920306283e-11,0.001001147720327252,0.6313330638261284,2.5117711106801707e-07,2.1946188779679648e-10,1.3149524598412867e-09,8.57857164652773e-05,0.008097403440265603
74269,6000,102,154,54.7829,14.13289,357408000.0,8.996536790434944e-05,0.016334597448565115,3.264797027831376e-05,0.016255455738783457,4.649373950334902e-05,0.0854943147849838,0.07860459546151478,0.006889719323468977,0.20664082233320383,6.7568162558406154e-06,2.3956929595116784e-05,0.00022069803272828798,1.1162239040847221e-10,8.86471638300202e-11,2.297522657845206e-11,4.257747095808752e-10,4.119536532509859e-10,1.3821056329889407e-11,0.0010013216394249116,0.6313658699985382,2.5249335926960864e-07,2.196096351123269e-10,1.3144529223929871e-09,8.580809925492991e-05,0.00809880827715416
74270,6000,102,154,54.78291,14.07171,357408000.0,8.966060001262001e-05,0.016373931544114147,3.264526717753877e-05,0.016294786164710553,4.650011222605856e-05,0.08513406729527756,0.07823869143113531,0.006895375864142171,0.20681737546987028,6.734140866613525e-06,2.3972752354412897e-05,0.00022077180433400788,1.1177855505833627e-10,8.866317539069989e-11,2.311537966763642e-11,4.2053911660615755e-10,4.069853730360482e-10,1.3553743570109448e-11,0.0010022356754221,0.631319981357852,2.470290484036258e-07,2.1943954555264338e-10,1.318697163285308e-09,8.586171504633047e-05,0.008103604995646224
74271,6000,102,154,54.78323,14.17224,357408000.0,9.010820776098905e-05,0.016292767466918302,3.2639266435839805e-05,0.016213645549515168,4.648265096729399e-05,0.08567562052862833,0.07879251986927473,0.006883100659353541,0.2064080275434496,6.766882922362059e-06,2.3932482343330788e-05,0.00022050702151270866,1.1146442754482474e-10,8.860311601753845e-11,2.286131152728632e-11,4.2892772147235633e-10,4.1494002958111987e-10,1.398769189123657e-11,0.0010001405220806656,0.6313615970064697,2.559337338787462e-07,2.1955295308232528e-10,1.3109786451404878e-09,8.572014013557754e-05,0.008091852796401108
74272,6000,102,154,54.78616,14.14648,357408000.0,9.002982504488238e-05,0.016324601830530704,3.2647821916697274e-05,0.016245462195931922,4.649181268208719e-05,0.08557149682451888,0.07868325613699755,0.00688824068752128,0.20659288983295457,6.761569035439293e-06,2.3952359547418504e-05,0.00022067119366259033,1.1158322748212689e-10,8.864112545276893e-11,2.2942102029358002e-11,4.269322761199791e-10,4.130517068587654e-10,1.3880569261213849e-11,0.0010010740690669813,0.6313739925771206,2.5371221570587284e-07,2.1963609866825356e-10,1.3134498224249262e-09,8.579227508649478e-05,0.008097453541723833
74274,6000,102,154,54.78688,14.11204,357408000.0,8.984995059495908e-05,0.01634384923269035,3.2644534357920747e-05,0.01626471049812962,4.649420020281219e-05,0.08536101327415918,0.07847010652090261,0.006890906753256511,0.20667167944317866,6.748090255168767e-06,2.3958809062833896e-05,0.00022068819746444662,1.1166100638255903e-10,8.864437071446971e-11,2.3016635668089374e-11,4.2396083137953174e-10,4.102310146349355e-10,1.3729816744596413e-11,0.0010014858085469261,0.6313425943762258,2.506363378284639e-07,2.1951263641692733e-10,1.3157031291323248e-09,8.58132674288287e-05,0.008099485601186673
74275,6000,102,154,54.7878,14.08759,357408000.0,8.978274733014199e-05,0.01637584637978321,3.2653876092071306e-05,0.016296688820312263,4.650368337888016e-05,0.08526919899481268,0.07837308843981766,0.006896110554994954,0.20686028173048152,6.7436480475634535e-06,2.3979276291643727e-05,0.00022086041298041107,1.1177992612788296e-10,8.86843176479207e-11,2.3095608479962307e-11,4.221093738336172e-10,4.0847971923864933e-10,1.362965459496797e-11,0.0010024376455879014,0.631358308142736,2.485548294583962e-07,2.1961124782711214e-10,1.318120051481537e-09,8.58877386050477e-05,0.008105234935754744
74276,6000,102,154,54.78791,14.1226,357408000.0,8.992913352258624e-05,0.016345077343776326,3.265011338319852e-05,0.016265930720862614,4.649650953051217e-05,0.08544855161621968,0.07855717226423169,0.006891379351987934,0.20669929591228758,6.75425498809246e-06,2.3963030769158703e-05,0.00022074556834690825,1.1166188918044983e-10,8.865807895429972e-11,2.3003810226150175e-11,4.2497904939952196e-10,4.112000092380962e-10,1.3779040161425831e-11,0.001001616530767553,0.6313672393417022,2.516258218666876e-07,2.1962368012591715e-10,1.315327493400425e-09,8.583008918585358e-05,0.008100541598026773
74277,6000,102,154,54.78965,14.15993,357408000.0,9.00951372849278e-05,0.016314622250198328,3.26477341752525e-05,0.016235484604025078,4.64899119980012e-05,0.08564963719370983,0.07876286926661756,0.006886767927092206,0.20654529717332332,6.766388045293155e-06,2.3947836664442446e-05,0.00022064498894236442,1.11544075352814e-10,8.863523456224032e-11,2.2908840790573735e-11,4.2810077810997306e-10,4.141601671948255e-10,1.3940610915147625e-11,0.001000827953808744,0.6313824235008022,2.5494167667509825e-07,2.1966381682836115e-10,1.3124429853429745e-09,8.577664271685803e-05,0.008096110341331234
74278,6000,102,154,54.79054,14.13623,357408000.0,9.003327813092417e-05,0.016346701236599454,3.265745230136474e-05,0.016267544233717988,4.649955058009942e-05,0.08556372603476503,0.07867172270106002,0.006892003333704957,0.20673574762140515,6.762362029143017e-06,2.39685882253427e-05,0.0002208210708787465,1.1166305420216092e-10,8.867610688142674e-11,2.2986947320734234e-11,4.263180635588399e-10,4.124742915984146e-10,1.3843771960425352e-11,0.0010017885970043533,0.6313997846552563,2.529269798001771e-07,2.197699017455829e-10,1.3148344353098605e-09,8.585224538061565e-05,0.008101930896342032
74280,6000,102,154,54.79206,14.10467,357408000.0,8.984262408547671e-05,0.01635478158086467,3.264871478643665e-05,0.016275635050995805,4.649781508243216e-05,0.0853472275422726,0.07845448708579807,0.006892740456474473,0.20674029659905596,6.747779083787548e-06,2.3966453809663713e-05,0.00022075669972269145,1.1170082930963581e-10,8.86602895922231e-11,2.304053971741277e-11,4.2353681019233306e-10,4.09831043472453e-10,1.3705766719880148e-11,0.001001828487694855,0.6313530233451543,2.501299188578256e-07,2.195673028002955e-10,1.3164410357282283e-09,8.584141356960584e-05,0.00810160463615295
74281,6000,102,154,54.79249,14.17732,357408000.0,9.022712431179224e-05,0.016316677165713805,3.265703469030454e-05,0.016237526366315463,4.649376470803717e-05,0.0857955881913594,0.07890803033129179,0.006887557860067579,0.206591447318843,6.776662838670448e-06,2.3954878105165744e-05,0.0002207406600039716,1.1154555041752939e-10,8.865808276077507e-11,2.2887467656754358e-11,4.2979783715396226e-10,4.157751856016885e-10,1.4022651552273866e-11,0.0010010459721508775,0.6314236222334387,2.565907820075197e-07,2.1984906767021157e-10,1.3118177527226623e-09,8.58047108522609e-05,0.00809787091262083
74282,6000,102,154,54.79349,14.14972,357408000.0,9.013758577776196e-05,0.016348330472124147,3.2664803084056515e-05,0.016269163071440093,4.650259759999899e-05,0.0856790938767881,0.07878646480560285,0.006892629071185217,0.20677229838302044,6.770481415724621e-06,2.397415597038473e-05,0.00022089670653937485,1.1166422232285862e-10,8.869416247721333e-11,2.2970059845645346e-11,4.27659113073193e-10,4.137505108448748e-10,1.3908602228318298e-11,0.0010019609764309006,0.631432423505101,2.5423009301888025e-07,2.1991640821785905e-10,1.3143409276288837e-09,8.587444649303543e-05,0.008103322502084873
74284,6000,102,154,54.79523,14.16548,357408000.0,9.018200261733099e-05,0.01632700930113033,3.265855028819496e-05,0.016247854479584878,4.649627125725886e-05,0.08573995345370457,0.07885079136747039,0.006889162086234131,0.20664667256842367,6.773410880957745e-06,2.396049981740892e-05,0.0002207817035640902,1.115849455896958e-10,8.866746126578013e-11,2.29174843239157e-11,4.2888811009829466e-10,4.149129892781004e-10,1.3975120820194289e-11,0.0010013260363167418,0.6314220746393628,2.5561247646197074e-07,2.198504512401449e-10,1.3127333426713904e-09,8.5824776504984e-05,0.008099485241552738
74286,6000,102,154,54.79562,14.11767,357408000.0,8.994690928916551e-05,0.016356416458763443,3.265606479093746e-05,0.01627725952993741,4.6500864035095355e-05,0.08546259863285578,0.07856923090668715,0.006893367726168584,0.20677692934710876,6.755895982845542e-06,2.397202375637623e-05,0.0002208323510577162,1.1170199990774346e-10,8.867834011740788e-11,2.3023659790335617e-11,4.24877440896883e-10,4.111068639973009e-10,1.3770576899582123e-11,0.0010020009238041144,0.6313857463055219,2.514325769056813e-07,2.1971389746405153e-10,1.3159483239224147e-09,8.586363180138915e-05,0.008102996225973486
74287,6000,102,154,54.798,14.13151,357408000.0,9.005395264718977e-05,0.016358084863528227,3.266360788760968e-05,0.016278917266208545,4.650398943207167e-05,0.08558097558417532,0.0786869666996175,0.0068940088845577735,0.20681438534435267,6.764228759323611e-06,2.3977735508293397e-05,0.0002209099514547176,1.1170319704358854e-10,8.869686996788089e-11,2.3006327075707715e-11,4.262537399703258e-10,4.124166288298202e-10,1.3837111140505605e-11,0.0010021777685592784,0.6314191870299397,2.527699711735267e-07,2.198641752706115e-10,1.3154414630076883e-09,8.58864021780377e-05,0.00810442416135283
74290,6000,102,154,54.80147,14.15004,357408000.0,9.016096975922934e-05,0.016348752081415698,3.266645855929802e-05,0.016269582317823633,4.650330503276864e-05,0.08570522137231762,0.07881243634504066,0.006892785027276886,0.2067813374708134,6.772294678024801e-06,2.3975436136327235e-05,0.0002209139632249168,1.1166450985894819e-10,8.869819908002467e-11,2.29663107789236e-11,4.279585281923207e-10,4.1403544986989493e-10,1.3923078322425778e-11,0.001002000502852567,0.6314405976701988,2.545205847345176e-07,2.1995037834781195e-10,1.3142367781407535e-09,8.587962953197591e-05,0.008103637142451133
74291,6000,102,154,54.80177,14.1645,357408000.0,9.026585166189027e-05,0.016350370562101955,3.267384716671952e-05,0.01627119035462656,4.650636030867789e-05,0.08582113196979271,0.07892772324617785,0.006893408723614806,0.20681779373433018,6.780461202419585e-06,2.398102334485642e-05,0.0002209899101391303,1.1166567542953493e-10,8.87163579816721e-11,2.2949317447862892e-11,4.2930738946845327e-10,4.1531910375567475e-10,1.3988285712778558e-11,0.0010021735226657534,0.631473116264584,2.558314474000754e-07,2.200972973835075e-10,1.3137382835303678e-09,8.59018808037476e-05,0.008105035476467641
74292,6000,102,154,54.80214,14.17978,357408000.0,9.034005931389296e-05,0.016340507578625634,3.267438330830446e-05,0.01626132848549225,4.6504709825084806e-05,0.0859090063030817,0.07901702319168348,0.00689198311139818,0.2067729831254811,6.785975399054336e-06,2.3976962606247573e-05,0.00022097003654574657,1.1162661274377686e-10,8.871201130303755e-11,2.2914601440739364e-11,4.305907425869474e-10,4.165368635699842e-10,1.4053879016963217e-11,0.0010019417583775438,0.6314839908476113,2.5717269028064545e-07,2.20137063327415e-10,1.3126867882689737e-09,8.58880601146075e-05,0.008103809895900344
74293,6000,102,154,54.80369,14.13836,357408000.0,9.012342657771204e-05,0.016359203066737157,3.2668508295153756e-05,0.0162800285252715,4.6506033170502035e-05,0.08565797096548355,0.07876353611612294,0.0068944348493605615,0.20683922548426326,6.769632578563485e-06,2.3981462645948874e-05,0.00022096050466733553,1.1170399011864562e-10,8.870888932700853e-11,2.2995100791637146e-11,4.2714622524267525e-10,4.132659678726171e-10,1.3880257370058225e-11,0.0010022930987794007,0.6314414287206138,2.5363694347358344e-07,2.1996241593459018e-10,1.3151165670090834e-09,8.590130995860708e-05,0.008105352601615847
74294,6000,102,154,54.8046,14.11077,357408000.0,9.001184834791994e-05,0.016379517927128055,3.26700338112766e-05,0.0163003374772622,4.6510416054578105e-05,0.0855230286790532,0.07862551786181671,0.006897510817236438,0.20694195753621278,6.761469941037728e-06,2.399155808385025e-05,0.00022102703524245834,1.1178253417546489e-10,8.872395648723739e-11,2.3058577688227545e-11,4.250528275058819e-10,4.1128087526567637e-10,1.3771952240205544e-11,0.0010028177160066847,0.6314314117582818,2.5141426829358e-07,2.1993489396549996e-10,1.3170468268467408e-09,8.593684121913001e-05,0.008108295858757896
74295,6000,102,154,54.80701,14.15938,357408000.0,9.028488827583806e-05,0.01636171791498599,3.26798858932562e-05,0.016282527282395654,4.6510746697085396e-05,0.08583651986621475,0.07894111839095565,0.006895401475259062,0.20689569722983267,6.7822017580742855e-06,2.399007713504489e-05,0.00022107754604498679,1.1170579506060128e-10,8.873683966332632e-11,2.2968955397275003e-11,4.2922224028317866e-10,4.1524162244316364e-10,1.398061784001508e-11,0.0010025598201329376,0.6314918435513954,2.5565428830116704e-07,2.2018905681595333e-10,1.3143518302462345e-09,8.593564992503057e-05,0.00810750638389993
74296,6000,102,154,54.80721,14.12585,357408000.0,9.005308080651132e-05,0.016358154176230377,3.266355756498434e-05,0.016278986618883398,4.650399978199199e-05,0.08558039975277816,0.0786863730324027,0.0068940267203754105,0.20681532320053464,6.764150647061143e-06,2.397773601554094e-05,0.00022090976136843706,1.1170322504056148e-10,8.869670264488851e-11,2.300652239567302e-11,4.262407283763644e-10,4.1240424406386996e-10,1.3836484312494509e-11,0.0010021776253778811,0.6314201753290198,2.5275666054558017e-07,2.1986460732961176e-10,1.3154551318982351e-09,8.588651961433468e-05,0.008104416452899613
74297,6000,102,154,54.8097,14.1757,357408000.0,9.041071564693539e-05,0.01636367887445844,3.268875262649635e-05,0.016284475701385925,4.651442044601911e-05,0.08597566863476089,0.07907951355090921,0.006896155083851639,0.2069397227578101,6.791996800536362e-06,2.3996791064097794e-05,0.00022116876263166498,1.117072021712386e-10,8.875862118274543e-11,2.294858098849323e-11,4.308400576226439e-10,4.167812298624168e-10,1.4058827760227007e-11,0.0010027676942737335,0.6315311491582233,2.572263754205764e-07,2.2036570108675677e-10,1.313756000118256e-09,8.596241526161825e-05,0.008109184883678322
74298,6000,102,154,54.81242,14.15515,357408000.0,9.031660566294038e-05,0.016373266652415258,3.2686818705641806e-05,0.016294064328762615,4.6515504947004156e-05,0.08586594867039289,0.0789684774494687,0.006897471220924156,0.20697809396406844,6.784928984891993e-06,2.3999809682556345e-05,0.0002211743947278531,1.1174605821143122e-10,8.875951572351822e-11,2.2986542487913056e-11,4.293000515781949e-10,4.1531922353561567e-10,1.398082804257925e-11,0.0010029671258206395,0.6315145892121256,2.556354530907515e-07,2.2029869342910138e-10,1.314905762522362e-09,8.597213017426654e-05,0.00811014662698702
74299,2300,67,93,54.58397,12.63,110553293.342675,0.00011103673978421064,0.01647226129985484,3.429373154304815e-05,0.01638379922429107,5.416834402072773e-05,0.1091984049628954,0.10212268288654784,0.007075722076347596,0.21126868523796738,8.339559214968463e-06,2.447342260340761e-05,0.00022921955759164965,1.1100427839826965e-10,9.252020812641049e-11,1.8484070271859287e-11,7.198262663305451e-10,6.918163505929785e-10,2.8009915737566477e-11,0.0010537991729938831,0.7697997637178109,5.406368699438807e-07,2.376633970767182e-10,1.2580462430021718e-09,8.960905907458527e-05,0.008576155530731077
74300,2300,67,93,54.58936,12.63,110553293.342675,0.00011124672260906339,0.016475616762259317,3.4308533807764285e-05,0.016387133722556,5.4174505895559886e-05,0.10943093480089156,0.1023539325871413,0.007077002213750251,0.2113433737691973,8.355889794181545e-06,2.4484704053116125e-05,0.0002293725444621848,1.1100666280336958e-10,9.255652944190694e-11,1.845013336146276e-11,7.225234119863329e-10,6.943831050789762e-10,2.8140306907356584e-11,0.001054147171610678,0.7698664833618493,5.43257155696879e-07,2.3795971298171027e-10,1.257063307365514e-09,8.965410777977814e-05,0.008578959373853822
74301,2300,67,93,54.59475,12.63,110553293.342675,0.00011145829291043591,0.016478998369635983,3.4323448082349216e-05,0.016390494206863403,5.418071469023587e-05,0.10966522621443972,0.10258693396913211,0.0070782922453076404,0.21141863860626844,8.372343737035835e-06,2.4496071231739237e-05,0.00022952669206030408,1.1100906558871095e-10,9.259312519391647e-11,1.8415940394794622e-11,7.252409312517274e-10,6.969692482095288e-10,2.82716830421986e-11,0.0010544978132763572,0.7699337192341368,5.458972282187299e-07,2.3825828457792915e-10,1.2560730301745546e-09,8.969949989480139e-05,0.008581784450910658
74302,2300,67,93,54.59503,12.64239,110553293.342675,0.00011123286807875483,0.01647554917793927,3.430757779464034e-05,0.016387067434366707,5.4174165777927796e-05,0.10941631321709773,0.10233935268562507,0.007076960531472688,0.21134075191596577,8.354793317611495e-06,2.448404690467805e-05,0.00022936326983031475,1.1100657551744812e-10,9.255410257623486e-11,1.845247294121341e-11,7.223421145184486e-10,6.942105682155959e-10,2.813154630285257e-11,0.0010541266179168941,0.7698644204101662,5.430797865745483e-07,2.3794323492953124e-10,1.257145858071126e-09,8.965169730730352e-05,0.00857878165630375
74303,2300,67,93,54.60014,12.63,110553293.342675,0.00011179187113193219,0.016519855188708816,3.436212532475066e-05,0.01643129025944649,5.4202803937585225e-05,0.11001541856803093,0.10292907406030617,0.007086344507724801,0.211764634814371,8.399150324332059e-06,2.4539848710124274e-05,0.0002300071828462181,1.1114177817555723e-10,9.270643298057825e-11,1.8435345194979128e-11,7.284638857496533e-10,7.000478781013319e-10,2.8416007648321332e-11,0.0010561948280810494,0.7700780741621377,5.487244316006253e-07,2.389353522428247e-10,1.2567624955367624e-09,8.986637124149739e-05,0.00859339710931674
74304,2300,67,93,54.60042,12.64239,110553293.342675,0.0001115689710861809,0.016516446914778705,3.434643309290471e-05,0.01642790415232427,5.419632936154025e-05,0.10976930413870478,0.1026842757935106,0.007085028345194221,0.21168765474482065,8.381796189394992e-06,2.4527960353183625e-05,0.0002298456031451835,1.1113931703450339e-10,9.266784696899088e-11,1.8471470065512657e-11,7.255974864481421e-10,6.973200483313886e-10,2.8277438116753512e-11,0.0010558278259367464,0.7700095862660907,5.459384789887368e-07,2.386238768658157e-10,1.2578235707044044e-09,8.98191124004088e-05,0.008590428054572908
74305,2300,67,93,54.60447,12.65508,110553293.342675,0.00011149831911718633,0.016515478673582436,3.434147420480251e-05,0.01642694287383356,5.4194325544078406e-05,0.1096918190187551,0.10260717668238231,0.007084642336372825,0.21166493486990925,8.376281659649711e-06,2.4524255668738745e-05,0.0002297949847074599,1.1113858796437004e-10,9.265559431787113e-11,1.848299364649904e-11,7.24686497554125e-10,6.964530961579943e-10,2.8233401396130557e-11,0.0010557132522002325,0.7699895822624391,5.450521563433011e-07,2.3852738830145953e-10,1.2581727914281331e-09,8.980454226174035e-05,0.008589492265221784
74306,2300,67,93,54.60553,12.63,110553293.342675,0.0001120064751109527,0.016523286802843977,3.43772536567435e-05,0.01643470044677205,5.4209102415191605e-05,0.11025307656761552,0.10316542310842763,0.007087653459187926,0.21184100162851738,8.415840010504509e-06,2.4551379741933973e-05,0.00023016354883407926,1.1114421610548716e-10,9.27435531738857e-11,1.8400662931601593e-11,7.312203381653991e-10,7.02671072152397e-10,2.8549266013002042e-11,0.0010565505213113967,0.7701462972122214,5.514023154928435e-07,2.392382353492669e-10,1.2557581936003148e-09,8.991241977395524e-05,0.008596262766616515
74307,2300,67,93,54.60581,12.64239,110553293.342675,0.00011178606423539141,0.01651991886936818,3.436173696901171e-05,0.016431354431272433,5.420270112674295e-05,0.11000972122796764,0.10292336859940963,0.007086352628558063,0.21176491538890507,8.39867939119285e-06,2.4539625436998202e-05,0.00023000378566989942,1.1114178348649075e-10,9.270539760945654e-11,1.8436385877034336e-11,7.2838589900347e-10,6.999736574218681e-10,2.8412241581601694e-11,0.0010561876532292234,0.7700786088031455,5.486474077182781e-07,2.3893028382124043e-10,1.2568076818157259e-09,8.986569700855463e-05,0.008593326975781298
74308,2300,67,93,54.60956,12.65475,110553293.342675,0.00011171257972898719,0.016518902065375034,3.4356577964984914e-05,0.016430344874645973,5.420061276408276e-05,0.10992908396639209,0.10284313553270055,0.00708594843369156,0.21174113853941237,8.392944979635951e-06,2.4535766702204388e-05,0.00022995108595687513,1.1114102074970877e-10,9.269265565881028e-11,1.8448365090898643e-11,7.274385989839289e-10,6.990721496400495e-10,2.8366449343879253e-11,0.001056068333569044,0.7700576546097018,5.47725835257034e-07,2.3882973222024544e-10,1.2571697820599936e-09,8.985050713809002e-05,0.008592353208191293
74309,2300,67,93,54.61092,12.63,110553293.342675,0.00011222252836798475,0.01652674232850891,3.4392484253250616e-05,0.016438134400509247,5.421544374642332e-05,0.11049234298764728,0.10340337153232723,0.00708897145532009,0.2119178952169436,8.43264231557516e-06,2.4562989063649432e-05,0.00023032097472888585,1.1114667083496508e-10,9.278092390408129e-11,1.836574693088395e-11,7.339953896307189e-10,7.053119660782141e-10,2.8683423552504905e-11,0.0010569086281657708,0.7702149921982531,5.540982623648978e-07,2.395431786281328e-10,1.2547471941359549e-09,8.995878197622029e-05,0.008599147811337162
74310,2300,67,93,54.61119,12.64239,110553293.342675,0.00011200416448034699,0.016523407653982004,3.437711193690547e-05,0.01643482143928195,5.420910276315841e-05,0.11025125700293889,0.10316357374639348,0.007087683256545448,0.21184254529462637,8.415640824843871e-06,2.455134504539409e-05,0.00023016270585857253,1.1114426170985308e-10,9.27431223043866e-11,1.840113940546664e-11,7.311872312916522e-10,7.026395616324373e-10,2.8547669659214706e-11,0.0010565491610859217,0.7701479625410526,5.513688820783352e-07,2.3923812665547866e-10,1.2557871634760102e-09,8.991250036599395e-05,0.008596239379335343
74311,2300,67,93,54.61281,12.66714,110553293.342675,0.00011162586430009311,0.016517675827362296,3.435048654419009e-05,0.016429127203813097,5.4198137005018e-05,0.10983380443843412,0.1027483403063845,0.007085464132049654,0.21171268546794028,8.386181339659643e-06,2.4531198257745737e-05,0.0002298887572228915,1.1114010867976109e-10,9.267762472469655e-11,1.846248395506469e-11,7.263213097602055e-10,6.980088705821935e-10,2.8312439178011888e-11,0.001055927117850373,0.7700325267392162,5.466391016971108e-07,2.3871054968662776e-10,1.2575940458516028e-09,8.983248604587727e-05,0.008591202865987626
74312,2300,67,93,54.61494,12.65475,110553293.342675,0.00011193399064380973,0.016522444776410187,3.437218644827641e-05,0.016433865477969076,5.420711199284355e-05,0.11017429068843299,0.10308699115909994,0.007087299529333078,0.21181996134986406,8.410163761138684e-06,2.4547664758165957e-05,0.00023011242364444874,1.111435370322982e-10,9.273095280731263e-11,1.84125842249857e-11,7.302824332830377e-10,7.017785011116216e-10,2.8503932171416128e-11,0.0010564353441138432,0.7701280758320689,5.504885922247952e-07,2.391422673200888e-10,1.2561338840773103e-09,8.989802448711826e-05,0.00859530986661748
74313,2300,67,93,54.61658,12.64239,110553293.342675,0.00011222403975769429,0.01652692554566485,3.4392612131302094e-05,0.01643831737672549,5.421555680806701e-05,0.11049476188431577,0.10340573697194645,0.0070890249123693695,0.21192081769310123,8.43274021286954e-06,2.4563160439417287e-05,0.00023032292323573638,1.1114676042726616e-10,9.278115388481027e-11,1.8365606542456034e-11,7.340113470300003e-10,7.053271478273916e-10,2.8684199202608813e-11,0.0010569136222749883,0.7702178915688066,5.541124846568078e-07,2.3954848915019394e-10,1.2547584216016112e-09,8.995968724279141e-05,0.008599175519549923
74314,2300,67,93,54.61819,12.66714,110553293.342675,0.00011185041023472815,0.01652126957858192,3.436631615017521e-05,0.01643269853379432,5.420472863743418e-05,0.11008248722497918,0.10299565262255041,0.007086834602428819,0.21179263751588995,8.403643818335901e-06,2.454326527935792e-05,0.00023005238401328974,1.1114266099087388e-10,9.271646395978927e-11,1.8426197031084766e-11,7.292053916403844e-10,7.00753523875468e-10,2.8451867764916296e-11,0.0010562993387407767,0.7701039584276653,5.494409517257901e-07,2.3902752759838807e-10,1.2565435813128145e-09,8.9880679413345e-05,0.008594201430121587
74315,2300,67,93,54.62033,12.65475,110553293.342675,0.0001121571192108219,0.016526015666225545,3.438791611165792e-05,0.016437414088172512,5.421366194138328e-05,0.1104214029221785,0.10333274162234218,0.007088661299836376,0.21189940607309762,8.427516035903295e-06,2.455965551052404e-05,0.00023027501665453436,1.1114607315219495e-10,9.27695469183429e-11,1.8376526233852195e-11,7.331483142535267e-10,7.04505833408025e-10,2.8642480845501614e-11,0.0010568052127184757,0.7701990539394524,5.532727617195161e-07,2.394572408815552e-10,1.2550900298500183e-09,8.99459130038992e-05,0.008598289494984035
74316,2300,67,93,54.62175,12.6795,110553293.342675,0.00011190852870592366,0.016557885411562123,3.438559704569176e-05,0.016469281010454605,5.4218804061834877e-05,0.1101283954395695,0.10303514316577621,0.007093252273793315,0.21204306635056236,8.409007762406419e-06,2.4572334668218995e-05,0.00023033303998112368,1.1127231887629932e-10,9.278209291724253e-11,1.8490225959056922e-11,7.288866824842405e-10,7.004617045251759e-10,2.8424977959064546e-11,0.0010575423579881906,0.7701632343515326,5.48826123224037e-07,2.393190939600339e-10,1.2585409810240644e-09,8.99890422250077e-05,0.008602143558027077
74317,2300,67,93,54.62358,12.66714,110553293.342675,0.00011219708722385438,0.01656234046044688,3.440591739752337e-05,0.01647370733873454,5.4227204314822996e-05,0.11044720707938668,0.10335223903858956,0.00709496804079715,0.2121433640022011,8.431468523754591e-06,2.458774918858875e-05,0.00023054244344386903,1.1127552447953585e-10,9.283203653805818e-11,1.8443487941477812e-11,7.32596491423005e-10,7.03992170088385e-10,2.8604321334619974e-11,0.0010580181360751542,0.7702525475556986,5.524314705754766e-07,2.397231743661666e-10,1.2571722773280721e-09,9.005037825124981e-05,0.008605989217479716
74318,2300,67,93,54.62714,12.6795,137006400.0,9.039603050694264e-05,0.013362401890782397,2.77531243986903e-05,0.013290895718976153,4.3753047407561925e-05,0.0889697218295716,0.08324545579233983,0.005724266037231793,0.17113545026979635,6.792770505144226e-06,1.9833007054356995e-05,0.00018592944081031204,8.978900229987321e-11,7.488417432613506e-11,1.4904827973738253e-11,5.893707058251006e-10,5.66375170100131e-10,2.2995535724969454e-11,0.0008535095767884095,0.6214905416023112,4.4404153451747096e-07,1.9324496381889262e-10,1.0150979609717378e-09,7.2634296919764e-05,0.0069425116016974256
74319,2300,67,93,54.63067,12.69189,137006400.0,9.018436161345954e-05,0.01335912072834968,2.7738216858447806e-05,0.01328763563170248,4.374687978875961e-05,0.08873579920213742,0.08301279542122711,0.0057230037809103676,0.17106167997034152,6.7762962948844575e-06,1.9821692414948707e-05,0.00018577576485247696,8.97866448497271e-11,7.48475413501033e-11,1.4939103499623896e-11,5.866497037265399e-10,5.637857098149761e-10,2.2863993911563588e-11,0.0008531603683155888,0.6214248259774902,4.4139725721480075e-07,1.9294829120866974e-10,1.01610043829569e-09,7.258925630411372e-05,0.006939690035809024
74356,3600,78,120,54.98018,13.17466,214444800.0,8.521027388700641e-05,0.014670561576219357,2.9535141178763542e-05,0.014596288042094332,4.473839294626745e-05,0.08143671724101062,0.0752680336700378,0.006168683570972782,0.18572220338053774,6.358070755812004e-06,2.1393731748620766e-05,0.0001970298264857767,9.885133070299193e-11,7.978767376996137e-11,1.906365693303067e-11,4.5184395553312975e-10,4.3605058546785643e-10,1.579337006527335e-11,0.000910368745009667,0.6238335958296715,2.960088301589218e-07,1.96928305276198e-10,1.1692232322718645e-09,7.712857108625256e-05,0.007472102709579606
74358,3600,78,120,54.98256,13.16228,214444800.0,8.495171354268851e-05,0.01466619179577022,2.9516875478642296e-05,0.014591944223415764,4.473069687582005e-05,0.08114918928033173,0.07498214891909148,0.006167040361240215,0.18562663496536222,6.337985146487036e-06,2.137974240904367e-05,0.0001968405733731246,9.884828433606506e-11,7.974298264436827e-11,1.9105301691696904e-11,4.4852692818453674e-10,4.328939217012385e-10,1.5633006483298327e-11,0.0009099362644587925,0.6237476534874897,2.927883007651557e-07,1.9655852559162864e-10,1.1704084362768522e-09,7.707232835852778e-05,0.007468637495986638
74363,3600,78,120,54.98549,13.17189,214444800.0,8.482862418409943e-05,0.014591132497089258,2.9476957661378e-05,0.014516953744588144,4.470179483974062e-05,0.08105331262774779,0.07489938693192769,0.006153925695820079,0.1851165640696395,6.326613408057667e-06,2.1319888461494615e-05,0.00019626193058946466,9.858110426248681e-11,7.960699471512717e-11,1.8974109547359752e-11,4.4913219886124424e-10,4.33446241074605e-10,1.568595778663948e-11,0.0009073755567890169,0.6236320607515061,2.9400164324375913e-07,1.9596275131745773e-10,1.1663610430344767e-09,7.684995080713075e-05,0.007452240836017169
74364,3600,78,120,54.98553,13.12704,214444800.0,8.42233855193504e-05,0.014635580220399421,2.9457610256403288e-05,0.014561419926527257,4.470268361576752e-05,0.0803492437408717,0.07418993123631515,0.006159312504556517,0.18524042248566122,6.280961492367017e-06,2.1327005088405894e-05,0.0001961850292230325,9.877324439217903e-11,7.958842736879975e-11,1.9184817023379395e-11,4.3973067635663416e-10,4.245170089350937e-10,1.5213667421540622e-11,0.0009081284183308483,0.6234860178388811,2.844048325225686e-07,1.9541081998588125e-10,1.1725874370479917e-09,7.686478877864359e-05,0.007455186990041734
74365,3600,78,120,54.98588,13.13821,214444800.0,8.447257529694916e-05,0.014658079071718092,2.9483025282662593e-05,0.01458387961766417,4.4716428771262924e-05,0.08061630048787145,0.07445230935408424,0.0061639911337871885,0.18544931097674583,6.300766362011263e-06,2.135381020394503e-05,0.00019648978797150323,9.884263224509806e-11,7.966016849126405e-11,1.9182463753834138e-11,4.4238047173091705e-10,4.270446195952249e-10,1.5335852135692235e-11,0.0009091345986284697,0.6235881643499612,2.868207767529459e-07,1.9587298546487023e-10,1.172603002368887e-09,7.696804983688756e-05,0.007462215394218903
74367,3600,78,120,54.9883,13.15935,214444800.0,8.44973626813607e-05,0.01456728211244463,2.944574953294559e-05,0.014493150740760645,4.4685622151049256e-05,0.08069515566159324,0.07454642030175027,0.006148735359842961,0.18487787289072224,6.30042861471707e-06,2.1288663023016752e-05,0.0001958972888089645,9.85107656081524e-11,7.952106079542532e-11,1.8989704812727215e-11,4.454287471213934e-10,4.2991591272764635e-10,1.551283439374723e-11,0.000906232655043327,0.6235031746414877,2.9056240899678745e-07,1.9538392050921496e-10,1.1667257699710954e-09,7.67289670474082e-05,0.007444114190447264
74368,3600,78,120,54.9885,13.14818,214444800.0,8.454260115977892e-05,0.01464105542154395,2.9480171648540503e-05,0.014566863030108549,4.4712219786866185e-05,0.08070459869669412,0.07454323516425228,0.006161363532441831,0.18535961438305668,6.305749030662962e-06,2.1344321730614024e-05,0.0001964191071375088,9.877704197395253e-11,7.964358662929267e-11,1.913345534465996e-11,4.438240944542976e-10,4.2841252627024507e-10,1.5411568184052706e-11,0.0009086636106521668,0.6235933426839816,2.883785186230957e-07,1.9586895022170937e-10,1.1711334413389482e-09,7.693451887060504e-05,0.007459468902673645
74369,3600,78,120,54.98946,13.19265,214444800.0,8.539944300454403e-05,0.01467387858531015,2.9548520898417332e-05,0.014599585989015168,4.4744075396574886e-05,0.08164764173192761,0.07547772258021718,0.006169919151710394,0.18579392227617858,6.3727510579817925e-06,2.1404034750234137e-05,0.00019716892828784295,9.885361412580451e-11,7.982034716223576e-11,1.9033266963568862e-11,4.5426816672082453e-10,4.3835759360498716e-10,1.5910573115837527e-11,0.0009106870356282405,0.6238982977247761,2.983615497661869e-07,1.9720124171654858e-10,1.1683699144740288e-09,7.717015798343518e-05,0.007474643620483085
74370,3600,78,120,54.9904,13.18089,214444800.0,8.492105262594811e-05,0.014592755957254866,2.9483495391794507e-05,0.014518567889372714,4.470457249036368e-05,0.0811563837312635,0.07500185355971012,0.006154530171553365,0.18515164749277718,6.333785894261606e-06,2.1324924097465197e-05,0.0001963299107581506,9.858222120559435e-11,7.962295845905738e-11,1.895926274653711e-11,4.50316613671549e-10,4.345733930494491e-10,1.574322062210007e-11,0.0009075311174992944,0.6236637162440255,2.951511065903169e-07,1.9609616383508542e-10,1.1659444280031997e-09,7.687028034806994e-05,0.007453482461278862
74371,3600,78,120,54.99088,13.16938,214444800.0,8.457881825098917e-05,0.01455044412907398,2.94437023319166e-05,0.014476318676608568,4.468175013350052e-05,0.0807961289645783,0.07464995065375525,0.006146178310823017,0.1847922884680402,6.306300098136639e-06,2.1279788696327066e-05,0.00019583493395971472,9.84453065871885e-11,7.950645599665345e-11,1.8938850590535164e-11,4.4701916266583075e-10,4.314235156394824e-10,1.5595647026348537e-11,0.0009057806675920936,0.6235120380193132,2.922627336995381e-07,1.953960816218026e-10,1.1652029536375937e-09,7.669789489801001e-05,0.007441520524496476
74373,3600,78,120,54.99234,13.13514,214444800.0,8.406225648919992e-05,0.014578181365954969,2.9422818599840478e-05,0.01450407956316425,4.467898419088526e-05,0.0802010892946231,0.07405203381410436,0.006149055480518711,0.18483331335277647,6.267079963109117e-06,2.1278424798430744e-05,0.00019570099246703527,9.85720752609643e-11,7.947453095131229e-11,1.909754430965212e-11,4.3930057844506063e-10,4.2408993594215846e-10,1.5210642502902268e-11,0.0009060937057635272,0.6233773416961825,2.844560348139656e-07,1.94866747916839e-10,1.1698740573385574e-09,7.668325144825997e-05,0.007441970050513747
74375,3600,78,120,54.9937,13.14577,214444800.0,8.423192795065711e-05,0.014581082610974773,2.9434809367602795e-05,0.014506963752565088,4.4684049042090295e-05,0.08038992774233045,0.07423978458105887,0.006150143161271547,0.18489653251420848,6.280256296094843e-06,2.1287623959557272e-05,0.00019582536319415788,9.857408969180523e-11,7.950385131510939e-11,1.9070238376695967e-11,4.4147653214504994e-10,4.261606910247628e-10,1.531584112028736e-11,0.00090637803416199,0.6234342512900422,2.8656841444938594e-07,1.9511007698301785e-10,1.1691001885658004e-09,7.672028205114866e-05,0.007444245574845893
74376,3600,78,120,54.99394,13.15696,214444800.0,8.436981814216864e-05,0.01456517723738208,2.9436746089271087e-05,0.014491058643625866,4.468184766695206e-05,0.0805535591651075,0.07440562028322871,0.006147938881878752,0.1848314900724575,6.290514375647379e-06,2.1281791010008184e-05,0.00019580420283615637,9.850928595100819e-11,7.949900520235439e-11,1.901028074865393e-11,4.43791397934968e-10,4.2835772078127166e-10,1.5433677153696454e-11,0.0009060201109055641,0.623461551088123,2.8897228449193614e-07,1.9520252530430407e-10,1.1673162487969592e-09,7.670140839954739e-05,0.007442407242082598
74378,3600,78,120,54.99546,13.18982,214444800.0,8.489624938855413e-05,0.014555877809932347,2.9466136136748493e-05,0.01448172044551393,4.4691228281674105e-05,0.08114944627404935,0.0750012314362854,0.00614821483776394,0.18491065044232607,6.330950415725509e-06,2.129700234341154e-05,0.0001960676451402672,9.844907797071365e-11,7.956130906080167e-11,1.8887768909912086e-11,4.5108993463334497e-10,4.352974819853472e-10,1.5792452647997952e-11,0.0009063126972932518,0.6236185969463017,2.962145240766901e-07,1.9585143279855132e-10,1.1637558303174357e-09,7.676719530921336e-05,0.007445777983844166
74379,3600,78,120,54.99606,13.17826,214444800.0,8.461035055877591e-05,0.014532778485275845,2.9438130512677222e-05,0.014458663955679183,4.467639908398845e-05,0.08084166113575282,0.07469835267962521,0.006143308456127581,0.18468849238203877,6.308291433662452e-06,2.126822239741293e-05,0.0001957361234421126,9.837926668303992e-11,7.948321898264426e-11,1.8896047700395784e-11,4.479687718689757e-10,4.323212919333934e-10,1.5647479935582416e-11,0.0009052454274331589,0.6235045517894648,2.933407647013132e-07,1.9533716595162953e-10,1.1639108271850716e-09,7.665602200198959e-05,0.00743825854925705
74380,3600,78,120,54.99628,13.16686,214444800.0,8.433333462708394e-05,0.014509825733477397,2.9410751934613805e-05,0.014435753148790365,4.466183275242392e-05,0.08054373744689408,0.07440527990748491,0.00613845753940915,0.184469564342614,6.286322936073686e-06,2.123992104336465e-05,0.00019541108464134695,9.830955843669038e-11,7.940666498078818e-11,1.8902893455902336e-11,4.449616435227754e-10,4.2945362333454946e-10,1.5508020188225996e-11,0.0009041929599609543,0.6233934051875615,2.905777509238784e-07,1.9483553201503204e-10,1.1640246973361036e-09,7.654676794860031e-05,0.007430857994826722
74383,3600,78,120,54.99895,13.14362,214444800.0,8.399203492180478e-05,0.014540560739954739,2.940225418513875e-05,0.014466494186822486,4.4664298947118604e-05,0.08014376271871414,0.07400130423164311,0.0061424584870710085,0.184575905372523,6.260713173114695e-06,2.12480599421563e-05,0.00019540561679028974,9.84384083392742e-11,7.940502620749113e-11,1.9033382131783176e-11,4.394906894424212e-10,4.2425900986776637e-10,1.5231679574655036e-11,0.0009047997095687235,0.6233175077437259,2.8495300646989403e-07,1.9455756353072138e-10,1.1678965406696812e-09,7.657037864033882e-05,0.007433658066625601
74384,3600,78,120,54.99974,13.15437,214444800.0,8.411773323923652e-05,0.014524450878724207,2.9403329834962673e-05,0.014450385813535551,4.466173535369931e-05,0.0802938436682116,0.07415366650870092,0.006140177159510639,0.1845063799939086,6.270023964830457e-06,2.1241568239552477e-05,0.00019537554091397463,9.837346166382044e-11,7.939807246916842e-11,1.8975389194652138e-11,4.4164911380743045e-10,4.263071614081152e-10,1.534195239931545e-11,0.0009044214180069313,0.623340778836218,2.872049736558038e-07,1.9463260682922705e-10,1.1661686662852723e-09,7.654885868080108e-05,0.007431656412747218
74385,3600,78,120,55.00128,13.19827,214444800.0,8.523655343475073e-05,0.014634709595562036,2.952141244019548e-05,0.014560461543567103,4.47266395547439e-05,0.08148734837640023,0.07532461020321769,0.006162738173182515,0.18550252893463165,6.359183392350513e-06,2.136866619374906e-05,0.00019680581902012368,9.871886347546804e-11,7.973482160847612e-11,1.898404186699204e-11,4.5326906928430123e-10,4.373949515874803e-10,1.5874117696821014e-11,0.00090923831642024,0.6238079321961018,2.977037658624696e-07,1.9675988320248285e-10,1.1668192192917675e-09,7.70371926954549e-05,0.007465090544771645
74386,3600,78,120,55.00159,13.18688,214444800.0,8.476803671935726e-05,0.014553753197505587,2.9457084361545215e-05,0.01447960868288114,4.4687430262905715e-05,0.08100706723370417,0.07485965546907201,0.006147411764632138,0.1848638940470311,6.320985318271821e-06,2.1290089390371205e-05,0.00019597402510596103,9.8447586596084e-11,7.953913965510571e-11,1.8908446940978386e-11,4.4944419769898635e-10,4.337313080250821e-10,1.57128896739044e-11,0.0009060989034577846,0.6235766228828187,2.9461632392429255e-07,1.956689133581903e-10,1.1643483997928077e-09,7.673946047014899e-05,0.007444061681703302
74387,3600,78,120,55.00166,13.16442,214444800.0,8.434303713389058e-05,0.014546544634574271,2.942705728076983e-05,0.01447244280836027,4.467476893323735e-05,0.08053433187258646,0.07438962827729446,0.006144703595291968,0.18470641864860377,6.287973494503159e-06,2.1267080213632938e-05,0.00019566280886542365,9.844256744868496e-11,7.946568529163701e-11,1.8976882157048067e-11,4.4399251192200156e-10,4.285431877965081e-10,1.5449324125493577e-11,0.0009053876234978287,0.6234349644679126,2.893234456405847e-07,1.950605837064177e-10,1.1662935584022161e-09,7.664691885314937e-05,0.007438364632560676
74388,3600,78,120,55.0017,13.1756,214444800.0,8.442893648407124e-05,0.014511496173350456,2.941751295548529e-05,0.014437413958408146,4.46647019868312e-05,0.08065030633641891,0.07451122600376604,0.006139080332652842,0.18450572097767967,6.293742763059791e-06,2.1245124602400132e-05,0.00019548135212574591,9.83107097400768e-11,7.942317855306053e-11,1.888753118701639e-11,4.461869141438505e-10,4.3061965609875814e-10,1.5567258045092437e-11,0.0009043537245882609,0.6234260143238458,2.917669351457292e-07,1.949733501003103e-10,1.16359277023747e-09,7.656776347355934e-05,0.007432141835353944
74392,3600,78,120,55.00533,13.15164,214444800.0,8.399598942129287e-05,0.014522435265182725,2.9394735000464337e-05,0.014448382400442867,4.4658129739398754e-05,0.08015865667817497,0.07401924157185756,0.006139415106317359,0.1844620096892417,6.260561424263145e-06,2.123500509624644e-05,0.00019528665400631465,9.837204635631451e-11,7.937702124343418e-11,1.8995025112880436e-11,4.400863718003127e-10,4.248199699465927e-10,1.5266401853720208e-11,0.0009042184391613162,0.6233009499611761,2.8568735660732003e-07,1.944593322651897e-10,1.1667315457760678e-09,7.652252976684936e-05,0.007430026790355933
74393,3600,78,120,55.00712,13.16192,214444800.0,8.42318895340827e-05,0.014544703875995607,2.9419210437494003e-05,0.014470613188666933,4.467147689118371e-05,0.08041090844672656,0.07426690073856243,0.006144007708164108,0.1846659015365721,6.279334616616392e-06,2.1261087978813916e-05,0.0001955816553271874,9.8441275062128e-11,7.944646641604946e-11,1.899480864607865e-11,4.425657988737113e-10,4.271854490079572e-10,1.538034986575422e-11,0.0009052023022800849,0.6233985933893553,2.879379343036555e-07,1.9490237889625095e-10,1.1668073800234656e-09,7.662287941730712e-05,0.007436876820289388
74394,3600,78,120,55.00741,13.17288,214444800.0,8.449980903702878e-05,0.014567502088143381,2.9445946300671883e-05,0.014493370369724099,4.4685772118616205e-05,0.08069871281928119,0.07454991222847915,0.00614880059080203,0.18488145529130004,6.300596580651206e-06,2.128889671568348e-05,0.00019590003170415237,9.85108757669935e-11,7.952144829592068e-11,1.8989427471072967e-11,4.454562481812875e-10,4.2994207950429044e-10,1.551416867699728e-11,0.0009062395420117453,0.6235067041895842,2.905876699323542e-07,1.95390987486211e-10,1.1667351138429246e-09,7.67301518462583e-05,0.0074441554266750495
74395,3600,78,120,55.00768,13.18419,214444800.0,8.465164277073463e-05,0.014551823771667367,2.944886689572071e-05,0.01447769092270956,4.468398206209451e-05,0.08087780968017626,0.07473112714488898,0.0061466825352872526,0.18482143776714294,6.31193889119956e-06,2.1283813302250704e-05,0.000195889031496207,9.844623239608064e-11,7.95190139693636e-11,1.8927218426717148e-11,4.479501801578942e-10,4.3230951861792617e-10,1.5640661539968224e-11,0.0009059048069160852,0.6235385079549934,2.931654661103428e-07,1.95503205455862e-10,1.1648862697361912e-09,7.67142798283982e-05,0.007442503558030202
74396,3600,78,120,55.00786,13.19525,214444800.0,8.492482410156039e-05,0.014574708820868844,2.9475974194515325e-05,0.014500534413668779,4.4698433005559297e-05,0.081171455595411,0.07501994731870348,0.006151508276707478,0.18503890504896325,6.333609865351977e-06,2.1311905543279413e-05,0.00019621124812311332,9.851589414430852e-11,7.959490574875017e-11,1.892098839555847e-11,4.5090817800531103e-10,4.351304320366848e-10,1.5777745968626377e-11,0.0009069508151318244,0.6236483359398359,2.958808020268962e-07,1.959992974895216e-10,1.1647896435457075e-09,7.682268918750866e-05,0.007449852584312809
