,Offshore,dist_rotor_m,dist_nacelle_m,dist_tower_m,dist_found_m,dist_to_grid_m,sea_depth_m
0,0,590168.0563453573,990458.3149038245,90832.58246703088,50000.0,3982.1705416153436,0.0
1,0,584136.616388312,988930.6136143875,90005.9245429984,50000.0,3141.7012713485015,0.0
2,0,583709.4992566456,987634.2260732763,91280.34344419018,50000.0,2798.0681242046658,0.0
3,0,584401.2174422283,989335.9797764027,89657.50372938743,50000.0,3218.1025088053793,0.0
4,0,584177.6733908252,988355.5868305002,90658.84248300485,50000.0,2669.826882051088,0.0
5,0,583691.3866540354,986692.5099817718,92315.94106127534,50000.0,2619.878724829988,0.0
6,0,584161.8196106768,987913.7598191815,91142.3691825091,50000.0,2423.4507616668084,0.0
7,0,584698.5956810443,989137.2573747825,89992.47180260184,50000.0,2745.0608116602743,0.0
8,0,584612.9568369909,988629.3062786981,90522.71088995232,50000.0,2400.3748669519696,0.0
9,0,584036.5283563299,987042.0944658348,92060.05735098718,50000.0,2284.207247637891,0.0
10,0,583791.6890838369,986298.8900892468,92789.59681318307,50000.0,2568.857311572247,0.0
11,0,584714.6633335762,988227.4239617282,91007.86014469653,50000.0,1995.8440730569569,0.0
12,0,583864.316555707,985827.3144123581,93339.16059687489,50000.0,2667.6114977319285,0.0
13,0,584181.6144827235,986631.5812890852,92570.29280182693,50000.0,2153.6857328436395,0.0
14,0,584458.794088276,987311.2670403572,91924.2231385126,50000.0,1876.7482044876824,0.0
15,0,584658.0863395634,987780.1866222533,91481.77080766199,50000.0,1805.6772138079336,0.0
16,0,585045.4557386091,988805.0361231092,90496.34419308805,50000.0,2103.1109498149967,0.0
17,0,584240.8991048605,986184.8387817444,93087.88135247928,50000.0,2237.4022245053293,0.0
18,0,584570.2424792008,986913.4662353452,92408.32431247226,50000.0,1752.148314869743,0.0
19,0,584230.2387004658,985779.3318630679,93532.79230430246,50000.0,2451.1351171794795,0.0
20,0,585215.7883914997,988410.2782444635,91001.53811662724,50000.0,1591.8932524026716,0.0
21,0,584886.5490709167,987460.2906903487,91925.73701487668,50000.0,1447.7021052062723,0.0
22,0,584662.6909204345,986472.957584712,92932.5496027059,50000.0,1804.5592696918193,0.0
23,0,585215.02422901,987962.3181145398,91498.34377937175,50000.0,1277.298606384324,0.0
24,0,585764.0512730044,989467.9715427406,90045.3470203797,50000.0,2136.5588086039347,0.0
25,0,585930.912483436,989907.1347815294,89624.36049338218,50000.0,2502.291830188036,0.0
26,0,585565.2785714099,988896.6532492263,90600.43082621662,50000.0,1698.2468923504143,0.0
27,0,586141.554408025,990355.7547039869,89210.64319810634,50000.0,2875.093741156155,0.0
28,0,585068.1279357327,987081.8838193914,92416.89812112169,50000.0,1268.8167746812487,0.0
29,0,585720.3753439268,988616.5767981012,90973.5919294716,50000.0,1281.077496082873,0.0
30,0,585366.8132429352,987582.9880862279,91979.5610009767,50000.0,957.5199105411256,0.0
31,0,586148.6269556693,989608.7130821928,90044.11456568172,50000.0,2039.0799422005857,0.0
32,0,585106.1718818613,986654.5541444216,92905.8415069337,50000.0,1418.9809178756434,0.0
33,0,585679.3152722917,988123.9561605103,91504.14172959758,50000.0,876.4884475672293,0.0
34,0,586598.738629206,990509.2026828311,89226.38419141094,50000.0,2830.0184711639245,0.0
35,0,586395.4523185986,990023.2915690065,89683.66100602315,50000.0,2374.9163617500694,0.0
36,0,586091.1659108092,989098.3172121717,90588.10537276352,50000.0,1507.5194498053831,0.0
37,0,585484.3042749985,987107.6608215462,92553.94515095669,50000.0,931.9989112561911,0.0
38,0,584652.9127534596,984707.9735743236,94883.89765433401,50000.0,3164.9848706735675,0.0
39,0,586180.3198878721,988711.4855316808,91054.2643124169,50000.0,1024.2643180826278,0.0
40,0,585827.9854405008,987650.4046604558,92089.86907100836,50000.0,483.28877499277365,0.0
41,0,585477.8514343707,986603.8809898263,93110.28590944411,50000.0,1292.695683537752,0.0
42,0,586763.3791211238,990075.1136409283,89777.25680104426,50000.0,2294.4278700599175,0.0
43,0,586608.8052330759,989628.1482132126,90210.71281527773,50000.0,1851.1228153180864,0.0
44,0,586514.0649319044,989163.2465386995,90688.73756934468,50000.0,1370.258864049601,0.0
45,0,586217.7168421827,988167.2698881637,91674.24986233193,50000.0,401.5814954842291,0.0
46,0,587103.92913514,990611.2107221441,89321.99747825504,50000.0,2794.137048679798,0.0
47,0,584968.9172335946,984634.2181974305,95090.51458445805,50000.0,3225.1099323603835,0.0
48,0,585864.6277532461,987067.5191046625,92751.82345840232,50000.0,798.2052384382034,0.0
49,0,586621.4633143469,988724.6161747469,91220.73559375791,50000.0,870.1718364810467,0.0
50,0,585860.9603331485,986673.9125305213,93187.2267672982,50000.0,1187.0509188834026,0.0
51,0,585321.2409448071,985128.619577713,94683.3489405737,50000.0,2739.7005570776373,0.0
52,0,585826.1597235448,986323.8170094276,93561.61783960833,50000.0,1549.1422188383458,0.0
53,0,586278.8328912652,987575.9462944668,92356.21386230414,50000.0,300.4480916924466,0.0
54,0,585641.6601919201,985628.3814074188,94258.32677604053,50000.0,2256.8003834542865,0.0
55,0,585256.6813367469,984478.3127292659,95378.13851840454,50000.0,3413.7956861938974,0.0
56,0,586269.8441291705,987201.8065913648,92768.0973061305,50000.0,712.3826661560933,0.0
57,0,586624.5642306475,988121.2673296895,91892.76184100968,50000.0,342.7110257239524,0.0
58,0,586212.2067271287,986758.5435601212,93236.67524371063,50000.0,1180.8052338582686,0.0
59,0,585544.1546828636,984884.5434184746,95043.68259462908,50000.0,3034.0210782759805,0.0
60,0,586645.069524506,987796.4026383745,92262.33760435946,50000.0,407.28277804193664,0.0
61,0,586054.5370083976,986066.3676149664,93940.41843370267,50000.0,1887.5961260619865,0.0
62,0,587002.818384502,988548.4318420192,91575.2590718259,50000.0,813.5782690765924,0.0
63,0,585881.5615247238,985314.8230433784,94703.57715561698,50000.0,2656.8410386501178,0.0
64,0,585532.4692576781,984237.61935183,95756.01492633499,50000.0,3731.7422830517444,0.0
65,0,586100.2136995541,985729.4753281189,94332.99713729073,50000.0,2277.3407635141525,0.0
66,0,587737.1659066665,990269.1690025678,89969.95603003459,50000.0,2443.5752905164973,0.0
67,0,588057.8536723317,990934.1964799454,89366.05381009178,50000.0,3105.2351737684985,0.0
68,0,587342.3508593704,988942.9704628784,91279.07198276378,50000.0,1246.705295214253,0.0
69,0,586797.2002965081,987449.7542217098,92710.8732925991,50000.0,847.572286465852,0.0
70,0,585800.6162514109,984635.4066827605,95424.0238968582,50000.0,3377.091650019177,0.0
71,0,587090.32412376,988190.8212846861,92009.66700846108,50000.0,779.2002956404683,0.0
72,0,586054.9220145312,985036.0531943945,95083.74318027972,50000.0,3027.9299338833025,0.0
73,0,588451.0524470379,991338.4061573239,89085.1444220368,50000.0,3542.7490497388144,0.0
74,0,586303.217789026,985461.4074135972,94714.0488728895,50000.0,2665.490093434389,0.0
75,0,587414.5481533573,988527.3139924566,91772.13526392047,50000.0,1121.6357373105245,0.0
76,0,587186.0606153499,987846.7386971595,92432.59958291079,50000.0,980.9073187433409,0.0
77,0,586016.9295473805,984315.0694637208,95867.75051565496,50000.0,3811.8687959379895,0.0
78,0,586749.6641874583,986254.1509217235,94019.39379356462,50000.0,2049.7823067565614,0.0
79,0,586213.0451477432,984679.9932962728,95543.79813750372,50000.0,3492.0194169192077,0.0
80,0,587774.5264058518,988893.1333996387,91518.29802329352,50000.0,1525.6967887002356,0.0
81,0,587549.021710937,988191.2288739305,92203.20324025225,50000.0,1260.618845989441,0.0
82,0,586079.3987479663,983863.0621505495,96394.61868779466,50000.0,4150.61240332782,0.0
83,0,587486.4886368872,987730.2824691809,92689.36702031718,50000.0,1379.0007055875901,0.0
84,0,586555.3802337794,985105.4327329608,95213.72511668944,50000.0,3194.518524143353,0.0
85,0,587029.2112353691,986326.2739882467,94056.54955930854,50000.0,2180.986926081533,0.0
86,0,588835.0433045718,991225.4048870181,89378.92267272847,50000.0,3557.38135708832,0.0
87,0,586355.4813164375,984363.527927455,95953.78794828172,50000.0,3912.583352398802,0.0
88,0,587849.9647099818,988447.2373846647,92046.99455850925,50000.0,1542.113262814313,0.0
89,0,588176.1084611234,989213.5347720719,91334.35322561245,50000.0,1956.147461043354,0.0
90,0,586584.7588165808,984703.3407924337,95672.20082597519,50000.0,3657.0121787188878,0.0
91,0,587806.16376498,988035.7497473896,92486.14803364247,50000.0,1589.0564937775237,0.0
92,0,589204.3251745283,991730.4364916116,88978.34198359819,50000.0,4087.2073293345506,0.0
93,0,588230.599559179,988875.9793367571,91733.92591540272,50000.0,1928.5096749170857,0.0
94,0,586469.8823864702,983859.4737142198,96560.44262580197,50000.0,4094.772852240557,0.0
95,0,589080.5735665197,991066.8926956175,89664.06715733177,50000.0,3542.167595328272,0.0
96,0,588122.8087699829,988368.6418779364,92252.13065724629,50000.0,1840.363312561776,0.0
97,0,587923.5282047412,987709.1024621357,92900.11273859034,50000.0,1876.625290270409,0.0
98,0,586741.082607066,984278.7321714662,96208.79105444634,50000.0,4217.374450142587,0.0
99,0,588522.8621631331,989212.4847707069,91486.36768357457,50000.0,2250.790044757889,0.0
100,0,588259.7442781375,988093.9447576539,92617.36770928171,50000.0,2069.6415389166327,0.0
101,0,588505.7791979588,988710.3412691365,92038.29387602137,50000.0,2198.5569741954478,0.0
102,0,589224.2476059768,990372.4260434685,90502.64417046215,50000.0,3216.2454899013974,0.0
103,0,589486.6053628975,991024.4908984943,89892.20444395994,50000.0,3731.529776954257,0.0
104,0,588278.5586742578,987668.7761979891,93098.8301102043,50000.0,2294.1705250050986,0.0
105,0,588657.4388011467,988510.0187032998,92327.93275472015,50000.0,2385.4082977511102,0.0
106,0,589099.3529807731,989362.053079161,91573.80924940965,50000.0,2804.172309472244,0.0
107,0,589597.8456855062,990741.3716138846,90258.12049711125,50000.0,3650.6932351376804,0.0
108,0,589384.8454762653,990094.6802591848,90884.14331462253,50000.0,3224.343731210216,0.0
109,0,588647.8329505741,988034.6095361793,92853.18257924887,50000.0,2524.2775107063944,0.0
110,0,589086.8477440622,988944.2186992179,92033.98675004834,50000.0,2780.186724672917,0.0
111,0,589899.1206696088,991081.6700371514,90014.24851275797,50000.0,4022.657380419424,0.0
112,0,588690.8459306273,987614.9462468334,93339.39974843447,50000.0,2783.1180162497467,0.0
113,0,589719.1926563103,990419.5810652295,90671.91200822791,50000.0,3603.4018643956692,0.0
114,0,589533.8502944628,989820.1392462924,91257.20776817495,50000.0,3277.0429496639667,0.0
115,0,589438.8302449622,989324.5459031421,91767.22925451757,50000.0,3128.88923168615,0.0
116,0,589291.7740975131,988733.5943221971,92360.12538589012,50000.0,3021.383967881301,0.0
117,0,590069.2299652104,990814.6201844688,90389.70715974215,50000.0,4023.4093143528466,0.0
118,0,589848.2748562755,990115.493426847,91069.6369084348,50000.0,3619.4531935245222,0.0
119,0,589121.4071406608,987992.8807743415,93109.37282617345,50000.0,3069.664706760421,0.0
120,0,589835.3374125432,989755.5420155533,91465.3808033709,50000.0,3543.8501345425993,0.0
121,0,589679.578608121,989066.938016261,92162.89158940435,50000.0,3383.1173050192983,0.0
122,0,589479.3743830462,988419.0956376458,92794.8017951002,50000.0,3304.012922144462,0.0
123,0,590177.5145291903,990080.7450862807,91258.34663469897,50000.0,3907.5151753462087,0.0
124,0,590018.8110499736,989445.4937529251,91894.68087463832,50000.0,3708.099997935199,0.0
125,0,590369.2949759992,989796.8672150848,91663.14845826924,50000.0,4061.0261258406713,0.0
126,0,586711.4904657566,991000.5494467636,88725.90951901485,50000.0,3332.3523819798725,0.0
127,0,587180.4576684469,991085.8017559259,88825.44287001344,50000.0,3288.1991521182636,0.0
128,0,587159.2468184268,990197.8470197652,89805.3372583894,50000.0,2349.0845404075594,0.0
129,0,586973.0335349268,989653.2799610271,90333.68335929893,50000.0,1801.1683733514808,0.0
130,0,586945.7900100524,989139.949467595,90893.46631649412,50000.0,1283.8874388237482,0.0
131,0,589837.8107250843,991388.8036382968,89643.54897278704,50000.0,4152.156576233135,0.0
132,0,587846.9027912595,989548.462007054,90819.58771380123,50000.0,1904.542014458412,0.0
133,0,588663.4249115846,985107.2923709884,96117.18754853563,50000.0,4829.006332795604,0.0
134,0,588342.7688761203,985080.3385069525,96005.9143255501,50000.0,4566.679328336979,0.0
135,0,588323.0331817355,984713.6800857348,96404.75166249915,50000.0,4917.832224752505,0.0
136,0,583681.6150714785,987154.9693062863,91800.38425502511,50000.0,2678.297646642533,0.0
137,0,584112.649066815,987494.8688279889,91587.65079408535,50000.0,2300.167731274989,0.0
138,0,589316.9173095861,986564.3113938071,94787.65207336929,50000.0,4190.540074340155,0.0
139,0,588990.6856437622,986484.5333942021,94730.52389951101,50000.0,3910.3686256309543,0.0
245,0,525888.1878421386,1013415.2464002084,79297.50221650088,50000.0,9309.279227099229,0.0
246,0,525711.9508928497,1013550.8075110648,79376.32689119484,50000.0,9580.466029950381,0.0
247,0,525233.5136857101,1013349.2014337422,79816.66043068227,50000.0,10014.458180867498,0.0
248,0,525471.268931682,1013598.3273929013,79539.45874288985,50000.0,9878.107691036625,0.0
249,0,525461.5285394373,1013280.5854639176,79671.6322740323,50000.0,9721.604117613342,0.0
250,0,526244.6640744491,1014630.3322084793,78553.09113261946,50000.0,9622.101267861046,0.0
251,0,525223.3250221403,1013628.063968885,79715.86477071625,50000.0,10174.42567766806,0.0
252,0,525213.0171308808,1013103.5195500783,79928.74621239863,50000.0,9913.442612593812,0.0
253,0,526906.1187599504,1014680.5644944169,78031.65348706846,50000.0,8913.512849149267,0.0
254,0,526350.1596862128,1013456.4082137105,78935.29960751193,50000.0,8808.999354631349,0.0
255,0,525070.374108561,1013421.7924007644,79911.887960271,50000.0,10236.650094804665,0.0
256,0,526223.2775960332,1014331.1099021172,78684.68722251894,50000.0,9456.094222791762,0.0
257,0,526450.9408840245,1014473.7179163467,78456.75035583103,50000.0,9289.73648055801,0.0
258,0,525993.056688377,1013766.2277014311,79079.56550647337,50000.0,9381.494712603293,0.0
259,0,525461.7540793872,1013791.6587001501,79471.51547388657,50000.0,9995.841813127849,0.0
260,0,526711.3913515443,1014766.9171836445,78145.5961510415,50000.0,9189.015688001962,0.0
261,0,526112.316555762,1013548.334403026,79076.32475675401,50000.0,9126.791475320577,0.0
262,0,526482.0718817738,1014741.0281089861,78329.85092892445,50000.0,9428.539115444455,0.0
263,0,525804.5279632348,1013828.4462937604,79197.48232771432,50000.0,9629.555805082662,0.0
264,0,526579.7011865511,1013611.8948728528,78701.28033172911,50000.0,8633.225960271662,0.0
265,0,526567.6477193553,1013798.0169667664,78635.41553856498,50000.0,8750.556863955282,0.0
266,0,526701.3910455101,1014504.7896060746,78255.08840759347,50000.0,9028.295743927423,0.0
267,0,533379.1144367537,1014884.370921552,73264.05300858514,50000.0,2150.0056055864184,0.0
268,0,533843.6350213658,1015389.4551285274,72706.2639755143,50000.0,2353.032636647008,0.0
269,0,534299.5795062922,1015707.4025153125,72242.61720932754,50000.0,2455.994772054674,0.0
270,0,534098.9755749335,1016061.7567932161,72215.90743287234,50000.0,2959.6074064173786,0.0
271,0,533709.7773434416,1015663.3960862615,72670.93634052426,50000.0,2749.6529521603693,0.0
272,0,533233.3973936979,1015261.0403382734,73188.5014713879,50000.0,2672.7912827747327,0.0
273,0,532727.3368506255,1015256.39723201,73543.70450487144,50000.0,3116.896517664752,0.0
274,0,533150.3663466817,1015723.5054615819,73033.95217319494,50000.0,3236.8708938121667,0.0
275,0,533533.4903663995,1016023.3582128522,72628.5353213763,50000.0,3274.0338786609923,0.0
276,0,533977.9696979119,1016400.594742244,72144.90324336369,50000.0,3411.6356660411607,0.0
277,0,533436.2294968584,1016529.5753803644,72469.07505042045,50000.0,3906.6557055724966,0.0
278,0,533030.4619560996,1016043.6296082919,72973.86729619377,50000.0,3679.4976674470267,0.0
279,0,532497.1689159599,1015548.9857397262,73573.141116108,50000.0,3625.394916734056,0.0
280,0,531889.4731714913,1015540.9737420689,74008.59520273167,50000.0,4199.549681418452,0.0
281,0,532431.343302513,1016000.5991321438,73418.95567781595,50000.0,4146.613679632389,0.0
282,0,532888.5820885797,1016383.3918510177,72923.7336964216,50000.0,4161.334489505469,0.0
283,0,533297.1188027755,1016847.0893917674,72427.86687489586,50000.0,4359.065433161369,0.0
284,0,530903.7880112029,1015141.221253668,74890.34849547468,50000.0,4852.684329354255,0.0
285,0,531359.2072290105,1015545.3887396127,74386.93911877276,50000.0,4734.735394608728,0.0
286,0,531750.9562558393,1015867.1626891823,73965.22293496941,50000.0,4649.365864058223,0.0
287,0,532311.4175448534,1016378.9067680795,73339.73382604042,50000.0,4645.719258116559,0.0
288,0,532714.3593334451,1016787.8610970997,72872.43950444381,50000.0,4739.4977696377155,0.0
289,0,532245.8488969075,1016849.9028282259,73185.42971420827,50000.0,5197.183656166501,0.0
290,0,531756.1646705588,1016301.2533034644,73774.68879982813,50000.0,5072.87036541502,0.0
291,0,531275.7576927327,1016008.8534395876,74248.25910404431,50000.0,5251.432353519742,0.0
292,0,530810.3601860123,1015511.8934068867,74798.16743858474,50000.0,5270.298693393383,0.0
293,0,530294.9086691341,1015110.0317973659,75344.00914016292,50000.0,5479.073422772775,0.0
294,0,529738.6280890866,1014692.1041212587,75926.48471870171,50000.0,5765.80649124917,0.0
295,0,529314.2972153086,1014397.7650092568,76360.47060119837,50000.0,6030.075665990137,0.0
296,0,529254.3344156222,1014749.991863625,76255.39069878733,50000.0,6343.601306571755,0.0
297,0,529770.4287912085,1015121.0767660226,75721.71241476627,50000.0,6056.26806543901,0.0
298,0,530290.3440050792,1015527.8873002961,75170.35437635628,50000.0,5830.630924731884,0.0
299,0,530639.9713690948,1015914.6949518743,74752.17624552269,50000.0,5805.836791395598,0.0
300,0,531157.1199648648,1016414.4192063425,74164.226425447,50000.0,5757.461364461537,0.0
301,0,531586.2181518319,1016657.3954091538,73748.13605431281,50000.0,5589.641201582449,0.0
302,0,532094.5694033853,1017173.6706928182,73159.9300286933,50000.0,5669.446496421458,0.0
303,0,531878.1917634399,1017510.5662679276,73180.63685340369,50000.0,6211.694667698706,0.0
304,0,531515.4235503097,1017063.2837603252,73631.9960397615,50000.0,6067.474624886101,0.0
305,0,530968.5945799636,1016730.089976157,74172.88217552072,50000.0,6247.683838656464,0.0
306,0,530539.8999499899,1016260.8349375025,74682.27411142683,50000.0,6224.683721778536,0.0
307,0,530023.9264174879,1015848.409062326,75233.00890036857,50000.0,6386.961250144682,0.0
308,0,529593.2249693663,1015458.7271551988,75711.5058505377,50000.0,6517.840460158719,0.0
309,0,531368.3131137547,1017493.7092503572,73566.5283719755,50000.0,6643.338094483482,0.0
310,0,530849.2429273892,1017090.2052203782,74115.74052159578,50000.0,6716.638482167817,0.0
311,0,530341.0704719463,1016644.8147346895,74673.74470907121,50000.0,6783.061684147422,0.0
312,0,529913.2609616601,1016249.4810163336,75151.82503400026,50000.0,6855.632348058457,0.0
313,0,529446.1931472397,1015854.0027322053,75659.3376102997,50000.0,7002.423595758341,0.0
314,0,529083.5515236175,1015505.4759141908,76070.21919898211,50000.0,7106.132031420757,0.0
315,0,528312.0000000795,1015382.2516838791,76696.31073833765,50000.0,7851.648251604868,0.0
316,0,528370.3416005658,1014920.608823487,76837.82538288306,50000.0,7446.009553424311,0.0
317,0,528659.958465985,1014632.0196194976,76741.42616565079,50000.0,6920.673927143232,0.0
318,0,528282.0593521688,1014256.0187588949,77175.70258587107,50000.0,7093.582108675681,0.0
319,0,528784.3958287871,1014351.1960038076,76766.98897656945,50000.0,6591.755769243153,0.0
320,0,531076.0492921909,1014367.7734848673,75109.26544042275,50000.0,4051.3240956212867,0.0
321,0,531651.6191461482,1014822.6064112573,74497.6064807056,50000.0,3790.4103549320985,0.0
322,0,531751.5956265361,1014504.5961574677,74571.22210884278,50000.0,3419.483672831145,0.0
323,0,531286.0141977004,1013993.3669686604,75131.37276929007,50000.0,3553.786300959638,0.0
324,0,531421.6575928075,1013610.3181550783,75213.87651703859,50000.0,3162.4177765361305,0.0
325,0,531878.2878731264,1014017.4329765723,74707.39162827394,50000.0,2910.128648708701,0.0
326,0,532310.0162891297,1014430.0678018167,74215.73049312775,50000.0,2760.5722958733145,0.0
327,0,531998.1547311835,1013661.8073071947,74791.51955896079,50000.0,2542.093007785315,0.0
328,0,532480.7649817267,1013993.156044191,74303.0086397355,50000.0,2226.499572420066,0.0
329,0,532810.8124444088,1014851.6121117546,73672.09335405512,50000.0,2636.093448361914,0.0
330,0,533023.8521984187,1014396.2288610514,73739.16423188482,50000.0,1991.458725786459,0.0
331,0,532689.8479353008,1013690.080715473,74305.05264985726,50000.0,1781.4876494656187,0.0
332,0,532185.3563155768,1012914.9508909369,75022.53540627124,50000.0,2008.1259876031418,0.0
333,0,531829.9966555249,1012475.5847211021,75476.8382971972,50000.0,2323.978595802769,0.0
334,0,531346.3168287431,1012531.1632550445,75777.33349871643,50000.0,2835.904288153717,0.0
335,0,532734.6050346794,1013252.9459313286,74487.03880646333,50000.0,1502.8052578864433,0.0
336,0,533611.9149136513,1014537.970486537,73269.84534759061,50000.0,1585.909329085858,0.0
337,0,533951.295898135,1014897.8910587527,72865.97094481775,50000.0,1730.9233997087863,0.0
338,0,524162.6547804601,1014145.3177696727,80335.50826815343,50000.0,11666.233714607484,0.0
339,0,524291.9563748011,1013813.0316866013,80358.17448030165,50000.0,11328.974987525917,0.0
340,0,524204.0200498066,1013463.6823878316,80556.73282249681,50000.0,11237.518224267638,0.0
341,0,545450.5929548258,938999.4903542955,135193.97454295645,50000.0,4173.745623150358,0.0
342,0,545794.9172078917,938833.6537966054,135386.39863805103,50000.0,4017.436181013084,0.0
343,0,545795.8302123847,939227.5915557303,134983.6081058045,50000.0,3814.613767654286,0.0
344,0,545767.5690922609,939637.6950955678,134562.49485905678,50000.0,3667.79056680651,0.0
345,0,545385.7363229749,939349.0401264007,134832.81572657672,50000.0,4081.3678332114423,0.0
346,0,545043.57696087,939117.6286291872,135047.94323410775,50000.0,4338.873766301493,0.0
347,0,546323.8352628335,940190.8076945796,134034.47879267004,50000.0,3023.705987432149,0.0
348,0,546172.1691578783,940412.3473575009,133797.47098435674,50000.0,3105.5746905703113,0.0
349,0,545951.4207686875,940050.9316969098,134152.24354130437,50000.0,3384.5005529687296,0.0
350,0,545810.1082770108,940279.5301284686,133909.4027015034,50000.0,3463.0108360150475,0.0
351,0,546003.9555496556,940675.6875641344,133517.13937313895,50000.0,3233.572834839624,0.0
352,0,545545.3297789418,940592.0327199707,133573.7698408123,50000.0,3557.380967979121,0.0
353,0,545347.9606693747,940201.7380296201,133960.1331426308,50000.0,3662.0030568455873,0.0
354,0,545512.0786681601,939895.490660434,134282.7583276384,50000.0,3810.808915661159,0.0
355,0,546541.8518753588,940469.0823830557,133764.9697374541,50000.0,2759.4716564751466,0.0
356,0,546584.7851749045,940793.7413824042,133435.66620871576,50000.0,2662.5379212234416,0.0
357,0,546667.9027575096,941141.2161138174,133085.83930495518,50000.0,2565.5248367885883,0.0
358,0,546984.0007521774,941097.9505488244,133152.79885038128,50000.0,2251.2979096295553,0.0
359,0,546528.128745198,941442.949864776,132767.477091079,50000.0,2740.540052605782,0.0
360,0,546709.2439669579,941839.2535640532,132374.3924857697,50000.0,2646.6798059231055,0.0
361,0,546809.2021310074,942247.6167553894,131963.42863564508,50000.0,2703.7905218316505,0.0
362,0,547161.3439037751,941880.8792118024,132363.6478311998,50000.0,2175.2747917426673,0.0
363,0,546983.3094939141,941550.5537172164,132689.12743291198,50000.0,2281.050470258828,0.0
364,0,547253.7604179023,942288.5875630735,131952.69143157065,50000.0,2248.293125011194,0.0
365,0,543240.4808186028,942806.1987544275,131219.2594603345,50000.0,938.101604633196,0.0
366,0,543419.6102559458,942496.1385393894,131538.5542623297,50000.0,690.7377103239313,0.0
367,0,543278.8095061881,941921.1255640495,132115.64306871864,50000.0,367.3027090266721,0.0
368,0,543650.1511443978,943094.9828290577,130940.35144315264,50000.0,1262.588811542629,0.0
369,0,543827.5089081853,942807.0759803833,131238.0368742361,50000.0,1116.1794053630917,0.0
370,0,543710.286043496,942290.5283008972,131756.94553706804,50000.0,801.8574038529486,0.0
371,0,543677.9871325635,941882.4765922864,132169.15017526457,50000.0,807.8051620354025,0.0
372,0,543553.3734362158,941400.4376287067,132652.8632040057,50000.0,981.8395916801865,0.0
373,0,544090.6245158686,942434.6043853739,131625.62376136007,50000.0,1178.6587044991406,0.0
374,0,543910.6003428824,941689.3844734011,132374.10107073805,50000.0,1147.6217913464197,0.0
375,0,544078.6605212555,942073.6944060746,131991.19632890352,50000.0,1181.0448137445153,0.0
376,0,544419.0856005998,942457.9892636813,131615.66753979353,50000.0,1498.452460723088,0.0
377,0,544537.6708597718,942030.7079079422,132054.92387777616,50000.0,1681.1846159923655,0.0
378,0,546242.1264456905,941188.9547293476,133008.11209713394,50000.0,3003.7986386308407,0.0
379,0,547041.8420022739,942668.774982492,131548.43928159168,50000.0,2689.924591725799,0.0
380,0,547332.8588310865,943318.0394542982,130904.095143803,50000.0,2865.6228008197054,0.0
381,0,547285.4161152708,942755.3944408786,131476.8469167621,50000.0,2493.600865958259,0.0
382,0,547443.4254107659,943026.9579259224,131210.0202713787,50000.0,2529.291648947002,0.0
383,0,548043.0481253647,941888.7490235592,132423.49544961736,50000.0,1232.961324117161,0.0
384,0,547542.2951922495,941958.8515405691,132312.08732620595,50000.0,1792.9355217994837,0.0
385,0,547795.6804808488,943303.3142973135,130952.63661273375,50000.0,2418.9280269197493,0.0
386,0,547326.3538987288,941643.9510052673,132618.63239509342,50000.0,1937.093830478616,0.0
387,0,547791.3973510009,942631.2407299866,131641.5040756213,50000.0,1890.4657224268042,0.0
388,0,547923.8734328328,942342.1231998038,131948.45498599068,50000.0,1565.7492727937656,0.0
389,0,547746.4620781346,941563.700044306,132733.396333031,50000.0,1489.0137072110183,0.0
390,0,548262.1726087509,939790.3918982941,134599.7209948338,50000.0,2241.070717828189,0.0
391,0,548061.7976701105,939067.8510259817,135325.3862291389,50000.0,2959.256452514917,0.0
392,0,548395.9021605924,940179.8261097712,134210.88067723604,50000.0,1853.695280836391,0.0
393,0,548577.874607732,940612.4189970058,133781.9422115942,50000.0,1420.6803886231562,0.0
394,0,548249.6339446307,939427.3767734988,134972.2573090185,50000.0,2598.4440749838386,0.0
395,0,548593.6822910472,939478.1998243845,134951.61607161892,50000.0,2567.083346658697,0.0
396,0,548868.2252987548,939760.7817127913,134686.3634833903,50000.0,2319.7078731367824,0.0
397,0,549133.8350098603,939977.0179063643,134489.03093007611,50000.0,2165.64299651559,0.0
398,0,549428.7471666267,940197.5305548265,134290.60496091176,50000.0,2052.340872092026,0.0
399,0,549549.5504493061,940556.974908917,133931.6308203261,50000.0,1733.704939462263,0.0
400,0,549831.5125567553,941248.4705215184,133245.9800111799,50000.0,1228.79842094147,0.0
401,0,550097.6564653955,941964.3288329939,132533.54953296357,50000.0,956.8417497028125,0.0
402,0,550143.252736561,941834.4412698698,132672.38210073148,50000.0,1072.5754752442638,0.0
403,0,550011.3339433024,941524.4317379828,132979.1847895755,50000.0,1151.0330271444482,0.0
404,0,554970.790212866,942230.8783224536,132866.49331794196,50000.0,6097.844856840656,0.0
405,0,552869.3821317694,942646.2259094197,132143.43644729786,50000.0,3719.281543253417,0.0
406,0,552945.5148037653,942264.7206693903,132550.06901528555,50000.0,3907.8624685569557,0.0
407,0,552854.4150433025,941824.2947583388,132996.59221198157,50000.0,3982.094950276533,0.0
408,0,555119.6444578287,941960.4134535653,133171.66573578617,50000.0,6362.156409125775,0.0
409,0,555438.8558128055,943701.888463329,131397.8025110937,50000.0,6242.7150086521915,0.0
410,0,555460.45878408,943396.4113753092,131720.67305268906,50000.0,6309.222216740486,0.0
411,0,555650.6712634019,943226.7513844592,131927.1439357205,50000.0,6542.140128018777,0.0
412,0,555637.9663746265,942919.5447413004,132246.82794275664,50000.0,6600.280311854824,0.0
413,0,555501.3630116021,942613.0219687937,132546.7713370402,50000.0,6540.562454293523,0.0
414,0,553766.6009288536,941416.5715241339,133543.6081308018,50000.0,5156.256547979772,0.0
415,0,553436.0673499546,941310.8543977801,133608.37011303668,50000.0,4858.967857750499,0.0
416,0,553649.8607568202,941959.9570600904,132960.9216685448,50000.0,4779.9970870593825,0.0
417,0,553327.86501815,941660.584209225,133229.33649821253,50000.0,4566.0261430576165,0.0
418,0,553194.3512297991,942071.2385842372,132783.8820412683,50000.0,4245.352561606347,0.0
419,0,553325.5503321665,942397.5734554331,132461.36836502695,50000.0,4273.148645148875,0.0
420,0,553118.4953360689,942998.4900794342,131808.7916336426,50000.0,3917.946941804248,0.0
421,0,553166.8951637534,942720.52191756,132104.34080872693,50000.0,4018.4223074986207,0.0
422,0,553344.7921591208,943241.7154182137,131584.9118793693,50000.0,4125.342459685802,0.0
423,0,553548.9883784339,943528.9420322364,131312.54231519136,50000.0,4317.557823911262,0.0
424,0,553598.7508136461,943825.6289109547,131010.08320830659,50000.0,4370.449733448343,0.0
425,0,553656.2399750331,944140.711725902,130689.4667906216,50000.0,4452.936633968994,0.0
426,0,553420.3580585105,944612.6832520898,130167.6654878598,50000.0,4332.772703974552,0.0
427,0,553569.3664187762,944401.3273821572,130406.7818585845,50000.0,4414.503022239413,0.0
428,0,552878.7294114864,941287.8927920832,133557.9595932278,50000.0,4279.3344346082085,0.0
429,0,553511.3103803812,940536.3354121569,134426.11480151306,50000.0,5401.79724870795,0.0
430,0,553137.6722428441,940385.8084585889,134531.79017601535,50000.0,5119.239598311744,0.0
431,0,553136.2137993778,940926.4598097779,133968.37577383264,50000.0,4763.572482726614,0.0
432,0,547707.820409867,938783.1374468087,135586.9887914823,50000.0,3262.7641520595757,0.0
433,0,548043.4465306106,938596.9750966214,135808.3960637643,50000.0,3429.35874853295,0.0
434,0,548533.945356467,939087.4697874506,135348.61604511275,50000.0,2966.0612698711006,0.0
435,0,547375.5212979708,938476.2819499868,135873.87784900572,50000.0,3599.8046338155414,0.0
436,0,549622.1785085386,940938.7998824848,133544.71798119764,50000.0,1379.0656638769512,0.0
673,0,188115.45036734027,994318.7369205306,440472.26962553285,50000.0,6292.6111695600985,0.0
674,0,187844.6084628731,994193.646485966,440711.80077916983,50000.0,6545.462157515293,0.0
675,0,188322.02276113565,994819.1580326912,440593.93737293896,50000.0,6382.038685138129,0.0
676,0,187977.51618728373,994576.7492407992,440835.8215816125,50000.0,6634.634967238042,0.0
677,0,187645.97593574208,994305.4679672202,441040.15487232595,50000.0,6860.747887073754,0.0
678,0,188128.84581928412,995044.9945292003,441002.8127010978,50000.0,6788.991313717085,0.0
679,0,187732.91070833945,994791.3188530485,441299.2806835517,50000.0,7088.532040840978,0.0
680,0,187743.26416076793,995154.345850052,441561.89706055186,50000.0,7349.189531158686,0.0
681,0,188635.33200178036,995590.6759015023,440791.7934846075,50000.0,6604.789705261941,0.0
682,0,188854.6905541854,995470.2397608309,440429.34296994185,50000.0,6234.559105323321,0.0
683,0,189166.7414306601,995413.0755341798,440000.96999372,50000.0,5804.170196274095,0.0
684,0,189550.74535735065,995601.4417467926,439669.8212324051,50000.0,5493.768389910028,0.0
685,0,189640.46996050092,995219.6760386941,439271.26024719956,50000.0,5064.892693804084,0.0
686,0,190184.8886858927,995621.9135793536,438903.45099655504,50000.0,4739.915927790847,0.0
687,0,190152.68581042613,995255.6777174859,438667.7736083213,50000.0,4466.196376529115,0.0
688,0,190630.79869423006,995739.0477814899,438442.323858696,50000.0,4307.319841026759,0.0
689,0,190965.152454383,995807.9858741757,438082.4016261637,50000.0,3971.98897396855,0.0
690,0,191377.78623362785,996402.0512411713,438022.0805095885,50000.0,4090.987878349296,0.0
691,0,191036.3273226868,996337.6908849868,438394.58924533514,50000.0,4414.770765912448,0.0
692,0,191458.79109170815,996062.4317034053,437665.90785228775,50000.0,3644.1049460751283,0.0
693,0,190829.1032836128,995260.3652442475,437839.4552474542,50000.0,3643.611399150269,0.0
694,0,191321.28738900358,995572.3262497184,437467.4807890591,50000.0,3324.9228208823047,0.0
695,0,190582.20771515023,996187.9679132043,438841.48193844926,50000.0,4794.684975411976,0.0
696,0,190136.22074486892,996046.4349511076,439284.5933805382,50000.0,5188.493212996628,0.0
697,0,191299.98280410428,1000175.5552165429,441059.16172252665,50000.0,8560.266768416508,0.0
698,0,192350.89174570338,998031.1762939005,438063.43225857883,50000.0,4952.877482085314,0.0
699,0,192171.851359041,999561.2651129937,439480.12584612664,50000.0,6985.455982248367,0.0
700,0,191754.46567948422,999315.6104930129,439806.921587037,50000.0,7075.10995738089,0.0
701,0,191326.57128519233,999276.045484165,440309.62825262896,50000.0,7445.368607479168,0.0
702,0,191603.93244145843,998491.8321916007,439348.04541157087,50000.0,6230.756181309753,0.0
703,0,191270.88900905455,998846.8584808304,440040.6711651396,50000.0,6988.405645194755,0.0
704,0,191976.92987512227,999044.4984896028,439316.27607120853,50000.0,6533.872110372552,0.0
705,0,192611.65267717026,1000141.920340551,439390.8798179312,50000.0,7316.81517454621,0.0
706,0,192547.3149463105,999669.6544211167,439097.2810465842,50000.0,6785.674289391177,0.0
707,0,192234.94317929898,1000382.7593347176,440053.9724489551,50000.0,7943.806637747813,0.0
708,0,192339.95972065508,998369.6385720841,438338.6111080826,50000.0,5373.58326385047,0.0
709,0,191878.52764339632,1000254.960240451,440398.04186983075,50000.0,8108.636505848097,0.0
710,0,191776.96263769356,999647.585269582,440041.4346625453,50000.0,7458.1351301643035,0.0
711,0,192246.71417391955,1000033.3191339051,439760.6989179152,50000.0,7500.3521647087055,0.0
712,0,191420.60554632527,999988.609209733,440758.47188060696,50000.0,8215.421915428205,0.0
713,0,194219.09413017827,998970.7721811875,436472.53230884,50000.0,4687.311111795892,0.0
714,0,193251.3044668401,998848.4535540389,437578.5950850373,50000.0,5186.945659009982,0.0
715,0,193151.5684749187,998321.3475137671,437294.7886135083,50000.0,4611.752040981536,0.0
716,0,192761.3994146196,998914.2849550212,438238.3723552813,50000.0,5667.2724035485,0.0
717,0,193156.64386111,999141.9115542861,437924.4723743078,50000.0,5625.347322956691,0.0
718,0,192506.33659719405,998964.4406213029,438594.6521634537,50000.0,5950.810056338899,0.0
719,0,192271.8988289825,999086.6491488132,438982.01295380644,50000.0,6311.585940156769,0.0
720,0,192097.41099050283,998667.014412327,438871.07401214226,50000.0,5961.507862753259,0.0
721,0,192751.54800428177,998534.0074977195,437955.13747631403,50000.0,5206.695372628519,0.0
722,0,193086.02059207697,999461.40090442,438262.1377261885,50000.0,6078.562359967118,0.0
723,0,191878.2210770222,1000700.015702774,440755.4738559394,50000.0,8658.828050702912,0.0
724,0,192725.27955690533,998129.651599668,437675.3459349582,50000.0,4732.842244594937,0.0
725,0,194127.19338098026,1000103.6095051947,437469.5387371305,50000.0,6137.470961177163,0.0
726,0,194411.0825451777,999941.1980336045,436988.6597320927,50000.0,5769.0131189403655,0.0
727,0,194453.1306343816,1000664.702420427,437505.5610288491,50000.0,6635.082591383296,0.0
728,0,193686.6065260261,999064.515871985,437205.8171235484,50000.0,5137.044918149186,0.0
729,0,193881.216420473,998960.5330852605,436883.68009628396,50000.0,4878.491405238272,0.0
730,0,194581.36030523942,999611.2187790894,436519.4272185264,50000.0,5275.380778381766,0.0
731,0,194098.24675273622,1000564.1157475696,437868.91508013284,50000.0,6727.033439097706,0.0
732,0,195147.035978778,1001153.3471060791,437026.3098630017,50000.0,6868.110745817499,0.0
733,0,195039.219903448,1000656.5593247508,436768.1185263293,50000.0,6318.75261865203,0.0
734,0,195514.10530810428,1001094.4722091394,436521.489774553,50000.0,6639.3511629784,0.0
735,0,195353.49916826453,1001670.0805094596,437179.367776554,50000.0,7396.280075425634,0.0
736,0,195693.98186786773,1001613.055157047,436708.1615819746,50000.0,7183.237437643043,0.0
737,0,194629.41744523335,1000527.3895684105,437177.21613125264,50000.0,6367.511998659619,0.0
738,0,194969.9421764601,1000180.1300404374,436480.2642645132,50000.0,5777.249654941559,0.0
739,0,187725.74427260464,993495.51561595,440337.63653305423,50000.0,6297.604722070967,0.0
740,0,190081.06207172517,994326.8486042052,438064.1887597837,50000.0,3892.696104029293,0.0
741,0,189807.78406539373,994265.9333894686,438354.224461808,50000.0,4189.867661251001,0.0
742,0,189417.86884151422,994098.3437804142,438708.3834391695,50000.0,4568.679967551461,0.0
743,0,188993.36593992906,994000.2924417248,439156.4674813168,50000.0,5029.531650775752,0.0
744,0,189119.53201733515,994409.7318821894,439305.79161667085,50000.0,5119.213436736075,0.0
745,0,189358.11051489963,994424.7518138147,439023.9219702619,50000.0,4836.407941815332,0.0
746,0,189657.37918548216,994740.3069635043,438891.38618145534,50000.0,4681.144733952268,0.0
747,0,189979.84638176198,994720.4766788669,438480.41957322834,50000.0,4270.85230300434,0.0
748,0,190395.6484688762,994899.1221443455,438102.71759733174,50000.0,3888.7331836445137,0.0
1532,0,671740.8644422191,968102.851428668,176767.40929854606,50000.0,18811.987808197584,0.0
1533,0,671188.5692073572,967159.1561694018,177156.03678378588,50000.0,19750.361924674235,0.0
1534,0,669168.3662441298,965254.2111919537,177111.7076821401,50000.0,21991.276891142097,0.0
1535,0,669941.873047118,965749.8923955892,177350.5284154568,50000.0,21310.712655209874,0.0
1536,0,671424.5902399615,967806.7029009745,176754.85966680082,50000.0,19160.759082434957,0.0
1537,0,669579.3252149224,965540.5469529157,177215.9598132398,50000.0,21611.14619832662,0.0
1538,0,672777.5194861713,968060.6405144187,177783.51862694882,50000.0,18485.09857867966,0.0
1539,0,670537.5064035442,966607.110730267,177078.87587280973,50000.0,20422.940824786845,0.0
1540,0,671076.28080832,969739.4220404495,174570.71614042678,50000.0,17920.396723227244,0.0
1541,0,669524.9430261968,966265.1655490733,176465.95072838373,50000.0,21089.01299529356,0.0
1542,0,670868.4157316658,966870.6287608955,177134.14780299808,50000.0,20093.920435615702,0.0
1543,0,671784.732129148,967687.334608867,177207.48146496934,50000.0,19119.457344606777,0.0
1544,0,669843.9014645787,966098.5327426571,176923.1662131809,50000.0,21082.40113949313,0.0
1545,0,672407.5915474979,968107.2273035903,177390.36926170407,50000.0,18568.397824995976,0.0
1546,0,671510.4156451126,967407.2176691368,177219.1204454439,50000.0,19438.522557760985,0.0
1547,0,670165.4134427536,966768.1297662343,176576.79504365785,50000.0,20448.516981394245,0.0
1548,0,672093.4650441698,967881.1087918446,177311.6098754703,50000.0,18856.960996023296,0.0
1549,0,672659.1902721213,968393.3780544022,177353.28443406752,50000.0,18253.75843315019,0.0
1550,0,669826.4704838161,966505.3747477495,176514.49853807237,50000.0,20784.553276905604,0.0
1551,0,671096.9991881365,967564.3605447977,176680.71196919595,50000.0,19473.45776143956,0.0
1552,0,670201.61831242,966359.611599783,177004.25766515627,50000.0,20742.60828201886,0.0
1553,0,670801.7483899321,969473.3736635075,174568.19894365437,50000.0,18236.12455540477,0.0
1554,0,671153.3664580539,969401.9738837008,174967.46016140547,50000.0,18112.804902847474,0.0
1555,0,669520.9224466515,965888.9931905934,176825.3679358452,50000.0,21370.619324047413,0.0
1556,0,672079.7927774718,968310.7677361451,176886.63878926312,50000.0,18523.83649373828,0.0
1557,0,670476.7441734823,966995.1025524235,176648.52808388564,50000.0,20151.505753581143,0.0
1558,0,670819.1348599035,967263.1766664329,176710.36854690622,50000.0,19811.984414011793,0.0
1559,0,670449.0900248509,969552.1324872475,174161.1391524548,50000.0,18364.842717484098,0.0
1560,0,668622.5768640273,966779.7796626028,175131.14804224976,50000.0,21135.763491789865,0.0
1561,0,671343.466178782,969912.6401853316,174656.00614985038,50000.0,17671.15488261359,0.0
1562,0,668901.8467802549,967054.2874670294,175124.94306724705,50000.0,20812.00507653912,0.0
1563,0,670015.3554037089,968202.6660328407,175054.24385067789,50000.0,19485.189583980064,0.0
1564,0,670534.6940634283,969216.2463350814,174564.68900855863,50000.0,18542.240748022446,0.0
1565,0,669095.1809989704,964293.3179582298,177972.8314666276,50000.0,22758.98035182556,0.0
1566,0,670815.6363093321,965467.3732963174,178435.54612029283,50000.0,21228.242413375076,0.0
1567,0,669601.3892563347,968743.592411974,174145.84771429002,50000.0,19334.34225550926,0.0
1568,0,669106.277421612,967779.1351828728,174614.76176498467,50000.0,20222.242630221528,0.0
1569,0,669334.2170429755,968501.2887921475,174130.06364035886,50000.0,19632.028271518073,0.0
1570,0,669170.6351933122,967358.4416800493,175080.9535418455,50000.0,20473.200594460115,0.0
1571,0,669674.1491403996,968315.1138450099,174627.0403507252,50000.0,19577.64451111573,0.0
1572,0,670734.4985785229,969797.6501057647,174193.18477010966,50000.0,18056.03047440809,0.0
1573,0,668810.2006530424,967456.9584758993,174650.6152914381,50000.0,20586.810475387512,0.0
1574,0,670773.9615080925,965051.8582998236,178796.84884586316,50000.0,21582.067329114114,0.0
1575,0,669776.8923587563,964754.4097075397,178157.98458502034,50000.0,22151.0453712536,0.0
1576,0,670406.05196509,966108.1691660488,177436.950526915,50000.0,20858.76942066855,0.0
1577,0,670234.0819581309,968885.7944641719,174600.87758010562,50000.0,18914.336854017693,0.0
1578,0,670120.4704265569,965001.4876389465,178238.20562599154,50000.0,21835.174746915094,0.0
1579,0,668472.1405366147,967690.4081488117,174110.79053685474,50000.0,20611.899350359152,0.0
1580,0,669722.1044194913,967910.523903281,175061.98687445535,50000.0,19827.435819877828,0.0
1581,0,670566.7568203565,968764.9347092344,175029.01992779694,50000.0,18833.05740964672,0.0
1582,0,669398.952845009,968088.1056651657,174589.20036766207,50000.0,19868.220999023382,0.0
1583,0,668753.1660224582,967935.5367050439,174135.0260798763,50000.0,20304.669049740594,0.0
1584,0,668480.2974139294,967152.8240943465,174638.3529457485,50000.0,20956.801915053595,0.0
1585,0,670287.6419347012,968453.5845994735,175067.23423691926,50000.0,19181.532553983267,0.0
1586,0,669931.7684487818,968614.016770792,174579.67746604967,50000.0,19248.20098365206,0.0
1587,0,669052.1447149607,968233.2123572647,174125.8058445184,50000.0,19954.308400716392,0.0
1588,0,671110.2631493162,965266.9960455418,178902.8287717357,50000.0,21301.992372194112,0.0
1589,0,670145.2207276295,969324.9639816397,174094.6904757062,50000.0,18671.783535712562,0.0
1590,0,670463.342297793,964829.6603918356,178722.1898566476,50000.0,21861.673694455083,0.0
1591,0,669892.4119117551,969010.6797700224,174160.5960532272,50000.0,19008.186146479897,0.0
1592,0,670855.331495392,969081.06380265,174995.74405741724,50000.0,18476.81033137196,0.0
1593,0,669443.7941101817,964524.3198072569,178071.78885810508,50000.0,22451.136981668413,0.0
1594,0,668349.4418714886,966470.162890829,175177.61044634058,50000.0,21480.511389770887,0.0
1595,0,670471.4619540724,965265.4776014005,178309.7638618679,50000.0,21504.619656405073,0.0
1596,0,669420.0114884801,967638.7043094522,175042.54256377803,50000.0,20160.22076497428,0.0
1597,0,670161.3615408165,969450.8888331231,173988.56860995223,50000.0,18582.3391905524,0.0
1598,0,672944.2532511974,968084.2997873789,177918.07442510122,50000.0,18413.992997811434,0.0
1599,0,669776.8923587563,964754.4097075397,178157.98458502034,50000.0,22151.0453712536,0.0
1600,0,540004.7590235079,941116.3843685396,132863.40763323382,50000.0,2935.695560389908,0.0
1601,0,540123.3228191817,940799.0872064476,133181.96341401016,50000.0,2798.4324238009867,0.0
1602,0,540021.0597427647,940075.6840525093,133906.5211724595,50000.0,3006.1557815189162,0.0
1603,0,540445.8634478117,941302.5000435449,132679.57258231752,50000.0,2501.8434524382556,0.0
1604,0,540218.3803110041,940464.773452059,133517.91425548078,50000.0,2740.014855961658,0.0
1605,0,540508.9146981695,941018.3681271855,132965.154564042,50000.0,2412.561462116603,0.0
1606,0,540804.0943841976,941568.5415943151,132415.9597387528,50000.0,2177.4338865436894,0.0
1607,0,540578.5747141384,940689.7353151753,133295.7577145637,50000.0,2368.4523263048145,0.0
1608,0,540939.7565630514,941239.7451863595,132747.75530000313,50000.0,1984.1171375033086,0.0
1609,0,540652.9737241791,940108.0871612022,133881.01743470176,50000.0,2480.1666243710833,0.0
1610,0,540540.8055482969,939703.5437293889,134286.01671637583,50000.0,2758.6809659403484,0.0
1611,0,540416.4156982902,939211.1627290695,134779.13911230245,50000.0,3128.8453674512084,0.0
1612,0,540317.5394892669,938796.4481994759,135194.58092513902,50000.0,3462.2937684268186,0.0
1613,0,540972.6832502267,940868.4995486116,133121.30210511727,50000.0,1973.140428034675,0.0
1614,0,540991.2362743015,940368.0309168141,133624.85261861468,50000.0,2111.250513979142,0.0
1615,0,540965.4616039954,939999.3854244719,133995.29754116465,50000.0,2316.844515769359,0.0
1616,0,540686.1763979908,939009.4334090935,134986.5234982619,50000.0,3134.011866634389,0.0
1617,0,540889.6136382731,939566.081772561,134429.99750258695,50000.0,2635.080301423261,0.0
1618,0,541475.3396437071,941153.23103074,132843.25822551185,50000.0,1459.8378978641979,0.0
1619,0,541336.9538265159,940656.2906655924,133340.92271017734,50000.0,1724.5371046738433,0.0
1620,0,541047.0900654197,939213.9162741086,134787.7142591424,50000.0,2828.138024717612,0.0
1621,0,540982.7163151957,938834.4840242622,135168.62413817234,50000.0,3163.9095261592875,0.0
1622,0,541403.2998422123,940042.9789683553,133960.0161200541,50000.0,2042.320249230753,0.0
1623,0,541662.4961406168,940873.480102987,133128.76255850514,50000.0,1383.963974821251,0.0
1624,0,541551.7269958798,940467.933454585,133535.0214081422,50000.0,1676.9348314987794,0.0
1625,0,541324.1555837543,939650.8009079118,134353.49901700154,50000.0,2374.2479744386605,0.0
1626,0,544188.9922093431,937460.3887157658,136687.70983264426,50000.0,5376.328707599945,0.0
1627,0,543937.6984756181,936847.9561696027,137297.519280695,50000.0,5871.01625067208,0.0
1628,0,526259.3322061828,936364.6382469656,138253.6553996783,50000.0,8254.518745817153,0.0
1629,0,525694.686497406,936484.1888069016,138203.150117374,50000.0,8747.370014017943,0.0
1630,0,525329.0083700207,936245.7942075725,138473.05358234316,50000.0,8762.652013328972,0.0
1631,0,524947.2374311794,936030.2075420519,138723.83063649203,50000.0,8828.907706328731,0.0
1632,0,524538.0663902174,935838.0738676371,138956.46891344214,50000.0,8955.569347428811,0.0
1633,0,525923.7131088789,936114.7103610714,138529.71617921814,50000.0,8218.904797046127,0.0
1634,0,525563.4660485775,935841.6539792763,138831.13940566828,50000.0,8193.695687479481,0.0
1635,0,525225.0291801346,935658.8445574391,139044.5325960334,50000.0,8259.144004661903,0.0
1636,0,524862.3002318926,935489.0474585129,139249.0449471556,50000.0,8369.574804086134,0.0
1637,0,524504.6673144053,935290.9950848413,139480.5718278525,50000.0,8463.595375411951,0.0
1638,0,526005.0193222114,938052.459903195,136672.87372739642,50000.0,10155.045650356944,0.0
1639,0,527058.5525559983,938157.5279155364,136451.96079790092,50000.0,9665.933871440062,0.0
1640,0,525026.7736385954,936772.6970037526,138008.24640835213,50000.0,9502.409277549657,0.0
1641,0,525298.5993787369,937065.3908176756,137696.80908553977,50000.0,9604.41905451747,0.0
1642,0,526661.735263849,938493.0945127723,136176.2335784962,50000.0,10233.405104329137,0.0
1643,0,526344.3485514219,938264.3518794314,136431.04205615245,50000.0,10173.250718652067,0.0
1644,0,526755.0818729773,937929.4282162645,136703.50091793324,50000.0,9588.888712471113,0.0
1645,0,526260.8418509581,937549.3705716275,137122.1771905457,50000.0,9477.642091034088,0.0
1646,0,525887.6105104088,937352.2599753428,137353.3820335839,50000.0,9505.618544549669,0.0
1647,0,525993.8121989628,936809.664420454,137858.3442922041,50000.0,8880.889966032557,0.0
1648,0,526322.7918509054,937005.6360458151,137634.0857637893,50000.0,8876.142266561837,0.0
1649,0,526696.3781775152,937245.8796489123,137363.16827412733,50000.0,8904.954370947738,0.0
1650,0,527159.7322053456,937590.2015582713,136983.72013325916,50000.0,9013.16660923072,0.0
1651,0,527379.3755928227,938408.4142276888,136177.1451923118,50000.0,9769.147152873435,0.0
1652,0,527691.725079834,938740.8835298023,135825.5488887233,50000.0,9974.720745610519,0.0
1653,0,527464.4838594464,937826.5980830741,136725.14444617686,50000.0,9109.234687373473,0.0
1654,0,527791.1129209284,938128.3016781718,136402.08421701216,50000.0,9276.039798910942,0.0
1655,0,528104.0684804916,938415.5613179761,136094.63706059873,50000.0,9445.659275635204,0.0
1656,0,528419.2390821221,938775.0311546744,135717.96846006543,50000.0,9702.531163282038,0.0
1657,0,526881.6401593836,936725.6617900324,137841.14240312183,50000.0,8254.793369774236,0.0
1658,0,527233.1644920979,936997.1637413169,137544.22836619453,50000.0,8348.098778140187,0.0
1659,0,527640.9837174427,937337.863192096,137175.72977472443,50000.0,8504.296158343266,0.0
1660,0,527971.5271255658,937605.1177119241,136886.0717219532,50000.0,8637.170370783115,0.0
1661,0,528293.3283806666,937912.2678765877,136559.3451558924,50000.0,8829.550271022455,0.0
1662,0,528604.8634386165,938236.8415233991,136217.18385162816,50000.0,9056.415940285222,0.0
1663,0,528917.760080428,938562.1259508504,135874.50304467973,50000.0,9294.118353993774,0.0
1664,0,528440.6887954061,937378.1258779647,137059.30191782332,50000.0,8200.165828487186,0.0
1665,0,528741.7427571154,937641.3222745372,136777.8454801356,50000.0,8370.258167435482,0.0
1666,0,529020.3581140983,937940.4543499865,136464.09581212854,50000.0,8596.323480502251,0.0
1667,0,529269.7905324845,938263.2994780932,136130.2909577251,50000.0,8864.350371030108,0.0
1975,0,745891.7404739542,1020744.1504001177,210544.48080089592,50000.0,11064.950775811183,0.0
1976,0,735872.4508590349,1018413.8028306335,200805.46155788546,50000.0,8456.593500565585,0.0
1977,0,736110.7140533272,1017855.934325161,201510.32442938068,50000.0,9244.167580351968,0.0
1978,0,738458.633294838,1023828.5669947539,199625.7920405564,50000.0,7766.884564281714,0.0
1979,0,738539.1432400492,1024849.2712864059,198944.65719219335,50000.0,7606.880033979325,0.0
1980,0,738308.9645014149,1023253.4903823746,199890.29279652782,50000.0,7808.422393531995,0.0
1981,0,737195.0361373649,1018726.2373133802,202079.0671219632,50000.0,9607.879583638622,0.0
1982,0,737031.193206851,1018066.166409188,202401.2454040217,50000.0,10028.211872265343,0.0
1983,0,736588.3987573877,1018416.8598564122,201622.95238970438,50000.0,9224.05981562555,0.0
1984,0,736304.0269072601,1018686.354062776,201088.8412775245,50000.0,8666.976625320782,0.0
1985,0,735615.4269000175,1018897.8413499399,200136.4739745547,50000.0,7725.1893767561405,0.0
1986,0,736017.8532551196,1018987.64648979,200528.05547460524,50000.0,8079.4324028654455,0.0
1987,0,738002.7548674062,1018513.8315267594,203168.86209219147,50000.0,10689.633601683314,0.0
1988,0,738392.9817883694,1019211.2598633921,203079.4993394262,50000.0,10532.440242111285,0.0
1989,0,737782.6466179689,1018995.8566581376,202544.97483206252,50000.0,10026.617221405328,0.0
1990,0,736901.0769592727,1019302.1958883343,201297.7319820481,50000.0,8777.575235477749,0.0
1991,0,737254.1217830769,1020046.5796568547,201129.6731071239,50000.0,8560.428241973132,0.0
1992,0,736811.2521175175,1020881.596411397,199979.2011992346,50000.0,7415.972879723001,0.0
1993,0,737121.3408754228,1021502.7760247291,199859.1710063236,50000.0,7351.452808695083,0.0
1994,0,737411.8107430096,1022220.3760324375,199644.24585235238,50000.0,7262.349955876363,0.0
1995,0,736837.6858790488,1020217.7152188988,200519.87261251136,50000.0,7949.177606359021,0.0
1996,0,736365.7662567948,1020079.7737766089,200084.31536926658,50000.0,7522.163253966111,0.0
1997,0,736197.94298338,1020376.3668670214,199663.26642569987,50000.0,7092.670540507679,0.0
1998,0,738070.428506151,1019702.8201031191,202331.29279657325,50000.0,9765.826430472136,0.0
1999,0,738251.8701951563,1020271.5005526646,202103.07183443988,50000.0,9531.237389182874,0.0
2000,0,737836.2242716491,1020758.7534217925,201251.6009343204,50000.0,8691.887715332088,0.0
2001,0,738452.5953686849,1020981.421064419,201789.86371700536,50000.0,9250.9829279367,0.0
2002,0,738534.9134955361,1021530.125838981,201464.9343490194,50000.0,8983.85017064492,0.0
2003,0,737752.2687122887,1021651.8135539057,200470.99987724976,50000.0,7993.492507250452,0.0
2004,0,738004.9887802756,1022314.4255223216,200255.6100871307,50000.0,7903.086608383038,0.0
2005,0,738276.2501158903,1021886.3194940081,200894.9606884037,50000.0,8462.838564498434,0.0
2006,0,738868.5537249824,1022171.0389383615,201360.0016543558,50000.0,8989.951755502285,0.0
2007,0,738677.9845727325,1022511.55644978,200880.8121054352,50000.0,8583.019228867523,0.0
2008,0,737225.3515852479,1022629.3626682868,199116.96933616392,50000.0,6834.585089655251,0.0
2009,0,736847.8601872104,1022734.430776822,198601.84559442019,50000.0,6348.066248285369,0.0
2010,0,737283.0185910892,1023113.7583776469,198813.6821019843,50000.0,6687.30601348952,0.0
2011,0,738433.5220530257,1022850.801375106,200340.52385901616,50000.0,8130.265672971926,0.0
2012,0,738840.5010873675,1023361.1762416812,200421.68925604498,50000.0,8375.021680444395,0.0
2013,0,737823.431799977,1023362.9051863801,199246.94333241496,50000.0,7208.960634374321,0.0
2014,0,737115.9373074415,1023538.0319383104,198297.56064455968,50000.0,6345.654937445516,0.0
2015,0,737344.4881619301,1024006.3550235837,198204.62259634645,50000.0,6472.330019747402,0.0
2016,0,737796.5355449661,1023947.7451813557,198770.92597458896,50000.0,6987.968649000595,0.0
2017,0,738985.0005997911,1024693.7387040544,199577.82739558874,50000.0,8119.381183798646,0.0
2018,0,738381.6165339514,1024252.2959355838,199215.16846175288,50000.0,7557.862945758275,0.0
2019,0,737939.3413295854,1024485.4247752087,198527.40062258407,50000.0,7022.398936950851,0.0
2020,0,738690.824922978,1025463.1507858664,198655.64985217602,50000.0,7698.498097319398,0.0
2021,0,739266.4099128396,1025802.6001442557,199065.50871998302,50000.0,8271.098198627598,0.0
2022,0,739382.2339544048,1025365.9376684302,199529.0842508273,50000.0,8432.17828070761,0.0
2023,0,739801.8465881366,1025927.642766702,199591.28387564648,50000.0,8815.380716693031,0.0
2024,0,740014.4601018132,1025596.91198319,200086.68101658247,50000.0,9073.385738829887,0.0
2025,0,740286.3369388981,1025338.9573733888,200595.88076017174,50000.0,9407.74617486863,0.0
2026,0,740579.5814200597,1024505.9703263477,201563.7041534531,50000.0,9942.733635831584,0.0
2027,0,740445.0820066046,1024927.5732670074,201089.86007598756,50000.0,9672.976907791477,0.0
2028,0,739332.8976169041,1024226.7753982755,200333.533695207,50000.0,8626.46653816076,0.0
2029,0,739757.0453085259,1024824.555969264,200371.63271005143,50000.0,8937.840921878666,0.0
2030,0,739682.1891463296,1023323.6953240595,201421.69825137994,50000.0,9360.260793063379,0.0
2031,0,739166.7342138694,1023125.7644930133,200977.07559812957,50000.0,8852.469198399282,0.0
2032,0,739448.8007655115,1023681.5172061576,200880.72983321067,50000.0,8945.351796484512,0.0
2033,0,739933.7702434101,1024375.7553792315,200915.28792894786,50000.0,9256.319355677495,0.0
2034,0,740095.9765899155,1023944.6257308451,201429.00963203164,50000.0,9585.609380273183,0.0
2035,0,740249.0897791049,1023555.2149820472,201900.82794842095,50000.0,9914.689406018193,0.0
2036,0,737794.3315825419,1020177.0585246709,201649.84159544215,50000.0,9076.983850371955,0.0
2037,0,737558.8769893482,1019528.1613033655,201878.36123738537,50000.0,9327.009191668141,0.0
2038,0,736610.8635517654,1019502.453680063,200810.45839936013,50000.0,8281.106363559113,0.0
2039,0,737431.7964457906,1021009.1426381522,200594.6176829754,50000.0,8045.129442486829,0.0
2040,0,737925.876524023,1021254.7260986733,200974.68656116238,50000.0,8452.380408974033,0.0
2233,0,538930.5589179067,1019156.0138933024,67437.74744652485,50000.0,6164.202575940107,0.0
2234,0,538878.5650289828,1018655.5576537816,67714.83597472332,50000.0,5796.636904571843,0.0
2235,0,538465.6651438882,1018582.3039964895,68028.80522407609,50000.0,5550.458461439989,0.0
2236,0,538490.5330950998,1019076.8465351596,67775.27593972688,50000.0,5927.623524248503,0.0
2237,0,538049.6097268116,1018639.5635999553,68284.17261632471,50000.0,5429.010111431002,0.0
2238,0,538077.1742375301,1019139.3762466569,68029.70741075346,50000.0,5844.469016709488,0.0
2239,0,537631.3226132978,1019100.4492447647,68356.51042705965,50000.0,5707.107988921412,0.0
2240,0,538071.9286727844,1019559.1088547886,67838.85112595564,50000.0,6203.619426411418,0.0
2241,0,538612.1939947107,1020036.082890326,67243.57842400677,50000.0,6745.041320905287,0.0
2242,0,538496.9900926724,1019545.3055856058,67550.53764430455,50000.0,6302.785345129555,0.0
2243,0,537643.2881488168,1019588.3117281186,68125.20100563574,50000.0,6155.839785190138,0.0
2244,0,537209.1653522551,1019194.4260910703,68608.37321467695,50000.0,5737.680746489634,0.0
2245,0,536804.3174539008,1019369.3793111129,68815.49458710743,50000.0,5899.359721841453,0.0
2246,0,540351.4710558462,1020121.1523883723,66011.2622594473,50000.0,7284.783885681823,0.0
2247,0,539888.4788614571,1019524.6674811892,66612.61682274358,50000.0,6880.747543168899,0.0
2248,0,539372.0933756597,1019270.1750177896,67083.88565775707,50000.0,6449.391250557969,0.0
2249,0,539398.7415457431,1019729.7530721113,66845.0749773749,50000.0,6779.298275706925,0.0
2250,0,539872.6669808526,1019941.155303251,66421.83019136894,50000.0,7143.978490610133,0.0
2251,0,537240.5823462504,1019681.4194564463,68367.4229222174,50000.0,6212.573200690209,0.0
2252,0,536453.0490541944,1019486.8667152256,69013.95161873913,50000.0,6045.102408739544,0.0
2253,0,536516.1028002424,1020002.4132167591,68745.38667408768,50000.0,6580.40770550809,0.0
2254,0,536645.381107042,1020559.8903310329,68414.8087056585,50000.0,7153.129204685455,0.0
2255,0,536982.1590994085,1020312.6306937957,68275.88284577483,50000.0,6855.497647569644,0.0
2256,0,537520.0250809941,1020621.7645655351,67755.36279142502,50000.0,6990.93497764697,0.0
2257,0,538723.4952543488,1020998.009521182,66731.19150410224,50000.0,6353.849367127581,0.0
2258,0,538371.2657190319,1020539.8250923762,67184.49675560802,50000.0,6830.417296525079,0.0
2259,0,538398.7844507352,1021105.827051576,66915.0032110316,50000.0,6328.326803047949,0.0
2260,0,539132.7306679685,1020957.8879895573,66460.05126309076,50000.0,6337.666754418725,0.0
2261,0,540656.9614120466,1021281.9211519093,65250.677426220376,50000.0,6091.9306116821635,0.0
2262,0,540178.4079491249,1020976.9031010071,65722.8189236649,50000.0,6339.132201070507,0.0
2263,0,539989.8741309649,1020405.0842988732,66120.88328072274,50000.0,6918.121590567273,0.0
2264,0,539566.0246994079,1020349.4371492579,66437.87395837606,50000.0,6936.23439822773,0.0
2265,0,539713.7580243313,1020710.1177458457,66167.88500889305,50000.0,6574.638941005963,0.0
2266,0,540923.8808001801,1021020.7267412172,65191.36964517063,50000.0,6440.332146816182,0.0
2267,0,541330.8463978356,1021386.2582384195,64740.24524690606,50000.0,6157.892217301613,0.0
2268,0,541729.132989363,1021776.9650702197,64283.13347790042,50000.0,5864.6996083776,0.0
2269,0,541759.8544243219,1021275.6922795485,64503.09405187371,50000.0,6442.835100672239,0.0
2270,0,541250.9754738959,1020785.3122430125,65083.45240441687,50000.0,6801.68686193994,0.0
2271,0,541671.6956443901,1020672.9216750821,64857.330128387286,50000.0,7086.965941635509,0.0
2272,0,541651.1009477476,1020214.0491908737,65099.71580576716,50000.0,7596.543075820329,0.0
2273,0,541295.6719468383,1019886.3347973673,65498.1913233783,50000.0,7824.404825136856,0.0
2274,0,541214.2550828144,1020332.3379759347,65329.88754873497,50000.0,7295.192110175129,0.0
2275,0,540818.5046786976,1019568.1290124239,65972.12937345245,50000.0,7461.871233989645,0.0
2276,0,540787.3803878082,1020011.2270465472,65772.63083740098,50000.0,7515.519744754876,0.0
2277,0,540357.2887050764,1019683.1653010084,66221.07165705154,50000.0,7239.292520747499,0.0
2278,0,540432.2423653974,1020636.9588013776,65708.91036689698,50000.0,6743.4739684501,0.0
2279,0,540348.1091008135,1019209.6619119889,66461.99423728662,50000.0,6972.882914101467,0.0
2280,0,539860.3165577883,1018967.9332644888,66905.4160807859,50000.0,6536.953820039064,0.0
2281,0,539364.8351180613,1018790.0881748718,67323.17432544733,50000.0,6142.236919438655,0.0
2282,0,538828.5938954033,1020505.9563111718,66877.90243638828,50000.0,6796.299416875621,0.0
2283,0,538142.1515314501,1020022.2438724211,67578.5527962601,50000.0,6630.319971357713,0.0
2284,0,538949.0428442664,1019610.5558636131,67208.92715647594,50000.0,6508.215366449184,0.0
2285,0,539583.8994834794,1021122.328668227,66069.08012529202,50000.0,6155.105979252256,0.0
2286,0,539240.396068222,1020542.0542615401,66573.92005681878,50000.0,6736.4307551930715,0.0
2287,0,537359.2399459317,1020180.195918683,68062.7479054943,50000.0,6708.739301004306,0.0
2288,0,539069.9426068071,1020088.6365341933,66901.74626198478,50000.0,6924.591545094333,0.0
2289,0,540889.1364689656,1020480.4046491651,65474.92972134539,50000.0,7026.531320101296,0.0
2290,0,536885.644218928,1019857.7023790529,68542.39594318728,50000.0,6393.5627730773185,0.0
2291,0,537755.2025813228,1020083.7226191486,67823.77232207185,50000.0,6635.187158836049,0.0
2292,0,537954.4484564251,1020587.098426853,67459.46950316665,50000.0,6884.633554010371,0.0
2413,0,710487.9131398057,949884.1576519981,284808.42858665966,50000.0,2092.0961900708016,0.0
2414,0,717019.5410957012,956231.4469797201,281330.8406464719,50000.0,7598.397065938986,0.0
2415,0,716598.5993963549,955806.3892788357,281471.6913047365,50000.0,7222.00988030285,0.0
2416,0,716724.8663103372,955986.255061067,281692.56091621664,50000.0,7238.958645312848,0.0
2417,0,716963.6520083313,956272.6641867334,281840.9119606626,50000.0,7386.396419405994,0.0
2418,0,717078.2777889377,956217.2867519009,280942.0300184327,50000.0,7793.891925906194,0.0
2419,0,717231.958530883,956297.8194438742,280515.86146145046,50000.0,8089.526212719279,0.0
2420,0,717357.8086613063,956361.3942268756,280155.1855782433,50000.0,8345.805277374731,0.0
2421,0,716951.9071672874,955966.1303026977,280365.0240828337,50000.0,7970.402470703028,0.0
2422,0,716723.9362966693,955805.5423124067,280790.516499202,50000.0,7608.377002607039,0.0
2423,0,716326.4458846424,955440.0447878144,281104.3115253346,50000.0,7186.616831521069,0.0
2424,0,716283.5750502395,955295.5956488088,280612.8429471659,50000.0,7413.528325083212,0.0
2425,0,716662.5340036404,955632.014135336,280253.20917657745,50000.0,7845.107111173101,0.0
2426,0,716901.7948114071,955809.5358644661,279851.9375329253,50000.0,8215.641326890178,0.0
2427,0,717179.4363296567,956133.4452430154,279975.73662209086,50000.0,8319.024942481521,0.0
2428,0,715769.5150875848,954785.2079709132,280831.19250878383,50000.0,6983.059115535629,0.0
2429,0,715305.7656335748,954456.9597040729,281688.324851275,50000.0,6219.733263361084,0.0
2430,0,714991.3138500875,954184.209755147,282019.1042632169,50000.0,5844.540643802495,0.0
2431,0,714682.5213643884,953930.0206735758,282412.2201301004,50000.0,5441.066222690029,0.0
2432,0,714572.5433617196,953736.7685657515,282039.5060319664,50000.0,5579.9211034320515,0.0
2433,0,714282.3283006527,953568.4354964131,282761.16578817205,50000.0,5001.526756883756,0.0
2434,0,714657.3746916915,953973.7117190796,282766.1943002729,50000.0,5254.599399595066,0.0
2435,0,717471.6695296888,957365.9998228829,284617.935503387,50000.0,7777.229388404747,0.0
2436,0,717422.8780074863,957325.5814564548,284678.8107929403,50000.0,7737.509446175507,0.0
2437,0,715991.9844185062,952069.717897333,266519.9242765486,50000.0,18653.01642838253,0.0
2438,0,717901.5439762805,953661.927370369,264203.2385238903,50000.0,21113.282921836748,0.0
2439,0,717528.5597576828,953763.755104564,266600.3513686556,50000.0,19102.897859740904,0.0
2440,0,716816.8312642999,952765.0186054161,265554.24318684265,50000.0,19687.928085918295,0.0
2441,0,717182.0203878485,953119.7134366478,265346.8197862705,50000.0,19974.605849003678,0.0
2442,0,717520.7890474022,953409.0836892151,264968.31221298437,50000.0,20386.363228355327,0.0
2443,0,717984.476888509,953859.6792152259,264706.60773099907,50000.0,20753.938955900227,0.0
2444,0,716603.1593139292,952703.6105918121,266362.0110548248,50000.0,18986.581446057375,0.0
2445,0,717856.1301758052,954000.328246188,266030.04718666954,50000.0,19673.496922109764,0.0
2446,0,717253.9391932617,953595.7843817007,267222.47800107225,50000.0,18481.117912699385,0.0
2447,0,717282.9070766907,953711.1240547752,267619.8140386241,50000.0,18088.217697857548,0.0
2448,0,717173.2695365861,953346.7126864775,266460.5558734901,50000.0,19131.316664173148,0.0
2449,0,715840.9124594021,952003.720822041,266984.88540968904,50000.0,18236.856848888394,0.0
2450,0,716390.3870821326,952310.2694722015,265606.85295474564,50000.0,19509.04915195938,0.0
2451,0,716560.7661682718,952402.7233717166,265167.9582951193,50000.0,19916.051433702294,0.0
2452,0,717555.4613281129,953327.5608708448,264408.2130795443,50000.0,20836.68567196932,0.0
2453,0,718351.1652534105,954155.6462501179,264216.0217091037,50000.0,21262.123610133815,0.0
2454,0,718240.2847049366,954340.5120330824,265658.0822798218,50000.0,20048.610576530922,0.0
2455,0,718041.4411026677,954069.3613077144,265401.53523667523,50000.0,20257.526620101005,0.0
2456,0,717815.051382046,953784.5612224108,265223.3764279416,50000.0,20300.147983278403,0.0
2457,0,718210.3782422681,954136.5057437337,264849.0947928557,50000.0,20732.187979106948,0.0
2458,0,718472.9969808402,954345.6216319188,264484.2480740942,50000.0,21105.935253614305,0.0
2459,0,716185.8399544291,952185.9974220634,266071.9059769572,50000.0,19071.859268274424,0.0
2460,0,716633.0028783373,952654.0296405642,265975.80566018925,50000.0,19295.526569172212,0.0
2461,0,717055.8942903167,953073.9512780714,265778.9967236754,50000.0,19596.69343867899,0.0
2462,0,716303.6994580821,952380.3628521962,266379.72528264293,50000.0,18867.5585085443,0.0
2463,0,716179.3255822567,952349.5937764909,266873.52885156515,50000.0,18441.70560657937,0.0
2464,0,716548.6948682487,952744.6303699348,266835.0610297277,50000.0,18608.026917583302,0.0
2465,0,716344.9770712388,952618.1275332773,267286.78477246803,50000.0,18192.53060826791,0.0
2466,0,716925.8736053711,953211.3138203289,267095.6172838807,50000.0,18568.981790341073,0.0
2467,0,717779.5562166541,954047.6918427336,266649.34841659316,50000.0,19058.601262762742,0.0
2468,0,717648.1312071026,954047.1489677601,267326.17043396167,50000.0,18389.66470014861,0.0
2469,0,718552.4754343602,958012.9364761834,282005.8944312011,50000.0,8770.942104205593,0.0
2470,0,718504.651627737,957960.8076284949,282001.9621058612,50000.0,8726.444027714137,0.0
2471,0,718424.0040431888,957871.9041110893,281990.31124602153,50000.0,8652.349930279697,0.0
2935,0,258082.86539260155,972126.4819061946,348999.6877020925,50000.0,47824.87215890719,0.0
2936,0,257813.08054667176,971555.0640515027,349113.2879676454,50000.0,48000.403564175285,0.0
2937,0,258784.71638930347,972689.9802896793,348415.4291432052,50000.0,47193.026396077024,0.0
2938,0,257760.89594156438,971926.9774349853,349286.6286243345,50000.0,48127.80842249396,0.0
2939,0,258403.39202472003,972820.5509722925,348872.1621558229,50000.0,47629.15204528896,0.0
2940,0,257661.6387998409,970960.2237442726,349093.3084741661,50000.0,48053.968048859504,0.0
2941,0,257960.32925779774,972149.4162670828,349140.14227694244,50000.0,47960.138593439646,0.0
2942,0,257257.9414786794,971355.4269883818,349653.7176351,50000.0,48552.354178255795,0.0
2943,0,257992.21473121605,971843.6210559134,349009.07297460345,50000.0,47865.226696893435,0.0
2944,0,257488.67018573495,970848.972205788,349246.67743501614,50000.0,48217.8001107892,0.0
2945,0,257060.9802183187,971527.5523797929,349921.40822164685,50000.0,48794.20362912597,0.0
2946,0,257918.88566373906,971272.8939403435,348910.74142912985,50000.0,47836.50001718301,0.0
2947,0,257144.61373035697,971221.3827567192,349734.9959453182,50000.0,48647.801945166146,0.0
2948,0,258659.21545419702,972793.3015140734,348585.00762781,50000.0,47349.46531159336,0.0
2949,0,257789.49481311502,971089.4579691042,348994.4407863437,50000.0,47941.09945352698,0.0
2950,0,257132.11864965098,970881.2754308657,349643.26671910775,50000.0,48600.314662126475,0.0
2951,0,257844.98674016012,971870.6816315172,349177.5293194549,50000.0,48027.15946206254,0.0
2952,0,256986.69687772827,970879.1557816264,349800.33502756385,50000.0,48753.79227061354,0.0
2953,0,257404.25967378975,971344.5225424644,349491.48654412775,50000.0,48395.0690811929,0.0
2954,0,257226.8326450182,971493.4566606825,349730.6092372271,50000.0,48611.4041643995,0.0
2955,0,258117.5703781386,972384.2271112334,349043.6918497128,50000.0,47840.93437599317,0.0
2956,0,258122.76279474446,971554.798137571,348776.987074217,50000.0,47671.65373221888,0.0
2957,0,258575.46182489727,972496.0981456616,348581.2891468721,50000.0,47375.540642838416,0.0
2958,0,258274.70961353515,972454.6905646749,348895.2131787326,50000.0,47687.95584210118,0.0
2959,0,257668.71689695778,971588.2932950166,349280.4249137348,50000.0,48159.99477842484,0.0
2960,0,257791.57487517007,971311.525171225,349060.86067694775,50000.0,47978.334319908136,0.0
2961,0,257003.9860855064,971223.2972689848,349888.224851105,50000.0,48797.31027359053,0.0
2962,0,257007.52343585633,971681.0107766674,350027.7111263286,50000.0,48881.033180083585,0.0
2963,0,258453.58265042247,972626.0157508587,348755.2614728053,50000.0,47533.233457348804,0.0
2964,0,257988.56410162928,971519.5819507134,348911.7075718044,50000.0,47807.52438971536,0.0
2965,0,258605.52274879423,972930.9924893873,348687.62127617525,50000.0,47437.173723222055,0.0
2966,0,258589.6297551709,971623.6124767424,348291.58013394277,50000.0,47189.062013934294,0.0
2967,0,258459.78940240858,971546.489180513,348408.557505261,50000.0,47312.646464220845,0.0
2968,0,258288.14962440365,971502.1048139343,348581.07356595143,50000.0,47486.54232849936,0.0
2969,0,258196.88483266832,971233.2468138307,348596.87604531366,50000.0,47535.14639570861,0.0
2970,0,258075.8029555737,971081.9720193665,348681.6016774574,50000.0,47636.98233974404,0.0
2971,0,257942.4974811431,970944.2241952709,348783.8386317389,50000.0,47754.41370065003,0.0
2972,0,257873.95265495204,970810.6310355102,348817.22312035284,50000.0,47804.46462522881,0.0
2973,0,258117.1781829983,971256.1992117716,348690.4341513278,50000.0,47623.55184901617,0.0
2974,0,257549.73931006645,972296.9712941321,349633.4742278744,50000.0,48428.88793406568,0.0
2975,0,257227.1510228632,972038.959815459,349902.19514349825,50000.0,48719.31948346808,0.0
2976,0,256476.84236270908,971154.4212856352,350438.95867282903,50000.0,49343.86415091988,0.0
2977,0,257404.122052454,972107.54647321,349731.56066721247,50000.0,48544.708453052604,0.0
2978,0,257232.45107195622,971842.5622472005,349834.25542130327,50000.0,48673.71289388319,0.0
2979,0,257554.29006455507,972401.9675857862,349662.03626074217,50000.0,48446.36928874977,0.0
2980,0,257347.5563956419,972197.7825424391,349821.76303117204,50000.0,48623.88592028521,0.0
2981,0,256338.2706962987,971081.9226356035,350566.7683164559,50000.0,49477.416314021815,0.0
2982,0,257362.61478897615,971732.8600075621,349658.24550427997,50000.0,48513.36138279879,0.0
2983,0,257467.35627504284,971635.5913959843,349513.9181228324,50000.0,48383.02979632202,0.0
2984,0,258164.610501278,971803.5653265059,348809.2430830826,50000.0,47674.16517728149,0.0
2985,0,258283.55833731484,971897.7304297473,348709.56110565003,50000.0,47565.88333390357,0.0
2986,0,258273.939898958,972054.0285376183,348769.15661166154,50000.0,47606.81231310685,0.0
2987,0,259176.3199015316,971639.2210350861,347659.63195366523,50000.0,46569.96525650473,0.0
2988,0,259005.02058508393,971671.4533759204,347855.5403980457,50000.0,46757.32166210191,0.0
2989,0,258924.864820442,971231.2083289389,347806.65878030803,50000.0,46764.97804058124,0.0
2990,0,258672.6038806374,970992.1677678816,348006.9744065434,50000.0,46991.520803520085,0.0
3312,0,552901.9865689762,1012677.8961115857,64280.96710334464,50000.0,11878.54786625384,0.0
3313,0,551774.3106884062,1010087.3631243497,66722.44926481355,50000.0,12456.384172151958,0.0
3314,0,552333.1155060073,1011164.5647121198,65674.79664483278,50000.0,12253.14191774321,0.0
3315,0,551623.3105862762,1009401.0023382967,67322.9626721545,50000.0,12849.334322766324,0.0
3316,0,552194.5145417511,1010661.353400495,66122.80639776656,50000.0,12471.063604465784,0.0
3317,0,551915.9524779727,1009709.7808403741,66978.42338178717,50000.0,12910.225929939583,0.0
3318,0,552733.7498275195,1011554.4808610121,65228.604493688785,50000.0,12422.662316714139,0.0
3319,0,552185.2064692697,1010252.6851718993,66453.30273132792,50000.0,12772.570720697977,0.0
3320,0,551690.3360401596,1008977.1188620114,67643.23586947264,50000.0,13273.848558726451,0.0
3321,0,552968.6815398134,1011902.8111917046,64871.68846965255,50000.0,12448.844876226314,0.0
3322,0,552625.3114536931,1010806.8529327114,65863.05055162731,50000.0,12835.979788258042,0.0
3323,0,552290.2007899474,1009961.1377226509,66653.80188816665,50000.0,13113.746232214382,0.0
3324,0,552843.7908477697,1011154.6076341501,65511.73399138073,50000.0,12825.409790850304,0.0
3325,0,552579.1165491155,1010481.0550389866,66140.39984976749,50000.0,13027.970632389486,0.0
3326,0,553012.0707597163,1011474.9422794465,65199.09602535281,50000.0,12787.45448853411,0.0
3327,0,552313.0089368541,1009599.9273122406,66938.9379777078,50000.0,13425.067425519177,0.0
3328,0,552022.1363740417,1008897.9547625054,67601.92981473885,50000.0,13690.588255219502,0.0
3329,0,552195.9927720198,1009245.3408061542,67264.24006272442,50000.0,13587.272732203328,0.0
3330,0,550015.9253380387,1013028.898784274,65110.218795003086,50000.0,8410.800505611527,0.0
3331,0,550174.3463223185,1012837.7193522878,65187.83754093505,50000.0,8707.521412671867,0.0
3332,0,550812.397689573,1013877.7437596802,64155.582502490135,50000.0,8835.150652857978,0.0
3333,0,550203.6773418454,1012444.9424319689,65469.866534400426,50000.0,8994.214092154416,0.0
3334,0,551235.193549527,1014582.6177323775,63460.644813024745,50000.0,8979.457747465001,0.0
3335,0,551082.0126760475,1014193.3231831082,63811.60028176873,50000.0,8983.90923973375,0.0
3336,0,550487.9281097347,1012832.9318550802,65065.68488302822,50000.0,9063.450195028638,0.0
3337,0,551154.0317153494,1013872.6115226084,64021.27564047801,50000.0,9224.501320954203,0.0
3338,0,550450.7219834327,1012241.8925532643,65525.57820957241,50000.0,9406.665127233908,0.0
3339,0,551580.3976843988,1014760.655754416,63187.770260857644,50000.0,9292.703571887025,0.0
3340,0,550666.4815613537,1012593.2736164234,65175.62464005355,50000.0,9416.117733696126,0.0
3341,0,551434.5463839137,1014281.6668469219,63603.222279332585,50000.0,9340.634609576446,0.0
3342,0,551964.0070395146,1014883.7982469538,62941.19072142447,50000.0,9673.602245013959,0.0
3343,0,551782.3090863394,1014456.7851418282,63333.16792133477,50000.0,9652.732206997629,0.0
3344,0,550993.077316803,1012633.5240275796,65018.23360459225,50000.0,9757.294230856725,0.0
3345,0,551647.0962286473,1014027.5607626346,63709.028872338786,50000.0,9704.181203733555,0.0
3346,0,552198.2143935108,1014719.1748008683,62971.4349640312,50000.0,10006.265573914081,0.0
3347,0,552039.5964052357,1014330.4367204019,63326.628064347664,50000.0,10001.725898220027,0.0
3348,0,551888.1595654689,1013930.6954036135,63687.85729803548,50000.0,10025.825614678088,0.0
3349,0,551832.7133305861,1013030.3787429625,64395.40897874729,50000.0,10459.825277406026,0.0
3350,0,552189.3951172122,1013774.1888105557,63691.16252276739,50000.0,10447.703446844629,0.0
3351,0,552090.4413599063,1013387.5271583763,64024.50277693299,50000.0,10545.319915693157,0.0
3352,0,551939.3088426145,1011882.6832458887,65245.54474292134,50000.0,11312.174647058917,0.0
3353,0,551826.3412285737,1011487.522031497,65595.33076580772,50000.0,11461.16072681355,0.0
3354,0,551708.7715435933,1011135.2482317021,65913.67093633159,50000.0,11585.357161511172,0.0
3355,0,552235.0292315114,1011820.8180436769,65189.36346460879,50000.0,11684.228399305197,0.0
3356,0,552681.2721055142,1012824.7029564964,64243.84952867772,50000.0,11540.48204001083,0.0
3357,0,552119.5037455854,1011396.9325368641,65563.92865122764,50000.0,11850.46523759887,0.0
3358,0,551815.6589303301,1010551.5484947715,66338.44059073355,50000.0,12140.169591590915,0.0
3359,0,552011.4981173387,1011000.7698556823,65914.77090561688,50000.0,12017.57069361108,0.0
3360,0,552968.3483192489,1013097.4877313321,63928.14729739807,50000.0,11703.358295634876,0.0
3361,0,552409.31215697,1011586.9687312931,65313.41911641691,50000.0,12039.054476067357,0.0
3362,0,552375.2202091623,1016521.6107409341,61562.01157651024,50000.0,9612.286736381007,0.0
3363,0,553270.3209394658,1016541.4808908999,61180.221570016154,50000.0,10582.839986575169,0.0
3416,1,365830.7160998141,1003647.6560018325,240967.823935771,50000.0,5684.82581222972,26.0
3417,1,365658.00409090414,1003752.0986659578,241192.09338822975,50000.0,5671.53385279246,26.0
3418,1,366204.5769516318,1004312.5033641354,240769.07445161525,50000.0,5031.5152733288405,35.0
3419,1,366351.2643522349,1004531.5964554461,240678.17275503548,50000.0,4807.934868593336,36.0
3420,1,365824.1788088843,1003844.4338064985,241038.20075089746,50000.0,5535.530560498889,26.0
3421,1,366026.5415985505,1004102.7906443328,240897.92429302598,50000.0,5260.28497890528,33.0
3422,1,365760.11889390566,1003758.3590923474,241081.29847465063,50000.0,5625.927126707214,26.0
3423,1,367715.6015163381,1005849.4201680372,239602.47462619713,50000.0,3291.3114366108252,25.0
3424,1,367644.6443418356,1006697.3854230543,239967.8255412237,50000.0,2699.5268138908837,1.0
3425,1,366514.5782916478,1004687.0212374731,240548.27887233027,50000.0,4626.191019593788,36.0
3426,1,365536.4637543893,1003574.1973584387,241269.26686576623,50000.0,5853.803001759726,32.0
3427,1,366616.4030839986,1004722.750553459,240447.29822485222,50000.0,4560.364529442395,37.0
3428,1,367524.4723237917,1006446.1618721164,240015.67456147596,50000.0,2921.8393302947884,1.0
3429,1,366164.1278969277,1004162.7875911845,240765.24847782793,50000.0,5161.747363123112,33.0
3430,1,367372.34600270976,1006316.3280791338,240140.48686676478,50000.0,3085.267271234992,1.0
3431,1,365922.91747303866,1004002.770352369,240980.13183183494,50000.0,5376.8110372020055,33.0
3432,1,367512.4297716299,1006585.5231593202,240076.4942816977,50000.0,2841.925980748566,1.0
3433,1,365819.4125893045,1003952.70301187,241078.35867726666,50000.0,5456.092448586672,33.0
3434,1,367668.91112130496,1005762.6772311305,239625.26874782357,50000.0,3377.2076968417755,25.0
3435,1,366691.5797875317,1004808.7788973646,240392.28743392281,50000.0,4465.921551676471,37.0
3436,1,367814.91347688244,1005965.0912868726,239531.06181468835,50000.0,3166.3564783357165,25.0
3437,1,367674.945732385,1005970.2360515615,239688.01168981584,50000.0,3204.6355708266383,25.0
3438,1,367445.6818069988,1006400.5700301956,240087.66320980282,50000.0,2992.675965914861,1.0
3439,1,366429.99745809304,1004603.6592959699,240614.60242431887,50000.0,4722.44207112566,36.0
3440,1,364098.57044388587,1009505.7548053878,244927.71883601666,50000.0,6860.391534972811,4.0
3441,1,364975.34496175544,1009632.4353470154,243993.58239082978,50000.0,5949.320313030752,4.0
3442,1,363967.3372301597,1009009.047658707,244889.67016237925,50000.0,6727.50251830141,4.0
3443,1,364566.7309670481,1009971.5380469578,244578.367651817,50000.0,6629.948862932576,11.0
3444,1,363585.03523249854,1007763.4526437977,244861.5067115107,50000.0,6621.066709284561,4.0
3445,1,364193.29896626086,1009549.1283140262,244837.90139632838,50000.0,6779.687769282902,4.0
3446,1,364751.74298878765,1009384.6883655434,244151.55710594857,50000.0,6050.1587606093935,4.0
3447,1,364105.93412516464,1008592.5086088469,244581.31147085116,50000.0,6364.144977811528,4.0
3448,1,365154.2279061083,1009702.3061921112,243819.42535762757,50000.0,5792.6240831768855,4.0
3449,1,364277.03419905616,1009645.3025603467,244780.17887245398,50000.0,6744.482508475274,4.0
3450,1,363674.17152906477,1007849.5316898669,244793.12183964878,50000.0,6550.797300766318,4.0
3451,1,364011.4355165638,1008534.9687700522,244665.81640584485,50000.0,6444.4785779445265,4.0
3452,1,365060.24550385197,1009652.0393807514,243905.86524605766,50000.0,5866.142447390416,4.0
3453,1,364828.21672836127,1009495.0107004434,244107.02263247684,50000.0,6029.960158473872,4.0
3454,1,364492.3818571537,1009888.9071416496,244630.5262873199,50000.0,6658.375119471657,11.0
3455,1,364060.1713731728,1009046.1727503504,244799.5929688902,50000.0,6642.195482779909,4.0
3456,1,364415.2564234628,1009800.2014914786,244683.5423851184,50000.0,6687.144782089772,11.0
3457,1,363891.9574350374,1007972.5358845779,244594.5569744939,50000.0,6351.065793105463,4.0
3458,1,364205.7703617159,1008657.0574153474,244493.41921548065,50000.0,6281.508566785282,4.0
3459,1,365235.2426536685,1009779.8032250853,243757.68209367752,50000.0,5752.184040944657,4.0
3460,1,363675.24085566064,1008214.3982109628,244924.2554954515,50000.0,6685.539638927088,4.0
3461,1,364299.5836979179,1008719.9363479833,244411.6546157388,50000.0,6205.445773256596,4.0
3462,1,363773.5292836434,1007923.0635667522,244708.82443240628,50000.0,6465.591679248945,4.0
3463,1,364153.9525750876,1009100.8882884359,244714.97424382775,50000.0,6565.56262535632,4.0
3464,1,364393.07777512935,1003822.2460806189,242612.72397269052,50000.0,6292.723583731784,32.0
3465,1,364753.8061800408,1004091.275298209,242301.47564413576,50000.0,5920.375081313143,26.0
3466,1,366762.6872442264,1005712.6867830982,240613.30803695272,50000.0,3794.1115039268016,25.0
3569,0,582233.0025067606,881441.287183991,205058.2523127111,50000.0,916.3445485500205,0.0
3570,0,581775.0277544472,880541.8819626707,205816.21494727404,50000.0,1506.2006664549097,0.0
3571,0,581538.2129152534,879401.0504850999,206913.9140963807,50000.0,2382.5838218935737,0.0
3572,0,582144.7551888401,882037.9337113956,204399.75219579693,50000.0,1279.3802491117194,0.0
3573,0,580770.6354266588,880717.9085720157,205238.78046308697,50000.0,2370.00103194994,0.0
3574,0,582070.4543528204,880442.3130912863,206037.0585674252,50000.0,1358.2891037400316,0.0
3575,0,582356.2250501773,881206.1093293444,205352.9603964373,50000.0,790.8642195345197,0.0
3576,0,582279.6979979897,880132.1596214233,206443.93929822693,50000.0,1501.36714023054,0.0
3577,0,581420.4573492738,880619.1873591384,205595.8723266498,50000.0,1774.394117370803,0.0
3578,0,581966.8033097397,880079.6956381692,206374.59161928066,50000.0,1668.3144419257078,0.0
3579,0,582703.6062837432,880939.8600830239,205769.73122430727,50000.0,676.0017106902668,0.0
3580,0,581802.7344564517,879081.9360609949,207351.0988963344,50000.0,2559.4628177553604,0.0
3581,0,582590.6785560823,880588.5022588169,206091.45641956755,50000.0,1011.9741637062672,0.0
3582,0,581906.9646024661,882208.564790896,204127.1074309669,50000.0,1624.9065112360183,0.0
3583,0,582692.3696980004,881660.1462971014,205012.902195331,50000.0,504.3313225854341,0.0
3584,0,581317.0122184454,881113.9746408314,205038.43631046044,50000.0,1821.8894906276337,0.0
3585,0,581486.8387832835,881531.8798329941,204668.5030927882,50000.0,1719.0748497527445,0.0
3586,0,582935.6734727671,881975.2311047749,204781.3061152051,50000.0,532.4495256978164,0.0
3587,0,582983.9046097968,881685.8306610964,205103.0404964278,50000.0,231.58639710331025,0.0
3588,0,581897.5047611174,880884.5364072899,205506.75835693636,50000.0,1280.3283423468652,0.0
3589,0,581348.9702376422,880250.7070936846,205952.62123198656,50000.0,1964.9810483117071,0.0
3590,0,581063.2303138301,879711.7404545554,206403.52703888484,50000.0,2442.9911545867058,0.0
3591,0,582462.7276852254,881808.3389240585,204766.28009090284,50000.0,819.7784702429383,0.0
3592,0,582411.6115101471,879537.5692263022,207117.0061084166,50000.0,2031.4665749642263,0.0
3593,0,581831.1739451018,879449.1535668998,206979.1285285896,50000.0,2230.234181627187,0.0
3594,0,581382.76175799,879873.2686040731,206359.95615088797,50000.0,2137.967699882129,0.0
3595,0,581468.8265980637,879047.8575041302,207255.23353859218,50000.0,2693.9185694309267,0.0
3596,0,582999.5378500896,881158.1080319707,205660.52287125395,50000.0,407.4675224615785,0.0
3597,0,581100.345260679,880789.2618773335,205292.80798929994,50000.0,2043.2305096166692,0.0
3598,0,581647.4203965758,881296.2582824917,204977.92061354814,50000.0,1500.4457716398363,0.0
3599,0,582673.3890267248,882105.658690169,204539.81341780056,50000.0,849.9495145849413,0.0
3600,0,580971.2080965851,879265.9344539408,206832.97474007373,50000.0,2772.2938539934753,0.0
3601,0,581152.813456083,881375.6109802504,204700.74411371056,50000.0,2028.517413208755,0.0
3602,0,581258.4009480388,878859.803120111,207368.97054008933,50000.0,2928.5795299718725,0.0
3603,0,582671.6588698669,881247.500067588,205435.65649673413,50000.0,500.6762629092739,0.0
3604,0,581662.8021302442,880165.8909631944,206164.55507376025,50000.0,1782.9952466823659,0.0
3605,0,581557.6083773628,880958.7021758298,205295.1754108339,50000.0,1584.7139553687182,0.0
3606,0,581685.3788985923,879842.1284998769,206511.4532285235,50000.0,1982.276373165185,0.0
3607,0,580742.6236187374,880397.0061809391,205563.0765848309,50000.0,2439.8883980103496,0.0
3608,0,580430.9302525041,880409.7613691912,205428.8744893134,50000.0,2729.400566777474,0.0
3609,0,582979.6520980909,880840.6026331916,205984.07936627083,50000.0,727.5375155686112,0.0
3610,0,582299.3139869196,879802.0419684773,206796.31661492528,50000.0,1792.6964049359538,0.0
3611,0,581972.8166000609,879781.0758000151,206688.68984730038,50000.0,1902.1587141180592,0.0
3612,0,580960.5814240173,881043.2893090516,204972.85345564276,50000.0,2179.920718558968,0.0
3613,0,581253.9958219139,879462.7237549031,206738.04696330446,50000.0,2479.1944176695583,0.0
3614,0,581252.3872415986,879161.5778781036,207051.71568687382,50000.0,2696.2278461817086,0.0
3615,0,582480.4903620789,879144.8322698214,207554.2211868928,50000.0,2421.5328266010874,0.0
3616,0,582748.7464025405,879339.148250098,207458.6017997696,50000.0,2245.2812870645876,0.0
3617,0,583127.8391432766,879933.9086487902,206990.11813555594,50000.0,1679.401932937756,0.0
3618,0,582726.1577316222,879912.846360303,206850.9209625243,50000.0,1654.875307302301,0.0
3619,0,582868.1296696088,880325.3375409347,206477.24866934968,50000.0,1244.7538200314505,0.0
4105,0,574622.0681901954,886913.1615190392,196471.64586275848,50000.0,955.7820378359218,0.0
4106,0,574316.4501894014,887209.802089183,196053.0249036333,50000.0,588.1815956899761,0.0
4107,0,575847.1224487082,889757.9627484282,193922.42544560976,50000.0,2097.137849962938,0.0
4108,0,575544.9200927067,889653.8017597793,193923.2436172076,50000.0,1913.2235108741713,0.0
4109,0,575360.6590039862,888009.8399369782,195583.25313038807,50000.0,820.2281167624504,0.0
4110,0,575868.9734670776,888099.9023222326,195671.11968439183,50000.0,1331.9125292831588,0.0
4111,0,576496.437111918,888439.5822280298,195541.95820836647,50000.0,1955.7453884229792,0.0
4112,0,576068.3822109731,888469.3467584855,195355.3546710986,50000.0,1542.4858451666332,0.0
4113,0,575662.9711952626,888430.8499431635,195249.66845525394,50000.0,1162.9749927386465,0.0
4114,0,575309.7027264272,888435.0063172636,195118.8351958959,50000.0,878.0345559917719,0.0
4115,0,574947.8210570009,887845.6421073073,195608.61424466822,50000.0,413.9085991639704,0.0
4116,0,574979.71416149,888280.3671616744,195163.71074261327,50000.0,572.5689812808486,0.0
4117,0,575020.0763167754,888737.3880975704,194698.30997180621,50000.0,962.6591867111671,0.0
4118,0,575363.5593587143,888883.0297718992,194667.7446807095,50000.0,1202.817253674071,0.0
4119,0,575749.4135656814,888894.9504947007,194793.5356088423,50000.0,1430.7462001915073,0.0
4120,0,575553.4882394305,889237.1114652473,194363.92467937342,50000.0,1561.181314098351,0.0
4121,0,575963.217021426,889332.670279824,194410.95885529608,50000.0,1833.2723358977769,0.0
4122,0,575170.1596798733,889587.6260975547,193858.88381555842,50000.0,1793.692415578136,0.0
4123,0,575103.4987245856,889125.1180356599,194320.8694245217,50000.0,1339.2422755191758,0.0
4124,0,574816.4592978199,889476.3335050229,193850.2347732369,50000.0,1698.9733531974778,0.0
4125,0,574696.2147114006,888562.6596879148,194767.0594509087,50000.0,771.1905501771816,0.0
4126,0,574741.2807465467,889026.4231365978,194296.10027205857,50000.0,1244.2549784153473,0.0
4127,0,574341.9490701049,888991.9861904923,194191.65548976845,50000.0,1334.8628494805498,0.0
4128,0,574311.5076523175,888526.6011581366,194669.54386285253,50000.0,871.6027653353393,0.0
4129,0,573960.3359855934,888398.8900581602,194680.837023222,50000.0,1004.0747105988208,0.0
4130,0,573905.5221814268,887171.7156506251,195949.37779308323,50000.0,780.3249295884407,0.0
4131,0,573633.409946317,887347.9560165384,195669.99667127914,50000.0,925.6806521157241,0.0
4132,0,573668.1627276508,886873.4941577646,196179.7003007634,50000.0,1112.8291067798016,0.0
4133,0,573330.7935064143,887076.1751021115,195850.51665376668,50000.0,1265.6970895264128,0.0
4134,0,573298.7524061045,887526.9628772665,195366.61231199637,50000.0,1247.7685777101024,0.0
4135,0,573545.7865553393,887772.6665754662,195194.0858773057,50000.0,1037.8551061849805,0.0
4136,0,573888.2244711032,887962.4897509922,195113.71797378577,50000.0,757.3717838734199,0.0
4137,0,574120.998210704,887574.2497965441,195602.26652092085,50000.0,431.68815001341545,0.0
4138,0,574219.6219065269,888062.0978228986,195124.8701139798,50000.0,499.62173690801893,0.0
4139,0,574662.2771028689,888149.3246172395,195188.9159339442,50000.0,353.65875992788153,0.0
4140,0,574669.729842523,887687.5726171033,195676.0886492655,50000.0,201.15479006104735,0.0
4141,0,575437.5857138645,887341.7236676929,196311.75369586074,50000.0,1177.2675389696617,0.0
4142,0,575762.8034873686,887347.6492887399,196422.19023678865,50000.0,1494.5560725130983,0.0
4143,0,575628.9391301927,887729.3859506539,195973.59866493862,50000.0,1165.161104400708,0.0
4144,0,575986.5666712692,887635.6896122274,196200.64668425728,50000.0,1576.9196617039959,0.0
4145,0,576203.8374070611,888068.6819260882,195824.90705772152,50000.0,1680.6920049880969,0.0
4146,0,576334.4971992328,887554.0484770528,196412.30867182827,50000.0,1975.1054030850446,0.0
4147,0,576162.765130116,887115.5204478323,196810.04219505622,50000.0,2036.8121591158754,0.0
4148,0,575862.7113644918,886952.6162734608,196872.51585730404,50000.0,1858.877495653192,0.0
4149,0,575495.7603564269,886998.4578447662,196692.63791871545,50000.0,1488.3078708874405,0.0
4150,0,575138.4536171325,887114.6536327614,196443.22735832445,50000.0,1084.9728656261923,0.0
4151,0,574898.5469051825,887432.5294950043,196024.58675898676,50000.0,610.9739020565441,0.0
4152,0,575193.3150493513,887562.9356997634,195992.49274075276,50000.0,793.974474678566,0.0
4656,0,608335.4464624838,1066597.9268305725,15666.865984765542,50000.0,17152.811427330525,0.0
4657,0,608443.9334895223,1066570.8289679133,15808.890052869421,50000.0,17007.458176618376,0.0
4658,0,608594.1809307962,1066607.1862758545,15929.90587713848,50000.0,16878.499426713064,0.0
4659,0,608727.3221205237,1066556.006638248,16123.089567643936,50000.0,16682.82686329799,0.0
4660,0,608860.5324176268,1066894.8651627034,15919.089084632578,50000.0,16871.848128470116,0.0
4661,0,608711.3898629308,1066870.1448745716,15785.319852369477,50000.0,17009.371007039164,0.0
4662,0,608609.8557540913,1066907.3973450502,15639.405293180404,50000.0,17156.619605023217,0.0
4663,0,608510.9275283369,1066925.3164331596,15516.06016630598,50000.0,17281.989762758167,0.0
4664,0,608679.1272084031,1067175.4527979384,15440.938126936633,50000.0,17347.339649759866,0.0
4665,0,608796.1287042616,1067173.2335022518,15568.455538561208,50000.0,17218.572304065383,0.0
4666,0,608934.9495712094,1067177.2047932805,15713.39963860676,50000.0,17072.628606076414,0.0
4667,0,609070.6670978002,1067231.5964350137,15804.772003333122,50000.0,16980.933559415625,0.0
4668,0,608839.1531267951,1067437.290607357,15349.016493475063,50000.0,17436.747332103023,0.0
4669,0,608970.3388681123,1067452.3655901074,15475.519123285345,50000.0,17310.963071997987,0.0
4670,0,609102.8688744549,1067464.4919335947,15606.785983804457,50000.0,17181.081291497023,0.0
4671,0,609241.5825898666,1067492.8509882903,15728.996570058618,50000.0,17061.370762007704,0.0
4672,0,608986.9447471339,1067663.0410267808,15283.545901171909,50000.0,17506.187467626885,0.0
4673,0,609126.0504925029,1067705.4024131591,15392.722453068387,50000.0,17400.633323544564,0.0
4674,0,609259.4105206303,1067704.1658901593,15539.22463501965,50000.0,17257.259901617977,0.0
4675,0,609373.7864871251,1067702.4322438277,15665.741227268856,50000.0,17133.823491082247,0.0
4676,0,609424.9687643182,1067865.7510119474,15561.369157096264,50000.0,17246.774539397098,0.0
4677,0,609356.8316531539,1067960.4391207516,15393.982116795407,50000.0,17416.151357002913,0.0
4678,0,609348.0480282531,1066483.6744530678,16856.239980659113,50000.0,15935.33753485199,0.0
4679,0,609419.8287838041,1066361.357262962,17056.82101977343,50000.0,15736.465699954317,0.0
4680,0,609662.5789898358,1066376.1393937373,17301.109124074737,50000.0,15487.580755971116,0.0
4681,0,609722.6637655377,1066294.5798456648,17447.746040780203,50000.0,15341.574242917373,0.0
4682,0,609849.4628978504,1066298.6955186117,17579.331365950216,50000.0,15208.282616213563,0.0
4683,0,609859.147819166,1066456.9474213663,17430.542053754307,50000.0,15355.445475895374,0.0
4684,0,609625.0510325191,1066493.795782031,17142.238849028774,50000.0,15645.11348617047,0.0
4685,0,609635.5418824728,1066683.804499576,16962.401649059124,50000.0,15823.360672860068,0.0
4686,0,609733.8045536041,1066641.6770747167,17110.38404211061,50000.0,15675.300104913986,0.0
4687,0,609797.9972548964,1066809.3716453745,17011.884132280335,50000.0,15774.682575227063,0.0
4688,0,609957.3554489391,1066894.5726564708,17099.59007898301,50000.0,15690.064053274044,0.0
4689,0,609663.9675819773,1066817.0626479888,16859.509831631647,50000.0,15926.370116626575,0.0
4690,0,609574.2071428013,1066942.56457728,16637.190874158612,50000.0,16149.016291756669,0.0
4691,0,609531.7082499749,1067080.089179398,16454.020529084482,50000.0,16333.215407343901,0.0
4692,0,609629.4623075164,1067220.5930301943,16420.29601005405,50000.0,16370.816341459062,0.0
4693,0,609817.4644516774,1067308.6783654657,16537.811294181112,50000.0,16260.154381702623,0.0
4694,0,609773.1068391878,1067069.7015875275,16725.902930326993,50000.0,16064.36942457502,0.0
4695,0,609998.1941945361,1067334.8394579059,16709.430841803613,50000.0,16095.109866562785,0.0
4696,0,609946.3069362906,1067156.3219920185,16828.49834861153,50000.0,15967.761385496646,0.0
4697,0,610171.1310612519,1067400.136485727,16834.90779083323,50000.0,15979.337513245238,0.0
4698,0,610314.636473292,1067470.3581164733,16924.13877931348,50000.0,15900.673711979474,0.0
4699,0,610299.595827146,1067305.6790122816,17068.06521357757,50000.0,15746.556273865639,0.0
4700,0,610151.2775455336,1067199.2304088876,17009.907916215372,50000.0,15793.999860722814,0.0
5127,0,585236.1782224675,954058.4810297943,128814.75972443166,50000.0,11720.523595272005,0.0
5128,0,584588.8552145446,953514.7111799318,129136.04003798109,50000.0,12145.603106220839,0.0
5129,0,584632.5992765217,954168.7549022823,128441.4682845135,50000.0,11458.075012803502,0.0
5130,0,584025.7710676237,953721.2410648895,128678.02263847257,50000.0,11820.860661826,0.0
5131,0,583574.3127984324,953697.7499440294,128518.91817352465,50000.0,11784.183618772804,0.0
5132,0,583805.000698138,954049.7206949246,128229.57944150805,50000.0,11445.21054710353,0.0
5133,0,584094.1410377243,954180.1267967996,128206.10947035199,50000.0,11348.92974640646,0.0
5134,0,584359.7333605106,954431.5882876926,128041.65630931118,50000.0,11127.237603902846,0.0
5135,0,584648.8523151638,954627.5222861395,127948.0998254568,50000.0,10973.460904459473,0.0
5136,0,585005.0769570604,954490.274254782,128246.71208224588,50000.0,11197.990732249347,0.0
5137,0,584949.5297060624,954893.256547685,127783.96586443402,50000.0,10754.0241628601,0.0
5138,0,585012.7776653003,955442.0081544548,127211.92229881539,50000.0,10182.101686836018,0.0
5139,0,584627.2432071053,955160.6199034785,127357.76649053291,50000.0,10403.819803740838,0.0
5140,0,584431.8922958783,955042.1690837102,127405.82571875141,50000.0,10495.070503957008,0.0
5141,0,584231.8839993343,954743.0307812559,127649.29082506694,50000.0,10778.368118473762,0.0
5142,0,584455.5446030893,955423.2038230939,127000.06088320671,50000.0,10097.586237774833,0.0
5143,0,584748.5095944024,955662.064113406,126861.29485837641,50000.0,9894.974352356081,0.0
5144,0,584584.9411997469,956097.3496369227,126318.26673330262,50000.0,9408.647471057342,0.0
5145,0,584257.6354920372,955676.3013564871,126642.15249303312,50000.0,9804.813798277528,0.0
5146,0,583987.2341793161,955506.1906638169,126716.4795195322,50000.0,9951.743733699057,0.0
5147,0,584176.1266230387,955202.1275544069,127125.71586675545,50000.0,10289.478849634708,0.0
5148,0,583921.3420966465,955008.5079322772,127232.16577403419,50000.0,10460.844114974265,0.0
5149,0,583909.7239377196,954526.0213977797,127753.37651298975,50000.0,10961.456875154061,0.0
5150,0,583638.5141710395,954376.7424670219,127805.26518644718,50000.0,11086.607382651358,0.0
5151,0,583701.1836403538,954886.1353736654,127275.59809878013,50000.0,10566.049463965914,0.0
5152,0,583459.6423587531,955093.6568011477,126951.18089502459,50000.0,10336.472300782687,0.0
5153,0,583731.9845878284,955355.8574927062,126776.03988027661,50000.0,10085.067006415282,0.0
5154,0,583222.9065426529,955518.232487978,126392.63152027328,50000.0,9900.651415523684,0.0
5155,0,583495.746307955,955662.0019571716,126346.15037838736,50000.0,9760.66554069208,0.0
5156,0,583804.2672798499,955753.9785779725,126371.3653221782,50000.0,9681.765303232276,0.0
5157,0,584091.513991608,955915.1069983435,126313.25595686004,50000.0,9538.731415411361,0.0
5158,0,584338.7662230657,956256.7278620941,126042.38242383549,50000.0,9209.966439335765,0.0
5159,0,583897.7119781162,956163.4921878136,125962.8406957669,50000.0,9268.555438286787,0.0
5160,0,584557.7088246439,956446.1700135721,125926.28439656577,50000.0,9039.189598599676,0.0
5161,0,584878.3132835076,953886.1673836658,128852.12052791791,50000.0,11814.635964706566,0.0
5162,0,584334.2101661041,953944.6593833423,128561.81504265769,50000.0,11637.633755364155,0.0
5163,0,585352.4957303156,955946.8523379483,126804.08273471259,50000.0,9720.886575542838,0.0
5164,0,585752.6433798358,956081.7493256537,126826.6426392662,50000.0,9683.115521720678,0.0
5165,0,585431.7079105929,954686.6680383312,128212.47167028859,50000.0,11097.458619646759,0.0
5166,0,585315.4647209626,955081.9124022315,127732.1899438878,50000.0,10640.546708242471,0.0
5167,0,585878.2257523002,955559.2461971549,127450.53525536969,50000.0,10286.36881199697,0.0
5168,0,585717.5256907505,955106.2282957233,127876.25635299497,50000.0,10727.378700017267,0.0
5672,0,758040.1166539914,1011055.9500612444,231866.27021452493,50000.0,5734.27405357663,0.0
5673,0,757791.2305977104,1010762.3363645029,231802.5447837515,50000.0,5419.60512700279,0.0
5674,0,757150.5061771425,1009727.108048671,231852.40101192705,50000.0,4434.208443270116,0.0
5675,0,757387.057536544,1010001.8996494795,231915.1017062751,50000.0,4729.11204202791,0.0
5676,0,757612.465180422,1010203.075323366,232021.1703111197,50000.0,4973.622579060646,0.0
5677,0,757868.9496825682,1010372.8817803715,232186.92022664633,50000.0,5217.417778761758,0.0
5678,0,758096.7393813122,1010564.596364877,232303.31061786757,50000.0,5458.4876690910905,0.0
5679,0,758941.8889383782,1010258.8597174864,233505.7905884587,50000.0,5886.543863095784,0.0
5680,0,758599.4633097991,1009619.1258370534,233597.1369296929,50000.0,5408.366070131878,0.0
5681,0,758745.3693329243,1010574.0799899678,233041.44437963463,50000.0,5873.439961808458,0.0
5682,0,758693.804475741,1010141.303536167,233309.7780222324,50000.0,5654.956047826648,0.0
5683,0,758467.7004699195,1009933.3457746998,233207.65323494564,50000.0,5406.375731245094,0.0
5684,0,758505.9588996673,1010375.803207094,232916.41407309604,50000.0,5618.809465217401,0.0
5685,0,758275.1266513491,1010216.2304048296,232772.12716995858,50000.0,5388.075083454073,0.0
5686,0,758017.325055773,1010030.453658738,232616.91461373414,50000.0,5127.266279085788,0.0
5687,0,757401.7768770503,1009466.5636411441,232338.63611372665,50000.0,4447.233896647059,0.0
5688,0,757109.4002761464,1009255.6961176406,232163.68919617395,50000.0,4151.783686794827,0.0
5689,0,757058.3374140225,1008811.9289736398,232442.91545934146,50000.0,3922.351893583628,0.0
5690,0,757259.4489898718,1008953.5768122292,232565.57552987736,50000.0,4127.2808943523,0.0
5691,0,757540.6166041208,1009119.7553942044,232761.50411945075,50000.0,4402.510675540482,0.0
5692,0,757792.3203315076,1009250.4984882909,232950.77719795404,50000.0,4643.493623626052,0.0
5693,0,758046.3139422823,1009356.8300944392,233161.36675196316,50000.0,4879.626400862789,0.0
5694,0,758282.7014379275,1009438.5274115576,233370.5762509347,50000.0,5096.004663958043,0.0
5695,0,758185.5934211381,1008992.2897837701,233598.0210789004,50000.0,4904.999818362987,0.0
5696,0,757989.2485189155,1008930.305246071,233419.95948784094,50000.0,4719.414297245284,0.0
5697,0,757738.3205235811,1008827.9729436279,233210.0698316638,50000.0,4478.806355741461,0.0
5698,0,757469.0660011191,1008679.9713258597,233014.06027459964,50000.0,4212.736468337205,0.0
5699,0,757779.656773887,1008345.6433411844,233624.46487193325,50000.0,4441.478460443,0.0
5700,0,757552.3971154001,1008297.9571595155,233400.40819119063,50000.0,4221.276914782612,0.0
5701,0,757619.1833061593,1007938.05671337,233751.10368205377,50000.0,4271.15788788856,0.0
5702,0,757414.0988029464,1007928.609596236,233523.4660419406,50000.0,4065.625541019489,0.0
5703,0,757151.721477874,1007654.7703929137,233431.9886008987,50000.0,3805.1092115941465,0.0
5704,0,757251.1329425398,1008244.5644413438,233096.0057227265,50000.0,3934.514375316249,0.0
5705,0,757009.4992201428,1008136.3558910269,232901.79024354243,50000.0,3697.416604067604,0.0
5706,0,756775.3545360235,1007930.8946595791,232790.4904258772,50000.0,3452.2325460877782,0.0
5707,0,756351.5507320209,1008158.8521798652,232131.40309900386,50000.0,3145.0437880635272,0.0
5708,0,756584.3906665586,1008388.4221580826,232222.781264759,50000.0,3405.9848242868115,0.0
5709,0,756872.0264790086,1009075.6875492783,232028.57076068484,50000.0,3908.069312612181,0.0
5710,0,756621.2344576938,1008835.3074383679,231924.27858879918,50000.0,3625.561720387371,0.0
5711,0,756391.6953870513,1008611.0027205441,231832.35323301476,50000.0,3364.8654091157914,0.0
5989,0,251754.01702766796,986513.4179754159,361513.51806984894,50000.0,60696.26823009592,0.0
5990,0,253001.48491813493,985835.4576273524,359807.3783968234,50000.0,58898.814611630456,0.0
5991,0,251428.7324978312,986106.4250833609,361696.41627641214,50000.0,60825.07905727857,0.0
5992,0,251595.60030050963,986549.5526370155,361708.2438887862,50000.0,60895.98503928801,0.0
5993,0,252803.21159299894,985795.8493015876,360012.5982791516,50000.0,59099.231656125536,0.0
5994,0,252048.88420441173,986380.0702052164,361121.4858467917,50000.0,60285.98818848575,0.0
5995,0,252478.13311395806,985834.6317263435,360395.05773267447,50000.0,59487.17312113245,0.0
5996,0,252663.60662515988,985807.1307610269,360174.4459457583,50000.0,59262.74566073238,0.0
5997,0,252046.57473997265,985833.1105105561,360879.4198066441,50000.0,59971.96364781991,0.0
5998,0,251552.10111255705,985620.688144893,361340.7131113032,50000.0,60407.150561749266,0.0
5999,0,251905.10635193717,986435.4141500674,361308.23024998046,50000.0,60480.30672733698,0.0
6000,0,251691.91693868805,985585.1750208101,361167.82342744013,50000.0,60229.60225081791,0.0
6001,0,251840.25120007867,985563.0542403762,360991.3478710206,50000.0,60050.119746798315,0.0
6002,0,252369.7859313794,985862.4559301604,360529.1822289843,50000.0,59625.03796262393,0.0
6003,0,252178.5046980161,985792.338172045,360713.0057796712,50000.0,59800.14141955209,0.0
6004,0,251276.36837504624,986179.966631698,361900.9272830522,50000.0,61039.3710648305,0.0
6005,0,250970.75131911077,985483.7815214099,361933.1897392404,50000.0,60983.68144691334,0.0
6006,0,251466.5768407455,984726.6820657513,361042.68128251773,50000.0,60002.890819916945,0.0
6007,0,251109.61163274126,984686.65434178,361425.5633683784,50000.0,60382.18230791125,0.0
6008,0,251286.83945215796,984739.6815350899,361249.9706904662,50000.0,60212.114379558014,0.0
6009,0,250938.20394665896,984680.979563581,361615.3567960389,50000.0,60571.77989604195,0.0
6010,0,251838.68211667775,984876.6164055825,360690.8640628124,50000.0,59667.274212575925,0.0
6011,0,251254.82158603863,985400.1873947049,361576.86853397166,50000.0,60616.65367609259,0.0
6012,0,251123.25908938303,985451.6851071485,361747.54000883136,50000.0,60793.84116964005,0.0
6013,0,251666.37994413456,984804.3799511113,360852.54420006165,50000.0,59821.08331092049,0.0
6014,0,249947.9240167055,984072.2074739883,362459.9247359855,50000.0,61353.49433062937,0.0
6015,0,249087.2880603117,983726.6871610534,363274.1242290076,50000.0,62135.432204641955,0.0
6016,0,250269.79306452366,984146.4458122432,362131.46940939414,50000.0,61031.81446689329,0.0
6017,0,249788.17591932358,984120.9105879165,362660.2282273921,50000.0,61559.312604747356,0.0
6018,0,248878.7152929397,983577.4605320842,363442.99751315155,50000.0,62290.42783341148,0.0
6019,0,249277.96924248815,983888.3803007989,363130.7905702221,50000.0,62007.60253578843,0.0
6020,0,248704.135746269,983479.1306524862,363595.9116965542,50000.0,62434.489429876,0.0
6021,0,250103.18701486182,984102.7619491437,362299.19757138204,50000.0,61195.477322443854,0.0
6022,0,249658.53778156056,984181.576590813,362832.07400584983,50000.0,61737.85317977862,0.0
6023,0,251036.61608345335,987140.1212408048,362607.3344216029,50000.0,61877.44667244806,0.0
6024,0,251399.9797501795,986966.7458762956,362118.20716873254,50000.0,61363.87104383862,0.0
6025,0,251173.54771610154,987125.810700275,362446.3033365649,50000.0,61714.45226134323,0.0
6026,0,251506.9104240715,986913.2886168008,361973.2854578299,50000.0,61211.439827351875,0.0
6027,0,251287.56081998296,987043.8724064337,362280.2011872543,50000.0,61536.74365843263,0.0
6028,0,585816.4438416976,983495.2154244792,96694.3630879446,50000.0,3811.7501868919053,0.0
6029,0,583805.1511160387,983173.8242588977,96251.53885699973,50000.0,4469.446996134231,0.0
6030,0,584122.4486770418,983747.088557008,95740.17935571616,50000.0,4133.389879301755,0.0
6031,0,584248.3634851654,983422.9292615728,96147.74358598086,50000.0,4437.246227694082,0.0
6032,0,584626.4586719851,984011.602798138,95644.49290207516,50000.0,3846.655814409856,0.0
6033,0,584484.6973303866,983185.4413347485,96503.0285415841,50000.0,4034.1804884829767,0.0
6034,0,584707.1928552879,983583.1435808968,96150.64149993076,50000.0,4285.811782149702,0.0
6035,0,585028.6204759369,984049.3871539572,95762.0656809595,50000.0,3833.534744175015,0.0
6036,0,584781.1552524101,983037.7279718912,96783.62815951688,50000.0,3704.7496698992404,0.0
6037,0,585018.7437173345,983413.3699709415,96462.43258840998,50000.0,4004.77442044668,0.0
6038,0,584669.1275140624,982199.4971936474,97666.6385951451,50000.0,2837.5418501520094,0.0
6039,0,585265.0922804836,983847.1133634808,96080.80930346713,50000.0,4089.320213840003,0.0
6040,0,584919.3352771964,982598.1383258541,97325.15003617521,50000.0,3146.546257703206,0.0
6041,0,584750.0908631107,981774.9659159074,98168.40962565209,50000.0,2322.1465312495893,0.0
6042,0,585026.1581571472,982216.5520105968,97790.18486667362,50000.0,2672.6474921944596,0.0
6043,0,585472.3852279956,983496.8748812148,96552.44280996172,50000.0,3914.1001910867813,0.0
6044,0,585723.308328608,983870.166913758,96240.78646483652,50000.0,4193.045858648815,0.0
6045,0,585581.78008911,983101.7578379093,97034.54306132518,50000.0,3446.23739830212,0.0
6046,0,585055.7991056235,981588.2344010794,98497.3134231757,50000.0,1962.941392329081,0.0
6047,0,585292.5350313461,982041.6899308644,98091.00127435122,50000.0,2374.786949232388,0.0
6048,0,585668.7750465382,982610.5500192911,97614.08443937496,50000.0,2891.669679632099,0.0
6049,0,585942.0307221406,983040.3531613057,97249.93573666122,50000.0,3299.4443918035768,0.0
6050,0,586193.0657566081,983429.3907649245,96922.33726477371,50000.0,3674.616364439457,0.0
6051,0,585824.2043393159,982197.86943022,98134.8023106907,50000.0,2431.250614942754,0.0
6052,0,586075.718711996,982618.3624705982,97772.63821966725,50000.0,2846.533993212788,0.0
6053,0,586399.1373882461,983204.9069285494,97256.78128804445,50000.0,3430.9776860663724,0.0
6054,0,586667.9685467847,983581.8332649198,96951.21501878506,50000.0,3808.4325394188527,0.0
6055,0,586498.3829382029,982696.5911105307,97861.7111162202,50000.0,2939.4464890604477,0.0
6056,0,585315.9273322625,982676.3088384373,97397.92251473744,50000.0,3064.9870785143416,0.0
6802,0,644523.8928702705,981600.9106226896,138667.24492577076,50000.0,7777.506461530008,0.0
6803,0,643104.8268280762,981674.400686076,137358.28750371755,50000.0,7820.7549624547755,0.0
6804,0,644519.8852572242,982636.7251424113,137606.50610209256,50000.0,8765.056122905813,0.0
6805,0,643604.9572974485,981151.8616222638,138326.7148573867,50000.0,7271.381907632608,0.0
6806,0,643834.8189438627,981363.7087986185,138309.57639107233,50000.0,7487.774492931176,0.0
6807,0,643666.9028924487,982164.5490832897,137344.58139415513,50000.0,8287.382292645563,0.0
6808,0,642354.2016190144,980890.8787543771,137513.39762380964,50000.0,7096.171426036074,0.0
6809,0,644316.0081756762,981821.0666505076,138261.1106096578,50000.0,7962.438339738873,0.0
6810,0,643283.6428104611,981448.3486708368,137744.71412485768,50000.0,7574.4892962773365,0.0
6811,0,644276.5457122511,981364.6770666428,138692.832669592,50000.0,7524.840018328518,0.0
6812,0,644741.727854259,981819.4842440933,138634.44922219738,50000.0,8011.456431401295,0.0
6813,0,642045.6301978485,980534.165018668,137614.34087226345,50000.0,6773.245045622078,0.0
6814,0,644069.4381444405,982169.6313488447,137690.01116130935,50000.0,8289.072792336003,0.0
6815,0,643546.199803419,980690.3338495875,138748.0225804,50000.0,6815.742972692315,0.0
6816,0,641827.2797697544,980172.6546187712,137798.47445158198,50000.0,6431.244423233133,0.0
6817,0,643804.9652795008,981914.5090125251,137720.4226425243,50000.0,8032.400371597329,0.0
6818,0,643517.1671893449,981661.8724243346,137728.70624835172,50000.0,7782.338735960342,0.0
6819,0,642467.8165269529,979992.8439004411,138532.58475602904,50000.0,6133.971377171736,0.0
6820,0,643782.9215037794,980918.419773097,138719.86190772857,50000.0,7051.973758538243,0.0
6821,0,643949.8124493456,982404.1679777191,137346.01111555236,50000.0,8522.545547879121,0.0
6822,0,642506.6240625591,980422.9647281377,138124.67699554644,50000.0,6578.8016567681225,0.0
6823,0,644827.6555395575,982262.7266057901,138257.50657483356,50000.0,8435.392215796657,0.0
6824,0,642238.1894747165,980101.1653609662,138224.23096303263,50000.0,6276.03502983589,0.0
6825,0,643365.8195965177,981957.2184636097,137295.0383786767,50000.0,8091.690595421431,0.0
6826,0,643389.4290421117,980901.3359243108,138396.34505302456,50000.0,7019.334977055747,0.0
6827,0,642662.044283782,981212.1474052827,137449.17338132576,50000.0,7388.578381234007,0.0
6828,0,642702.4407667444,980645.3024659987,138065.26247461588,50000.0,6789.633926230351,0.0
6829,0,644567.4004964563,982050.3992622172,138246.46501476376,50000.0,8205.085797569422,0.0
6830,0,644016.8950731627,981117.7148036596,138719.26887043603,50000.0,7263.049179490772,0.0
6831,0,642703.8281577373,980202.2362141821,138520.7699661907,50000.0,6331.241913577524,0.0
6832,0,644276.3975857841,982387.9934800096,137647.56025106338,50000.0,8510.534894198447,0.0
6833,0,643039.3606052536,981232.4650555329,137754.3406831779,50000.0,7368.549907205713,0.0
6834,0,642957.9430524845,980418.1208886555,138518.4207129679,50000.0,6539.06043346493,0.0
6835,0,643003.0885601362,980907.6187186927,138055.810570298,50000.0,7036.595114249406,0.0
6836,0,643183.9036045366,980676.7653038832,138448.52387679947,50000.0,6795.094043544666,0.0
6837,0,644105.4760397655,981619.9574636429,138283.07282314365,50000.0,7752.552359676499,0.0
6838,0,583346.2957394697,986287.3479750268,92634.43831701866,50000.0,2979.6268249742634,0.0
6839,0,583499.2943423152,985902.7569346128,93117.27740395235,50000.0,2923.3861977030847,0.0
6840,0,584281.6245199494,984700.0229610195,94747.54146031052,50000.0,3238.012334758559,0.0
7161,0,543936.3178689282,977371.3078283918,97273.51326629624,50000.0,10931.893547445934,0.0
7162,0,543160.4869777238,977846.8838073678,96939.8518962453,50000.0,11029.3441979084,0.0
7163,0,544354.1682334709,977658.2444168683,96949.06641195614,50000.0,10532.823782657346,0.0
7164,0,544618.6202479219,977900.0917483554,96687.64978983249,50000.0,10238.205632221892,0.0
7165,0,543136.7864844864,977557.1157180537,97212.64365275294,50000.0,11222.045120586223,0.0
7166,0,543778.8737616875,978566.7430492871,96179.79195264816,50000.0,10233.688243589148,0.0
7167,0,544018.8292074864,977562.2208091436,97083.65334161329,50000.0,10758.656933336804,0.0
7168,0,543609.5218501218,978374.5588539677,96383.25003060333,50000.0,10448.496970339958,0.0
7169,0,543598.3205854106,977314.3119593515,97373.03659339859,50000.0,11136.420932606212,0.0
7170,0,543994.241048266,978617.9346830467,96101.09020278645,50000.0,10077.75551560829,0.0
7171,0,543390.3636015534,978410.1169357708,96382.6321417816,50000.0,10557.991701682795,0.0
7172,0,544409.1494310016,977832.2188648849,96778.6581336427,50000.0,10383.20883037887,0.0
7173,0,544145.6346098471,978611.9545203844,96085.19810579393,50000.0,9995.883993223653,0.0
7174,0,543846.7302679722,977459.1260555973,97203.47851216455,50000.0,10913.93149033372,0.0
7175,0,544781.5465582564,978030.052025567,96544.61863233086,50000.0,10070.74087113858,0.0
7176,0,544091.4090012609,978792.8305902109,95924.25961218875,50000.0,9914.899976913543,0.0
7177,0,543279.677199672,977700.8276761315,97058.07509575506,50000.0,11051.90790903755,0.0
7178,0,543565.6403053307,978497.0837457044,96275.8155021735,50000.0,10401.52238011281,0.0
7179,0,544134.430934176,977476.3834289737,97148.58768094571,50000.0,10764.335596997327,0.0
7180,0,544201.5653566839,977664.0167618698,96963.81677454174,50000.0,10599.896914725687,0.0
7181,0,543294.8100657312,978217.9123947379,96575.32279882344,50000.0,10728.032631702787,0.0
7182,0,543002.31432101,977640.9798296792,97154.61448854893,50000.0,11246.323323799867,0.0
7183,0,545349.0622669717,979467.898552008,95121.2672865161,50000.0,8794.489053564812,0.0
7184,0,543056.850501707,978235.8429832752,96594.64837130319,50000.0,10862.400220536489,0.0
7185,0,543104.3543522458,978531.1955671591,96313.8566932341,50000.0,10667.674714918612,0.0
7186,0,542884.0933258636,978708.4376590454,96184.47724569436,50000.0,10717.636928767459,0.0
7187,0,543403.0187968867,979055.0065798352,95782.98929004862,50000.0,10192.975976924912,0.0
7188,0,543184.4639766455,979174.5841851373,95706.54753018181,50000.0,10278.920447128286,0.0
7189,0,543614.8982265398,979281.5168080438,95540.75096655665,50000.0,9934.509584517773,0.0
7190,0,543650.6478251643,979637.7075566004,95205.58526727535,50000.0,9730.211079059794,0.0
7191,0,544649.7020925336,979014.096983514,95639.70690698634,50000.0,9462.646638079894,0.0
7192,0,544390.7479019015,978766.4572156897,95906.75580222758,50000.0,9762.45702800315,0.0
7193,0,542833.9628948709,978342.1339790287,96530.75697168276,50000.0,10944.015684239654,0.0
7194,0,543401.1851938966,979378.9528081912,95483.67597814971,50000.0,10029.16782585612,0.0
7195,0,543171.8369626948,978862.9286756255,95996.50572398907,50000.0,10446.187182051013,0.0
7196,0,543983.617043712,979708.8385349258,95088.75630158819,50000.0,9468.050265495636,0.0
7304,0,777826.396043096,1025410.0620398733,316732.8534875057,50000.0,2285.374026395079,0.0
7305,0,779543.3186091996,1026953.8155428885,315440.68710296246,50000.0,954.9426550055907,0.0
7306,0,777388.48988107,1024885.2812505063,316185.47129188926,50000.0,2730.199389176914,0.0
7307,0,778845.3150200171,1026550.4765226365,317472.0659344983,50000.0,1713.8946983738808,0.0
7308,0,778620.0295386813,1026065.1402181995,315742.5737347366,50000.0,1597.7223773813014,0.0
7309,0,778943.8164254526,1026530.5293409794,316668.1817078563,50000.0,1210.9997682829892,0.0
7310,0,777168.9045228035,1024713.8274949248,316525.313975334,50000.0,2927.209921834564,0.0
7311,0,776994.2059366804,1024600.9428719361,316953.3869315281,50000.0,3122.9391968352584,0.0
7312,0,779032.7258059684,1026527.2248967695,316042.35178571806,50000.0,1091.2897677179685,0.0
7313,0,778764.3245273166,1026093.3552010809,314954.3114482296,50000.0,1923.6426966997046,0.0
7314,0,778232.5015266396,1025647.7389128794,315572.65048243763,50000.0,2045.295215130366,0.0
7315,0,778458.6984205659,1026041.4227850918,316677.86640280794,50000.0,1666.2480609786833,0.0
7316,0,777488.6952536784,1025056.2305904529,316651.2501037966,50000.0,2610.602469039939,0.0
7317,0,777925.9239866706,1025319.4114205362,315451.39969401545,50000.0,2394.8779678818064,0.0
7318,0,779199.8864902989,1026545.905474593,315034.48102112993,50000.0,1530.8314629012575,0.0
7319,0,779472.3138445874,1027070.8794248521,316709.0226456782,50000.0,795.0244455051263,0.0
7320,0,779153.2302796217,1026781.9134930688,316934.87365874596,50000.0,1159.009896391479,0.0
7321,0,778914.8140229308,1026298.758124168,315310.2152334704,50000.0,1550.8828321507976,0.0
7322,0,779235.9483705449,1026930.835111722,317374.42098001146,50000.0,1420.9356105986344,0.0
7323,0,777970.4521544541,1025442.4842664165,315973.4554067809,50000.0,2178.357039047814,0.0
7324,0,778151.2985641573,1025777.423364868,316992.704496685,50000.0,2029.8625336230796,0.0
7325,0,778488.8355147744,1025864.4801835725,315287.62801526126,50000.0,1943.3687698878264,0.0
7326,0,778752.0437199913,1026288.7912074998,316347.0167633405,50000.0,1343.907247433369,0.0
7327,0,779286.5802792388,1026743.3277921355,315770.0491072344,50000.0,942.934255951496,0.0
7328,0,778111.102398112,1025642.9155602527,316363.0027850884,50000.0,1985.6557643146612,0.0
7329,0,777735.5385809533,1025252.8036766744,316294.91691772675,50000.0,2367.7490989016037,0.0
7330,0,778371.9680267818,1025858.8143102763,316041.3780076787,50000.0,1758.4893726022658,0.0
7331,0,778576.8345904849,1026205.4363863457,316977.0913119802,50000.0,1644.8101269667654,0.0
7332,0,778380.0890199841,1025679.182332289,314784.3424211257,50000.0,2359.179136341151,0.0
7333,0,777665.1696808658,1025114.7568673224,315847.44336482906,50000.0,2516.67457658891,0.0
7334,0,778441.1172840537,1026152.7966892138,317545.8541993225,50000.0,2035.9667622147392,0.0
7335,0,779576.564790131,1027080.9965874078,316068.6881233712,50000.0,537.4815669902326,0.0
7336,0,778327.4645239413,1026001.830893342,317303.4485964901,50000.0,1995.0776687393675,0.0
7337,0,778126.8701300769,1025478.7240628931,315157.0499301577,50000.0,2348.793017239551,0.0
7338,0,779218.341404818,1026755.0515827588,316311.8863445705,50000.0,879.1222376400107,0.0
7439,0,549316.0515309906,973605.5117212911,100429.06246259873,50000.0,13957.520601404261,0.0
7440,0,549181.8621575009,972812.3651618958,101214.62272266844,50000.0,14777.740160311521,0.0
7441,0,548941.9547950424,974349.1842032275,99715.32660231635,50000.0,13083.013014366212,0.0
7442,0,549466.2570312184,973871.9473575322,100161.25849278546,50000.0,13707.13471584132,0.0
7443,0,549400.6390813485,974026.6053400093,100011.73372391718,50000.0,13525.133133496713,0.0
7444,0,547367.8007796276,973138.9594465948,100982.64163321245,50000.0,14140.55259096387,0.0
7445,0,547225.2971862713,972930.4128803653,101194.34448637199,50000.0,14344.14880953181,0.0
7446,0,547321.3678967052,972519.5554809242,101588.68242031397,50000.0,14776.3165423792,0.0
7447,0,547337.6729793199,972322.8002767335,101779.58580035357,50000.0,14981.818963328304,0.0
7448,0,547543.0340169829,972295.3946705813,101794.9701623225,50000.0,15032.929016054899,0.0
7449,0,547663.058957086,972163.531132427,101917.49280950995,50000.0,15185.725170849466,0.0
7450,0,547555.6190836544,972516.0621163324,101578.8317623899,50000.0,14804.414415655043,0.0
7451,0,547511.2237704409,972688.2805095993,101413.27400347764,50000.0,14620.387029894966,0.0
7452,0,547618.8708466955,972873.7876675855,101226.24435689958,50000.0,14439.155752242665,0.0
7453,0,547751.0467419124,973079.2684484497,101018.36452004765,50000.0,14240.119823421695,0.0
7454,0,547963.6483951973,973111.5873447806,100975.2105947452,50000.0,14232.744348927396,0.0
7455,0,548224.7968842351,973474.1707720703,100607.1693131117,50000.0,13888.630484000167,0.0
7456,0,548279.0088591169,973293.3379252175,100781.22156176453,50000.0,14087.136704450706,0.0
7457,0,548159.1154231394,973102.1730499301,100974.25575600995,50000.0,14270.204998436056,0.0
7458,0,548060.1657481379,972873.3370814937,101203.08431685278,50000.0,14496.258401458537,0.0
7459,0,548167.1745088501,972753.7217492516,101314.83711062078,50000.0,14638.544204391144,0.0
7460,0,548278.4924189409,972983.2920757901,101084.67865733325,50000.0,14414.120482988139,0.0
7461,0,548401.9387801423,973195.6700352697,100870.77525366656,50000.0,14210.074149073227,0.0
7462,0,548474.8227499258,973385.8854744554,100681.0112261398,50000.0,14021.172617093574,0.0
7463,0,548481.632594585,973625.892886858,100445.75013740399,50000.0,13768.551767801455,0.0
7464,0,548517.2551916615,973810.8045778606,100263.06158426825,50000.0,13579.031525077866,0.0
7465,0,548919.6650839881,973247.0608111554,100797.19951548669,50000.0,14253.167416255263,0.0
7466,0,548733.3696700619,973029.0500055555,101019.10742196608,50000.0,14447.688723629324,0.0
7467,0,548687.2491562733,973204.7003380354,100848.75220431955,50000.0,14251.711249299062,0.0
7468,0,548973.5727243795,973011.4298150806,101026.55592772858,50000.0,14516.633493329071,0.0
7469,0,548671.0409942936,973574.8034498409,100486.65899246387,50000.0,13855.458004760729,0.0
7470,0,548759.0832217991,973420.1533017718,100634.23554056186,50000.0,14036.302455610175,0.0
7471,0,548968.5969589717,973446.9241314143,100598.88306849168,50000.0,14049.946229539359,0.0
7472,0,548905.9119490574,973708.0034266755,100345.37797105261,50000.0,13758.551205110063,0.0
7473,0,548746.1852201434,973779.3423369967,100282.74467261133,50000.0,13652.063915345572,0.0
7474,0,642994.3514090215,1044066.4165105732,74897.70810409066,50000.0,30168.771382783027,0.0
7475,0,643492.3253953807,1045103.7846708116,74477.28830451221,50000.0,31135.912063175645,0.0
7476,0,643495.7307110861,1044918.4108023351,74652.46760349686,50000.0,30997.350670241587,0.0
7477,0,643174.4474620477,1044154.8715135106,75011.03164717063,50000.0,30304.042205344653,0.0
7478,0,643324.3607268025,1044496.9763555737,74856.20713614639,50000.0,30616.55228603406,0.0
7479,0,643456.9848543851,1044719.194514094,74794.66176164587,50000.0,30833.26281593062,0.0
7480,0,643692.2961997612,1045220.9506646306,74587.61278324145,50000.0,31298.772640932548,0.0
7481,0,643351.4861947385,1044346.6981609587,75025.27491679078,50000.0,30515.135712910644,0.0
7482,0,643653.9077959048,1044892.2891014803,74849.31632239833,50000.0,31037.783910134596,0.0
7483,0,643889.9010305012,1045332.5764573365,74700.85132247307,50000.0,31456.99995324724,0.0
7484,0,643534.5461852704,1044491.7839864508,75089.99844057183,50000.0,30693.958086181556,0.0
7485,0,643358.8655163049,1044014.1679145494,75342.41038913206,50000.0,30272.748340497714,0.0
7486,0,643855.8912695609,1045052.5205876124,74921.94854333728,50000.0,31234.786946689706,0.0
7487,0,643698.1330778572,1044645.0758832329,75126.32630599863,50000.0,30871.34066128781,0.0
7488,0,643573.3290975875,1044267.3649321948,75340.43837721621,50000.0,30543.99608415161,0.0
7489,0,643871.7094130218,1044779.0685409968,75191.8230554572,50000.0,31038.478196730626,0.0
7490,0,644043.4428947833,1045178.800613252,75010.61173635267,50000.0,31401.18402427275,0.0
7491,0,643613.8699361853,1044017.4147437091,75616.67386623936,50000.0,30378.154110213298,0.0
7492,0,643786.2073670214,1044421.9434872859,75429.01763756038,50000.0,30742.44646724098,0.0
7493,0,644086.3763292922,1044903.9691006492,75311.0155270791,50000.0,31215.434241391347,0.0
7494,0,643984.6516674183,1044540.2306395865,75535.95711296651,50000.0,30908.901627054223,0.0
7495,0,643871.3924950957,1044227.8064151382,75701.76190308396,50000.0,30636.13044621621,0.0
7496,0,644154.5608557124,1044652.1526233627,75618.00220805909,50000.0,31059.425446897527,0.0
7497,0,644060.825029573,1044302.2865624551,75839.23442801028,50000.0,30768.284443810688,0.0
7498,0,644348.592196571,1044762.3220285207,75728.3520646925,50000.0,31218.847215542602,0.0
7499,0,644226.5702487001,1044438.3331347915,75894.19924513162,50000.0,30935.13967354318,0.0
7500,0,644314.8296208293,1044240.0022751681,76173.88829476091,50000.0,30831.16698067623,0.0
7501,0,644454.138437917,1044553.1986590285,76036.63246267202,50000.0,31113.054018207193,0.0
7502,0,644511.3343466924,1044380.9930507076,76258.06802031116,50000.0,31015.334193136812,0.0
7503,0,644515.170006787,1044186.5104211621,76441.9189190121,50000.0,30880.183817403795,0.0
7504,0,644721.1376912753,1044535.3216837067,76344.94812070712,50000.0,31214.8595143254,0.0
7505,0,644702.6350523538,1044263.2156686216,76575.71037775456,50000.0,31016.202202461303,0.0
7506,0,644664.6329880744,1044042.0068196286,76738.55205028276,50000.0,30845.676969388445,0.0
7507,0,644816.820738949,1044168.8744079956,76787.48109043456,50000.0,31001.60965940894,0.0
7508,0,644809.9504599978,1043916.9644577183,77012.64498285342,50000.0,30825.35667425036,0.0
7726,0,574172.4110430478,898939.8087123806,183660.823632331,50000.0,11856.768859513579,0.0
7727,0,574326.3399541052,899082.611434158,183563.90026404886,50000.0,11953.32385394094,0.0
7728,0,574342.0734926095,898798.8812231655,183868.84420960114,50000.0,11648.445543483922,0.0
7729,0,574514.8424536863,899167.4177850655,183540.4708353349,50000.0,11979.197020540614,0.0
7730,0,574509.2768889755,898950.1629987475,183767.8168123164,50000.0,11751.72008033994,0.0
7731,0,574519.0473408177,898745.8560725058,183986.85958852983,50000.0,11532.873245287734,0.0
7732,0,574694.5937661724,899289.6464094624,183474.68292573548,50000.0,12050.245313672764,0.0
7733,0,574691.2996968527,899073.3272380494,183701.85436805384,50000.0,11822.988679276612,0.0
7734,0,574697.6466813814,898867.9723149798,183920.8263377061,50000.0,11604.292584444032,0.0
7735,0,574576.8682186945,897994.5247627884,184799.892873247,50000.0,10721.242636166447,0.0
7736,0,574858.3977239631,899229.4352709062,183596.04734606214,50000.0,11936.22573577585,0.0
7737,0,574593.9884409859,897793.0407570675,185018.444488708,50000.0,10503.182711791318,0.0
7738,0,574886.2940373882,898998.1127232984,183850.07490717014,50000.0,11683.851023615509,0.0
7739,0,574776.8288796138,898140.1645612287,184716.71506729038,50000.0,10812.00013457074,0.0
7740,0,574768.3948209734,897921.928684048,184943.95751075662,50000.0,10584.433398863268,0.0
7741,0,574770.0535309577,897615.8324790818,185267.40363815016,50000.0,10261.174108069206,0.0
7742,0,574974.4498429518,898273.4417169595,184645.99718732908,50000.0,10893.969102705836,0.0
7743,0,574970.012898444,897767.5796575252,185178.07224652404,50000.0,10362.168035579884,0.0
7744,0,574945.004834362,897364.3798254798,185594.45745863076,50000.0,9944.518173452256,0.0
7745,0,575146.3976201892,898159.6493290309,184827.07406145777,50000.0,10726.13516067365,0.0
7746,0,575191.7481716257,898387.1423214875,184603.17612124293,50000.0,10953.458153241683,0.0
7747,0,575080.1090565003,897567.5206487904,185428.1328964611,50000.0,10120.70512687664,0.0
7748,0,575154.2335645264,897931.6408235359,185070.39867358695,50000.0,10483.977004393158,0.0
7749,0,575102.3001929643,897284.206613862,185734.79979792668,50000.0,9816.454184716225,0.0
7750,0,575348.1700180984,898286.931555723,184764.63621435265,50000.0,10807.3702422241,0.0
7751,0,575299.8182356802,897722.6583022312,185342.6717817091,50000.0,10226.236556918415,0.0
7752,0,575265.6291831235,897417.1165253526,185652.7432856028,50000.0,9913.639355734658,0.0
7753,0,575375.1382770367,897974.7916966927,185103.57455332912,50000.0,10472.493185195033,0.0
7754,0,575473.7507100379,897826.8805765066,185294.83976159513,50000.0,10293.345523730175,0.0
7755,0,575459.0505182737,897557.2161193299,185574.02153245735,50000.0,10013.714586901817,0.0
7756,0,575684.1999868037,897972.340255719,185216.79877305537,50000.0,10398.449799997754,0.0
7757,0,575560.0436891291,898148.0234383267,184986.93271056222,50000.0,10610.35218538674,0.0
7758,0,574948.6855517456,898025.7130225697,184898.22332944217,50000.0,10640.300276851814,0.0
7759,0,575850.8082159128,898732.4392603138,184474.6587863396,50000.0,11159.26586231147,0.0
7760,0,575376.113347942,897974.3236117375,185104.4164254489,50000.0,10471.760717027504,0.0
7831,0,799913.0144020615,1039514.2912371017,263605.1622908833,50000.0,8010.42499146248,0.0
7832,0,800228.9550884115,1039855.6084421078,263734.4736498428,50000.0,8310.164078538553,0.0
7833,0,799516.1066428866,1039174.8611127585,263995.0162742947,50000.0,7589.6117726440325,0.0
7834,0,799889.0713767236,1039544.0873101938,263939.17714172916,50000.0,7961.636441849305,0.0
7835,0,799659.8040250062,1039344.6470826347,264143.5062837424,50000.0,7725.182938027514,0.0
7836,0,799437.2915428107,1039145.277198607,264306.0655729787,50000.0,7499.429254017483,0.0
7837,0,800070.4974553591,1039760.4671337215,264139.5241199492,50000.0,8133.812844451488,0.0
7838,0,800721.5660335062,1040388.4472594328,263941.3950336384,50000.0,8787.267512227725,0.0
7839,0,799805.449740947,1039508.4144371183,264242.79073842143,50000.0,7867.563027378159,0.0
7840,0,799613.4617211885,1039337.045429339,264386.9863631687,50000.0,7674.395817774701,0.0
7841,0,800389.9800931612,1040090.2827492157,264176.16189332,50000.0,8451.57003965136,0.0
7842,0,801079.7955347007,1040757.6171505819,263979.3630323275,50000.0,9142.744360071085,0.0
7843,0,799406.1289409882,1039149.4500364554,264527.17245037144,50000.0,7467.463926574248,0.0
7844,0,799764.8586354217,1039503.4808159851,264466.7900951182,50000.0,7826.166591644634,0.0
7845,0,799579.0606816699,1039335.0378262046,264590.2700099472,50000.0,7641.936720588653,0.0
7846,0,800779.0014916258,1040498.0826868213,264259.7823475892,50000.0,8839.98279369284,0.0
7847,0,799984.7062733974,1039734.8526002305,264519.1281328848,50000.0,8047.397482298074,0.0
7848,0,799384.7028612116,1039159.9570451261,264726.47245964257,50000.0,7450.816335469534,0.0
7849,0,800480.2030186816,1040224.5603461294,264441.2654900071,50000.0,8542.859176368127,0.0
7850,0,799741.230109329,1039514.7169508918,264684.50109381403,50000.0,7807.749775366554,0.0
7851,0,800994.0343875041,1040726.0649186013,264322.25282507564,50000.0,9055.972748895616,0.0
7852,0,799564.906984366,1039353.4432705963,264792.88799953857,50000.0,7635.0745750896485,0.0
7853,0,799338.6364942172,1039146.6925966194,264933.37668837316,50000.0,7415.080280419153,0.0
7854,0,800220.6199601472,1040005.3356030068,264713.0560610092,50000.0,8291.402032894006,0.0
7855,0,800763.1981195088,1040539.1899841188,264613.71016262553,50000.0,8832.870823757823,0.0
7856,0,800526.2881847657,1040331.4409901678,264814.07331397705,50000.0,8605.224087567376,0.0
7857,0,801052.4239313296,1040840.1403861801,264662.72241226904,50000.0,9126.485517029307,0.0
7858,0,800878.68416847,1040677.5743497137,264746.18988943263,50000.0,8956.23680525617,0.0
7859,0,800337.736092516,1040167.1188328324,264979.9664585594,50000.0,8427.19283705619,0.0
7860,0,800681.8036530549,1040503.7780859229,264905.503166003,50000.0,8768.678377520888,0.0
7861,0,799944.7403510539,1039797.7714195475,265159.59296996443,50000.0,8046.460173814091,0.0
7862,0,800503.3036005576,1040342.5301009321,265027.22321735835,50000.0,8598.5671637774,0.0
7863,0,800847.8071362231,1040682.1122516786,264968.38582440116,50000.0,8941.47535617092,0.0
7864,0,800288.577645168,1040147.2445923242,265165.61151049763,50000.0,8394.918083088334,0.0
7933,0,323061.9368421066,763359.0214038987,377321.93479760597,50000.0,20119.18243628039,0.0
7934,0,323390.67941456795,763451.9874132328,377011.1480988191,50000.0,19778.6303537044,0.0
7935,0,322656.87060357013,763017.7360070351,377911.8895273027,50000.0,20725.2665864481,0.0
7936,0,323249.2930335065,762121.6515151365,378321.72960455494,50000.0,20999.529153930358,0.0
7937,0,324071.0963028759,762682.2183213735,377245.5746292577,50000.0,19887.00600419469,0.0
7938,0,323765.53332461056,763231.1082843326,376954.75604543765,50000.0,19663.223957543978,0.0
7939,0,323812.4450735834,762514.3094916933,377576.1959356069,50000.0,20229.368559259907,0.0
7940,0,324259.6567284652,761620.2192538613,378087.1083274061,50000.0,20659.42554697157,0.0
7941,0,322585.2169715153,762112.9861308229,378787.0226032988,50000.0,21529.618521114884,0.0
7942,0,322993.1374018987,762564.4357350254,378093.58488729777,50000.0,20829.505475808026,0.0
7943,0,324232.98547735985,761959.234921288,377795.1383065253,50000.0,20384.462111922185,0.0
7944,0,322524.33348476083,762630.3709292335,378356.54001720034,50000.0,21149.719300836114,0.0
7945,0,324387.4239574668,762324.1475897994,377355.84963158553,50000.0,19952.328153781233,0.0
7946,0,322787.83640309,763321.0017296863,377545.36217226315,50000.0,20372.07959027094,0.0
7947,0,322843.6566737833,762331.9211114221,378408.8336564856,50000.0,21141.8582110892,0.0
7948,0,323781.99467738287,762139.3970382637,377939.564004057,50000.0,20572.237375825982,0.0
7949,0,323147.8050130731,762782.8209576145,377787.8713512092,50000.0,20525.09429273939,0.0
7950,0,323519.41407812235,762813.5439658413,377504.3406544522,50000.0,20205.75525059936,0.0
7951,0,323416.84558299265,763897.9000690448,376587.61614585744,50000.0,19393.618520101205,0.0
7952,0,323105.9376725515,763894.1040406815,376804.9508213083,50000.0,19649.509983478758,0.0
7953,0,322537.2002686382,763851.6576482006,377235.51524007984,50000.0,20150.988133120147,0.0
7954,0,322411.2792809638,763547.0640800686,377599.3866594959,50000.0,20497.937339855074,0.0
7955,0,321956.3002124117,763802.8693863307,377681.20658463857,50000.0,20477.314913520815,0.0
7956,0,322122.47195655823,763373.9486903098,377956.4229669941,50000.0,20874.71950050824,0.0
7957,0,322113.29079248966,763062.6727006495,378246.2340361138,50000.0,21132.00335423576,0.0
7958,0,322107.35555535014,762690.4715167268,378589.66092087404,50000.0,21438.244769663663,0.0
7959,0,323372.855904081,762443.2602129349,377942.9624701987,50000.0,20631.592442414567,0.0
7960,0,322907.55207254266,761891.480046815,378767.3873216109,50000.0,21461.165323757315,0.0
7961,0,321166.8680020676,763269.7969113125,378713.1011525334,50000.0,21046.0707806724,0.0
7962,0,320867.76598305063,763014.2469301414,379153.557503083,50000.0,21326.94780167054,0.0
7963,0,320718.1368019886,762811.2093903568,379442.6175478042,50000.0,21546.326548156707,0.0
7964,0,320488.5692675375,763168.7597961273,379276.52122213505,50000.0,21203.548701307536,0.0
7965,0,320595.1865651471,763526.9167025065,378876.3707924136,50000.0,20828.494421483636,0.0
7966,0,320253.21371111413,763569.0397735201,379076.1504482001,50000.0,20819.334208971588,0.0
7967,0,363364.5471668823,1007458.1869911776,244997.6504615334,50000.0,6771.658520102684,0.0
7968,0,363329.0184776306,1006940.3484663313,244852.69287200656,50000.0,6688.664747745486,0.0
7969,0,363521.04981080996,1008037.8146588539,245032.1885629304,50000.0,6789.266317271946,0.0
7970,0,363429.79439626145,1007541.2199220868,244954.6887857748,50000.0,6723.715626382433,0.0
7971,0,363489.4292679745,1007623.2337345287,244917.65498578254,50000.0,6682.4970179620095,0.0
7972,0,363230.3025768388,1006864.4652413712,244935.76801400707,50000.0,6780.5481059722715,0.0
7973,0,363144.4546722286,1006793.241304658,245006.17931324185,50000.0,6859.849020917136,0.0
7974,0,363434.94672290614,1007942.1983237711,245093.60858052425,50000.0,6850.01177390222,0.0
7975,0,363583.80220676697,1008129.5490310518,244995.46935683998,50000.0,6754.319543220691,0.0
7976,0,363418.8103980403,1007011.4775506535,244777.89018185032,50000.0,6605.824550312614,0.0
8959,0,590864.0306234303,979815.1111656891,102999.97926152308,50000.0,1483.3179068100226,0.0
8960,0,585529.0725553816,981744.1456792849,98516.40588151102,50000.0,1992.7165048035802,0.0
8961,0,585684.9607523244,981379.2112144729,98984.09039615163,50000.0,1605.7740291028156,0.0
8962,0,585933.115750472,981794.6277081874,98626.20067307065,50000.0,2024.2439516063166,0.0
8963,0,586220.7454276655,982253.0481484146,98237.49302073574,50000.0,2488.7915988811474,0.0
8964,0,586319.1338429126,981810.9816565675,98768.1965750112,50000.0,2108.155987225847,0.0
8965,0,586565.537827488,982226.7976035626,98410.54617470472,50000.0,2529.0129186324307,0.0
8966,0,596543.1046741669,983615.8427963154,101623.45551736715,50000.0,1869.6319912116621,0.0
8967,0,590107.9300242928,977175.3937609347,105572.516205927,50000.0,2452.3814709482745,0.0
8968,0,589913.3525945318,977390.5980645528,105244.38046685274,50000.0,2689.439417512343,0.0
8969,0,589580.5045217548,977364.3605138564,105120.67316661675,50000.0,2657.374650208817,0.0
8970,0,589545.1475641346,976863.508972785,105658.91989748595,50000.0,2198.013451948563,0.0
8971,0,589631.7332586203,976480.0965336065,106122.8269832185,50000.0,1770.997643575539,0.0
8972,0,589885.9971847486,976832.4779689427,105849.64224648647,50000.0,2112.118928768009,0.0
8973,0,589206.5414512891,979834.5847715078,102213.98323640232,50000.0,384.3530560296318,0.0
9153,0,758268.7965308647,1040917.1920200739,210373.71914641582,50000.0,11013.446868379648,0.0
9154,0,757410.1048761794,1040215.8800360828,209846.66957558028,50000.0,11490.324993694385,0.0
9155,0,758025.830381618,1042000.5791173902,209332.71234183118,50000.0,11030.326493460629,0.0
9156,0,758226.1272877863,1041839.6352336697,209681.7870171078,50000.0,10864.19208181391,0.0
9157,0,759271.1906164008,1041510.8812766218,211148.3971807227,50000.0,10022.887316980436,0.0
9158,0,757694.1097952895,1040621.977771282,209899.14738426046,50000.0,11571.195269937309,0.0
9159,0,757644.131242269,1039903.235471548,210342.15437008225,50000.0,11818.39754115248,0.0
9160,0,758877.8232565481,1041587.4632148797,210629.1009790368,50000.0,10333.072489213007,0.0
9161,0,758640.176896942,1041282.6344001241,210559.29444741865,50000.0,10608.41166339905,0.0
9162,0,759617.7374316243,1043144.8545124392,210429.01131844675,50000.0,9416.835215776244,0.0
9163,0,759943.611826983,1042755.5571248642,211084.26305561006,50000.0,9162.977812939855,0.0
9164,0,759480.1614217742,1042687.5131315399,210581.44094083644,50000.0,9594.932098799678,0.0
9165,0,759028.31389334,1042537.1956549705,210149.4146185087,50000.0,10032.56967742255,0.0
9166,0,759145.4701482316,1043002.7398338717,209966.68538311214,50000.0,9880.495443400245,0.0
9167,0,759188.8841089285,1043477.6558836919,209690.62822645798,50000.0,9825.067152392192,0.0
9168,0,758841.7009075804,1043892.7411416296,208992.6077495417,50000.0,10201.294543041884,0.0
9169,0,758790.1056139098,1043347.7398014563,209306.94079972105,50000.0,10224.852262946235,0.0
9170,0,758464.9670970312,1043704.0352008685,208675.39157405056,50000.0,10578.284031829482,0.0
9171,0,758379.344810575,1043202.0661388753,208920.10916042366,50000.0,10637.260421501709,0.0
9172,0,758029.2431648292,1042772.0077315647,208802.14981030792,50000.0,10984.673180674894,0.0
9173,0,758234.7565746428,1042351.8903904038,209336.74429890118,50000.0,10800.504675973685,0.0
9174,0,758675.7815758411,1042806.966188197,209544.75732521326,50000.0,10346.593073307718,0.0
9175,0,758526.6663504067,1042323.503256278,209702.48680055342,50000.0,10525.908263120791,0.0
9176,0,758753.3672162243,1042019.3080687147,210182.02851023365,50000.0,10357.182936142144,0.0
9177,0,758078.4483665746,1040085.0515774391,210728.86927328297,50000.0,11418.982992566112,0.0
9178,0,758853.6637952639,1040771.7318282494,211167.57404085455,50000.0,10584.570698384332,0.0
9179,0,758969.912339159,1041179.4534530948,211021.62527283246,50000.0,10363.840851632729,0.0
9180,0,759411.4389370265,1040714.9226867523,211867.64725540762,50000.0,10184.70050699915,0.0
9181,0,759842.7928382381,1040989.4021083071,212187.7531829346,50000.0,9761.96594171787,0.0
9182,0,759597.738698421,1041139.5971037712,211793.09791580503,50000.0,9884.735536225777,0.0
9183,0,759750.0440052603,1041396.8382084427,211794.99521692787,50000.0,9677.286769541226,0.0
9184,0,758481.9064476846,1041369.1344390421,210311.6745336336,50000.0,10722.770455120679,0.0
10032,0,542458.1189027545,976678.9754425939,98129.14538606646,50000.0,12154.249145468442,0.0
10033,0,542653.9016238797,976850.7932062976,97940.40552253247,50000.0,11937.242636241688,0.0
10034,0,542912.6303921391,977396.2955668311,97395.2075264272,50000.0,11448.552357911978,0.0
10035,0,529320.2905669572,976209.5065830618,101598.5140024184,50000.0,23108.813977358925,0.0
10036,0,542616.6836040077,978420.2341236982,96493.03658250638,50000.0,11044.83999792789,0.0
10037,0,544159.8382219103,979952.8087309591,94835.98258354374,50000.0,9225.418766190307,0.0
10038,0,543242.1570117095,979695.2315380976,95217.05452545319,50000.0,9992.43658254702,0.0
10561,1,206150.6754565191,692481.2720393739,615855.9490652978,50000.0,41479.58318913212,12.0
10562,1,206150.56688257368,692529.1597652162,615448.0311393568,50000.0,41079.16874249944,11.0
10563,1,206988.80420022222,691648.7796344274,616054.3413146544,50000.0,41233.94822831289,10.0
10564,1,206154.2588226703,692574.622970204,615038.7613552602,50000.0,40676.22145479853,7.0
10565,1,207011.48055053176,691674.2974190123,615650.3019354503,50000.0,40822.97710586078,10.0
10566,1,207891.09607651533,690754.6364315668,616251.3559727453,50000.0,40969.347193600486,9.0
10567,1,206161.82633128873,692616.0307452568,614640.8738353264,50000.0,40283.13377285782,4.0
10568,1,207014.09220856449,691718.6712458025,615259.289229886,50000.0,40435.991164942156,6.0
10569,1,207904.53502026372,690787.6890562526,615860.0349454281,50000.0,40573.53937603363,8.0
10570,1,206183.11895024296,692645.1798892277,614243.5574824632,50000.0,39883.924639343044,1.0
10571,1,207054.85613947743,691729.5469609848,614849.8944483671,50000.0,40011.61014649046,2.0
10572,1,207935.35840894582,690811.6180724686,615414.1993158059,50000.0,40115.48513227756,5.0
10573,1,206217.55406647394,692665.0140761504,613828.5103298443,50000.0,39461.02550127371,1.0
10574,1,207081.88360216952,691756.3257988286,614428.3470894754,50000.0,39583.16659300424,1.0
10575,1,207921.9644311761,690871.2161193873,615034.6440809676,50000.0,39746.209664179725,3.0
10576,1,208801.6783158358,689946.5047374676,615661.1825604588,50000.0,39931.13496891622,5.0
10577,1,206263.41153857723,692669.5039372178,613455.3809681248,50000.0,39073.31613681277,1.0
10578,1,207097.58369715948,691795.1878874898,614006.7739223926,50000.0,39161.44185471541,1.0
10579,1,207938.52655313225,690904.945583081,614638.826821951,50000.0,39346.295177056214,1.0
10580,1,208797.17771894136,690005.6986536357,615215.7852566416,50000.0,39489.35101067768,3.0
10581,1,207127.65957146382,691817.3847479185,613615.5548226209,50000.0,38762.56684371474,1.0
10582,1,207996.2884470035,690906.5789474028,614192.8002260913,50000.0,38876.39968808388,1.0
10583,1,208834.20514030458,690020.7590356641,614813.0770360385,50000.0,39070.4049992579,2.0
10584,1,208029.2715165235,690924.4361620474,613814.3728084983,50000.0,38486.46447836418,1.0
10585,1,208858.67007153205,690046.6475068323,614428.4119406333,50000.0,38676.10458415455,1.0
10586,1,208879.8932387587,690082.2950578649,614000.9380939332,50000.0,38241.50129787086,1.0
10587,1,209769.5407865652,689146.415110214,614616.6323777767,50000.0,38422.638741028924,1.0
10588,1,209786.0755382719,689185.8792336171,614195.5858099913,50000.0,37994.43557641944,1.0
10589,1,205283.14970902188,693326.249187661,615797.0162651595,50000.0,41891.91337952867,12.0
10590,1,205293.06987893322,693366.5648722134,615367.139548396,50000.0,41466.97347434923,11.0
10738,0,745088.8045330361,982706.9363116239,263287.89420669037,50000.0,2900.1160860964687,0.0
10739,0,745171.4975213171,982849.0029057711,263575.9551148317,50000.0,2664.453945883702,0.0
10740,0,744772.0236775681,982494.2806263433,263938.3147396037,50000.0,2956.444584083727,0.0
10741,0,745131.5804744392,982888.4991939259,264009.0816922645,50000.0,2546.1350216093374,0.0
10742,0,744731.5504645209,982530.7161211126,264358.25208630296,50000.0,2894.01051701424,0.0
10743,0,744375.7758409545,982167.0330670046,264428.1828742257,50000.0,3257.4834270272613,0.0
10744,0,744338.354067986,982063.8450240404,264092.1567758632,50000.0,3377.4181900152876,0.0
10745,0,744664.6829910686,982314.87203652,263591.1172446762,50000.0,3209.195154554613,0.0
10746,0,744294.0058396134,981957.0672407983,263776.4344112493,50000.0,3534.896894904819,0.0
10747,0,751080.0381648719,989487.8454644535,265735.9084918768,50000.0,5039.584561246229,0.0
10748,0,744720.602953159,983740.1340647405,270899.39081169054,50000.0,6936.614767349737,0.0
10749,0,744974.5828405167,982519.0909271637,262935.0967265169,50000.0,3233.98389671239,0.0
10750,0,748200.1033958691,986206.2910689412,264400.7590687881,50000.0,1211.1491443613045,0.0
10751,0,748075.4574232757,986037.6662304116,264202.06571714545,50000.0,919.0903944771414,0.0
10752,0,747994.6929119898,985910.434710097,263977.2495061867,50000.0,646.542650834115,0.0
10753,0,748283.5102974225,986174.2490907589,263756.5694217952,50000.0,793.2344476611315,0.0
10754,0,747988.1100259156,986034.351389709,264679.11403975845,50000.0,1321.2802391780172,0.0
10755,0,748431.8053394092,986448.6370329877,264388.8630500055,50000.0,1407.7573252394334,0.0
10756,0,748456.0380250681,986429.7792268249,264150.2028275161,50000.0,1235.1671960918402,0.0
10757,0,748724.209177607,986673.9449593123,263941.4251654233,50000.0,1368.1840829361959,0.0
10758,0,748781.1076924994,986674.8805452958,263624.04101272573,50000.0,1272.003992509598,0.0
10759,0,748557.4148288736,986424.3155073653,263546.73926652217,50000.0,1004.8355698685851,0.0
10760,0,748311.6915703121,986153.1239662977,263483.9929305853,50000.0,729.2037110320164,0.0
10761,0,748521.2987611352,986438.944326056,263829.66362590087,50000.0,1087.5163354626209,0.0
10762,0,748925.8184309342,989634.1720829981,279072.2273409622,50000.0,14701.510877240957,0.0
10763,0,748859.1331217198,989554.5834672506,279016.6674704639,50000.0,14596.952599751836,0.0
10764,0,748762.665037945,989449.7940267002,278994.697269253,50000.0,14485.966482192749,0.0
10765,0,743119.8715016284,982651.2286785387,274150.86602950474,50000.0,5731.862974998444,0.0
10766,0,742812.14981387,983889.6569329147,282770.04862407234,50000.0,12329.251320445946,0.0
11196,0,541679.2263200922,1013330.0394944889,68937.41746273941,50000.0,1284.9594708956984,0.0
11197,0,541414.6279778583,1012938.4540943139,69324.30819352262,50000.0,1540.2266485471694,0.0
11198,0,541183.3398604005,1012497.8404867805,69723.47692804983,50000.0,1834.5826400010196,0.0
11199,0,540835.571455855,1012308.4326371183,70031.69953856927,50000.0,2178.811847471911,0.0
11200,0,541122.0797778546,1012060.2847921776,70028.79010913604,50000.0,2063.134472349088,0.0
11201,0,541536.929011863,1012441.3571329373,69565.65308861183,50000.0,1597.092950368532,0.0
11202,0,542029.8409447247,1012548.6318138068,69232.39344689329,50000.0,1275.0304649321529,0.0
11203,0,542579.8559337363,1013158.69841002,68552.96655639303,50000.0,608.441209170729,0.0
11204,0,542179.6183597929,1012915.6335593244,68921.1063130639,50000.0,944.6588225658272,0.0
11205,0,542421.2065864909,1013401.0800462174,68486.7721898621,50000.0,543.6965410328563,0.0
11206,0,542787.7207130257,1012878.5927617871,68619.40052917415,50000.0,923.5961535972082,0.0
11207,0,542505.2570225528,1012579.6312678782,68959.29608867742,50000.0,1184.8412103383023,0.0
11208,0,542506.2121867248,1012223.1159856366,69186.62398847606,50000.0,1565.9026968524417,0.0
11209,0,542972.288035285,1012184.5177112299,68968.87993755362,50000.0,1791.2045838664326,0.0
11210,0,542866.6696330032,1012441.5988111051,68857.59531602713,50000.0,1447.2548965456563,0.0
11211,0,542560.5652160223,1011846.5525884874,69400.9961204464,50000.0,1994.2818837501416,0.0
11212,0,542138.397044084,1011670.6017123812,69734.26377838431,50000.0,2095.8349365795507,0.0
11213,0,542140.8969652159,1012073.1261710918,69474.87092786637,50000.0,1685.5761210261774,0.0
11214,0,541767.9343835681,1011648.168357263,69943.14732165227,50000.0,2122.257995863931,0.0
11215,0,541749.5626028546,1012056.6271453536,69693.12661373384,50000.0,1763.0012676598958,0.0
11216,0,541396.4599619065,1011868.1120591394,70001.19154238758,50000.0,2037.53954946951,0.0
11217,0,540765.7541898552,1011772.413901984,70402.11120824881,50000.0,2443.206357354374,0.0
11218,0,540472.9305006067,1012059.5737942483,70385.11580359178,50000.0,2552.5861710187082,0.0
11219,0,541034.9997388464,1011539.7612619862,70402.21839182306,50000.0,2432.1517586024133,0.0
11220,0,541304.1819292923,1011399.1774965181,70347.38386530492,50000.0,2438.9609620413808,0.0
11221,0,542018.0456659994,1013293.9793755504,68773.1577386839,50000.0,932.985164819615,0.0
11222,0,541743.6885302494,1012856.2327592648,69194.68472704757,50000.0,1266.1110794886,0.0
11223,0,540987.0617117838,1012742.3404423037,69681.32593830761,50000.0,1966.6239291798868,0.0
11391,0,246961.49247285447,1030798.0199871944,396321.3460884779,50000.0,48078.549029426664,0.0
11392,0,246188.66385045668,1030295.5360413073,396867.62722260936,50000.0,47366.41815589565,0.0
11393,0,246874.6731953912,1031024.6387651504,396630.57123183634,50000.0,47870.56265909496,0.0
11394,0,245801.97856134325,1030189.8137773556,397268.2426379953,50000.0,46943.38262491274,0.0
11395,0,246576.08231533616,1030613.4430286313,396651.4047668247,50000.0,47692.989648871946,0.0
11396,0,247231.06740801514,1031447.1611632742,396546.72718791495,50000.0,48115.87487934386,0.0
11397,0,246130.42762144265,1030570.446121134,397182.1930959503,50000.0,47169.484518378355,0.0
11398,0,245852.3098808226,1030572.2537639902,397538.67272667016,50000.0,46829.78959489231,0.0
11399,0,246983.35659677835,1031544.0857626537,396948.6247106861,50000.0,47772.46975687874,0.0
11400,0,244780.1562294183,1030401.6727372382,398758.0426984416,50000.0,45600.70891691869,0.0
11401,0,244463.71421950404,1030378.3230074241,399141.9042927391,50000.0,45225.737707356726,0.0
11402,0,244108.11368638114,1030279.5668685612,399509.50572502037,50000.0,44836.98186285969,0.0
11403,0,243979.01448843832,1029772.139567803,399228.45212006185,50000.0,44910.84240561834,0.0
11404,0,245232.46090817323,1030224.4433349886,398024.923827486,50000.0,46232.63979718456,0.0
11405,0,245496.41863659094,1030169.0185623843,397639.688782586,50000.0,46580.1096736577,0.0
11406,0,244988.20635890937,1029419.2643052838,397633.8785400481,50000.0,46309.81898655835,0.0
11407,0,244911.28907600048,1030184.6634895309,398399.9803283382,50000.0,45859.11166825015,0.0
11408,0,245215.2783489745,1030946.250552072,398681.79086119373,50000.0,45887.306913070475,0.0
11409,0,245434.26907390845,1030792.2464836423,398265.93639762554,50000.0,46221.9062348093,0.0
11410,0,245658.12755479864,1031488.6608498252,398595.1081076988,50000.0,46188.57283130553,0.0
11411,0,244423.2493048231,1029851.8567396178,398731.2773431949,50000.0,45416.4848532172,0.0
11412,0,244644.35727009265,1029344.9665898744,398007.1498582944,50000.0,45924.33190945817,0.0
11413,0,244097.7837293725,1029060.9821794691,398456.3713124555,50000.0,45390.56433838399,0.0
11414,0,244176.8671379146,1028716.8431405859,398057.3817791282,50000.0,45653.717827500215,0.0
11415,0,249805.11405700244,1053053.0673662408,414471.70098867215,50000.0,37946.75999338993,0.0
11416,0,249871.90934967104,1053093.3178801716,414424.0817591949,50000.0,37905.44042788272,0.0
11417,0,250028.70201638734,1053197.5067674553,414322.9823010444,50000.0,37799.19694031451,0.0
11418,0,237663.1856833135,1035024.60952036,412231.89665609424,50000.0,35534.19255070996,0.0
11548,0,303639.82044874993,950222.1827451977,297227.46276768233,50000.0,16843.357699418284,0.0
11549,0,304988.40227631514,950063.129255701,295855.1752610011,50000.0,15372.472219907955,0.0
11550,0,305592.79840603744,949520.210593748,295224.23875774577,50000.0,14432.51785882693,0.0
11551,0,304661.3343180366,949927.3327637439,296180.8909869811,50000.0,15624.628670407406,0.0
11552,0,305521.5721793301,949747.1944025431,295304.07261334354,50000.0,14639.33256065599,0.0
11553,0,294255.6088233295,946507.8308376278,306577.0526786263,50000.0,23498.247321014594,0.0
11554,0,300285.9941957335,946014.5687056902,300481.1988050583,50000.0,18376.455753940245,0.0
11555,0,305750.4679964938,949271.02946816,295056.87612446403,50000.0,14126.764158585855,0.0
11556,0,304450.622815403,949130.4092422936,296365.1984548038,50000.0,15386.713876461185,0.0
11557,0,303912.39536655,949688.4272602969,296929.5273255398,50000.0,16253.114734997673,0.0
11558,0,302402.3544614346,949762.8011513721,298461.5196318549,50000.0,17850.069283761975,0.0
11559,0,302320.12195577857,950194.6859945889,298564.0762678404,50000.0,18179.466406408515,0.0
11560,0,301921.4111853377,949662.2374694832,298944.47367854364,50000.0,18291.329715908614,0.0
11561,0,301321.5155944819,949709.4197538624,299554.5113200662,50000.0,18937.621828399344,0.0
11562,0,300863.8850900005,949480.1134296973,300008.1608400353,50000.0,19289.098297938846,0.0
11563,0,300555.8063192873,949887.8535570394,300339.32522182196,50000.0,19827.167362480668,0.0
11564,0,300334.3176832366,949315.2151174501,300537.58055084106,50000.0,19753.267707326144,0.0
11565,0,300529.4472810577,948930.1344519743,300323.5796302991,50000.0,19354.4730034854,0.0
11566,0,303212.16468973923,949621.6952363856,297635.6085241636,50000.0,16936.238552290168,0.0
11567,0,302913.25780331984,949853.057090644,297947.78660440573,50000.0,17374.315101709388,0.0
11568,0,304424.73590663663,949638.1171335785,296409.2745103869,50000.0,15698.057534879965,0.0
11569,0,292091.42336462834,936225.323535447,308727.9726528785,50000.0,13939.102938954918,0.0
11570,0,299750.504107409,949190.9723139518,301123.7671531008,50000.0,20297.59860648575,0.0
11571,0,303594.8455093005,949575.5693106051,297246.4960885203,50000.0,16516.049472839473,0.0
11572,0,290559.11636121897,941830.5648682624,310189.2769567853,50000.0,18493.01000347617,0.0
11573,0,290169.3538188075,942203.3793696534,310584.9964506242,50000.0,18803.756251597737,0.0
11574,0,300244.15348473005,943810.1673419863,300497.68686213007,50000.0,17810.222290520174,0.0
11838,0,564696.0637869445,962682.9035524552,112988.15147264456,50000.0,7742.605027510438,0.0
11839,0,564693.8630093932,962931.2657938935,112723.62127131065,50000.0,7937.778136155805,0.0
11840,0,565017.2452084733,962272.7276110908,113489.1754447562,50000.0,7102.8835339752195,0.0
11841,0,564651.2781980692,962543.1986075975,113127.80307804838,50000.0,7682.203205411644,0.0
11842,0,565343.222289561,963102.4022204679,112672.45080047031,50000.0,7426.149027246038,0.0
11843,0,564595.3411998133,962652.913541294,113000.06192455224,50000.0,7822.676900734927,0.0
11844,0,564469.581508175,962431.3027038446,113210.8086263741,50000.0,7786.008330319271,0.0
11845,0,565110.0053997596,963017.0686585358,112715.74756184548,50000.0,7588.023937954401,0.0
11846,0,565024.5715135571,962937.2130698272,112783.45285773672,50000.0,7609.270343751952,0.0
11847,0,565035.5646428553,962650.0802196917,113091.26129484441,50000.0,7371.550500179044,0.0
11848,0,564979.5372677156,962553.875648651,113182.29397342661,50000.0,7354.223551355051,0.0
11849,0,565327.9288799695,962978.0682869432,112801.72833290893,50000.0,7339.219169183018,0.0
11850,0,564927.7805174883,962205.2846055966,113542.77219551087,50000.0,7145.438893245123,0.0
11851,0,565178.3407065449,962817.7383276132,112941.8368406996,50000.0,7359.390296428424,0.0
11852,0,564878.4148518604,962681.5692303854,113026.02514575521,50000.0,7555.722808974669,0.0
11853,0,564864.6175228772,963050.1209742825,112631.19414195776,50000.0,7860.179871641516,0.0
11854,0,564559.9801515568,962464.0598403236,113193.83688967914,50000.0,7716.906463319142,0.0
11855,0,564916.1152165997,962463.1201858257,113266.04424480934,50000.0,7349.88737169971,0.0
11856,0,565202.0006751316,963343.5408725585,112386.88204412229,50000.0,7765.656364519117,0.0
11857,0,564509.5585541055,962565.7279899165,113075.80603668834,50000.0,7844.825933446258,0.0
11858,0,565028.0491921881,963196.3748632726,112508.36507427624,50000.0,7815.614435156644,0.0
11859,0,564821.9675950796,962400.1609886303,113314.05565907575,50000.0,7399.222975866186,0.0
11860,0,564941.3612712163,962870.3414012621,112837.83941474924,50000.0,7639.766267188362,0.0
11861,0,565111.1902879656,962381.9724472952,113392.05244535684,50000.0,7088.391520820092,0.0
11862,0,565239.6534634371,962886.382942914,112881.27438718287,50000.0,7352.921808808542,0.0
11863,0,565203.8494853342,963097.6521137372,112649.02771650572,50000.0,7560.258909762113,0.0
11864,0,575017.6696971528,970367.6451855758,107291.70763878014,50000.0,10430.010055521981,0.0
11865,0,575305.1293690286,970721.5308543475,106993.6414669472,50000.0,10792.689946015871,0.0
11866,0,575391.4924431435,970283.8697144578,107495.89639144209,50000.0,10380.982824876777,0.0
11867,0,575688.2205641965,970608.4040670916,107233.67328286427,50000.0,10722.385895068452,0.0
11868,0,576267.2820126035,970640.5327416814,107378.763187489,50000.0,10564.066906761394,0.0
11869,0,576245.6868562532,971104.5618171981,106866.48333494451,50000.0,10292.43410978244,0.0
11870,0,575498.8729052158,971067.8650678537,106675.75422303971,50000.0,10779.343947976236,0.0
11871,0,575895.2315494694,971106.1435197857,106755.71088793635,50000.0,10505.389780637186,0.0
11872,0,576039.9619507557,971496.2944735084,106375.67309752469,50000.0,10198.302660024048,0.0
11873,0,575763.8056211642,971882.2695720459,105870.31500428868,50000.0,10187.053290984946,0.0
11874,0,575131.3411182661,971154.2008831142,106470.74022645276,50000.0,10980.464371321366,0.0
11875,0,575405.7129160817,971540.093680909,106133.71707132898,50000.0,10601.759807658727,0.0
11876,0,575347.5120596087,971970.2347555892,105648.22132617187,50000.0,10445.227890613916,0.0
11877,0,574713.9905140345,971327.0500759243,106158.73494408504,50000.0,11192.916393929892,0.0
11878,0,575014.3744727647,971672.2729314294,105872.52981889482,50000.0,10820.382523055709,0.0
11879,0,574500.5661425726,971700.1469910752,105690.88383866363,50000.0,11193.69982932769,0.0
11880,0,574324.2656351969,971329.3928796422,106042.19752298898,50000.0,11392.439291476596,0.0
11881,0,573965.3989064095,971015.2347462565,106279.65343317407,50000.0,11095.440820598102,0.0
11882,0,574502.8714642808,970966.4066495737,106488.42708906737,50000.0,11015.680070930086,0.0
11883,0,574836.5811196641,970749.4287481243,106822.66077588787,50000.0,10797.694740277728,0.0
11884,0,574582.1458791853,970430.7741041728,107093.46886234342,50000.0,10477.313987318503,0.0
11885,0,574221.0145416703,970642.2538750365,106758.13679973349,50000.0,10696.67932079358,0.0
11886,0,573912.2566722215,974094.2481525263,102924.25649649445,50000.0,11088.41299708968,0.0
11887,0,574226.4208085849,974368.6314743308,102714.6793848747,50000.0,10761.07820751509,0.0
11888,0,574537.9148706327,974731.9425109442,102408.55435419091,50000.0,10431.111841544982,0.0
11889,0,574890.1934889622,975043.1209547498,102171.54547565823,50000.0,10069.243731398472,0.0
12143,0,573450.7585559804,899326.9709127897,183002.15570776575,50000.0,12543.48340249209,0.0
12144,0,573590.5804841891,899593.847078337,182768.63472527266,50000.0,12767.615163856512,0.0
12145,0,573693.6608433595,899357.4044107712,183053.808164314,50000.0,12477.492955543963,0.0
12146,0,573849.9685644109,899791.8089149486,182649.35245455627,50000.0,12874.91940582255,0.0
12147,0,573915.0075217368,899463.4024149264,183018.6029490556,50000.0,12503.857925979099,0.0
12148,0,574036.5229674813,899723.5753809233,182786.179407939,50000.0,12733.14920537278,0.0
12149,0,574066.0433755056,899083.3697681075,183472.23678810426,50000.0,12046.785663750159,0.0
12150,0,574185.3157012056,899635.7962982346,182930.69346241083,50000.0,12586.70435727667,0.0
12151,0,574211.1574738192,899224.3444424622,183374.04425231682,50000.0,12143.230937519775,0.0
12152,0,574385.4913964862,899340.3528319739,183312.5620788425,50000.0,12205.105826809957,0.0
12153,0,574557.5995541419,899433.761277154,183274.34475797313,50000.0,12246.321116227213,0.0
12154,0,574744.8744190467,899567.2458507491,183199.35319633465,50000.0,12327.48135744338,0.0
12155,0,574841.6624553511,899462.8918774416,183343.68696615534,50000.0,12187.598028657592,0.0
12156,0,331305.0176515399,858163.669026182,299528.03568209644,50000.0,2939.5611853961386,0.0
12157,0,331654.54075795127,858284.22311498,299187.78217585164,50000.0,3298.9499983190094,0.0
12158,0,331805.4712892477,858568.9977153891,298905.27741764823,50000.0,3496.686935344112,0.0
12159,0,332017.23443031916,859015.5840597021,298482.0144914278,50000.0,3814.3416629032736,0.0
12160,0,332182.87204789836,859419.3013959362,298119.8734369952,50000.0,4105.2925159972965,0.0
12161,0,332486.28996513516,859415.9460349822,297887.29996706854,50000.0,4378.17092490709,0.0
12162,0,332787.28998606134,859516.3179106937,297596.6150560887,50000.0,4687.512299554062,0.0
12163,0,333143.9354853259,859091.7573219357,297568.24806899496,50000.0,4896.935423640585,0.0
12164,0,332772.13703821064,858872.3445346984,297982.6579986809,50000.0,4491.027277579048,0.0
12165,0,332520.73575549334,858728.6100191346,298260.2786974324,50000.0,4218.831758071698,0.0
12166,0,332250.66186919523,858390.8656799474,298665.59088597004,50000.0,3898.1983312162643,0.0
12167,0,331847.87989981676,859635.5992426546,298254.0075700342,50000.0,3903.3131273778577,0.0
12168,0,331575.50820756296,859341.1626395273,298635.0570098112,50000.0,3536.694703991266,0.0
12169,0,333421.70330421865,859722.517777756,296987.4185982865,50000.0,5338.168314965392,0.0
12170,0,332995.77206306194,860050.1171435226,297126.5789709285,50000.0,5078.813452377373,0.0
12171,0,333751.6438105416,860258.8112593647,296422.21642859926,50000.0,5831.0235823861385,0.0
12172,0,333882.6654718532,860558.5682685855,296147.8845104694,50000.0,6068.660549519418,0.0
12173,0,333694.475447295,859854.3007381331,296700.6224653146,50000.0,5632.376549702513,0.0
12174,0,334235.1476995452,860191.8074446158,296088.1815010598,50000.0,6241.660895712927,0.0
12175,0,333427.93329911,860244.3231921105,296680.4935048558,50000.0,5538.86372590549,0.0
12176,0,333100.025135764,860399.5994455125,296844.2917177883,50000.0,5323.416941585668,0.0
12177,0,333233.6360542512,860737.9310655821,296546.1407097757,50000.0,5598.64227177945,0.0
12178,0,333325.34193317534,858659.9462486767,297680.6026530526,50000.0,4989.214362073742,0.0
12179,0,333521.7559478816,858204.9316792269,297796.2820915269,50000.0,5138.407674153512,0.0
12180,0,332877.7546945338,858159.9692229157,298317.7013455375,50000.0,4495.455855492295,0.0
12181,0,333180.2181964858,858168.4919939988,298080.1052730688,50000.0,4796.714478039818,0.0
12339,0,150242.6470787961,755223.9494132106,659149.3120946592,50000.0,11438.51576989826,0.0
12340,0,149860.06630049806,755683.7367393094,659217.3479790149,50000.0,11568.213770454515,0.0
12341,0,150072.26248998832,755530.287825188,659433.8226245402,50000.0,11320.361711593858,0.0
12342,0,149822.5412931368,755630.7408823429,658977.8931579712,50000.0,11748.668669658397,0.0
12343,0,151360.93978717388,754203.4517369797,659763.0357987001,50000.0,10530.321931275355,0.0
12344,0,151874.37624808835,754110.2430846045,660972.0941023909,50000.0,9429.981145076508,0.0
12345,0,150907.29547050924,754705.0439274398,659733.357359429,50000.0,10733.35058646867,0.0
12346,0,150624.69619863853,754840.4766096787,659271.2565426063,50000.0,11187.806477632857,0.0
12347,0,150985.14242753971,755019.3033574503,660724.7699485637,50000.0,10017.074608245173,0.0
12348,0,150615.56100038646,754936.361751386,659486.1825341881,50000.0,11035.85761940835,0.0
12349,0,151362.8661737733,754389.711649656,660232.355352808,50000.0,10180.103154901528,0.0
12350,0,151386.93069585087,754696.6739446656,661050.3671523049,50000.0,9603.013149977389,0.0
12351,0,151819.617385915,754040.2420363863,660648.3628275918,50000.0,9687.732690850946,0.0
12352,0,151194.16913746396,754717.328226015,660567.4919955861,50000.0,10019.09657244238,0.0
12353,0,150506.68169288218,755136.9595728902,659679.2553200414,50000.0,10948.430638571317,0.0
12354,0,150108.3364251362,755588.4462345178,659679.8111166438,50000.0,11139.26597926932,0.0
12355,0,151010.15112679638,755088.2407854535,660960.7160725372,50000.0,9854.126407944294,0.0
12356,0,151034.5582276646,754476.3918220946,659521.316430813,50000.0,10837.997670793711,0.0
12357,0,150874.72419467208,755006.9867283715,660388.6433112653,50000.0,10292.525997796196,0.0
12358,0,150928.03738068533,754850.4085408672,660152.4031285895,50000.0,10427.637070605979,0.0
12359,0,151704.8794897062,754397.5741047374,661201.8729565162,50000.0,9347.37116937538,0.0
12360,0,150962.2136883074,754467.7127789597,659293.2354859109,50000.0,11038.135491539504,0.0
12361,0,150537.17421491307,755197.3598973831,659914.7476465082,50000.0,10773.211689979129,0.0
12362,0,151580.547394065,754218.7452363662,660419.8778020191,50000.0,9953.09053599734,0.0
12363,0,151575.56036929274,754366.0979587153,660767.8678892095,50000.0,9705.735493094557,0.0
12364,0,151272.980353509,754386.3413709407,659971.1671908558,50000.0,10408.369250680078,0.0
12484,0,747978.9345426625,1047091.7083894662,193891.63857087897,50000.0,8869.598454036122,0.0
12485,0,748200.3157748744,1047165.5019069539,194103.53839675497,50000.0,8838.619815070882,0.0
12486,0,748439.9485339157,1047356.3965109064,194256.4605099847,50000.0,8942.157933224049,0.0
12487,0,748699.3209144484,1047532.1204490159,194443.4820570658,50000.0,9024.469298711037,0.0
12488,0,748959.0581011275,1048220.421928545,194279.08281759394,50000.0,9711.760890795113,0.0
12489,0,749365.7835969583,1048477.9725359969,194585.99889664023,50000.0,9838.751547138494,0.0
12490,0,749541.5447942863,1048606.036135559,194707.28876736102,50000.0,9917.686874084462,0.0
12491,0,749441.9786673691,1047758.9047554627,195169.80403385285,50000.0,8978.745898854395,0.0
12492,0,749285.2405488265,1047485.0528823877,195171.84210110226,50000.0,8722.047625362744,0.0
12493,0,749305.5617572449,1047083.2673957376,195472.58510660435,50000.0,8252.068686210292,0.0
12494,0,747821.6440424371,1045505.1890552999,194803.91625950704,50000.0,7078.870080164419,0.0
12495,0,748086.9751513997,1045774.740224367,194931.32170282322,50000.0,7256.865665426759,0.0
12496,0,748297.4269555896,1046029.9316162898,195003.95231287339,50000.0,7452.529971201551,0.0
12497,0,748507.589142737,1046376.6577164273,195013.20878980035,50000.0,7759.929444056346,0.0
12498,0,748859.2025911183,1046471.4462186408,195364.91146838214,50000.0,7717.716923935247,0.0
12499,0,749144.0382321023,1046794.7292213058,195479.74845771864,50000.0,7979.8022415636915,0.0
12500,0,748670.6126873681,1044806.6123434599,196296.00713419876,50000.0,5868.762962259668,0.0
12501,0,748982.7213403425,1045347.4292043624,196290.0357459075,50000.0,6378.416641435525,0.0
12502,0,749122.6407821047,1045619.5346866495,196267.1818718724,50000.0,6642.242236484778,0.0
12503,0,749239.7846690065,1045923.2447790047,196195.71574129997,50000.0,6949.713493354861,0.0
12504,0,749452.8320131621,1046102.1324818264,196324.69850258654,50000.0,7087.568974452181,0.0
12505,0,748863.572315207,1045085.1996115925,196330.9343504204,50000.0,6119.495266865889,0.0
12506,0,749816.9453087822,1047743.5807939689,195625.88035594908,50000.0,8833.145129735856,0.0
12507,0,749907.9818782816,1048091.4172223762,195495.42868211085,50000.0,9199.229761911913,0.0
12508,0,748400.6969394339,1044553.476986781,196152.50853408503,50000.0,5681.571092050598,0.0
12754,0,674826.7634775726,904289.223551208,262284.8598530572,50000.0,8619.676276557113,0.0
12755,0,673615.5756512928,902798.5895055562,262140.48550334576,50000.0,7447.660743546408,0.0
12756,0,673178.1661184712,902459.9452896776,262755.62989161815,50000.0,6970.429815251061,0.0
12757,0,673533.3474567081,902789.8728857008,262438.8274044281,50000.0,7330.94230179074,0.0
12758,0,675043.5833930043,904378.6285731257,261715.32463043428,50000.0,8818.771595723752,0.0
12759,0,675410.9991489721,904730.7387391262,261424.9481409792,50000.0,9186.407100449129,0.0
12760,0,673838.527886304,903151.9644268976,262428.81943810283,50000.0,7618.34154570418,0.0
12761,0,673469.2624814329,902802.9589970463,262737.8952743722,50000.0,7247.361079957142,0.0
12762,0,673683.6934606271,903083.3837554042,262818.21169680625,50000.0,7459.9666362072885,0.0
12763,0,674070.0480512262,903413.902757244,262379.2553250396,50000.0,7845.752054696665,0.0
12764,0,674394.8174951405,903769.2527182776,262269.9033523204,50000.0,8170.350565347227,0.0
12765,0,674823.2038785332,904205.7269601019,262018.20070125954,50000.0,8599.933792404536,0.0
12766,0,674739.9632959935,904059.7050670094,261861.64451431858,50000.0,8516.287663972293,0.0
12767,0,674387.9355458613,903687.5076160938,262023.64175781616,50000.0,8167.7692223973345,0.0
12768,0,674162.367264811,903409.6677960819,261996.35480297,50000.0,7956.733485405205,0.0
12769,0,673979.2972183917,903159.8021235326,261893.64248039701,50000.0,7805.77727017432,0.0
12770,0,675396.3723351242,904638.1534897948,261172.6108870384,50000.0,9182.64073602852,0.0
12771,0,675579.9420758496,904738.8827085241,260775.32119640513,50000.0,9392.083454329746,0.0
12772,0,675962.2674455863,905111.1701152785,260492.52139018892,50000.0,9773.740722330833,0.0
12773,0,675739.1873746421,904962.0297469108,260885.8826541169,50000.0,9527.882633641022,0.0
12774,0,675726.5158596797,905037.9463192784,261191.99336572373,50000.0,9501.976279765255,0.0
12775,0,675566.1163018751,904950.719381417,261542.65548157343,50000.0,9344.676555990984,0.0
12776,0,675187.0024100767,904610.7572035303,261920.6179494478,50000.0,8971.211728071909,0.0
12777,0,679595.9107164185,912537.6665878155,271815.3756266591,50000.0,12687.919573002773,0.0
12778,0,679560.9732306041,912474.9644934164,271730.3087192285,50000.0,12776.57365730004,0.0
13119,0,305815.6952605028,950463.2256603715,295033.58968442155,50000.0,14783.969741543562,0.0
13120,0,305642.79145447706,950235.5239875797,295199.61207002326,50000.0,14814.432585578234,0.0
13121,0,305680.2942066871,949987.5186540368,295152.2711713973,50000.0,14623.016396733165,0.0
13122,0,305156.78600550897,950552.0468743369,295704.57917832874,50000.0,15504.542719296902,0.0
13123,0,305856.7863995037,950239.2156765551,294983.1979409747,50000.0,14600.450983041785,0.0
13124,0,305457.51830613794,950010.6372550497,295378.48043387855,50000.0,14863.443740032742,0.0
13125,0,305097.19118480926,950774.6584992175,295774.60038684844,50000.0,15706.62342546338,0.0
13126,0,305161.2136633348,950325.9066428606,295690.7093463053,50000.0,15358.196843980313,0.0
13127,0,305389.641298261,950234.8704516268,295455.8058016445,50000.0,15070.27248547485,0.0
13128,0,304899.3893806622,950466.285045562,295961.7128467598,50000.0,15710.759242696602,0.0
13129,0,304820.6607693278,950178.5272724706,296029.55720466544,50000.0,15613.188070606382,0.0
13130,0,305030.50327686244,951315.7791403881,295867.2770931273,50000.0,16128.029553524306,0.0
13131,0,305391.8055572062,950820.5665611244,295477.9985925753,50000.0,15440.376403185675,0.0
13132,0,305476.42940031365,950555.0876777509,295380.91097954224,50000.0,15184.231620074868,0.0
13133,0,305771.7511559929,950770.540702932,295090.81169278413,50000.0,15026.98511498891,0.0
13134,0,305695.6071950922,951023.1227425592,295178.99902560865,50000.0,15269.791661841959,0.0
13135,0,305582.4095655095,951284.2106872457,295305.74553516356,50000.0,15557.555868017784,0.0
13136,0,305266.26462676475,951093.255564953,295617.55518862844,50000.0,15744.881606528328,0.0
13137,0,304801.33618431713,950655.9711344695,296069.25276709616,50000.0,15929.097536180141,0.0
13138,0,304419.61629313225,950242.3492560212,296438.30075129285,50000.0,16060.03536119005,0.0
13139,0,304029.2320826671,950378.6028275825,296839.63918011123,50000.0,16540.11034746795,0.0
13165,0,549482.3286317998,974477.7743396896,99565.13621763795,50000.0,13059.6961831364,0.0
13166,0,549665.1432038355,974495.5548453474,99540.31787135107,50000.0,13084.836039101903,0.0
13167,0,549602.0992831512,974073.322758832,99958.0235971797,50000.0,13523.981126800825,0.0
13168,0,549988.0560816068,974873.5751653472,99156.21441664554,50000.0,12761.038717622625,0.0
13169,0,549805.9670726168,974857.6681808665,99178.80190182946,50000.0,12730.085289550447,0.0
13170,0,549940.6320482177,975029.932403639,99004.18905875378,50000.0,12579.212717090551,0.0
13171,0,549492.9339727849,974211.1536728034,99826.67486255079,50000.0,13348.742863470123,0.0
13172,0,549399.8228523375,974638.2619359229,99411.08404337284,50000.0,12868.620325338738,0.0
13173,0,549830.4695745884,974660.4226851667,99371.82716693952,50000.0,12949.326905988299,0.0
13174,0,549270.5946383913,974483.6122984831,99568.46345177677,50000.0,13005.885268015252,0.0
13175,0,549118.6945591506,974428.2424522111,99629.59637010812,50000.0,13033.33403960082,0.0
13176,0,550144.0345235736,974995.9191786025,99030.12228217912,50000.0,12671.97841662046,0.0
13177,0,554060.2385929809,975871.661517864,98112.7402576888,50000.0,13453.50009982252,0.0
13311,0,748614.9164643132,1002286.0528249234,361399.8350190365,50000.0,12772.90508846983,0.0
13312,0,748312.2485309703,1001953.8715961856,361218.10973386513,50000.0,12749.62932125743,0.0
13313,0,747737.5415578539,1001380.3408974607,361282.780151518,50000.0,12409.120809449527,0.0
13314,0,748057.3632497725,1001739.6999749114,361533.79279654205,50000.0,12373.260859526608,0.0
13315,0,748564.5225150071,1002172.7370974043,360955.0248934266,50000.0,13084.18647368695,0.0
13316,0,748218.6312860806,1001800.4872199942,360800.5931041727,50000.0,13027.888161374107,0.0
13317,0,748013.7507183588,1001627.222688933,361046.28328521573,50000.0,12732.283268307936,0.0
13318,0,748385.8144462422,1002106.1051014942,361773.4514651868,50000.0,12366.759005368753,0.0
13319,0,748489.0569248275,1002268.813099217,362189.4080727376,50000.0,12117.86756858613,0.0
13320,0,748738.8436262417,1002500.7821303222,362038.0527647387,50000.0,12372.667641150829,0.0
13321,0,749026.5885962417,1002800.3710235092,362095.8853746724,50000.0,12502.329236854499,0.0
13322,0,748884.6080586449,1002700.231534956,362409.30910481286,50000.0,12195.961442816586,0.0
13323,0,749385.7933871369,1003198.1432469429,362339.2765381748,50000.0,12556.231889851717,0.0
13324,0,749636.8535411301,1003408.4735947668,362023.74847488257,50000.0,12480.911732897923,0.0
13325,0,749679.7462331668,1003523.6097906572,362538.7770936628,50000.0,12259.46465120468,0.0
13326,0,749877.8683544912,1003688.5075156231,362281.95956025337,50000.0,12149.207547881846,0.0
13327,0,750054.3413773545,1003815.1728932736,361908.1172016313,50000.0,12111.131599544366,0.0
13328,0,750362.2598971543,1004134.2732379265,361960.5970552037,50000.0,11787.248217554397,0.0
13329,0,750283.3413575327,1004102.4885167481,362306.5409481584,50000.0,11737.78802157768,0.0
13330,0,749897.077149432,1003770.8898830527,362734.5084605195,50000.0,11979.298735056598,0.0
13331,0,749663.9642363047,1003362.5772535255,361497.5895208606,50000.0,12656.721161073756,0.0
13332,0,749388.8227691983,1003118.8559514415,361748.38276616496,50000.0,12829.284427227072,0.0
13333,0,749023.6619233532,1002728.0661239816,361598.99645521893,50000.0,12856.265349305611,0.0
13334,0,748996.6607239203,1002625.7637499113,361062.7580052698,50000.0,13235.713336574454,0.0
13335,0,749297.7334717264,1002959.7630773475,361269.77494983684,50000.0,13109.118364737626,0.0
13577,0,568904.1336427056,915677.4992358184,164206.7434892859,50000.0,19232.506197936662,0.0
13578,0,567592.3665624872,915076.9724103858,164449.14017550703,50000.0,20510.571294276964,0.0
13579,0,568472.2427712103,916102.3756050785,163624.30999916702,50000.0,19754.06385497109,0.0
13580,0,568426.3309656603,915660.0762024648,164079.97648752964,50000.0,19727.563202340847,0.0
13581,0,567832.6756120981,914680.771023181,164940.84335533125,50000.0,20214.555535442258,0.0
13582,0,568231.2766378301,915805.5554071751,163866.7591575903,50000.0,19954.491966103305,0.0
13583,0,567916.2192216094,914302.2476919348,165367.2857300177,50000.0,20092.5182938093,0.0
13584,0,567587.8728505573,914623.6800353567,164928.5768216051,50000.0,20460.863386556586,0.0
13585,0,567858.9956605111,915944.548711103,163607.85469175677,50000.0,20367.636943737107,0.0
13586,0,568124.7890934796,914036.8402181978,165711.36813516208,50000.0,19859.420259718998,0.0
13587,0,567382.4626862118,914415.7630048335,165088.28495973712,50000.0,20651.086556103674,0.0
13588,0,567857.9094077324,915187.9175874018,164410.38181740537,50000.0,20249.96350980718,0.0
13589,0,568689.055671001,915997.0540409002,163801.86192332624,50000.0,19508.612266620614,0.0
13590,0,567693.3172748442,914859.6095224662,164709.65281010262,50000.0,20378.666858249115,0.0
13591,0,568655.2808935855,915662.1144349336,164147.20511212744,50000.0,19489.33277497766,0.0
13592,0,568005.688710846,914529.0169988404,165153.55367041958,50000.0,20021.020673225954,0.0
13593,0,568475.2674913305,915877.682081558,163863.77244897533,50000.0,19711.718261109687,0.0
13594,0,568108.4128008584,914243.629539423,165487.11046697336,50000.0,19890.90656726285,0.0
13595,0,567349.9988119391,914620.1406981241,164862.00167773233,50000.0,20705.84291943974,0.0
13596,0,568219.5924969855,915507.0686283918,164180.04769317154,50000.0,19919.53166543547,0.0
13597,0,567734.0665235476,914442.0181236592,165164.67752626227,50000.0,20292.008651660883,0.0
13598,0,568054.0539500106,915922.9834056463,163688.96450358865,50000.0,20159.75878356994,0.0
13599,0,568828.238027398,915869.7902840317,163979.38271240614,50000.0,19341.852722593976,0.0
13600,0,567995.730208531,915412.5482060813,164213.20775658562,50000.0,20138.470267860324,0.0
13791,0,738275.6591994106,975392.3380489459,262925.82795295696,50000.0,10540.432497023623,0.0
13792,0,738535.3446548654,975689.995057547,263031.4038701087,50000.0,10199.305661736,0.0
13793,0,738772.1010279895,975886.6538496487,262743.6343627533,50000.0,10089.56147179562,0.0
13794,0,738824.1923025388,975994.5523680887,263012.9712611209,50000.0,9890.141355747564,0.0
13795,0,739376.732078612,976596.9860174034,263081.3789704165,50000.0,9246.283402880084,0.0
13796,0,739644.0225069016,976891.0164692305,263128.68779927783,50000.0,8928.0285588133,0.0
13797,0,740038.1740507489,977229.0530948768,262704.9741506083,50000.0,8719.145740722182,0.0
13798,0,739705.1973179312,976886.6131069163,262769.0681082709,50000.0,9049.412679765572,0.0
13799,0,740408.6996747938,977569.6026279225,262424.6059741615,50000.0,8473.619119994168,0.0
13800,0,740138.8276596415,977268.5240210291,262354.6626811216,50000.0,8809.44404462641,0.0
13801,0,739804.2889102973,976928.0998326937,262437.98188239406,50000.0,9126.53100211225,0.0
13802,0,738872.4846196113,975881.4876024749,262166.5522877338,50000.0,10306.348455082436,0.0
13803,0,738857.8670438748,975919.5726290812,262442.35861507163,50000.0,10162.190682658715,0.0
13804,0,739238.8258663805,976251.3566675954,262058.38306210988,50000.0,9970.180790096187,0.0
13805,0,739347.5059826068,976427.5178264674,262368.2538133066,50000.0,9667.293534078013,0.0
13806,0,739717.6087831497,976788.156186231,262192.8656091371,50000.0,9365.847746145982,0.0
13807,0,739537.8815742948,976563.6258245143,262023.62867816846,50000.0,9664.814711786654,0.0
13808,0,739421.9767954086,976384.2403545742,261736.9821589346,50000.0,9970.360279325227,0.0
13809,0,739113.2519851724,976064.024342081,261784.424172661,50000.0,10276.498611724586,0.0
13810,0,738784.400259318,975740.2624299406,261924.3130738701,50000.0,10548.8649412484,0.0
13811,0,738636.7959181721,975545.5163711074,261733.9344479831,50000.0,10828.161231904154,0.0
13812,0,739272.4102479904,976172.4233119666,261468.9389426309,50000.0,10306.134500981561,0.0
13813,0,738952.2727928016,975857.6150250494,261607.09278003938,50000.0,10564.402457459933,0.0
13814,0,738810.7956941163,975670.5184533258,261422.51589672672,50000.0,10837.6742269929,0.0
13954,0,552943.699488717,997137.0428292289,77615.16491003134,50000.0,10758.687405868253,0.0
13955,0,552916.8289497242,996814.0327200536,77915.77939769425,50000.0,10410.157162426667,0.0
13956,0,552676.9751948445,996525.4261090847,78219.2903685017,50000.0,10195.640534168724,0.0
13957,0,553138.8815290853,996543.9968488162,78129.2251949185,50000.0,10014.991507604016,0.0
13958,0,552872.5403128414,996260.8845833018,78431.34362148345,50000.0,9812.734994864251,0.0
13959,0,552872.1739621005,995804.7571510945,78851.96417481935,50000.0,9304.48222431002,0.0
13960,0,553175.0514475671,996131.8359931106,78504.1673003532,50000.0,9541.671491208625,0.0
13961,0,552430.9648766236,996066.6534658013,78679.98078850907,50000.0,9799.396461534363,0.0
13962,0,552033.0710346702,995793.400390037,78995.48497097315,50000.0,9694.6370985142,0.0
13963,0,552370.1463704394,996415.2719442156,78370.48993570874,50000.0,10218.273371663407,0.0
13964,0,552467.8015360585,996751.0274714256,78047.15680454584,50000.0,10545.916245270202,0.0
13965,0,551927.9927216518,996207.6125240165,78634.73026345928,50000.0,10212.334821783365,0.0
13966,0,551949.3201932949,996610.5314476812,78264.03822037045,50000.0,10650.757906392306,0.0
13967,0,551897.6406927597,996926.332318255,77986.25516086386,50000.0,11030.771384674064,0.0
13968,0,552501.1941773912,997126.5264254782,77698.65962400076,50000.0,10949.38879353745,0.0
13969,0,552888.9932782865,997481.6148386037,77308.89664422792,50000.0,11167.232165349998,0.0
13970,0,552795.232514979,997815.1162373618,77020.57138055142,50000.0,11581.681803423755,0.0
13971,0,553099.5581173776,998373.9267084945,76459.11680927119,50000.0,12071.117160788717,0.0
13972,0,552720.7218279738,998250.7174476554,76637.60110310109,50000.0,12102.499575484826,0.0
13973,0,552461.5699530441,997734.3161512183,77152.42118943739,50000.0,11647.666406160772,0.0
13974,0,552210.6386901604,997390.7154242273,77508.9593879493,50000.0,11387.415644986491,0.0
13975,0,552446.1678630238,998491.0584556811,76469.90741940468,50000.0,12501.288340668958,0.0
13976,0,552019.8882356638,997953.887304797,77034.16434429606,50000.0,12114.598363564884,0.0
14101,0,584810.902676933,953125.6385217713,129652.63357140134,50000.0,12613.009380916998,0.0
14102,0,585078.1910695588,953450.7915367557,129410.5236671793,50000.0,12332.078971984509,0.0
14103,0,584277.504662204,953305.2299901149,129235.05868504198,50000.0,12304.582059850585,0.0
14104,0,584041.6108497517,953066.0480220375,129398.25942312773,50000.0,12514.387965233407,0.0
14192,0,521608.9021653883,967995.1488026289,110867.51591780795,50000.0,31585.04078920742,0.0
14193,0,521677.77677777584,968323.428775746,110576.23640365193,50000.0,31443.71814691932,0.0
14194,0,521767.85329201387,967735.6064998627,111026.69037909941,50000.0,31514.17646786297,0.0
14195,0,522461.0759504383,968003.2863101485,110577.74329958369,50000.0,30844.479607922516,0.0
14196,0,522240.7622140136,967664.6046867317,110928.81826883754,50000.0,31126.8131783357,0.0
14197,0,521939.2593269578,967398.6825590108,111246.67903203313,50000.0,31459.176070366364,0.0
14198,0,521287.4336730055,966916.8773896015,111858.08894303124,50000.0,32151.864751290956,0.0
14199,0,521402.8626631762,967414.3802961641,111411.74895178224,50000.0,31915.14155560064,0.0
14200,0,521638.9345058557,967144.12527666,111554.99900621027,50000.0,31787.536741122596,0.0
14201,0,521925.0111352393,966961.7054599517,111611.4178774966,50000.0,31598.015574609504,0.0
14202,0,521763.8859904355,966651.9009420458,111919.57679926665,50000.0,31827.050727540107,0.0
14203,0,522025.15493064886,966517.8318165555,111945.96885413761,50000.0,31650.498317037003,0.0
14204,0,522287.21310340794,966157.3052755684,112161.74611374656,50000.0,31551.879918282822,0.0
14205,0,522309.4103941574,965802.1395986805,112450.64779257547,50000.0,31655.453832072893,0.0
14206,0,522774.40905971907,965185.4255490175,112823.5946701864,50000.0,31510.106891201307,0.0
14207,0,522531.9812244366,965600.0264533779,112550.21150465265,50000.0,31548.125883867775,0.0
14208,0,522233.2137306485,965277.385875023,112912.67104916775,50000.0,31904.23291805399,0.0
14209,0,522421.3192895093,965035.8998592997,113056.91245809404,50000.0,31844.904605181564,0.0
14210,0,522944.8283194578,965619.1482912679,112407.35325636445,50000.0,31212.086013223197,0.0
14211,0,523231.75755539595,965758.2782051791,112203.22885211601,50000.0,30932.845116660446,0.0
14212,0,523200.83712865977,965412.8562153666,112503.29553580194,50000.0,31088.284881565927,0.0
14213,0,523601.16371942847,965644.4869406247,112188.08971978065,50000.0,30685.551601879342,0.0
14214,0,523687.72808722145,965962.9471069259,111893.57333017806,50000.0,30495.70130290215,0.0
14357,0,734645.9511967667,973720.9385008247,274344.73596910306,50000.0,3396.0101156363667,0.0
14358,0,734983.0216560508,974042.8540585979,274154.03054825775,50000.0,3107.2589048260647,0.0
14359,0,734341.2363998706,973399.9389398382,274359.2906132343,50000.0,3723.7331611790673,0.0
14360,0,734019.5469170675,973067.1158042451,274407.0626122428,50000.0,4057.214729589926,0.0
14361,0,733996.1587165891,972989.7725673851,274130.9638408161,50000.0,4199.552176278912,0.0
14362,0,734140.2097653309,973084.7745222191,273825.2420696373,50000.0,4192.34643619331,0.0
14363,0,733927.2520759281,972841.8190380094,273738.61667936406,50000.0,4471.7442293963095,0.0
14364,0,733752.2341313687,972711.8626127947,274033.5882696433,50000.0,4512.844854107001,0.0
14365,0,734106.1874925394,972946.8706974783,273291.20863479574,50000.0,4541.121041639,0.0
14366,0,734214.8915623021,973106.9567698434,273524.5925447023,50000.0,4279.88846006625,0.0
14367,0,734787.060878375,973606.42076918,272952.4346191573,50000.0,4046.683423796734,0.0
14368,0,734481.0535972071,973295.3549943215,273027.7062083278,50000.0,4315.566357839844,0.0
14369,0,734947.0148628956,973827.1630872609,273218.94943638257,50000.0,3688.765135305503,0.0
14370,0,735274.1699359092,974148.9637170153,273082.7100659456,50000.0,3442.322447480687,0.0
14371,0,734598.3361676764,973467.7625092142,273278.14792150806,50000.0,4020.489304037751,0.0
14372,0,735256.3006202101,974246.2166634159,273695.36274098675,50000.0,3049.345872966629,0.0
14373,0,735084.8428381851,974026.8035370406,273498.88706012955,50000.0,3355.5116214960226,0.0
14374,0,734911.2695771131,973917.8025119192,273896.39308890473,50000.0,3311.9101861826616,0.0
14375,0,734588.3574158407,973614.5213525514,274106.2622981564,50000.0,3561.4713486809856,0.0
14376,0,734715.8004713376,973677.0909222921,273722.45099041914,50000.0,3620.289159976615,0.0
14377,0,734307.6897235739,973299.8322861299,274019.868920013,50000.0,3910.1282646333134,0.0
14378,0,734451.9110959704,973388.0066387174,273677.21263825934,50000.0,3933.269317314014,0.0
14468,0,568373.375097576,873008.0082164367,208917.45853837123,50000.0,14898.013947316658,0.0
14469,0,568543.337307419,872814.7612383455,209172.33974114468,50000.0,14983.091563690305,0.0
14470,0,568738.4015154027,873034.3464854152,209005.49682931422,50000.0,14843.385391230158,0.0
14471,0,568901.2690069492,872889.8911918779,209207.69066574288,50000.0,14966.375589356207,0.0
14472,0,569127.9188397933,872852.8763753495,209318.5458584555,50000.0,14824.55085435595,0.0
14473,0,569242.5648994191,873144.5481715455,209051.51353582364,50000.0,14628.480957303474,0.0
14474,0,569161.3607328115,872370.4531093839,209831.5075161545,50000.0,14971.04700454063,0.0
14475,0,569223.2435560094,872618.7847127095,209592.78620244202,50000.0,14827.44290705547,0.0
14476,0,569382.8100206373,873463.5183175986,208764.30078144334,50000.0,14367.6826986116,0.0
14477,0,569391.6625554735,872948.5500583213,209303.4541720972,50000.0,14568.32681416103,0.0
14478,0,569554.1939782685,873235.626372169,209056.79271249785,50000.0,14332.018718579173,0.0
14479,0,569496.1735132439,872749.1764441893,209544.66546690883,50000.0,14552.147888466383,0.0
14480,0,569534.3611486172,872460.8380948965,209857.1646973497,50000.0,14629.501484830933,0.0
14481,0,569576.8960813892,872233.1223194676,210107.92823720188,50000.0,14685.135615607249,0.0
14482,0,569825.2201091278,873488.7127570148,208880.74601010105,50000.0,14016.260400439918,0.0
14483,0,569801.8737480823,873180.0148514386,209194.70356594928,50000.0,14141.23492499794,0.0
14484,0,570075.517219183,873686.7213766429,208755.7288208997,50000.0,13736.833143925553,0.0
14485,0,569966.7807562244,872843.5144994733,209598.5856809803,50000.0,14127.028484525674,0.0
14486,0,570046.6413037416,873164.6560748857,209290.10971543638,50000.0,13941.285758237394,0.0
14487,0,570170.4660360913,873490.3365129812,208991.21110985923,50000.0,13721.885343916403,0.0
14488,0,570123.7804675003,872702.1992933952,209796.77963477475,50000.0,14053.651334882705,0.0
14489,0,570151.3432304534,872437.2696976027,210081.586915283,50000.0,14139.388643577193,0.0
14512,0,239647.91436082518,975087.4478584905,370232.3003536073,50000.0,64929.910081050584,0.0
14513,0,239795.39921660555,974977.8765795637,370027.29509144736,50000.0,65135.8737099456,0.0
14514,0,239622.5776917234,974765.6316393694,370136.68170845427,50000.0,65028.61645399665,0.0
14515,0,239748.7204960089,974664.0940451897,369958.6959156618,50000.0,65208.172182257855,0.0
14516,0,239957.52129688003,974976.9000693022,369847.9448660088,50000.0,65315.37248502721,0.0
14517,0,239957.9062087233,974743.2661259896,369758.117710243,50000.0,65407.89193870803,0.0
14518,0,240143.1211978738,974913.2200556737,369618.68680581596,50000.0,65545.44600721657,0.0
14519,0,240285.83457261094,975047.2843479682,369512.51667318866,50000.0,65650.45276751665,0.0
14520,0,240444.6990350842,975192.6030512082,369392.9058172347,50000.0,65769.12373861192,0.0
14521,0,240584.52684441872,975326.9449044573,369290.170458765,50000.0,65871.27967698139,0.0
14522,0,241138.66073251955,975595.930337361,368781.7729587599,50000.0,66379.34367171637,0.0
14523,0,240969.78142566094,975669.7590370984,368996.8982615067,50000.0,66164.34406481234,0.0
14524,0,241259.26260885465,975497.3999518642,368610.5880951761,50000.0,66550.58895328856,0.0
14525,0,241322.4099456832,975347.2428398273,368483.1888912185,50000.0,66678.47348719486,0.0
14526,0,241455.17826717137,975190.4088639093,368276.649700388,50000.0,66789.93625229926,0.0
14527,0,241572.14232242186,975116.3823879511,368119.36870266206,50000.0,66633.63577447979,0.0
14528,0,241473.40463914408,974883.6038228325,368139.8439657699,50000.0,66657.0908870318,0.0
14529,0,240856.82882567673,974676.5307332311,368741.2638355422,50000.0,66427.0312658297,0.0
14530,0,241000.9114274876,974735.6481751011,368604.7928246337,50000.0,66562.76555726271,0.0
14531,0,241139.12265714578,974827.188728049,368487.0928001544,50000.0,66679.29183086604,0.0
14532,0,240722.43705185858,974415.9950938185,368790.94792429556,50000.0,66382.048830837,0.0
14533,0,241113.8672884871,974491.4956790853,368388.0349786884,50000.0,66784.13505648937,0.0
14622,0,579489.9226660669,863732.8100360247,222409.7366728162,50000.0,11388.214036996445,0.0
14623,0,579627.0146089136,863968.0345980086,222218.0562953057,50000.0,11141.177123963249,0.0
14624,0,579746.4145476273,864172.0178973541,222052.10116103207,50000.0,10926.813670471307,0.0
14625,0,579772.2865174932,863636.6959269651,222616.0666745153,50000.0,11389.19508296086,0.0
14626,0,579886.3374034751,864384.1377085928,221885.58563166836,50000.0,10699.056964476717,0.0
14627,0,579924.7372145245,863855.7316117394,222447.21798586263,50000.0,11152.414765437547,0.0
14628,0,580053.2644605814,864064.2383428641,222280.27517185747,50000.0,10931.702732258762,0.0
14629,0,580170.4622774404,864258.8282053948,222123.49797273971,50000.0,10726.517864152098,0.0
14630,0,580359.2338059304,864499.4120469863,221946.5351322622,50000.0,10460.989330829489,0.0
14631,0,580536.9839618701,864308.123464428,222212.6560497937,50000.0,10587.583349603077,0.0
14632,0,580203.7884167972,863814.7525985719,222595.8927913898,50000.0,11115.533401192315,0.0
14633,0,580034.095121884,863586.8522923477,222767.10144668794,50000.0,11363.658341524864,0.0
14634,0,579878.3524478631,863440.8687774136,222858.98167439934,50000.0,11534.954937307795,0.0
14635,0,579621.9676486255,863416.7879761272,222786.74214742696,50000.0,11626.26727131912,0.0
14636,0,579372.2434582381,863486.8242413419,222619.96013400037,50000.0,11638.639143391567,0.0
14637,0,579176.7959172638,863705.168388714,222320.3734117797,50000.0,11513.20095296609,0.0
14638,0,579268.3830094368,863949.3320343551,222102.0499366503,50000.0,11273.955324430735,0.0
14639,0,579350.8229035293,864170.270799953,221904.34989144272,50000.0,11057.88093359527,0.0
14640,0,579065.7999732865,864150.8999379044,221817.18098913733,50000.0,11175.9423719296,0.0
14641,0,579217.2249287955,864422.7687015653,221592.56059574426,50000.0,10893.440248876912,0.0
14642,0,579524.1735131703,864426.3804225159,221704.58943720668,50000.0,10780.74865173048,0.0
14643,0,579623.0460743656,864665.6244306949,221494.23336643158,50000.0,10543.68155456871,0.0
14717,0,321624.41702536255,770969.3850459282,371474.6531360596,50000.0,13351.53776443711,0.0
14718,0,321615.2195487546,771264.1056496993,371219.6620077082,50000.0,13062.591567087831,0.0
14719,0,321561.71979471616,772430.0147997125,370225.4134720785,50000.0,11922.647018725795,0.0
14720,0,321635.52953886474,771599.6504768584,370908.29883764253,50000.0,12737.23415099949,0.0
14721,0,321841.84656783956,771717.738095701,370660.5662141443,50000.0,12645.164701792539,0.0
14722,0,321982.08325459016,770482.0941415164,371659.3363934959,50000.0,13859.759754249193,0.0
14723,0,321796.0524754448,772661.6245280912,369858.26497389335,50000.0,11729.489376356343,0.0
14724,0,321959.17620300467,770910.4248207618,371294.7565854957,50000.0,13440.94590698988,0.0
14725,0,321975.7645820414,771259.3579509039,370973.7331998123,50000.0,13104.58683355629,0.0
14726,0,321857.9531530756,772992.0120154581,369523.98082205316,50000.0,11422.607578275261,0.0
14727,0,321884.8639277848,773299.8045866798,369234.2028148062,50000.0,11134.027938806805,0.0
14728,0,322029.3755166577,772026.5482804273,370257.30946039857,50000.0,12372.334607186014,0.0
14729,0,322326.4417275935,770473.1005644354,371428.8513353254,50000.0,13907.110742970928,0.0
14730,0,322175.17634429765,772201.7646363113,370001.3568946233,50000.0,12227.06122124318,0.0
14731,0,322267.69521772995,772708.0553129464,369490.19687461684,50000.0,11762.839607218575,0.0
14732,0,322465.7573238019,772274.9174034897,369735.4609827869,50000.0,12208.560300765854,0.0
14733,0,322651.4116051975,770307.0889646744,371351.7507753716,50000.0,14110.703001948392,0.0
14734,0,322489.45454304654,772911.7955115566,369156.91219294583,50000.0,11615.714441417203,0.0
14735,0,322668.33449954353,772494.0726806234,369401.7071744756,50000.0,12043.62632384869,0.0
14736,0,322862.2713533518,772675.5975653298,369107.3653679021,50000.0,11918.619606634536,0.0
14737,0,322054.75949273776,773141.9283884206,369255.33656389214,50000.0,11313.700054354935,0.0
14738,0,322518.7176805909,773139.0713526403,368936.3410846465,50000.0,11410.422450456788,0.0
14871,0,567787.9467062224,964795.6529100876,111394.47267631236,50000.0,6825.563926399533,0.0
14872,0,567517.4165691994,964621.5535422695,111519.31966179647,50000.0,6861.078441112526,0.0
14873,0,567239.531454352,964524.0972622159,111561.15549907036,50000.0,6989.666749215709,0.0
14874,0,566986.2065551006,964318.7306215579,111724.5125859146,50000.0,7000.798726344167,0.0
14875,0,568046.4265053084,964985.7427440302,111250.31457355707,50000.0,6826.817564235079,0.0
14876,0,566733.9378875388,964116.5156451169,111885.21390618879,50000.0,7024.906993962746,0.0
14877,0,565070.4551330389,963817.6750077986,111855.76828927058,50000.0,8295.890601819621,0.0
14878,0,565375.8086507833,963886.558615573,111844.04165390563,50000.0,8062.770174896864,0.0
14879,0,565820.0455161677,964076.5318364098,111733.01947130883,50000.0,7814.404459348548,0.0
14880,0,565588.1881342138,964325.6720405517,111419.69022705908,50000.0,8255.14657993848,0.0
14881,0,566183.0024049385,964063.5706556382,111823.10624045174,50000.0,7468.855457189571,0.0
14882,0,566248.6265614342,964549.558481864,111318.47659330376,50000.0,7864.109863327266,0.0
14883,0,566390.7170420394,965246.0991470065,110605.27218412903,50000.0,8411.1967008642,0.0
14884,0,565720.821922176,964778.5986443238,110964.3136191897,50000.0,8550.99901461479,0.0
14885,0,565711.0686238148,965255.8431319842,110453.87133278609,50000.0,9009.198365309405,0.0
14886,0,565386.3821491088,964846.1664311663,110824.49943334171,50000.0,8916.974974894447,0.0
14887,0,565385.3494576656,965272.4921126048,110370.49215000171,50000.0,9314.60561126556,0.0
14888,0,564697.0216601194,965094.0489629437,110425.44842720969,50000.0,9778.258465215693,0.0
14889,0,564432.6063544189,964878.516744757,110603.91207296826,50000.0,9832.54538750867,0.0
14890,0,566440.7376145662,964313.0369434357,111611.85560750694,50000.0,7470.143841345582,0.0
14891,0,564991.0746090377,965052.5297232961,110526.57888078854,50000.0,9468.71954826844,0.0
14892,0,566096.5479395178,964930.9067708208,110879.69854792414,50000.0,8360.608220900383,0.0
14915,0,201909.67976586503,1055272.1280068478,489370.68792866403,50000.0,15118.63173581581,0.0
14916,0,202110.3532953283,1057240.3811605524,492190.4223223516,50000.0,11976.319803211843,0.0
14917,0,202146.09269025287,1057027.1168299352,491781.37513876136,50000.0,12407.277453264374,0.0
14918,0,202599.89431138593,1057273.3353354363,491395.1825567987,50000.0,12676.507937345243,0.0
14919,0,202303.60678949,1056957.7646352146,491396.21204998397,50000.0,12771.113838499836,0.0
14920,0,202959.14370310833,1057410.0546659795,490995.4177806723,50000.0,13001.303585834097,0.0
14921,0,202520.03897370005,1056976.225166634,491052.07503609563,50000.0,13072.85752198839,0.0
14922,0,202537.22800354983,1056791.6306513038,490724.45292101474,50000.0,13422.210984498557,0.0
14923,0,202552.9956938011,1056509.9211809516,490244.24947756756,50000.0,13937.817178484975,0.0
14924,0,202077.1999149423,1055924.5192569948,490123.1962984555,50000.0,14234.364369327863,0.0
14925,0,200088.67830248692,1053910.7450249714,490318.88384717656,50000.0,14893.184544627922,0.0
14926,0,202433.90423948248,1056016.7887079124,489659.50787325803,50000.0,14613.115138069106,0.0
14927,0,202093.007247937,1055662.4963047444,489678.0298174789,50000.0,14714.012928341193,0.0
14928,0,200383.98143542965,1053941.8794698417,489864.7684510631,50000.0,15243.47222861283,0.0
14929,0,200539.31145112056,1053788.6190422422,489358.8459868956,50000.0,15723.590986415924,0.0
14930,0,202170.03138807655,1055269.7741012522,488923.30536374607,50000.0,15509.803390031453,0.0
14931,0,201731.6937109088,1054768.3947758481,488876.9046731181,50000.0,15728.889410428577,0.0
14932,0,201241.36923727693,1054258.5078009558,488906.3781883279,50000.0,15900.671114271745,0.0
14933,0,200796.71155130514,1053810.6576697878,488956.6810100256,50000.0,16044.438680226944,0.0
14934,0,201496.0988510715,1054328.7703333471,488584.73931427655,50000.0,16145.630932004611,0.0
14935,0,201854.70777653425,1054520.7156879962,488278.434428265,50000.0,16336.283365347586,0.0
14936,0,201550.60113674254,1054075.554474372,488095.4979405363,50000.0,16660.476318802568,0.0
15274,0,776128.4162007738,1031130.5970729243,369860.5752448794,50000.0,8978.868783951935,0.0
15275,0,776376.9338665298,1031351.9904252422,369651.7293626483,50000.0,9258.000888037846,0.0
15276,0,776453.8828930716,1031389.3968071386,369349.0213635227,50000.0,9393.869354454433,0.0
15277,0,776148.7169845197,1031099.4839880029,369467.3973943869,50000.0,9074.990744089333,0.0
15278,0,776524.7791348124,1031420.711303053,369046.2431027759,50000.0,9531.886116876201,0.0
15279,0,776219.9813219536,1031130.5382337112,369159.8003446008,50000.0,9213.853107170884,0.0
15280,0,775932.3544917654,1030858.8644288359,369283.57219415775,50000.0,8909.781053570989,0.0
15281,0,775589.8015644758,1030486.8580105334,369061.46121753484,50000.0,8642.903407788599,0.0
15282,0,775885.0843829165,1030763.5538151771,368917.3113705117,50000.0,8960.685923863224,0.0
15283,0,776187.8301972786,1031051.0085085393,368798.4289058591,50000.0,9278.506302960977,0.0
15284,0,776535.0339895323,1031385.708611363,368700.723702358,50000.0,9632.234291907162,0.0
15285,0,776839.4874248432,1031674.8120331172,368581.79947374685,50000.0,9951.777734926605,0.0
15286,0,776823.0942328011,1031702.8978364058,368921.4307055665,50000.0,9846.609516962844,0.0
15287,0,776754.9325013215,1031676.9057658535,369243.9490945118,50000.0,9705.994537355746,0.0
15288,0,777034.57913097,1031941.4459711318,369127.1938796997,50000.0,10000.238311196577,0.0
15289,0,777143.8998010444,1032011.5302249846,368826.9148954646,50000.0,10175.298051591413,0.0
15290,0,776453.5386269968,1031246.5226701023,368261.3765157301,50000.0,9688.462303590384,0.0
15291,0,775956.0918072633,1030761.5824938384,368360.47886595444,50000.0,9197.825450926997,0.0
15292,0,775648.187122092,1030463.44907887,368437.5675101744,50000.0,8889.499392301648,0.0
15293,0,775310.6344515851,1030186.6147935818,368903.24391139846,50000.0,8427.881135451176,0.0
15294,0,776777.8536499036,1031551.6918082196,368113.30050241906,50000.0,10035.751217670391,0.0
15338,0,758635.8439449436,1012323.5653372898,360698.01037587324,50000.0,5218.066067328004,0.0
15339,0,758954.048568276,1012625.0922870651,360555.2736222157,50000.0,5154.144736203593,0.0
15340,0,759096.9043217696,1012821.7308647764,360936.93682606483,50000.0,4728.916131880571,0.0
15341,0,759331.1398794284,1013024.2550318793,360690.6720694084,50000.0,4823.225496016316,0.0
15342,0,759750.4371474624,1013451.3429731601,360719.98401289125,50000.0,4588.825882775326,0.0
15343,0,759489.5027897259,1013140.5053506796,360373.8848674094,50000.0,5039.359124201652,0.0
15344,0,759923.3243524928,1013583.5002359822,360412.2751807268,50000.0,4809.31839832749,0.0
15345,0,759653.4632662365,1013265.5402049782,360080.0690920888,50000.0,5243.881477431628,0.0
15346,0,759413.4755434844,1012998.1867593967,359897.2065561801,50000.0,5526.775327840874,0.0
15347,0,759226.5922886945,1012746.5552481165,359440.0200357854,50000.0,6048.272090941478,0.0
15348,0,758998.4741430713,1012476.7032196267,359153.2943392268,50000.0,6428.225052571,0.0
15349,0,759125.9683773709,1012548.1095432898,358738.4518947856,50000.0,6763.723161433124,0.0
15350,0,759370.940613372,1012827.908896084,358973.6588128368,50000.0,6430.540566879875,0.0
15351,0,759589.6393353671,1013090.6828377246,359278.2265660933,50000.0,6044.643144808004,0.0
15352,0,759986.4204044861,1013514.2423448157,359446.0668526652,50000.0,5728.87553146817,0.0
15353,0,759655.1189685202,1013207.9104162615,359649.30715272424,50000.0,5658.279412554564,0.0
15354,0,759988.5092109872,1013562.6888051241,359782.6351618886,50000.0,5397.654908855051,0.0
15355,0,760377.85043076,1013947.3089721404,359723.0363605439,50000.0,5326.470020458809,0.0
15356,0,760141.4628195098,1013760.9614570629,360102.1935536977,50000.0,5028.647259139815,0.0
15357,0,758611.1531358405,1012239.5762855511,360268.9855318387,50000.0,5610.650217576887,0.0
15358,0,758496.0198954938,1012070.6394206547,359886.6266296673,50000.0,6019.7864823934415,0.0
15721,0,763737.2362225584,1005659.6894437759,242492.02654961206,50000.0,12173.172362901127,0.0
15722,0,763993.4803632064,1004917.3127007687,243348.47446915891,50000.0,12938.907688206791,0.0
15723,0,764060.8280661168,1005265.3601493479,243161.74393568104,50000.0,12792.95145926396,0.0
15724,0,764444.5634368713,1005458.5140125515,243455.27418109658,50000.0,13118.732548584161,0.0
15725,0,764689.5299695655,1005611.9882191852,243620.0017160997,50000.0,13310.075301029125,0.0
15726,0,764056.8124354504,1005617.6877061323,242890.19358323325,50000.0,12570.373232559785,0.0
15727,0,763576.5758323217,1004892.176752927,242890.0386229609,50000.0,12471.634618811002,0.0
15728,0,763749.3997293176,1005254.8749535932,242812.8310735394,50000.0,12437.554098781642,0.0
15729,0,763558.9499910501,1006750.8649828208,241461.46134348275,50000.0,11359.075451916578,0.0
15730,0,763422.3800647638,1006545.0547761363,241460.4861476797,50000.0,11306.765921886941,0.0
15731,0,763271.5281542112,1005858.5664260291,241807.4810524985,50000.0,11513.070479062388,0.0
15732,0,763347.7613213286,1005410.4256348581,242234.67625016923,50000.0,11872.852771416257,0.0
15733,0,763538.8265133864,1005666.1304847796,242259.72476981182,50000.0,11938.442788229844,0.0
15734,0,763899.9707638547,1006001.2906711971,242419.87908784475,50000.0,12161.468675189166,0.0
15735,0,763875.2387291179,1006390.2019086453,242097.18972380186,50000.0,11915.548916604377,0.0
15736,0,764003.625520221,1006633.5492163246,242060.47685255978,50000.0,11935.408597390382,0.0
15737,0,764219.2794912055,1006263.7574471345,242587.5503283305,50000.0,12384.852730612285,0.0
15738,0,764685.8074493996,1005988.1468170809,243331.21683340488,50000.0,13083.507551273755,0.0
15739,0,765237.6550683453,1006368.2609928949,243677.40466514006,50000.0,13511.704225147292,0.0
15740,0,764418.0250846129,1005930.6907686068,243067.47878951265,50000.0,12805.117380832156,0.0
15821,0,608646.071554788,1157737.7865566737,98659.07394324642,50000.0,16242.942615643049,0.0
15822,0,608582.3837089677,1157880.184352753,98884.37418508207,50000.0,16227.85228556884,0.0
15823,0,608586.5335778651,1158088.727564777,99149.76861776254,50000.0,16143.066366676023,0.0
15824,0,608613.7030556081,1158446.3032609662,99591.63241378652,50000.0,15992.486106869837,0.0
15825,0,608334.9729280296,1157759.466710743,98893.72640056821,50000.0,16448.40614783435,0.0
15826,0,608328.6632121777,1158041.0982394833,99260.19312224518,50000.0,16346.096922277611,0.0
15827,0,608269.2829348475,1158245.0259634505,99562.24698485617,50000.0,16317.889917659486,0.0
15828,0,608439.05714914,1158633.1772379747,99948.43475367686,50000.0,16062.003673994155,0.0
15829,0,608640.7789517762,1158697.930689401,99897.37527758755,50000.0,15887.222105039611,0.0
15830,0,607726.8895508682,1157644.9514873263,99153.71837722692,50000.0,16928.29741115005,0.0
15831,0,608008.9006565477,1157927.2173050265,99327.55059543705,50000.0,16621.03728879851,0.0
15832,0,607966.4772674536,1157612.049531583,98950.4145788237,50000.0,16766.35286661971,0.0
15833,0,608084.275850562,1157377.1777308092,98569.41922848849,50000.0,16775.795352931647,0.0
15834,0,608961.5531870101,1157823.3208454156,98560.41835665633,50000.0,15995.530319275862,0.0
15835,0,609247.1272094329,1158110.0854788914,98740.86368735689,50000.0,15681.081178591543,0.0
15836,0,608635.3988228098,1157466.1584424984,98317.07248813461,50000.0,16367.962359835192,0.0
15837,0,608924.7302277738,1158124.8656740598,98972.19268252309,50000.0,15892.250492881642,0.0
15838,0,609078.1057842781,1158424.48988858,99256.06730416381,50000.0,15665.71739907697,0.0
15839,0,608969.04687291,1158620.3700231113,99579.90634512826,50000.0,15669.805343182079,0.0
15840,0,609046.6326077924,1158923.646608505,99918.63509671178,50000.0,15506.266372387987,0.0
15871,0,314427.04151522357,710487.6257675713,435933.8221626112,50000.0,22312.672401102955,0.0
15872,0,314542.94438332046,710585.5444911126,435740.6080191785,50000.0,22109.130291843256,0.0
15873,0,314781.6080033261,710217.4177378708,435959.3547016681,50000.0,22254.109349192688,0.0
15874,0,314653.3401747218,710675.7098637376,435560.04497639346,50000.0,21918.45042689011,0.0
15875,0,314898.6021961537,710305.2719594561,435776.28953474155,50000.0,22059.961595665216,0.0
15876,0,314781.01733178744,710784.8716291689,435346.0812375005,50000.0,21693.28205015787,0.0
15877,0,315099.81384642376,709970.636084189,435987.2989804605,50000.0,22211.229851364038,0.0
15878,0,315022.67493975535,710393.270476311,435587.86988813523,50000.0,21859.380808598915,0.0
15879,0,314901.2821216721,710885.9717247065,435146.54327170993,50000.0,21483.04841967133,0.0
15880,0,315220.5010058613,710052.9689621996,435807.51119290164,50000.0,22019.774840130605,0.0
15881,0,315142.6042806682,710481.9925987633,435401.90414599126,50000.0,21662.02773943914,0.0
15882,0,315453.4757241162,709707.0339689066,436007.2287744752,50000.0,22158.881276093285,0.0
15883,0,315343.68804304005,710143.6478817255,435616.93566087,50000.0,21817.88370703834,0.0
15884,0,315267.91002878593,710569.8966521664,435212.9132987473,50000.0,21460.776060018874,0.0
15885,0,315555.3079358062,709794.9569264635,435835.61939230445,50000.0,21979.261278457212,0.0
15886,0,315456.24715916323,710223.6639261745,435445.9850914071,50000.0,21636.4203041591,0.0
15887,0,315656.2230268898,709889.2840335612,435657.86605668423,50000.0,21794.11888462356,0.0
15888,0,315574.85449018574,710307.1003327209,435266.91198965226,50000.0,21446.258513323388,0.0
15889,0,315756.74376792694,709978.7435870696,435485.7785685749,50000.0,21614.374035369077,0.0
15890,0,315859.323837097,710074.751253797,435305.169488681,50000.0,21426.316635860883,0.0
15911,0,564819.9671801169,961571.066666931,114195.77089327248,50000.0,6813.645921962933,0.0
15912,0,565252.9949526887,962037.4772035322,113788.05527204402,50000.0,6685.479205568527,0.0
15913,0,564687.5528931277,961211.1852796909,114551.79111415062,50000.0,6723.335813663744,0.0
15914,0,564907.3492042097,961088.4702992154,114727.24490705483,50000.0,6412.111227545883,0.0
15915,0,564656.5667862522,961430.1814182963,114312.56260428313,50000.0,6894.950814107901,0.0
15916,0,564463.6029625313,961358.613587106,114349.9235074227,50000.0,7055.231725762746,0.0
15917,0,565315.0912963593,962193.2831561358,113634.9591239869,50000.0,6736.729459698102,0.0
15918,0,565122.440049393,961869.0005238395,113940.52228534436,50000.0,6700.035635723535,0.0
15919,0,564827.9285117168,962146.6893936642,113584.91846435651,50000.0,7206.2309871370635,0.0
15920,0,564486.1370015268,961141.8968593732,114584.86299179518,50000.0,6896.986783372777,0.0
15921,0,564745.6218357887,962079.2632116188,113640.06731348649,50000.0,7243.3168816071975,0.0
15922,0,564298.897214725,961282.8187478816,114397.72014613287,50000.0,7184.195391193757,0.0
15923,0,564900.7271331021,961360.6955671896,114436.12796715964,50000.0,6589.997344260555,0.0
15924,0,564980.7568177104,961700.7689219812,114090.53485864632,50000.0,6731.405096930167,0.0
15925,0,564698.0300734325,960991.6367171755,114787.4942125216,50000.0,6578.981526202419,0.0
15926,0,689783.6581351281,928236.7873796275,289390.8965110644,50000.0,7583.353090983997,0.0
15927,0,689096.532611165,927474.1505369942,289375.66195438436,50000.0,6959.343862764399,0.0
15928,0,689853.0959551955,928195.605643587,288856.8415467613,50000.0,7725.4000593924775,0.0
15929,0,690265.5098545634,928606.6868901125,288655.0528927898,50000.0,8128.099918626805,0.0
15930,0,689594.2809932951,927969.0610086506,289125.86519647756,50000.0,7446.498211267537,0.0
15931,0,689517.4738057001,927848.4259095995,288964.257511734,50000.0,7410.5695084415465,0.0
15932,0,689477.19963928,927915.4790205713,289468.92986647686,50000.0,7288.586202769078,0.0
15933,0,690294.6464965183,928800.101190028,289387.05760976125,50000.0,8072.690626799554,0.0
15934,0,690793.8788122267,929265.0066832256,288995.6587037887,50000.0,8577.942706008927,0.0
15935,0,689339.3186669651,927720.5452563809,289276.3114137574,50000.0,7192.66266758306,0.0
15936,0,690069.9760312084,928443.5202862262,288894.4175349641,50000.0,7912.345770410338,0.0
15937,0,688824.1560775156,927210.240076402,289543.8233651842,50000.0,6687.232612412467,0.0
15938,0,689178.7214604506,927511.0922136059,289132.1641762131,50000.0,7082.078170727951,0.0
15939,0,689763.4942015946,928168.7033723044,289183.2504179737,50000.0,7590.195783007,0.0
15940,0,689993.573342575,928287.6923899023,288571.18077888497,50000.0,7907.145201464758,0.0
15941,0,690130.5974516812,928585.6277963525,289235.3428931835,50000.0,7925.711700337133,0.0
15942,0,690440.8835735519,928905.6252429788,289132.93882066594,50000.0,8229.511504008891,0.0
15943,0,690598.5270063438,929030.5244295349,288909.709087247,50000.0,8398.656691547658,0.0
15944,0,689577.0464294533,928060.7706394106,289627.54281337524,50000.0,7366.0320377177695,0.0
15945,0,689252.1672161632,927711.9385134084,289673.1295513574,50000.0,7055.1832410675115,0.0
15966,0,608188.6185627877,1158758.388267481,100277.16453573584,50000.0,16220.422531132375,0.0
15967,0,608200.7422926042,1158535.1923457098,99981.62387830831,50000.0,16276.422061956893,0.0
15968,0,607993.0968928334,1158527.077364094,100110.50182037422,50000.0,16441.416385836183,0.0
15969,0,608439.094423611,1158866.9779514074,100249.38783568153,50000.0,15991.016879102172,0.0
15970,0,607598.8954345738,1158171.368959861,99917.98050002736,50000.0,16855.6016941984,0.0
15971,0,607620.4508574167,1157992.9687395617,99673.606381796,50000.0,16892.706802783097,0.0
15972,0,607624.631964456,1157776.6611570588,99392.20986070817,50000.0,16959.233247168762,0.0
15973,0,607912.9287484419,1158092.7196904083,99605.03389891612,50000.0,16637.06662879378,0.0
15974,0,607864.66403519,1158268.1978618705,99863.46150797892,50000.0,16618.861474727222,0.0
16176,0,786916.1372254217,1045313.0751606749,241490.5228155013,50000.0,10711.689568414851,0.0
16177,0,787022.9871628066,1045631.9189361307,241407.44255324578,50000.0,10979.440256934586,0.0
16178,0,787209.8745975913,1045921.8836773321,241439.46381102692,50000.0,11262.615585073316,0.0
16179,0,787062.7824962313,1045162.645088008,241765.45818707274,50000.0,10677.865553835025,0.0
16180,0,787384.2803587033,1046165.3605350782,241487.47996896488,50000.0,11507.898541768958,0.0
16181,0,787198.9692473805,1045526.5081477315,241687.6229809514,50000.0,10983.841366161141,0.0
16182,0,787568.9962253447,1046413.863737676,241544.72389939005,50000.0,11761.1021081707,0.0
16183,0,787411.2227472627,1045870.3074333791,241714.4107346582,50000.0,11313.164350627645,0.0
16184,0,787196.959624138,1044996.670065904,242035.80268030064,50000.0,10636.937442067308,0.0
16185,0,787759.0466807408,1046660.7391014164,241609.63603769423,50000.0,12015.371929865978,0.0
16186,0,787494.543741774,1045687.6690976116,241934.69885842767,50000.0,11228.111859442579,0.0
16187,0,787748.7575368664,1046377.0423223876,241784.13158640955,50000.0,11810.742758700057,0.0
16188,0,787669.9357087057,1046096.1598375281,241874.9449745781,50000.0,11582.82792531213,0.0
16189,0,787943.846856747,1046615.4483473509,241860.66372049222,50000.0,12060.769517344526,0.0
16190,0,788148.7118096891,1047002.4658137087,241851.41956263274,50000.0,12419.375923825495,0.0
16191,0,788192.9685670169,1046773.1765301863,242055.1376335315,50000.0,12278.471275376312,0.0
16192,0,788431.3108053254,1047248.6824784309,242028.1321514238,50000.0,12711.793847121064,0.0
16193,0,788475.515430486,1046904.9986029192,242306.78342715622,50000.0,12495.10263332651,0.0
16194,0,788784.7603479485,1047375.7601670219,242368.0877603797,50000.0,12953.690707409147,0.0
16195,0,788721.1875963919,1047042.4687101557,242510.67013631266,50000.0,12700.689504964412,0.0
16567,0,303023.8831558381,897721.2044589181,305242.68527882686,50000.0,2289.387705655152,0.0
16568,0,302957.4387318461,897267.4779437417,305445.44439661165,50000.0,1871.2837603918097,0.0
16569,0,303356.687630378,897332.044218751,305066.83206138434,50000.0,1741.028061664541,0.0
16570,0,303287.47191875445,897632.5516458307,305033.9209704714,50000.0,2049.566356740544,0.0
16571,0,303860.093401398,897726.0237970537,304490.59091668413,50000.0,1841.8865602300345,0.0
16572,0,303994.2759957684,897459.6523477031,304454.63731806015,50000.0,1527.6250563387252,0.0
16573,0,303095.7499903088,900778.1428035172,304246.1450849931,50000.0,5164.032153083873,0.0
16574,0,303454.13382152066,899800.4038782048,304214.68786152126,50000.0,4055.0705821937117,0.0
16575,0,303370.5645553084,900051.9673645336,304214.2664310435,50000.0,4336.666094357277,0.0
16576,0,303304.4569566053,900317.80464113,304194.2963270938,50000.0,4626.06443453062,0.0
16577,0,303258.183290048,900591.9003779597,304154.46350901853,50000.0,4916.29256635317,0.0
16578,0,302719.73864719924,900663.155960724,304620.19102206,50000.0,5212.740867548335,0.0
16579,0,302788.957058205,900375.6220365069,304642.8156283166,50000.0,4901.292325478377,0.0
16580,0,302878.87039391574,900117.7987342497,304638.45998023846,50000.0,4609.179769262915,0.0
16581,0,302974.5973324294,899824.8477894763,304639.9463925328,50000.0,4280.391556561072,0.0
16582,0,303028.0084001055,899514.743026102,304685.44808335067,50000.0,3955.127212202116,0.0
16583,0,302404.2485306074,900248.3760072687,305028.3977903006,50000.0,4972.333420635425,0.0
16584,0,302559.34287515347,899727.5337516734,305044.05483943684,50000.0,4398.377845837728,0.0
16585,0,302519.14467228204,899394.2924232931,305180.9112982794,50000.0,4111.318728726954,0.0
16586,0,267762.36259157426,997741.1327743485,348712.59670844063,50000.0,50679.384049301014,0.0
16587,0,267870.6944351214,997953.9057969301,348696.28922460746,50000.0,50735.99686309151,0.0
16588,0,267675.63945755694,997875.0274104824,348879.6183783628,50000.0,50884.9130565842,0.0
16589,0,267802.49826746166,998099.2597718033,348848.1623351323,50000.0,50931.171769090506,0.0
16590,0,267668.6291119481,998098.9668281617,349001.33969518694,50000.0,51077.78017961458,0.0
16591,0,267473.56888394355,997887.4669613825,349117.2742567879,50000.0,51117.05134506754,0.0
16592,0,267340.8046155619,997948.1588273748,349300.12208028237,50000.0,51312.93058299195,0.0
16593,0,267428.63887932594,998202.692498966,349329.113875692,50000.0,51427.14043759757,0.0
16594,0,267260.6474068091,998098.9586412068,349468.6918801903,50000.0,51525.583787144926,0.0
16595,0,267173.81984222576,997907.9243951372,349470.90789130935,50000.0,51463.206915796814,0.0
16596,0,267042.54989467125,998202.2562088283,349771.3346333416,50000.0,51850.648204208876,0.0
16597,0,266921.9535758994,997987.1499564586,349799.72766285716,50000.0,51805.32889865052,0.0
16598,0,266792.9337532693,997772.7255126536,349838.3812237887,50000.0,51770.82782243114,0.0
16599,0,266607.4946755163,997621.5657485796,349973.9573836284,50000.0,51851.12692946889,0.0
16600,0,266485.781175237,997392.0555055316,349997.0143545736,50000.0,51798.10603782487,0.0
16601,0,266429.05360624497,997499.3577484066,350116.2644215343,50000.0,51947.93147183749,0.0
16602,0,266664.8556148123,997437.7284905983,349815.1843451666,50000.0,51637.98984247527,0.0
16603,0,266740.32259907835,997192.6270093856,349605.1901166634,50000.0,51355.78992803375,0.0
16604,0,266637.56598218763,996980.3267272457,349615.9803078468,50000.0,51297.51513143617,0.0
16624,0,592525.7677315279,1137872.2567917865,85054.09740188326,50000.0,23488.66795927799,0.0
16625,0,593084.4308404985,1138351.880165638,85210.62013016322,50000.0,23929.099602985065,0.0
16626,0,592737.1374801908,1138268.4602582909,85386.95858017153,50000.0,23543.084829630687,0.0
16627,0,592829.4234062529,1138006.9586957893,84977.93776599862,50000.0,23793.493329179746,0.0
16628,0,593475.0529448123,1138916.6698688434,85615.26296807828,50000.0,24127.042908409105,0.0
16629,0,592588.0066030021,1139154.3116885237,86640.13949669102,50000.0,22928.404767027554,0.0
16630,0,592849.7837328175,1138782.7506628747,85951.76065754995,50000.0,23424.66631205047,0.0
16631,0,593320.1237364382,1139172.0342301114,86066.91447235606,50000.0,23814.407144736637,0.0
16632,0,593146.862798477,1139363.5303616817,86452.16465482842,50000.0,23513.712785805445,0.0
16633,0,592713.3033295745,1138955.925836274,86284.29769844054,50000.0,23174.208858927388,0.0
16634,0,593105.1207658144,1138745.2163234204,85696.06093636599,50000.0,23756.66229224119,0.0
16635,0,592879.6692399213,1139306.8458281492,86597.02402559688,50000.0,23214.00256039344,0.0
16636,0,593553.0894108025,1139584.4813765697,86405.63527784702,50000.0,23907.899417437122,0.0
16637,0,593644.4524596491,1139286.2817744121,85950.71636563056,50000.0,24157.210901663377,0.0
16638,0,593968.4322408708,1139709.0769749614,86230.35114965642,50000.0,24357.102876145666,0.0
16639,0,594336.106751744,1139882.5819014234,86157.53268570804,50000.0,24726.203543908185,0.0
16640,0,593872.6323452436,1139963.6461920124,86632.908276218,50000.0,24127.327603060075,0.0
16641,0,593576.1792932693,1140142.8301725262,87101.04933926817,50000.0,23691.764678350293,0.0
16642,0,594185.5785307715,1140156.062599303,86627.79529135572,50000.0,24422.82373306919,0.0
16643,0,783733.192231962,1029897.7739500061,306829.73205860803,50000.0,410.87239631156564,0.0
16644,0,784368.1850067008,1030514.4004703413,306661.6170821542,50000.0,230.93679583366352,0.0
16645,0,783619.2901233517,1029751.2707447116,306622.566957097,50000.0,539.8552587456313,0.0
16646,0,784107.8986950177,1030291.5982622501,306928.75696163526,50000.0,232.5631579797507,0.0
16647,0,784674.1209282816,1030776.9161969819,306352.05543627666,50000.0,600.1849537994082,0.0
16648,0,784156.3022543696,1030260.5692194011,306399.4102365009,50000.0,297.88963020668416,0.0
16649,0,783015.1160661689,1029158.6168236333,306744.55475795927,50000.0,1128.5883174924343,0.0
16650,0,783887.3890940886,1030115.7443045202,307240.6611808059,50000.0,570.7965951478809,0.0
16651,0,783729.8920596844,1030003.8544941008,307554.4203694424,50000.0,903.9551926958965,0.0
16652,0,784182.4623822332,1030123.5941640346,305319.58868393535,50000.0,1386.0406529888598,0.0
16653,0,783500.9808725886,1029555.7168938584,306121.06268888945,50000.0,929.4544651592988,0.0
16654,0,784288.9122760163,1030348.5549554107,306094.51768111426,50000.0,605.0720386619424,0.0
16655,0,783963.7713919933,1029982.6586330106,305849.33296881977,50000.0,899.3224263932057,0.0
16656,0,784723.0429244098,1030646.5832345819,305163.2820134021,50000.0,1575.4385299434723,0.0
16657,0,783974.3520167109,1029910.2674958495,305300.8873715318,50000.0,1444.8214838100566,0.0
16658,0,784459.775209488,1030477.2836538292,305803.4112713941,50000.0,913.4268415952681,0.0
16659,0,784607.7606118736,1030594.0814746871,305586.4407817539,50000.0,1152.3351018203207,0.0
16660,0,784980.6832640598,1030959.3383824591,305508.6662146401,50000.0,1366.6260111434801,0.0
16661,0,785305.1960950962,1031313.4448835939,305681.23782349867,50000.0,1446.496724769667,0.0
16681,0,812861.9130302342,1057222.8326855223,293777.55833269615,50000.0,18185.176741972355,0.0
16682,0,811994.9243352963,1056332.7584571177,293618.7921726716,50000.0,17294.5662746734,0.0
16683,0,811804.3485275181,1056207.2894811996,294055.5437253967,50000.0,17176.587127669707,0.0
16684,0,812761.1375747388,1057163.9140394975,294058.4586555405,50000.0,18130.929009600095,0.0
16685,0,812069.2514612271,1056564.2447264208,294675.37364796054,50000.0,17560.455970094845,0.0
16686,0,812100.9433782249,1056481.5816932225,293906.58876950154,50000.0,17446.617599994053,0.0
16687,0,811792.9659498638,1056240.2793882615,294353.7003353632,50000.0,17220.815503949314,0.0
16688,0,811723.8619702755,1056042.5693792822,293489.8577489962,50000.0,17004.289194937974,0.0
16689,0,812302.5274573728,1056714.7766086196,294119.82438461797,50000.0,17684.589424447233,0.0
16690,0,813035.3427832826,1057426.2467479263,293980.30624507304,50000.0,18391.08912070376,0.0
16691,0,812989.704622146,1057338.0861450941,293694.02290533745,50000.0,18299.87257662961,0.0
16692,0,812358.1188886925,1056699.1679293532,293641.57070194045,50000.0,17660.952269231555,0.0
16693,0,811720.889492234,1056089.0690334053,293821.8954069906,50000.0,17053.180222320734,0.0
16694,0,812674.0609802614,1056997.6360118147,293525.56766572397,50000.0,17959.47664295626,0.0
16695,0,812485.462810651,1056855.0770120323,293834.0439826923,50000.0,17818.38480445731,0.0
16696,0,812757.0621965295,1057211.089499765,294403.2979616122,50000.0,18189.463486242523,0.0
16697,0,812493.5370895576,1056938.108077116,294338.134316441,50000.0,17914.910875842885,0.0
16698,0,811452.1898490399,1055852.536579657,294037.43399657885,50000.0,16822.26673445811,0.0
16699,0,812466.2811871285,1056964.8133956837,294701.1734536041,50000.0,17959.9051024137,0.0
16738,0,609185.0028849744,1067869.2011485824,15295.354808818605,50000.0,17504.90178298569,0.0
16739,0,560226.9655809411,896345.5463893075,182175.94862927112,50000.0,19736.344805261186,0.0
16740,0,558739.3572411451,895873.585844148,182298.56790833236,50000.0,20818.75982311472,0.0
16741,0,560146.6338490923,897111.5387037699,181352.05958943235,50000.0,20381.117805505804,0.0
16742,0,558778.8534696528,895484.0650192583,182716.30952758138,50000.0,20512.724162956023,0.0
16743,0,560177.0386580485,896712.1590636077,181778.71332856934,50000.0,20053.808288497625,0.0
16744,0,559187.1917752947,895545.2098152695,182753.13133745993,50000.0,20159.507935974307,0.0
16745,0,559932.1631841286,895815.0181269669,182657.28841372818,50000.0,19633.04777280283,0.0
16746,0,559506.1800344209,895843.8894936125,182519.69677244173,50000.0,20060.972544310516,0.0
16747,0,559418.0793197027,896605.666509838,181699.16311553103,50000.0,20690.36166776396,0.0
16748,0,559461.7127787302,896218.0297135058,182116.40604224385,50000.0,20369.262647957243,0.0
16749,0,560316.0012221986,895997.6765059028,182563.5280718449,50000.0,19398.83080874779,0.0
16750,0,559083.935969223,896280.3947425353,181957.13710272202,50000.0,20774.026077784973,0.0
16751,0,558875.0180531389,895143.3373320488,183096.8867483189,50000.0,20188.69830637986,0.0
16752,0,559784.6686897771,896922.0844707872,181459.23149211772,50000.0,20577.47338675262,0.0
16753,0,559595.3220037126,895500.6983638239,182901.75999040806,50000.0,19735.085078238346,0.0
16754,0,559699.3578234793,896447.8826441308,181935.0076094449,50000.0,20309.457048441356,0.0
16755,0,559842.4677304386,896159.8775930657,182273.03345787118,50000.0,19965.332837205046,0.0
16756,0,559268.4575503579,895221.0575680863,183112.9963232704,50000.0,19858.71921270327,0.0
16757,0,559137.461951535,895909.6741447072,182358.88305109192,50000.0,20460.899151585272,0.0
17124,0,810722.1432479583,1055160.938653939,294295.36273453967,50000.0,16143.880091312974,0.0
17125,0,810432.9084394675,1054829.6176896272,294013.46593030496,50000.0,15801.642341935989,0.0
17126,0,809589.9439071177,1054078.2021189686,294630.08282114234,50000.0,15090.78745305066,0.0
17127,0,811406.6094614711,1055762.5178172581,293739.0992092588,50000.0,16725.781004312215,0.0
17128,0,810328.3400231046,1054789.8287751575,294448.208812266,50000.0,15783.67959037368,0.0
17129,0,809320.0899623297,1053766.8675913308,294353.36093703,50000.0,14761.410759177448,0.0
17130,0,809671.6578181989,1054099.330364674,294223.57577948953,50000.0,15083.993524410138,0.0
17131,0,811609.5902555253,1056115.156100322,294744.8694188942,50000.0,17119.256357532468,0.0
17132,0,809263.2287021375,1053650.107777839,293952.574199231,50000.0,14623.831967063912,0.0
17133,0,809680.6128863764,1054046.0602764294,293806.730501351,50000.0,15013.646267267995,0.0
17134,0,811036.2325113539,1055413.2336151768,293880.5308775614,50000.0,16379.72311722535,0.0
17135,0,810097.5201128029,1054468.3123090365,293840.7270891472,50000.0,15435.856264511367,0.0
17136,0,811403.2383387589,1055859.801293821,294414.9710004348,50000.0,16845.300767807363,0.0
17137,0,811153.1715051873,1055492.4800073085,293627.67675749486,50000.0,16454.748416438015,0.0
17264,0,633037.5058263128,954641.6454695674,157150.1300502149,50000.0,17962.407104906695,0.0
17265,0,633777.3925696646,955765.0688745886,156544.34578217668,50000.0,18161.36068056665,0.0
17266,0,632852.3123411848,954495.2152875838,157162.30546604283,50000.0,17844.925998913863,0.0
17267,0,633605.576903814,955600.0346712553,156584.84830794355,50000.0,18058.33866683895,0.0
17268,0,633154.25473288,955064.1957906074,156798.91574435472,50000.0,17851.902068242864,0.0
17269,0,632240.0023307871,954377.3716626475,156822.742486047,50000.0,17246.76655757971,0.0
17270,0,632649.9896458994,954435.4463912612,157071.55712835368,50000.0,17659.224026395772,0.0
17271,0,633853.2507454274,956415.8668253389,155925.57209468036,50000.0,17511.840951546208,0.0
17272,0,633091.9234275226,954851.6640232544,156972.80636884074,50000.0,17902.379604236867,0.0
17273,0,633432.431186431,955426.0509371113,156633.8953772475,50000.0,17960.26004978552,0.0
17274,0,632469.1216326449,954414.3045722352,156957.0088692422,50000.0,17474.521728645563,0.0
17275,0,633941.0777715846,955895.5697368619,156533.77138586613,50000.0,18057.775131467522,0.0
17276,0,634019.6311799351,956371.8050709626,156098.8028018824,50000.0,17571.759518495797,0.0
17277,0,634131.144215749,956082.9363638113,156484.51504198552,50000.0,17882.71835915232,0.0
17278,0,633510.4011593825,956508.2126509442,155567.34592192393,50000.0,17394.139043446183,0.0
17279,0,634156.2723357404,956300.5796447592,156277.5715249467,50000.0,17659.09548589916,0.0
17280,0,633687.483261903,956458.3348832986,155754.57981476927,50000.0,17455.922724984863,0.0
17281,0,633262.8577462768,955265.475390534,156671.95914389167,50000.0,17860.64314345923,0.0
17312,0,494224.2561000589,846394.4091451565,228575.2616687759,50000.0,14315.855043141322,0.0
17313,0,493680.26943583833,845804.6404985914,229208.64647123092,50000.0,13937.89018742804,0.0
17314,0,494091.6006328692,845845.7218205213,229124.37124473928,50000.0,14340.13670649894,0.0
17315,0,493491.3824441759,846126.4166909934,228915.82729018468,50000.0,13649.485455904729,0.0
17316,0,493139.3748026831,846105.2842183646,228975.54842593844,50000.0,13299.972657284807,0.0
17317,0,493758.17983423144,847068.435645331,227968.9890590152,50000.0,13674.536037960665,0.0
17318,0,492719.7771666313,846040.8877651087,229085.7632045974,50000.0,12895.736501612371,0.0
17319,0,492705.1058640964,845684.2010071783,229434.48169723427,50000.0,12994.77885921278,0.0
17320,0,494074.73046432494,846656.9568336351,228335.35544339783,50000.0,14095.272051890217,0.0
17321,0,493061.0176748916,845682.1733948048,229396.24776618398,50000.0,13353.388287509655,0.0
17322,0,494028.879964584,846150.5250130306,228833.89871804658,50000.0,14186.092824754027,0.0
17323,0,493399.6004952234,846460.919591855,228600.24491473447,50000.0,13462.029615653875,0.0
17324,0,493713.88623136457,846708.0774275354,228324.81172951235,50000.0,13716.044104915673,0.0
17325,0,493380.59720162314,845566.5044649913,229473.43346166573,50000.0,13712.950826392023,0.0
17326,0,493052.36801215576,845336.6207239135,229733.68818514099,50000.0,13461.953275108608,0.0
17327,0,493101.64807172987,844996.7483341009,230059.24270914964,50000.0,13634.0888564298,0.0
17328,0,493856.5235390433,845531.8345463864,229455.529681609,50000.0,14203.046849546367,0.0
17329,0,493810.9287939919,845158.7596330363,229824.16951388464,50000.0,14284.479909160096,0.0
17387,0,572168.4141422805,1201529.0946312323,188260.17527485115,50000.0,27585.070893634296,0.0
17388,0,572478.0381822927,1201870.6665241201,188437.756419833,50000.0,27738.18228060255,0.0
17389,0,572296.6736835759,1202172.7772813982,189037.8543959947,50000.0,27248.69464383022,0.0
17390,0,572445.6827184298,1201557.0432501722,188029.62689194485,50000.0,27946.093425536943,0.0
17391,0,572904.9124565065,1202154.8923428135,188421.6460398123,50000.0,28101.880357230555,0.0
17392,0,572788.852816481,1201754.4761341894,187972.96110199872,50000.0,28261.072675173535,0.0
17393,0,573330.134360818,1202471.8107656331,188453.84018433475,50000.0,28439.633182342688,0.0
17394,0,573357.7482739113,1202196.3730308774,188040.8607600405,50000.0,28694.052845238,0.0
17395,0,573081.3885003997,1201812.2842029573,187770.23004093207,50000.0,28618.995089453852,0.0
17396,0,573780.7521817959,1202289.619209529,187762.42227833174,50000.0,29204.07252959898,0.0
17397,0,573404.9541062405,1201942.6844728636,187639.5806975183,50000.0,28961.43705360369,0.0
17398,0,573596.2315209943,1201865.4459204196,187346.32931426275,50000.0,29288.015141908698,0.0
17399,0,574121.9487640691,1202533.8344536382,187775.34747210293,50000.0,29482.502145722687,0.0
17400,0,574291.001582025,1202414.9722013464,187445.69207709367,50000.0,29809.079206980445,0.0
17401,0,574594.1237704217,1202469.1099959235,187229.60523226648,50000.0,30184.522982123126,0.0
17402,0,574627.7646430384,1202241.7422594912,186878.63789250157,50000.0,30411.463926369048,0.0
17403,0,574396.1481030037,1201874.4223521966,186587.07985007187,50000.0,30387.02782840225,0.0
17404,0,574262.7318397557,1202042.5790511456,186951.12558994285,50000.0,30066.722453744904,0.0
17405,0,513101.79127276555,1013341.0813418056,89627.88005795529,50000.0,23710.62823081386,0.0
17406,0,517609.6128310724,1014219.2420054077,85584.8974105565,50000.0,19104.538760945437,0.0
17407,0,517411.8495559089,1013913.3041963336,85838.17432294558,50000.0,19154.63552393939,0.0
17408,0,516929.44200973446,1013917.226238616,86238.37803689824,50000.0,19701.54247626565,0.0
17409,0,517189.6214716401,1014304.8303759015,85910.64872750573,50000.0,19627.880181441942,0.0
17410,0,524026.9318188885,1014484.1526805717,80318.49060513258,50000.0,12023.426293479846,0.0
17411,0,523720.66900801985,1014594.5831974517,80519.0651965335,50000.0,12436.553706083241,0.0
17412,0,523250.99876670697,1014242.5678073318,81012.16109335869,50000.0,12752.068906451314,0.0
17413,0,523471.98335172655,1014071.4363609838,80899.96417307349,50000.0,12402.357072710258,0.0
17414,0,523819.6448592895,1014114.3813882932,80613.34527779349,50000.0,12035.058794434683,0.0
17415,0,523596.86949357996,1013645.5661565695,80957.25734456207,50000.0,12021.348049980632,0.0
17416,0,523855.4160911245,1013421.0490580519,80840.6610066428,50000.0,11608.796432689887,0.0
17417,0,523961.0605187886,1013793.4435700743,80620.88849209563,50000.0,11691.703932114602,0.0
17418,0,818107.2379384367,1148649.8568874407,226919.0647044729,50000.0,100585.93258883465,0.0
17419,0,816110.6103484869,1145898.331596893,225466.86509829236,50000.0,97894.17237027992,0.0
17420,0,815798.2864177885,1146219.3240269655,224997.3933132707,50000.0,98293.36837532133,0.0
17421,0,818645.4513318224,1146344.1034610951,228289.82760287132,50000.0,98030.17603066364,0.0
17422,0,815258.2736490276,1145222.9893782067,224689.15728984235,50000.0,97291.64611934093,0.0
17423,0,818013.646516184,1146395.6669467175,227532.94080844536,50000.0,98163.71474383328,0.0
17424,0,815507.4614406254,1145636.1877427546,224846.15656246583,50000.0,97703.00601162836,0.0
17425,0,817646.4411187054,1146379.6132432104,227108.20180255943,50000.0,98194.72131140373,0.0
17426,0,818291.1593698855,1145310.83699717,228214.78352601902,50000.0,96967.06219157287,0.0
17427,0,815890.5350979737,1146001.2279963635,225175.90513001493,50000.0,98040.56243874511,0.0
17428,0,818184.1752767526,1145551.4842353736,228009.71448981573,50000.0,97236.8947492038,0.0
17429,0,816868.4285302411,1146146.965218191,226273.07013322166,50000.0,98051.47476111323,0.0
17430,0,818141.6219411932,1145847.8999894722,227862.1827176475,50000.0,97559.50065054244,0.0
17431,0,817287.4370094764,1146238.2026412345,226733.91249233164,50000.0,98091.01014424177,0.0
17432,0,818374.6651500306,1146500.3475044044,227921.59449168347,50000.0,98230.49637048456,0.0
17433,0,817833.6619316502,1146038.4142630966,227438.83061004663,50000.0,97802.67601931524,0.0
17434,0,816450.6140395468,1145966.0895211326,225842.81245393606,50000.0,97916.43698740755,0.0
17435,0,818468.1435363382,1145867.9926024857,228238.3037825895,50000.0,97541.86069502971,0.0
17515,0,694428.9665457213,932496.3059183811,285450.88103542454,50000.0,8859.739216255908,0.0
17516,0,694696.8589801013,932784.3894621455,285418.2172306318,50000.0,8559.912403540655,0.0
17517,0,694460.747365367,932572.3066739572,285638.0520962231,50000.0,8727.706949967775,0.0
17518,0,694729.8426942537,932867.7009331901,285633.0935292098,50000.0,8413.298520857343,0.0
17519,0,694245.8081417648,932405.0326637356,285956.099855733,50000.0,8829.931525711489,0.0
17520,0,694475.9987196912,932647.9311331033,285907.08696963073,50000.0,8582.60415639619,0.0
17521,0,694696.1532502301,932894.4072164557,285925.3722794926,50000.0,8316.92466378042,0.0
17522,0,700279.1824112275,938749.0270007786,284650.33578782727,50000.0,2399.5591142262283,0.0
17523,0,704439.123980225,943270.9723047181,284558.047986685,50000.0,2400.534701712328,0.0
17524,0,704370.434007384,943194.1067224044,284548.1369464319,50000.0,2314.828642829188,0.0
17525,0,705617.7881922259,944391.2775431243,283776.4344236446,50000.0,3376.1247861964093,0.0
17526,0,705191.4237180145,943962.7352964475,283947.01003720216,50000.0,2957.2128927115123,0.0
17527,0,705401.2379083422,944239.9452965164,284182.03133799316,50000.0,3304.156690572064,0.0
17528,0,705321.1327427359,944223.8425883215,284524.198754843,50000.0,3399.8576815973147,0.0
17529,0,705705.1662466985,944571.8443600837,284188.22707028035,50000.0,3657.507664024348,0.0
17530,0,704328.8893467344,943449.3861878199,285994.0118106945,50000.0,3465.690728542077,0.0
17531,0,704461.6633396555,943575.4249962034,285905.4200701363,50000.0,3519.976960720447,0.0
17532,0,694117.5085298074,932198.1120213335,285656.9011819302,50000.0,9123.120346541995,0.0
17572,0,734595.0324850811,973754.4776547271,274807.3680501809,50000.0,3303.591547302575,0.0
17573,0,734794.7400347355,973915.0298365068,274535.0400870833,50000.0,3165.033162216575,0.0
17574,0,734432.8903707067,973537.2852782423,274569.9949855025,50000.0,3547.240503177136,0.0
17575,0,734124.9343458351,973228.5550484458,274667.4510056966,50000.0,3850.868306454027,0.0
17756,0,269257.6353797196,973428.9018710797,337269.96374931425,50000.0,36224.584022511255,0.0
17757,0,269973.14927272836,973339.0229000129,336467.4374480382,50000.0,35462.73260722339,0.0
17758,0,268888.37027646473,973944.3284712982,337826.9012798984,50000.0,36692.37478339156,0.0
17759,0,270335.6266407207,973189.5314016724,336030.2657432911,50000.0,35065.46917098832,0.0
17760,0,269756.83050644054,973572.6754276841,336771.92514711793,50000.0,35721.08931594928,0.0
17761,0,270236.229393577,973342.6212728011,336183.4280760116,50000.0,35188.15480242541,0.0
17762,0,269435.1593065586,973755.5890089774,337176.0353739445,50000.0,36085.97747557008,0.0
17763,0,269755.0615754072,973358.3425754013,336709.5656222625,50000.0,35693.4884453815,0.0
17764,0,269063.26117844926,973898.8360442055,337623.15774455917,50000.0,36500.32945174349,0.0
17765,0,269271.4824540346,973856.3114921354,337384.2142841392,50000.0,36273.95576355884,0.0
17766,0,270553.29619977804,972479.581801256,335586.49763065274,50000.0,34764.94197581421,0.0
17767,0,270423.7529667863,972673.716063898,335783.1283889171,50000.0,34917.31737750931,0.0
17768,0,270332.9836202025,972966.3772860357,335967.1976546725,50000.0,35042.376455866164,0.0
17769,0,270364.3575566027,972791.4822065004,335881.85024445836,50000.0,34990.89310971802,0.0
17770,0,268606.6107810839,973692.6332863728,338055.9461485443,50000.0,36949.01604373731,0.0
17771,0,269637.1574791106,973065.0322607488,336749.916201027,50000.0,35779.0397558686,0.0
17772,0,268323.23339667055,973998.00072696,338457.0101341915,50000.0,37298.936346885486,0.0
17773,0,268540.84852552216,973927.8710456957,338199.17162564927,50000.0,37056.82979171295,0.0
17831,0,533110.8235643951,827547.5604523196,247954.89943490239,50000.0,39387.57923072486,0.0
17832,0,533712.4832823677,828182.4179986321,247388.0542891065,50000.0,38622.585728366685,0.0
17833,0,532688.1183661243,828193.8130281817,247245.00093186492,50000.0,38977.70991524896,0.0
17834,0,532695.9232725417,827534.790507373,247915.15836860565,50000.0,39546.05856142535,0.0
17835,0,533066.7600136267,827914.9105728263,247576.19775723325,50000.0,39082.44961867501,0.0
17836,0,533427.5838920776,828030.939735373,247504.7875638804,50000.0,38853.977243975874,0.0
17837,0,532387.8841873454,826973.1016039607,248446.82634615243,50000.0,40145.401462311645,0.0
17838,0,532063.2707394882,828202.5526763867,247158.69814819586,50000.0,39205.44969894828,0.0
17839,0,531024.630363829,826262.1255711261,249003.28972768303,50000.0,40557.911335110155,0.0
17840,0,531019.5280794161,826702.3132082459,248556.15698516392,50000.0,40678.69031736893,0.0
17841,0,531401.13017685,826365.8147963565,248942.72524465984,50000.0,40929.99133895343,0.0
17842,0,531757.8977439634,827329.2974272977,248007.95113614778,50000.0,40070.541346848295,0.0
17843,0,531881.7469888427,827756.8904731786,247588.97463998094,50000.0,39656.575889969165,0.0
17844,0,530641.8499961569,826937.1086599075,248274.07816424838,50000.0,40406.295673989895,0.0
17845,0,531965.2858116102,826908.176767183,248460.57487949092,50000.0,40355.822177582115,0.0
17846,0,532333.8179425685,827433.0967345804,247973.14783982062,50000.0,39765.9700626948,0.0
17847,0,532417.4446362532,827920.9255067768,247488.2700867946,50000.0,39313.55261724642,0.0
17848,0,531574.7198327675,826844.8397229874,248477.4917539373,50000.0,40556.26969050439,0.0
18004,0,803888.863890629,1059483.5054541784,252821.38018857516,50000.0,28346.766127562045,0.0
18005,0,804113.4994684295,1059771.5392085009,252914.39917200277,50000.0,28632.24497416228,0.0
18006,0,804044.2888374962,1059197.6763060635,253186.21360828698,50000.0,28305.383272208655,0.0
18007,0,804286.3308612712,1059346.256790279,253386.43540737688,50000.0,28533.433552375656,0.0
18008,0,804201.7347110886,1058938.3874554192,253537.17217578692,50000.0,28285.448881486704,0.0
18009,0,805493.2977504215,1059729.845960769,254606.98597283565,50000.0,29510.657191902552,0.0
18010,0,805641.3828376653,1060111.365881459,254550.26588665883,50000.0,29783.33461149804,0.0
18011,0,805121.8380789276,1059631.4748982256,254219.06277869936,50000.0,29216.710347118722,0.0
18012,0,805283.8527056569,1060011.4902653545,254179.9348772387,50000.0,29500.28573358995,0.0
18013,0,804934.1831487085,1059825.7598596334,253872.2385842744,50000.0,29183.55935594353,0.0
18014,0,804798.6321899937,1059411.712443444,253964.64906964786,50000.0,28900.454963493845,0.0
18015,0,805407.663405551,1058684.4655306512,255151.00234434215,50000.0,29002.93215841254,0.0
18016,0,805006.7428381422,1057969.3973267763,255111.33067159305,50000.0,28403.02137776143,0.0
18017,0,804630.8939733258,1058421.5089757722,254376.36536780433,50000.0,28346.416497075792,0.0
18018,0,804723.8839721058,1059004.2886979876,254126.83462121026,50000.0,28664.960977035913,0.0
18019,0,805020.7248513483,1058796.5332312086,254614.1850467035,50000.0,28777.63690443917,0.0
18020,0,805333.4694834885,1059161.0223771066,254765.91037017075,50000.0,29150.94770421566,0.0
18220,0,253757.06635945363,960619.7238282609,350489.9339384524,50000.0,51578.73455539906,0.0
18221,0,253680.55144164065,960384.0170740444,350516.4645100484,50000.0,51672.419208227795,0.0
18222,0,253611.7679169196,960110.0706810715,350526.3680770669,50000.0,51763.30196745082,0.0
18223,0,253602.82779424358,959861.8336358548,350479.12781133485,50000.0,51795.817436732985,0.0
18224,0,253833.39223826467,960391.2304338961,350355.7609987454,50000.0,51524.404095538055,0.0
18225,0,253770.48018570663,960182.5265947765,350374.4753296709,50000.0,51603.90138630728,0.0
18226,0,253929.24769514138,960216.7731842877,350213.7458345152,50000.0,51448.02334786382,0.0
18227,0,253754.69858312892,959828.8967039007,350310.47722799884,50000.0,51653.59551287683,0.0
18228,0,253527.5103145606,959546.5162619065,350487.65195311006,50000.0,51723.30425664352,0.0
18229,0,253463.36449594892,959346.9850629261,350510.87919118226,50000.0,51523.57701314628,0.0
18230,0,253658.26466793288,959508.578977251,350340.44897516293,50000.0,51681.26542262243,0.0
18231,0,253879.67592736607,959783.4087877292,350167.5608376656,50000.0,51538.68689804696,0.0
18232,0,253881.94091864457,959596.5195493802,350123.00064309663,50000.0,51556.612014206454,0.0
18233,0,253822.85473474808,959359.6245943793,350132.5965188767,50000.0,51526.95002584538,0.0
18234,0,253589.18319013214,959151.7942912397,350334.01713671786,50000.0,51322.96007893319,0.0
18235,0,253371.3547701114,959124.318941088,350558.75553110556,50000.0,51301.31007595792,0.0
18236,0,253796.9231851632,959117.0989291903,350106.2030562672,50000.0,51283.10743888088,0.0
18322,0,329356.0171033934,763481.184252629,372936.1237187169,50000.0,15483.270779291814,0.0
18323,0,329203.9736611778,763240.1764377803,373257.64794990426,50000.0,15803.508193754918,0.0
18324,0,328864.70347218594,763536.167892304,373215.4759158354,50000.0,15735.404490063775,0.0
18325,0,328921.5910330568,763860.9441458203,372881.6239658656,50000.0,15396.519234880063,0.0
18326,0,328480.05261267093,764238.5964756857,372834.86413356214,50000.0,15333.974389352801,0.0
18327,0,328521.1755073133,763832.8320043511,373176.18728787126,50000.0,15679.898414925936,0.0
18328,0,328044.0236428167,764618.4164913284,372783.4810320953,50000.0,15283.817287996695,0.0
18329,0,328125.53293922707,764148.9330410947,373154.97504259663,50000.0,15652.537472187276,0.0
18330,0,327819.78164324607,764442.5898847352,373094.2943471852,50000.0,15596.456457449853,0.0
18331,0,327609.44111174025,764997.6682232824,372732.684393027,50000.0,15251.21436820528,0.0
18332,0,327311.77028721286,764883.9173969472,373036.95201022335,50000.0,15564.860242726425,0.0
18333,0,326933.9225910218,765213.2964944924,372994.1995563488,50000.0,15556.064079010144,0.0
18334,0,326556.27919998206,765542.8418393253,372951.946363966,50000.0,15560.41449261904,0.0
18335,0,327174.16237502516,765375.9684023965,372684.2642884289,50000.0,15238.06134964267,0.0
18336,0,328752.4267531682,768485.7115525992,368817.5240074612,50000.0,11427.2625706512,0.0
18337,0,328701.4217762052,768261.727012959,369052.77441929973,50000.0,11650.938171887157,0.0
18338,0,328626.1501835135,768030.3679451098,369311.1246300042,50000.0,11900.249085999441,0.0
18487,0,802911.1341805644,1059456.3761317946,251657.45210992597,50000.0,27735.202587383115,0.0
18488,0,803221.2178343387,1059610.7392624845,251936.25702212175,50000.0,28002.546800016396,0.0
18489,0,803050.1514243019,1059000.8449736435,252107.93031250147,50000.0,27579.784509763846,0.0
18490,0,803498.8375966229,1059753.526325718,252183.1339307238,50000.0,28245.04460988911,0.0
18491,0,803331.2765733756,1059181.4533373774,252335.27263050913,50000.0,27846.019548023436,0.0
18492,0,803184.9510991826,1058722.075928726,252443.8523212286,50000.0,27523.28123332673,0.0
18493,0,803455.9209053932,1058907.0129718138,252656.10880903684,50000.0,27786.64990044956,0.0
18494,0,803603.3884207037,1059357.8824628973,252554.45808075246,50000.0,28104.813917808453,0.0
18495,0,803794.9500705497,1059876.4858534986,252464.70883622646,50000.0,28489.104809583485,0.0
18496,0,803546.3279057676,1058554.8193157394,252984.09401754948,50000.0,27674.488545401076,0.0
18497,0,803758.697433262,1059092.585941154,252906.5176787207,50000.0,28070.830873443825,0.0
18498,0,803897.3414288657,1058807.4764333896,253250.89001369293,50000.0,28023.682211248393,0.0
18574,0,794939.4315085963,1036520.6216132384,276374.78195357125,50000.0,11685.605398553615,0.0
18575,0,795986.4279791801,1037516.3187809569,275964.7652938056,50000.0,11774.48193450216,0.0
18576,0,795867.6758678707,1037322.1969402282,275499.9914260241,50000.0,11273.993838955254,0.0
18577,0,795662.7571744674,1037192.1452739154,275988.1608335445,50000.0,11637.910853013062,0.0
18578,0,795269.5575830619,1036767.834432046,275825.2259204642,50000.0,11296.643385578,0.0
18579,0,795646.2844912874,1037081.9950843105,275400.09838550084,50000.0,11068.19132719341,0.0
18580,0,795102.4267333933,1036651.7727185629,276160.6056086527,50000.0,11546.90663909463,0.0
18581,0,795793.8871578386,1037284.5156914899,275733.31967429694,50000.0,11458.573968012965,0.0
18582,0,795401.5238718867,1036820.5168601387,275315.6365169729,50000.0,10868.05468133151,0.0
18583,0,794823.5019766246,1036371.5787570811,276176.32630798226,50000.0,11442.680501494931,0.0
18584,0,795173.5131245897,1036620.4124477312,275510.386542924,50000.0,10948.331515236061,0.0
18585,0,795573.560208444,1037064.9556105578,275756.43047174567,50000.0,11373.12432423395,0.0
18586,0,795394.6156417829,1036939.7974999227,276109.8643823505,50000.0,11628.944051757184,0.0
18587,0,796040.2760304568,1037610.3186261907,276213.432203441,50000.0,12037.443252296722,0.0
18588,0,795420.0385261459,1036880.5762137938,275575.2092492342,50000.0,11125.966015278671,0.0
18589,0,795268.0853266766,1036848.6832303784,276343.4044061367,50000.0,11797.701415849277,0.0
18590,0,795083.0345960894,1036695.2278412776,276557.8562475351,50000.0,11925.48412500002,0.0
18809,0,498733.8580635726,842398.0084162045,232080.25580310752,50000.0,20261.730743398733,0.0
18810,0,498294.21232928743,842216.2523398767,232292.55737796111,50000.0,19909.14391150092,0.0
18811,0,498295.66759746545,841552.2814125796,232945.37677198387,50000.0,20212.450125006057,0.0
18812,0,498332.8778685262,842937.1459989719,231580.8647781509,50000.0,19639.63664977935,0.0
18813,0,497934.5207314365,843818.6310781812,230746.72316817433,50000.0,18896.066292661362,0.0
18814,0,498176.76340041327,843472.3610055157,231067.25864187474,50000.0,19270.22284926082,0.0
18815,0,497543.3528271498,843057.2088333857,231526.48553812093,50000.0,18809.825556734177,0.0
18816,0,497533.49087237497,842514.7908268063,232059.89074147167,50000.0,19032.00191175384,0.0
18817,0,497304.06843605265,843393.2562566842,231216.68988940414,50000.0,18435.458532230867,0.0
18818,0,496975.38644182275,843087.6232381167,231544.59600777214,50000.0,18236.716567443123,0.0
18819,0,498609.235519604,843447.2681536917,231057.93258129095,50000.0,19710.146101042552,0.0
18820,0,496223.56530784274,843841.1696921631,230872.6637871675,50000.0,17184.937908268155,0.0
18821,0,496143.2129172772,843396.0439920782,231316.00892355962,50000.0,17286.55209456827,0.0
18822,0,496551.4086459345,843349.2747048258,231325.10027782683,50000.0,17708.95542178563,0.0
18823,0,496422.77316363365,842908.9147171091,231768.18271008888,50000.0,17769.930175283025,0.0
18824,0,495711.0251026757,843836.3116007298,230924.99013647248,50000.0,16678.57752997313,0.0
18970,0,505753.57549802016,915976.7744227828,160594.8886098608,50000.0,23786.232810226615,0.0
18971,0,504463.8096431638,916087.0731694511,160763.39278191034,50000.0,24883.85239427654,0.0
18972,0,505829.8428374868,915669.6144209005,160861.49771441723,50000.0,23815.819338711026,0.0
18973,0,504223.8867327824,915829.1638111284,161050.22404376062,50000.0,25165.015212810773,0.0
18974,0,504474.11696032167,915559.3782887083,161243.1533984098,50000.0,25020.64481980286,0.0
18975,0,504282.4693702882,915085.6119183687,161716.83127267662,50000.0,25327.132777582112,0.0
18976,0,505483.26226415543,915738.6413095486,160868.62985900813,50000.0,24091.903259509723,0.0
18977,0,505103.24122849357,916405.8932635334,160336.40051966452,50000.0,24233.151846350323,0.0
18978,0,505087.59524889226,916065.5562300066,160651.0193297894,50000.0,24340.065161852606,0.0
18979,0,504759.3989369521,915529.8996308622,161209.95251506995,50000.0,24780.941285761925,0.0
18980,0,505166.1149015061,915716.2502681788,160954.51972680743,50000.0,24372.816069976223,0.0
18981,0,504157.9848865474,915399.196366411,161456.80244934963,50000.0,25342.716034273548,0.0
18982,0,504765.61220660165,916276.1169218571,160526.40104587603,50000.0,24566.50192507931,0.0
18983,0,505452.6450264074,916108.8303107077,160535.5025780219,50000.0,24008.551676364063,0.0
18984,0,504620.4951012959,915221.106551888,161521.67437741006,50000.0,24994.081268923863,0.0
18985,0,504722.8379044177,915905.6455268965,160873.9945676333,50000.0,24704.78416939221,0.0
19007,0,675471.0640817982,945849.1413700441,201545.21829908513,50000.0,12966.816965942879,0.0
19008,0,675768.1313699303,946443.6549465994,201245.6405467749,50000.0,13535.208830210095,0.0
19009,0,676509.7578196956,946502.4537235145,201863.17403965665,50000.0,13904.400962461903,0.0
19010,0,676110.6720497266,946353.0903823861,201643.16779959347,50000.0,13615.527056558703,0.0
19011,0,675107.446822457,945886.4498142495,201180.48658001865,50000.0,12845.026514315869,0.0
19012,0,677229.5047128975,946896.1084564563,202143.17327725847,50000.0,14523.405309934342,0.0
19013,0,675465.5646141139,946579.7178596333,200841.0320562543,50000.0,13518.578969016316,0.0
19014,0,675778.0585211385,946120.5354252332,201563.69891553101,50000.0,13299.35853871314,0.0
19015,0,675829.1265847789,946863.2509288767,200899.7189056134,50000.0,13878.327131117701,0.0
19016,0,675123.235338301,946242.1651216233,200854.0858637377,50000.0,13126.142077146724,0.0
19017,0,676881.1255870742,946699.8922781805,202012.7390216438,50000.0,14218.602160469089,0.0
19018,0,676030.6762588148,946666.959314422,201270.48516702102,50000.0,13811.889431531547,0.0
19019,0,675444.9983419765,946183.9441713132,201201.17418767037,50000.0,13206.884471587997,0.0
19020,0,676097.600442956,947056.7251758649,200958.75965057703,50000.0,14132.896229803862,0.0
19021,0,676089.2806367276,946032.5132865234,201930.1746515244,50000.0,13375.529595253287,0.0
19022,0,675784.6410910254,945800.0457706172,201876.21017923337,50000.0,13069.523228056836,0.0
19055,0,582841.035518404,878004.8819821422,208887.03628218675,50000.0,3630.1239357106083,0.0
19056,0,582605.9066828528,878178.234914392,208612.35007183038,50000.0,3424.3422636078035,0.0
19057,0,582506.4919681761,878463.2877042257,208275.47388711068,50000.0,3117.576060014612,0.0
19058,0,583004.9791355189,878674.8209731338,208254.2209756427,50000.0,2961.4130650372426,0.0
19059,0,583183.0406943407,878354.2530462733,208660.0318219843,50000.0,3328.224071415046,0.0
19060,0,583444.6659820693,879013.6974095413,208077.8581770966,50000.0,2706.803904464948,0.0
19061,0,583441.7882789976,878647.7535619724,208458.30461713695,50000.0,3089.212724588822,0.0
19062,0,583637.0866353235,879395.1928731974,207757.80603020187,50000.0,2372.8963624583453,0.0
19063,0,583246.4345286691,879486.1103756977,207505.1109847082,50000.0,2161.666858824104,0.0
19064,0,582959.0215718766,879110.1041593918,207781.78846185023,50000.0,2507.1270886175894,0.0
19065,0,582649.6972838639,878862.3257747096,207916.42136734613,50000.0,2723.928301364214,0.0
19066,0,582257.6827578981,878783.8462138304,207842.16718512453,50000.0,2781.8979523975927,0.0
19067,0,582193.0781710306,878356.2317391594,208262.52747060245,50000.0,3209.1094113722306,0.0
19105,0,218166.42414863576,1019369.9179954856,423137.4233112874,50000.0,18399.487935720237,0.0
19106,0,217444.31325107304,1018268.3171136415,423094.6403498696,50000.0,18252.132661492433,0.0
19107,0,216934.65787712467,1017835.4992468441,423369.1199679009,50000.0,17921.285347263427,0.0
19108,0,217622.87412947326,1018673.3056779369,423221.11640151235,50000.0,18187.845089233924,0.0
19109,0,217874.0769242674,1019512.4369114054,423639.8652607071,50000.0,17930.09577891002,0.0
19110,0,217410.14269820068,1018728.7608612032,423543.1031316734,50000.0,17875.778362943583,0.0
19111,0,217843.9164749462,1019145.7851300428,423353.82828762464,50000.0,18139.904291770992,0.0
19112,0,216665.54158636532,1017584.8786892269,423495.00826908083,50000.0,17767.45285828134,0.0
19113,0,216427.5336977648,1017316.7154621197,423566.0176132484,50000.0,17670.62043065478,0.0
19114,0,216528.78378980514,1017120.7977107695,423266.236052414,50000.0,17954.9968005402,0.0
19115,0,215694.53487035018,1016338.8043704636,423655.2818571765,50000.0,17523.449723653965,0.0
19116,0,215830.5636594252,1016768.3134852251,423853.10741077014,50000.0,17343.530465476233,0.0
19117,0,216150.96554627613,1016853.3404518187,423517.26518270344,50000.0,17685.062695544115,0.0
19118,0,215456.17955143756,1016514.0210156466,424111.25014527974,50000.0,17072.77452325774,0.0
19119,0,217222.7341102116,1019710.0226938825,424655.17705306987,50000.0,16967.838461023628,0.0
19120,0,216843.68265472545,1019395.950184061,424863.623458558,50000.0,16690.252549980818,0.0
19202,0,259294.74011508445,1140343.1514130607,554554.0904138453,50000.0,50333.27112925558,0.0
19203,0,259119.11983435057,1140164.7366912456,554508.7331289562,50000.0,50167.43675514954,0.0
19204,0,259523.78235101877,1140520.3383003608,554435.7897430882,50000.0,50582.16105357021,0.0
19205,0,259396.36942891913,1140403.5690864334,554443.3700310071,50000.0,50454.41476121559,0.0
19206,0,259245.6259377445,1140263.5086668332,554446.2644959702,50000.0,50304.40851719505,0.0
19207,0,259734.48859075396,1140695.5760221677,554366.2091922928,50000.0,50803.94828978986,0.0
19208,0,260148.69141154797,1141057.381127321,554285.027127546,50000.0,51229.69758274179,0.0
19209,0,259597.66216913436,1140554.4710390896,554324.1285371229,50000.0,50676.07879913948,0.0
19210,0,259982.64451792924,1140886.9181151465,554236.3765221235,50000.0,51074.07319319208,0.0
19211,0,259784.51522318998,1140706.2728889456,554251.0105734698,50000.0,50874.92605616788,0.0
19212,0,260142.9242618179,1141009.6586449766,554149.945993854,50000.0,51249.084621235066,0.0
19213,0,259863.79443830065,1140744.5564906944,554136.6896757642,50000.0,50974.90008418814,0.0
19214,0,259994.25541201804,1140842.6535384934,554060.6072654879,50000.0,51118.510650704506,0.0
19215,0,260178.9624815134,1141004.074667473,554024.7737697259,50000.0,51308.30670139702,0.0
19216,0,260148.35999112064,1140934.406135153,553894.0478269914,50000.0,51302.783343450836,0.0
19217,0,259999.6019223771,1141042.8277278533,554684.2611853281,50000.0,51009.1063113461,0.0
19406,0,312249.58607186546,950472.8277739909,288534.1144631501,50000.0,8522.274363322014,0.0
19407,0,314682.55181127106,947291.4833407444,286059.6664151334,50000.0,3865.2907258251853,0.0
19408,0,310800.2939293667,946732.9151360736,289940.7605195276,50000.0,7578.42902685591,0.0
19409,0,313505.1146968855,938629.4464998017,287524.2536177291,50000.0,7642.053674419944,0.0
19612,0,758120.0106189814,1011741.3349391045,360251.57173679344,50000.0,5931.994154965906,0.0
19613,0,757764.2982822547,1011362.7768872314,360111.1364247453,50000.0,6286.498538536083,0.0
19614,0,758046.4495867508,1011605.1740045411,359803.063094626,50000.0,6366.155608844285,0.0
19615,0,757692.5882636788,1011221.5376178385,359612.90703290846,50000.0,6756.412851060018,0.0
19616,0,757976.8835076098,1011480.9624949135,359412.48772302497,50000.0,6751.572009619815,0.0
19617,0,757633.1917807341,1011106.6472257295,359215.9986526505,50000.0,7137.185878593263,0.0
19618,0,756977.0332484283,1010776.5829585961,361626.1686156509,50000.0,5734.297522242621,0.0
19619,0,757018.2821758764,1010624.6142473492,360222.00645245943,50000.0,6726.359870164893,0.0
19620,0,756827.2494024544,1010570.7738259379,361230.14755081217,50000.0,6128.954441051199,0.0
19621,0,757041.2839372384,1010697.9758820045,360585.02335097955,50000.0,6428.869271127239,0.0
19622,0,757313.7739536542,1011043.2587362488,361093.33726512996,50000.0,5836.2851430796145,0.0
19623,0,757450.0233638216,1011115.0220587886,360615.7516971133,50000.0,6097.986035229864,0.0
19624,0,757758.3741361022,1011458.8227453656,360851.1056586821,50000.0,5686.189554507188,0.0
19625,0,757667.7632328403,1011431.1006892975,361314.2771988296,50000.0,5396.3571248278995,0.0
19626,0,758139.753805484,1011861.9067033336,360982.2098720512,50000.0,5307.896369103338,0.0
19627,0,617194.6133332914,1208852.0882529144,160122.56575311508,50000.0,56914.58786700966,0.0
19628,0,616926.6631172844,1208725.9922673155,160141.4079592093,50000.0,57017.67402213836,0.0
19629,0,614048.7693176381,1203800.089253448,155544.44472896855,50000.0,53302.456318790886,0.0
19630,0,614604.9342599923,1204187.475473042,155668.50207447342,50000.0,53230.205184376566,0.0
19631,0,614450.6640011488,1203810.3305968344,155270.52033493752,50000.0,52881.34070860007,0.0
19632,0,614849.6906698429,1204132.6367019424,155420.11824500235,50000.0,52892.01710448536,0.0
19633,0,615040.6572883923,1204017.8296286082,155129.7379637252,50000.0,52530.199014462734,0.0
19634,0,617326.6847381378,1208410.3493052227,159433.6528759189,50000.0,56167.3428452717,0.0
19635,0,616895.1596842365,1208411.6714934276,159739.35233262987,50000.0,56615.88695861193,0.0
19636,0,617536.375401293,1208745.193084234,159738.00452828346,50000.0,56414.318403063524,0.0
19637,0,617273.4828889841,1208645.3858183261,159788.09615117247,50000.0,56547.22742847738,0.0
19638,0,616812.7072984576,1208879.8311902038,160429.73787751325,50000.0,57348.719766770075,0.0
19639,0,616639.2676191017,1208546.667572549,160102.56240953747,50000.0,57068.5827282024,0.0
19640,0,617058.5672636088,1208308.966997811,159485.5284599881,50000.0,56304.47742609562,0.0
19641,0,617643.4155548146,1208575.1784704593,159433.7057569094,50000.0,56069.12253924011,0.0
19669,0,558068.1109842295,956119.6385912449,118783.58368917952,50000.0,12213.797100167949,0.0
19670,0,558430.0678954246,956163.6523081653,118790.0423070887,50000.0,11844.060056344248,0.0
19671,0,558888.6506437107,956372.2527149575,118639.72089089396,50000.0,11389.842453776133,0.0
19672,0,557227.2458416903,955845.753397181,118953.13120154158,50000.0,11664.235656397535,0.0
19673,0,558706.75344169,955885.4658566371,119123.10600487747,50000.0,11540.576413221164,0.0
19674,0,558280.2573205422,955725.9190911956,119226.91811476047,50000.0,11966.975576081757,0.0
19675,0,557917.4035557074,955585.8330995899,119321.05514892665,50000.0,11946.595280491516,0.0
19676,0,557591.7175810538,955804.0947542656,119046.6189147393,50000.0,11860.7315816685,0.0
19677,0,557464.8834046852,955312.522404725,119543.21310256906,50000.0,11502.652276815692,0.0
19678,0,557792.3058056546,955088.9589584075,119823.46078250346,50000.0,11601.384386358424,0.0
19679,0,557366.6072535384,954854.464647755,120008.67857535278,50000.0,11191.650180981513,0.0
19680,0,557667.1761769892,954648.9022829151,120266.31503115229,50000.0,11295.125322972073,0.0
19681,0,558339.0823454738,955009.2118112403,119987.14146635524,50000.0,11898.300429654219,0.0
19682,0,558885.2326115752,955157.6510005041,119914.55004255236,50000.0,11354.145937039446,0.0
19683,0,558586.2713893912,955412.9410612816,119600.76189302506,50000.0,11648.505643022372,0.0
19848,0,622829.4675621062,980963.976171592,121634.4808636911,50000.0,14304.402089670799,0.0
19849,0,624374.4484379004,980492.4726992132,123307.41470817725,50000.0,14130.854626392002,0.0
19850,0,623791.5136135729,980591.9102143049,122758.73108176305,50000.0,14092.652682944465,0.0
19851,0,623098.7831444915,981025.8538165513,121770.77461976642,50000.0,14390.221642000706,0.0
19852,0,622983.4024678513,979968.4863484736,122817.3632453423,50000.0,13385.95320586571,0.0
19853,0,624041.1646519741,980274.3071656221,123287.64784536656,50000.0,13861.932508891745,0.0
19854,0,623344.5965732615,979778.6617685488,123292.10469316455,50000.0,13274.858289113454,0.0
19855,0,622153.5154334698,979601.5937259807,122590.75683739563,50000.0,12939.937734604784,0.0
19856,0,622559.5762743494,979763.4641809002,122719.83958519946,50000.0,13136.99369660615,0.0
19857,0,623521.705740376,980320.8706431064,122844.95254277419,50000.0,13797.697385893702,0.0
19858,0,623363.025052864,981134.5938999058,121853.57683645294,50000.0,14523.980853136216,0.0
19859,0,622731.7711356385,979845.6060808512,122760.51593307883,50000.0,13236.003937814918,0.0
19860,0,624751.5821004655,980743.9949710814,123326.036213141,50000.0,14442.821126979621,0.0
19861,0,624978.1274168546,980511.4101659298,123747.50598593561,50000.0,14308.518744057004,0.0
19862,0,625112.1071801195,981129.0972735385,123190.62858541604,50000.0,14867.115189912396,0.0
19863,0,218430.47051289037,1020195.9242388227,423531.6388747231,50000.0,18196.52412633107,0.0
19953,0,605396.2509734875,1072393.6220841021,6780.564452004126,50000.0,26192.72768446069,0.0
19954,0,605422.3059055414,1072721.1620590442,6533.48592568838,50000.0,26509.910456936967,0.0
19955,0,605781.2649914612,1073081.335916569,6666.847570391167,50000.0,26517.778445750424,0.0
19956,0,605947.5540527,1073463.7230611495,6576.501430477598,50000.0,26753.88635483031,0.0
19957,0,605980.5651539124,1073269.1631850337,6759.55245844916,50000.0,26511.907682098405,0.0
19958,0,605329.8893281162,1072241.2815420155,6836.665200836674,50000.0,26102.804527740063,0.0
19959,0,605616.1168421557,1072898.2884024838,6616.608123306438,50000.0,26495.010392602548,0.0
19960,0,605798.5027184555,1072888.4490019805,6839.476280752186,50000.0,26295.068794944185,0.0
19961,0,605277.1919069604,1072500.4773771374,6550.201734560028,50000.0,26429.7077661378,0.0
19962,0,605968.3708720886,1073060.7080509397,6904.360500658174,50000.0,26302.192014696822,0.0
19963,0,605761.9929456254,1073295.6124952415,6480.031466294959,50000.0,26765.79897609525,0.0
19964,0,605619.2497276105,1072659.308081363,6815.581804173868,50000.0,26239.109083932377,0.0
19965,0,605545.4984244775,1072349.6486954584,6991.83864100864,50000.0,25990.145378251924,0.0
19966,0,605756.9387468125,1072605.5636224889,7021.524244240986,50000.0,26038.832158395213,0.0
19967,0,605571.5889712835,1073108.8632578144,6397.262304440476,50000.0,26764.475421074443,0.0
20147,0,274298.2888668394,1159675.1070393233,573200.61658573,50000.0,64486.117283992804,0.0
20148,0,274383.6788081821,1159722.04312166,573077.0049401728,50000.0,64562.020446673,0.0
20149,0,274511.71665851405,1159828.5621967101,573029.3211218177,50000.0,64685.38995722835,0.0
20150,0,275109.589415261,1160472.5755725368,573364.989490749,50000.0,65299.21426818146,0.0
20151,0,275243.59409108624,1160585.1683250777,573319.3149497458,50000.0,65428.49079272807,0.0
20152,0,275294.23113309656,1160617.2308006184,573262.131507822,50000.0,65474.648242519215,0.0
20153,0,275307.46587685554,1160688.5553881389,573487.1962083488,50000.0,65503.246155110115,0.0
20154,0,275337.25648304156,1160733.9985849783,573554.9794578935,50000.0,65537.46063904729,0.0
20155,0,275377.4191076584,1160791.5455220393,573632.2183013185,50000.0,65582.64008117332,0.0
20156,0,276063.79679406603,1161475.1676032352,573806.8212094855,50000.0,66272.95289642284,0.0
20157,0,275982.36023890343,1161424.5893383946,573902.9723421348,50000.0,66199.54305527805,0.0
20158,0,275723.91058508755,1161180.999233817,573890.0630269435,50000.0,65943.49587733927,0.0
20159,0,275517.4112642874,1160985.4274544674,573876.1971405082,50000.0,65738.66410866762,0.0
20160,0,276723.7836581592,1162073.3040226933,573748.8980608018,50000.0,66920.6625778462,0.0
20161,0,275397.4845281214,1160459.4699495097,572300.3773210706,50000.0,65517.3863246287,0.0
20216,0,755341.3119655651,1007096.6443342187,347227.05094623426,50000.0,19572.15024599904,0.0
20217,0,755481.8155252106,1007217.5573682501,347076.74051148497,50000.0,19654.653073243266,0.0
20218,0,755621.4687992487,1007339.1254802658,346937.0368437499,50000.0,19728.72253207294,0.0
20219,0,755533.0351186857,1007227.0091580104,346780.99823001813,50000.0,19919.900193958765,0.0
20220,0,755310.549940789,1006999.6373072212,346769.18722114764,50000.0,20030.86181950291,0.0
20221,0,755446.0472789354,1007116.4210559702,346625.5332543226,50000.0,20110.000712308294,0.0
20222,0,755217.8983864103,1006883.9685473909,346618.47997096786,50000.0,20219.33180325645,0.0
20223,0,755086.8974465592,1006772.4541898629,346767.0893558706,50000.0,20135.063953007008,0.0
20224,0,754949.6906005187,1006655.6770764445,346922.92181463976,50000.0,20048.088187208916,0.0
20225,0,755028.5533692525,1006758.3547867134,347080.5834456383,50000.0,19858.655885875498,0.0
20226,0,755113.4188477827,1006865.277434294,347225.54913680523,50000.0,19678.778247553204,0.0
20227,0,755257.0402450009,1006988.9928611366,347072.6956917958,50000.0,19760.446172704746,0.0
20228,0,755393.60560017,1007106.7978702975,346928.5611351865,50000.0,19838.418953488435,0.0
20229,0,755175.3304013213,1006884.584805222,346922.9620786841,50000.0,19943.18141353848,0.0
20230,0,755017.9456302909,1006681.6491555772,346622.202898345,50000.0,20307.386577204292,0.0
20383,0,521258.75427136564,944225.4175508902,131651.43069112024,50000.0,19642.17952572865,0.0
20384,0,520302.0612690023,943477.0024355075,132521.89512678652,50000.0,19607.900650022784,0.0
20385,0,520640.4274866769,944494.3555696543,131528.08771824805,50000.0,20359.75313440131,0.0
20386,0,520899.4197808722,943503.9865885568,132380.17957902697,50000.0,19186.156116193593,0.0
20387,0,521135.84188129223,943886.7205406373,131984.7007579789,50000.0,19392.5765908732,0.0
20388,0,520684.8690215661,943732.720607527,132213.11530679846,50000.0,19571.674469937934,0.0
20389,0,521395.2386643349,943821.3965517211,131994.79085201694,50000.0,19139.41857731095,0.0
20390,0,520077.4180983515,943579.8692460691,132473.2051661212,50000.0,19879.578991020713,0.0
20391,0,521237.9002402536,943494.2045415632,132324.28011387892,50000.0,18927.224295684642,0.0
20392,0,520500.6008007028,944165.4704338631,131855.3778495158,50000.0,20136.58546639205,0.0
20393,0,521016.36566223553,944366.0033396957,131570.3450988206,50000.0,19957.762579710903,0.0
20394,0,520516.301802919,943292.5121524984,132647.86042988714,50000.0,19264.766828151638,0.0
20395,0,520760.0930963321,943148.2494939187,132732.2800802001,50000.0,18939.309010550864,0.0
20396,0,520374.8131165391,943876.5908522785,132143.48895961317,50000.0,19945.333609671317,0.0
20397,0,520903.2132131458,944025.8674930062,131902.83310586947,50000.0,19701.057374785465,0.0
20496,0,609882.6733472791,1144250.4997259937,80695.58810389183,50000.0,27746.023039727675,0.0
20497,0,609908.8527545587,1143911.3219241882,80251.95641763473,50000.0,28130.628879608306,0.0
20498,0,610148.2004927883,1144217.843812157,80492.82539782336,50000.0,27838.976841221156,0.0
20499,0,610262.393595524,1143971.8097691778,80113.71188298047,50000.0,28142.090257101798,0.0
20500,0,610490.3777066806,1144549.5011586593,80703.85075186889,50000.0,27542.960166944285,0.0
20501,0,610468.0465657857,1144849.2971965785,81095.07579736586,50000.0,27200.33056880343,0.0
20502,0,610240.3378050145,1144848.4650367997,81231.91759615406,50000.0,27152.40621610987,0.0
20503,0,610732.9778233105,1145166.922429036,81335.71624604832,50000.0,26902.450445859165,0.0
20504,0,610900.2814131406,1144359.3691257003,80218.84606199671,50000.0,27859.68948190983,0.0
20505,0,610602.0193892893,1143983.1389155933,79923.65401145992,50000.0,28212.08052258744,0.0
20506,0,611238.8689175318,1144680.209016336,80421.29933524503,50000.0,27582.53068797719,0.0
20507,0,611067.2890181618,1144882.0484492418,80777.04671739794,50000.0,27306.370634940788,0.0
20508,0,611421.2945745889,1145183.2767294876,80946.05867559208,50000.0,27054.938811671498,0.0
20509,0,610943.9195346849,1145108.9129325375,81136.20909267107,50000.0,27017.651161954556,0.0
20719,0,606069.7160988045,1019298.6916381964,67242.7320297446,50000.0,6946.348998504935,0.0
20720,0,605772.7455352865,1019174.0261912431,67181.90757459427,50000.0,6871.209332082304,0.0
20721,0,605824.6998602761,1019619.4319552163,66712.46589226565,50000.0,6406.654497952339,0.0
20722,0,605780.0652157404,1019918.500483008,66343.1419519172,50000.0,6037.98652294348,0.0
20723,0,605420.52471648,1019717.412547114,66327.70241819813,50000.0,6013.4226860850285,0.0
20724,0,605407.6877281126,1019327.7231543943,66760.97583018697,50000.0,6447.133559484793,0.0
20725,0,605262.6294151448,1018955.5579549115,67085.47652730535,50000.0,6775.932510268831,0.0
20726,0,604887.1527742174,1018799.0827688134,67012.13630878528,50000.0,6724.9946506943925,0.0
20727,0,604981.764537702,1019215.1242990288,66603.15489684671,50000.0,6306.067792610842,0.0
20728,0,604993.50800291,1019532.85714867,66250.44924709141,50000.0,5950.50554295535,0.0
20729,0,604651.7243328135,1019201.0152303583,66399.69727193404,50000.0,6132.48116605478,0.0
20730,0,604503.6454924375,1018778.7011793909,66781.18871797797,50000.0,6535.390825904008,0.0
20731,0,604205.3742614464,1018847.4300926714,66506.96824642178,50000.0,6307.554442391908,0.0
20732,0,604837.8343552687,1018443.0735232861,67383.20417040226,50000.0,7102.8739921845345,0.0
20747,0,335356.8888689318,771068.6652320415,362124.37114960083,50000.0,5123.152424556535,0.0
20748,0,335007.9530130994,770984.8325086302,362427.7011076254,50000.0,5308.864567167955,0.0
20749,0,334872.6762229465,771297.3860930112,362237.7186538699,50000.0,5038.972779642523,0.0
20750,0,328965.9680050238,769107.1928731416,368117.0969229756,50000.0,10755.68955610413,0.0
20751,0,328884.1377437298,768914.6546064463,368344.5128073731,50000.0,10975.293184775528,0.0
20752,0,328803.6867850549,768720.6848475088,368572.3985834968,50000.0,11195.51728417159,0.0
20753,0,329000.0823142306,769392.1820673536,367839.19343843433,50000.0,10500.773396383818,0.0
20754,0,329074.8281578497,769667.1379940325,367543.1622227299,50000.0,10223.74347210852,0.0
20755,0,329141.1744306385,769953.4996653057,367242.81379616936,50000.0,9946.647436713074,0.0
20756,0,329219.8190199983,770277.896782216,366900.5116021327,50000.0,9632.912210496472,0.0
20757,0,329338.5126885883,770574.8931117763,366556.0105862172,50000.0,9309.840512456865,0.0
20758,0,329457.5114238579,770821.4328445016,366256.4906058373,50000.0,9026.217383510648,0.0
20759,0,329617.7993320091,770985.4091125261,366002.90881307214,50000.0,8770.194770752494,0.0
20760,0,333640.19623274327,771763.8633768453,362633.3034618999,50000.0,5159.328546212026,0.0
21054,0,360673.0616550526,1000423.4161393393,245642.39136099513,50000.0,10479.283276284608,0.0
21055,0,360869.2316721401,1000575.381570176,245473.18679297966,50000.0,10272.80019998093,0.0
21056,0,360935.3525276174,1000346.826595164,245330.74389418613,50000.0,10356.895966007974,0.0
21057,0,360772.7382017998,1000362.9538774112,245514.377681351,50000.0,10448.705400255592,0.0
21058,0,361123.68475745566,1000623.2854679398,245208.05794422913,50000.0,10086.613236220926,0.0
21059,0,360954.9460554947,1000488.4042742284,245352.3503309367,50000.0,10265.984987129372,0.0
21060,0,360697.1326461605,1001720.3496384926,246019.1177969986,50000.0,9856.2923612008,0.0
21061,0,361056.6127262494,1001561.0646049876,245572.67595210837,50000.0,9659.9901301214,0.0
21062,0,360908.4024209292,1001488.9376723288,245713.33725503803,50000.0,9798.227306752571,0.0
21063,0,361063.3355690956,1000393.8151004855,245204.38133923235,50000.0,10252.42514397568,0.0
21064,0,361163.89313122217,1000987.97115881,245275.97768749789,50000.0,9865.146683310726,0.0
21065,0,360725.9706018947,1001530.0784306384,245927.29518847112,50000.0,9912.947738601866,0.0
21066,0,361065.44799293263,1000861.2744394253,245345.2004432713,50000.0,9995.257413344641,0.0
21067,0,361017.9910732466,1000700.4300858318,245347.93338438624,50000.0,10111.031132765038,0.0
21110,0,663900.3116412947,1050072.1294162145,93099.35307349524,50000.0,20479.470289733734,0.0
21111,0,664138.2595749069,1050450.072132424,93063.04447873568,50000.0,20492.80096850809,0.0
21112,0,664186.3475606659,1050280.2246094425,93257.43340134369,50000.0,20305.704748938453,0.0
21113,0,664097.2870120736,1050611.7064997533,92883.6749305107,50000.0,20666.263309250193,0.0
21114,0,663936.0660339422,1050724.7951753142,92605.67242732602,50000.0,20941.852218664826,0.0
21115,0,663797.0905703098,1050451.9306392516,92669.1254044579,50000.0,20890.485926811,0.0
21116,0,663841.7269581299,1051122.1161423377,92172.61930494162,50000.0,21365.939500599638,0.0
21117,0,664306.4662964308,1051236.0691023814,92615.37510161447,50000.0,20920.551238233962,0.0
21118,0,664335.1665293645,1050977.4747553528,92859.00260498366,50000.0,20679.731727044265,0.0
21119,0,664391.6403930155,1050884.9712123147,92999.45865967414,50000.0,20540.69778504576,0.0
21120,0,664544.5979617607,1050651.9726684608,93365.66562813068,50000.0,20179.20410172339,0.0
21121,0,663616.3787131718,1050911.714105555,92084.90020334725,50000.0,21459.556398581888,0.0
21122,0,663835.6245409442,1050261.6264646002,92869.46673375244,50000.0,20699.209654291633,0.0
21123,0,664394.9069390553,1051104.1549356552,92824.6659150998,50000.0,20712.13082831387,0.0
21124,0,579731.0682505099,865841.528550688,220316.98160296347,50000.0,9530.301038671027,0.0
21125,0,579550.4601585451,866197.4288129248,219879.6623920072,50000.0,9326.667844059017,0.0
21126,0,579282.760745902,865910.7187611896,220075.68829576092,50000.0,9670.144007056073,0.0
21127,0,579507.1459441895,866637.5483510339,219407.0100750942,50000.0,9011.65171010926,0.0
21128,0,579815.5665601621,866988.6135014981,219160.01360367777,50000.0,8598.778356451427,0.0
21129,0,580169.3621511012,866822.8918741017,219466.7127829064,50000.0,8563.408608129048,0.0
21130,0,579843.5050162149,866513.5501661913,219663.1723118821,50000.0,8949.321524821251,0.0
21131,0,577121.9229836043,869024.7676019631,216042.09224924544,50000.0,9270.78878531596,0.0
21132,0,576960.1368711435,868633.5668703894,216389.29344968608,50000.0,9552.975056550767,0.0
21133,0,579458.5198401862,865486.3558616884,220581.80159624392,50000.0,9928.233725866308,0.0
21134,0,578244.8973876059,866447.7024010326,219130.55921893794,50000.0,9823.359797773488,0.0
21135,0,578266.7092273383,866545.343564237,219037.40758271815,50000.0,9745.632974127044,0.0
21136,0,579519.3287450337,867354.9890195132,218667.63968015808,50000.0,8484.68234183706,0.0
21137,0,578619.907605814,868842.2497428186,216785.72117452297,50000.0,8165.244237130963,0.0
21138,0,681468.1936016135,1056994.5479563172,108176.4248869463,50000.0,10485.508454656121,0.0
21139,0,681692.1995060924,1057008.9236090297,108429.7091855509,50000.0,10404.76195926357,0.0
21140,0,681263.4975599567,1056825.8848917938,108060.17242893021,50000.0,10382.208956838207,0.0
21141,0,681399.12228294,1056757.4959425651,108270.56866256282,50000.0,10240.06418581833,0.0
21142,0,681233.9984997637,1056588.1322545381,108201.77124384722,50000.0,10117.953816424088,0.0
21143,0,681197.123705895,1056458.1161589748,108254.94002932566,50000.0,9983.144519416725,0.0
21144,0,681634.7771533487,1056840.9622695614,108486.29256192323,50000.0,10234.057120756785,0.0
21145,0,681088.7228059466,1056642.493887926,107990.39069245583,50000.0,10250.605680497429,0.0
21146,0,681405.8223683784,1056631.998985688,108371.50708938343,50000.0,10090.714516506776,0.0
21147,0,681690.6785386825,1057009.826327384,108427.24997025581,50000.0,10406.452542447036,0.0
21148,0,681087.4546881518,1056644.0071592175,107987.77442829311,50000.0,10252.99312688746,0.0
21149,0,681397.6025384584,1056756.1192062537,108269.79928306257,50000.0,10239.143088309725,0.0
21150,0,681466.4198004705,1056994.8418913346,108174.11779698626,50000.0,10486.645711245292,0.0
21151,0,681260.4567993971,1056825.4119394734,108056.94180876458,50000.0,10383.077846490585,0.0
21194,0,533443.0438713891,969108.0056070599,106664.52710318199,50000.0,22029.921742953265,0.0
21195,0,532720.5483249049,968976.324079743,106936.77995890415,50000.0,22563.2181650097,0.0
21196,0,533084.3383326803,969300.3605899783,106568.630001355,50000.0,22151.131625320977,0.0
21197,0,532502.5903341396,968937.4905520868,107019.0924404573,50000.0,22725.998060689635,0.0
21198,0,532819.0462057836,969223.86600034,106694.4505502411,50000.0,22365.01124239879,0.0
21199,0,532571.7335185059,969163.1831136507,106802.80241468191,50000.0,22559.80120623463,0.0
21200,0,533459.6981855589,968843.2024727457,106898.70830264364,50000.0,22171.375885816364,0.0
21201,0,533102.3234762638,968258.0890469761,107498.56012976973,50000.0,22731.14570423573,0.0
21202,0,533112.654067347,968550.3021712665,107234.1175504704,50000.0,22554.506506386442,0.0
21203,0,533382.7916860355,969336.6123512591,106472.37254400748,50000.0,21939.590456641894,0.0
21204,0,533364.4174889424,968623.2648213358,107116.05982158694,50000.0,22357.645306962084,0.0
21205,0,532995.0835244106,969066.9584084692,106796.44651986168,50000.0,22336.68251638447,0.0
21206,0,533260.7065636549,969124.8375932894,106687.92564552196,50000.0,22135.262876300898,0.0
21207,0,533254.127463539,968810.3348490392,106971.17116431621,50000.0,22317.421061458364,0.0
21295,0,617472.7592578937,1208977.881373085,160096.57609351035,50000.0,56801.7236831423,0.0
21296,0,617730.4417892727,1209091.2875210051,160068.68875361347,50000.0,56693.92189044982,0.0
21297,0,618004.1558582233,1209270.7164220675,160119.02142320614,50000.0,56662.23080228448,0.0
21298,0,617870.6832394906,1208933.7474993255,159758.02522276607,50000.0,56332.173811591354,0.0
21328,0,613139.0354041617,1224648.3457542188,184740.6450267994,50000.0,37642.44792623112,0.0
21329,0,612954.780454344,1224390.7497317377,184525.05423527476,50000.0,37823.347625759605,0.0
21330,0,612876.3345391818,1224166.3130545432,184274.0174360961,50000.0,38063.726146944726,0.0
21331,0,612801.1963604498,1223945.0216072376,184024.85513233067,50000.0,38303.01529879973,0.0
21332,0,613249.1834656401,1224443.4800778222,184371.52364049075,50000.0,38044.95542537069,0.0
21333,0,613169.9102822971,1224219.9314576995,184122.3297854594,50000.0,38282.59663134912,0.0
21334,0,613986.9329392856,1225157.163600462,184795.56667303664,50000.0,37783.79665263717,0.0
21335,0,613095.6475859245,1224000.7182401519,183875.35532604455,50000.0,38519.20923945846,0.0
21336,0,613846.7115882896,1224893.5495765833,184537.2670254345,50000.0,38014.2823438691,0.0
21337,0,613707.8177044085,1224644.7410817994,184298.58677193843,50000.0,38225.54244112667,0.0
21338,0,613553.5214609483,1224380.9710106002,184051.065935386,50000.0,38442.81356985519,0.0
21339,0,613421.2033966609,1224124.1834862148,183796.4771559834,50000.0,38673.039635182424,0.0
21340,0,613274.2838238125,1223854.466639827,183535.26648802822,50000.0,38907.235622545,0.0
21347,0,799434.2839829182,1039063.4826573126,263819.82549764373,50000.0,7521.448328544924,0.0
21348,0,799216.8594905615,1038981.0728809265,264673.0048743449,50000.0,7280.405175827578,0.0
21349,0,798909.7163013575,1038701.359126912,264869.83376352215,50000.0,6979.04952386842,0.0
21350,0,798699.7292042058,1038512.1223116561,265016.88042216515,50000.0,6775.971915391085,0.0
21351,0,798856.6686615489,1038674.7480373299,265037.96367426857,50000.0,6935.891979460607,0.0
21352,0,798656.050080483,1038505.1156252183,265247.45803242305,50000.0,6751.408897680465,0.0
21353,0,786965.2917301041,1026953.3464057463,267394.39035401493,50000.0,5009.893052149368,0.0
21354,0,787037.9147420613,1027030.9125120474,267414.79280988686,50000.0,4942.3947438303185,0.0
21355,0,619842.9591168215,976393.3486611167,124345.50174493155,50000.0,9686.884004350326,0.0
21356,0,620122.3106178904,976623.4721466994,124299.88334840226,50000.0,9920.617609741685,0.0
21357,0,619760.7011934152,976874.8269904363,123767.76993782184,50000.0,10170.87821176749,0.0
21358,0,619535.4291524796,976525.485313076,123981.48446683718,50000.0,9823.932838211887,0.0
21359,0,614526.3450522887,965120.617342829,132806.7518537096,50000.0,1645.1423209158825,0.0
21360,0,614160.0038464882,965007.4735536806,132685.35790133092,50000.0,1873.2035235520736,0.0
21361,0,614126.1549307089,965352.1180192885,132290.9769287897,50000.0,1675.7265722763116,0.0
21362,0,613813.6628573278,965126.0112219654,132328.11633359958,50000.0,2000.3731735565073,0.0
21363,0,622099.3615950294,974942.2034573726,127546.67918056564,50000.0,8864.518409116794,0.0
21364,0,616068.084867165,963115.9188574716,135997.64888680968,50000.0,4210.143623112641,0.0
21365,0,615863.8790826908,962933.00446088,136056.94143946967,50000.0,4298.069505230842,0.0
21366,0,616236.0380042664,963317.6499005974,135894.04218299378,50000.0,4090.23624340077,0.0
21367,0,617562.5331990068,968256.5862745376,131489.84180338768,50000.0,2120.1992330503667,0.0
21368,0,576992.386674709,869499.7327749532,215501.3685107179,50000.0,9221.46604906297,0.0
21369,0,576655.1036417352,869745.6501673437,215123.03792384287,50000.0,9449.72799685949,0.0
21370,0,576345.7946209847,869569.6759058516,215193.83403440885,50000.0,9772.465408404882,0.0
21371,0,576363.5103308307,869142.3352996869,215644.23263886364,50000.0,9878.091515250375,0.0
21372,0,575995.4726094553,869336.074920044,215310.30481622153,50000.0,10147.120415375737,0.0
21373,0,576096.580109935,868842.4027693657,215859.53045164363,50000.0,10203.333500962734,0.0
21374,0,576788.5615017947,869253.642233683,215682.74526067893,50000.0,9475.089139416183,0.0
21375,0,577085.5205893659,869996.6659110636,215019.04547607322,50000.0,8999.135992493433,0.0
21376,0,577419.9133420899,869960.5864135573,215179.1303171263,50000.0,8711.067488879919,0.0
21377,0,574510.3620463135,869847.2878222448,214251.51644907324,50000.0,11413.282064954497,0.0
21378,0,571563.4468279338,870135.0018622885,212942.9625901648,50000.0,14254.692897902783,0.0
21379,0,571610.7093993638,870157.1684452033,212935.70577927388,50000.0,14207.17042409891,0.0
21380,0,571666.6010964628,870187.2806994587,212923.08645136654,50000.0,14150.860875325296,0.0
21394,0,231068.30453079302,736038.0506551637,482888.58568289777,50000.0,17952.81483856956,0.0
21395,0,230651.4154548974,736232.666039922,483104.3048006883,50000.0,18239.402597466094,0.0
21396,0,231319.76870931394,736080.0436638901,482567.47941912216,50000.0,17907.308792679654,0.0
21397,0,231463.9061736316,736223.4570805443,482240.73793698096,50000.0,17980.04801480521,0.0
21398,0,231738.04765040666,736265.1108758077,481896.7954974476,50000.0,17941.73479409316,0.0
21399,0,231500.28929339786,736614.0320680516,481734.86125514604,50000.0,18032.11693421038,0.0
21400,0,230402.42587549752,736237.4280891326,483367.453919093,50000.0,18331.003377544497,0.0
21401,0,230389.93731995538,736015.0966582417,483648.6670343711,50000.0,18174.39836079649,0.0
21402,0,230104.0278655628,736318.1375631526,483593.00524512824,50000.0,18500.746175573477,0.0
21403,0,230097.90631174596,736069.4209435479,483899.3888976606,50000.0,18326.906996137634,0.0
21404,0,229790.57909619113,736338.0734747199,483908.4889653422,50000.0,18638.230940150162,0.0
21405,0,229474.78536876544,736440.2734665738,484127.80509582924,50000.0,18839.303031466912,0.0
21406,0,229742.07474508486,736119.1301601519,484225.343767091,50000.0,18507.94682428694,0.0
21434,0,599109.2620514899,1193599.494106154,153144.6409845251,50000.0,56142.2196448386,0.0
21435,0,598925.9053733983,1193254.8844145075,152825.17854427412,50000.0,55812.707299788715,0.0
21436,0,599046.5873169256,1193026.2415042121,152417.00208524137,50000.0,55647.23209113507,0.0
21437,0,600092.1575813346,1194427.921696006,153476.7074967582,50000.0,57050.21431312094,0.0
21438,0,599253.726571737,1193128.2813460936,152387.9739208416,50000.0,55778.77448900192,0.0
21439,0,599807.6022925123,1193817.436350317,152876.6737071404,50000.0,56477.41785146086,0.0
21440,0,599487.3060211157,1193299.6287600356,152431.93654008335,50000.0,55974.338680267916,0.0
21441,0,600180.1159976412,1194237.4678552903,153147.3765677484,50000.0,56911.12419601665,0.0
21442,0,599713.0380819847,1193461.420269989,152469.56865570234,50000.0,56160.454334504684,0.0
21443,0,599423.5432125917,1193000.7134138548,152077.74397698295,50000.0,55712.258919739535,0.0
21444,0,599968.0596795661,1193679.722110995,152560.64361045408,50000.0,56400.34038121994,0.0
21445,0,600245.3061433751,1193983.698249606,152750.5410423523,50000.0,56528.063548800426,0.0
21446,0,599797.4643234716,1193274.3519250983,152147.76927047907,50000.0,56026.20581895569,0.0
21453,0,497910.7507765857,811360.8961186499,262828.2469785083,50000.0,5968.496671780059,0.0
21454,0,498063.09693451866,810995.6812253672,263184.0613480898,50000.0,6025.534603868393,0.0
21455,0,498266.2884521766,811273.9526050729,262898.48312368704,50000.0,6279.59465719881,0.0
21456,0,498292.6861831548,810613.182283773,263553.8901313102,50000.0,6183.030279793355,0.0
21457,0,498457.44172314304,810266.1799048784,263891.6298734847,50000.0,6309.713282135611,0.0
21458,0,498675.7724982975,810820.0331031341,263331.88098757504,50000.0,6584.846390016751,0.0
21459,0,498668.68145000347,810503.6961537028,263646.62231147464,50000.0,6538.442061222277,0.0
21460,0,498721.5063533677,811536.0247303931,262618.3066599066,50000.0,6771.402177147454,0.0
21461,0,498830.0482635592,811907.6410489959,262244.38419747574,50000.0,6973.265644807195,0.0
21462,0,498943.5801740255,812202.7938921626,261946.2746783123,50000.0,7168.276668501527,0.0
21463,0,499036.3265754157,811193.2890295801,262945.9665997547,50000.0,6995.58107066165,0.0
21464,0,499030.79881502286,810805.3116453158,263331.9295266663,50000.0,6928.23069054548,0.0
21465,0,499411.29836660984,810790.45203871,263331.789421116,50000.0,7298.093979620925,0.0
21466,0,257170.23647351126,740335.4917300179,452057.4115615897,50000.0,602.8593485607993,0.0
21467,0,256182.06603302323,741354.5310572213,451888.3092075975,50000.0,769.2958125659502,0.0
21468,0,256205.84935380347,740709.4645749325,452553.078821415,50000.0,371.11099717616185,0.0
21469,0,255923.1130907361,741296.9944860237,452189.80051871104,50000.0,786.354188057825,0.0
21470,0,256748.3682865224,740627.1761238385,452137.3577778584,50000.0,234.2409591107989,0.0
21471,0,256814.5007488674,741146.439645666,451523.60602449364,50000.0,827.852403843325,0.0
21472,0,255795.02366701746,741010.4593782871,452613.9809353425,50000.0,776.4185366915005,0.0
21473,0,256942.73427618828,740822.6411143987,451749.1935267306,50000.0,616.5546284574237,0.0
21474,0,256500.42154825167,741290.8572614366,451660.9276090326,50000.0,778.7417498020237,0.0
21475,0,257509.12340971682,740477.0740778118,451593.09398056834,50000.0,547.7388093021816,0.0
21476,0,256601.1206024823,740976.5902401295,451901.77164304827,50000.0,471.7861502218159,0.0
21477,0,257331.04678528692,740423.1238012328,451815.1924866995,50000.0,791.0308733138091,0.0
21478,0,257174.44355851642,740908.8303427635,451443.2065221066,50000.0,735.6400861959814,0.0
21816,0,631056.7166447581,962415.6667978598,147526.32941864588,50000.0,12378.979638737288,0.0
21817,0,630914.8929182908,961509.6739655095,148367.5821218997,50000.0,13129.148721825153,0.0
21818,0,631410.5292781217,962408.731619427,147803.6791837043,50000.0,12241.587090685089,0.0
21819,0,631240.3950573418,962172.1400902349,147921.5112137802,50000.0,12490.116581722361,0.0
21820,0,631008.1710357737,961829.7550101544,148103.19129823672,50000.0,12844.45615653486,0.0
21821,0,630486.8983364712,961909.4456006322,147623.6661173209,50000.0,12705.90790494252,0.0
21822,0,631545.398634705,962165.4294600303,148161.47889118167,50000.0,12381.602189118963,0.0
21823,0,631998.3606363803,962312.6162114766,148354.40542573566,50000.0,12107.57426747589,0.0
21824,0,631822.7850763717,962654.4409904368,147862.14240415415,50000.0,11894.536337139552,0.0
21825,0,632108.8317312337,962616.7779820374,148121.1406790333,50000.0,11823.813000128883,0.0
21826,0,630796.9718725281,962146.8774657886,147610.22045272408,50000.0,12688.747578946362,0.0
21827,0,630676.62411512,961668.5039208009,148020.2025189457,50000.0,12910.937374192066,0.0
21828,0,632007.0664427072,962014.8098971362,148672.52075642484,50000.0,12349.836383733696,0.0
21855,0,194598.57092688367,730925.1195196621,536553.9924622617,50000.0,13403.110182156204,0.0
21856,0,194740.65531286894,730982.727379748,536229.3188416692,50000.0,13122.21510691858,0.0
21857,0,194136.13120076555,731332.2548172321,536585.0774507591,50000.0,13772.634927250796,0.0
21858,0,193733.85662807373,731091.8073754479,537645.3003750279,50000.0,14650.88402731242,0.0
21859,0,193767.28471724244,730878.1162284994,537965.2644337302,50000.0,14809.37287427262,0.0
21860,0,194469.5982794488,730858.094371998,536875.1386555285,50000.0,13675.121453462549,0.0
21861,0,194032.0960652832,731213.9244499092,536955.5325903154,50000.0,14048.094620281163,0.0
21862,0,193871.24201564447,731146.4078075811,537329.8474902962,50000.0,14373.002303329098,0.0
21863,0,194261.57701030045,731397.1726270259,536274.0382005358,50000.0,13515.63228134591,0.0
21864,0,194523.8041015348,731352.5875173495,535936.0008743315,50000.0,13140.59257281812,0.0
21865,0,194289.0666281473,730831.9597898587,537208.5973979168,50000.0,13994.975651984485,0.0
21866,0,193529.4858348183,731485.2461383026,537287.3043521323,50000.0,14607.411708518892,0.0
21867,0,194045.16976580507,731467.9661544053,536495.1834230974,50000.0,13796.615242265012,0.0
22064,0,585405.7867752244,1118730.9978252274,67147.04573973757,50000.0,26276.71100324991,0.0
22065,0,585293.4378732867,1118953.0704894362,67523.1423639386,50000.0,26162.022370621136,0.0
22066,0,585614.0079265609,1119493.6477714363,67897.19047706752,50000.0,26486.062237680242,0.0
22067,0,585839.0339141984,1119851.390465821,68134.44285642217,50000.0,26716.811952509208,0.0
22068,0,585451.5939376092,1119708.7011582223,68310.30085920972,50000.0,26332.673019158294,0.0
22069,0,585209.3352758297,1119359.1253263673,68100.23651085293,50000.0,26083.964392646692,0.0
22070,0,584644.3183963111,1118628.2691057767,67719.0765064508,50000.0,25513.036454223307,0.0
22071,0,584972.630949604,1120134.1782663106,69272.29403810216,50000.0,25896.030992743017,0.0
22072,0,585114.1813820107,1119966.5696794996,68936.15375192411,50000.0,26019.108351141538,0.0
22073,0,585435.7414766775,1120624.5953734266,69455.73938711031,50000.0,26376.044752828133,0.0
22074,0,585460.740770007,1120329.0756338865,69067.85884391158,50000.0,26375.7086818155,0.0
22075,0,585733.8571658788,1120802.3132856765,69405.06586466882,50000.0,26673.223192946152,0.0
22136,0,657240.3173444193,887722.4096223945,277262.88572649175,50000.0,9683.908761349494,0.0
22137,0,662655.3610081758,891791.2142295875,269313.5407777793,50000.0,4237.510906973855,0.0
22138,0,663210.3433503589,892269.3791920033,268693.58332754375,50000.0,3976.5112756921226,0.0
22139,0,663389.1354470929,892484.0892678451,268685.4763276609,50000.0,3716.8328292204797,0.0
22140,0,662745.2458577948,891818.7712298713,269055.8545441691,50000.0,4327.299807071295,0.0
22141,0,662246.5703696029,891432.906464624,269750.95017781924,50000.0,4491.455719339384,0.0
22142,0,661463.6055379007,890625.9985632799,270209.127222616,50000.0,5279.601195975085,0.0
22143,0,662675.1807763781,892295.2121901812,270839.90450387454,50000.0,3549.95435993152,0.0
22144,0,657776.2094771621,888427.2514449866,277448.95651172445,50000.0,9567.134511169766,0.0
22145,0,657600.7450268079,888269.0554934501,277622.2051313277,50000.0,9752.361122342736,0.0
22146,0,657426.3723960529,888114.4667107586,277802.87608552125,50000.0,9942.4034549843,0.0
22147,0,657555.4618265852,888491.908960353,278524.5103760435,50000.0,10457.622030256472,0.0
22172,0,570036.4325842084,900307.4334697543,180832.16713458207,50000.0,15324.35736805318,0.0
22173,0,570029.2422182843,899675.9624337927,181496.0468434349,50000.0,14690.820475376111,0.0
22174,0,570398.5893334692,900414.5914589155,180835.72034881232,50000.0,15217.556244486987,0.0
22175,0,570379.973140286,899665.0947307809,181620.5006499921,50000.0,14466.62213974384,0.0
22176,0,570500.5187831842,900014.5415410394,181290.8479076153,50000.0,14750.235028587249,0.0
22177,0,570356.4477148142,899206.8647018557,182096.23547228592,50000.0,14017.023791775024,0.0
22178,0,570766.1873942472,900517.147132699,180846.7682107367,50000.0,15110.750758193568,0.0
22179,0,570656.7010485103,899492.9586652524,181891.83489032075,50000.0,14127.510929870961,0.0
22180,0,570883.474598903,899832.2243649279,181607.82716745566,50000.0,14342.504257057419,0.0
22181,0,571129.1636895094,900142.5423184828,181360.82756014986,50000.0,14523.135514398238,0.0
22182,0,571359.7342825225,899467.9990249843,182148.51617100398,50000.0,13702.136907252696,0.0
22183,0,571596.0588293754,899802.5634370958,181873.65770985736,50000.0,13919.71985832112,0.0
22303,0,747908.3746428165,1004352.4409502445,381860.9686426804,50000.0,13442.269854040302,0.0
22304,0,747691.6196155103,1004101.7318042476,381618.27354190795,50000.0,13093.573423512938,0.0
22305,0,747332.8488954941,1003767.0059316375,381824.3093732246,50000.0,13018.96885052795,0.0
22306,0,746730.1937178314,1003131.3385626358,381615.96669026406,50000.0,12444.061893142543,0.0
22307,0,746718.9091685688,1003195.2904993241,382185.5903832464,50000.0,12924.918738736758,0.0
22308,0,746260.1937649983,1002792.4844564846,382640.36649498506,50000.0,13040.288430549697,0.0
22309,0,746701.460659004,1003241.4004464475,382668.0597141683,50000.0,13332.83238816809,0.0
22310,0,746277.6163438042,1002881.1538263953,383179.0189126797,50000.0,13530.041438628465,0.0
22311,0,746562.5195868862,1003196.8120547084,383393.07272182155,50000.0,13887.929464592613,0.0
22312,0,747067.0504911011,1003675.1956374095,383160.90670690883,50000.0,13988.561248120584,0.0
22313,0,747154.3300562968,1003679.0918472063,382522.501863468,50000.0,13492.248236012168,0.0
22314,0,747419.6514074204,1003909.1426669186,382237.4863622484,50000.0,13423.287269045608,0.0
22315,0,598840.2965461394,1192933.1476916687,152457.74547436126,50000.0,55523.860657746074,0.0
22316,0,600169.4244059554,1193606.417541024,152299.45311213945,50000.0,56146.34131754991,0.0
22318,0,574150.0386854332,1165470.0326319041,137249.62695344316,50000.0,27321.36259431475,0.0
22319,0,574383.3919789654,1165718.2579581053,137356.8028507165,50000.0,27571.9883959098,0.0
22320,0,574015.8593055222,1165178.207747701,136990.97401030114,50000.0,27031.689321396,0.0
22321,0,574674.0737100921,1165975.0117060402,137421.45525901017,50000.0,27833.62977569344,0.0
22322,0,574432.7457928192,1165513.1153258188,137038.48415079026,50000.0,27374.96721257642,0.0
22323,0,574235.7919028805,1165216.8168232474,136833.2208418776,50000.0,27078.7694345392,0.0
22324,0,574666.2878730393,1165744.026029272,137122.95488352497,50000.0,27609.928691478282,0.0
22325,0,574269.8291349019,1165033.4423201983,136558.39661917166,50000.0,26904.033953550264,0.0
22326,0,574496.3094357762,1165341.8585890085,136751.6358671027,50000.0,27213.566291773757,0.0
22327,0,574166.056386165,1164721.297481749,136244.20281180326,50000.0,26598.687769066295,0.0
22328,0,574777.4772241636,1165547.7700973984,136757.96435104188,50000.0,27428.730472918196,0.0
22329,0,574507.2819849909,1165116.6708193908,136443.35285785087,50000.0,26999.168601887235,0.0
22443,0,585262.9488792676,975853.8645086419,104917.58437592423,50000.0,4499.925659682795,0.0
22444,0,585343.8835746162,975952.3954467352,104842.0913828056,50000.0,4436.144543266389,0.0
22445,0,584370.3090723137,972140.0678736888,108647.11508968017,50000.0,4756.592696531794,0.0
22446,0,584029.2299548563,972572.8718995448,108033.82471774108,50000.0,5053.348598684496,0.0
22447,0,576202.68500834,970078.2105833369,107970.9543366265,50000.0,10321.494443644251,0.0
22448,0,573947.0694542436,966570.8553676126,111095.01414547049,50000.0,6711.831102248245,0.0
22449,0,573408.1458771393,967204.3036879762,110251.26344558121,50000.0,7254.887398793851,0.0
22450,0,573488.2022487724,966691.8354815742,110829.64274228821,50000.0,6761.980456578652,0.0
22451,0,573195.2987972592,966680.1507760326,110757.89408423305,50000.0,6731.175379783169,0.0
22452,0,573703.098315121,967284.0184387625,110250.26728611987,50000.0,7349.9011512450625,0.0
22453,0,574010.2241640056,967710.8953313122,109877.20618725893,50000.0,7786.927374044207,0.0
22454,0,573819.4426678169,967945.1007975755,109567.41114323454,50000.0,7999.753153061126,0.0
22455,0,573490.3516958007,967802.2921438864,109626.97119406289,50000.0,7848.888076680788,0.0
22456,0,573328.7755941974,968102.4739088404,109255.4384747307,50000.0,8152.331033374964,0.0
22457,0,573101.7228633256,968263.3390057597,109016.77692100618,50000.0,8328.624739304634,0.0
22458,0,573190.550987424,968867.5445410357,108387.47251124293,50000.0,8944.355154811896,0.0
22459,0,572893.019190218,968457.5449000417,108747.8967183177,50000.0,8549.05508962327,0.0
22582,0,642293.2639849513,1063724.3680417188,57006.01510358112,50000.0,26381.78357560631,0.0
22583,0,642111.2426945867,1063668.3500644718,56836.67343913495,50000.0,26195.30221148266,0.0
22584,0,641921.2790955545,1063652.3097032704,56626.6731511335,50000.0,25980.121930975965,0.0
22585,0,641998.8339508161,1063832.8277225038,56575.628310025415,50000.0,25984.23126062886,0.0
22586,0,642284.9405918956,1064155.3424794278,56658.86288850541,50000.0,26167.344973482817,0.0
22587,0,642267.5562749702,1063932.0095793407,56813.035040367446,50000.0,26252.03831881846,0.0
22588,0,642429.7972804023,1064008.423029405,56943.626919861345,50000.0,26405.97548942064,0.0
22589,0,642512.7412174783,1064273.940842506,56833.95343054513,50000.0,26378.955181937818,0.0
22590,0,642347.1239321966,1064398.0686716966,56542.865747861346,50000.0,26128.28295870976,0.0
22591,0,642163.8401727739,1064314.8210015479,56392.33539786322,50000.0,25952.006584032773,0.0
22592,0,642065.7235483028,1064055.3795988269,56479.66731251518,50000.0,25957.3427545642,0.0
22593,0,642192.9246132816,1064526.400528884,56261.99360093061,50000.0,25890.085190820482,0.0
22594,0,340604.2126959255,867452.8138780077,287040.6472689926,50000.0,10182.182014860387,0.0
22595,0,340897.51205210894,867449.3441190904,286816.1394672144,50000.0,9931.249574476433,0.0
22596,0,340473.77010810544,867042.571912806,287371.10653184657,50000.0,10046.792409182051,0.0
22597,0,340798.11079314095,866993.6328531082,287148.38876530965,50000.0,9735.842815073413,0.0
22598,0,340578.07775019034,866718.0822469452,287472.9295622632,50000.0,9767.535643244233,0.0
22599,0,341373.0269211339,867226.7699196142,286574.35426434554,50000.0,9389.535078429844,0.0
22600,0,341079.00251734746,867182.4791098332,286825.78762257105,50000.0,9609.998797415448,0.0
22601,0,340960.2347983069,866713.1063217537,287181.30431415245,50000.0,9428.929679291743,0.0
22602,0,340967.23884667514,868289.6798393141,286293.40708405996,50000.0,10427.899209934418,0.0
22603,0,340659.3878376675,868209.7053992681,286576.0451207871,50000.0,10623.98602740639,0.0
22604,0,340812.0853586903,867868.2780874725,286648.02609699947,50000.0,10272.366856885676,0.0
22605,0,340484.3374236705,867979.5665167911,286839.48726778827,50000.0,10617.317682010484,0.0
22618,0,370989.22101672675,726521.3344910217,383357.4700278999,50000.0,23063.855855070924,0.0
22619,0,371426.82300315826,726666.6588828277,382981.154878955,50000.0,23430.06200704119,0.0
22620,0,371186.2331544994,727113.63653592,382662.54259510053,50000.0,23111.023719809255,0.0
22621,0,371754.20107012044,727127.3567171047,382349.2067275635,50000.0,23634.75485304304,0.0
22622,0,371694.97974499,726699.0633975432,382807.425708306,50000.0,23669.416470566597,0.0
22623,0,370756.577639227,726936.9873696214,383066.1210516202,50000.0,22754.285972471025,0.0
22624,0,370547.7346008866,726826.8107735391,383286.80647278903,50000.0,22588.91159741243,0.0
22625,0,371951.87954776175,726734.2728378823,382637.08469102497,50000.0,23898.848460866135,0.0
22626,0,370783.0909870348,726436.6475748176,383551.192539066,50000.0,22897.300208934743,0.0
22627,0,370954.8476412539,727046.6875069224,382851.69542610855,50000.0,22911.954035651175,0.0
22628,0,371211.7192614014,726610.7485341189,383150.5510829842,50000.0,23245.770296268067,0.0
22629,0,371471.04673569824,727121.6674712211,382504.12311721954,50000.0,23373.008535859917,0.0
22704,0,356596.5044480392,732685.4439283952,385223.1763070914,50000.0,8569.650147003696,0.0
22705,0,356662.62564180465,733204.8669406851,384672.10285498586,50000.0,8451.438194415005,0.0
22706,0,356603.5887522901,733702.7161524714,384215.4316583001,50000.0,8260.561468400116,0.0
22707,0,356831.8152419328,732742.2712779574,385030.67422708333,50000.0,8747.692241236866,0.0
22708,0,356899.96840106597,733257.723050987,384482.4771058769,50000.0,8644.600860378756,0.0
22709,0,356818.26349195046,733745.3844600319,384048.9921392996,50000.0,8445.120682649163,0.0
22710,0,357102.8805006496,733334.2508366324,384289.61480789375,50000.0,8804.473582464516,0.0
22711,0,357072.97861156845,733810.2970066047,383837.6509212448,50000.0,8664.49487700601,0.0
22712,0,357359.84413608833,733357.2893061053,384118.45426423923,50000.0,9030.183235646055,0.0
22713,0,357580.1649217296,733386.8366783413,383962.22969686886,50000.0,9223.53672124265,0.0
22714,0,356420.34741045116,733155.7493295682,384861.1116777285,50000.0,8256.88985385456,0.0
22715,0,357277.09103683097,733875.8907377592,383655.09435508074,50000.0,8840.57897241193,0.0
22776,0,636792.5292368811,943848.5508831255,171166.90847706955,50000.0,18097.289120126592,0.0
22777,0,636630.3924444426,943642.436263457,171256.53967980438,50000.0,17901.51866844841,0.0
22778,0,636411.4238564174,943685.3092219216,171047.01911028937,50000.0,17726.747820848446,0.0
22779,0,637123.1855252719,943479.4103311799,171797.23634502452,50000.0,18285.831589240493,0.0
22780,0,636782.8516450082,943434.2561948254,171586.12695520514,50000.0,17977.842628512997,0.0
22781,0,636424.8049920088,943091.1778244881,171669.12528014195,50000.0,17579.530043509414,0.0
22782,0,636716.5664029529,943136.035932556,171843.05298656263,50000.0,17846.021104206196,0.0
22783,0,636358.6283493136,942632.7444342162,172091.43707405482,50000.0,17413.388277623784,0.0
22784,0,636278.5176204629,943334.2363866307,171308.49987685747,50000.0,17515.680120783327,0.0
22785,0,636552.7200187267,943288.73504967,171562.1352232472,50000.0,17740.736331159846,0.0
22786,0,636562.4980120616,942846.0317597914,172025.37288822778,50000.0,17642.300171814866,0.0
22787,0,636948.7440480752,943238.4793247777,171913.09132349803,50000.0,18074.592326015212,0.0
22788,0,334473.2050705854,773133.4768889211,360868.67945768335,50000.0,3403.617578100354,0.0
22789,0,334847.6380561742,772906.4508426003,360823.7411106681,50000.0,3442.5920521655257,0.0
22790,0,334610.75713818567,772711.5475653613,361152.27232733136,50000.0,3740.7633968330606,0.0
22791,0,334923.11224558123,772536.9598143981,361102.02282982547,50000.0,3778.256216066604,0.0
22792,0,334846.8918283132,772019.3912982179,361611.9139507336,50000.0,4324.334518531773,0.0
22793,0,335015.67234316765,772235.5775179388,361308.9825827048,50000.0,4045.389349245881,0.0
22794,0,335005.7620590494,771650.3333704537,361836.0452571766,50000.0,4637.665925442587,0.0
22795,0,335274.13707150513,771826.1799452336,361503.6253907802,50000.0,4376.127622562657,0.0
22796,0,335434.29375283717,771456.4249205058,361728.01724291116,50000.0,4709.300246688053,0.0
22855,0,614359.0619734986,1172807.7249823508,114387.92272111666,50000.0,13839.492836703821,0.0
22856,0,613628.767908653,1172157.9063646041,114014.61554767113,50000.0,14199.174902535015,0.0
22857,0,613316.0586462298,1172741.990957463,114974.05379679753,50000.0,15153.64698197799,0.0
22858,0,613490.4327891829,1171711.1254104758,113525.00672919618,50000.0,13983.532108969113,0.0
22859,0,613175.7488419311,1171757.8042053282,113788.83200755327,50000.0,14440.782978408575,0.0
22860,0,614328.3470828903,1173263.015471086,114997.17595321259,50000.0,14320.768693196704,0.0
22861,0,613470.1830825773,1172459.843006384,114508.28362404469,50000.0,14685.952114439615,0.0
22862,0,614052.0881117205,1172376.5901300076,114025.96875750263,50000.0,13839.878389465912,0.0
22863,0,613650.209953123,1172848.5824762287,114895.96038258019,50000.0,14813.636704691331,0.0
22864,0,614012.5762030808,1172825.6685597,114632.93993332035,50000.0,14313.677592357943,0.0
22865,0,613161.6505588815,1172319.4983209046,114526.25487404868,50000.0,14964.338242729062,0.0
22866,0,614758.8903482332,1173429.719537463,114938.48456288794,50000.0,13919.5852651498,0.0
22899,0,449500.4242164888,823478.4255050252,259596.84369614383,50000.0,25163.410852058194,0.0
22900,0,450020.1619881506,823614.2983632796,259315.4886541894,50000.0,24675.93947778986,0.0
22901,0,450130.90269073925,823881.793571582,259035.00648013444,50000.0,24628.64851277195,0.0
22902,0,450345.71911948256,823560.5077801298,259268.35427528314,50000.0,24339.17242445141,0.0
22903,0,450486.73316923884,823819.7186732576,258986.57554382223,50000.0,24259.610116250544,0.0
22904,0,451096.86866104574,824146.36301846,258503.87198997376,50000.0,23734.49189399056,0.0
22905,0,451455.4481797322,823966.3465663927,258565.49618778145,50000.0,23332.396448429346,0.0
22906,0,450226.04573005403,825021.1090854334,257953.5184721532,50000.0,24835.7061078847,0.0
22907,0,450397.2372474055,825286.6449657289,257656.97689305377,50000.0,24744.72077576038,0.0
22908,0,451093.27481576364,825954.1002695366,256832.75956351575,50000.0,24271.277358550058,0.0
22909,0,451330.32825309905,826142.4050562205,256588.3982019068,50000.0,24102.6921453987,0.0
22910,0,451430.35829937435,825726.650176958,256943.10257180734,50000.0,23866.2894667366,0.0
22935,0,188408.74189288702,1000674.7702344776,445102.6491567507,50000.0,12184.822746584574,0.0
22936,0,188345.4232903538,1000662.8637747926,445172.8436874739,50000.0,12240.987012746113,0.0
22937,0,188365.35584178232,1000665.1937528454,445149.577910378,50000.0,12221.639791702353,0.0
22938,0,188387.635173007,1000671.1458549697,445126.33124736976,50000.0,12203.927038744898,0.0
22939,0,190278.13847468293,1002533.49420281,444278.1475176123,50000.0,12458.776098593366,0.0
22940,0,189817.6743577417,1001495.7761317436,443999.1067366948,50000.0,11653.388708817874,0.0
22941,0,189491.1103354739,1001327.7906425499,444273.24120169797,50000.0,11790.614627150506,0.0
22942,0,189328.65541681842,1000847.0960339726,444082.7706754621,50000.0,11388.072672630067,0.0
22943,0,188990.5582664567,1000583.4573927666,444293.15853676695,50000.0,11440.727558010441,0.0
22944,0,188668.99709207928,1000307.9694507597,444473.1716434633,50000.0,11471.527045192948,0.0
22945,0,189707.43596514783,1001063.4054636412,443782.30864038726,50000.0,11246.285683257809,0.0
22946,0,190124.88976793937,1001699.3196390012,443778.83894197916,50000.0,11586.86099667256,0.0
22959,0,598388.2487118236,1019249.7146742571,62488.88885061159,50000.0,5150.697756714331,0.0
22960,0,598785.4428102212,1019600.3067973569,62314.524726142474,50000.0,4736.014615266742,0.0
22961,0,598883.2033370495,1019338.761097865,62669.195143833014,50000.0,4918.957864662537,0.0
22962,0,599537.3877552657,1019690.0610968615,62647.113100231814,50000.0,4469.42732238269,0.0
22963,0,598631.853104052,1019300.2020461633,62569.50970169028,50000.0,5025.80057767994,0.0
22964,0,599505.1577344128,1020078.8130034847,62184.330870852,50000.0,4130.057916168797,0.0
22965,0,599503.4147831739,1019265.4911766629,63111.93949818064,50000.0,4869.6743808090305,0.0
22966,0,598534.2698962679,1019522.0561482885,62260.67426880484,50000.0,4888.523434453668,0.0
22967,0,599162.8927342907,1019943.1888879691,62140.15834760873,50000.0,4338.102712231213,0.0
22968,0,599789.8139349404,1019648.8078165136,62842.371246767456,50000.0,4478.626558680209,0.0
22969,0,599076.1961488029,1019637.4376913297,62439.23174170074,50000.0,4615.654319468732,0.0
22970,0,599379.0428574836,1019802.8191675311,62425.95057003045,50000.0,4398.635405063451,0.0
23040,0,209467.44406882205,742685.5949049541,499120.62216238584,50000.0,28885.510752649956,0.0
23041,0,209397.99178446116,742322.6667927796,499670.3769222334,50000.0,28324.986817485362,0.0
23042,0,209920.5176811629,742590.0801332521,498703.3055689202,50000.0,29252.81122912706,0.0
23043,0,209026.86475953073,742285.270271356,500163.4613016847,50000.0,27870.624966033425,0.0
23044,0,209870.92094776913,742374.2052972218,499039.20665582333,50000.0,28911.577565235883,0.0
23045,0,209514.0658355343,742057.3038067829,499873.6606110626,50000.0,28096.904161997154,0.0
23046,0,209811.51152917772,742215.898517922,499313.53325688385,50000.0,28635.54890766867,0.0
23047,0,208989.90520259814,742846.4842614302,499484.2933985335,50000.0,28583.843100632548,0.0
23048,0,208936.283319302,742613.2275162648,499848.782598085,50000.0,28213.15588724643,0.0
23049,0,210340.13018882633,741960.1870393464,499011.7658071202,50000.0,28880.082161732887,0.0
23050,0,210384.33425193588,742128.0799174064,498743.6055507172,50000.0,29151.584362913753,0.0
23051,0,209434.15503403475,742507.1597634281,499389.6227102677,50000.0,28611.098599646135,0.0
23064,0,259028.4437147676,963292.4044213967,345514.2406630313,50000.0,46267.63327051541,0.0
23065,0,258495.31030437257,963171.0202585583,346053.2352641803,50000.0,46794.205452191956,0.0
23066,0,258843.83039247626,963444.3433192903,345748.147856367,50000.0,46437.13189756043,0.0
23067,0,258079.21558640414,963158.3616811867,346493.86817716085,50000.0,47200.23840001664,0.0
23068,0,257844.81904493071,963090.5211527608,346727.2970093758,50000.0,47432.97185781053,0.0
23069,0,257611.42643982492,962819.5263650407,346910.2800939834,50000.0,47677.58057178322,0.0
23070,0,257259.03927370554,962736.4466878389,347265.77180803905,50000.0,48026.07989902645,0.0
23071,0,257078.46879986714,962545.7092540698,347412.1015754399,50000.0,48214.38063409086,0.0
23072,0,257053.67829433427,963047.6298674562,347560.6143788955,50000.0,48208.42198571065,0.0
23073,0,257270.49896300046,963073.1925787029,347335.6002339878,50000.0,47994.90170790682,0.0
23074,0,257076.75213110133,963499.7824298647,347647.6892201391,50000.0,48164.791383819094,0.0
23075,0,256703.84749092747,963383.6685387349,348016.9437278774,50000.0,48536.435950952,0.0
23126,0,259823.09918666305,971861.2761535104,347026.42923405353,50000.0,45924.51114625674,0.0
23127,0,259584.34984673563,971664.4117215248,347224.633007819,50000.0,46142.29044167353,0.0
23128,0,259563.51411429618,971362.5585809317,347154.3676672768,50000.0,46112.394469854225,0.0
23129,0,259339.35133601297,971361.977524088,347397.28895441233,50000.0,46349.12675695906,0.0
23130,0,259163.34591299153,971053.7602196613,347493.82623833045,50000.0,46483.888379102915,0.0
23131,0,258939.27259769553,970902.0642850458,347690.47966190794,50000.0,46695.76107291148,0.0
23132,0,259140.73830017305,971327.7978247917,347602.19844962534,50000.0,46553.22850501048,0.0
23133,0,258727.49737543933,970766.1638021487,347878.6574269016,50000.0,46897.37978381914,0.0
23146,0,658539.8770178793,1058087.4628598054,80441.47159388669,50000.0,33481.10939866475,0.0
23147,0,658398.0435469757,1058280.4199084188,80124.42787107496,50000.0,33819.062239534986,0.0
23148,0,658741.4026718085,1058418.9050509855,80417.1261939077,50000.0,33567.00593534325,0.0
23149,0,656728.3414622096,1056339.8617058326,79720.80363129286,50000.0,33930.03422458666,0.0
23150,0,656863.6657089002,1056147.6025269357,80032.44053113926,50000.0,33606.74024281496,0.0
23151,0,656478.0847524003,1055971.2498286497,79727.35048475498,50000.0,33889.6646458076,0.0
23152,0,656471.0468983747,1056245.0137111205,79498.51378154513,50000.0,34138.12025718093,0.0
23153,0,656636.6580278421,1056558.0875568534,79439.13052875508,50000.0,34227.39943269282,0.0
23154,0,656341.5006485006,1056548.1579207082,79104.37248990728,50000.0,34552.92207879287,0.0
23155,0,656556.0394830562,1055777.5012070464,79974.17958732316,50000.0,33631.70030428707,0.0
23156,0,642533.0929772031,1063824.1984105965,57208.96468361377,50000.0,26615.011328884677,0.0
23157,0,642249.0049689763,1063442.1749952447,57176.25345428121,50000.0,26468.04757874084,0.0
23215,0,553709.9695207189,933406.2871182177,141900.34165620914,50000.0,11874.351490721838,0.0
23216,0,553964.7560110872,932644.6954597875,142737.16452048972,50000.0,12815.468538267896,0.0
23217,0,554057.4230676977,933562.8474638124,141791.56856301246,50000.0,11981.514048271194,0.0
23218,0,554168.4317779669,933235.2776699669,142152.0763700119,50000.0,12385.918713089322,0.0
23219,0,553460.4848807235,933283.8276970072,141989.48333418986,50000.0,11813.242848460051,0.0
23220,0,554445.6560879751,932225.1906048844,143254.68366369026,50000.0,13585.088182599507,0.0
23221,0,554713.3398650221,932743.5589638996,142756.36002017485,50000.0,13281.230908648755,0.0
23222,0,554540.2437805806,932964.3608139929,142496.340926622,50000.0,12933.723160122758,0.0
23223,0,554290.5456095616,932817.8051046313,142608.77376605303,50000.0,12886.91983809442,0.0
23224,0,555111.4153713003,932395.001670325,143189.03564122078,50000.0,13926.547396818696,0.0
23225,0,554850.5012136886,932424.849799456,143113.32736760384,50000.0,13696.103849974648,0.0
23351,0,564502.2360421838,960523.272789585,115245.98203501006,50000.0,6529.070558294115,0.0
23363,0,537302.695130013,1027601.4490683438,65381.742092302455,50000.0,6250.80298339513,0.0
23364,0,537136.1826008754,1027976.2774523855,65411.77894817656,50000.0,6679.490683465288,0.0
23365,0,537516.3433610135,1028055.3722598079,65073.696055392065,50000.0,6300.29242903425,0.0
23366,0,537983.3053505012,1028454.3373810146,64572.52469381507,50000.0,6056.7390706691585,0.0
23367,0,537890.9401062973,1027896.0369739853,64810.769962290164,50000.0,5767.397665893449,0.0
23368,0,538346.6556041199,1028322.4150319679,64310.22172027814,50000.0,5550.6601817087485,0.0
23369,0,538558.7544255919,1028728.5447067675,64017.17680432973,50000.0,5626.7523823386255,0.0
23445,0,189065.93105756995,816446.0076884567,447989.28429811046,50000.0,16051.376951752189,0.0
23446,0,189242.32986098746,815982.9981284969,448151.1057439304,50000.0,15998.314273847222,0.0
23447,0,189376.98960107943,816518.145092052,447633.7938667769,50000.0,16414.260267143585,0.0
23448,0,189588.21837289602,815990.7250577937,447807.80837026704,50000.0,16365.63675065441,0.0
23449,0,189711.39877985732,815077.5836472149,448350.1920614375,50000.0,16061.60516720834,0.0
23450,0,189736.21721919495,816509.4848881117,447289.678853945,50000.0,16784.962101329755,0.0
23451,0,189934.532629391,816032.409254595,447439.8391540763,50000.0,16750.183323335405,0.0
23452,0,189977.38831455182,815225.6331969062,447982.5652142037,50000.0,16410.544819243263,0.0
23453,0,190058.37848135503,815615.2758235853,447620.6522411622,50000.0,16677.8295185954,0.0
23454,0,190113.35484279544,814783.2199414965,448172.26944828755,50000.0,16357.539981512184,0.0
23455,0,190347.99297627565,815104.426974255,447708.998396386,50000.0,16747.959868427162,0.0
23467,0,177169.11442017584,996449.748242311,455838.85149576276,50000.0,8914.85261400015,0.0
23468,0,177015.5359441871,996340.7147483802,455942.8751055059,50000.0,8797.740688673113,0.0
23469,0,176858.2494123214,996195.0737038334,456021.0520795177,50000.0,8703.964274618163,0.0
23470,0,177235.0042364575,996310.6503129756,455638.93082879164,50000.0,9098.073665176249,0.0
23471,0,177309.65621921766,996066.4247588671,455340.87812299025,50000.0,9372.785464436563,0.0
23472,0,177175.63626904093,996037.8486388648,455487.13394761685,50000.0,9224.129410434783,0.0
23473,0,177013.0355369972,995939.3138345657,455611.52021754184,50000.0,9092.36408090008,0.0
23474,0,176873.956026482,995887.8722896088,455745.20307509875,50000.0,8955.162343822152,0.0
23475,0,176777.46948887565,995936.9238883231,455908.4228898836,50000.0,8794.997097973881,0.0
23476,0,176541.5209403334,995707.505488252,456017.0525545184,50000.0,8673.509511800139,0.0
23477,0,176671.14947727244,995557.4106791246,455728.2363357961,50000.0,8957.590021578113,0.0
23478,0,572144.1018259266,977135.1454166264,99165.35968800973,50000.0,13182.574712639795,0.0
23479,0,571967.7608982127,976849.040043931,99430.48299577231,50000.0,13300.338596071335,0.0
23480,0,571752.5087902478,976633.1629729779,99610.40909617831,50000.0,13481.163264562658,0.0
23481,0,571530.4891313376,976409.4177213205,99797.51617640292,50000.0,13669.972362757115,0.0
23482,0,571737.8564981171,976282.9915620417,99984.60610365313,50000.0,13422.175950741565,0.0
23483,0,571956.5256603109,976520.4684242128,99782.3756504695,50000.0,13237.200357978438,0.0
23484,0,572181.4163924111,976732.3431637548,99609.68903808038,50000.0,13042.69622872496,0.0
23485,0,572358.1579685053,977065.8940236527,99293.76508290171,50000.0,12932.8472688046,0.0
23486,0,571327.8011255253,976159.9538887136,100017.36245644005,50000.0,13835.561506060834,0.0
23487,0,571452.7864953452,975924.9582731298,100300.9766926626,50000.0,13659.227792494761,0.0
23488,0,571127.8100361192,975918.0090375941,100230.00670317447,50000.0,14003.0021044576,0.0
23494,0,580502.8619170222,1181271.9630906766,152488.10792165025,50000.0,43383.41293089348,0.0
23495,0,580146.0890940528,1180882.7609092772,152288.68948365844,50000.0,43010.82049803115,0.0
23496,0,580247.9279600454,1180836.1969952844,152132.15760299258,50000.0,42944.526978460766,0.0
23497,0,579650.9638745807,1180582.4295952022,152337.7926126367,50000.0,42759.23993000745,0.0
23498,0,580702.6312868597,1181358.8118639505,152422.66359439405,50000.0,43449.31230637187,0.0
23499,0,580377.1138705713,1181057.023756266,152312.46139278816,50000.0,43166.931422931346,0.0
23500,0,580561.6642478924,1181125.375900692,152235.77235227777,50000.0,43214.83743111082,0.0
23501,0,579817.9992554928,1180823.2983757695,152509.90736894312,50000.0,42997.51839579714,0.0
23502,0,580651.4849144814,1181493.2841509704,152651.59442506055,50000.0,43603.50634877038,0.0
23503,0,580433.9059027015,1181355.2974192284,152664.17310747012,50000.0,43485.026708660385,0.0
23504,0,580274.8604211719,1181114.1781700372,152483.66290637618,50000.0,43244.914194420046,0.0
23546,0,257657.84786743592,1006416.5115564606,365258.9100607144,50000.0,69402.75213058952,0.0
23547,0,258016.08335120848,1006623.6366051199,364963.54260662996,50000.0,69200.59801284733,0.0
23548,0,257716.192145235,1005664.6061619621,364735.5474011113,50000.0,68643.77285407217,0.0
23549,0,257338.781020889,1006627.1153132895,365762.76993536664,50000.0,69557.24901705887,0.0
23550,0,257904.63331400676,1006737.6532839609,365164.21420062013,50000.0,69429.70916482908,0.0
23551,0,257834.62153607432,1006887.1781849109,365338.0195053638,50000.0,69646.52213364725,0.0
23552,0,258098.37645576225,1006493.4004060505,364787.50728536124,50000.0,68988.66563237508,0.0
23553,0,257763.71370220318,1005945.8204686118,364849.2034944845,50000.0,68850.2511510762,0.0
23554,0,257555.51782825153,1005835.7977021568,365027.37066898984,50000.0,68978.65510775971,0.0
23555,0,257547.98368696216,1006580.917118864,365488.32381957327,50000.0,69676.76334291922,0.0
23556,0,257603.52298848928,1006103.2000445921,365132.61883313116,50000.0,69172.38057738666,0.0
23557,0,263860.69651535887,1056306.6076441437,398833.4819316791,50000.0,38109.19764189601,0.0
23558,0,264040.20230507274,1056138.2281929054,398412.5782098556,50000.0,38431.918693174564,0.0
23559,0,263895.9551627271,1056541.6672680972,399035.6567536602,50000.0,37824.30975424957,0.0
23560,0,263669.6368145859,1056353.4088713522,399141.35918049683,50000.0,37939.55163883839,0.0
23561,0,264103.9932756496,1056414.819661645,398619.72783190134,50000.0,38109.38440214359,0.0
23562,0,264173.9816780032,1056314.841438166,398419.1485528042,50000.0,38280.430682710416,0.0
23563,0,263620.91657254985,1055979.964197899,398810.8623184933,50000.0,38395.71783807325,0.0
23564,0,264065.43735913886,1056540.3288746674,398805.1559060822,50000.0,37923.7404635923,0.0
23565,0,264146.3416128848,1056747.6148693764,398916.3457567238,50000.0,37701.104805605464,0.0
23566,0,263718.13705286285,1056235.911561472,398951.0048874463,50000.0,38119.35820371016,0.0
23567,0,263863.15782895545,1056148.3895609325,398662.31855816394,50000.0,38316.006188362524,0.0
23587,0,676311.1603446503,1055697.2083561139,103084.54385353465,50000.0,12488.021866273473,0.0
23588,0,676677.5788347438,1055622.5905595466,103570.87805524383,50000.0,12086.337794359622,0.0
23589,0,676722.1383280782,1055977.1426204334,103355.12328722216,50000.0,12456.318233578855,0.0
23590,0,677121.3690328412,1055981.39789674,103820.58961550888,50000.0,12128.311363945793,0.0
23591,0,676964.0844186826,1056301.9645187457,103394.40693502047,50000.0,12629.384349024163,0.0
23592,0,677217.3425747568,1056649.0619812545,103431.2611663011,50000.0,12825.714959022738,0.0
23593,0,677370.6233932157,1056328.5026039584,103852.04015923385,50000.0,12329.159483596188,0.0
23594,0,677577.224432375,1056668.554142598,103839.7235530604,50000.0,12562.086938762859,0.0
23595,0,677411.2495977215,1056983.1740089196,103409.11654049689,50000.0,13060.528539355062,0.0
23596,0,676611.5839780576,1056300.348395311,102981.5942748513,50000.0,12922.145374091515,0.0
23597,0,676884.5530764331,1056730.497484234,102978.9974908331,50000.0,13191.624421448681,0.0
23695,0,527103.6014091561,1034409.9202191659,73649.5247047205,50000.0,22938.97962501408,0.0
23696,0,526525.768804126,1034140.7987629855,74226.87606493461,50000.0,23340.941384996207,0.0
23697,0,526817.2325586819,1034273.6858159248,73935.71576032188,50000.0,23134.839458094222,0.0
23698,0,527680.2113959051,1034291.4062344675,73083.79307634872,50000.0,22208.561084024244,0.0
23699,0,527402.9439032323,1034527.9659867645,73350.92598962526,50000.0,22715.094808872716,0.0
23700,0,526839.7738377583,1033902.0636503553,73923.12883010978,50000.0,22794.705845986537,0.0
23701,0,526534.5715201739,1033772.5326686334,74227.59542206117,50000.0,23021.281041397113,0.0
23702,0,527336.9623236146,1033744.1532943394,73439.94323219515,50000.0,22115.961226472627,0.0
23703,0,527389.6537586449,1034148.6288232974,73374.21330079934,50000.0,22402.41477655804,0.0
23704,0,527101.1126385977,1034023.2660460046,73662.12262206955,50000.0,22610.87991119121,0.0
23705,0,527639.5357822814,1033924.1791286481,73136.37776575924,50000.0,21937.4906560731,0.0
23970,0,508784.2892995668,911703.3821839585,164001.90224284268,50000.0,23303.42206214751,0.0
23971,0,509879.54525569716,909993.4216864516,165437.8730479006,50000.0,23658.841228635145,0.0
23972,0,509537.15137979836,910233.5773070506,165263.4812598043,50000.0,23707.02772175751,0.0
23973,0,509826.74557058804,910962.823092331,164531.61030283003,50000.0,23071.620176295968,0.0
23974,0,509461.1166289703,911018.0207778398,164536.58103438024,50000.0,23265.33669299257,0.0
23975,0,509329.7959475286,910640.6504105822,164912.32867547363,50000.0,23578.82874907697,0.0
23976,0,508885.986266471,910697.583579826,164929.26215893045,50000.0,23823.47188434365,0.0
23977,0,510201.10035430803,910098.2589151125,165290.767416344,50000.0,23403.3239912539,0.0
23978,0,510040.42464438325,910498.0980825601,164937.23352690483,50000.0,23236.52717221752,0.0
23979,0,510234.69953973877,910911.3228588557,164517.92854792153,50000.0,22855.76617385361,0.0
23990,0,336389.9673660179,763925.5219499527,367893.86331371585,50000.0,12221.588743900887,0.0
23991,0,336406.0116931202,764288.1816469695,367552.9926563143,50000.0,11849.224192898251,0.0
23992,0,336603.14080897643,762546.492517464,369015.51647389604,50000.0,13599.379919142444,0.0
23993,0,336571.56407511205,762940.7660754202,368675.2517285011,50000.0,13201.282117503633,0.0
23994,0,336563.96972927765,763568.2308004522,368106.9617688019,50000.0,12562.180099134057,0.0
23995,0,336685.6047103892,764026.3858294047,367610.2587956783,50000.0,12080.110114853465,0.0
23996,0,336897.2176266438,762787.0217834736,368605.05654321506,50000.0,13317.859847248836,0.0
23997,0,336826.1892757627,763610.8161432121,367898.2591253237,50000.0,12487.206538022789,0.0
23998,0,336940.43174705526,762417.3066787176,368915.53301825403,50000.0,13689.478973199415,0.0
23999,0,336997.8520616981,763113.06215706,368241.8252349108,50000.0,12975.546433916355,0.0
24056,0,543519.9641382063,966548.5263229207,107638.44622898618,50000.0,20694.401328563723,0.0
24057,0,543174.6680642458,966709.1239197647,107508.57529198233,50000.0,20544.343753462435,0.0
24058,0,542855.4034875138,966818.8351735513,107427.82341171894,50000.0,20452.44332199557,0.0
24059,0,543253.5423621566,967420.9646817817,106814.78618491975,50000.0,19842.40088101623,0.0
24060,0,542933.6524829372,967406.9827615633,106854.39845568514,50000.0,19875.691122332155,0.0
24061,0,542581.0567099836,967196.8656986663,107086.70372505685,50000.0,20106.38445269207,0.0
24062,0,542630.1290143832,967594.6446078384,106699.93340976085,50000.0,19720.061260447204,0.0
24063,0,542974.7297682592,968223.9637948185,106064.66479967511,50000.0,19084.552811536076,0.0
24064,0,543322.250329687,968184.2706373399,106073.11165489642,50000.0,19094.73658680175,0.0
24065,0,545026.1190709178,967930.0805176742,106196.62767163613,50000.0,19327.72308222428,0.0
24076,0,438811.51127046446,796276.7645877185,288236.99697322305,50000.0,6674.917336377349,0.0
24077,0,437777.8828515033,796292.6488530854,288545.4942527402,50000.0,7307.6902601986385,0.0
24078,0,438321.5205627041,796208.1148506482,288454.35997517064,50000.0,6900.850424434143,0.0
24079,0,439121.5085024875,796176.2932138193,288235.54929482326,50000.0,6421.9012711203495,0.0
24080,0,438597.61065121024,796060.6305768454,288507.0600488419,50000.0,6615.509306263044,0.0
24081,0,438497.03813848976,796372.8035645076,288244.51204946614,50000.0,6933.080598965238,0.0
24082,0,438979.4542232642,796863.0950580069,287632.7993161128,50000.0,7095.311815834248,0.0
24083,0,438875.8587513647,795996.2221033481,288481.2691144671,50000.0,6401.6622177722165,0.0
24084,0,438024.13270797237,796337.3975927837,288425.9200480286,50000.0,7187.362322896092,0.0
24085,0,438843.086601901,796648.8177249205,287876.8842243336,50000.0,6977.486506185368,0.0
24203,0,818752.1165996483,1149084.49357881,227534.7037039572,50000.0,100964.78814523846,0.0
24204,0,820021.5741244497,1150302.192239846,228634.20195209683,50000.0,102107.50181098768,0.0
24205,0,820229.8791524585,1150498.5357673794,228815.95768757295,50000.0,102291.80207531979,0.0
24206,0,819337.3169553903,1149575.0639519785,228063.39422048672,50000.0,101414.48797461273,0.0
24207,0,818547.9698098225,1148930.236667828,227345.04063882478,50000.0,100826.54156546682,0.0
24208,0,819528.256755885,1149770.3579865987,228224.94914669168,50000.0,101599.53787753699,0.0
24209,0,819149.9976969988,1149399.3616894227,227899.9853361054,50000.0,101250.21029005128,0.0
24210,0,820407.8876504097,1150797.2339641596,228930.73905131733,50000.0,102590.2514122955,0.0
24211,0,819755.8658037294,1149983.8513705393,228423.6588305576,50000.0,101799.46115661818,0.0
24212,0,818957.7831667308,1149232.3615663047,227728.1829754493,50000.0,101096.13762037785,0.0
24223,0,583129.7978887536,1108776.0578066108,57200.833684125355,50000.0,26319.040441968784,0.0
24224,0,583306.2593996215,1108808.0798758916,57068.69391256341,50000.0,26516.373583857272,0.0
24225,0,583546.7040091129,1109196.0125393376,57301.00006637682,50000.0,26616.454214812497,0.0
24226,0,583467.5478415895,1109002.3849683146,57145.49787485696,50000.0,26615.176130386648,0.0
24227,0,583674.1392080684,1109134.2792677223,57104.75416459747,50000.0,26800.01516142908,0.0
24228,0,583818.8122314778,1109362.265478288,57239.11843950798,50000.0,26864.44096295546,0.0
24229,0,583051.2556555851,1108541.2538286985,56996.708290843606,50000.0,26342.004453305522,0.0
24230,0,582861.7322565906,1108394.322345893,57005.32207206903,50000.0,26187.376616759382,0.0
24231,0,582925.3665025554,1108631.2996338063,57225.98607593952,50000.0,26144.220184911024,0.0
24232,0,582777.0325592506,1108539.7050130062,57260.69340450072,50000.0,26010.87939313281,0.0
24233,0,568299.491236455,1107049.652848311,70428.27505360405,50000.0,9424.338629452493,0.0
24234,0,568355.851571799,1107442.097184097,70810.56817574042,50000.0,9387.476860532981,0.0
24235,0,571451.8195826326,1104283.6198984885,63935.28069087369,50000.0,14604.745541927166,0.0
24236,0,571638.0424841214,1104739.4440647974,64248.58209586237,50000.0,14542.477256930471,0.0
24237,0,572817.1382403163,1106737.4981252956,65264.87017734547,50000.0,14876.943592002104,0.0
24238,0,572493.8703489392,1106661.379081487,65518.668884575425,50000.0,14524.412643437572,0.0
24239,0,572551.0139551223,1106433.124688974,65198.10358543895,50000.0,14704.92710836331,0.0
24240,0,572824.8318752787,1106443.8081306638,64921.47199132442,50000.0,15030.454899311932,0.0
24241,0,572711.0657329425,1106091.805555164,64640.35300798885,50000.0,15074.458885060265,0.0
24242,0,572467.580386634,1106126.9785863382,64937.65605466103,50000.0,14760.44353054483,0.0
24243,0,556750.4192114782,1099119.1233545593,74707.02553776967,50000.0,4318.682306206268,0.0
24244,0,556972.4706906391,1099205.8014892093,74542.69663100585,50000.0,4245.5914390653425,0.0
24245,0,557106.6886511579,1099459.6105924887,74651.4960819061,50000.0,3991.3583675606146,0.0
24246,0,556997.5238978255,1099603.367215995,74924.63720799985,50000.0,3833.2593000133743,0.0
24247,0,556878.0439076882,1099362.0575804245,74811.66073592294,50000.0,4075.301631248555,0.0
24248,0,556772.3528602062,1099501.1168917734,75075.85835244141,50000.0,3934.332945371834,0.0
24249,0,556666.9625284232,1099265.1146667055,74952.7332011546,50000.0,4169.720453337699,0.0
24250,0,556561.1727344873,1099029.7956511742,74831.4221128539,50000.0,4404.835738272243,0.0
24251,0,556495.3016648073,1099192.8186610027,75074.42217310067,50000.0,4246.5676862503,0.0
24252,0,556603.7724947815,1099423.449204351,75188.15310021168,50000.0,4017.8991263967628,0.0
24253,0,582300.7209034344,1107833.807044032,56885.58879836518,50000.0,25799.407815426996,0.0
24254,0,582300.5485807707,1108098.1898719785,57199.58071810188,50000.0,25659.922248701154,0.0
24255,0,582263.3088880943,1108321.403221529,57501.111883095095,50000.0,25499.736739726875,0.0
24256,0,582428.8981784066,1108639.8344710325,57718.3616131765,50000.0,25539.7707824513,0.0
24257,0,582052.6928678924,1108666.0038648278,58116.4041193717,50000.0,25072.49246020407,0.0
24258,0,582073.6868175588,1108428.111998031,57813.17042891489,50000.0,25216.163522302282,0.0
24259,0,581935.9633604853,1108111.130070578,57571.7246367276,50000.0,25211.01836118681,0.0
24260,0,581962.1631518011,1107869.3848040295,57259.398652854215,50000.0,25369.144625295707,0.0
24261,0,581980.4078850587,1107629.115618442,56956.82917680039,50000.0,25519.612446731826,0.0
24282,0,618271.9340531426,1063518.024565036,29509.739822413245,50000.0,4006.5649542002975,0.0
24283,0,617978.2630016673,1063746.1229942632,28968.601767312477,50000.0,4473.945529032355,0.0
24284,0,618214.6658393969,1064205.2827739178,28803.861261491787,50000.0,4857.854610155922,0.0
24285,0,617880.9994098692,1064139.1603173707,28492.168574938103,50000.0,5007.329493902481,0.0
24286,0,617733.1753948057,1063670.7678462064,28766.83045825457,50000.0,4563.307012176192,0.0
24287,0,617495.6924233674,1063983.6406355556,28208.133566123026,50000.0,5112.687335334805,0.0
24288,0,617469.5698391537,1063443.7815800826,28689.13163100012,50000.0,4502.737230862178,0.0
24289,0,617196.5172714647,1063815.7438998546,28034.018494700063,50000.0,5158.468253529048,0.0
24290,0,617136.0873632045,1063220.1488239435,28533.77161070727,50000.0,4523.379982923789,0.0
24291,0,616717.5243472878,1063450.6322550725,27851.945741577423,50000.0,5157.510858372315,0.0
24342,0,165198.38776435188,770068.6701912222,519497.17048370367,50000.0,14072.27129058305,0.0
24343,0,165064.25029596986,770334.0938467247,519319.93081524415,50000.0,14063.509336875812,0.0
24344,0,165332.47437943847,770199.0729374846,519138.42237075337,50000.0,14342.052055027249,0.0
24345,0,165311.64774535794,770369.2667817648,518936.8467443323,50000.0,14428.238018873919,0.0
24346,0,165651.10347314016,769900.4981343896,519109.9172822031,50000.0,14582.611502130865,0.0
24347,0,165674.76187968525,770064.1181993294,518856.75807432475,50000.0,14722.26443241411,0.0
24348,0,165690.1723961367,770223.7400047495,518620.77896578354,50000.0,14850.62518804823,0.0
24349,0,166057.51744584655,769832.4391021674,518651.31348497164,50000.0,15094.010224272135,0.0
24350,0,166082.4888321209,769979.0430855275,518420.12744979607,50000.0,15224.953403272239,0.0
24351,0,166098.0680670328,770139.4071850842,518183.66817443963,50000.0,15354.4977717572,0.0
24382,0,189398.74320439913,710699.170171701,601464.5507681948,50000.0,26561.47077406392,0.0
24383,0,189623.94891441462,710524.1292467454,601248.7318961382,50000.0,26526.023922943714,0.0
24384,0,190945.16079502364,709164.0430423213,601793.0489061123,50000.0,27681.6043131043,0.0
24385,0,190676.64180865983,709445.2999423632,601655.6383185632,50000.0,27425.94043704976,0.0
24386,0,190317.8853862187,709815.3864959293,601503.4552556743,50000.0,27108.054491548046,0.0
24387,0,190674.40150140674,709490.1455431419,601424.2742149971,50000.0,27257.115386900143,0.0
24388,0,190052.48254140417,710119.0399451765,601229.9253064406,50000.0,26755.583210893637,0.0
24389,0,189873.27011359006,710254.1751497663,601423.0790697,50000.0,26795.67002764515,0.0
24390,0,191072.85225686536,709080.6258980895,601584.9139180799,50000.0,27606.823145796763,0.0
24391,0,191128.4998913294,709073.8849675402,601335.6484879194,50000.0,27461.895257872897,0.0
24402,0,246499.2039970096,1030260.384227635,396441.3078269901,50000.0,47761.60245970356,0.0
24443,0,266740.7386157046,1151088.3025486392,567445.8547588574,50000.0,56733.07510242806,0.0
24444,0,267163.2265098754,1151568.5719143145,567758.890012744,50000.0,57159.14010915098,0.0
24445,0,267447.2487069409,1151668.9597985155,567165.4005917049,50000.0,57436.31388107535,0.0
24446,0,267286.4321278251,1151586.3493037554,567407.8879720529,50000.0,57277.68644068804,0.0
24447,0,266991.43040363304,1151269.0247528527,567254.8318268732,50000.0,56981.55288157644,0.0
24448,0,268165.5976308406,1152284.8922166293,566973.7279251667,50000.0,58153.38806418771,0.0
24449,0,268483.3649662485,1152594.3496025642,567022.2624784434,50000.0,58471.197521235925,0.0
24450,0,268266.40843261295,1152474.7262593973,567319.1272403568,50000.0,58255.918510535026,0.0
24451,0,268623.6656935638,1152863.0772664633,567519.8755365992,50000.0,58614.53925022409,0.0
24452,0,268574.30249980546,1152902.5798197356,567829.1587372598,50000.0,58568.85795528619,0.0
24943,0,609111.7523265177,1178376.7309425918,125185.30814060874,50000.0,26543.58160362621,0.0
24944,0,609272.5297345853,1178517.4440388544,125257.49370442572,50000.0,26494.21690117937,0.0
24945,0,609401.335295578,1178604.0247746592,125281.03410302417,50000.0,26425.92669227036,0.0
24946,0,609128.1614976858,1178551.772829269,125404.19389981485,50000.0,26718.45659103319,0.0
24947,0,609253.7164668738,1178653.9587211,125450.41268621653,50000.0,26671.80779872916,0.0
24948,0,609388.6753803266,1178758.8721400532,125493.72897158642,50000.0,26616.696073017538,0.0
24949,0,609508.7226427019,1178846.023639061,125524.2435550934,50000.0,26561.17922834921,0.0
24950,0,609509.9711301642,1178693.9463462515,125323.21805778213,50000.0,26387.737901312645,0.0
24951,0,609635.2790558906,1178787.457750649,125358.54034871611,50000.0,26332.64596503274,0.0
24952,0,609524.3759836652,1178551.0758147142,125125.13164885812,50000.0,26208.26577548989,0.0
25021,0,603998.0626943636,1144482.9398550217,84826.83061540948,50000.0,27386.709008980062,0.0
25022,0,604192.6930019183,1144650.751223489,84906.57018253316,50000.0,27205.77449733948,0.0
25023,0,604238.0837709396,1144532.7357921016,84724.76699363314,50000.0,27304.361877504612,0.0
25024,0,604437.2057950235,1144707.5726485727,84810.89881493019,50000.0,27117.350191197766,0.0
25025,0,604474.1585866818,1144571.0229941243,84611.42833315126,50000.0,27235.54221569632,0.0
25026,0,604678.4007788432,1144744.43858314,84692.76891837205,50000.0,27050.089109494667,0.0
25027,0,604703.1165076523,1144588.8159384525,84477.50651727809,50000.0,27189.067293987697,0.0
25028,0,604906.5282810383,1144743.472445999,84536.02615471184,50000.0,27022.06890516153,0.0
25029,0,604902.8550834564,1144585.4157316561,84337.10280495306,50000.0,27168.376273098438,0.0
25030,0,605150.3395868711,1144764.20002136,84396.97431344439,50000.0,26975.447824057966,0.0
25032,0,188127.3803000373,785444.4951654434,474993.75333353307,50000.0,14539.094870592902,0.0
25033,0,187717.36088331018,785605.8927010922,475273.29710193194,50000.0,14136.93609628285,0.0
25034,0,187872.03235948173,785266.7432097265,475438.2087393044,50000.0,14323.985538573726,0.0
25035,0,187519.97655989949,785349.5832446332,475732.75337507424,50000.0,13989.387593029636,0.0
25036,0,187653.3821242045,785014.8197263929,475916.8575387017,50000.0,14164.756276446915,0.0
25037,0,187273.92421879907,785695.3691021537,475658.70296195464,50000.0,13713.978461183178,0.0
25038,0,187168.2452358722,785427.734923564,476031.86990287004,50000.0,13657.72348265091,0.0
25039,0,188229.08034541103,785004.5516767796,475313.22697039036,50000.0,14689.149700050597,0.0
25040,0,187385.31638987217,785931.6737446379,475310.7587132813,50000.0,13789.19837315856,0.0
25041,0,186947.780096464,786083.9307476145,475629.1477845263,50000.0,13362.120609742722,0.0
25042,0,534593.1879272726,829222.326670568,246448.66019269763,50000.0,37408.96961202094,0.0
25043,0,534311.0314438654,829149.1536351539,246485.03968106856,50000.0,37568.79943161023,0.0
25044,0,533736.5392435018,829149.9668122584,246408.1688234452,50000.0,37768.43071334224,0.0
25045,0,534172.8894910216,829640.3542085403,245967.3638704866,50000.0,37186.68900651706,0.0
25046,0,534456.9057641195,830036.4627106343,245602.67950522105,50000.0,36741.34689972776,0.0
25047,0,534164.0383840956,829968.3266204637,245632.82952953744,50000.0,36904.1428947608,0.0
25048,0,534555.097674251,829629.0647627474,246030.05304931768,50000.0,37064.07524458356,0.0
25049,0,533962.5719169957,828563.3774262195,247033.93647050468,50000.0,38202.35162161667,0.0
25050,0,533813.5437694456,829763.0928392593,245795.2002274223,50000.0,37208.29509362784,0.0
25071,0,601962.8090434104,1183233.118993496,136916.11028246878,50000.0,41275.426220885245,0.0
25072,0,601924.4566696988,1183319.471128566,137061.22943181964,50000.0,41424.82942885328,0.0
25073,0,601880.2440253464,1183417.2462406873,137226.1954561747,50000.0,41595.10298227706,0.0
25074,0,602027.4318140704,1183618.4737586484,137381.40502342666,50000.0,41639.87905574225,0.0
25075,0,602067.851257352,1183762.8151177024,137543.20008607017,50000.0,41756.19978789317,0.0
25076,0,602052.151403209,1183869.0881693661,137697.50199490838,50000.0,41900.379784754776,0.0
25077,0,601892.9143650639,1183829.016002523,137767.17515600251,50000.0,42057.934858279805,0.0
25078,0,601766.8516038674,1183715.2124197795,137712.63784904778,50000.0,42087.19530126278,0.0
25079,0,601797.3528755935,1183592.6457857932,137525.0129404764,50000.0,41905.40507455912,0.0
25080,0,601864.133955601,1183524.2116152481,137381.72712439357,50000.0,41740.03217065237,0.0
25106,0,539000.3917516817,900119.3904935688,174489.06120274917,50000.0,36356.59246587287,0.0
25107,0,539088.3649247702,900439.442912346,174169.52728654293,50000.0,36092.97683907533,0.0
25108,0,539446.6330274497,900620.597800948,174019.0586005021,50000.0,36137.87601066179,0.0
25109,0,539500.430999832,900192.772729841,174463.31243556208,50000.0,36595.52991194404,0.0
25110,0,539838.3044982001,899971.3661721722,174725.06122676804,50000.0,37027.99940763973,0.0
25111,0,539558.4907578221,899762.9238189999,174910.2079857284,50000.0,37057.93607191403,0.0
25112,0,539273.6224225219,899814.7766457153,174828.29205291986,50000.0,36828.71455893206,0.0
25113,0,539346.4540010567,899487.7292496726,175171.03684702227,50000.0,37198.78601591593,0.0
25114,0,539661.7017046364,899408.0934338396,175284.91281051244,50000.0,37474.260390193434,0.0
25115,0,539937.944006985,899635.3302305832,175080.42240743877,50000.0,37423.29858496441,0.0
25116,0,551534.3501719332,1016397.4753354908,62010.054191861294,50000.0,8728.22871413914,0.0
25117,0,551910.7715155613,1016498.0683948573,61775.563535427085,50000.0,9114.284684939332,0.0
25118,0,552688.9866644595,1016811.0262848207,61218.99264566943,50000.0,9891.212807883974,0.0
25119,0,552950.5425552537,1017289.9469236899,60759.201787417725,50000.0,10088.411639905009,0.0
25120,0,552729.9865945879,1017560.3551143934,60656.19928244068,50000.0,9821.765164879276,0.0
25121,0,552494.0286274428,1017608.5394708491,60723.15974402101,50000.0,9571.414289334376,0.0
25122,0,552985.9490321103,1016800.0506465521,61104.06202387777,50000.0,10214.152716881641,0.0
25123,0,549013.2573318663,1017060.8925187512,62711.54575197925,50000.0,6084.308128975722,0.0
25333,0,617175.1474929517,1175894.8350968226,116612.9160194841,50000.0,13451.398460411561,0.0
25334,0,616755.716337981,1177006.4351020535,118311.07830620947,50000.0,15268.910422413044,0.0
25335,0,616973.3608585892,1176971.4072959763,118129.99726962516,50000.0,14957.400289860472,0.0
25336,0,617043.036548354,1176686.884253887,117718.53849147189,50000.0,14536.281452245892,0.0
25337,0,617245.5484599951,1177364.7536139323,118469.87011216585,50000.0,15088.306409965993,0.0
25338,0,617626.8082707395,1177632.145835881,118579.76681619663,50000.0,14943.44835460063,0.0
25339,0,617848.5545782575,1178010.2184533163,118931.9832647484,50000.0,15134.285685612569,0.0
25340,0,617553.32896963,1177990.416380322,119088.76920564868,50000.0,15466.888992403932,0.0
25341,0,617152.2310654107,1177435.7063197077,118619.68883958485,50000.0,15287.75731976729,0.0
25496,0,586884.1760684284,1109047.0096646682,53972.643481483145,50000.0,30727.893992331952,0.0
25497,0,587259.2233105617,1109175.7188891352,53782.13498822225,50000.0,31116.238581577712,0.0
25498,0,587007.635440444,1108774.1708594356,53528.747644757124,50000.0,31020.76405665878,0.0
25499,0,587087.6594260414,1108497.424665144,53120.4700560316,50000.0,31266.1373470629,0.0
25500,0,587384.6949705103,1108576.5417290449,52941.8618033112,50000.0,31584.96185708767,0.0
25501,0,587357.1581765441,1108858.443301942,53308.10291416861,50000.0,31400.923672280584,0.0
25502,0,587561.1505731695,1109202.8080758012,53537.55397956273,50000.0,31468.45240721073,0.0
25503,0,587929.4512603454,1109185.8683061907,53180.16230065831,50000.0,31924.136560389587,0.0
25504,0,587759.3219104764,1108860.4287133561,52941.28828998183,50000.0,31888.67607679785,0.0
25631,0,169685.93924639333,1035335.5465008713,513356.05269077665,50000.0,30681.258951256357,0.0
25632,0,169293.97112326225,1034950.2498205785,513415.4244529507,50000.0,30458.406983177516,0.0
25633,0,170181.45360340082,1036129.5669837377,513803.27028390765,50000.0,30600.152532548695,0.0
25634,0,170081.06485458097,1036212.9468390581,514128.8851901442,50000.0,30323.091012254692,0.0
25635,0,169593.72891452195,1035729.4039170081,514192.80427020043,50000.0,30039.491099885294,0.0
25636,0,169133.7577471933,1035247.2864321118,514209.9335679496,50000.0,29808.567831950208,0.0
25637,0,169765.18366393473,1035743.5886082519,513904.3477390475,50000.0,30326.489403601994,0.0
25638,0,169870.06656034966,1035682.6711655707,513609.89441357204,50000.0,30585.94270917568,0.0
25639,0,169460.5421677499,1035303.9818090113,513711.68546763406,50000.0,30319.983513881867,0.0
25658,0,463140.19585906935,936682.5943919166,161591.06771269895,50000.0,65261.14158326037,0.0
25659,0,463028.8536595392,936474.9232885032,161788.39398444633,50000.0,65282.11759402702,0.0
25660,0,462979.22378319036,936739.860097801,161651.21584954,50000.0,65062.4472914081,0.0
25661,0,463248.08220398554,936556.4313514875,161606.29451765196,50000.0,65450.448128954435,0.0
25662,0,463414.13316744356,936498.5131959349,161544.08593015038,50000.0,65654.63978822184,0.0
25663,0,462805.261943497,936719.7352873324,161767.99175893335,50000.0,64900.22522695426,0.0
25664,0,462900.7810766114,936932.8747848128,161576.99002558657,50000.0,64860.10630223533,0.0
25665,0,463641.0372696012,936498.4587973009,161409.3913837979,50000.0,65883.12703153677,0.0
25666,0,463748.0653174587,936409.3028823683,161402.5158731808,50000.0,66047.8416316546,0.0
25667,0,314216.29317171976,964989.3952731518,287651.53403072397,50000.0,21544.550968395662,0.0
25668,0,314629.5628655303,964932.5855101383,287213.99204590113,50000.0,21266.547523692723,0.0
25669,0,314808.02124001965,964889.3591921792,287022.70965202624,50000.0,21128.58868397517,0.0
25670,0,314970.9165159768,964792.9835698087,286840.8657442759,50000.0,20942.903993031916,0.0
25671,0,314989.51658125076,965285.0649488972,286885.4842920153,50000.0,21459.78267354368,0.0
25672,0,314784.5197919695,965285.7408463565,287099.0248434147,50000.0,21564.14229767433,0.0
25673,0,314379.24172499124,965263.2741967564,287518.10057207826,50000.0,21750.06721902683,0.0
25674,0,314428.116554978,964972.3069985969,287428.81237833196,50000.0,21414.06294133798,0.0
25675,0,315383.1271888944,965297.9473932625,286477.4019143615,50000.0,21279.4764574421,0.0
25676,0,347882.51219784806,712775.2949628455,410575.48173015984,50000.0,13389.20491244361,0.0
25677,0,347699.30852867255,712636.2373815842,410833.3681091413,50000.0,13544.813301317647,0.0
25678,0,347416.6581716073,712719.6694635754,410922.5369879043,50000.0,13485.262184028647,0.0
25679,0,346609.0313556857,712867.7231996596,411272.5785801599,50000.0,13442.120727215122,0.0
25680,0,346148.9661861792,714883.6986921127,409473.64202080946,50000.0,11407.666960853097,0.0
25681,0,346278.4119707066,715189.9049601906,409076.66597035713,50000.0,11066.08337623362,0.0
25682,0,346555.7469703536,715609.1837647022,408471.2706794247,50000.0,10592.966916619094,0.0
25683,0,346806.9201722901,715247.9739310909,408687.2239686079,50000.0,10939.197731907749,0.0
25684,0,347021.1692974928,715465.782531449,408329.3933561607,50000.0,10697.868077174373,0.0
25685,0,184465.91666230417,715002.5374054202,603896.6744771242,50000.0,22943.832392491007,0.0
25686,0,185127.20349640012,714177.3481089602,605107.4351519009,50000.0,23875.720318679985,0.0
25687,0,184665.11353589152,714640.8201392868,604982.8003775305,50000.0,23419.869226144634,0.0
25688,0,184113.5445221985,715239.5993009015,604539.595108367,50000.0,22791.50275914572,0.0
25689,0,185104.54651322617,714253.7657587142,604753.2415564725,50000.0,23756.5591245926,0.0
25690,0,185251.52164279265,714163.6837482273,604426.7631849592,50000.0,23805.16206712654,0.0
25691,0,184637.18605681846,714740.8816836614,604509.9455318606,50000.0,23262.15723791677,0.0
25692,0,184842.7746434023,714594.3175367613,604186.7079486357,50000.0,23366.08376944945,0.0
25693,0,184280.02522532805,715130.3492442964,604215.6332957925,50000.0,22855.07240012268,0.0
25703,0,196541.2711801409,1005580.7624937788,438882.1761079677,50000.0,11587.771840517293,0.0
25704,0,196095.30700010367,1005249.8354345415,439170.76307530695,50000.0,11398.118402659094,0.0
25705,0,195921.33193966132,1005261.5759191269,439401.2677925597,50000.0,11501.821707401426,0.0
25706,0,196528.40354461377,1005883.1638706141,439152.530329139,50000.0,11320.483682864562,0.0
25707,0,196112.8759318233,1005615.8458485064,439455.4617658327,50000.0,11556.314160001837,0.0
25708,0,195757.49458885708,1005308.0718934482,439648.16823196784,50000.0,11646.746594932034,0.0
25709,0,196318.58215896258,1005321.3629621525,438947.46195099305,50000.0,11376.219406646245,0.0
25710,0,195947.90432775373,1004897.1494885818,439063.1243042468,50000.0,11039.312040614961,0.0
25711,0,196297.2082461655,1005632.2226575885,439235.13769360486,50000.0,11559.898080151776,0.0
25712,0,188610.79736183304,785554.5003262606,474373.7915014481,50000.0,14987.374352090193,0.0
25713,0,188625.35866503208,785242.5532972639,474660.51761949173,50000.0,15029.028152925432,0.0
25714,0,189102.07364389222,784833.3113873547,474551.6740788181,50000.0,15521.03924968401,0.0
25715,0,188814.71897069126,784801.2957135114,474888.07985118096,50000.0,15257.017088675671,0.0
25716,0,189339.4549895916,784918.5210854654,474217.08770960337,50000.0,15736.134024625551,0.0
25717,0,189280.31049455027,784378.8789582786,474804.713472086,50000.0,15743.665158403186,0.0
25718,0,189182.47719342457,784175.4045121955,475107.3996662255,50000.0,15684.776192597947,0.0
25719,0,188719.66787542647,784481.1246814491,475301.3504182739,50000.0,15216.093380977134,0.0
25720,0,232657.47613423067,796762.6108441317,421752.0032289673,50000.0,16192.761317997889,0.0
25721,0,232370.32423017928,796741.5751714525,422029.47901706747,50000.0,16391.651763322927,0.0
25722,0,232802.6377723578,796885.4376673723,421522.7226248678,50000.0,15980.452166610388,0.0
25723,0,232634.98914539543,796968.2861377517,421609.1165355688,50000.0,15999.672829020426,0.0
25724,0,232348.2387518531,796954.1634191903,421880.68158105423,50000.0,16192.559747983458,0.0
25725,0,232267.20613278434,797172.5614372748,421781.0619865958,50000.0,16025.761481734564,0.0
25726,0,232811.65477221372,796698.3355665428,421663.14391368465,50000.0,16163.791976877057,0.0
25727,0,232512.55020828536,796742.162554672,421899.83468111797,50000.0,16302.567505146562,0.0
25728,0,232478.20135656907,797024.8924528289,421706.5404559704,50000.0,16040.211486737415,0.0
25729,0,162120.4144705843,806389.5267409768,483465.395743963,50000.0,13655.761191949405,0.0
25730,0,162348.0545197736,806056.5103313288,483513.3206081727,50000.0,13326.162847397178,0.0
25731,0,162461.1882137257,806179.9562170233,483282.35465100576,50000.0,13346.6000413233,0.0
25732,0,162687.43140504172,806177.0861215073,483040.95066859,50000.0,13232.08998154197,0.0
25733,0,163200.47145883,805717.5013344535,482893.0834180384,50000.0,12676.647783157501,0.0
25734,0,162987.34977877547,806019.1199715221,482856.8436879371,50000.0,12981.628129353734,0.0
25735,0,162887.6637692066,805548.3816963187,483380.05665202404,50000.0,12723.108211230494,0.0
25736,0,163036.36994903052,805640.2274159971,483138.288654159,50000.0,12706.139846387086,0.0
25737,0,162746.96238086486,805867.7851602815,483249.44093645853,50000.0,12999.79415629924,0.0
25738,0,749173.0560134017,1003532.119535819,366305.5652687935,50000.0,10122.524521080211,0.0
25739,0,748855.9887987111,1003214.7145535024,366330.6563058495,50000.0,9850.063124997845,0.0
25740,0,748531.4704715915,1002889.2780339955,366352.47220580745,50000.0,9576.089231712367,0.0
25741,0,748543.315904662,1002842.8198731988,365928.86228836485,50000.0,9795.156643462342,0.0
25742,0,748190.1779300316,1002523.5934721957,366205.9849076192,50000.0,9376.976762458913,0.0
25743,0,747985.8047079471,1002272.0269906961,365882.71288039046,50000.0,9390.809326696031,0.0
25744,0,747957.171930441,1002187.2736957289,365479.5373875745,50000.0,9596.8729669779,0.0
25745,0,748308.6828622083,1002569.2414496193,365667.9091530949,50000.0,9752.174544175412,0.0
25746,0,747476.6362033868,1001822.7225303669,366362.1774928588,50000.0,8744.32637225898,0.0
25747,0,613674.5747563078,1203381.1026170435,155248.42818942567,50000.0,53138.4294929237,0.0
25748,0,614068.6013023471,1203529.731533801,155165.8163304405,50000.0,52912.14653704006,0.0
25749,0,613534.8347055758,1202866.2469729974,154654.96677593509,50000.0,52590.290998395365,0.0
25750,0,613165.5079060431,1202665.6082046577,154650.68310165557,50000.0,52722.6410438923,0.0
25751,0,613291.4000851654,1202998.104839131,155008.11831124802,50000.0,53036.3386121627,0.0
25752,0,613016.322726125,1203004.516527129,155215.56895978225,50000.0,53347.28086370023,0.0
25753,0,343071.26851460914,837191.9377085204,304228.54699792486,50000.0,5613.368523668325,0.0
25754,0,342942.7632759508,837506.3128740387,304102.0820313023,50000.0,5955.091897718965,0.0
25755,0,342732.9818403541,837459.3519942417,304283.09369484487,50000.0,6009.4854205035645,0.0
25756,0,342703.78232397954,836939.8164102043,304663.0655426168,50000.0,5567.344014286385,0.0
25757,0,342811.12427478307,836990.8500285336,304551.77493268356,50000.0,5557.3766921871575,0.0
25758,0,342908.9145395641,837062.8284563886,304432.75585684995,50000.0,5573.057790860266,0.0
25759,0,342976.43974571076,837134.1911638855,304335.5868173153,50000.0,5604.7458513615975,0.0
25760,0,343191.24467429146,837219.7512222367,304124.46542973386,50000.0,5586.011431075663,0.0
25761,0,342726.6451347151,837182.421630587,304478.9779531197,50000.0,5767.571244725943,0.0
25771,0,743716.7319799983,996800.1138291181,357758.5725150785,50000.0,14494.030915703295,0.0
25772,0,743945.074924165,996987.7841332562,357446.98608492245,50000.0,14818.459310334509,0.0
25773,0,744547.7299484484,997609.4124208523,357510.48302945454,50000.0,14822.180390369907,0.0
25774,0,744331.5233890977,997430.0190983776,357793.5587515921,50000.0,14520.543235758476,0.0
25775,0,744121.7317193644,997254.9531434736,358061.37523310405,50000.0,14235.742436946835,0.0
25776,0,743856.7968836062,997028.8751503287,358364.6657502999,50000.0,13912.077944270546,0.0
25777,0,744306.3999971745,997499.1011151016,358458.2172581169,50000.0,13873.559932846316,0.0
25778,0,744559.5380130023,997720.7615734288,358208.20959450694,50000.0,14150.477332157838,0.0
25779,0,744791.984700004,997919.9958954299,357948.4749959709,50000.0,14435.6307476629,0.0
25798,0,613290.7865885324,931418.1878273502,168013.50613651902,50000.0,404.2052626922966,0.0
25799,0,613261.1587801168,931778.469097837,167614.27298871698,50000.0,660.5526180366852,0.0
25800,0,613517.52805154,931170.2856804205,168414.8902806526,50000.0,627.472351221417,0.0
25801,0,613650.9817462757,931641.9814830325,167998.3724895591,50000.0,773.6567912627993,0.0
25802,0,613600.4369418969,931996.986779158,167591.8535252123,50000.0,948.8234773591564,0.0
25803,0,613452.4745511201,932676.4711008397,166781.8962667808,50000.0,1552.7099636052392,0.0
25804,0,613583.3405862058,932378.0816440714,167178.24610495626,50000.0,1268.504956075653,0.0
25805,0,613202.7152403388,932161.159421883,167173.52596073243,50000.0,1043.3072319877965,0.0
25806,0,613162.1908691521,932507.9234356034,166781.68012899254,50000.0,1417.2355580732797,0.0
25816,0,229455.72780188796,726151.8687436322,497079.5141406936,50000.0,16759.309519350754,0.0
25817,0,228526.89898580633,726937.2821923804,497126.10302911827,50000.0,17602.72894804869,0.0
25818,0,228930.26445981846,726449.5619942443,497297.70928417053,50000.0,17286.9715368112,0.0
25819,0,229313.87747171923,726797.5623042204,496399.2076286751,50000.0,16713.14497757926,0.0
25820,0,229181.46957827368,726443.8324129753,497014.35912934545,50000.0,16985.940441723524,0.0
25821,0,229437.3678170596,726404.640904105,496769.8618381026,50000.0,16692.247475032054,0.0
25822,0,228890.1977182849,726767.252541339,496928.0446786473,50000.0,17225.185839156886,0.0
25823,0,228995.2374005505,726958.9132654346,496556.26330762677,50000.0,17040.04312952587,0.0
25824,0,229302.0851224315,726076.0963494673,497356.7562315307,50000.0,16974.514638682547,0.0
25955,0,183798.7733504881,779361.3229528514,485841.672192397,50000.0,15042.770499513485,0.0
25956,0,183817.8235686915,778944.3203593948,486259.5809948052,50000.0,15415.617951589911,0.0
25957,0,184216.67823528324,778569.7090702627,486209.90146987146,50000.0,15818.061877384713,0.0
25958,0,184479.79332158892,778677.5295088321,485802.611387186,50000.0,15775.278961111275,0.0
25959,0,184444.46746664037,779095.9618873016,485401.6705557803,50000.0,15409.853458093432,0.0
25960,0,184786.3362049228,778650.5993717519,485489.62423361494,50000.0,15867.174793793485,0.0
25961,0,184879.46720421026,778297.007654541,485758.74188356247,50000.0,16188.96532335354,0.0
25962,0,184633.03770102788,778170.4265838194,486167.4399757535,50000.0,16247.265289147192,0.0
25963,0,185040.82921476124,777783.9501972813,486121.6906480374,50000.0,16665.235690140562,0.0
25964,0,663312.345509539,1035183.7086683041,105206.13779158222,50000.0,14413.148454652579,0.0
25965,0,663876.4625338105,1035750.284096422,105325.46631251383,50000.0,14784.16610709513,0.0
25966,0,663613.5479790994,1035800.2602556614,104991.08481231592,50000.0,14973.123707411172,0.0
25967,0,663725.4501801444,1035384.1827951707,105483.21177695156,50000.0,14434.418693619835,0.0
25968,0,663511.4997464801,1035549.6466028063,105100.64271184358,50000.0,14734.444035405868,0.0
25969,0,664088.7840791171,1035647.3372555245,105650.9014053769,50000.0,14563.121374906594,0.0
25970,0,664487.4573858945,1035542.3607811794,106183.84413764009,50000.0,14260.453285863829,0.0
25971,0,663266.3125085743,1035450.5363742915,104918.40442716662,50000.0,14747.441560655145,0.0
25972,0,664242.4588483494,1035436.14715254,106007.34443805677,50000.0,14247.823428256217,0.0
25980,0,572855.7441403735,1105322.3812525477,63613.04629360169,50000.0,15682.088033564627,0.0
25981,0,572462.4695620916,1105021.2689239883,63688.87281109482,50000.0,15380.633037545038,0.0
25982,0,572292.3732872712,1105189.232017852,64059.48700086983,50000.0,15071.21034856641,0.0
25983,0,572175.0461238708,1104473.5256275584,63376.38236001275,50000.0,15370.850776494539,0.0
25984,0,571797.7714386467,1104317.2966502102,63603.15922589688,50000.0,15008.299700546726,0.0
25985,0,573026.7387440302,1105112.4466909468,63194.00090649305,50000.0,16017.11639285235,0.0
25986,0,572594.666301542,1104781.131999408,63277.01825842671,50000.0,15691.047458198553,0.0
25987,0,572064.738066031,1104866.934812956,63937.39787056144,50000.0,14987.236141043437,0.0
25988,0,571720.0569813426,1104532.8132130303,63928.484046100595,50000.0,14773.48505852212,0.0
25989,0,661048.6499289607,888811.5753016203,266205.61642278946,50000.0,10361.381990272585,0.0
25990,0,661231.7287611394,889059.1383172546,266270.18405675306,50000.0,9989.977676529947,0.0
25991,0,661233.0877134106,889175.1986288785,266614.11504290963,50000.0,9523.28945482402,0.0
25992,0,660284.8166701195,888315.3258053198,267544.6990357733,50000.0,9795.135642112862,0.0
25993,0,660055.7671551352,888182.3828915601,267994.5791587044,50000.0,9601.165146984285,0.0
25994,0,659843.0212690774,887873.037124856,267853.11810224137,50000.0,10105.88747308303,0.0
25995,0,661698.0191431987,889237.3688734829,265080.9067826028,50000.0,10945.261643669792,0.0
25996,0,661992.5886358238,889504.7398022627,264792.168152588,50000.0,10917.607280957183,0.0
25997,0,662064.351114434,889671.5094024035,265025.21882377536,50000.0,10470.67634476422,0.0
26482,0,581109.0397049856,1182691.4225503837,153856.73581947063,50000.0,44847.496684777354,0.0
26483,0,580911.4160921624,1181973.4162072265,153064.05945166474,50000.0,44090.220496370355,0.0
26484,0,581426.2649191644,1182811.6453232148,153730.12280978306,50000.0,44931.01059853252,0.0
26485,0,580644.9044635204,1182315.930624758,153772.34576807133,50000.0,44508.764374837985,0.0
26486,0,581331.0990773697,1182513.6313009313,153412.8187397109,50000.0,44619.24093387032,0.0
26487,0,581222.3061707168,1182204.6901423405,153093.33912608132,50000.0,44297.76960270311,0.0
26488,0,581058.8583838455,1182388.6063621507,153491.97606470002,50000.0,44522.794210412074,0.0
26489,0,580832.18246873,1182533.3454008028,153895.61114097983,50000.0,44717.86373300834,0.0
26506,0,580659.8215545326,981143.5757466849,97337.24200991524,50000.0,5578.560230459325,0.0
26507,0,580539.6340125375,981381.610363316,97033.70907319803,50000.0,5879.575689569615,0.0
26508,0,580272.7765278749,981429.6268344457,96888.9025131418,50000.0,6199.460574018135,0.0
26509,0,580251.4367612599,981710.1496394858,96573.25393471487,50000.0,6431.4531562241855,0.0
26510,0,580661.5051685632,981683.1153425362,96744.42122915607,50000.0,5978.733840346777,0.0
26511,0,580918.9628095719,980953.5832538829,97637.00553776902,50000.0,5165.858031024205,0.0
26512,0,574292.6583906419,975263.2053953583,101762.15745111812,50000.0,10655.122263952151,0.0
26545,0,706064.2998485974,940901.0421544013,265427.75433472137,50000.0,20586.227476678647,0.0
26546,0,706036.0144651878,940815.4836976962,265189.0334895037,50000.0,20883.217398832498,0.0
26547,0,706319.142739672,941111.1933697363,265107.44994015456,50000.0,20846.18629539687,0.0
26548,0,706441.2380364253,941287.8854446578,265289.45793968724,50000.0,20575.03116403902,0.0
26549,0,706952.4593159792,941673.6179539888,264488.7910742549,50000.0,21292.470575418527,0.0
26550,0,706686.3670614341,941436.2488489315,264744.0028421693,50000.0,21108.710286137317,0.0
26551,0,706677.6885535935,941373.9320355417,264511.7402626663,50000.0,21386.7919282442,0.0
26552,0,697304.2254652993,931171.0152965754,265678.2966136711,50000.0,26001.394743723966,0.0
26561,0,664227.305569312,929010.5064944582,208027.36946422464,50000.0,4909.184815559239,0.0
26562,0,660710.4571676649,925924.747099028,208129.31773617497,50000.0,7183.908460402741,0.0
26563,0,660772.9769714426,926273.9918859333,207837.60687886178,50000.0,7388.818029502777,0.0
26564,0,660515.8122596337,926066.77172616,207829.79511391604,50000.0,7107.47023632102,0.0
26565,0,660517.7633902945,926333.8818387723,207568.85848624745,50000.0,7241.045330123663,0.0
26566,0,660302.0207457928,926446.717179551,207280.64069545845,50000.0,7158.203766018195,0.0
26567,0,660218.0646682548,926188.8157380504,207465.31193929468,50000.0,6964.121361204843,0.0
26568,0,659988.9171441345,926117.2979990267,207347.69034254964,50000.0,6775.163727440943,0.0
26577,0,574050.9961597603,974570.1170018703,102446.70395057723,50000.0,10914.219215570696,0.0
26578,0,574315.9619910435,974935.8931730103,102124.09273378327,50000.0,10637.029842371305,0.0
26579,0,573977.4052099787,974878.4343114685,102091.64130540592,50000.0,10972.929656305203,0.0
26619,0,600283.8065834218,1194614.1245049848,153575.61619065455,50000.0,57248.22284949589,0.0
26620,0,600444.7384655775,1194507.4304179382,153301.586598996,50000.0,56943.39154362916,0.0
26621,0,600524.5035830342,1194306.877803384,152965.3930529751,50000.0,56590.0398625162,0.0
26622,0,600533.088196097,1194823.2905983517,153659.71842241616,50000.0,57234.95954028985,0.0
26623,0,620347.0848303341,976827.6268053425,124243.29865903693,50000.0,10129.949728556283,0.0
26624,0,620528.3476376489,977334.6243944142,123829.85770105597,50000.0,10634.777674074721,0.0
26625,0,620292.3096209592,977238.7942065186,123761.19722045357,50000.0,10533.352938013019,0.0
26626,0,620023.821113816,977046.7191158134,123773.07331841884,50000.0,10339.956773049928,0.0
26641,0,581073.0509551509,1181409.8889121204,152153.03009113937,50000.0,43454.77809414103,0.0
26642,0,581172.9036108084,1180962.9881938582,151457.01363769246,50000.0,42961.285590774176,0.0
26643,0,581237.3860419615,1180435.3294799733,150684.56204962166,50000.0,42391.11940545826,0.0
26644,0,580595.2369158383,1180221.1029785373,150981.81798793346,50000.0,42231.157862613305,0.0
26645,0,581120.4516727822,1181181.4272904259,151800.48464113317,50000.0,43202.23320176562,0.0
26646,0,580833.8639950163,1180830.1480967023,151587.06775073853,50000.0,42858.48527911143,0.0
26647,0,580836.0080235539,1180577.7635282695,151243.72636088153,50000.0,42586.38022238706,0.0
26648,0,580943.9130632387,1180427.8169595432,150942.32777061142,50000.0,42413.33857153243,0.0
26665,0,615289.819805874,1203978.6645862518,154900.33900618943,50000.0,52210.08821166055,0.0
27122,0,322703.08158932097,714541.1271045167,425529.8875533829,50000.0,11280.240538433141,0.0
27123,0,323074.94534195727,714166.1173446815,425660.68003222154,50000.0,11430.50245065559,0.0
27124,0,323054.07990401593,713875.6993391142,425982.7196826634,50000.0,11756.46204320585,0.0
27125,0,322657.47877815977,714239.9308325641,425880.81894058787,50000.0,11632.611426973383,0.0
27126,0,322731.37851770787,713865.432692603,426224.1803864762,50000.0,11982.451418637695,0.0
27127,0,323071.9622337867,713558.3465232181,426305.89217967767,50000.0,12086.690271725229,0.0
27128,0,323401.2180422835,713762.1673024885,425855.2137131497,50000.0,11655.96250506075,0.0
27129,0,322480.7857223709,713909.8859135066,426356.46402002266,50000.0,12106.644895023057,0.0
27130,0,464823.551767511,918349.7412114843,173217.76921439727,50000.0,64452.352619615616,0.0
27131,0,465007.6667390363,918517.3534676341,173003.4225866523,50000.0,64289.144747804436,0.0
27132,0,465176.5881154285,918591.8219118163,172865.0228940232,50000.0,64126.4356267883,0.0
27133,0,464749.27231464785,918682.5495135039,173010.82665628046,50000.0,64584.756291033154,0.0
27134,0,464979.3885496246,918359.3157977896,173133.4580206683,50000.0,64292.46762162529,0.0
27135,0,464890.3377316266,918731.3767683199,172904.82700656046,50000.0,64446.760419531834,0.0
27136,0,465036.00332907727,918675.3929206488,172873.43212236298,50000.0,64286.21033574021,0.0
27137,0,464859.07022251916,918591.9889728137,173022.49226724548,50000.0,64455.627075829936,0.0
27146,0,459416.853455909,932574.7807605152,166409.7073841665,50000.0,64301.7527389274,0.0
27147,0,459212.22186210833,932446.0423776257,166613.44141385675,50000.0,64191.320456813235,0.0
27148,0,459111.6374599795,932585.4021966772,166585.1917626256,50000.0,63996.596733867875,0.0
27149,0,458965.4497743202,932670.6485577205,166618.76506381328,50000.0,63794.918571559305,0.0
27150,0,459275.06355509977,932698.0919137986,166416.1542426017,50000.0,64078.045361757664,0.0
27151,0,459165.9310461823,932814.9617021688,166407.49131847845,50000.0,63890.67253161667,0.0
27152,0,459390.1332869604,932979.5489401026,166169.24871849333,50000.0,63996.26473776877,0.0
27153,0,459033.80585783365,932913.5437922042,166424.43379538372,50000.0,63693.477387670064,0.0
27162,0,215554.14877797468,744645.026956112,489613.96545863186,50000.0,30796.97442604023,0.0
27163,0,214723.6479858202,745425.0302922003,489605.84499259345,50000.0,30733.74184289031,0.0
27164,0,215393.4652597191,744529.6219169517,489935.9464763076,50000.0,31114.35712758084,0.0
27165,0,215709.16118698916,744808.3189762238,489240.90496653,50000.0,30426.835971034674,0.0
27166,0,215310.01252723852,744418.1108588525,490166.2418812478,50000.0,31343.86914727541,0.0
27167,0,215089.93272414245,744974.2888297904,489738.6781649131,50000.0,30890.672561413157,0.0
27168,0,214940.92445013922,744856.4946868254,490050.48847426614,50000.0,31199.42502390728,0.0
27169,0,215313.63960445844,745206.2954862692,489204.78385185223,50000.0,30360.063174004423,0.0
27170,0,187508.56805480647,759193.1761448457,504780.4688000531,50000.0,8950.504132250704,0.0
27171,0,187450.59473164682,758727.3752896764,505444.93963480555,50000.0,9258.379400391237,0.0
27172,0,187509.86731603846,759457.513522369,504444.137945037,50000.0,8780.273131622114,0.0
27173,0,187081.2390969476,759958.9675558567,504341.1821979559,50000.0,8268.281506375508,0.0
27174,0,187048.26612988205,759685.2887511741,504727.8273426476,50000.0,8429.84761587334,0.0
27175,0,186958.5878418345,759486.4797138819,505091.1477839483,50000.0,8533.042628537967,0.0
27176,0,186974.34470298424,759209.0417025324,505424.27544341725,50000.0,8743.094371677964,0.0
27177,0,187473.71427897114,758979.6572633372,505094.8855590581,50000.0,9083.30425916174,0.0
27194,0,230146.80296005934,726245.4949323089,496160.03646173363,50000.0,15899.004976693876,0.0
27195,0,230145.27689918462,726004.6267274296,496476.1506047635,50000.0,15980.248613468877,0.0
27196,0,229717.79223515233,726490.3113275935,496334.5411777283,50000.0,16330.35090007309,0.0
27197,0,229999.23566097548,725922.1770936849,496752.3323073716,50000.0,16185.247706959932,0.0
27198,0,230387.18431805685,726105.9720970381,496065.56578005705,50000.0,15658.13860798721,0.0
27199,0,229810.70900924728,726641.1707328635,496030.996422523,50000.0,16175.484327235366,0.0
27246,0,617787.1285178381,925281.2617733027,177276.0640174025,50000.0,4829.304306275252,0.0
27247,0,618000.3687276777,924726.659133179,177992.01772382585,50000.0,4710.949708668032,0.0
27248,0,618129.9610318493,925847.2724157895,176899.882920586,50000.0,4480.809008174763,0.0
27249,0,616473.2139962586,923922.6797331213,177876.10919269637,50000.0,6257.070904209339,0.0
27250,0,616801.0924583627,924466.9067935534,177509.98296197708,50000.0,5858.093844608889,0.0
27251,0,613133.3294200384,928751.5322272184,170735.02635320663,50000.0,2660.686916865756,0.0
27252,0,613345.1963973762,927913.1355529323,171749.1804005209,50000.0,3668.844552255179,0.0
27253,0,613074.3202019786,928399.5909973925,171070.64921733786,50000.0,3011.968196986206,0.0
27262,0,183707.9929235694,817711.8303956283,452333.4385212555,50000.0,11313.899749865486,0.0
27263,0,183988.38875184103,817283.9218334408,452365.5851216698,50000.0,11303.931467236416,0.0
27264,0,184024.12166147603,817624.4523167891,452084.9136099059,50000.0,11569.589033172026,0.0
27265,0,183673.5489414402,817405.4193798201,452588.188056293,50000.0,11068.324402299575,0.0
27266,0,184328.64956862337,817304.4079321269,452015.62286694336,50000.0,11661.97836053846,0.0
27267,0,184181.0913664658,816787.5642673288,452534.9459670137,50000.0,11177.970689775138,0.0
27268,0,184409.68376639436,816862.9152658941,452255.0113614308,50000.0,11459.985134673127,0.0
27269,0,183835.0176173348,816920.0736624607,452780.1040016344,50000.0,10908.875511851866,0.0
27285,0,235054.01060189036,746631.0175934277,466597.1358989663,50000.0,10679.519135198689,0.0
27286,0,236110.22205311133,746251.1918586039,465953.9398140678,50000.0,9778.911248340904,0.0
27287,0,236356.64753628647,746613.5326299594,465311.05305749684,50000.0,9802.716001703187,0.0
27288,0,234805.78387290993,746307.4143954588,467202.5053299276,50000.0,10749.252908752078,0.0
27289,0,236230.9495681214,746427.587208316,465639.9682575326,50000.0,9784.64953320838,0.0
27290,0,235777.99847781417,745757.094654947,466829.85984338657,50000.0,9813.20964487574,0.0
27291,0,235895.35931813557,745934.5162190347,466516.86431836,50000.0,9793.09497982953,0.0
27292,0,234931.89757840277,746472.751716314,466893.7115527117,50000.0,10709.83543538259,0.0
27334,0,258318.28737481957,993603.073140291,357430.71759496373,50000.0,57972.8278420788,0.0
27335,0,258573.24536564812,993984.8968275589,357329.3825596206,50000.0,57966.41958602914,0.0
27336,0,258720.74979046793,994091.5687107831,357214.16762997577,50000.0,57879.66983512009,0.0
27337,0,258260.92653389147,993704.7897117398,357546.5166736314,50000.0,58111.35560540514,0.0
27338,0,258640.81344528263,993879.2999772314,357199.82464419765,50000.0,57813.07275001409,0.0
27339,0,258421.1154675026,993844.1435617523,357432.9709185215,50000.0,58033.636074352566,0.0
27340,0,258488.0970808196,993715.4497292808,357292.739713036,50000.0,57864.33854431745,0.0
27341,0,258831.54423211512,994122.959484153,357103.36739339755,50000.0,57778.672130637446,0.0
27366,0,382947.36897347675,880839.9834001167,248020.15001818055,50000.0,15334.733650909464,0.0
27367,0,383243.2730320123,880691.3024094497,247902.89247245892,50000.0,15533.086155953682,0.0
27368,0,383256.88102772896,881027.9724031552,247689.96253717007,50000.0,15193.644211932704,0.0
27369,0,383562.4461064285,880931.6851967134,247534.37627885983,50000.0,15346.741949252955,0.0
27370,0,383591.02690470207,881314.2487403784,247283.3521318544,50000.0,14963.88268039723,0.0
27371,0,383186.7048465734,881384.0748287664,247524.58275777297,50000.0,14820.285392467584,0.0
27372,0,383440.9603941946,881644.2513695065,247189.80341488397,50000.0,14600.514691946575,0.0
27373,0,382851.83741921175,881108.5814669678,247925.24826009624,50000.0,15048.135458269111,0.0
27382,0,307206.806770444,702087.8229673469,450822.28347343276,50000.0,37645.31692331378,0.0
27383,0,307074.8868070637,702239.1500976852,450757.16431842337,50000.0,37616.57998799802,0.0
27384,0,307025.59946280374,702401.7163893522,450613.1843716483,50000.0,37496.28411081462,0.0
27385,0,307173.7641525907,702412.0259706732,450482.8298419045,50000.0,37341.197603291024,0.0
27386,0,307311.26019821357,702168.5103994998,450647.4934651175,50000.0,37460.0599560586,0.0
27387,0,307422.6037791417,702219.2271858647,450501.12112009665,50000.0,37299.38697366124,0.0
27388,0,307518.454018496,701999.8353240667,450672.02592746203,50000.0,37434.867608617555,0.0
27389,0,307279.16568432975,702468.7258676894,450334.4956065408,50000.0,37179.93346129621,0.0
27398,0,253693.93570056374,687858.0769116168,522380.6071407429,50000.0,6016.956187045832,0.0
27399,0,252916.00851274657,688113.1357727924,522986.8284021926,50000.0,6582.736862931457,0.0
27400,0,253380.03669408683,687599.177622465,523190.19883169956,50000.0,6071.945115618355,0.0
27401,0,253440.93168060677,687832.879716951,522746.0477012821,50000.0,6135.658572342205,0.0
27402,0,253820.3624855877,687354.7924130938,523002.9598714025,50000.0,5686.447729051649,0.0
27403,0,253978.16128286513,687438.4826328784,522668.61406538496,50000.0,5638.199785683453,0.0
27404,0,254352.8553695638,687023.965139821,522832.7120189217,50000.0,5218.649954255251,0.0
27405,0,253896.4118046732,687062.9785391381,523361.4046600483,50000.0,5519.24451719235,0.0
27428,0,341330.57665083435,851993.5833383494,295693.3051186016,50000.0,12041.675953105418,0.0
27429,0,341735.59195051255,852366.2107205149,295159.5938224589,50000.0,11520.99533124429,0.0
27430,0,341605.48058978096,852119.3902919438,295411.039712343,50000.0,11790.817924278312,0.0
27431,0,341491.10326874506,851613.4130135756,295814.6307508289,50000.0,12264.077082867092,0.0
27432,0,341772.4331803507,851725.8587040155,295536.135326509,50000.0,12025.74798305445,0.0
27433,0,342123.77470809344,852325.5505512368,294898.699332333,50000.0,11349.600787605928,0.0
27434,0,341967.0635864094,851979.1402916273,295232.70191880834,50000.0,11716.475591480059,0.0
27435,0,343938.9105721469,852781.7136771053,293275.16792222386,50000.0,10126.485477098311,0.0
27567,0,183882.7357242431,993199.9065679471,444845.54176254146,50000.0,10802.068368750994,0.0
27568,0,183550.19837414144,992962.501532375,445076.22280493454,50000.0,11073.832363679912,0.0
27569,0,183309.68823660488,992738.9400811158,445203.9652987865,50000.0,11244.692088512416,0.0
27570,0,183086.81553710802,992580.7854343324,445359.4484401643,50000.0,11431.551646018926,0.0
27571,0,182897.3314743272,992498.2736184766,445530.8448171036,50000.0,11312.59717249404,0.0
27572,0,182720.00772888793,992510.7857734808,445758.9735222599,50000.0,11201.679735718753,0.0
27573,0,182544.69084784258,992477.8431937533,445950.3548104506,50000.0,11073.361486952606,0.0
27574,0,182382.74130147893,992456.700138193,446134.1922661195,50000.0,10961.183708194954,0.0
27699,0,405213.25679038087,913937.9681188385,213600.87659662133,50000.0,24176.432390042544,0.0
27700,0,405777.00818796223,913825.3672104051,213240.7144634792,50000.0,24567.67882330676,0.0
27701,0,405435.47378136346,913916.5037548956,213447.11258338572,50000.0,24339.88706142725,0.0
27702,0,405610.55293897906,913875.9176746368,213338.1143289802,50000.0,24458.905626958604,0.0
27703,0,405807.9722472717,914098.1936351273,213079.33530644324,50000.0,24713.426377041036,0.0
27704,0,405966.5377953143,914023.6475668012,212999.8914049716,50000.0,24804.88561973331,0.0
27705,0,405610.34108535154,913875.2685494917,213338.6004132128,50000.0,24458.449231825958,0.0
27720,0,457263.0882316812,799750.2287498328,279915.9417511624,50000.0,3505.6825977396757,0.0
27721,0,456994.76534865185,799662.0709927047,280063.0403779974,50000.0,3230.007273857527,0.0
27722,0,456933.0007058071,799085.41604674,280630.67899136944,50000.0,2990.7070320283137,0.0
27723,0,456746.7545365004,799045.793306972,280712.21576409345,50000.0,2802.7746655911405,0.0
27724,0,457094.44643053063,799166.9877684196,280514.794620268,50000.0,3164.798641972608,0.0
27725,0,457095.81401768245,798735.9769463022,280928.1805479153,50000.0,3089.830324275552,0.0
27726,0,457052.7552156708,798207.319875077,281445.7885270651,50000.0,3026.3877052270313,0.0
27753,0,610919.4391444414,1144038.731328876,79804.14361691364,50000.0,28231.676710576117,0.0
27860,0,246735.98356824703,720479.5678789583,485169.9429252491,50000.0,2095.434210186418,0.0
27861,0,246786.28676991898,720184.6995265068,485484.43385224545,50000.0,1846.0039009339202,0.0
27862,0,247116.55592429804,719817.5627006714,485591.852580861,50000.0,1458.711481300078,0.0
27863,0,247141.33107157634,720291.5479284874,484973.91750732384,50000.0,1881.0499270311266,0.0
27864,0,247265.43328809366,719957.0111809709,485259.3988617927,50000.0,1548.1418061676957,0.0
27865,0,247487.3553431945,720037.3245720943,484923.7707480432,50000.0,1649.5343912955157,0.0
27866,0,247645.265934217,719680.1632883394,485201.7872155584,50000.0,1282.8127350348702,0.0
27868,0,456604.1088272758,937629.5872076632,165048.8497971879,50000.0,58096.88472147065,0.0
27869,0,456750.956170038,937838.2803354451,164832.25542638174,50000.0,58104.820528284974,0.0
27870,0,457102.6523659418,937552.9134143176,164777.19140703903,50000.0,58644.549346820044,0.0
27871,0,456929.94785047584,937563.8713558448,164880.33417756698,50000.0,58465.14651633156,0.0
27872,0,456632.1169114057,937939.5804089493,164848.49716129366,50000.0,57919.21389084868,0.0
27873,0,457288.8893186589,937556.5921447526,164656.96543774824,50000.0,58827.82384086683,0.0
27874,0,456809.34517585905,937681.3990881407,164887.56521504757,50000.0,58266.986230609895,0.0
27875,0,464138.8249092636,935804.0034859825,161558.19535091426,50000.0,66828.52518902229,0.0
27876,0,464305.32641770126,935675.9182250561,161542.79937565574,50000.0,67078.0606719215,0.0
27877,0,464536.3721939249,935508.7613558623,161515.41441110088,50000.0,67417.51870939127,0.0
27878,0,464627.9865235488,935367.1104464855,161553.4424544448,50000.0,67600.57524416735,0.0
27879,0,464719.28780763334,935227.4355966605,161590.6762672629,50000.0,67782.10415914128,0.0
27880,0,464374.00326702086,934969.0424890432,161958.24232606788,50000.0,67602.86587278896,0.0
27881,0,463990.393984278,935282.0820549637,161979.9920386929,50000.0,67015.95535474838,0.0
28082,0,340765.91745359433,705680.4737874923,422547.87816560897,50000.0,17544.75619627304,0.0
28083,0,341297.98176414426,705010.301151141,422911.82012347685,50000.0,18270.16598946284,0.0
28084,0,341243.95793220587,705233.9396359057,422709.5233615149,50000.0,18068.475578320118,0.0
28085,0,341126.3719571778,705694.4262568685,422297.5027173774,50000.0,17652.7863216187,0.0
28086,0,341193.5835115663,705459.6750609388,422502.7384964747,50000.0,17866.862585296807,0.0
28087,0,341541.1451599352,705330.8787743422,422412.7696841499,50000.0,18091.25084668963,0.0
28088,0,341566.33665611065,705530.4166265789,422184.621781891,50000.0,17940.208360221786,0.0
28103,0,460200.0063778021,932358.9763817671,166082.48333854464,50000.0,65215.68989661026,0.0
28104,0,460142.3381195239,932551.0530033237,165993.79737260385,50000.0,65027.05602475656,0.0
28105,0,459980.1656010742,932209.6611085357,166307.94439219983,50000.0,65104.04906815178,0.0
28106,0,460033.5400345797,932784.9318364252,165909.1816568866,50000.0,64759.822034329096,0.0
28107,0,459828.3186428432,932585.5341234094,166158.0257439573,50000.0,64696.24926700906,0.0
28108,0,459882.55407803674,932392.8129711148,166248.70120524717,50000.0,64882.20684760076,0.0
28109,0,459626.2918584672,932367.3043804761,166417.0086952851,50000.0,64649.69790541291,0.0
28164,0,182362.39527004238,716925.4589488218,604530.2756440756,50000.0,21204.59168281612,0.0
28165,0,181960.62112739182,717338.8748825676,604355.7683566699,50000.0,20789.29621805148,0.0
28166,0,182723.60680377184,716492.0990081697,605096.0169890595,50000.0,21709.39782119903,0.0
28167,0,182360.66834783144,716873.0207793583,604886.6489997731,50000.0,21317.88168127783,0.0
28168,0,182832.2980487302,716333.4294087024,605459.4637650995,50000.0,21927.392264518072,0.0
28169,0,183262.08821147415,715911.4714793559,605513.0959131918,50000.0,22325.32873689556,0.0
28170,0,183022.47128715573,716098.041418369,605815.8449798785,50000.0,22217.624760371644,0.0
28297,0,199681.5469176831,999820.6173836292,430370.12571374443,50000.0,6425.8291110575,0.0
28298,0,200350.239158342,1000748.4606259989,430249.54143292713,50000.0,7262.955333911375,0.0
28299,0,199874.2708379086,1000370.9829182453,430549.71378385037,50000.0,6773.839633782972,0.0
28300,0,199417.8772250639,1000093.357591461,430901.92332601233,50000.0,6341.451287149053,0.0
28301,0,199528.10611789257,1000587.3414988259,431142.38017502706,50000.0,6648.7236359618555,0.0
28302,0,200095.66973422052,1000977.3366028577,430739.2112770757,50000.0,7195.367661231899,0.0
28303,0,200254.55087260343,1000262.4718063484,429998.14553055493,50000.0,7012.992607625587,0.0
28325,0,674443.2270062744,943212.8862893495,203144.80047004446,50000.0,10631.682295634948,0.0
28326,0,674659.2402254097,943468.366037868,203093.74227024734,50000.0,10913.131950261843,0.0
28327,0,674703.161074859,943736.0905947647,202876.53048434274,50000.0,11113.200322945191,0.0
28328,0,674346.1273610097,943474.5572980725,202806.63337615988,50000.0,10755.852129595238,0.0
28329,0,674085.0037270151,943240.5723080849,202796.97231808398,50000.0,10466.088959232742,0.0
28330,0,673898.9414054287,943033.3144799798,202829.2767959728,50000.0,10231.986538914654,0.0
28353,0,332794.78126644954,850093.4527585234,303254.092284117,50000.0,8918.033948001486,0.0
28354,0,332946.2976119675,849745.7309922071,303356.39525491645,50000.0,9301.364634649663,0.0
28355,0,332418.3467560392,850259.4111066671,303435.1162253028,50000.0,8572.45371144774,0.0
28356,0,332411.9021162963,849931.5917563768,303643.5572783406,50000.0,8858.43664130523,0.0
28357,0,332938.7030123594,850841.4192356743,302681.569498501,50000.0,8364.130738626282,0.0
28358,0,332727.48554353544,850683.7956688749,302938.64810916217,50000.0,8374.059133633185,0.0
28359,0,332594.571513926,850442.1188134416,303188.7381369006,50000.0,8507.2922750474,0.0
28367,0,694200.9922339815,937345.4742822659,310100.9313562427,50000.0,21910.495726160967,0.0
28368,0,693690.455183851,936868.0316211899,310470.0199101238,50000.0,22364.300014122666,0.0
28369,0,693491.6102962784,936725.1183135795,310833.7728834828,50000.0,22724.050149422357,0.0
28370,0,694063.8831319367,937301.0139337122,310628.5120020175,50000.0,22392.275593152022,0.0
28371,0,694510.1716915698,937747.1192653117,310453.6869586317,50000.0,22127.304447094408,0.0
28372,0,692910.5489592795,936201.2846338543,311354.1613781486,50000.0,23325.761829906307,0.0
28373,0,693162.2686980222,936424.0705828739,311107.518212231,50000.0,23047.320012631604,0.0
28374,0,585687.4520031892,945827.7565046969,137957.9440533714,50000.0,20772.103049769994,0.0
28375,0,585810.5196295064,946190.438294437,137617.12088199746,50000.0,20424.289632777727,0.0
28376,0,585772.6501193023,945467.0828697307,138385.68146372648,50000.0,20877.636811637447,0.0
28377,0,585862.4771510526,945107.0350850038,138814.71027585136,50000.0,20440.36790194562,0.0
28378,0,586192.1230135908,946038.6053605881,137946.10780034758,50000.0,20733.778331160243,0.0
28379,0,586298.8182099268,945684.9159593998,138376.00146737936,50000.0,20772.10754713567,0.0
28380,0,586233.9990854474,945307.2248193164,138757.66403602576,50000.0,20413.26895962875,0.0
28467,0,605134.587547049,1072068.3433164165,6766.379461234898,50000.0,26128.033672390582,0.0
28468,0,605152.1434819812,1072238.477635451,6634.114489556914,50000.0,26286.91572521363,0.0
28469,0,605079.4786269442,1072403.5004513727,6404.762120127788,50000.0,26535.83419487973,0.0
28470,0,196175.246667243,789296.8627840142,463009.2340191632,50000.0,8585.267863364825,0.0
28471,0,196028.32469793563,789201.6332456177,463245.53406278504,50000.0,8761.676502409859,0.0
28472,0,196012.82910160776,788916.1267964387,463521.4336691955,50000.0,9091.858741958675,0.0
28473,0,195636.32321491174,789283.1060399709,463571.2060632707,50000.0,8866.26186759099,0.0
28474,0,195670.2159726086,789012.5641764733,463783.1866994471,50000.0,9154.847263487985,0.0
28475,0,195321.07347956987,789170.8525482429,463995.4472020512,50000.0,9164.48087752403,0.0
28476,0,195259.85260958504,789545.2156473442,463716.98014858586,50000.0,8775.314152278666,0.0
28484,0,615507.7002039779,1066375.8950218798,23754.527495644375,50000.0,9566.292231191408,0.0
28485,0,615307.1503423075,1066134.4844432299,23751.300224438273,50000.0,9474.702377350171,0.0
28486,0,615445.3428391413,1065933.2005031223,24093.306559790002,50000.0,9120.756490560696,0.0
28487,0,615409.2299791004,1065655.225566377,24311.86468973513,50000.0,8840.72197618174,0.0
28488,0,615741.8315831027,1066019.5797092472,24346.678114714236,50000.0,8950.687285982742,0.0
28489,0,615654.6960161834,1066213.9844521133,24069.26943614401,50000.0,9250.1431213493,0.0
28490,0,615982.2136904813,1066127.5716644987,24518.212258285253,50000.0,8861.848196802894,0.0
28512,0,669016.5823733563,895462.1131194552,256661.28616290103,50000.0,14654.030752805675,0.0
28513,0,668719.8797523585,895153.9942482621,256837.10684413402,50000.0,14681.419288212126,0.0
28514,0,668663.403444232,895163.0541378102,257071.59568198764,50000.0,14374.464824243658,0.0
28515,0,669013.8335587601,895401.1234559905,256490.34445951288,50000.0,14921.812862524905,0.0
28516,0,669304.8925376572,895677.9727013604,256242.3822668913,50000.0,15016.599759566614,0.0
28517,0,669325.4049950202,895634.9111112668,256039.37150757023,50000.0,15310.383099696035,0.0
28518,0,669322.3501601315,895796.9822185608,256532.0246121691,50000.0,14553.078227277829,0.0
28519,0,182075.00585498931,996408.905620879,449605.72804933594,50000.0,13595.790647944294,0.0
28520,0,182390.86958958066,996540.750212611,449315.1955441883,50000.0,13777.205476336305,0.0
28521,0,181775.57894562927,995669.0329234877,449387.39640682394,50000.0,12900.138373658112,0.0
28522,0,182143.84763800298,995967.6532384896,449164.663169976,50000.0,13238.791051918117,0.0
28523,0,182003.24042386157,996087.3576608221,449437.0339349107,50000.0,13305.583351867228,0.0
28524,0,182506.48313675888,996398.062385913,449055.0903356535,50000.0,13686.256929992018,0.0
28546,0,162935.69429899094,793382.4326752217,494901.9140032924,50000.0,12209.263254538408,0.0
28547,0,162494.6160098346,793605.1362441771,495180.3501055469,50000.0,11960.07109624738,0.0
28548,0,162246.81489306534,794155.3815861412,494903.88367553323,50000.0,12291.061379827453,0.0
28549,0,162923.05454176097,793705.064281458,494587.61395642924,50000.0,12539.613523722463,0.0
28550,0,162533.54594090497,794164.7582991131,494566.2614673574,50000.0,12610.643981311312,0.0
28551,0,162582.05856586702,793799.507206995,494881.89894930687,50000.0,12266.491005345839,0.0
28552,0,162928.12518179396,793999.9456544217,494282.41547988955,50000.0,12861.563362128174,0.0
28658,0,595408.2168571303,995399.9535410935,87863.30293692119,50000.0,8190.091840313072,0.0
28659,0,595456.3102609754,995061.5082711213,88267.99848620074,50000.0,8208.98155670465,0.0
28660,0,595732.2999144993,995388.0134687795,88046.23104305306,50000.0,7897.138269380421,0.0
28661,0,595943.9511456549,994839.4112866352,88772.92163491601,50000.0,7845.652162935209,0.0
28662,0,596417.9440399974,995514.0670218157,88267.76934292962,50000.0,7262.956310880721,0.0
28663,0,596260.3987433139,995141.3015698931,88601.97723013366,50000.0,7494.226646496362,0.0
28676,0,504500.9287612626,830956.9231510287,243102.37559726075,50000.0,23803.330013638257,0.0
28677,0,504634.4740165453,830588.2523943357,243465.25380086683,50000.0,23542.553596856742,0.0
28678,0,504311.94296023727,830310.3578515635,243751.13753784314,50000.0,23175.656124697216,0.0
28679,0,504238.05013320106,830725.6113954487,243340.38047263076,50000.0,23501.786594915546,0.0
28680,0,504677.14730584814,830221.8492832003,243828.61989195246,50000.0,23250.07195829298,0.0
28681,0,504790.5689726065,831164.2203272261,242887.77015054986,50000.0,24095.61403716377,0.0
28682,0,608353.3919760778,1177825.562521029,124995.40791273511,50000.0,26912.699538842084,0.0
28683,0,608507.9688758164,1177980.0724150063,125089.31476377271,50000.0,26882.646880192926,0.0
28684,0,608676.4308898649,1178143.7074009168,125185.57796274181,50000.0,26845.810677482274,0.0
28685,0,608837.2439766326,1178301.1524353605,125279.27972978768,50000.0,26813.139664985676,0.0
28686,0,609008.7837204592,1178446.4994930653,125349.66460802076,50000.0,26754.22287732634,0.0
28716,0,607534.8215726041,1197086.7973491596,151277.97854208038,50000.0,51678.91893989904,0.0
28717,0,607800.9429242136,1197420.0258106503,151527.44735177685,50000.0,51804.03169951626,0.0
28718,0,607265.5371743232,1196622.3971860332,150854.20781303226,50000.0,51387.54310136688,0.0
28719,0,607465.2918706676,1196848.542277617,151008.7501255838,50000.0,51447.9883237774,0.0
28720,0,607749.8828271907,1197133.8232065602,151179.48504037294,50000.0,51487.30445947221,0.0
28721,0,607945.8108820393,1197376.865288292,151360.24332286374,50000.0,51576.90598019674,0.0
28728,0,576289.7995700265,898295.0144485179,185094.95491484556,50000.0,10621.881844182539,0.0
28729,0,576510.46881172,898022.116144462,185463.1390308768,50000.0,10306.86084212806,0.0
28730,0,576488.2999386095,898242.5198484695,185222.51662182156,50000.0,10537.932249571973,0.0
28731,0,576655.9039718137,897840.0189717782,185708.31188855955,50000.0,10101.260959758916,0.0
28732,0,576363.7815470494,898567.369692485,184834.4193002116,50000.0,10893.265226669302,0.0
28733,0,576468.5661217112,898424.711759064,185023.08058245064,50000.0,10729.481251546618,0.0
28776,0,464771.6910812511,831202.374040006,248265.47091735216,50000.0,14929.38311362688,0.0
28777,0,464628.6180953149,830944.8728547187,248541.91389710116,50000.0,14829.150272409559,0.0
28778,0,464895.51215404866,831441.3290107555,248011.12522270356,50000.0,15032.85546151688,0.0
28779,0,464609.95127741486,831619.4366001668,247912.2507022005,50000.0,15378.223431799295,0.0
28780,0,464320.26266812615,830987.1509212821,248576.3328963634,50000.0,15088.180105710284,0.0
28781,0,464450.7691420511,831404.7084867166,248152.41619138,50000.0,15320.803575780621,0.0
28794,0,580402.9413203619,944100.5247186489,137686.95125017685,50000.0,21397.657954279737,0.0
28795,0,580677.3326192312,943720.676967676,138203.50418224765,50000.0,21819.775453758106,0.0
28796,0,580047.793471935,943857.634798548,137814.25095168693,50000.0,21617.119782944275,0.0
28797,0,580757.5539677567,944030.7284392602,137898.9005821702,50000.0,21507.03094860163,0.0
28798,0,579930.1508327577,943387.3410218547,138278.33974658637,50000.0,22091.103969514654,0.0
28799,0,580289.8594329124,943498.5075885582,138295.0933092766,50000.0,22008.598892727612,0.0
28870,0,600408.2304192629,1218239.4135350874,186055.2205397826,50000.0,36296.38069871704,0.0
28871,0,600262.7576544242,1218337.217008056,186314.49870159873,50000.0,36083.739190542954,0.0
28872,0,600075.4733155755,1217821.0703089733,185749.00388587842,50000.0,36657.99997099573,0.0
28873,0,599658.4231208004,1217551.05982232,185722.1186536881,50000.0,36778.74976152896,0.0
28874,0,599294.1259549559,1217218.9851791013,185564.53469313358,50000.0,37013.74979381474,0.0
28875,0,599876.2662035025,1217954.4092516338,186103.50823456992,50000.0,36370.05537519928,0.0
28888,0,296236.9670738684,800767.1647476375,365266.605747856,50000.0,2457.555350559224,0.0
28889,0,296524.8276526778,800413.5987371638,365318.4223711129,50000.0,2045.7009094095201,0.0
28890,0,296093.0050353738,800305.432905245,365735.38103376096,50000.0,2345.4796636325805,0.0
28891,0,295772.3155138007,800789.3651140947,365608.27091682615,50000.0,2824.7054835417666,0.0
28892,0,295397.4806013678,800551.9997360032,366081.74210031575,50000.0,3041.8964523884706,0.0
28893,0,295127.1241627262,800992.7716722855,365950.1777982468,50000.0,3445.808183735007,0.0
28912,0,350311.97792210715,749171.8799788072,372943.7070352308,50000.0,12209.910339030206,0.0
28913,0,349539.05039542937,749476.75994518,373119.5556319522,50000.0,12237.937865850867,0.0
28914,0,349484.2731221523,749165.6278457113,373448.47770647454,50000.0,11901.024514605091,0.0
28915,0,349720.2365806552,748751.9775918814,373699.71805835905,50000.0,11559.233259885987,0.0
28916,0,349118.78328728146,749338.6004506531,373504.97195687285,50000.0,11961.825963545152,0.0
28917,0,349341.3110086573,748904.2283734847,373783.5819022801,50000.0,11586.038270639478,0.0
28943,0,574118.3744133898,1159405.6812839909,129294.05318152696,50000.0,22035.23018560428,0.0
28944,0,574222.757037517,1159272.2060631353,129019.9701488632,50000.0,21974.231634126885,0.0
28945,0,573792.1511712618,1158899.9666687567,128942.21207311106,50000.0,21548.581736870816,0.0
28946,0,573706.806058905,1159146.315926647,129346.09197950145,50000.0,21702.331707915768,0.0
28947,0,574652.4344769866,1159662.3886424394,129123.58985949056,50000.0,22413.2678586454,0.0
28948,0,575486.0950674854,1159890.3742759433,128634.61394173138,50000.0,22897.961961939924,0.0
28949,0,576480.2275991874,1155733.0096703148,122264.18564074082,50000.0,21279.65135045004,0.0
28950,0,576678.4676820519,1155650.680961227,121971.03826729179,50000.0,21397.89588597677,0.0
28951,0,577028.5594335726,1155944.818644402,122026.81837672883,50000.0,21759.15674277962,0.0
28952,0,576618.5197826214,1155350.1937943387,121635.74898738295,50000.0,21253.85075377363,0.0
28953,0,577193.4416092153,1155698.7834081813,121552.03619029027,50000.0,21804.893039466842,0.0
28954,0,577529.5409598914,1155983.9599197912,121610.36362544014,50000.0,22152.5899040427,0.0
28973,0,608383.739097139,1197627.16423567,151369.64911803682,50000.0,51393.84275431737,0.0
28974,0,608234.1919835694,1197325.245671201,151074.23392592728,50000.0,51170.46527824153,0.0
28975,0,607975.931852948,1196971.3427863547,150790.3723518187,50000.0,51007.52289709606,0.0
28976,0,607751.7106905319,1196638.2138466972,150509.3256768796,50000.0,50833.76158200849,0.0
28979,0,600583.0232601062,1182032.2667059212,136383.9562261046,50000.0,41682.0020135432,0.0
28980,0,600838.6863657923,1182164.2511952019,136360.60296549424,50000.0,41500.33078567031,0.0
28981,0,601256.9779294224,1182590.121358173,136603.96898374867,50000.0,41444.91674429809,0.0
28982,0,600696.1260361783,1181759.065552227,135930.35204476322,50000.0,41226.138536329425,0.0
28983,0,600974.984238443,1181985.1245603266,136014.88061706396,50000.0,41120.29443752863,0.0
28984,0,601218.6591684812,1182197.8488824745,136109.45666886904,50000.0,41046.466699910125,0.0
28991,0,466022.1939133122,802947.652114223,274963.1588857584,50000.0,3083.8277621675325,0.0
28992,0,466156.2241844164,802978.9559510475,274906.78149198677,50000.0,2950.6030093067734,0.0
28993,0,466037.7558551432,803119.9267684978,274793.6223634206,50000.0,3078.1930854808297,0.0
28994,0,466080.64659950754,802757.8848475978,275135.19648576947,50000.0,3025.826856957447,0.0
28995,0,466376.2988746134,803202.5229999174,274647.9286584402,50000.0,2747.2095159075457,0.0
28996,0,466231.6264614491,803315.4173810291,274566.89652331104,50000.0,2907.375250998053,0.0
28997,0,176340.7909841386,995296.4105264801,455930.84880746197,50000.0,8752.32907132705,0.0
28998,0,176008.34621969782,995048.5031933908,456147.0684833009,50000.0,8541.629782357762,0.0
28999,0,175887.76903890388,995292.6532664523,456501.8235938927,50000.0,8181.617963753763,0.0
29000,0,176228.63918143848,995488.2242544472,456231.8270065322,50000.0,8452.195363895735,0.0
29015,0,404749.5207334067,877995.619307417,235411.14602377982,50000.0,30892.207285898683,0.0
29016,0,405672.3039809184,878878.2001941989,234238.6417103549,50000.0,31046.65831116997,0.0
29017,0,405625.6632603383,878410.7012424757,234585.42921568247,50000.0,31334.07323836843,0.0
29018,0,405218.6993863252,878586.1191887925,234718.55619911585,50000.0,30865.021014787242,0.0
29019,0,405096.7049738697,877915.1883128197,235250.51368827425,50000.0,31240.245788858738,0.0
29020,0,404814.7521213498,878139.8145501871,235272.62072400647,50000.0,30842.856524263516,0.0
29032,0,253718.5450621331,722235.1643000192,475801.37571338814,50000.0,10622.783162140677,0.0
29033,0,253990.98536689446,722021.8783734044,475781.8076319065,50000.0,10715.899066535476,0.0
29034,0,254281.4955434359,721818.4979373739,475732.41944155964,50000.0,10846.978571050013,0.0
29035,0,254380.47496140425,721533.0170608115,475974.4820474121,50000.0,10672.334599297947,0.0
29036,0,254676.98673556978,721476.8610918255,475743.09965963615,50000.0,10970.121150286885,0.0
29037,0,254664.4825707781,721711.7712140471,475474.66853337403,50000.0,11192.490464781651,0.0
29038,0,252304.88910104256,1057829.0896520796,416355.8439576216,50000.0,33221.64566354834,0.0
29039,0,253173.24087499114,1058275.382664201,415654.17369575356,50000.0,32737.959641386344,0.0
29040,0,252410.20473111604,1057691.6142604176,416052.60043984395,50000.0,33342.976738140176,0.0
29041,0,252559.14745569124,1058101.9805465273,416312.5230076741,50000.0,32944.07775042345,0.0
29042,0,252455.5173322927,1057935.482035143,416267.12349086825,50000.0,33109.167564233576,0.0
29043,0,252759.86843878066,1058244.3030266014,416195.02609457227,50000.0,32794.04517742464,0.0
29059,0,542596.3700012282,1087894.339649149,80508.5929669741,50000.0,9753.380906755698,0.0
29060,0,542424.7928753238,1088048.0345314825,80848.24858677563,50000.0,9914.24482427798,0.0
29061,0,542875.305560877,1088337.7821096815,80570.05248381189,50000.0,10196.638506528703,0.0
29062,0,542646.1921681324,1088444.1262657067,80936.58714144626,50000.0,10310.219865284615,0.0
29063,0,542737.0884240527,1087740.9319175978,80206.07024052231,50000.0,9601.905605222984,0.0
29064,0,542984.1809971111,1088069.0197518053,80202.39255101736,50000.0,9931.712814544604,0.0
29101,0,604037.7253661666,1017798.1370676596,67588.76390016385,50000.0,7423.098598067591,0.0
29102,0,603242.4078663887,1017540.2624375032,67368.07172960564,50000.0,7391.829063554402,0.0
29103,0,603869.1074940484,1018003.7190946126,67245.6729029419,50000.0,7113.819818279798,0.0
29104,0,603595.8770898385,1017625.4099915805,67498.43095966328,50000.0,7428.039399881133,0.0
29105,0,603422.4498362305,1017900.893817842,67073.82584078945,50000.0,7051.370227100164,0.0
29106,0,603535.1272724712,1018270.8533064609,66726.03740428977,50000.0,6676.984794320095,0.0
29113,0,277779.2003690253,680964.9797437238,504127.0464085487,50000.0,25956.889865718545,0.0
29114,0,277426.32128713146,681083.2175510168,504344.49814493296,50000.0,25576.61298708279,0.0
29115,0,276840.228782949,681560.2766229332,504315.1553551453,50000.0,25221.915163449718,0.0
29116,0,277104.5232067315,681147.456675896,504604.2262177521,50000.0,25187.40857999567,0.0
29117,0,276474.1905974591,681693.2045188991,504527.65002402425,50000.0,24840.036159605726,0.0
29118,0,276757.54620215844,681252.3290419827,504835.23641749524,50000.0,24802.299930458994,0.0
29149,0,307648.75325072516,702295.0523962034,450234.7639032184,50000.0,37001.72168865938,0.0
29150,0,307546.6316423833,702300.123793052,450310.66697332077,50000.0,37095.226652799036,0.0
29151,0,307404.6314688531,702474.6800729858,450227.40740194445,50000.0,37051.84521394393,0.0
29164,0,286525.0539222253,1177326.371861336,600590.7423691509,50000.0,81319.3555143535,0.0
29165,0,286850.44980032224,1177682.0494199288,600853.7182329078,50000.0,81686.1507815488,0.0
29166,0,286728.1200254951,1177469.3743349062,600350.5724846182,50000.0,81428.33745129527,0.0
29167,0,286436.30832639843,1177150.4729123989,600116.2185317022,50000.0,81100.00391175368,0.0
29168,0,286810.1489660944,1177604.5481043984,600649.4995000528,50000.0,81589.61407222885,0.0
29169,0,286464.1245424673,1177221.9666386335,600348.18551112,50000.0,81193.2265570194,0.0
29195,0,617471.8135955653,1176096.705458687,116690.9429541848,50000.0,13312.574499609966,0.0
29196,0,617968.7288860293,1176447.8163424805,116839.84138252868,50000.0,13107.08149865979,0.0
29197,0,617715.8241130734,1176301.1847579363,116805.2258831231,50000.0,13247.359153529582,0.0
29198,0,616883.359539971,1175643.8807525085,116469.08998134009,50000.0,13533.361841698734,0.0
29199,0,617347.3587602649,1175779.4149620775,116357.78216842067,50000.0,13102.143913776736,0.0
29223,0,630303.3334609515,961624.6099738239,147783.32682382764,50000.0,12531.505742862599,0.0
29224,0,630757.159294053,962594.245954785,147110.96950729736,50000.0,12379.29245289194,0.0
29225,0,630537.1474375479,962351.2791995662,147198.45682299358,50000.0,12653.854592595204,0.0
29226,0,579067.5915664241,1143273.1784112095,103768.2853559869,50000.0,10856.108771996198,0.0
29227,0,578965.848593614,1142932.7279027645,103427.84174914421,50000.0,10538.523451791301,0.0
29228,0,578658.8293335381,1142394.1710241225,103026.2314292704,50000.0,10012.288146143164,0.0
29229,0,578585.1748256533,1142656.1785725758,103429.28735803103,50000.0,10228.853902783481,0.0
29230,0,578693.8028607582,1143031.6681010597,103807.46025494438,50000.0,10583.26777550541,0.0
29231,0,578842.3122692822,1143395.294405812,104133.81848343015,50000.0,10935.072066417466,0.0
29290,0,603281.719879905,1018485.6917848904,66318.79744791688,50000.0,6348.889962592683,0.0
29291,0,603746.6293553329,1018688.3771102877,66388.43595820639,50000.0,6287.682773529159,0.0
29292,0,603097.1085899435,1018052.6076355965,66692.96033090216,50000.0,6773.247691963522,0.0
29293,0,602791.9535991299,1017884.5428721206,66689.91708341704,50000.0,6873.747690877073,0.0
29369,0,548966.1155460957,846085.5484137977,231689.5430140572,50000.0,18565.972224803125,0.0
29370,0,549378.1306356185,846200.1200241788,231658.24228993856,50000.0,18437.982968806067,0.0
29371,0,548496.6913525478,845804.4315997009,231880.82654185157,50000.0,18869.905465762164,0.0
29372,0,548190.0024087202,845474.9882020926,232155.95399433412,50000.0,19215.78255015579,0.0
29373,0,548114.6515349103,844540.8623706545,233098.6562086938,50000.0,20137.449352725384,0.0
29374,0,548425.9825540867,844264.0504377737,233446.31333788898,50000.0,20391.76957286069,0.0
29408,0,465354.7528402631,924896.702187693,168233.91224371304,50000.0,65364.19126230093,0.0
29409,0,465252.8866140819,924532.4131829407,168544.4895586464,50000.0,65368.8877757057,0.0
29410,0,464763.0501347628,924391.4797754042,168900.6749649108,50000.0,65844.03636163108,0.0
29411,0,464600.0043141342,928757.5180698406,165959.14560252754,50000.0,67388.39262514221,0.0
29412,0,462156.5234766533,924233.4175609441,170398.67727485177,50000.0,68535.37916436417,0.0
29413,0,464785.7073827352,927027.0548743879,167047.3498616197,50000.0,66608.69264968195,0.0
29443,0,327133.80273976,758311.9775472347,379177.3050325355,50000.0,21759.121780022193,0.0
29444,0,326813.882271518,758003.7533147578,379678.99635849596,50000.0,22250.20542403874,0.0
29445,0,326670.8346115153,758452.149464379,379360.80527774076,50000.0,21909.774065183832,0.0
29446,0,326401.4034040515,758338.5496603535,379648.45501407335,50000.0,22186.961500564048,0.0
29447,0,326162.44822975516,758158.8228698808,379976.8831393426,50000.0,22509.028968283477,0.0
29448,0,325759.50701572024,758279.774110362,380138.65808312735,50000.0,22653.67218078181,0.0
29455,0,476127.85167900746,904523.2984963212,179200.39556920817,50000.0,53297.223550985545,0.0
29456,0,476619.5365852536,905504.1101958954,178202.08593920423,50000.0,52656.576063577326,0.0
29457,0,476280.36485913454,905062.176081349,178695.2314623042,50000.0,53053.3992082959,0.0
29458,0,476789.3521190056,905723.4910290547,177956.8103452842,50000.0,52458.95887238599,0.0
29459,0,476451.43843797874,905282.8484977374,178448.33408989414,50000.0,52853.40727132026,0.0
29460,0,476199.2201932558,904772.2738860131,178966.6132830157,50000.0,53183.12484222393,0.0
29501,0,183607.35051307915,811344.9751639711,457168.97618928424,50000.0,8348.015506888942,0.0
29502,0,183920.41854526207,811287.8839502776,456900.54521985067,50000.0,8666.356936193937,0.0
29503,0,183715.4210026873,811706.4744335213,456783.94611426094,50000.0,8509.27916607154,0.0
29504,0,183367.02782096973,811838.9537117658,457029.94438000984,50000.0,8164.869414750305,0.0
29505,0,183385.50861311238,812133.1484815257,456786.76413769444,50000.0,8239.022187977422,0.0
29506,0,182824.99035621723,812163.1800086634,457322.8672186117,50000.0,7651.68827343314,0.0
29513,0,345125.32127403317,860249.2882839899,287789.58995165647,50000.0,3860.1547001906138,0.0
29514,0,344936.2634902268,860312.0161449187,287893.1182633482,50000.0,4005.0180811223286,0.0
29515,0,344136.23681701795,859050.5487379024,289251.68655529234,50000.0,5249.665057762177,0.0
29516,0,346244.89263228734,858831.8501623606,287815.7842973025,50000.0,3898.805287134498,0.0
29517,0,344425.9146304567,857976.0705761986,289688.8785516492,50000.0,5666.51183730895,0.0
29518,0,344475.2267511258,857920.2679952771,289686.2832133553,50000.0,5670.221848783658,0.0
29543,0,428055.1710760717,804266.9328330401,284446.1405709808,50000.0,9394.07245975027,0.0
29544,0,427727.55644757196,804107.6758504034,284712.60260003136,50000.0,9331.448774857852,0.0
29545,0,427446.92966415535,803888.5488482176,285017.0218690406,50000.0,9209.498769750446,0.0
29546,0,427751.6485525326,803445.6256312139,285311.7154623957,50000.0,8687.232777206289,0.0
29547,0,428095.2850218326,803696.485482161,284955.3923562973,50000.0,8828.535834400722,0.0
29548,0,428479.33608482464,804022.8919289605,284515.2609588917,50000.0,9052.020472943595,0.0
30877,0,184653.86902740537,817826.9845222575,451319.81619110995,50000.0,12338.45277798283,0.0
30878,0,184706.53973762732,817413.0591718188,451565.4014904575,50000.0,12116.233459108478,0.0
30879,0,184340.26979215487,817807.9501633777,451641.8800878145,50000.0,12011.489534166278,0.0
30880,0,270234.33556698385,786942.4707464679,397050.63034286216,50000.0,11954.249579626454,0.0
30881,0,270146.05373619945,787622.9298565873,396563.53697120456,50000.0,12469.642189870132,0.0
30882,0,270633.47787737206,787976.4693377954,395870.13463183795,50000.0,13155.181502388905,0.0
30883,0,270470.0611029533,787688.6758585699,396241.44943472394,50000.0,12779.366342305037,0.0
30884,0,270594.79986853554,786941.1587055456,396753.5201176072,50000.0,12244.25783989118,0.0
30895,1,492138.2286340144,801007.436389943,273428.412856512,50000.0,7554.024775742731,39.0
30896,1,491208.66231192666,800502.0604461931,273993.6009117186,50000.0,7950.297252370521,39.0
30897,1,488250.6613771242,799458.8915060131,275257.38088263676,50000.0,9300.229151471603,37.0
30898,1,489275.89587236225,799709.4684433358,274924.81357588276,50000.0,8842.078299387282,38.0
30899,1,490280.39922634634,800060.851626013,274498.76751865994,50000.0,8388.662536118953,39.0
30900,1,645200.5380474327,886029.1611533583,322531.46974125196,50000.0,7292.935928240462,5.0
30901,1,645324.854291284,886169.211502232,322528.3574398087,50000.0,7295.72676364137,5.0
30902,1,647496.8050351045,890452.4414217853,330385.48305182665,50000.0,8521.899342004217,14.0
30903,1,648048.6153578989,890808.6479932716,329242.9421024034,50000.0,8373.08752888605,14.0
30904,1,648006.7298689059,890745.9942515541,329173.37836227845,50000.0,8275.874130169805,14.0
30908,0,762910.9003162143,1025783.3222589084,434863.0503982034,50000.0,62726.374176471545,0.0
30909,0,762774.7225356092,1025664.8572804527,435017.87018430635,50000.0,62883.34677935762,0.0
30910,0,762658.774930031,1025567.33089806,435180.0211577336,50000.0,63047.501973696555,0.0
30911,0,762539.3569608764,1025465.7131681622,435336.4702243127,50000.0,63206.19306462242,0.0
30912,0,762386.7062323524,1025328.294524651,435468.3236867546,50000.0,63341.20500121679,0.0
30913,0,178930.9954682768,816485.9550725067,457962.85975846753,50000.0,5716.753250081542,0.0
30914,0,179024.5456372782,816769.9510975626,457660.3096659384,50000.0,6040.276130618977,0.0
30915,0,178877.81872456337,816151.4768492895,458263.24076537037,50000.0,5394.874711794931,0.0
30916,0,178514.62037403445,816336.8589987331,458488.8090903151,50000.0,5201.084133583206,0.0
30917,0,179317.818633008,816358.9603479116,457670.68909616704,50000.0,5984.933239207767,0.0
30928,0,103018.06222293236,877938.9576715532,501229.8018007921,50000.0,23774.460873617194,0.0
30929,0,102935.86066537174,877775.2401541584,501358.75466604857,50000.0,23963.06623338655,0.0
30930,0,102854.55471920056,877618.3495981699,501485.1843942267,50000.0,24144.814872049843,0.0
30931,0,102773.53480767341,877461.4661857546,501611.6483756507,50000.0,24326.66421713518,0.0
30932,0,102692.30871898487,877302.6686562458,501739.2026939605,50000.0,24510.680116969932,0.0
30953,0,746369.6676401568,1011422.2293863441,454489.1180364227,50000.0,83504.54282443084,0.0
30954,0,746608.4674074114,1011695.2681517762,454821.05226501584,50000.0,83870.84302439536,0.0
30955,0,746933.2972753765,1012037.4274955888,454995.4019127006,50000.0,84094.92864848187,0.0
30956,0,747325.3073740937,1012466.6021004913,455361.1843972168,50000.0,84520.28129638232,0.0
30957,0,747504.7676444723,1012677.592662715,455667.43178296415,50000.0,84852.71488693461,0.0
30978,0,266453.78599001316,796327.137240299,392646.46188120387,50000.0,18431.889738945087,0.0
30979,0,266691.1846697018,796494.6194279038,392317.1061868634,50000.0,18737.603924363248,0.0
30980,0,266102.9310509681,796416.9657568968,392869.27917056467,50000.0,18108.345938232193,0.0
30981,0,266749.12414085935,796796.7274954872,392032.51698866335,50000.0,18914.221324333186,0.0
30982,0,266331.37767469167,796692.532359926,392462.7721222572,50000.0,18448.361344044533,0.0
30993,0,570204.7644355593,1192267.481149143,177282.89613729002,50000.0,33808.52280031214,0.0
30994,0,570239.5183176802,1192270.6256570474,177253.31405027228,50000.0,33852.684598631844,0.0
30995,0,570278.6408149112,1192275.250493085,177221.5200218721,50000.0,33901.223229420095,0.0
30996,0,564891.9627412154,1184247.693821847,171502.77173929737,50000.0,36075.58558880346,0.0
30997,0,572440.1075641941,1189347.1165521387,171088.8956332593,50000.0,40063.444581713055,0.0
31016,0,762932.4618739124,1044857.7763472908,213192.09029647903,50000.0,6124.142493375629,0.0
31017,0,763125.518931686,1044682.5430410247,213541.23829264552,50000.0,5982.441185627427,0.0
31018,0,763296.7456948346,1044968.9025112588,213549.58180002501,50000.0,5776.443605411088,0.0
31019,0,763322.7030061661,1044566.5502869431,213854.88120561125,50000.0,5842.98288529152,0.0
31020,0,763461.2793925412,1044806.6122154176,213855.91279860123,50000.0,5665.681636646968,0.0
31029,0,576229.2912543528,1202220.6919168772,185314.6509532384,50000.0,32641.263158444293,0.0
31030,0,576603.7314368507,1202590.659383866,185475.52434824564,50000.0,32861.32389462373,0.0
31031,0,576755.1934696969,1202500.8550756683,185205.59049382934,50000.0,33142.26678220295,0.0
31032,0,576947.5711645428,1202460.5792940394,184966.2165598157,50000.0,33440.31930234608,0.0
31033,0,576970.1857886936,1202858.8552378225,185502.22458822868,50000.0,33154.025628448384,0.0
31057,0,350702.96910328476,749141.4230058208,372737.83481414913,50000.0,12339.511135933884,0.0
31058,0,350843.62032557145,749299.6291634362,372502.9808742503,50000.0,12559.249597505897,0.0
31059,0,350808.5750369942,749712.839589924,372131.1940508041,50000.0,12960.864865431276,0.0
31060,0,351062.0808777916,749368.7358464609,372306.35676184646,50000.0,12724.512704047282,0.0
31068,0,342166.2307649362,767265.8450458865,361160.0443911205,50000.0,10054.857508870076,0.0
31069,0,342100.57411858125,767007.9033818212,361435.11217711715,50000.0,10223.935885784918,0.0
31070,0,342092.15580918366,766594.5476191151,361815.0463716918,50000.0,10549.036604240202,0.0
31071,0,342486.03329106845,766870.2806009146,361316.251797241,50000.0,10521.58855070148,0.0
31072,0,342537.28813665005,767141.3902243468,361038.29622811027,50000.0,10340.633858830337,0.0
31078,0,356181.2075452286,720757.4234626851,397398.9572250532,50000.0,12213.443704559239,0.0
31079,0,356238.3885091011,720447.6716573221,397679.52227679,50000.0,12314.137452961213,0.0
31080,0,355947.44604941196,720777.8297443113,397515.09733810066,50000.0,11989.310087832017,0.0
31081,0,355933.3669960026,720534.8237940349,397769.6886390114,50000.0,12014.26158128593,0.0
31082,0,356163.1188453246,720152.7830659626,398022.6892451826,50000.0,12296.371698399926,0.0
31088,0,207423.4873324866,693221.184672456,603372.0148309076,50000.0,28904.538129180706,0.0
31089,0,206915.84500620372,693690.2144763971,603426.8595051387,50000.0,29272.837319800732,0.0
31090,0,207302.31848652393,693412.3665913225,602984.2440839561,50000.0,28630.5962786331,0.0
31091,0,206778.71594802698,693956.0920551007,602737.326350453,50000.0,28743.535500167924,0.0
31092,0,206880.75298542556,693785.1380263779,603112.7268800522,50000.0,29013.227084445236,0.0
31130,0,326150.5974127607,913430.2936703536,279833.08343983925,50000.0,8027.562534887347,0.0
31131,0,326364.55225555325,913535.1000294003,279611.3979664014,50000.0,8233.744950861112,0.0
31132,0,326576.20700222015,913639.6263950036,279391.8893064539,50000.0,8438.962515480403,0.0
31133,0,326812.128827383,913756.1430971146,279147.2352977561,50000.0,8668.501422096373,0.0
31134,0,327137.9195423722,913918.9670363342,278808.9136971488,50000.0,8987.846894204067,0.0
31454,0,267980.0621236945,644236.8129312709,583684.8295745426,50000.0,17816.784000709617,0.0
31455,0,268122.6967997909,643968.1978419572,584061.1652022968,50000.0,17546.73190420301,0.0
31456,0,267624.6524328876,644472.2243666028,583865.9609051185,50000.0,17454.63897008503,0.0
31457,0,268080.5890358223,643863.046632538,584427.2602175345,50000.0,17184.5294518727,0.0
31458,0,267706.85456241434,644280.5952973285,584178.6536341234,50000.0,17206.92183931532,0.0
31474,0,574395.8010741953,1159716.2996840721,129437.64070905234,50000.0,22360.996222771242,0.0
31475,0,574246.1205328318,1159859.6897556514,129767.76468434556,50000.0,22417.77875600953,0.0
31476,0,574303.8263324207,1160176.297067238,130128.2414948903,50000.0,22677.452274497184,0.0
31477,0,573794.8469322129,1159964.963954987,130335.03675124403,50000.0,22360.109335255063,0.0
31478,0,573605.0525961007,1159650.67629973,130103.86823041717,50000.0,22057.89837269606,0.0
31479,0,573940.2570576867,1159826.5551917206,130015.11515933496,50000.0,22295.438105426358,0.0
31591,0,343369.225386433,797634.6054584761,334117.90942330274,50000.0,7554.052349602692,0.0
31592,0,343424.0628440167,797184.5712501218,334453.1041817768,50000.0,7341.464368511592,0.0
31593,0,343044.61703155405,797357.5484653449,334557.6298955929,50000.0,7108.96479485549,0.0
31594,0,343195.774550075,796948.584361258,334796.38769978145,50000.0,7008.191643559568,0.0
31595,0,342832.7363679225,797091.2023936699,334915.3135554628,50000.0,6768.382360436453,0.0
31596,0,338752.0294262406,852868.8205917986,297060.45546790474,50000.0,11678.641883168395,0.0
31597,0,338481.00353915826,852020.4672663378,297790.7980210005,50000.0,11846.358199071892,0.0
31598,0,338235.392929007,852638.8778618058,297589.00410965143,50000.0,11315.96574135718,0.0
31599,0,338042.44778598717,851987.3905717512,298138.46064734075,50000.0,11476.798868759108,0.0
31600,0,338433.2227177399,851777.3154558723,297978.28705464344,50000.0,11931.80909885763,0.0
31703,0,587179.0959382901,1120208.0767954052,67370.69392176134,50000.0,28048.090630318664,0.0
31704,0,587315.7766222059,1120988.2134181897,68216.06817326613,50000.0,28202.26550420076,0.0
31705,0,587274.7599352647,1120595.2074728499,67765.17145821803,50000.0,28148.80610423118,0.0
31706,0,587691.5329746596,1120967.1955543137,67856.7535014042,50000.0,28568.756206902883,0.0
31707,0,587588.1840365877,1120468.4295014061,67329.52777138456,50000.0,28457.270393043575,0.0
31718,0,556295.2676595903,1098787.3621486637,74886.71199861771,50000.0,4649.9381452898515,0.0
31719,0,556527.4687000961,1098808.5689988998,74642.74825960632,50000.0,4627.439499475862,0.0
31720,0,556324.1773759493,1098582.566171839,74643.83226123749,50000.0,4852.123568242668,0.0
31721,0,556650.3107217465,1098695.8158485498,74386.55039033057,50000.0,4751.316918841276,0.0
31838,0,220163.4954604369,735827.5160777032,495322.2831275104,50000.0,25478.274586459658,0.0
31839,0,219983.11504320413,735470.7045979348,495987.92155564064,50000.0,25653.939126978716,0.0
31840,0,220403.50941223206,735288.7005339112,495732.6908550867,50000.0,25233.04468609127,0.0
31841,0,220667.65663157456,734787.1563735579,496068.8818120528,50000.0,24973.544526820224,0.0
31842,0,220212.41335848463,734980.3104561401,496350.4650426264,50000.0,25432.21101671403,0.0
32279,0,680212.720267804,919785.3659087599,299029.9064881647,50000.0,4952.945960402325,0.0
32280,0,679949.2416967737,919509.9604820966,299103.34010545484,50000.0,4985.407396987261,0.0
32281,0,679900.6655280855,919523.8226848945,299408.27883544203,50000.0,5307.19010400502,0.0
32282,0,680452.2607303471,919942.1350032295,298541.1771082684,50000.0,4464.918280277223,0.0
32283,0,680209.4047745954,919684.0936811088,298590.19741992524,50000.0,4472.185699643569,0.0
32444,0,411878.8950608714,877858.6651406143,231172.66696062457,50000.0,37175.97002427813,0.0
32445,0,411642.0854309395,877842.0322150039,231325.15563637496,50000.0,36974.41675826659,0.0
32446,0,411762.1848775094,877567.556022256,231446.47477758044,50000.0,37257.979975090035,0.0
32447,0,412097.32491744787,877770.8466732197,231104.68956405748,50000.0,37427.91209277786,0.0
32448,0,411956.4639708336,877531.872995289,231356.29122992643,50000.0,37454.49984938859,0.0
32511,0,450747.30435146537,801455.910063913,279904.98622853705,50000.0,4719.186296034026,0.0
32512,0,450448.5469799323,801274.2318775578,280156.7147446007,50000.0,4817.39274893632,0.0
32513,0,450392.9949629145,800943.3039265489,280485.95715900563,50000.0,4646.124897340067,0.0
32514,0,450686.8709071752,800577.0905405369,280756.5323581401,50000.0,4179.416968954983,0.0
32515,0,450434.5743964919,800369.7940876227,281020.2545744366,50000.0,4274.068447765683,0.0
32551,0,436758.70438478707,792052.6772431188,292861.59297060466,50000.0,5788.616006246217,0.0
32552,0,437152.2566101596,792439.7838102065,292372.5494994368,50000.0,5522.931422236337,0.0
32553,0,437230.2922535142,792801.1009359726,292007.04641811317,50000.0,5581.094668011429,0.0
32554,0,437877.546674422,793085.427582692,291536.53111230937,50000.0,5118.507095593711,0.0
32555,0,437536.61437958357,792932.3387941875,291787.32258001267,50000.0,5354.2471452014715,0.0
32778,0,453847.6288856594,934853.4336902392,168446.32574622656,50000.0,57287.73565666427,0.0
32779,0,453625.91239776235,934693.7338672512,168682.25420196686,50000.0,57185.60991301693,0.0
32780,0,453399.89099672204,934536.7801058965,168919.3472554178,50000.0,57078.20430257848,0.0
32781,0,453577.03874821996,934256.6213688412,168972.88673488592,50000.0,57448.88447713992,0.0
32782,0,453836.25426889275,934485.5638082043,168671.9886621848,50000.0,57536.924608730624,0.0
32789,0,252505.38910217726,1133774.6840492084,553889.5272443815,50000.0,43758.10783929338,0.0
32790,0,252424.53898909906,1133618.166888103,553633.999901975,50000.0,43734.92772610292,0.0
32791,0,252033.27282295836,1133159.1068986938,553343.792454677,50000.0,43416.60326303103,0.0
32792,0,252846.8254934639,1134077.208865346,553832.9376772998,50000.0,44106.22326309769,0.0
32793,0,252037.3035677268,1133240.8072804457,553589.9445401512,50000.0,43364.57272481577,0.0
33804,0,293601.19945492526,946820.904920634,307251.1576348019,50000.0,23661.29843673256,0.0
33805,0,293176.53843402845,947505.2808447338,307711.18991009734,50000.0,24236.663865182894,0.0
33806,0,293289.2016195655,947213.5423939772,307583.7519264469,50000.0,23977.95085743061,0.0
33807,0,456954.1425969239,800026.3633172958,279723.18934543215,50000.0,3355.053743972021,0.0
33808,0,457241.59761222324,800123.5139219783,279562.8800796571,50000.0,3646.160891392053,0.0
33823,0,763800.2770733685,1023546.3657264931,229266.28749013552,50000.0,4705.013627900801,0.0
33824,0,763420.24539177,1019115.3762210859,232068.25807119312,50000.0,6114.18240612631,0.0
33825,0,662820.5450257385,903136.5405686783,310992.78679332405,50000.0,7798.788439903085,0.0
33826,0,662719.0861577373,903013.3045896988,310950.770810344,50000.0,7950.0170588807805,0.0
33827,0,663377.6753639585,903705.0309544996,310755.6020552214,50000.0,7261.625983609601,0.0
33828,0,663004.0171871085,903330.9030402169,310945.5653874459,50000.0,7602.054081215523,0.0
33854,0,209900.78802078118,747571.9913415441,492491.4133146431,50000.0,30156.24004171072,0.0
33855,0,210229.65679493465,747308.7976816843,492435.11944494856,50000.0,30486.04354815622,0.0
33856,0,210037.3593411125,747300.1464539422,492667.0011031156,50000.0,30296.919114804936,0.0
33857,0,210437.04792418936,747365.1673992429,492127.9038892887,50000.0,30690.43708932977,0.0
33874,0,324038.55708308803,912403.0484662007,282020.56321299967,50000.0,6054.74986984054,0.0
33875,0,324357.8586591478,912496.0655247644,281706.49808797234,50000.0,6300.471563255767,0.0
33876,0,323187.89695425174,912307.4463427516,282816.63790611725,50000.0,5559.39799421349,0.0
33877,0,322736.6068868589,912351.3366769162,283213.96662978193,50000.0,5414.153419021678,0.0
33878,0,210033.95138120168,1075699.8985997913,510716.2254149451,50000.0,13218.694320572715,0.0
33879,0,209960.58184085664,1075766.989099731,510997.5382117356,50000.0,13375.576998637203,0.0
33880,0,209870.1698497972,1075931.0919050223,511508.31988660496,50000.0,13705.66028981951,0.0
33881,0,209723.92214082496,1076004.0679057923,511950.4711462424,50000.0,13943.701715039027,0.0
33882,0,608672.8927945627,1133641.4848834837,68113.63993444052,50000.0,39643.676936633856,0.0
33883,0,611780.8447641545,1134817.0945256315,67803.66137132044,50000.0,39528.50329364569,0.0
33884,0,603583.8303330236,1120211.0832006892,54530.23767099754,50000.0,46010.41448360376,0.0
33885,0,603798.8138490011,1131859.063362883,68964.01641045813,50000.0,40301.593355363955,0.0
33886,0,263572.1133296696,829030.9742094163,371939.266708855,50000.0,22389.334468924626,0.0
33887,0,263979.5076133177,829334.5067040066,371401.66053648165,50000.0,22410.924194595576,0.0
33888,0,263918.4566667652,828932.3174523812,371706.3754064114,50000.0,22125.131893705144,0.0
33889,0,264283.2543840107,828749.5280135872,371511.0996744617,50000.0,21786.901629240656,0.0
33894,0,612719.1171093014,1162520.8994192483,102172.46069862702,50000.0,11558.210979809812,0.0
33895,0,613181.927434977,1162845.3592224338,102298.907078457,50000.0,11098.458856269082,0.0
33896,0,613241.6545164519,1163215.1934520232,102735.66743353751,50000.0,10956.588557070445,0.0
33897,0,613448.1957889331,1163196.2262332758,102582.83160682819,50000.0,10790.21639526438,0.0
33902,0,778102.40017269,1033476.4292228508,372716.49259171024,50000.0,10906.409776213424,0.0
33903,0,778309.815235432,1033659.2139407782,372526.92701155035,50000.0,11091.222772862104,0.0
33904,0,778409.7309937697,1033791.1746940921,372774.92403840483,50000.0,11221.179468020606,0.0
33905,0,778257.4714835474,1033665.759726989,372981.8511211335,50000.0,11098.345720715277,0.0
33906,0,648995.088749231,892848.2614777271,333637.2478223219,50000.0,13227.572236469987,0.0
33907,0,649322.4195658863,893184.5640537005,333515.843592157,50000.0,13492.478616329065,0.0
33908,0,650104.9369083042,894034.9635981136,333438.23677131574,50000.0,14333.758368777106,0.0
33909,0,651908.1656329095,896291.2252175241,334641.19552593486,50000.0,17546.571730325457,0.0
33914,0,188558.84137139638,802874.918956429,458952.7559502541,50000.0,7816.598960451895,0.0
33915,0,188423.28007375263,802688.0746632682,459242.94529512926,50000.0,7844.0718335838865,0.0
33916,0,188179.05101456,803166.2660949049,459094.77488908183,50000.0,8223.6837845361,0.0
33917,0,188025.73067205903,802840.888726389,459516.78376896516,50000.0,8212.902722166904,0.0
33926,0,410109.7589179454,923540.6558334267,205251.62889090623,50000.0,26964.13211862213,0.0
33927,0,410354.42767633626,923721.1288807235,204980.93947443832,50000.0,26924.288203417367,0.0
33928,0,410656.50708740443,923830.2698125532,204699.79171418955,50000.0,26991.675174194974,0.0
33929,0,410376.074713243,923347.6320188275,205138.96634341692,50000.0,27308.96711081876,0.0
33930,0,326081.90489283024,754518.7970693127,383420.19609300647,50000.0,24371.19262708905,0.0
33931,0,325595.959442474,754856.0651768093,383434.9026269337,50000.0,24900.77188066479,0.0
33932,0,325574.2344541148,755160.7539091334,383164.8774066101,50000.0,25072.48942722943,0.0
33933,0,325970.3879205753,754852.8300264301,383183.38417315274,50000.0,24624.020406722477,0.0
33934,0,317177.7529079763,793744.8828856172,355233.49504900945,50000.0,8773.360496995107,0.0
33935,0,317762.22869866196,793977.2276222565,354625.80217216857,50000.0,9100.168553159829,0.0
33936,0,317427.5770515953,793874.5251956715,354949.00088830653,50000.0,8939.131385143852,0.0
33937,0,316785.92381181003,793689.325547468,355559.9248808332,50000.0,8677.25105053016,0.0
33938,0,240001.3766678746,1116784.2816459038,538606.692609578,50000.0,38541.41742719027,0.0
33939,0,240536.50845420378,1117251.2234568475,538494.0339923893,50000.0,39025.637718484606,0.0
33940,0,240176.38251400768,1116818.6347117624,538246.7709027255,50000.0,38889.53640239027,0.0
33941,0,240121.16740358347,1116632.407927567,537882.7431053348,50000.0,39062.665232347725,0.0
33944,0,193485.9401658367,762488.2240121743,493592.68840825843,50000.0,14577.227129499546,0.0
33945,0,193175.60789247978,762866.9944966609,493508.964895597,50000.0,14362.771048295273,0.0
33946,0,193174.52414608185,762492.8985173162,493949.5609232088,50000.0,14202.548016124869,0.0
33947,0,192908.87051994767,763248.5416342103,493372.0078386412,50000.0,14210.266242942836,0.0
33953,0,197599.13352247942,815450.4277969926,440438.4950315903,50000.0,11327.480041684246,0.0
33954,0,197397.1564989851,815277.5548955166,440756.3672850606,50000.0,11585.43768665241,0.0
33955,0,197621.39993520555,814812.7671117256,440874.4440623467,50000.0,11485.683850184563,0.0
33956,0,197387.99285523428,814650.7961075612,441215.6099943467,50000.0,11784.419969132507,0.0
33963,0,238475.14820009435,1115145.5125746115,538093.5205684945,50000.0,37679.20895010217,0.0
33964,0,238189.71872300224,1116107.535431123,541492.1720789084,50000.0,35442.662283405036,0.0
33965,0,239247.6487266498,1116841.346376496,540737.5810317185,50000.0,36716.23612753027,0.0
33979,0,312250.0221890551,795181.6055876041,357639.8565061218,50000.0,9566.859986791718,0.0
33980,0,312584.6326641025,794748.0117218755,357744.6965828962,50000.0,10047.486534184343,0.0
33981,0,312769.0799135843,795121.8481171607,357309.0270526737,50000.0,9741.236643607428,0.0
33982,0,312415.2236559071,795539.1998757165,357231.7321138074,50000.0,9265.54706659224,0.0
33983,0,671530.3935018085,910989.7197658785,302819.1690531047,50000.0,7939.9530316461405,0.0
33984,0,671617.3651658465,911118.701492478,302958.79202679754,50000.0,7736.4137657554165,0.0
33985,0,671402.8119641945,910921.4831813241,303143.06444097904,50000.0,7610.946133492569,0.0
33986,0,671755.6843170769,911218.1249753394,302718.7924945697,50000.0,7962.813798072006,0.0
33991,0,168043.16837618896,729622.7977567893,625429.5243570931,50000.0,7703.735224963919,0.0
33992,0,168634.25617383613,729028.5508350901,625464.0081267073,50000.0,7640.710821487252,0.0
33993,0,168357.9811018381,729311.4572015711,625643.236272628,50000.0,7471.862825083632,0.0
33994,0,168326.98755278252,729333.7259500434,625298.0942824624,50000.0,7813.365759900252,0.0
33995,0,163215.69339775274,734501.6327683735,615988.9945535575,50000.0,1800.5787738952074,0.0
33996,0,162857.36003514176,734849.0059439134,616194.337155642,50000.0,1798.4749691401728,0.0
33997,0,162541.7251805194,735154.1995151974,616414.2458608808,50000.0,1930.3825023964314,0.0
33998,0,162287.58022852897,735396.6927344033,616709.2187188587,50000.0,2215.82410013904,0.0
33999,0,140453.21778715058,758736.8797216443,596458.9664636168,50000.0,2918.7161277702626,0.0
34000,0,140664.79960807165,758469.0134656094,596844.0620111303,50000.0,2852.2653202918623,0.0
34001,0,141134.1213265161,757947.9726254509,597251.0010069705,50000.0,2716.845551025752,0.0
34002,0,141517.94962190962,757525.8424187407,597563.1141672992,50000.0,2247.3733259694054,0.0
34003,0,478742.0789110892,922501.2336315245,163626.78587229046,50000.0,50738.5751863334,0.0
34004,0,478857.64093923615,923000.8943267142,163187.4591033316,50000.0,50723.991464447914,0.0
34005,0,478538.44187856134,922822.4131699922,163463.97021054284,50000.0,51019.11160438047,0.0
34006,0,479061.29839509726,922669.6060960412,163358.67613735565,50000.0,50440.19304426602,0.0
34010,0,431838.592615369,800048.7302626349,286995.3478629551,50000.0,5049.916046727625,0.0
34011,0,431698.3641332001,800425.256221683,286694.25133367523,50000.0,5374.422943314244,0.0
34012,0,432043.11054004513,800665.5808335529,286352.06876206695,50000.0,5694.287384679673,0.0
34013,0,432279.49558485043,800227.3102258036,286677.6873496592,50000.0,5356.630069470928,0.0
34026,0,450411.5873976964,820854.6925204427,261758.38641040464,50000.0,23223.71031460225,0.0
34027,0,450514.7699697014,820500.4082316182,262057.573044545,50000.0,22847.79772398117,0.0
34028,0,450733.7473322051,820496.5284942363,261997.5273008251,50000.0,22795.104867191923,0.0
34029,0,450638.8638210139,820843.2674554766,261702.70838955228,50000.0,23152.467263474147,0.0
34030,0,671234.7677092298,910703.6873408149,303010.80489105306,50000.0,7848.057522972209,0.0
34031,0,671011.382159091,910502.4576197363,303220.74079660483,50000.0,7706.783478618966,0.0
34032,0,671911.752090553,911057.640658781,301260.77329765167,50000.0,9628.920676666803,0.0
34033,0,666594.3108935758,905531.7425786227,303122.03086133103,50000.0,11323.349809836012,0.0
34050,0,456729.57945490035,816503.6618395278,264101.1182386673,50000.0,16095.636943076906,0.0
34051,0,456243.46435205615,816965.0237613209,263791.28209789266,50000.0,16742.002895973546,0.0
34052,0,456407.0766605296,816464.6311870109,264220.73938725336,50000.0,16200.189534448577,0.0
34053,0,456024.1950319663,816527.3834157012,264260.5325943055,50000.0,16432.900436738037,0.0
34062,0,670200.0955923611,943250.903560641,199327.69078594065,50000.0,9354.533097200452,0.0
34063,0,669958.0832094795,943107.7389499921,199252.26057282084,50000.0,9203.474205438757,0.0
34064,0,669734.1860353006,942976.596393337,199181.4920558376,50000.0,9068.70358183676,0.0
34065,0,670522.8985506351,943475.7498637009,199396.03213781232,50000.0,9594.721030774886,0.0
34071,0,273879.3884641292,683335.9047754162,505068.92144528066,50000.0,22889.40484329166,0.0
34072,0,274092.2335751075,682728.0646877927,505687.6148371308,50000.0,22544.11418976936,0.0
34073,0,274010.8134951773,682592.56864065,505968.0958081963,50000.0,22286.707349774813,0.0
34081,0,444215.43494420487,800345.7027060477,282772.79105032375,50000.0,9753.933035343749,0.0
34082,0,444458.29664380685,800374.0502829393,282675.26011779736,50000.0,9822.711368662183,0.0
34083,0,444742.65504403063,800370.0129597919,282596.5321085521,50000.0,9633.222878695691,0.0
34084,0,444949.40806758247,800323.9123454889,282580.2916027577,50000.0,9419.204338364829,0.0
34090,0,598403.3132108747,997460.0084565049,87167.62391989346,50000.0,5128.00657277249,0.0
34091,0,597918.0669374112,998563.853479157,85658.01493433688,50000.0,5718.222361906952,0.0
34110,0,278969.8370586845,1089982.4433533528,418025.27086965746,50000.0,2844.9969926719295,0.0
34111,0,278430.46476468,1089406.4228680702,418049.0106731994,50000.0,2960.5965512528373,0.0
34112,0,278648.3793068517,1089627.4718568262,418023.51046494767,50000.0,2917.048582338189,0.0
34113,0,279272.19396704354,1090210.8423465237,417884.49575214385,50000.0,2963.162615085224,0.0
34114,0,281117.78632251354,1090388.5294598867,415384.5177732859,50000.0,5502.04534083121,0.0
34115,0,280965.5105646273,1090429.699716747,415665.4463750085,50000.0,5220.361367677406,0.0
34116,0,280660.419126659,1090270.5409060798,415903.4831010579,50000.0,4960.547267726465,0.0
34117,0,280746.8694725222,1090084.426239519,415525.29812109965,50000.0,5330.213710584175,0.0
34143,0,663322.0841775016,892319.3767654588,268422.84621607605,50000.0,4086.9557869991136,0.0
34144,0,663532.3916450399,892568.1678762527,268401.1201024458,50000.0,3792.6086366662657,0.0
34149,0,504410.8632257051,814625.5979130586,259376.69631576524,50000.0,12900.78483952733,0.0
34150,0,504106.54669856967,814700.1686756943,259307.28215457126,50000.0,12649.37240576577,0.0
34151,0,503895.3317152577,814551.385485312,259459.42154830103,50000.0,12410.201453450938,0.0
34152,0,503720.6768086365,814351.8925696186,259661.62229431633,50000.0,12188.094314302394,0.0
34157,0,129774.43257715003,947288.3159484704,480195.4459961312,50000.0,2665.2683804809167,0.0
34158,0,130105.25239556964,947376.7818367651,479867.834464255,50000.0,2398.8111643180127,0.0
34159,0,130536.45646139959,947904.961478607,479631.84085799276,50000.0,2487.824292697092,0.0
34160,0,130244.10968507917,947802.6238202596,479910.2450974287,50000.0,2653.0081081777653,0.0
34170,0,365110.51421856135,816264.3283869869,305307.6705054538,50000.0,11271.860898567567,0.0
34171,0,365210.8946885263,815983.2269356635,305470.6483679805,50000.0,10975.638737796055,0.0
34172,0,364843.9518540088,815950.1213651121,305721.6498295168,50000.0,11037.782083382112,0.0
34173,0,364779.36316216056,816200.2607652316,305561.65113494004,50000.0,11295.219932085507,0.0
34178,0,584925.5639874329,1120361.0197156353,69595.25194859707,50000.0,25871.297137029076,0.0
34183,0,636062.8641926824,936038.9612870655,178654.08365265207,50000.0,13960.425983013904,0.0
34184,0,636031.3146007465,936041.7558875219,178627.86592061532,50000.0,13934.413291321556,0.0
34185,0,638888.4552500626,935834.0033640766,180973.17179982018,50000.0,16442.404898513658,0.0
34190,0,507709.2364387704,905820.3640320416,169707.30892583734,50000.0,27705.736910365522,0.0
34191,0,507495.1953977588,905624.2802525937,169925.32647686635,50000.0,27957.90661509994,0.0
34192,0,507837.0445511145,906107.0134680689,169417.11547569252,50000.0,27436.412008106923,0.0
34193,0,508050.03117983293,906224.7992273313,169273.35668077346,50000.0,27239.645101487335,0.0
34194,0,619608.9313231005,930535.3753108025,172932.40535591313,50000.0,2387.2178268257235,0.0
34195,0,619816.2744319035,930958.0687607513,172623.57141860537,50000.0,2059.56155533518,0.0
34196,0,619949.5744351851,930659.5315412327,173023.42158033507,50000.0,2459.539598144259,0.0
34197,0,619444.94915272,930790.6406560225,172558.2467964051,50000.0,2028.742007200434,0.0
34210,0,587426.9684366103,974168.0101809568,107693.61375044406,50000.0,1663.776597489068,0.0
34211,0,586286.8447881336,972618.0504587954,108913.64531757856,50000.0,2974.266741534205,0.0
34212,0,586074.1086922841,973750.4549098548,107575.1877676474,50000.0,3027.3403710573866,0.0
34222,0,655014.7933405739,894806.0153092326,312886.9896705892,50000.0,16346.767710551663,0.0
34223,0,655069.0312502148,894814.5318070775,312667.5733637077,50000.0,16408.388154946384,0.0
34224,0,655125.0933134787,894831.171635205,312473.4770362058,50000.0,16455.64635977312,0.0
34231,0,572248.3507179044,908918.9938944178,172447.90754171554,50000.0,15967.466472333692,0.0
34232,0,572870.7100557983,909037.009500133,172531.66284331324,50000.0,15337.980202899336,0.0
34233,0,572565.0827770678,909298.2402549435,172151.74490810253,50000.0,15702.055757759024,0.0
34234,0,575290.9286693089,865496.2706217312,219044.52182005218,50000.0,12311.00096647345,0.0
34235,0,575294.4507996908,865744.134338923,218788.71271910332,50000.0,12175.465130165081,0.0
34236,0,575299.5122572471,865994.6464779689,218530.66970752864,50000.0,12041.483859006583,0.0
34263,0,611703.4281262641,1072119.4457998327,14421.589990774979,50000.0,19578.12584164026,0.0
34264,0,611634.6510729137,1071739.377320153,14636.339580936025,50000.0,19214.629545033695,0.0
34265,0,611312.8055345616,1071715.6526852117,14275.567481729355,50000.0,19493.895604821035,0.0
34275,0,728074.0019701157,1004178.1310654996,588131.2595324549,50000.0,14602.430953678859,0.0
34276,0,727945.9673539554,1004061.3905736901,588310.0643723162,50000.0,14547.052815867228,0.0
34277,0,728305.4689221864,1004410.1965534452,588174.0134506207,50000.0,14434.64680685198,0.0
34286,0,682421.3681046207,923428.4233117251,304600.24250160524,50000.0,12629.249612079328,0.0
34287,0,679751.605998921,920801.211258593,306022.7110236264,50000.0,10180.640332146877,0.0
34288,0,680333.4457633051,921367.5226834324,305682.1542236675,50000.0,10750.59236545727,0.0
34292,0,124983.00341498498,934837.6076782434,480519.7791299147,50000.0,2174.1025332315103,0.0
34293,0,125214.1528920501,935030.6068967142,480335.8184875799,50000.0,2298.0646945304816,0.0
34294,0,125420.4319493551,935264.2720513591,480192.0962424448,50000.0,2491.8746498482074,0.0
34299,0,669978.5859007908,895969.5390351152,254636.1585627189,50000.0,16844.023685029046,0.0
34300,0,649877.8925064084,893498.1222120489,332146.42343478836,50000.0,12896.841050314091,0.0
34301,0,649556.6103025514,893129.5040934104,332092.9164729157,50000.0,12465.250969535038,0.0
34302,0,649287.7520420798,892806.1845883294,331982.1455868864,50000.0,12045.513135942556,0.0
34303,0,654515.0267144046,896238.4612584951,321384.67800745025,50000.0,13545.490021479322,0.0
34304,0,654765.647053496,896456.2401102554,321112.5553291993,50000.0,13802.067690515114,0.0
34305,0,654297.9659091703,896056.9588617841,321651.44060211076,50000.0,13323.567829343003,0.0
34306,0,581868.8006194811,874052.2631444585,212617.64275602187,50000.0,3991.4026602204794,0.0
34307,0,581351.4369007738,873516.0636845657,212972.63100920335,50000.0,4465.521481724233,0.0
34308,0,581446.4407047925,873832.8242602092,212680.22450635716,50000.0,4395.952079533527,0.0
34330,0,607538.4966540863,1196332.2279776975,150256.89668348822,50000.0,50684.25598669806,0.0
34331,0,605479.8389535084,1191999.7389856516,145977.4615521276,50000.0,47560.46678587846,0.0
34332,0,608771.1201088252,1194735.1134595205,147186.88767257717,50000.0,47139.485386099834,0.0
34333,0,676340.5469107769,918507.2571694884,312834.6185656813,50000.0,10003.112060359043,0.0
34334,0,676436.3699478013,918553.7683482764,312557.6094016322,50000.0,9871.606153313047,0.0
34335,0,676272.239183272,918338.8617740597,312392.08905592846,50000.0,9542.371442855505,0.0
34342,0,698847.1114164679,934715.1378514353,273479.3726614871,50000.0,15759.468414309425,0.0
34343,0,698771.8725164563,934551.4817907696,273127.25862939726,50000.0,16243.635955173404,0.0
34344,0,698807.9854646632,934631.4568434233,273302.399340881,50000.0,16003.871173892623,0.0
34345,0,671336.9402003727,913287.8744800369,314132.67797649227,50000.0,6035.291339429337,0.0
34346,0,661820.95308524,902274.4284324602,312103.1812784401,50000.0,8410.764752733834,0.0
34347,0,661384.8006758817,901839.658420389,312334.1253232315,50000.0,8827.243212485197,0.0
34348,0,661394.1056325583,901847.6726032714,312323.7379499387,50000.0,8820.851864884273,0.0
34349,0,689846.901434427,931648.2532621479,305151.5265577396,50000.0,19374.311926527287,0.0
34350,0,690122.8053940164,931924.0711513932,305034.4671686426,50000.0,19509.60325495503,0.0
34351,0,690259.0142916472,932090.0300368962,305122.91316571436,50000.0,19730.515936958323,0.0
34358,0,675858.6580659418,919754.2760644079,321400.94191599515,50000.0,18224.731516479027,0.0
34359,0,675716.3514090123,919638.2671877966,321591.5961809742,50000.0,18304.758323309492,0.0
34360,0,676778.4676283292,920736.9597027049,321318.0787182234,50000.0,18972.45487242723,0.0
34392,0,574861.2178864994,964105.8785708408,114046.04310896757,50000.0,5256.157008152471,0.0
34393,0,574694.1453048043,964175.5937129227,113918.79920245729,50000.0,5184.595794001166,0.0
34394,0,574523.517017214,964262.5699942246,113772.0823917934,50000.0,5130.082248425806,0.0
34398,0,667091.8217910507,893733.484252608,258604.01835928138,50000.0,13680.341926767336,0.0
34399,0,666611.7244025882,893402.5643601355,259386.12423164435,50000.0,13005.36643002982,0.0
34400,0,666854.9808692934,893570.998344189,258992.02562067824,50000.0,13341.964796880606,0.0
34406,0,596663.6066524285,1176156.292857033,131651.41782712418,50000.0,40525.962092134956,0.0
34416,0,581147.3755240274,965743.6538933994,114413.05366922235,50000.0,6758.276468919481,0.0
34417,0,580824.1604569829,965558.9287729643,114494.49800578806,50000.0,7024.516438035411,0.0
34418,0,580605.5944771791,965439.9119981991,114543.66700814292,50000.0,7210.069874498886,0.0
34432,0,682255.8150871586,922167.6587454451,299596.5357789908,50000.0,6574.294930614829,0.0
34433,0,682572.2485199217,922412.4168834634,299119.1689921393,50000.0,6221.983953364156,0.0
34434,0,682538.9488610324,922303.4813606688,298789.20902088244,50000.0,5803.8451661000245,0.0
34444,0,669925.0671322386,912391.6306834997,317194.35898034956,50000.0,8536.466562754858,0.0
34445,0,668880.8086117199,911178.638221891,316897.0149059216,50000.0,7540.149038817609,0.0
34449,0,673981.752310513,912289.3218544421,296584.28738090035,50000.0,8354.24699688167,0.0
34450,0,674249.4877959265,912570.0346978856,296501.46793731244,50000.0,8070.396072547726,0.0
34451,0,674720.369004494,913061.3387238078,296346.2313329844,50000.0,7575.17824160097,0.0
34455,0,657146.520877987,894974.3685665153,303720.52283621184,50000.0,18976.45776832241,0.0
34456,0,656572.1648292812,894393.2200743132,304018.47568411665,50000.0,19337.224179158675,0.0
34457,0,656032.9927784152,893900.150849013,304506.96717353235,50000.0,19863.658809759487,0.0
34461,0,685563.4037493798,923801.9171913804,290457.08258347714,50000.0,3993.4176718196877,0.0
34462,0,685985.6960272271,924224.2872903082,290251.43176499003,50000.0,4332.67307751015,0.0
34463,0,685275.0325893748,923562.3444022546,290815.0126615705,50000.0,3622.9021368293943,0.0
34471,0,657922.6062311517,902018.1144910058,330439.0071444038,50000.0,20208.725556846417,0.0
34472,0,657937.4909763604,901968.3798880684,330129.44608810847,50000.0,19904.74627196887,0.0
34473,0,658163.4352423594,902341.0888690756,330711.24782004516,50000.0,20474.358898868202,0.0
34474,0,315626.7631413974,803256.1574762547,348785.18486798275,50000.0,6596.74890456279,0.0
34475,0,315251.2492117244,803184.3623652969,349114.89003205305,50000.0,6232.559515208154,0.0
34476,0,314977.01841129217,803102.7284474411,349378.60242831876,50000.0,5972.391734490487,0.0
34477,0,288374.30105061666,798597.6101532604,373082.42817311443,50000.0,10128.036192675016,0.0
34478,0,287793.88095069263,798989.4880898149,373235.626646441,50000.0,10637.43905450958,0.0
34479,0,288343.20232287375,798395.9356510565,373263.9976396033,50000.0,10207.434579201621,0.0
34483,0,314167.19489170285,827499.6674111693,332088.45038196817,50000.0,1694.393564410274,0.0
34484,0,314021.1209396819,827154.2384952334,332436.39082016266,50000.0,1679.175846531145,0.0
34485,0,313842.37864115194,826838.0617207763,332789.35591867357,50000.0,1705.9136271480263,0.0
34492,0,315159.90837991395,825374.5349794988,332806.33265333937,50000.0,3621.6007917479237,0.0
34493,0,314864.240979887,825416.0798053512,333000.3200759937,50000.0,3391.966373945556,0.0
34494,0,314808.676685534,825126.3852514868,333243.77682247455,50000.0,3572.640034793607,0.0
34510,0,800175.419367737,1045001.8073251405,297064.7431875587,50000.0,7271.565509213621,0.0
34511,0,800564.9942177426,1045390.8789021018,297048.7413162916,50000.0,7576.56256713461,0.0
34512,0,800780.6417308104,1045568.3649302395,296788.02700484457,50000.0,7586.378003450686,0.0
34522,0,208594.58662348657,1080313.0121745078,523451.7336204846,50000.0,23641.247520251978,0.0
34523,0,208298.95364194261,1080115.0287581717,523661.198187479,50000.0,23683.768596915757,0.0
34524,0,208061.02899169165,1079956.7849144153,523832.38241546147,50000.0,23723.714603078028,0.0
34531,0,219641.2963243007,1086166.4948843475,512504.0477699842,50000.0,23199.366280924463,0.0
34532,0,219998.48848537199,1086441.464023068,512338.71926595503,50000.0,23434.602490381454,0.0
34533,0,219757.1108318227,1086160.2492022875,512250.999553648,50000.0,23154.053687932974,0.0
34539,0,199733.3015699874,1063679.0952686965,507725.4103636545,50000.0,4194.249597307364,0.0
34540,0,199612.397636674,1063474.5376549652,507576.0213976873,50000.0,4070.6075608987876,0.0
34541,0,199792.56387552194,1063625.0848348525,507511.52086437895,50000.0,3982.8205004385823,0.0
34557,0,336104.2174317413,853057.464845071,298928.11771736894,50000.0,9204.36336011964,0.0
34558,0,336478.1711929315,852998.5754186343,298683.14615192736,50000.0,9564.137011865882,0.0
34559,0,336766.5925377084,852979.7608666973,298478.0728615163,50000.0,9829.054766442321,0.0
34560,0,339581.33858308994,893914.3835829145,274860.0390317998,50000.0,9025.317517829364,0.0
34561,0,339603.97779906046,893701.3893389832,274930.5653865141,50000.0,9175.44173647512,0.0
34562,0,339400.62699133344,893747.2625544937,275081.288099079,50000.0,8963.392329523944,0.0
34563,0,383995.82965856895,895450.1043737247,238937.86384482746,50000.0,751.215350390556,0.0
34564,0,383019.8850247764,895833.5762103166,239458.9042937223,50000.0,602.4176846757792,0.0
34565,0,384184.08038075065,897316.831534366,237807.74505534588,50000.0,1057.2836210149758,0.0
34566,0,345192.19778316206,860665.953402031,287489.1678209694,50000.0,3652.988915649283,0.0
34567,0,345454.86501093267,861105.4115164592,287029.2723440307,50000.0,3291.5864761807143,0.0
34568,0,344972.512331342,860692.8263335316,287637.35635084996,50000.0,3849.701042014327,0.0
34569,0,467709.9396614537,911520.6699401466,177007.93530085572,50000.0,60879.8323768374,0.0
34570,0,467469.9267828283,911293.1565108025,177292.04069981456,50000.0,61117.428532687794,0.0
34571,0,467968.2903108879,911775.1685185848,176694.77052001344,50000.0,60624.87353665792,0.0
34581,0,407009.31531376595,911888.6428019193,213336.64965749762,50000.0,24822.475341130154,0.0
34582,0,406899.8503917512,911970.5559036799,213373.46644316587,50000.0,24757.45947269956,0.0
34583,0,407040.085246052,911621.1765620221,213454.65176774136,50000.0,24758.286528510227,0.0
34587,0,470913.85900416307,922424.1300719589,167238.43796545308,50000.0,58903.43523718008,0.0
34588,0,471024.52629751415,922882.7163173904,166844.60494272882,50000.0,58893.62074163483,0.0
34589,0,471155.9501262413,923248.9459864433,166509.76590170152,50000.0,58843.58577844166,0.0
34590,0,458914.81421650574,932445.5404755609,166791.43618655766,50000.0,63901.89271741668,0.0
34603,0,450039.5339448345,822503.6293249701,260337.97953165602,50000.0,24427.000183570504,0.0
34604,0,450183.6242785319,822257.0451110413,260523.8506448503,50000.0,24238.675885778342,0.0
34605,0,450372.6032584257,822046.0920640689,260663.7425803087,50000.0,24013.588030426305,0.0
34615,0,338264.2438539562,719615.4920779411,409633.4509479783,50000.0,8648.562870692134,0.0
34616,0,338415.75315487245,719396.7565636747,409759.413255437,50000.0,8795.770104876308,0.0
34617,0,338392.29827792366,719096.2029537412,410083.4288492838,50000.0,8773.699531463291,0.0
34619,0,346356.0390327248,718158.2707267428,405976.2194344855,50000.0,7993.444776774675,0.0
34620,0,345952.9684640525,718662.9078180536,405710.4780421389,50000.0,7506.521852930175,0.0
34621,0,345858.10845057614,718421.7643712395,406016.5461888293,50000.0,7764.83015023173,0.0
34628,0,449735.3803646008,823213.081239599,259771.75451791805,50000.0,24871.42729483015,0.0
34629,0,449643.33534289437,823324.49848535,259696.26053609126,50000.0,24987.147445925137,0.0
34654,0,766772.7933676983,1068923.9399531586,202222.76404789055,50000.0,25797.612171370954,0.0
34655,0,782912.624844157,1107012.3061799544,201246.96720514473,50000.0,62806.00343448669,0.0
34656,0,782899.2768558367,1106925.3997408806,201271.0730949707,50000.0,62707.76600791971,0.0
34658,0,746214.3269065503,1000515.0160410177,366151.7334399833,50000.0,7968.7930542230215,0.0
34659,0,746235.416015799,1000575.4114343963,366433.5002748908,50000.0,7803.696420446823,0.0
34660,0,745826.7531518823,1000170.4355735984,366499.02885458537,50000.0,7486.768703827846,0.0
34661,0,442336.3078481795,789634.6688047245,293473.2076753759,50000.0,1079.9001505036879,0.0
34662,0,441425.7915886613,790937.6847713746,292498.3879405324,50000.0,969.872052580912,0.0
34663,0,441506.85434364737,791309.4372843273,292121.4017951077,50000.0,1054.3418414181263,0.0
34664,0,289596.45756227523,952698.2526701933,311729.1275489891,50000.0,29289.737890591838,0.0
34665,0,289731.9632072019,952460.8148227091,311567.9754083684,50000.0,29036.652694852462,0.0
34666,0,289803.4556511184,952716.337468538,311518.132227272,50000.0,29292.608650218095,0.0
34670,0,623172.5775408192,901098.3181926964,205766.54549859438,50000.0,28456.258096301914,0.0
34671,0,623011.3565569759,900838.32062948,205932.03726617715,50000.0,28667.057236569843,0.0
34672,0,625605.309123084,902501.8897245792,205876.10278231045,50000.0,28079.442610339232,0.0
34679,0,498838.2652684962,949313.0547028184,134343.20749861206,50000.0,43743.84407867057,0.0
34680,0,498632.4414823178,949210.0109526548,134509.500840368,50000.0,43856.17844857704,0.0
34681,0,499025.433586136,949401.2153404627,134196.35293069077,50000.0,43637.77893755875,0.0
34685,0,111548.48354181647,795008.335482193,649241.2806608333,50000.0,13493.0829349857,0.0
34686,0,111131.7615000783,795248.654471107,648742.3321740164,50000.0,13760.591938880103,0.0
34687,0,111288.3414337309,795187.1327914104,648990.1434716694,50000.0,13683.208299819033,0.0
34692,0,464773.96639605553,932335.1617677489,163454.78506810177,50000.0,68574.08397349161,0.0
34693,0,464444.23063052,932265.331187796,163687.56836826503,50000.0,68892.53240615697,0.0
34694,0,464540.9276482313,931916.0482073519,163864.68338268556,50000.0,68648.1542131308,0.0
34697,0,487313.8557666102,837046.1729606115,238488.81100239596,50000.0,13831.347619787959,0.0
34698,0,487473.27140302834,836935.4848480157,238575.50048307615,50000.0,14031.417846272165,0.0
34699,0,487695.69298363203,836860.9660269199,238619.1561106448,50000.0,14241.890902290976,0.0
34703,0,220186.10033936184,738833.2534761304,491510.4686488206,50000.0,25890.69793007763,0.0
34704,0,219834.81370294848,738983.8636681915,491722.4186142445,50000.0,26216.01816828787,0.0
34705,0,219579.12094973063,739425.2257553197,491464.5573266308,50000.0,26536.999456563313,0.0
34706,0,466217.65146941505,829506.5454438822,249524.83722704556,50000.0,12544.194227192385,0.0
34707,0,466032.4739931194,829172.0529933589,249883.3088388073,50000.0,12417.051111175,0.0
34708,0,465819.91638809105,829539.4819325744,249585.3932650408,50000.0,12858.931091543418,0.0
34709,0,186613.59950355347,764525.5479058389,499283.77244907216,50000.0,7093.143217532503,0.0
34710,0,186301.95697181986,764689.5906227827,499460.13542979845,50000.0,6778.231230439272,0.0
34711,0,186448.99686480855,764347.6932245753,499695.8000308796,50000.0,6847.891327628794,0.0
34712,0,218541.51927054118,748448.7638687409,481793.71424356883,50000.0,23016.99831799759,0.0
34713,0,218397.58793435848,748275.3960747339,482151.3761073816,50000.0,23371.989200698514,0.0
34714,0,218792.2253803921,748002.1283846532,482039.5570157502,50000.0,23303.16250770958,0.0
34718,0,218834.789242019,736266.8283144586,496304.6415411171,50000.0,26802.03540489054,0.0
34719,0,219246.86362516286,736095.3189188999,496044.3085539925,50000.0,26389.69509621263,0.0
34720,0,219278.46146196325,735762.7217478481,496433.91368490976,50000.0,26361.39130033833,0.0
34762,0,878581.2774222972,1183082.6560124855,287102.5194570465,50000.0,138976.87683612003,0.0
34763,0,878565.6813136572,1183219.162712276,287046.87956554047,50000.0,139075.79643297935,0.0
34764,0,878497.447547211,1183307.075426179,286943.7029327723,50000.0,139121.10771195302,0.0
34765,0,826821.6860195837,1198751.0575272623,226620.09811917917,50000.0,155649.07757257222,0.0
34766,0,823517.4356057373,1195468.9688425483,223412.47325476448,50000.0,152866.52427031822,0.0
34767,0,823767.2022335295,1196752.030363406,223569.5539535868,50000.0,154313.59475881382,0.0
34768,0,914771.5647383981,1177825.8906528272,331269.6173348679,50000.0,138888.1957530794,0.0
34769,0,915032.0372873779,1178389.5513498066,331387.5367454516,50000.0,139446.40823279976,0.0
34770,0,914521.6779610264,1177756.5577511243,330995.9188959527,50000.0,138809.45082141907,0.0
34771,0,892150.6752989319,1167824.3214864961,307803.4198982367,50000.0,129620.89809354486,0.0
34772,0,892430.7318789654,1168078.9976066775,308048.179257586,50000.0,129858.06083475021,0.0
34773,0,892696.827420755,1168321.5373535247,308280.6222839317,50000.0,130084.2127943345,0.0
34774,0,623792.6873990386,1078616.948690903,24982.91431282296,50000.0,19242.944480269318,0.0
34775,0,623880.1937964312,1078573.3004668348,25105.802003223624,50000.0,19164.101091239885,0.0
34776,0,623954.5212526509,1078742.8345714207,25116.402462823426,50000.0,19333.596894691553,0.0
34777,0,740155.4408762879,1004136.2562807549,444436.2280656989,50000.0,72679.14078011137,0.0
34778,0,740299.0843752448,1004297.1828612735,444593.8991006532,50000.0,72851.67608190842,0.0
34779,0,740517.7108734143,1004510.468696829,444545.83666671714,50000.0,72826.65333899175,0.0
34786,0,740164.0394310565,1002379.7029801024,428785.50340625836,50000.0,57011.78872834806,0.0
34787,0,739687.979086145,1001867.4574603124,428482.2851628163,50000.0,56654.32265584036,0.0
34788,0,739042.5222691969,1001250.5139223057,428741.7109860367,50000.0,56847.365147739314,0.0
34794,0,174829.73905112635,786371.8517458442,488587.58881568187,50000.0,8694.923388774707,0.0
34795,0,174160.52114876334,787188.920617182,488501.0306839628,50000.0,8086.315851796022,0.0
34796,0,174542.67604649556,786499.0766290686,488779.26121863234,50000.0,8698.104674910874,0.0
34802,0,131749.44608219748,950257.3550602135,479396.88707338745,50000.0,4279.531085095317,0.0
34803,0,131804.8370193604,949857.9858075524,479140.1954148381,50000.0,3806.0434360015015,0.0
34804,0,131779.6549160055,949568.3335127656,479028.68086231785,50000.0,3492.937872129437,0.0
34829,0,315327.3135586975,964757.0568991969,286465.6764117747,50000.0,20727.300104256963,0.0
34830,0,315595.9656605458,965099.5152776242,286230.10478493455,50000.0,20964.43492846084,0.0
34831,0,315424.67566184426,964920.5202843817,286385.27533758286,50000.0,20854.915843099974,0.0
34844,0,225306.79114085232,1090486.9553766185,509816.5497603627,50000.0,27231.755441740155,0.0
34845,0,225300.30438035663,1090576.0175306278,510015.4921197542,50000.0,27319.76461473829,0.0
34846,0,225628.41367207843,1090838.6242694121,509886.9592391181,50000.0,27583.62768063813,0.0
34850,0,582064.4545640716,1145964.088746665,104468.98900605668,50000.0,13800.179711651146,0.0
34851,0,582163.7664118656,1146228.3945408068,104719.02251702362,50000.0,14039.434785575495,0.0
34852,0,582403.1613952247,1146443.115676459,104778.90578822623,50000.0,14277.687955028852,0.0
34862,0,212712.58506993882,1087133.206638314,529870.5747258166,50000.0,31929.547753303137,0.0
34863,0,212737.22897238642,1087244.4735403853,530079.6579193667,50000.0,32135.779965195867,0.0
34864,0,212891.6232414115,1087246.5060627123,529723.6188366939,50000.0,31895.03447908663,0.0
34866,0,186735.75645940102,785888.4597395861,476045.0395440782,50000.0,13192.221407631507,0.0
34867,0,186468.69681438143,785802.2409863691,476414.1978287796,50000.0,12964.169714526326,0.0
34868,0,419244.83183703123,788131.5740636382,302647.96190078085,50000.0,2039.0576187848792,0.0
34869,0,419037.5525135968,788503.735988208,302381.6099906557,50000.0,2458.1282735155523,0.0
34870,0,418822.15876386984,788153.3590207046,302789.8193450032,50000.0,2335.8217011585357,0.0
34880,0,589743.2581197143,957958.0441630791,126548.95961011584,50000.0,9243.081218732774,0.0
34881,0,591499.7218111813,957312.2890322524,128080.24571516683,50000.0,10059.791344699,0.0
34882,0,586940.1769393627,956440.7566552612,126947.12452918023,50000.0,9714.701576633692,0.0
34892,0,260035.5373726951,1043859.036473524,391385.87315412343,50000.0,51899.49580322418,0.0
34893,0,260019.95262419689,1043990.1469119426,391530.9829069972,50000.0,51724.673935065606,0.0
34894,0,259609.44703200815,1043421.9395241954,391526.00909938564,50000.0,52215.3327805625,0.0
34895,0,584898.7802395237,1007185.6525795844,69994.8639416057,50000.0,8178.544088424225,0.0
34896,0,584816.936922558,1006735.5863100698,70467.44199824179,50000.0,7712.121817037277,0.0
34897,0,587293.2376260554,1008812.4541102889,69057.19518919096,50000.0,9726.986898101854,0.0
35243,0,167033.52447345934,730614.522508826,624388.8406564702,50000.0,7322.939461787453,0.0
35244,0,167082.67804805783,730572.7037335874,624743.5768594977,50000.0,7416.233847181038,0.0
35247,0,480520.98220665497,899812.0318769732,181681.6929869775,50000.0,50640.2372929787,0.0
35248,0,480559.8548220006,899826.3129382285,181656.82388319937,50000.0,50602.24802175775,0.0
35251,0,345422.5147128992,733168.8781919723,391443.58850163955,50000.0,5653.583298237077,0.0
35252,0,347851.32803733944,738249.2721391298,384959.9365628356,50000.0,732.6924454706077,0.0
35272,0,619591.7081855211,1018999.0292719881,77885.83515579192,50000.0,4163.7656349678455,0.0
35273,0,624906.1571604011,1022135.2986239175,79067.67764231823,50000.0,6792.252824765632,0.0
35276,0,243582.54802714783,819479.1247869771,395423.4064712713,50000.0,10715.783329746786,0.0
35277,0,243247.76436286097,819290.7918454647,395844.1285548004,50000.0,10750.526144694522,0.0
35280,0,263692.42148250795,829389.3087774147,371611.80617502733,50000.0,22605.88607285311,0.0
35302,0,579436.5288801016,943174.0818356805,138322.7380728968,50000.0,22275.51909940625,0.0
35303,0,579050.6565586842,943121.5346440956,138235.4132831665,50000.0,22310.579978570964,0.0
35320,0,684111.2270757862,917173.4845880371,269667.39939078677,50000.0,15335.458172013341,0.0
35321,0,684260.0569119046,917378.0127716697,269798.9651113252,50000.0,15292.229838888643,0.0
35327,0,707239.7075322077,947491.2572766835,290353.3591283461,50000.0,1976.957329496241,0.0
35328,0,707804.91837619,947612.8881951718,287922.5515046549,50000.0,1575.673827878074,0.0
35346,0,213193.42185647055,820478.6913400174,422241.45401991886,50000.0,8660.227918064575,0.0
35347,0,216631.41187450674,812288.1841078262,424724.72292762215,50000.0,8020.99197242192,0.0
35350,0,233726.27845807959,816537.6523704524,406165.31764259894,50000.0,7101.809222174192,0.0
35351,0,233754.77028230068,816409.1224482873,406227.85088394064,50000.0,6983.659702484701,0.0
35352,0,407549.4092045275,912437.6157060866,212656.1100632876,50000.0,25473.74166285701,0.0
35353,0,407792.6891127337,912631.7461867327,212377.49192015346,50000.0,25748.752559916647,0.0
35360,0,368277.2486272622,895624.1133793828,250828.67475503558,50000.0,9040.504988496725,0.0
35361,0,368321.54007052584,895239.5337274759,250981.7290562465,50000.0,9436.491855879287,0.0
35362,0,262441.4734101517,1147275.4241670142,568165.31963714,50000.0,52459.08979863821,0.0
35363,0,262284.0825704993,1147152.392211118,568252.7072396616,50000.0,52305.01879910817,0.0
35364,0,257574.33591578982,1144061.183918209,573175.4553755126,50000.0,48037.718491652784,0.0
35365,0,257583.84888468546,1144140.316021743,573446.5071288506,50000.0,48082.215872189205,0.0
35366,0,289144.842525895,705777.965954826,461763.98968298314,50000.0,37996.18275698774,0.0
35367,0,288966.7739544191,705877.1230670438,461805.3104788209,50000.0,37845.271693259034,0.0
35368,0,322355.54770146066,713732.224084248,426634.3519575307,50000.0,12383.198249685622,0.0
35369,0,282544.13416155,764554.6712570605,406493.9427895257,50000.0,6853.665349073759,0.0
35370,0,289532.550350343,765404.5743550312,400169.94127603906,50000.0,3716.0048613094395,0.0
35373,0,278685.87545782025,1166953.743298569,586193.5989936825,50000.0,70515.62935655477,0.0
35374,0,278543.9538965696,1166844.9382362305,586295.9782470431,50000.0,70402.39487246789,0.0
35379,0,459902.14706728194,820435.6170095555,259593.07597091614,50000.0,14228.701265908656,0.0
35380,0,459790.86934148555,820313.6871148214,259735.63937541054,50000.0,14330.223306039214,0.0
35381,0,448961.9291607219,798719.1955151667,282982.6018848532,50000.0,5114.802229603901,0.0
35382,0,449325.8657039502,798874.2636466409,282737.5084448348,50000.0,4778.198737991407,0.0
35383,0,451132.4558798817,800327.0588075126,280877.6351428511,50000.0,3659.5101326294657,0.0
35384,0,451455.675512656,800426.5236635972,280698.7817174733,50000.0,3465.5426508726478,0.0
35386,0,355104.96650988795,758165.1942638457,361626.70779287425,50000.0,4988.970715230127,0.0
35387,0,353596.2085884001,761300.5630636202,359607.6395095506,50000.0,2414.8656756806604,0.0
35394,0,459342.73872104514,816353.4119396225,263590.6123482959,50000.0,15007.660395161625,0.0
35395,0,459372.5172571828,816668.5949420448,263284.82896030153,50000.0,14923.406592191499,0.0
35400,0,595775.8331048196,955469.7304966091,132211.4915383942,50000.0,13862.822246202995,0.0
35401,0,595512.2035168137,955219.1344664663,132349.66166955605,50000.0,13981.876174805653,0.0
35402,0,653317.6736740416,898527.2066151764,337850.21208673215,50000.0,22206.828198416388,0.0
35403,0,653510.7701776592,898744.8997101428,337877.2777610041,50000.0,22445.072405768045,0.0
35411,0,649102.1345984413,914810.6281785233,209947.1838198005,50000.0,6500.68546370187,0.0
35412,0,649330.4506194824,915046.9117917087,209885.3076972795,50000.0,6221.035093736672,0.0
35414,0,428302.94505668984,830618.8862363094,260694.68742601672,50000.0,35633.07127319752,0.0
35415,0,428320.3238211465,830703.2907233882,260613.71746870998,50000.0,35715.95422701108,0.0
35416,0,344079.46297645767,726429.8976759018,398999.79760953854,50000.0,224.44821156835613,0.0
35417,0,344466.93440163345,726373.2027408584,398814.53376107675,50000.0,536.4347328984175,0.0
35426,0,666058.590693153,891668.0445915421,256346.9211475316,50000.0,18571.82088907582,0.0
35427,0,666706.6674181939,892422.8190353406,256182.82044948149,50000.0,18019.83226908717,0.0
35430,0,620670.1867601664,1176310.1946983917,115054.7324999168,50000.0,9689.264034740749,0.0
35431,0,620566.5262728841,1176305.61927105,115109.06409858102,50000.0,9804.240737151984,0.0
35438,0,588965.5216506085,1002851.56989039,76424.94855997401,50000.0,6721.350985800974,0.0
35439,0,589028.6757951762,1002975.4820482623,76312.83681890465,50000.0,6797.072893131093,0.0
35447,0,377285.65334185027,723268.7473956308,383348.6593521074,50000.0,29577.227991169235,0.0
35448,0,377370.36423788295,722841.3653073203,383734.43198506767,50000.0,29759.84537398979,0.0
35461,0,222141.02665625667,1087177.8032470848,509458.89858542697,50000.0,23922.96369677283,0.0
35462,0,223846.7393216352,1088692.92009832,509094.4067039996,50000.0,25441.631111081213,0.0
35466,0,818348.1634721484,1148803.0517111854,227151.93652791603,50000.0,100717.22612634602,0.0
35478,0,778130.7421941633,1033471.988787125,372463.38760156056,50000.0,10905.136307974226,0.0
35485,0,680669.4375413039,922548.0201995724,309516.4702626155,50000.0,12643.857357462724,0.0
35486,0,680852.880852059,922697.1220607209,309270.7554999112,50000.0,12718.979262753433,0.0
35497,0,134747.95764080784,767369.3249580577,582300.8497043246,50000.0,2507.7323144546363,0.0
35498,0,135066.49163305692,766757.7839570306,583415.0667688688,50000.0,3517.0848845714854,0.0
35499,0,624647.3937996309,925973.8004458235,181016.80746904793,50000.0,3118.7750328267853,0.0
35500,0,620873.5635686095,924583.0451531182,179981.15961415283,50000.0,2890.098635989042,0.0
35502,0,297487.3279923148,959083.1869839956,304278.8712396538,50000.0,25366.999239588495,0.0
35503,0,297650.4525757158,959066.7132594334,304107.6283028735,50000.0,25400.29983300318,0.0
35512,0,336972.1144630508,1006011.7149563979,274004.0681516222,50000.0,12355.703496025966,0.0
35513,0,337041.47981621546,1005968.9389340102,273908.5823806506,50000.0,12291.560225793482,0.0
35518,0,796239.4040835183,1037866.7275507629,276558.7777383456,50000.0,12464.5696379169,0.0
35519,0,796319.539554452,1037910.7581945574,276324.5745394748,50000.0,12283.668029239767,0.0
35554,0,559734.5034337762,1104985.6881003312,77541.62859450752,50000.0,1596.5255574784494,0.0
35555,0,557793.8438432507,1104572.2926618373,79268.06180247157,50000.0,2723.419945173364,0.0
35568,0,582424.3446470598,871640.5527347574,215344.3220128036,50000.0,3972.596344026233,0.0
35569,0,582587.2849147412,871999.6816481635,215035.81693472335,50000.0,3668.0868706547576,0.0
35570,0,582006.2203988079,874142.7590484964,212577.63138838502,50000.0,3864.608386306161,0.0
35584,0,660372.9150716857,913136.7444583141,220404.46955999787,50000.0,12090.94146916462,0.0
35585,0,664601.5565971087,917770.3423701843,219305.10138744419,50000.0,12607.684779458647,0.0
35594,0,230882.65117534332,740050.4276805066,478336.3113710556,50000.0,16265.218654879094,0.0
35595,0,231240.94218753173,739984.5355708472,478034.8290111686,50000.0,15861.921968703755,0.0
35616,0,226724.28095972206,870342.3458665737,384007.2450424136,50000.0,6904.129192955812,0.0
35617,0,226849.27627624673,869913.76634828,384048.84680181614,50000.0,7143.32658668735,0.0
35630,0,655494.1787657153,899125.9078570446,329445.6014992975,50000.0,17596.81504203105,0.0
35631,0,655374.5280732911,898971.5329950325,329344.0047119659,50000.0,17384.249449145736,0.0
35640,0,684514.8061817609,928076.9289661327,316104.0430009754,50000.0,21891.458321710183,0.0
35641,0,684553.3196289693,928089.7411661578,315959.29688474484,50000.0,21813.113527778343,0.0
35644,0,698724.1822341885,940613.185416321,301945.68669475586,50000.0,13879.841636390876,0.0
35645,0,698384.5662370545,940430.9936154019,302874.6672051466,50000.0,14721.233011990093,0.0
35670,0,689520.1239881096,932239.9070486221,309830.8180729101,50000.0,23083.274639432955,0.0
35671,0,689326.6814125918,932013.1208771605,309743.84978669387,50000.0,22811.515026525372,0.0
35707,0,311498.8223577045,781147.046031367,369809.07178395236,50000.0,7680.825186311185,0.0
35714,0,667574.6357527602,910337.1781223315,319674.0495860284,50000.0,10177.362367478772,0.0
35715,0,667733.6876765391,910504.3919464272,319637.9842457641,50000.0,10205.273467850122,0.0
35736,0,181029.69804306998,818581.5069443237,454352.84948474396,50000.0,9403.76677989497,0.0
35737,0,180787.7440134225,818539.5701060334,454622.39330842736,50000.0,9148.079035494404,0.0
35742,0,666687.8617002419,907394.4304580427,310742.24151377,50000.0,3223.3901338157452,0.0
35743,0,666477.7651170902,907174.8831651347,310805.4262425586,50000.0,3443.436337222126,0.0
35748,0,657361.762025977,896810.2761028493,310192.75964050216,50000.0,15192.94692142145,0.0
35749,0,657298.1978857162,896746.5659599663,310226.5252214143,50000.0,15247.987989030838,0.0
35760,0,301215.59277485556,623934.3409156083,567711.6059328873,50000.0,30708.153127404006,0.0
35761,0,301326.8161546281,623754.7268048222,567893.468820304,50000.0,30861.35990472092,0.0
35762,0,148779.82735030723,963893.9994209534,467243.5284016369,50000.0,3473.826219352531,0.0
35763,0,148552.11018443675,963658.9660118386,467371.6279894521,50000.0,3211.434143048318,0.0
35780,0,594919.4747944477,957836.8361902762,129191.17659955025,50000.0,10807.659444286539,0.0
35785,0,602433.9912644402,965519.3443116162,124855.82820604033,50000.0,9928.283919705804,0.0
35786,0,601915.5239728056,965517.4647735575,124560.96624439908,50000.0,9488.1614679088,0.0
35793,0,274926.2146481409,660345.3152327613,539135.7060042784,50000.0,16855.674214675822,0.0
35794,0,274720.6769329789,660710.6895255398,538793.2743072909,50000.0,17145.13726570679,0.0
35795,0,255518.49765261044,688160.0207944093,519593.2431868096,50000.0,6183.541082322162,0.0
35796,0,254851.18374092816,689315.4058191068,518669.0595132844,50000.0,7380.845901490941,0.0
35799,0,219712.95328451847,735255.0470730636,496579.4502461807,50000.0,25933.76887896268,0.0
35802,0,245281.6114920668,671726.3720154526,564706.849002345,50000.0,1109.504136423304,0.0
35803,0,245310.55980227824,671531.78453944,565084.1987453065,50000.0,1412.1465581781317,0.0
35810,0,280113.86566764687,631577.9363295335,589584.5363317734,50000.0,22882.187153483083,0.0
35811,0,280037.0380865051,631832.6351009884,589087.6620670025,50000.0,23096.621777779164,0.0
35817,0,186204.55540955343,1012093.2352695243,458293.91790191474,50000.0,4617.045818008124,0.0
35818,0,185367.7404954787,1009796.2355165732,457173.42627971683,50000.0,4261.510502878746,0.0
35819,0,131542.60540058033,946696.4310699783,477962.7557081092,50000.0,411.4688337570461,0.0
35820,0,131828.479531889,946884.7888900258,477729.8797896388,50000.0,516.0832311483917,0.0
35827,0,262812.63413606497,1067599.141937654,412988.96064688347,50000.0,23604.447152575987,0.0
35828,0,269227.4763750632,1074579.2647560257,412324.7917439581,50000.0,17206.65921895509,0.0
35833,0,767363.053755621,1030432.0835725701,436866.2585069398,50000.0,64794.79392088044,0.0
35834,0,767085.6270483562,1030123.4980501292,436566.32705321966,50000.0,64483.37343586037,0.0
35837,0,766987.9484299107,1032415.4676802808,459204.6640817468,50000.0,87096.9587141932,0.0
35838,0,767015.0041162373,1032411.2398272424,458899.3298335642,50000.0,86792.66989116925,0.0
35863,0,175436.6836690786,816501.4093042501,461452.34661753615,50000.0,3005.595254597194,0.0
35864,0,175273.30786862996,816530.7802210309,461594.82305631804,50000.0,2966.315114569817,0.0
35871,0,169236.74103782102,972597.7483655881,448546.45034899487,50000.0,10786.691572330463,0.0
35872,0,169050.20352215038,972201.1060182623,448531.1485810665,50000.0,11174.460309361077,0.0
35873,0,487632.9308317187,813988.8433196235,260987.30046694592,50000.0,7096.825854760146,0.0
35874,0,487387.4988125503,814019.4812587324,260982.1109293976,50000.0,7300.339371566404,0.0
35878,0,466303.0483579811,802815.7896158535,275036.0218796899,50000.0,2802.3249992906603,0.0
36278,0,214354.98522533808,821080.7544652015,420762.39661801996,50000.0,10073.596785128415,0.0
36279,0,543797.1679098253,1087630.5872604598,78849.46749039424,50000.0,9617.126108590805,0.0
36280,0,617505.4872937377,919592.200850432,183053.1780970739,50000.0,8135.64687730754,0.0
36281,0,258730.2269383361,1062061.7537930356,412239.816691812,50000.0,29080.238243707703,0.0
36282,0,648170.0156088468,891140.8952025783,330108.55569659435,50000.0,9137.474762997414,0.0
36283,0,660574.4155273306,903968.1960286364,325911.8086414071,50000.0,15678.108972620457,0.0
36284,0,672200.4179026042,914694.8516787736,316273.0517576428,50000.0,9252.750755729172,0.0
36285,0,691506.8528676699,934516.4204350075,310481.68458372744,50000.0,23129.007282942523,0.0
36286,0,657697.1684400038,903325.284522927,337859.3281866816,50000.0,27049.151031162284,0.0
36287,0,666570.773558266,905510.9994778299,303146.2582992536,50000.0,11317.250957689543,0.0
36288,0,676231.7299972618,914796.7704982167,296540.985783969,50000.0,5775.63353991813,0.0
36289,0,670782.7062270773,896157.9133495227,252267.92492798303,50000.0,19746.964724991758,0.0
36290,0,687202.6088493986,930812.5854605319,315249.9729178492,50000.0,24159.398698205463,0.0
36291,0,671887.4830960134,911035.9658065529,301284.4080638868,50000.0,9611.680120672665,0.0
36292,0,645751.5540769188,889069.6849626661,332876.3754199557,50000.0,8708.80674463093,0.0
36293,0,678705.9916710409,921100.462733353,312858.9027633753,50000.0,12714.874750981653,0.0
36294,0,651346.6755563922,893532.6901399096,325034.1022951128,50000.0,10508.408799470153,0.0
36295,0,669931.0221520931,912392.0101217207,317165.5162897042,50000.0,8506.203269303154,0.0
36296,0,671743.6603675532,899837.0858089342,259844.9035919579,50000.0,8397.534083641354,0.0
36297,0,666671.4972095896,907379.6849800264,310757.59385603503,50000.0,3234.9856664125464,0.0
36298,0,676745.7309509746,915541.6648785846,297287.50719474396,50000.0,5176.649912020057,0.0
36299,0,674325.6150818492,912648.4071099265,296471.7800745968,50000.0,7992.105002456566,0.0
36300,0,671561.6792874425,908007.4423586038,290126.68846032064,50000.0,7202.680110537036,0.0
36301,0,663991.0497167832,901167.6121844869,297273.0610823701,50000.0,12433.32614737924,0.0
36302,0,679038.360581414,917863.9608221076,296271.91411637893,50000.0,2947.905538065092,0.0
36303,0,670760.0731495647,896321.1018563758,252822.32683030842,50000.0,18903.469921202737,0.0
36304,0,672300.7643753334,914151.527044346,313215.6772833795,50000.0,5945.516685821425,0.0
36305,0,661179.7861813584,903168.6959624898,319201.2113549989,50000.0,9830.078717703911,0.0
36306,0,681053.581778263,922412.2339059688,306877.0824253934,50000.0,11864.084844742336,0.0
36307,0,697138.5069031552,936549.4173041767,290481.1643617708,50000.0,6529.230432589175,0.0
36308,0,652549.4631769336,887786.7658551036,296565.97865841736,50000.0,18551.139573161832,0.0
36309,0,672830.3360834087,899000.1481757708,253151.2371908278,50000.0,16675.364631723274,0.0
36310,0,689515.943521941,932223.6724947913,309772.328955239,50000.0,23044.70942624741,0.0
36311,0,660712.0531989909,898383.2689911195,301090.4380281142,50000.0,16200.550102447392,0.0
36312,0,366788.57124370884,1005733.8431691452,240591.70208044405,50000.0,3766.798729729396,0.0
36313,0,670431.171207319,916213.866735829,225651.50527953138,50000.0,19770.989193543464,0.0
36314,0,661182.2698800572,907007.3486208953,227046.4585210045,50000.0,18695.63030522212,0.0
36315,0,663693.7788943601,905264.4017050724,230744.54995684072,50000.0,22370.38038949311,0.0
36316,0,655281.3707817412,919725.1747525265,209861.71724140638,50000.0,1549.6322850210056,0.0
36317,0,655953.7322844904,927605.5032572049,202593.9546843128,50000.0,6990.685361535689,0.0
36318,0,553704.1696489928,1104802.3957514341,84129.90483654573,50000.0,7813.811345579227,0.0
36319,0,586032.2358311592,1112559.4674587555,59018.64638548067,50000.0,28158.719809423852,0.0
36320,0,541409.7768435938,1094337.3552877388,87820.18696340751,50000.0,10340.16553264845,0.0
36321,0,543103.894663175,1094187.7654964605,85682.87885160373,50000.0,12521.419822091193,0.0
36322,0,568780.9636098018,1105730.3834676195,68426.95977605447,50000.0,10503.417163724056,0.0
36323,0,545958.635265534,1081868.9964675675,71392.5062639796,50000.0,5950.211866270109,0.0
36324,0,569181.6398083214,1110461.768264433,73371.89421682454,50000.0,10143.097067958664,0.0
36325,0,572714.1687164231,1115976.9328078397,76143.01835773276,50000.0,14685.249209171056,0.0
36326,0,561606.1869465115,1106964.0277038615,77629.25119296924,50000.0,3564.0639406003293,0.0
36327,0,551097.2139833034,1082482.5157683585,65765.19148053975,50000.0,3767.602823626112,0.0
36328,0,585168.5310633832,1123108.6291215797,72775.12542944986,50000.0,26548.816567833288,0.0
36329,0,538423.5506131283,1096383.7142279272,93294.78966124724,50000.0,5218.56532506994,0.0
36330,0,596586.6941342045,1125089.7251069369,65634.35011979533,50000.0,37464.40106843088,0.0
36331,0,540575.6634276047,1076654.5037768024,73808.94855277431,50000.0,5285.877831401828,0.0
36332,0,582976.7139322931,1113453.0976639725,62967.853557913506,50000.0,24366.692352975067,0.0
36333,0,560566.8992923677,1113640.5281897236,86263.41505205682,50000.0,11695.235100096055,0.0
36334,0,560566.8992923677,1113640.5281897236,86263.41505205682,50000.0,11695.235100096055,0.0
36335,0,584283.7204111089,1109453.0683017573,56904.08981822973,50000.0,27380.89709689101,0.0
36336,0,738160.5450388773,1154078.8294734522,137422.61448015214,50000.0,106862.71007421352,0.0
36337,0,741653.6696162015,1138803.3264317918,142467.8286350694,50000.0,92255.14857687043,0.0
36338,0,739329.3567827548,1149435.0075726993,138771.7099594804,50000.0,102144.90894709554,0.0
36339,0,526529.929130667,1123493.1730205866,135757.42106229378,50000.0,9008.094122538796,0.0
36340,0,535352.0696274968,1135935.1122633347,140227.80264389803,50000.0,15231.081500457387,0.0
36341,0,526011.965749308,1128507.5026887439,142099.62246759867,50000.0,14793.408523064249,0.0
36342,0,140336.85715570874,801922.8188106045,512779.09250928473,50000.0,2078.6400799192206,0.0
36343,0,158450.6835082991,787933.5333634949,506046.1465424697,50000.0,1329.566367091756,0.0
36344,0,171957.37827999788,767692.227740103,513647.00117562764,50000.0,10756.051352060596,0.0
36345,0,80466.5648431632,843838.6571298599,544970.6593415376,50000.0,11093.638602704536,0.0
36346,0,175126.1649625653,974793.6874140042,442978.0005489886,50000.0,8480.527897675323,0.0
36347,0,175699.59755150793,1000750.5735581078,461472.7845841805,50000.0,6069.200904777309,0.0
36348,0,130949.70768350437,948369.3876440619,479387.7037881808,50000.0,2642.6180839474964,0.0
36349,0,129097.01632309282,816636.9348536177,511318.99972558784,50000.0,9651.866182037516,0.0
36350,0,171025.33692145528,980331.9671306476,451294.14109328017,50000.0,2670.577629692886,0.0
36351,0,174791.7576680365,973140.5971977775,442409.9308764533,50000.0,7432.301600249745,0.0
36352,0,173825.70425795912,974685.6466501952,444429.80682821287,50000.0,9805.63345075668,0.0
36353,0,176862.8134317761,762872.3631651925,513578.6270389004,50000.0,9888.978480245403,0.0
36354,0,224838.57951088052,731148.6197394188,495918.706930645,50000.0,20865.98783879102,0.0
36355,0,227002.12878607708,730605.4371449583,494130.5172953601,50000.0,18639.241876352822,0.0
36356,0,221612.83553117543,735568.3200775135,493980.1701181731,50000.0,24071.17505794419,0.0
36357,0,227004.37350311916,730612.0123838682,494119.5310936177,50000.0,18636.745521385834,0.0
36358,0,209866.73609057337,747643.5967958036,492443.02089313406,50000.0,30121.354683726924,0.0
36359,0,229098.68985414572,726532.3666279597,496994.21672656166,50000.0,17054.740639044052,0.0
36360,0,218295.09751665773,747875.1134165087,482728.8660027664,50000.0,23959.68944334596,0.0
36361,0,193873.62202526958,755882.4201439787,501144.91849457053,50000.0,14484.860032824965,0.0
36362,0,152995.23549624012,975376.7141158624,469611.41318075353,50000.0,3271.6278644948393,0.0
36363,0,254012.02810731836,1048579.8793476138,404010.46772483835,50000.0,43431.102325546715,0.0
36364,0,234093.1307788068,1043756.8961903772,425935.06086507195,50000.0,32023.473553033222,0.0
36365,0,234735.01491831354,1032764.294552554,413916.2277815671,50000.0,32739.580470045195,0.0
36366,0,596311.343948269,984818.1809615344,100162.7902291797,50000.0,2459.2120961428495,0.0
36367,0,296428.7718456201,952951.3479549189,304742.46717147046,50000.0,25862.767353662613,0.0
36368,0,224110.37651510767,1091081.5327315684,513562.4818577444,50000.0,28035.26757498509,0.0
36369,0,217045.69904545744,1092856.5860774934,533572.7366440344,50000.0,30467.354428173567,0.0
36370,0,253355.4958151269,1138953.4432343778,568825.9420834208,50000.0,43456.40532570185,0.0
36371,0,216807.1175102477,1097760.564563089,547315.2817050474,50000.0,17466.12537452949,0.0
36372,0,240100.92997336967,1122538.8458345642,555286.0410999208,50000.0,31297.77394730862,0.0
36373,0,257639.61838449258,1138338.8433420665,553105.5789647186,50000.0,48981.60352331065,0.0
36374,0,224818.70754314138,1094273.163230346,519032.8107681784,50000.0,32071.252026463546,0.0
36375,0,236071.82991020524,1122630.024782165,568609.7442111842,50000.0,26378.52706025785,0.0
36376,0,257488.95260504368,1141367.3466814326,563606.4185777463,50000.0,47515.67396505388,0.0
36377,0,225323.74204834912,1110003.7438953707,560033.86283617,50000.0,15749.06797797036,0.0
36378,0,251443.5304480292,1136923.5257897677,567958.5040366338,50000.0,41505.744406846934,0.0
36379,0,250585.36270115193,1135524.4451258013,565815.5077827474,50000.0,40577.061137321965,0.0
36380,0,225374.87828809704,1110097.433428373,560184.1589244677,50000.0,15765.794161014237,0.0
36381,0,252655.09414922819,1137935.539059706,567505.185573752,50000.0,42688.67984523184,0.0
36382,0,231393.5204154639,1106117.0709883582,532133.5563450793,50000.0,37196.449803506446,0.0
36383,0,247458.4871678047,1132215.0139052575,564494.497778223,50000.0,37448.377594662525,0.0
36384,0,211195.27370684763,1089988.3660402244,540772.1558750283,50000.0,22825.156556131627,0.0
36385,0,268630.6185180294,1150686.5153841134,559915.5637008678,50000.0,58937.29793893317,0.0
36386,0,285437.7492711992,1174310.6826394682,590945.1844079768,50000.0,77841.22219782074,0.0
36387,0,222839.69910817093,1101189.9536080812,540744.5974796208,50000.0,25789.870394052625,0.0
36388,0,219678.4619181963,1098849.8851784302,542638.1156010248,50000.0,22765.667620060947,0.0
36389,0,250551.32313643314,1131255.2642935247,551740.521004095,50000.0,42368.356874950536,0.0
36390,0,276561.6165289999,1164155.5957454133,582689.3685340628,50000.0,67844.49720803199,0.0
36391,0,277354.4829547369,1162925.0333718003,574769.8871778408,50000.0,67619.05200956437,0.0
36392,0,215088.08818587963,1094551.3705939504,542950.1348623924,50000.0,21074.531886540186,0.0
36393,0,251070.54799392805,1134762.4842992483,561566.7714967497,50000.0,41194.06625039376,0.0
36394,0,257120.52899322705,1137887.3978891694,553214.5745940208,50000.0,48446.885647051815,0.0
36395,0,224582.23356718072,1109982.0388015169,562334.6210842453,50000.0,14641.430289902612,0.0
36396,0,268503.6095882263,1153009.1443115266,568455.8909761186,50000.0,58509.67657038872,0.0
36397,0,469377.4136234018,919850.0384208823,169891.96789161043,50000.0,59983.93350866705,0.0
36398,0,464598.30843151006,928762.0515283758,165956.98200033902,50000.0,67391.7771539384,0.0
36399,0,458432.2574419966,936869.966628933,164349.43828404322,50000.0,60422.11523741823,0.0
36400,0,471948.4126687815,899497.3757352215,184942.04317784426,50000.0,55629.78741035666,0.0
36401,0,464790.7301111161,927059.2314220265,167022.3831319111,50000.0,66613.79303421934,0.0
36402,0,463832.6671198726,935901.4830362784,161675.81062963972,50000.0,66458.30157406331,0.0
36403,0,280388.78599557537,806702.57442357,373299.04368197534,50000.0,3904.3826616525866,0.0
36404,0,284960.8125719336,802294.6177203908,372940.89149057865,50000.0,9656.708087279058,0.0
36405,0,204390.99038179158,1072660.7752631046,516037.86552605155,50000.0,14199.046261903215,0.0
36406,0,211437.30249214143,1075089.6313662464,506735.80927392305,50000.0,11845.292307252943,0.0
36407,0,199363.29195020572,1060297.3586302544,502285.2461488451,50000.0,3033.0934794087607,0.0
36408,0,214948.50355056452,1086073.559456431,522337.12156482425,50000.0,26640.403582688043,0.0
36409,0,204238.04271631435,1055096.022046034,485160.3610729648,50000.0,18954.090840546156,0.0
36410,0,207551.30742662304,1084619.7273359536,536038.3248364425,50000.0,27895.359847401745,0.0
36411,0,64777.80787653718,953422.9424261759,570102.6368850518,50000.0,22962.705898541197,0.0
36412,0,525548.8593194236,1071950.3588504053,88493.77998803143,50000.0,11631.68911424416,0.0
36413,0,503132.45228013804,1092951.5630816673,132225.6443373333,50000.0,33477.88946195661,0.0
36414,0,524675.6088920941,1112916.7070514583,126270.470234975,50000.0,10353.96161096622,0.0
36415,0,525013.9618619558,1104428.7424928788,117047.98756033799,50000.0,18736.152251471234,0.0
36416,0,520632.36780883995,1104153.683462693,121957.84243912996,50000.0,18706.9647503728,0.0
36417,0,522406.63874939637,1073494.7933203361,93311.95137041197,50000.0,12981.902764559249,0.0
36418,0,497508.80813587655,1065479.5852695012,117750.80904898116,50000.0,29757.61427120157,0.0
36419,0,507758.11917725985,905967.5854674602,169560.8373369909,50000.0,27576.34928162992,0.0
36420,0,529869.4130533461,1036930.1426522321,70871.63223344665,50000.0,22289.433018353957,0.0
36421,0,532597.6082442133,1034454.2446954168,68300.77715778325,50000.0,17102.946319902567,0.0
36422,0,459780.0365489914,814183.0064912802,265544.2095960966,50000.0,12744.92726858214,0.0
36423,0,591157.5034074207,1000967.1887741698,79515.61790672236,50000.0,9203.579770286293,0.0
36424,0,339616.8783888819,762957.3881968394,366701.24646946095,50000.0,13146.68105358869,0.0
36425,0,343613.07247170084,726629.4497232278,399091.4460582391,50000.0,163.65559293857558,0.0
36426,0,365183.8946090801,729705.4227490519,383321.72954503476,50000.0,17019.968262513605,0.0
36427,0,348594.0291863306,742708.9129647359,380176.87761036097,50000.0,4973.29051108401,0.0
36428,0,97330.21136091845,805116.3632477932,635340.6306372003,50000.0,7853.167442244961,0.0
36429,0,605321.0120068893,957519.2338320013,135251.6678407502,50000.0,5916.029976352354,0.0
36430,0,639297.8130606303,916363.1295466777,201102.69860738557,50000.0,14908.523228187736,0.0
36431,0,609416.8520935188,939486.058919821,157092.03282567533,50000.0,11090.77429709784,0.0
36432,0,623947.6281288892,917073.4799066959,189788.9782022149,50000.0,11735.349191970314,0.0
36433,0,638742.8475545332,932734.6619219248,184032.35223563257,50000.0,16164.889773511475,0.0
36434,0,617455.3475958871,915142.4901662619,187665.59610720503,50000.0,12254.12533333181,0.0
36435,0,617541.7445875008,923411.8679599861,179080.0758563094,50000.0,5531.251320904672,0.0
36436,0,632552.7239096725,918094.7730221875,194547.82123482198,50000.0,17239.258734431587,0.0
36437,0,145129.69842312607,935136.2866503511,459207.0587604132,50000.0,13966.550473897654,0.0
36438,0,128072.26841473828,913801.3665549045,473029.60454061086,50000.0,19737.28400567644,0.0
36439,0,138289.99820636364,926725.330616182,464403.38967102766,50000.0,15741.946418255868,0.0
36440,0,329750.26635033486,859866.9199153016,299750.26483432564,50000.0,2579.240159205721,0.0
36441,0,130976.13551186214,771956.1018446058,579085.2895268364,50000.0,2554.117934916897,0.0
36442,0,132881.60623631082,768824.7068785633,583595.9261021252,50000.0,2804.948294792995,0.0
36443,0,134725.56121132887,767026.1462414195,583645.7897782433,50000.0,3487.838878028149,0.0
36444,0,134126.6041923682,766538.7436407743,587960.572051783,50000.0,3330.343441244232,0.0
36445,0,108752.70170604248,799092.3620917324,565073.9653622495,50000.0,2757.0205601532675,0.0
36446,0,127373.86640513493,776039.68155571,577212.4378186855,50000.0,1350.0299986455705,0.0
36447,0,322526.88041371363,1016192.0606028865,295227.966846693,50000.0,17662.28620554555,0.0
36448,0,297542.02643826185,958987.8420069903,304210.3081778494,50000.0,25470.61154759635,0.0
36449,0,68388.82156284475,877010.1409771884,536560.0109096447,50000.0,25651.074138427215,0.0
36450,0,125135.5065645539,796141.52184495,540800.8060433477,50000.0,7637.939874690836,0.0
36451,0,783008.745604986,1035132.0795669167,243698.8883135965,50000.0,5906.642691365728,0.0
36452,0,746641.5395422785,1003237.6403927515,383097.9183195143,50000.0,13673.565833996523,0.0
36453,0,790666.9360156719,1035675.7363076976,252426.81125665002,50000.0,13810.07766723289,0.0
36454,0,787485.6865499667,1041466.6611793082,362123.78459158714,50000.0,3086.337467586611,0.0
36455,0,809253.6962641762,1144489.79033423,217905.04053207385,50000.0,97696.12444940134,0.0
36456,0,345422.9641020735,733172.0322823435,391440.1912543604,50000.0,5650.219786643512,0.0
36457,0,366223.9771575782,891338.3105663056,254550.15290761917,50000.0,13276.789546503136,0.0
36458,0,379411.0733619209,889420.9467965446,245599.43455680276,50000.0,7219.716557580194,0.0
36459,0,330149.7509609496,895298.7146809014,282280.8525636939,50000.0,3147.278827133532,0.0
36460,0,220508.870452733,805447.0359449937,426164.2800360509,50000.0,13286.680461288644,0.0
36461,0,194777.81865667133,820868.5520696666,439365.0668395644,50000.0,14019.283879752982,0.0
36462,0,220509.6731720905,805451.9748607137,426159.8087567124,50000.0,13285.048212203536,0.0
36463,0,255781.93848803992,769074.9169871408,424857.46089045174,50000.0,15907.851658381147,0.0
36464,0,313858.2793184941,712547.6894647438,434139.324377956,50000.0,20867.524010933237,0.0
36465,0,573023.311038994,1129079.0553551693,91707.06387970787,50000.0,6002.001641879327,0.0
36466,0,583701.3818799156,1143373.9968988262,99669.71861430966,50000.0,13060.19293169414,0.0
36467,0,578580.9160989623,1132164.8642819512,90168.07295095224,50000.0,9589.203485227743,0.0
36468,0,595663.5203450436,1136074.2093121568,80247.46313452798,50000.0,28481.23213815877,0.0
36469,0,603016.4464277306,1139854.6228385346,79613.55700590223,50000.0,31811.047421277068,0.0
36470,0,583199.8044616161,1135602.2910934777,90220.55159240427,50000.0,13140.017849103246,0.0
36471,0,567198.7168637888,1122782.768050684,89933.57263925414,50000.0,10018.370487713908,0.0
36472,0,610218.1715659603,1135508.9200164408,69538.24354771615,50000.0,38015.1525132076,0.0
36473,0,183266.49106889847,980762.3647288341,437044.9187542368,50000.0,9338.345382061914,0.0
36474,0,706288.2618700119,947457.7529982175,295344.9547727461,50000.0,6423.87166449516,0.0
36475,0,750395.7418975736,990146.4961597418,273320.3519852628,50000.0,11805.114945569252,0.0
36476,0,201423.5699797098,1001080.7734621908,429177.3652724802,50000.0,8184.720472953277,0.0
36477,0,149124.5275788088,964876.0964221299,467417.16874948656,50000.0,4306.0805286773775,0.0
36478,0,143482.9643476772,956593.147322219,469326.51685916545,50000.0,4098.795127260597,0.0
36479,0,151322.88233279545,963814.7573934062,464254.64796934597,50000.0,5194.025892448715,0.0
36480,0,143381.21511821757,956477.485417217,469382.48729282804,50000.0,4223.335500901058,0.0
36481,0,254847.46339766504,689316.6249327188,518671.8651998724,50000.0,7381.075456456188,0.0
36482,0,254659.073762213,704778.5902769605,496876.7150358555,50000.0,13694.62503487486,0.0
36483,0,300410.4513802341,624777.9430842148,567301.3015802109,50000.0,29853.618688365703,0.0
36484,0,255509.77283247304,688166.0476060607,519595.0024723483,50000.0,6188.047512894618,0.0
36485,0,593377.3732167109,1012598.2078842495,67433.91919319305,50000.0,12119.306786444778,0.0
36486,0,606362.9998902009,1025209.6852896695,60739.61952384586,50000.0,1666.8684336664835,0.0
36487,0,607542.1223839306,971660.3235745206,121199.3104494858,50000.0,8979.364087501364,0.0
36488,0,600954.6246295115,971862.2152349855,117053.9387364749,50000.0,3205.728184109173,0.0
36489,0,598572.1872425536,968745.9574359715,119156.14082686117,50000.0,3572.1338744440154,0.0
36490,0,601705.1345648548,964303.1060072574,125769.37625894575,50000.0,10381.506223183827,0.0
36491,0,599268.5144398526,972213.116004766,115723.27408926186,50000.0,1284.4906798274712,0.0
36492,0,601891.3506077393,968410.1206812676,121378.98633959382,50000.0,6703.013538115724,0.0
36493,0,604672.3727759444,978045.0560679936,112429.73170641868,50000.0,2786.513959659432,0.0
36494,0,593549.1475226488,959091.8773452129,127131.97520065145,50000.0,8764.553712236291,0.0
36495,0,332176.7332159377,734236.7294756075,398882.7028544805,50000.0,5103.521862531972,0.0
36496,0,314129.37128462584,754280.942559826,391977.33309863834,50000.0,21045.484098503548,0.0
36497,0,170925.80585344054,822050.2965319294,461947.7755550469,50000.0,8376.682185110501,0.0
36498,0,190235.62759434583,789237.8901596908,469176.28665984794,50000.0,12985.051650697316,0.0
36499,0,181260.57854482337,819039.1704344931,453797.10004169587,50000.0,9996.553507494282,0.0
36500,0,181405.04721633194,817656.6186035777,454647.9643586468,50000.0,9012.9645970712,0.0
36501,0,190235.62759434583,789237.8901596908,469176.28665984794,50000.0,12985.051650697316,0.0
36502,0,498830.6072330748,809059.9413554387,265075.47594746744,50000.0,6715.271600887441,0.0
36503,0,488309.71252303995,809610.3495208935,265231.2904591161,50000.0,3599.6971221508343,0.0
36504,0,472774.66993570974,806591.8333189806,270209.5510481527,50000.0,4606.105877915231,0.0
36505,0,490164.6585414143,806287.0785830603,268349.11148656206,50000.0,2450.2777162938714,0.0
36506,0,286453.8257460451,789240.6411142945,382052.2239311959,50000.0,17076.548816035345,0.0
36507,0,265396.4307562696,790043.2416168101,398543.11369249126,50000.0,11823.064572692696,0.0
36508,0,261633.37151744575,807990.1307717034,387874.557015705,50000.0,17479.326428826298,0.0
36509,0,266565.6573136058,783471.9994162724,402994.8356529062,50000.0,6031.473323868591,0.0
36510,0,263460.4119044713,787331.805734426,402389.5357145454,50000.0,8278.843518011312,0.0
36511,0,252911.1912560747,809334.2522232435,394351.6010264953,50000.0,15224.463144182437,0.0
36512,0,274153.8771390302,775474.5257086429,403555.5449692399,50000.0,6956.416471053304,0.0
36513,0,248398.0223577221,801238.6967714116,404270.36145468807,50000.0,7255.420849999097,0.0
36514,0,279575.7387126593,779917.6935385445,395310.180872354,50000.0,8625.945465827548,0.0
36515,0,256457.80703112404,793864.9549469493,403048.384982185,50000.0,7299.426466451665,0.0
36516,1,616280.7537591628,915652.6018183023,186410.75436242297,50000.0,11916.149367467602,6.0
36517,0,767954.7786422216,1031062.2782656109,437251.2042284403,50000.0,65207.57001502427,0.0
36518,0,766284.6619813365,1031682.5813777472,458859.9619746746,50000.0,86736.19623220467,0.0
36519,0,753971.1392644789,1016150.0207297489,428428.04898484645,50000.0,57074.84227779999,0.0
36520,0,768023.6261879003,1030544.0138491406,431914.0278371623,50000.0,59881.24954242795,0.0
36521,0,748414.9287720758,1011638.1173405786,437640.4066849246,50000.0,67056.21091565621,0.0
36522,0,762153.3170028236,1025927.6693404417,443101.6617079994,50000.0,70976.26086870935,0.0
36523,0,744242.6307176227,1005130.0450386042,417393.9703546822,50000.0,46259.807677211385,0.0
36524,0,765953.8095691601,1025161.337106003,403252.39365071,50000.0,31119.654011602433,0.0
36525,0,738196.712159915,1002632.0881441676,448592.7349901229,50000.0,76661.52689080975,0.0
36526,0,768206.8637938189,1031428.5507962113,438314.6082711504,50000.0,66282.6686520468,0.0
36527,0,767374.8732937339,1030442.0140254274,436849.60039289965,50000.0,64778.67298664329,0.0
36528,0,754856.0710874387,1014623.9602709461,407888.2016302604,50000.0,36989.64030963059,0.0
36529,0,765939.7948130823,1031399.6096266151,459441.87280595326,50000.0,87311.42633419781,0.0
36530,0,894375.9322714341,1165994.3498418685,311093.2033699503,50000.0,127385.97365694029,0.0
36531,0,808502.1088864609,1197956.678950312,207777.4608299195,50000.0,158207.87459811952,0.0
36532,0,874261.6785872024,1190226.4737382624,280288.3206862612,50000.0,143570.7180958742,0.0
36533,0,913126.3778247605,1186234.0197895672,326562.9586928569,50000.0,147240.96136269608,0.0
36534,0,842607.4810572484,1201199.7720240597,243143.08131302995,50000.0,154301.38268997028,0.0
36535,0,904467.4682547274,1160863.2056297169,325055.9251470694,50000.0,121980.01662377734,0.0
36536,0,274581.9111485652,1058000.9839775313,386225.4143600006,50000.0,43914.56569065172,0.0
36537,0,283746.21304504963,1093635.9975852498,415877.9536836878,50000.0,6322.199904877296,0.0
36538,0,282712.31185617356,1087798.0833984339,409612.81408180716,50000.0,11253.409020112202,0.0
36539,0,264426.673423146,1074903.6514577395,419651.4147637666,50000.0,16250.858767206217,0.0
36540,0,267836.13589208084,1070467.6098157736,409311.564395524,50000.0,21838.563624170332,0.0
36541,0,665993.5928706689,944325.5726790844,194587.07559054534,50000.0,11400.360444887649,0.0
36542,0,273616.05413932604,984621.3919160013,336309.0740239728,50000.0,35160.501643123716,0.0
36543,0,221842.04954011718,966404.3563829164,386575.9275569851,50000.0,49267.29403542507,0.0
36544,0,424856.8764973128,769166.2061476988,318523.17012006696,50000.0,10505.72550098667,0.0
36545,0,172898.7788421279,991741.3049207745,457377.370077257,50000.0,8192.76323895102,0.0
36546,0,576964.3221811666,857585.0868120147,227830.62014626575,50000.0,17552.986342545515,0.0
36547,0,724997.4818385508,1001170.1523394411,588903.8729337446,50000.0,16140.615296848722,0.0
36548,0,92749.01348099913,945666.4518359888,521819.2628447794,50000.0,30564.842933294392,0.0
36549,0,107466.85289224384,952773.2806034788,508952.5679543753,50000.0,20250.52035365965,0.0
36550,0,555643.251734198,1019624.7336997926,57931.16402752306,50000.0,12693.645162931585,0.0
36551,0,555643.251734198,1019624.7336997926,57931.16402752306,50000.0,12693.645162931585,0.0
36552,0,576243.2524403799,970214.5971668928,107835.17136685441,50000.0,10451.949997483669,0.0
36553,0,576687.9227530683,962203.4762482755,116699.61939346038,50000.0,6464.970630560178,0.0
36554,0,570423.2297199618,958921.8466160552,118363.89361901143,50000.0,1223.045834951365,0.0
36555,0,568269.1625588549,961192.4591875889,115369.88215510597,50000.0,2960.3040781595396,0.0
36556,0,586246.0061829372,974031.1712418508,107338.049243764,50000.0,2892.8108193026965,0.0
36557,0,586277.0300995961,972606.7980675874,108921.88850072879,50000.0,2986.1739227706544,0.0
36558,0,576274.9781068515,971215.6700154011,106754.61350741859,50000.0,10209.487872852731,0.0
36559,0,583946.5310736519,970416.006397078,110373.165536512,50000.0,5651.53145022703,0.0
36560,0,585294.218145299,977485.8007685198,103128.84518729897,50000.0,2721.384411278976,0.0
36561,0,589207.5582517997,979831.6859189635,102217.65651296458,50000.0,381.09861364545145,0.0
36562,0,587426.3435547943,974166.1414990027,107695.40471695662,50000.0,1664.2238133970695,0.0
36563,0,572947.300181216,961374.5777443273,116428.63806983629,50000.0,2736.5542191411323,0.0
36564,0,583553.1630915052,966987.171538812,113981.47914508631,50000.0,4912.779187891871,0.0
36565,0,317270.85101504606,803732.4596989249,347219.1649521459,50000.0,8224.791670962068,0.0
36566,0,296394.4884919821,806706.8850889313,360617.24951287836,50000.0,1776.8420569995458,0.0
36567,0,230895.96015040204,856991.523180992,385637.12681998,50000.0,1490.1348596408936,0.0
36568,0,223187.01367960958,849922.0500346742,396017.4143551371,50000.0,9390.960919910845,0.0
36569,0,619549.2685433141,977783.2420646849,122636.46059067154,50000.0,11114.274808733828,0.0
36570,0,257853.8512555462,651855.2691279291,586815.3115830797,50000.0,11999.329116487095,0.0
36571,0,287899.18091899186,625522.3715107972,588194.1155325864,50000.0,31076.173335122385,0.0
36572,0,207576.5119046391,1024082.6205749006,441486.8798258716,50000.0,6068.574304787894,0.0
36573,0,612748.6834752208,1195274.2976004789,145028.34038862368,50000.0,43252.48067927998,0.0
36574,0,579167.5053106087,1165884.2289101363,133106.83980342795,50000.0,28577.052998135005,0.0
36575,0,573736.3000648696,1153603.324455427,122092.87075047597,50000.0,18513.16951762219,0.0
36576,0,590918.6685411927,1177733.7981911579,138513.944982724,50000.0,41386.48949528635,0.0
36577,0,579491.3211225965,1161195.1224571003,126621.0458530114,50000.0,25674.550004395805,0.0
36578,0,574129.5152070792,1159498.6711436666,129405.31364818613,50000.0,22108.07120085678,0.0
36579,0,633816.9064969262,1158431.3515294082,87070.79653894815,50000.0,27346.834525703725,0.0
36580,0,616136.3296485182,1186319.3899666176,130851.14554417907,50000.0,27656.133403778284,0.0
36581,0,603204.9901085938,1181162.4338767363,133200.81401633236,50000.0,37300.79818286245,0.0
36582,0,604554.9121125316,1182885.568806225,134475.30823246163,50000.0,37547.98445619706,0.0
36583,0,612764.6676060504,1195307.665674062,145061.60293572053,50000.0,43278.715960746114,0.0
36584,0,567141.9039305822,1151067.058562465,125241.34076590481,50000.0,13445.013282935204,0.0
36585,0,568417.7761951569,1150979.111518263,123865.53963597768,50000.0,13945.583277236918,0.0
36586,0,570227.3812731806,1170077.8036472052,147134.10253414809,50000.0,33027.26714710212,0.0
36587,0,610557.9017272806,1186419.6705177051,134791.82683309822,50000.0,34345.07593084396,0.0
36588,0,340392.17089938855,807940.9003252335,327774.3930835536,50000.0,835.2166683513816,0.0
74542,1,322896.7561494018,664269.140310499,483069.95536355564,50000.0,2614.755755041125,15.0
74543,1,322634.1551340482,665125.8210490847,482215.92085053195,50000.0,2780.1885503944077,12.0
74544,1,321717.1087289448,666946.1390985994,480708.14383173775,50000.0,3495.462901299357,10.0
74545,1,323779.3234339616,663589.6042074148,483185.08565728867,50000.0,3430.5950649158417,15.0
74546,1,323761.71941268793,664292.05005848,482319.5433812355,50000.0,3666.886810897523,15.0
74547,1,323344.9947759276,665235.0014818864,481487.4368951269,50000.0,3754.536171071547,13.0
74548,1,322799.54427218816,666088.5589092621,480875.9683221652,50000.0,3828.255273857313,13.0
74549,1,322425.08673543826,666817.1701305734,480279.8135972191,50000.0,4138.617798404619,13.0
74550,1,324616.8187999283,663700.4163779918,482349.87529316207,50000.0,4433.93387416432,16.0
74551,1,324183.69074326544,664647.0918576462,481525.848522623,50000.0,4390.313663718727,15.0
74552,1,323692.921737924,665639.8337487245,480694.57801396766,50000.0,4518.804710743979,14.0
74553,1,323258.8342924839,666471.1719750992,480019.56695040275,50000.0,4757.731181945208,14.0
74554,1,320982.4027802645,657772.833389961,493006.913827717,50000.0,4444.651106062254,18.0
74555,1,320176.03764934663,658328.2007123851,492995.0708339587,50000.0,3959.139563278332,17.0
74556,1,319373.90144827677,658788.4837099895,493105.2516757605,50000.0,3708.3929212828043,15.0
74557,1,318425.80254196195,659398.0428530097,493152.8862923095,50000.0,3542.253457274113,16.0
74558,1,317572.56148494803,659943.2886044849,493202.53141787177,50000.0,3610.7472558206514,16.0
74559,1,316743.7083443601,660442.0174272074,493293.34130319644,50000.0,3898.9671186072596,16.0
74560,1,315951.0969228812,661181.7518307233,493039.222863613,50000.0,4023.547371511135,16.0
74561,1,315947.2190671286,661882.4774370593,492130.1054424652,50000.0,3324.8627027346442,16.0
74562,1,316770.29319651064,661134.0511303552,492367.9440579202,50000.0,3056.2225239249865,17.0
74563,1,317535.2320356611,660853.1285691096,492051.8733312108,50000.0,2499.2535073596355,17.0
74564,1,318326.2212407883,660121.3341093,492300.31946704135,50000.0,2680.3082282285504,18.0
74565,1,319184.2928812825,659548.1023740604,492285.41944407223,50000.0,2859.4423555161165,17.0
74566,1,320066.5879900207,659130.6404235627,492049.49368524854,50000.0,3092.3336734722266,18.0
74567,1,320950.4882671409,658587.7112126464,491977.5207584878,50000.0,3656.710052369532,18.0
74568,1,318243.9720053603,660820.018984801,491466.8379354959,50000.0,1840.7766343954463,18.0
74569,1,316706.7939783442,661783.5729265463,491580.91651841847,50000.0,2440.188243221108,16.0
74570,1,315933.2711243327,662540.6300740519,491288.1458334545,50000.0,2799.508991068275,15.0
74571,1,315910.9095018183,663335.5783002371,490279.4876995318,50000.0,2429.305339245069,13.0
74572,1,316584.51201434433,662514.7526125701,490742.6092043542,50000.0,1979.9907869100027,16.0
74573,1,317501.1925340458,661666.3963019871,491027.9377486469,50000.0,1566.2598900173505,16.0
74574,1,319070.8325483231,660356.3330883234,491337.92777791223,50000.0,1927.0339674461486,19.0
74575,1,320012.2345780784,659804.4931891278,491224.8980743647,50000.0,2423.2761441448765,19.0
74576,1,320901.7476812597,659348.4117856936,491036.4250064124,50000.0,3046.329991921818,18.0
74577,1,320131.32714837795,660352.678072606,490413.19466685946,50000.0,2050.421117128239,20.0
74578,1,319223.8228065017,661134.769339511,490198.48990387545,50000.0,1127.7261342984414,19.0
74579,1,318547.954172105,661203.2567384036,490703.1884072175,50000.0,1124.3626303315873,18.0
74580,1,317404.99489094823,662386.9986164486,490181.99598325015,50000.0,1014.9593464825003,18.0
74581,1,316658.4451075807,663195.3285259715,489798.60075653694,50000.0,1631.747486596776,15.0
74582,1,315929.77408408787,664073.0596256076,489311.98588320863,50000.0,2406.6301062510447,11.0
74583,1,317427.30745322607,663018.9247401095,489348.4344165051,50000.0,924.9162763246269,17.0
74584,1,316622.96032050665,664028.5784242133,488758.03589944844,50000.0,1934.9650794452882,13.0
74585,1,315927.98797764117,664977.0155401139,488152.5926113227,50000.0,2876.1144067392065,12.0
74586,1,320967.34567793447,660111.3081399096,489996.24483992474,50000.0,2730.843732792799,18.0
74587,1,320030.1426647036,661069.3954587759,489578.96373165504,50000.0,1742.2574947505204,20.0
74588,1,319280.28229360323,661765.2417456423,489337.995412637,50000.0,1016.9275283548039,19.0
74589,1,318229.4386290833,662893.891967454,488806.2139161961,50000.0,828.9414356833406,18.0
74590,1,317481.62703148776,663644.4021115494,488497.61131577904,50000.0,1435.130569904191,16.0
74591,1,316751.4870202467,664794.7646582584,487663.5026588679,50000.0,2582.7622470433485,13.0
74592,1,315984.87497592904,665591.7298207802,487315.97810401587,50000.0,3385.498489885424,10.0
74593,1,320945.0807670525,660794.9247056933,489137.5365976028,50000.0,2675.9958652788105,18.0
74594,1,320051.6697454652,661703.3381853576,488746.751618589,50000.0,1923.4568425804887,20.0
74595,1,319192.9937163686,662516.2219782677,488450.7146997545,50000.0,1439.3658131394936,19.0
74596,1,318385.34727760416,663412.7933939066,488005.4642970248,50000.0,1621.8997449262085,17.0
74597,1,317575.3712619181,664283.2027541272,487598.00128714886,50000.0,2201.874753096959,15.0
74598,1,316857.06440041296,665403.2577911492,486794.3441159102,50000.0,3271.3965187773388,12.0
74599,1,320846.1979313507,661481.8802874243,488343.1641812443,50000.0,2793.347626390981,20.0
74600,1,320120.98573210277,662334.8135221049,487878.84586835396,50000.0,2453.9632745840045,20.0
74601,1,319208.5223021573,663241.0709795647,487510.4539916351,50000.0,2256.009170290178,18.0
74602,1,318421.1092302137,664118.7725493865,487072.7303697102,50000.0,2554.943032175875,16.0
74603,1,317602.0363596535,665118.4536912689,486509.3834883746,50000.0,3247.474629510636,14.0
74604,1,320868.92223029176,662192.699847232,487415.9303066112,50000.0,3293.9981564070567,20.0
74605,1,320071.1619086482,663032.0318720043,487032.4138364118,50000.0,2990.8790929938914,20.0
74606,1,319147.8156409729,663980.0058801097,486621.10025238566,50000.0,2788.6171889970756,19.0
74607,1,318104.68064785865,665326.881712144,485809.2896338411,50000.0,2795.70589061402,14.0
74608,1,320885.20716214326,662899.2405333418,486502.62204170745,50000.0,2547.1323095803587,20.0
74609,1,319835.6924186708,663898.6543127634,486132.5809708874,50000.0,2129.0486755273782,19.0
74610,1,318981.22717615747,664841.0636880458,485670.541756506,50000.0,2082.733854929358,16.0
74611,1,318418.57698361616,665776.3448128211,484969.06510369387,50000.0,2128.962847413114,11.0
74612,1,319907.14115492103,664490.0590931952,485321.3348300515,50000.0,1338.598090848944,19.0
74613,1,319303.4642133568,665360.720331943,484736.06795131817,50000.0,1256.4443878632835,15.0
74614,1,318597.1698211451,666285.5117832634,484172.268543179,50000.0,1805.5664130145158,11.0
74615,1,318260.9275812935,667102.5613694986,483429.8088074267,50000.0,2282.992728359542,10.0
74616,1,319314.38480179885,666192.2437921586,483677.3842473372,50000.0,1179.3447314263794,12.0
74617,1,318900.91327649006,667163.8677408831,482807.0591922278,50000.0,2028.4982996681824,11.0
74618,1,320702.51097481046,664286.665344297,484900.03604509326,50000.0,931.3169461594641,20.0
74619,1,320113.35070976295,665917.1342802963,483344.6237810663,50000.0,779.9036353542376,16.0
74620,1,319756.95963670436,666748.8427397669,482601.71262350713,50000.0,1632.260885129562,13.0
74621,1,319330.2987117894,667540.752079322,481970.0926322278,50000.0,2419.9531007303517,11.0
74622,1,321553.30055683677,663350.7454406193,485360.2922805734,50000.0,1816.836054640702,16.0
74623,1,321136.32616293326,664710.037437738,483997.51676337456,50000.0,733.7282753400341,16.0
74624,1,320907.61703446286,665720.6280349513,482919.7481858052,50000.0,1198.9183694024243,15.0
74625,1,320550.8064357442,666505.124573341,482236.71112347965,50000.0,1806.9522942890774,13.0
74626,1,320080.00323495845,667372.3925292369,481547.90726633254,50000.0,2551.367943610642,11.0
74627,1,322009.9553123775,663660.6885324696,484581.6210112835,50000.0,1737.6993571998014,11.0
74628,1,321958.07144181256,664503.2883015149,483563.95604281453,50000.0,1596.819106799746,10.0
74629,1,321717.0091808483,665455.1379737529,482571.5410586416,50000.0,1900.6534379781883,12.0
74630,1,321232.9888143873,666460.9937734341,481718.4433345255,50000.0,2412.990308940537,11.0
74631,1,320900.2131654863,667180.0747550372,481099.1714110899,50000.0,2955.6666660134583,10.0
74632,1,322924.4160840517,663523.5809674659,483983.79878763814,50000.0,2525.074073443778,14.0
74633,1,339104.33484889526,694810.3290707736,435364.5080537826,50000.0,27727.49234276613,13.0
74634,1,339200.3536122642,694254.9729468965,435907.77169599244,50000.0,28293.524380003066,13.0
74635,1,339317.4894923999,693702.5991491595,436434.2758081322,50000.0,28855.28300755836,12.0
74636,1,339957.58101629256,693220.8522900159,436530.8660701434,50000.0,29302.805667170334,13.0
74637,1,339839.54701113806,693762.6988627153,436016.0337031713,50000.0,28753.844570425492,13.0
74638,1,339720.67728589836,694337.339459753,435466.591522901,50000.0,28171.80579722878,13.0
74639,1,339603.21251145506,694895.6569166535,434934.8734649558,50000.0,27606.9865373105,14.0
74640,1,340112.302419071,694985.1880738474,434494.9999594194,50000.0,27495.20643946199,14.0
74641,1,340285.5943165004,694457.0584677731,434955.9440278482,50000.0,28024.86240100342,14.0
74642,1,340375.1999221015,693859.1454764914,435550.12515296094,50000.0,28628.378273580056,14.0
74643,1,340474.1551917148,693282.0950468448,436116.0638641492,50000.0,29211.39205430531,14.0
74644,1,340590.3449350492,692734.8639332802,436638.5161959937,50000.0,29764.00757126065,13.0
74645,1,341206.03179234854,692267.790511709,436738.283753947,50000.0,30214.80763838853,13.0
74646,1,341089.8870099618,692798.7322708957,436233.22204253275,50000.0,29680.70145824701,14.0
74647,1,340966.8759363615,693368.261579432,435691.16910427844,50000.0,29108.349893078906,15.0
74648,1,340866.97133569786,693934.936839321,435137.5752334253,50000.0,28539.202998943845,14.0
74649,1,340749.70845301735,694493.3486480325,434605.42533113924,50000.0,27979.425773276005,14.0
74650,1,340645.60043345875,695060.8510646401,434055.33158112573,50000.0,27411.24573713268,13.0
74651,1,341261.1874354036,694589.170289212,434159.3004702138,50000.0,27886.22212920168,14.0
74652,1,341369.24245784467,694026.171574999,434702.29520926176,50000.0,28447.212483117895,15.0
74653,1,341487.04646431823,693452.0309130575,435251.76636155276,50000.0,29020.29224897397,14.0
74654,1,341601.7914581228,692872.161586088,435810.3696425105,50000.0,29599.942213635484,13.0
74655,1,341723.270246238,692308.4769554895,436347.540697472,50000.0,30164.177460237584,13.0
74656,1,341826.30661800614,691757.9532059375,436883.3501757319,50000.0,30716.09946059241,13.0
74657,1,342441.0232906574,691280.5310154483,436997.9038912794,50000.0,31191.740340222525,13.0
74658,1,342344.5778175274,691825.2025763866,436463.6948516352,50000.0,30648.12420764043,13.0
74659,1,342242.9603475158,692376.3090190286,435926.60988272016,50000.0,30098.97594880112,14.0
74660,1,342121.3054145261,692972.7272729493,435353.9841327997,50000.0,29505.466970611396,14.0
74661,1,342005.1677394003,693525.3388813691,434826.4671916783,50000.0,28956.328075372156,14.0
74662,1,341893.9659739403,694115.0703490777,434255.8737265919,50000.0,28371.68205337085,15.0
74663,1,341783.5690178006,694640.8746424972,433755.3275212661,50000.0,27850.91364567686,15.0
74664,1,341680.6345752872,695224.1899512364,433187.8526373045,50000.0,27275.120299624552,14.0
74665,1,342198.13353300083,695325.5097365908,432734.6380782105,50000.0,27209.759731958242,14.0
74666,1,342308.1603358879,694746.1655184457,433292.7285675609,50000.0,27777.58331730664,15.0
74667,1,342418.32203035965,694188.2752906247,433828.1416526749,50000.0,28325.86573304885,15.0
74668,1,342531.2102326578,693625.1534907203,434368.2237657902,50000.0,28880.491033862338,15.0
74669,1,342630.62311534816,693041.9335217172,434940.0003630315,50000.0,29455.187590865437,14.0
74670,1,342742.3170697726,692473.5988301912,435488.16542192234,50000.0,30017.087511732876,15.0
74671,1,342871.6607540855,691870.5718202613,436063.4656841346,50000.0,30614.754178991712,13.0
74672,1,342976.31291250075,691341.6288281142,436574.65759531717,50000.0,31139.53863236274,13.0
74673,1,343112.86608535703,690786.1872781212,437094.4835214647,50000.0,31692.072970629535,16.0
74674,1,343603.6571668636,690842.1169404226,436707.48625239276,50000.0,31653.27965256287,14.0
74675,1,343492.45128671,691404.4731388466,436163.50657795055,50000.0,31097.914401803922,13.0
74676,1,343355.4913473192,692014.1005052413,435585.51929936575,50000.0,30496.0695032119,13.0
74677,1,343256.4040116925,692543.2241262671,435071.49924153584,50000.0,29975.76026066556,15.0
74678,1,343143.9418000445,693149.4195516624,434482.7488937093,50000.0,29381.013768371115,15.0
74679,1,343014.55167226447,693730.9257864414,433933.02245892293,50000.0,28810.14160228439,15.0
74680,1,342927.5894010231,694231.925003939,433443.8740933603,50000.0,28321.23001906203,15.0
74681,1,342803.3175808394,694835.0158863785,432868.78768222354,50000.0,27732.368645858125,15.0
74682,1,342698.55730407557,695381.1806853558,432343.61204481643,50000.0,27201.080124375036,15.0
74683,1,343316.5044815685,694932.1725158511,432425.1339803685,50000.0,27694.759449086083,15.0
74684,1,343419.10205934016,694315.957999369,433028.4521660807,50000.0,28289.0274631605,15.0
74685,1,343549.8262593867,693787.3994643292,433518.5779564571,50000.0,28804.71365527442,15.0
74686,1,343650.01919652475,693182.4501412706,434112.88782228326,50000.0,29391.20286810394,15.0
74687,1,343745.99523172027,692642.800846501,434639.4582831561,50000.0,29916.45245705564,15.0
74688,1,343864.31989387993,692084.1664956516,435172.7968309714,50000.0,30463.009438307756,14.0
74689,1,343974.2660379282,691505.3966496619,435734.48707684805,50000.0,31029.431649832073,13.0
74690,1,344107.3241072225,690923.8598466004,436284.77698970475,50000.0,31601.28950867441,14.0
74691,1,344603.91218074557,691028.3349306404,435843.0182510383,50000.0,31538.98982879101,13.0
74692,1,344500.9456939819,691584.9139694964,435300.5961492032,50000.0,30997.38071564124,15.0
74693,1,344380.08375352714,692165.1857778331,434744.7570053219,50000.0,30432.69757905113,15.0
74694,1,344269.5514004204,692717.3238558706,434213.6795612096,50000.0,29897.048827189352,16.0
74695,1,344131.1659564973,693311.3400581429,433655.913218368,50000.0,29319.863474003767,14.0
74696,1,344028.6921534937,693879.0589700841,433104.08288005664,50000.0,28773.0933891381,15.0
74697,1,343912.5760743117,694426.6219745635,432583.9114609032,50000.0,28244.949983074875,15.0
74698,1,344764.74496490374,692812.2267679194,433785.49747372296,50000.0,29868.221486085007,16.0
74699,1,344986.86986984324,691685.7337799721,434871.4046590055,50000.0,30953.706318939978,15.0
74700,1,345105.8916303533,691103.1897802937,435431.42794902425,50000.0,31517.622228858167,15.0
74701,1,345229.85644049325,690557.1712270384,435948.9382552483,50000.0,32048.656590908584,14.0
74702,1,345732.04674953356,690646.2115670758,435522.61737073155,50000.0,32022.310401164767,13.0
74703,1,345641.7179381179,691217.0694657812,434956.2114317289,50000.0,31476.162471579868,14.0
74704,1,345508.82823533326,691810.2495078654,434393.962464196,50000.0,30904.9998098951,15.0
74705,1,356293.3954968076,704382.9624937944,414220.9398627741,50000.0,22337.721329273412,16.0
74706,1,355700.3947756802,703901.3726760562,415080.26847788825,50000.0,22635.638860291943,17.0
74707,1,355174.05657954316,703392.4197868449,415930.8022519053,50000.0,23006.417686575267,15.0
74708,1,354526.31674343447,702967.7649326666,416767.76710154116,50000.0,23313.541826991543,15.0
74709,1,353937.8237804701,702450.4782642702,417669.23980451905,50000.0,23751.395857228268,16.0
74710,1,353389.89962442673,702001.0010988347,418476.8636165584,50000.0,24157.602126777638,16.0
74711,1,352767.12082664395,701505.7384840717,419380.8661255618,50000.0,24636.20306324458,14.0
74712,1,353660.301761261,700541.0391915849,419858.9727705427,50000.0,25607.471938166032,16.0
74713,1,354216.9233132522,701038.6834689477,418993.43199733336,50000.0,25142.451299805365,17.0
74714,1,354815.083031698,701456.2201629508,418189.90953049023,50000.0,24786.785823670616,17.0
74715,1,355436.9846666461,701959.903052074,417283.45618995506,50000.0,24383.51714249147,17.0
74716,1,356005.4299253121,702458.5478989495,416416.9363478008,50000.0,24011.599399441428,19.0
74717,1,356567.9035447061,702926.288115996,415588.8492979453,50000.0,23699.218067339167,18.0
74718,1,357207.59836695465,703365.7463591114,414746.9633374898,50000.0,23464.100198063148,19.0
74719,1,358062.5888097722,702436.527382673,415219.29185432824,50000.0,24502.299189978068,20.0
74720,1,357496.00220666575,701907.9560817407,416110.7868443493,50000.0,24820.34331939872,21.0
74721,1,355715.32177949604,700531.5217104713,418626.82939325774,50000.0,25767.331076468923,19.0
74722,1,355135.18993368576,700023.9789538117,419513.8839809294,50000.0,26193.43678108955,18.0
74723,1,354539.3716095077,699573.5641430217,420352.2697237866,50000.0,26592.76932835233,18.0
74724,1,355506.40459349426,698543.992927851,420862.1599843719,50000.0,27654.472052959845,21.0
74725,1,358986.129778387,701398.5312193774,415769.48753844335,50000.0,25657.1151930537,22.0
74726,1,359876.81091643596,700424.3206164809,416275.6464777965,50000.0,26750.948190448657,24.0
74727,1,359300.33132087335,699944.4649362232,417119.94265688903,50000.0,26999.98767049277,24.0
74728,1,358749.9876220146,699484.5942901189,417930.0104831014,50000.0,27268.09816597091,24.0
74729,1,358146.5250517693,699014.25580958,418784.7758310388,50000.0,27562.876004235146,23.0
74730,1,357536.72234538925,698470.0118707215,419724.2907499583,50000.0,27956.296356875762,22.0
74731,1,356945.08853210043,698060.7796877137,420512.142770246,50000.0,28257.322644578413,21.0
74732,1,356379.7153262124,697589.5695931597,421352.51245671953,50000.0,28646.750759838615,20.0
74733,1,357261.65612248954,696645.8469211381,421829.7891592803,50000.0,29637.632847562967,21.0
74734,1,357850.08844927355,697104.5604200667,420989.8481469107,50000.0,29277.460069973025,21.0
74735,1,358424.0531464346,697587.2352691451,420135.4257779055,50000.0,28919.96980756874,23.0
74736,1,359033.1937833061,698094.1114790683,419236.97350257926,50000.0,28575.905808788488,23.0
74737,1,359592.14793113177,698585.2346443288,418387.3187012775,50000.0,28265.41302157775,23.0
74738,1,360165.63116132043,699032.6536031882,417577.72569265275,50000.0,28025.265203118975,26.0
74739,1,360731.6572186352,699475.9253964117,416779.0727481639,50000.0,27814.7032488514,26.0
74740,1,410029.9435487484,587264.1382089109,517870.3924426379,50000.0,2567.3625033936373,29.0
74741,1,414768.169442045,583930.86367633,516422.795071114,50000.0,2280.418988742844,28.0
74742,1,415381.8570565277,584662.7594622761,516560.334561785,50000.0,2870.117494519408,28.0
74743,1,416000.13174908794,585397.8279045157,516702.36200515256,50000.0,3980.2027249720063,28.0
74744,1,416615.4959375346,586126.6091101071,515590.36089107336,50000.0,5276.175391038073,32.0
74745,1,411523.2577583645,584554.7525772967,518449.1658933247,50000.0,2617.9546230319293,28.0
74746,1,412144.74240076245,585292.7232215733,518579.64633776696,50000.0,1075.7429524224358,28.0
74747,1,413027.779999976,586339.5572441111,517305.0582277513,50000.0,1098.6534511205405,29.0
74748,1,413684.408639153,587167.5295781712,515920.6240212508,50000.0,2760.60726708358,28.0
74749,1,414347.07099589385,587893.3995829987,514666.66041827016,50000.0,4303.188059046823,28.0
74750,1,414976.4919918855,588631.1678153146,513424.1209655854,50000.0,5815.013704324379,28.0
74751,1,415663.73856021266,589435.2224874756,512077.736993497,50000.0,7454.753454333958,33.0
74752,1,410669.24931850383,588015.8862020484,516572.7902661016,50000.0,2337.650529393884,29.0
74753,1,411312.99262585025,588770.4318262624,515277.5056682799,50000.0,3042.1930225053925,30.0
74754,1,411961.7275255668,589528.3312652257,513983.5145378816,50000.0,4238.071587707646,30.0
74755,1,412818.5758385833,590538.3145378762,512275.9199809054,50000.0,6081.505338308851,30.0
74756,1,413372.13945909793,591174.2278085488,511200.2990536886,50000.0,6881.377151007326,30.0
74757,1,408826.7288632684,589505.1334746237,515789.58853799064,50000.0,4174.03045135405,28.0
74758,1,409456.53045062185,590238.2535151227,514523.24288763246,50000.0,4479.698617919793,29.0
74759,1,410175.59386164707,591072.6366376479,513090.21329409216,50000.0,5358.751697606761,28.0
74760,1,410703.99892560736,591682.6567633414,512047.32267493586,50000.0,5837.029548266733,29.0
74761,1,408938.33766209363,591498.1265365882,513267.7573499066,50000.0,5709.269238765841,30.0
74762,1,409396.6085588397,586515.6839984491,519168.8328817364,50000.0,3553.88239085018,28.0
74763,1,408202.4041921379,588673.4867142106,517183.0966732567,50000.0,4400.400653511188,29.0
74764,1,407623.03308917326,589971.2070686452,515910.7786548735,50000.0,5182.044810902911,30.0
74765,1,406608.7239215956,591778.2198634803,514264.05014324584,50000.0,6681.101871870773,30.0
74766,1,409110.2829953762,585235.5127592374,520091.0877583181,50000.0,4871.783899452273,28.0
74767,1,408530.31435882754,586231.274928324,520033.4780310011,50000.0,4818.649876856831,28.0
74768,1,407806.30435562483,587573.6045083753,518785.40402315324,50000.0,5001.1234913132585,28.0
74769,1,406936.38112272543,589171.3191970289,517307.85192670487,50000.0,5659.156577377943,29.0
74770,1,406359.57132569613,590517.4054261238,515973.56964281155,50000.0,6345.579820662678,30.0
74771,1,405473.5651616411,592085.3262432736,514548.850261202,50000.0,7541.686998775466,31.0
74772,1,400105.1852705101,602112.6565708662,505341.3371117431,50000.0,7404.747642373609,31.0
74773,1,400581.29309376446,601190.5133756093,506192.5915156117,50000.0,6936.392599202266,30.0
74774,1,401270.3247891658,600186.5224584556,507020.6284709105,50000.0,6348.211476558692,32.0
74775,1,401863.8612205974,598724.5846743935,508469.30530173605,50000.0,6208.807907927307,30.0
74776,1,402565.75323450763,597383.5121273515,509708.4658743648,50000.0,6204.758136060091,30.0
74777,1,403302.29581441823,595984.2241446066,511001.6181276784,50000.0,6503.962258088236,30.0
74778,1,404003.22598112305,594656.9485799181,512229.36833861505,50000.0,7040.771840398249,32.0
74779,1,404639.434623992,593459.6167665398,513336.69689104246,50000.0,7691.567489592868,32.0
74780,1,402074.33542457275,600748.3849565584,505863.6183192309,50000.0,5428.468971982903,31.0
74781,1,403061.34780939703,598850.2993746623,507615.92393743544,50000.0,4706.822987422843,29.0
74782,1,404221.12435578776,596919.3007953224,509313.4532750692,50000.0,4523.928291201732,30.0
74783,1,404928.70453502465,594581.1824812941,511780.49645704305,50000.0,6084.866300368054,33.0
74784,1,405796.5143060672,593213.5138552792,512962.9790299204,50000.0,6799.219413131943,31.0
74785,1,402811.8518010105,601566.8804180757,504440.2176444304,50000.0,4965.5754585517125,31.0
74786,1,405451.4215004379,595177.5921123256,510742.37341474154,50000.0,4837.072210996714,32.0
74787,1,407232.4743230975,592498.3069801921,513013.29488590575,50000.0,6415.356620280655,31.0
74788,1,404036.87398532435,599942.2107735588,505720.42601895874,50000.0,3501.983709422723,31.0
74789,1,405188.38320323743,598009.5403210613,507422.6010614819,50000.0,2542.164112733492,29.0
74790,1,405977.5427852358,595775.6993526712,509705.4312035175,50000.0,3589.3627699462377,31.0
74791,1,406506.70981255214,596376.1522433724,508669.07294661814,50000.0,2341.3800164862155,30.0
74792,1,407209.056633208,594829.6762677243,510162.4627750576,50000.0,3536.902005699344,31.0
74793,1,407860.8370622702,593221.5334145585,511763.6621105511,50000.0,5057.952527155455,31.0
74794,1,405116.380136703,601114.1943469032,503686.6679550525,50000.0,3619.6384751531555,31.0
74795,1,406219.2709611414,599167.0842148485,505431.4301591827,50000.0,1700.5260450941987,30.0
74796,1,407039.25654687325,596978.291260923,507633.9084113245,50000.0,1093.4896925260011,30.0
74797,1,408495.08435751364,593947.1534290458,510515.3356103507,50000.0,3814.1008909690568,31.0
74798,1,407968.0401404658,598024.4953568632,505845.51515401766,50000.0,1065.3288220402242,30.0
74799,1,408535.31950878474,596303.0328420236,507620.6649865603,50000.0,1276.3834631978307,30.0
74800,1,409132.9622099673,594675.9762935415,509268.58697635785,50000.0,2837.797336036989,31.0
74801,1,410174.5329674953,592922.8403147525,510827.0673001286,50000.0,4590.795013106871,31.0
74802,1,407547.527114386,600648.4565754388,502905.4857270499,50000.0,3865.994678267841,33.0
74803,1,408464.2272669838,598581.648671802,504898.436127082,50000.0,2209.9275702039786,30.0
74804,1,409775.3937654804,595407.9076975974,508022.99416184454,50000.0,2469.204295811754,30.0
74805,1,411378.8461769634,592467.1741762058,510716.4194711074,50000.0,5175.063121033514,29.0
74806,1,408962.263810415,599140.2774904828,503952.80825583247,50000.0,3353.5322390690235,31.0
74807,1,409757.0739559052,597659.2110981042,505307.8294950047,50000.0,2868.3029781945365,31.0
74808,1,410422.70155041054,596142.2839076202,506779.17334143096,50000.0,2946.6391591387787,31.0
74809,1,411485.4318695725,594425.2806426295,508280.07117857976,50000.0,4095.9523154996323,29.0
74810,1,412028.4547282588,593208.0667707371,509460.6090731176,50000.0,4971.880479570209,29.0
74811,1,409551.03739590413,599798.9934639141,502842.3401770672,50000.0,3264.1950228954456,33.0
74812,1,411073.57084606384,596879.8209778483,505536.95486477524,50000.0,3974.9022535612676,34.0
74813,1,412688.1691569772,593964.2594206427,508188.43249622214,50000.0,5229.03141032272,29.0
74814,1,413947.690889524,591995.6486581344,509893.8501538106,50000.0,6804.60571205478,29.0
74815,1,416649.66821643745,595125.9964313679,504720.4359423114,50000.0,8388.282159743565,32.0
74816,1,414616.48136008263,597956.3892946744,502386.7887638728,50000.0,5675.093184704734,31.0
74817,1,415404.1066930671,596858.2423931194,503291.4779903963,50000.0,6711.042600152434,31.0
74818,1,416184.2599139436,594593.4552819321,505594.65681103116,50000.0,8511.750333062619,31.0
74819,1,414080.98697614286,597362.8037715058,503370.79929424037,50000.0,5690.409870923443,31.0
74820,1,414666.58034507855,596217.5493538625,504436.05372645677,50000.0,6738.776016588514,30.0
74821,1,415670.3282970624,593999.496350859,506571.29368499754,50000.0,8294.074061683674,31.0
74822,1,413562.9508169516,596787.3647473676,504328.5604431724,50000.0,5943.769534856348,31.0
74823,1,413995.01648228226,595454.8458385355,505699.7225172853,50000.0,6806.6682502423555,30.0
74824,1,415125.6213491574,593366.6604338774,507615.31966579286,50000.0,7629.4126071083465,30.0
74825,1,410764.16661759885,598848.1862952828,503335.09745227615,50000.0,3857.956513602053,33.0
74826,1,411695.853147494,597581.4103001629,504360.35732537677,50000.0,5066.877938264661,34.0
74827,1,412923.3208915139,596060.8845745721,505536.37830884947,50000.0,5790.917359611018,31.0
74828,1,413354.4617103862,594725.4189633399,506914.461755727,50000.0,5896.278300447123,29.0
74829,1,414556.00286601984,592706.2029189814,508711.0330178297,50000.0,7109.95279270615,30.0
74830,1,423362.8576289989,567041.8391498387,501996.6462484273,50000.0,5191.432210320667,30.0
74831,1,423783.4387044526,567581.855002911,502078.0877670278,50000.0,4737.177215437374,29.0
74832,1,424331.8559504461,568285.3859919396,502188.25492294895,50000.0,4511.474549001575,29.0
74833,1,424894.22761483694,569002.460799099,502303.7013924751,50000.0,4753.752780621324,30.0
74834,1,425479.915798813,569749.3548591996,502429.2359633761,50000.0,5435.075535144303,30.0
74835,1,426082.5370397036,570513.6919147086,502561.44740200916,50000.0,6440.116236900573,30.0
74836,1,426724.7831960192,571324.7530339442,502706.23178981413,50000.0,7707.867997576436,30.0
74837,1,427136.1914140388,571842.3948112724,502801.01081282453,50000.0,8582.872457155288,32.0
74838,1,421775.02905801823,569617.0752450735,504316.33353434096,50000.0,2615.6175081050496,30.0
74839,1,422316.165795327,570305.4006576635,504424.4437654624,50000.0,2283.740927055402,31.0
74840,1,422861.4106597338,570996.7213078487,504536.74529553927,50000.0,2772.5393985769774,28.0
74841,1,423412.03815767117,571690.3009928955,504652.13542125473,50000.0,3777.1450346963256,29.0
74842,1,423964.9118652017,572387.0028795899,504772.7597710307,50000.0,4992.9557912054215,29.0
74843,1,424523.1348988609,573085.9449081117,504896.46708089544,50000.0,6300.86503984517,30.0
74844,1,425077.9771890248,573778.9733323482,505022.8797435073,50000.0,7635.745320484764,31.0
74845,1,420564.44342437317,572757.6347380658,506772.76236923103,50000.0,1086.3470548901862,29.0
74846,1,421147.458030775,573487.4821598774,506893.22830946,50000.0,2600.036022879713,33.0
74847,1,421658.93743584194,574126.891805931,507002.57599020225,50000.0,3919.79179138287,31.0
74848,1,422263.6802345902,574878.7454223788,507134.34755562845,50000.0,5466.91074866148,31.0
74849,1,422839.8550445048,575593.8862437328,507264.05327406654,50000.0,6931.258570638185,31.0
74850,1,423314.6930878281,576179.3614386525,507372.1136014527,50000.0,8127.619473021669,32.0
74851,1,419160.11986924877,575632.0873171525,509192.9360169586,50000.0,3693.617766070637,29.0
74852,1,419742.16404162906,576352.4361859353,509316.79993311013,50000.0,4951.441767959959,30.0
74853,1,420231.7643798542,576955.7114338492,509423.17178002844,50000.0,6082.45432319512,31.0
74854,1,420766.17587518395,577611.8783448563,509541.7328225539,50000.0,7350.035976999244,33.0
74855,1,417612.10230903747,578311.5633737758,511583.9796986676,50000.0,6281.608278344402,28.0
74856,1,418226.87051190354,579063.0953030224,511716.7817523738,50000.0,7006.0324162096895,28.0
74857,1,418846.52983465436,579817.9836409189,511854.3505101484,50000.0,6831.204180447521,31.0
74858,1,419461.8804072293,580563.7826841549,511993.7697482486,50000.0,7001.186142775475,34.0
74859,1,414323.2315903499,578860.1783570014,513614.24932505586,50000.0,6969.0037627943275,26.0
74860,1,414889.48332365835,579551.4228374284,513728.6024407619,50000.0,6537.900339402201,27.0
74861,1,415459.97519278433,580245.681697128,513847.1522621604,50000.0,5589.428747761563,28.0
74862,1,416034.6928389455,580942.945345293,513969.89730795316,50000.0,4891.7651039559305,28.0
74863,1,416613.9824866972,581642.5505669749,514096.2566471399,50000.0,4562.28894632744,28.0
74864,1,417197.46519269765,582345.1415541125,514226.80663955427,50000.0,4678.874408717774,28.0
74865,1,417771.2315641626,583033.6474746683,514358.07591450354,50000.0,5195.259549702807,31.0
74866,1,412954.24177743227,581753.7517098422,516037.07540015614,50000.0,4845.728419655283,27.0
74867,1,413554.06052344944,582476.0626586722,516161.1349057463,50000.0,3581.2984628535673,27.0
74868,1,414159.0861809675,583202.1513161383,516289.7457370737,50000.0,2593.8570033926912,27.0
74869,1,413760.68667083967,578171.3920963606,513504.05050623993,50000.0,6853.25485690392,25.0
74870,1,412364.4000914438,581026.7210098689,515910.060893454,50000.0,6226.285499993122,27.0
74871,1,410945.73327108676,583863.4614667464,518329.2302579142,50000.0,4065.6783968130667,28.0
74872,1,412854.8540956542,578386.7568951872,514104.5240605956,50000.0,7569.270591722544,25.0
74873,1,412223.284723973,579522.2932552291,515098.2738735484,50000.0,8271.213072637345,26.0
74874,1,411547.5701780648,580739.0089493062,516164.46676396043,50000.0,7312.99836132223,27.0
74875,1,410496.62511552,582641.7988349983,517832.8300237579,50000.0,6008.6693076736465,28.0
74876,1,409955.40187002637,583625.2751851949,518696.0218772972,50000.0,5476.532116864544,27.0
74877,1,413214.6370767583,577489.992149812,513394.1442201764,50000.0,7030.716613240432,24.0
74878,1,413660.68807242566,576572.563259162,512627.8349499999,50000.0,6499.172630460084,24.0
74879,1,414166.6783727426,575537.0900888005,511763.2396873556,50000.0,6017.441868522777,26.0
74880,1,414619.93138074107,574613.7706206301,510992.67961864045,50000.0,5718.597150048742,27.0
74881,1,415074.0809449134,573690.5403111895,510223.09807916556,50000.0,5565.190530864985,27.0
74882,1,415675.4515588795,572767.5600121696,509376.13532735006,50000.0,5379.549050291147,29.0
74883,1,416409.526173754,570996.0790231749,507979.7709655522,50000.0,6001.214242332437,29.0
74884,1,416992.8112784369,570044.5211037358,507129.9102622069,50000.0,6300.133099232483,28.0
74885,1,417334.4413645239,569148.2997916888,506443.42075098434,50000.0,6939.599084163255,30.0
74886,1,417948.469924627,567927.5654619541,505429.9332067704,50000.0,7750.7912282897505,32.0
74887,1,419232.05047126923,566335.415732736,503846.6278456887,50000.0,8491.446937502977,33.0
74888,1,415201.77026747086,575338.6729654751,511100.4426468376,50000.0,4950.571332906243,29.0
74889,1,416568.5728963462,572393.7681647375,508685.186170544,50000.0,4503.396757569773,30.0
74890,1,418141.6591352609,569694.3736520193,506311.59142624,50000.0,5338.207451720332,28.0
74891,1,420417.96363190125,565957.7101611949,502987.7426950624,50000.0,7938.868698980342,32.0
74892,1,421234.6608283766,564278.598290992,501613.4026864653,50000.0,9514.82042421776,32.0
74893,1,415796.4132732514,576077.3114306261,511214.72832358984,50000.0,4582.558749130439,29.0
74894,1,417078.7250812301,573001.6239209576,508759.9152813464,50000.0,3425.743296340392,29.0
74895,1,418640.4397080894,570327.6111200787,506400.26514447335,50000.0,3999.031048881565,28.0
74896,1,420009.78994825133,567767.6419385734,504218.19081110635,50000.0,5906.1738127229955,30.0
74897,1,421671.51191993686,564848.1586445752,501686.90562996524,50000.0,8472.384058286692,32.0
74898,1,417580.94054481323,573665.2156211657,508874.8899053405,50000.0,2582.5699263032566,28.0
74899,1,419234.69606378186,571081.9511986834,506511.19229331,50000.0,2412.919856349789,27.0
74900,1,420718.84222684073,568268.5856320019,504116.09097244847,50000.0,4696.125960790286,28.0
74901,1,422156.9276081504,565480.0584150105,501772.0269423216,50000.0,7378.935614945316,33.0
74902,1,416397.31329270586,576818.6165028238,511332.68492891866,50000.0,4723.897503864883,29.0
74903,1,418103.16528849426,574318.3036240003,508977.4309986308,50000.0,2292.0573316186983,27.0
74904,1,419735.4870992561,571714.7251864641,506607.42316136387,50000.0,1087.432362912579,26.0
74905,1,421238.0132351771,568931.7546877734,504212.4158367167,50000.0,3544.404505698764,28.0
74906,1,421720.85663294175,567640.9922229957,503220.8844063733,50000.0,4907.567398699925,30.0
74907,1,422615.7173879021,566074.0989383437,501854.48051924707,50000.0,6436.63540184925,33.0
74908,1,417002.2437500914,577563.3997931754,511455.9466885458,50000.0,5335.679848678086,28.0
74909,1,418659.5398739997,575011.2707454403,509089.61136221024,50000.0,2796.61539376709,28.0
74910,1,423036.5631731474,569308.9907698961,503467.0558792117,50000.0,3218.3943855696657,31.0
74911,1,424435.3708429613,571099.656911462,503768.8915072263,50000.0,4712.1278591401715,29.0
74912,1,426130.9212264954,573230.0086520669,504150.72143382573,50000.0,8437.395693815606,32.0
74913,1,425567.11328085535,572523.7851566804,504020.4073366715,50000.0,7129.825362822275,30.0
74914,1,436900.06849032163,779510.6836433894,304741.2802618241,50000.0,4420.076180971782,11.0
74915,1,436700.2472431162,779235.6680034588,305064.8307204473,50000.0,4605.733958417252,10.0
74916,1,436502.7240106007,778964.5776813908,305384.07182968064,50000.0,4455.700743041447,11.0
74917,1,436301.04384175513,778690.2243255742,305707.8389443198,50000.0,4278.281945657226,10.0
74918,1,436102.5207098724,778427.5355106916,306019.6253840722,50000.0,4122.531677075999,11.0
74919,1,435901.00875086506,778159.6743363317,306337.41603542556,50000.0,3986.6696799717065,10.0
74920,1,435702.13995808084,777884.8008628463,306661.26054539415,50000.0,3880.270284699737,10.0
74921,1,435503.2907452245,777615.1033913346,306980.28668646014,50000.0,3799.4827977865566,8.0
74922,1,435305.74063458113,777345.4521218931,307299.0142483321,50000.0,3748.515203440254,8.0
74923,1,435656.05447691545,776870.7239553763,307646.83557451813,50000.0,4290.856348481669,13.0
74924,1,435853.2827689944,777140.4655502904,307328.2837962846,50000.0,4321.819525601258,12.0
74925,1,436052.92156453716,777410.2723313773,307009.08045144327,50000.0,4380.643697651123,14.0
74926,1,436251.65855177934,777679.4463313828,306690.9013386962,50000.0,4463.675994167327,13.0
74927,1,436449.4281031327,777949.916876982,306371.9155997024,50000.0,4568.7462852963135,12.0
74928,1,436645.2046426656,778219.0908480721,306054.91520510573,50000.0,4693.976807971044,13.0
74929,1,436850.0376959935,778489.0898913182,305734.53758578567,50000.0,4847.913407005466,12.0
74930,1,437050.3920212435,778766.117043808,305408.9230460369,50000.0,5015.157740953771,13.0
74931,1,437236.37659492774,779046.7748853791,305084.2846294395,50000.0,4976.8701373751865,12.0
74932,1,437409.616714757,778307.8838862727,305740.4681593028,50000.0,5427.3425549190115,15.0
74933,1,437225.27804060245,778060.6505454805,306032.55465453333,50000.0,5292.515560030115,14.0
74934,1,437011.4661686698,777768.5070760855,306376.65429083706,50000.0,5156.495028826841,15.0
74935,1,436823.6403856874,777503.2376535825,306687.34736030176,50000.0,5058.439940041799,14.0
74936,1,436619.5283194179,777231.9142169158,307008.8755162526,50000.0,4967.388305745709,15.0
74937,1,436424.4270709059,776962.7038880736,307325.8111708947,50000.0,4905.50191876986,14.0
74938,1,436220.5294671846,776695.9438724321,307643.1932971478,50000.0,4857.14840917073,14.0
74939,1,436025.9432549872,776422.9300513233,307963.90609109384,50000.0,4843.136942158315,13.0
74940,1,435831.283130731,776157.0209872347,308277.9657979206,50000.0,4848.151299688473,13.0
75037,1,258109.23659978044,639914.8090875776,640001.970823409,50000.0,43580.172294496806,26.0
75038,1,259166.46504229767,638851.7770923354,640486.7162721797,50000.0,43741.07719707334,26.0
75039,1,260276.11892446302,637739.931180625,640941.8024029087,50000.0,43878.27169143655,26.0
75040,1,259339.87376023157,638739.2854973789,639711.3299939889,50000.0,42858.59449014642,26.0
75041,1,261350.76967435222,636664.7606560569,641361.2282656567,50000.0,44013.21145939262,28.0
75042,1,260434.93345509018,637646.2904927137,640101.6090115285,50000.0,42936.07454609431,26.0
75043,1,262456.0798457562,635557.4606797512,641815.3030901392,50000.0,44201.29061547758,28.0
75044,1,259086.58638485763,639066.6842366167,638662.6164125804,50000.0,41823.82941457194,27.0
75045,1,261550.25448491485,636524.629393192,640613.6966107384,50000.0,43163.46462591255,27.0
75046,1,263414.93141224125,634601.4234711651,642145.1948389672,50000.0,44317.01916877774,30.0
75047,1,260164.5234216667,637981.5701302753,639162.2217255611,50000.0,42017.529052268386,27.0
75048,1,262716.8426825606,635354.9852407628,641103.6652309475,50000.0,43380.95740058551,29.0
75049,1,261222.63345717383,636912.2274208546,639707.7010517729,50000.0,42291.00087789777,26.0
75050,1,259871.23037330856,638338.1464928922,638282.6428121548,50000.0,41171.54597114006,26.0
75051,1,263798.8553367495,634270.1197766778,641560.2455852451,50000.0,43610.367621397534,30.0
75052,1,262300.5898597718,635828.9964744763,640188.233377948,50000.0,42514.58015104194,27.0
75053,1,260959.17549675715,637240.7834435074,638809.2442288502,50000.0,41410.613406205666,27.0
75054,1,263571.5882505636,634557.1308165969,640689.2509347481,50000.0,42740.67658152358,30.0
75055,1,262018.64436746336,636171.7750457032,639329.1001024322,50000.0,41676.02129907261,27.0
75056,1,260671.3291968199,637597.4566749105,637902.7378546861,50000.0,40530.34884431157,27.0
75057,1,263108.4993000725,635076.2273456214,639816.818585321,50000.0,41924.63676581071,29.0
75058,1,261759.5187863637,636498.8822298602,638436.1116198582,50000.0,40797.13249524096,26.0
75059,1,260422.6988167961,637917.8730093034,637020.4006736048,50000.0,39666.286252143196,24.0
75060,1,262808.49880384846,635441.720666603,638931.9650798867,50000.0,41059.854723693694,28.0
75061,1,263867.08065204544,634372.8033575347,639458.6330924695,50000.0,41377.02824904107,30.0
75062,1,262548.26467730274,635772.1064636714,638050.4733780201,50000.0,40190.52093073541,27.0
75063,1,261217.5100124328,637185.7411768307,636666.4026205583,50000.0,39067.40776732938,25.0
75064,1,263582.719742113,634725.6126697494,638579.6051090246,50000.0,40511.7627586688,28.0
75065,1,262288.58120545663,636106.9726172574,637155.0342581635,50000.0,39307.57453934739,27.0
75066,1,264668.76182930346,633630.9636132466,639093.607092627,50000.0,40830.35030595788,29.0
75067,1,263340.56023084174,635043.2095057074,637680.955333859,50000.0,39617.704612070615,28.0
75068,1,262006.41911506315,636466.0533654798,636271.1962173906,50000.0,38443.83216672569,26.0
75069,1,264411.8219293869,633960.5730297384,638212.6905814654,50000.0,39954.88115594948,29.0
75070,1,263100.84903347434,635362.3677247142,636781.86467378,50000.0,38723.608946712186,28.0
75071,1,265468.22939673276,632892.3757109498,638745.7269837082,50000.0,40320.910220434474,30.0
75072,1,261706.9517023066,636846.933208372,635372.2681939179,50000.0,37570.20031751149,27.0
75073,1,264170.091558688,634278.6032732149,637337.7846348009,50000.0,39083.55844799008,29.0
75074,1,262784.82754325465,635756.3868338474,635904.0262257417,50000.0,37870.259829475865,28.0
75075,1,265192.2688477328,633245.6722877463,637840.5405909884,50000.0,39421.35632871016,29.0
75076,1,263903.2783535425,634628.2680066997,636425.3402483036,50000.0,38178.64641555824,30.0
75077,1,266226.85585430113,632200.3440032182,638350.3122587522,50000.0,39787.37098288949,30.0
75078,1,262541.3737270985,636086.222308405,635008.6934862738,50000.0,36983.32771051888,27.0
75079,1,264988.28738562786,633549.7436765599,636781.6712527637,50000.0,38349.336616238004,29.0
75080,1,263634.33959495305,634978.4121117936,635562.7258304443,50000.0,37327.487866209165,29.0
75081,1,264735.0840839235,633886.1184702556,635908.8448462058,50000.0,37481.02117289244,30.0
75082,1,263342.6014525175,635358.3787767205,634659.665843022,50000.0,36439.707605014024,27.0
75083,1,266797.6586609395,631731.8932517269,637563.7942467721,50000.0,38891.01788721469,28.0
75084,1,266028.3891340838,632551.4709309159,636789.9547925411,50000.0,38192.63792088195,28.0
75085,1,265641.7729738793,633071.7066368683,635434.5177419005,50000.0,36839.715880545395,31.0
75086,1,267349.4992615213,631278.3723452135,636860.6414637237,50000.0,38098.13100261989,31.0
75087,1,264339.4969341508,634458.6606883453,634206.0191087729,50000.0,35771.455417379664,32.0
75088,1,266702.43905302894,631995.4846295215,635981.7092081668,50000.0,37264.55526305851,28.0
75089,1,265391.0082582903,633457.1973047405,634192.8926346563,50000.0,35586.08508169685,30.0
75090,1,265595.03894632467,633357.5774460648,633425.7715859978,50000.0,34760.69337063311,29.0
75091,1,267749.75641336484,631072.6064620262,635320.9431564863,50000.0,36474.70405175241,29.0
75092,1,266883.34050036495,631993.5607618297,634533.6866510275,50000.0,35748.98119925819,29.0
75093,1,252422.038716601,645207.8780369017,650647.8640160983,50000.0,53752.59526903129,27.0
75094,1,253745.0638326993,643883.7184678742,651029.2141538168,50000.0,52650.31684907321,30.0
75095,1,253128.00700956152,644497.3515797205,650334.5871583411,50000.0,53429.56172775372,26.0
75096,1,252362.5411808935,645260.2001409353,649330.4580758592,50000.0,54472.87519514282,26.0
75097,1,254659.38092582737,642966.5389148778,651007.7853602738,50000.0,52046.72532588672,29.0
75098,1,253843.89857444234,643779.108170336,650037.3468980796,50000.0,53107.95622446581,31.0
75099,1,255618.0767314918,642008.3347725818,651447.2583131451,50000.0,51176.46962517489,27.0
75100,1,253090.1876153457,644532.8559397521,649019.156393636,50000.0,54157.01666380912,28.0
75101,1,256638.10823588452,640988.1817984708,651821.386231148,50000.0,50306.29698482458,29.0
75102,1,255362.11356865813,642260.7384661478,650541.2890433501,50000.0,51839.602221383364,29.0
75103,1,254521.2506554429,643101.522558106,649701.4707346528,50000.0,52849.36187921582,28.0
75104,1,256205.96969154887,641417.1868560069,651000.0374455005,50000.0,51040.97744165135,27.0
75105,1,253762.795846628,643863.0883580601,648634.9158444066,50000.0,53934.713276644216,27.0
75106,1,257164.87064811718,640458.2082842402,651338.4692027827,50000.0,50240.317156335004,28.0
75107,1,255949.12017685393,641673.7032369934,650215.6813976452,50000.0,51647.90078295402,29.0
75108,1,255239.5866349513,642385.1527314194,649392.4039248021,50000.0,52566.5671769635,23.0
75109,1,257166.31411264229,640456.656632289,650607.07825983,50000.0,50661.68346361542,27.0
75110,1,254400.78980744086,643229.9734842256,648292.7520477162,50000.0,53727.69495810491,26.0
75111,1,256600.0147003218,641025.129213202,649838.7988292418,50000.0,51461.34456027257,25.0
75112,1,255953.43482435125,641675.5833601976,649065.8339247066,50000.0,52314.48914455977,23.0
75113,1,254116.8252542527,643522.7941282197,647474.5489358474,50000.0,53140.91228345748,29.0
75114,1,257865.79121923647,639759.7492033328,650258.0475079893,50000.0,50443.353724384935,27.0
75115,1,255091.87985007648,642546.4942946016,647931.2103154518,50000.0,53228.17213279717,26.0
75116,1,257307.40530792862,640322.1896267582,649522.1392614682,50000.0,51222.761778174056,26.0
75117,1,253938.51314378422,643717.045227987,646501.0981998376,50000.0,52168.73528370451,30.0
75118,1,256681.18401076458,640953.9702856169,648778.1958774384,50000.0,52048.66552974836,24.0
75119,1,254791.98638123556,642857.6982834358,647125.8105456769,50000.0,52482.95399477817,28.0
75120,1,258250.9214745183,639381.3163054624,649627.1026091037,50000.0,50602.51449460562,27.0
75121,1,257596.71633236218,640044.0622701901,648724.8066313411,50000.0,51545.07163014078,25.0
75122,1,255444.39678160206,642217.5707847729,646772.9021677346,50000.0,51837.542976064695,28.0
75123,1,256421.45245768927,641239.646231073,647184.2754377193,50000.0,51897.164694107574,22.0
75124,1,258596.78376221354,639045.8603682427,648989.4007982537,50000.0,50806.50268955959,27.0
75125,1,258030.08567170615,639622.9565368042,648186.5634248783,50000.0,51640.295415991306,24.0
75126,1,259027.90960480704,638627.4226186359,648455.7518696137,50000.0,50912.50357043668,28.0
75127,1,257102.21058270766,640573.8852581421,646820.2063361047,50000.0,51248.06482434422,24.0
75128,1,259065.2592470837,638607.104668259,647719.4333557184,50000.0,51380.075657574234,27.0
75129,1,255939.14821211924,642087.3267629959,639147.4535974691,50000.0,43475.02182976334,28.0
75130,1,253595.85601523315,644523.3782971965,637025.7728016049,50000.0,42205.80696998953,22.0
75131,1,255395.27317491418,642677.0069843639,638312.3631705854,50000.0,42804.06873225626,26.0
75132,1,257028.0845305925,640996.4474149481,639585.6529405577,50000.0,43525.11559341903,27.0
75133,1,253488.4154665114,644710.3829238227,636007.554301839,50000.0,41177.681276857555,25.0
75134,1,256326.88195581856,641786.6989447696,638120.1874319895,50000.0,42230.07642395164,27.0
75135,1,257250.7671241391,640832.6605815502,638862.2065678564,50000.0,42671.981767528625,27.0
75136,1,254875.63239381326,643337.365116774,636356.6721816896,50000.0,40943.12301742552,23.0
75137,1,258331.7087232959,639766.8044537818,639072.6880522667,50000.0,42512.760699195445,27.0
75138,1,256927.0992680489,641246.4434356699,637597.0204317854,50000.0,41445.28761193833,25.0
75139,1,254585.2570495369,643694.3113696211,635487.8473342322,50000.0,40146.813704271684,25.0
75140,1,258004.3979594116,640156.4088791338,638159.3469267604,50000.0,41653.63919223356,27.0
75141,1,255661.0103013974,642609.2071646926,635993.9312376056,50000.0,40235.28023793932,22.0
75142,1,257747.04089516183,640480.6646506106,637262.9533409779,50000.0,40790.973578824436,27.0
75143,1,255395.4446199507,642946.0290991018,635115.8108891955,50000.0,39413.52361720429,22.0
75144,1,258808.23948402022,639409.2565202843,637783.4171523759,50000.0,40979.950756977116,26.0
75145,1,256441.875426236,641891.0711146703,635598.4114502418,50000.0,39507.642129956585,22.0
75146,1,255223.634172636,643192.638949743,634273.8694386624,50000.0,38594.514269143576,25.0
75147,1,258521.14728807865,639767.3835500127,636865.5360812322,50000.0,40100.366040721776,26.0
75148,1,256185.4640438912,642221.0469243542,634732.3470074681,50000.0,38690.14258079053,22.0
75149,1,259594.0158327012,638683.7617758106,637391.82836948,50000.0,40310.8716564678,26.0
75150,1,257234.00285171502,641162.8425694127,635224.4760135426,50000.0,38812.43922625922,22.0
75151,1,259349.72157335893,639000.0358448753,636514.9820880493,50000.0,39456.79979414244,26.0
75152,1,256943.78549961458,641532.1356600225,634321.3349800161,50000.0,37963.55214904539,22.0
75153,1,258004.14595766173,640462.8538641214,634807.3031620827,50000.0,38093.90757705076,26.0
75154,1,256676.68199687757,641878.0662945159,633464.7379504377,50000.0,37158.66269097967,26.0
75155,1,260150.53489460814,638263.2563068377,636152.4528461974,50000.0,38826.17681123906,25.0
75156,1,257722.2151083053,640823.7076860666,633939.6083636743,50000.0,37274.401706495366,21.0
75157,1,258778.54102307535,639756.3216161646,634441.8872110794,50000.0,37443.549498803186,24.0
75158,1,257488.83550696712,641139.1022035461,633093.5657875984,50000.0,36463.317450009046,23.0
75159,1,260941.53840142654,637541.1685546457,635764.5228948198,50000.0,38188.44400344035,26.0
75160,1,259585.59462635854,639023.1209046342,634057.6335036163,50000.0,36778.7539473229,25.0
75161,1,258273.01091428217,640434.5232778337,632679.7420081522,50000.0,35749.00356106744,23.0
75162,1,259304.92050018,639391.7480417908,633163.1452995396,50000.0,35920.26909795378,25.0
75163,1,260393.33782799498,638289.2919431626,633698.1565200068,50000.0,36157.767126236664,27.0
75164,1,259044.71484762285,639741.2508030939,632296.2027898044,50000.0,35086.98635917929,24.0
75165,1,260085.83618861073,638689.5400198208,632778.3827184918,50000.0,35275.458453767314,27.0
75166,1,261159.61387275936,637603.3964036618,633290.243034188,50000.0,35515.340807006556,28.0
75167,1,259839.07641481786,639030.9730754866,631897.0231526308,50000.0,34418.255291227426,25.0
75168,1,260892.7829026061,637967.6696402208,632373.6893589948,50000.0,34620.30198177133,28.0
75169,1,259582.3995982019,639389.8954821504,630981.1760825345,50000.0,33529.86279857836,27.0
75170,1,261963.12487822198,636883.8845167115,632890.4511092835,50000.0,34890.33443048835,27.0
75171,1,260650.624034778,638308.2607738823,631489.5861478888,50000.0,33754.639657021544,29.0
75172,1,262772.5577503557,636160.8834398251,632496.9623231785,50000.0,34291.20300408355,29.0
75173,1,262314.8193985881,636691.526045473,631748.129981109,50000.0,33607.01914441147,26.0
75174,1,263551.8944973121,635461.177620696,632167.2218357753,50000.0,33786.329188483774,27.0
75175,1,252578.70707735696,645056.678851247,647200.4651209575,50000.0,53517.30558396418,30.0
75176,1,253277.40948778338,644367.1546162333,646842.291441027,50000.0,52821.86815226214,30.0
75414,1,312395.43997059856,588716.9622578811,594246.474867078,50000.0,4524.887237463367,41.0
75415,1,309932.61303120933,589423.254213279,599279.6900616193,50000.0,7473.557784697713,41.0
75416,1,309400.9159522282,591026.9072598524,597981.9053190068,50000.0,4077.830876235257,44.0
75417,1,311524.41808378545,588944.2114500204,595900.2217072713,50000.0,2050.4127157660755,43.0
75418,1,311386.52960541425,588954.8398733061,596212.4083752529,50000.0,2027.5303238578138,44.0
75419,1,310974.078044905,589123.5163655424,596971.3719852864,50000.0,2850.5620104278264,42.0
75420,1,310824.7434870355,589159.0685988277,597294.2406310709,50000.0,3401.8218792747393,41.0
75421,1,311699.36258968106,587493.3542428307,597954.6960152014,50000.0,8217.984127638814,41.0
75422,1,311824.53510736034,587458.1496828264,597641.8376872971,50000.0,7498.379718544282,41.0
75423,1,311996.16987783165,587382.1802557108,597280.6925486892,50000.0,6748.580118513137,41.0
75424,1,312183.6211483818,587299.3397728099,596894.6005591345,50000.0,5951.144958698022,41.0
75425,1,312323.48176730453,587252.2803992928,596584.0700943043,50000.0,5265.297431173343,40.0
75426,1,312561.133861695,587116.3021444594,596170.7429658615,50000.0,4521.668650514455,39.0
75427,1,312663.32680086046,587127.5004860053,595872.1219407833,50000.0,3732.544947889339,40.0
75428,1,312772.5893537479,587124.0574705636,595587.3202591583,50000.0,3013.0478538028724,41.0
75429,1,312924.57169749,587075.7642654844,595271.7075761365,50000.0,2317.982746479786,40.0
75430,1,313060.608817735,587056.5926753908,594956.2404784467,50000.0,1556.9211051903883,41.0
75431,1,313274.2104645051,586958.179013206,594576.1869584003,50000.0,813.4418496954657,41.0
75432,1,313966.9003747596,586763.8441771738,593216.9796341542,50000.0,2208.246353578012,44.0
75433,1,314591.19954144524,586556.220539132,592105.3166788584,50000.0,4564.974248785907,43.0
75434,1,319031.40014606796,582444.6777928474,587484.7770573354,50000.0,8047.846609929528,41.0
75435,1,318903.6671002734,582432.2532646983,587763.8162090371,50000.0,7455.363316741043,42.0
75436,1,318712.60134527314,582483.1493765423,588108.7663735129,50000.0,6834.751188652525,43.0
75437,1,318496.7217877396,582564.0718222507,588476.6688303115,50000.0,6231.897589185565,42.0
75438,1,318205.6149156939,582588.6238807612,589090.7283642523,50000.0,5250.214856761625,41.0
75439,1,315753.70562755264,584762.9506056772,591802.7420057004,50000.0,2452.506666205801,40.0
75440,1,315928.2808654892,584715.994544476,591461.0883511186,50000.0,2913.9379915341924,41.0
75441,1,316080.6621138855,584683.4129893276,591156.7765056394,50000.0,3426.763654743693,42.0
75442,1,316396.9193794858,584625.998326644,590528.2962297027,50000.0,4657.599048069521,43.0
75443,1,316816.28060022404,584495.5312907589,589787.6365408215,50000.0,6128.858216330658,42.0
75444,1,316950.92589669797,584495.5892239218,589508.4510135463,50000.0,6785.82486249804,42.0
75445,1,317159.2743093478,584440.423952102,589143.771401564,50000.0,7553.766570058231,42.0
75446,1,317353.7614739201,584389.0612229635,588808.3417044693,50000.0,8264.083894471809,42.0
75447,1,321183.86721369124,580328.66732038,585385.2910071431,50000.0,9673.899563208479,42.0
75448,1,321027.2645192479,580351.0753066413,585685.2084187835,50000.0,9154.103002505395,41.0
75449,1,320840.9620316381,580395.9051189142,586026.880330417,50000.0,8609.139741048582,42.0
75450,1,320575.9908305772,580497.1798502974,586476.4594451396,50000.0,7969.865023809616,42.0
75451,1,317480.9677234166,582809.7234434051,590486.7191846427,50000.0,4141.255691209199,39.0
75452,1,317604.5605335734,582788.3926190133,590217.4711398965,50000.0,4193.890685700824,38.0
75453,1,317900.3537179463,582618.0433025669,589755.9052183672,50000.0,4522.301705593093,39.0
75454,1,318001.1838733395,582656.367364372,589467.4935548641,50000.0,4789.633593968826,40.0
75455,1,318327.89399117784,582586.4398608638,588819.6795283806,50000.0,5661.546452741857,41.0
75456,1,315511.8697990265,584878.1489850217,592213.3742953333,50000.0,2098.0732114649627,41.0
75457,1,315418.4918512676,584855.7669797841,592473.0486886348,50000.0,2128.0361341602934,41.0
75458,1,315224.4796950439,584926.5510133741,592846.0939852018,50000.0,2335.111680326528,39.0
75459,1,315074.95548152656,584961.655517582,593169.87157349,50000.0,2756.9709356043013,39.0
75460,1,314912.9331427736,585015.1075164989,593502.4532851534,50000.0,3267.957141644515,39.0
75461,1,314722.57416420616,585091.6415261142,593877.5511749109,50000.0,3885.218540172329,40.0
75462,1,314573.9359131232,585136.0962238372,594203.3229057438,50000.0,4519.802002697769,41.0
75463,1,314423.43807967124,585177.4923476807,594547.0521637265,50000.0,5230.531663153925,40.0
75464,1,313621.61421941966,586856.6754777635,593887.8340094716,50000.0,712.2489949099523,43.0
75465,1,313814.2853599689,586790.252947818,593530.3142691024,50000.0,1471.4504859241865,44.0
75466,1,314143.4393202245,586720.7193531987,592877.3035501398,50000.0,2974.562547836448,44.0
75467,1,314331.4834287986,586664.8436902539,592533.9958020777,50000.0,3721.0325810468753,44.0
75468,1,314679.905360552,586591.5927371336,591877.3811385036,50000.0,5224.352997896089,43.0
75469,1,314850.88266112946,586557.6263850518,591560.7663260305,50000.0,5952.062836206454,43.0
75470,1,315019.9647488233,586533.535756614,591242.3834544008,50000.0,6706.603801977524,44.0
75471,1,312562.9752639389,588685.8781276772,593929.14452284,50000.0,5200.8426633504505,41.0
75472,1,312251.8767197785,588730.8944391876,594538.0843465946,50000.0,3885.8801561236005,42.0
75473,1,312047.6513740756,588802.1904319951,594897.017605291,50000.0,3278.1747921552005,41.0
75474,1,311858.4275628009,588857.4112223522,595248.8023791874,50000.0,2717.787334196375,42.0
75475,1,311689.00351814297,588889.3761653608,595592.6512667303,50000.0,2245.949055423734,44.0
75476,1,306940.1687788939,593236.5653398547,600690.676820344,50000.0,6505.046685139175,42.0
75477,1,306838.8892505776,593211.599625128,600980.0162962901,50000.0,6732.22683933052,41.0
75478,1,306573.8736915504,593364.6610297213,601410.020990776,50000.0,7175.173640873174,41.0
75479,1,306414.123462842,593408.0550323782,601753.9533324994,50000.0,7594.1145139058335,39.0
75480,1,306251.04478800425,593469.6281380632,602082.9275453783,50000.0,8034.253072619987,39.0
75481,1,306126.14596542506,593486.7680370561,602393.4027443887,50000.0,8512.264232077969,40.0
75482,1,305740.8860725823,593670.0133118094,603140.4900446603,50000.0,9660.294058119325,43.0
75483,1,305677.6869767125,593636.0012535551,603395.370715566,50000.0,10179.67261168515,42.0
75484,1,305534.562534532,593675.0895227056,603748.7821836717,50000.0,10833.26210725346,42.0
75485,1,309562.8408929638,590992.4306850814,597652.4142232751,50000.0,4125.001614381119,42.0
75486,1,309253.56013784953,591054.4238799837,598293.0537204117,50000.0,4160.254200252213,44.0
75487,1,309117.1155675597,591077.379702879,598590.4934525967,50000.0,4353.7531700412055,45.0
75488,1,308916.98629953846,591159.2782162939,598961.8909264291,50000.0,4723.724125223036,44.0
75489,1,308838.998448776,591122.4613374171,599218.4601106452,50000.0,5074.530407652215,43.0
75490,1,308559.4938020743,591281.286127889,599683.5507049273,50000.0,5700.346905396997,44.0
75491,1,308394.92468145536,591333.6236250625,600032.9012243975,50000.0,6266.882626013789,44.0
75492,1,308197.29843922344,591436.0078654389,600390.5069571667,50000.0,6833.281462525506,43.0
75493,1,308025.75100217253,591501.4555227457,600749.8549109488,50000.0,7469.389790357194,43.0
75494,1,307877.07282675745,591553.6582329815,601076.7266237742,50000.0,8078.665528658755,43.0
75495,1,307566.87402574765,591674.8156246968,601756.7961626882,50000.0,9377.007524251629,43.0
75496,1,307418.3976569425,591737.6603337778,602082.921862663,50000.0,10008.806577134883,45.0
75497,1,311162.5832827505,589045.850238652,596622.0164263265,50000.0,2382.7376634433576,43.0
75498,1,309190.9020398882,589722.2108253462,600980.1983288781,50000.0,11065.859565534212,42.0
75499,1,311296.2845908905,587715.5547234149,598751.3691135584,50000.0,9749.688999198635,40.0
75500,1,311515.56831098424,587584.2795524078,598337.5271778444,50000.0,8989.760822310496,40.0
75501,1,309267.8919146459,589725.1904367147,600711.0741507543,50000.0,10392.040365731138,42.0
75502,1,309478.5075390216,589600.2151163762,600310.3110894836,50000.0,9651.175269948733,44.0
75503,1,309598.32122027565,589572.6804973382,599988.5878223564,50000.0,8913.744452250043,42.0
75504,1,309712.8949708022,589548.6216770498,599684.0688171339,50000.0,8216.15931415984,42.0
75505,1,310381.8144638235,589279.5021809292,598266.9717935422,50000.0,5330.699824861613,40.0
75506,1,310517.07742552523,589250.6195537467,597949.5566131255,50000.0,4657.420687956877,40.0
75507,1,310755.94205517677,589127.1586061371,597525.4963262251,50000.0,3915.3541100868947,40.0
75508,1,307258.6952958601,591801.0908983899,602451.5454989562,50000.0,10744.824715532319,45.0
75509,1,305986.58714334795,593523.254192385,602716.8043950723,50000.0,9034.240200931326,40.0
75510,1,310180.8394851897,589376.7847265427,598649.0829662698,50000.0,6052.709955545631,39.0
75511,1,310032.9407618456,589426.6745673458,598977.362017223,50000.0,6740.507660828379,40.0
75512,1,307811.92766576144,591529.1889456345,601317.7713989522,50000.0,8630.551487439261,43.0
75513,1,316615.4565603071,584554.7061101503,590143.2180212571,50000.0,5408.9151447748245,42.0
75514,1,319237.93182652886,582381.7938688502,587131.6554257644,50000.0,8712.050620998534,42.0
75515,1,316251.1289891891,584645.0902995771,590824.5903784299,50000.0,4047.0142560797617,43.0
75731,1,223280.35537545226,674527.4126677589,631218.6335875173,50000.0,44356.206054553506,5.0
75732,1,214741.59074879353,682903.7870276604,638408.5694327715,50000.0,30818.094896774142,22.0
75733,1,213530.19947105017,684092.5389841606,635234.3291481443,50000.0,32382.30596809017,6.0
75734,1,214344.02186573672,683279.7780898386,635110.7926605467,50000.0,33195.450998692366,5.0
75735,1,213902.93559374646,683729.7091865757,633846.0622921147,50000.0,33893.44307446351,3.0
75736,1,219043.86077415146,678657.7276825561,642062.5644288781,50000.0,32167.918593859795,13.0
75737,1,214468.32278799376,683207.7034862912,631783.4363093873,50000.0,36152.02096979673,3.0
75738,1,220492.2743774144,677234.9635790681,643277.5452513185,50000.0,32781.16248467414,12.0
75739,1,221681.85992505253,676052.8251523895,643877.0204282834,50000.0,33595.6594453505,8.0
75740,1,216798.5012347889,680904.6282669987,631631.4758295538,50000.0,38259.97831888822,4.0
75741,1,223959.80540640387,673670.1761385384,640391.1373797107,50000.0,38251.06916484721,10.0
75742,1,224536.34520504146,673100.0288164674,637076.9890008422,50000.0,41149.63138556833,19.0
75743,1,224710.4723063088,672968.0152285447,635071.4664211263,50000.0,42775.44531363733,19.0
75744,1,217610.0379534381,680069.3868908063,640852.5188399747,50000.0,31636.359137694963,13.0
75745,1,216173.81380666784,681486.4765593604,639619.0603184052,50000.0,31194.931968875797,17.0
75746,1,220231.98890115003,677475.0899591795,642629.1721460023,50000.0,32961.70747307972,12.0
75747,1,218795.89442267187,678888.6720346772,641431.2975040843,50000.0,32375.114363948735,13.0
75748,1,217349.70755974363,680314.7696191795,640190.3292235152,50000.0,31881.51488743516,12.0
75749,1,215898.6362307609,681749.9056527811,638964.2091694449,50000.0,31448.875151016728,22.0
75750,1,221409.10367051483,676304.8583313184,643228.4795228333,50000.0,33747.26454273891,8.0
75751,1,214475.57997823978,683160.9917689153,637763.7849770386,50000.0,31100.74912603736,20.0
75752,1,219955.24483129327,677734.6482702937,642002.1223526481,50000.0,33120.9077478587,13.0
75753,1,218517.58427198592,679151.4180589407,640765.8322718771,50000.0,32587.171650514098,12.0
75754,1,217088.2969794845,680564.0776553308,639555.904674306,50000.0,32114.479225295196,18.0
75755,1,215650.1520596915,681989.0614177567,638333.5623761684,50000.0,31718.275578919893,22.0
75756,1,221138.55031787307,676556.3650551208,642566.6609847047,50000.0,33920.35798775213,11.0
75757,1,214215.12567504466,683414.7004634907,637112.7378953147,50000.0,31402.92609560103,15.0
75758,1,219694.54922949724,677979.5666000185,641360.0601997611,50000.0,33316.486680811686,13.0
75759,1,218257.32389170842,679398.6045971537,640117.753427896,50000.0,32814.308039190146,11.0
75760,1,216812.31099140958,680829.8162609405,638904.1656871827,50000.0,32356.517581016626,22.0
75761,1,215385.1859998661,682246.5529606406,637678.2656690037,50000.0,32001.283680928827,20.0
75762,1,220860.1613778889,676818.7517183208,641931.7413153648,50000.0,34077.23011750742,13.0
75763,1,213946.90214164092,683678.3730572372,636457.7280833722,50000.0,31710.61455009502,10.0
75764,1,219435.52357553443,678224.699908014,640708.8228996354,50000.0,33530.0289550109,12.0
75765,1,217995.89687239993,679649.3692911606,639483.6079660995,50000.0,33039.38995649336,21.0
75766,1,216557.35612877144,681076.5916829361,638252.5474239571,50000.0,32627.944001971915,22.0
75767,1,222051.00336819718,675633.3514459467,642529.0805835545,50000.0,34870.47495843607,11.0
75768,1,215131.4057541886,682495.336581063,637061.8065805056,50000.0,32271.976369942993,17.0
75769,1,220619.80325155132,677044.4110626827,641280.656468408,50000.0,34293.08939019681,14.0
75770,1,213696.75198810705,683926.2035562585,635816.721192486,50000.0,32031.30223883726,8.0
75771,1,219165.18954619515,678483.5707715586,640066.9779838556,50000.0,33735.26670803716,10.0
75772,1,217733.95975699465,679902.3064251093,638821.1806715477,50000.0,33294.90107620003,22.0
75773,1,216296.61801916728,681331.4929724903,637614.7769135041,50000.0,32892.11381581395,20.0
75774,1,221781.37315688998,675887.6203352344,641870.4097924927,50000.0,35046.222958568855,13.0
75775,1,214869.8882247319,682753.6714017548,636406.5658225792,50000.0,32576.03567665109,9.0
75776,1,220336.044214411,677316.3847481224,640649.37673064,50000.0,34461.128263690596,10.0
75777,1,218895.8508550237,678743.2153879794,639404.9928808599,50000.0,33966.02070126719,21.0
75778,1,217463.99822481707,680165.9418366938,638197.4588763919,50000.0,33522.25124522803,22.0
75779,1,216042.73327560243,681581.617198698,636977.6199386315,50000.0,33170.851690149684,18.0
75780,1,221496.24683738037,676159.8454563554,641218.9102487704,50000.0,35211.31515118848,13.0
75781,1,220064.79826682512,677577.288522947,639990.9684296907,50000.0,34670.604868190545,13.0
75782,1,218640.2142655721,678991.7317210189,638777.9171091152,50000.0,34193.08252026995,23.0
75783,1,217211.85263566725,680413.4998310456,637545.8687734286,50000.0,33796.94647108555,20.0
75784,1,222667.98865826835,674992.4126208944,641813.7249736476,50000.0,35979.59863258503,12.0
75785,1,215785.34637453806,681837.3403592965,636339.904098403,50000.0,33455.310954333174,9.0
75786,1,221235.64067503865,676409.6166732077,640573.9205753905,50000.0,35405.89261295772,9.0
75787,1,219803.62251990248,677830.7482156819,639370.3889526702,50000.0,34871.50958107828,22.0
75788,1,218376.29887283224,679250.3437239033,638123.3357935089,50000.0,34442.00761582883,23.0
75789,1,216953.37755031764,680669.6052822685,636898.4114062836,50000.0,34071.245771408576,20.0
75790,1,222404.26028683846,675244.4777293898,641162.1391667913,50000.0,36160.26023001034,13.0
75791,1,215519.84997041282,682103.2741596724,635695.6546454565,50000.0,33746.224261104246,4.0
75792,1,220977.59792474285,676659.0297232945,639936.5910162608,50000.0,35606.58219570655,13.0
75793,1,214096.00893406954,683531.1893759887,634463.2688411786,50000.0,33530.22172738773,4.0
75794,1,219547.66232555546,678080.4852137652,638701.7137259044,50000.0,35122.010414805685,24.0
75795,1,218115.71730908912,679507.8790500115,637488.6581076744,50000.0,34687.6229550425,21.0
75796,1,216694.06048459528,680928.7028444061,636253.6235942252,50000.0,34351.20424206352,10.0
75797,1,222139.13733959966,675499.9857482614,640503.5234941875,50000.0,36353.69172863319,8.0
75798,1,215270.2714805992,682355.4464303328,635050.9376465278,50000.0,34059.97516949761,3.0
75799,1,220717.25639972434,676912.6616551349,639284.59938621,50000.0,35824.49915015026,20.0
75800,1,219281.61380221514,678342.7396002728,638053.8597690122,50000.0,35356.285328745,22.0
75801,1,217853.30374131494,679769.2932151052,636837.2608872891,50000.0,34953.16058717724,19.0
75802,1,223324.75825736008,674317.486894693,641106.8914658092,50000.0,37123.29344914711,11.0
75803,1,216438.96163134286,681185.6790825386,635616.7008203963,50000.0,34636.899066088816,5.0
75804,1,221904.476538213,675727.3142915539,639863.0194384877,50000.0,36573.589825743504,14.0
75805,1,220465.54343682894,677159.815912046,638633.4558477338,50000.0,36059.083981028496,23.0
75806,1,219034.03490807454,678588.6557974172,637419.3076981347,50000.0,35606.583433404674,21.0
75807,1,217603.2672635067,680020.4980190622,636189.6380303641,50000.0,35235.67451817833,5.0
75808,1,223063.31548349286,674570.8352613107,640456.110677563,50000.0,37308.80441018998,11.0
75809,1,216191.72083493028,681436.9104776375,634978.8324577989,50000.0,34938.32185837502,2.0
75810,1,221619.7505430538,676007.1145161998,639241.831910037,50000.0,36738.70297937279,21.0
75811,1,214765.4823380736,682871.969538353,633755.3215560127,50000.0,34711.18157692306,4.0
75812,1,220203.6562675784,677419.3941100992,638008.9705234609,50000.0,36272.50781938051,24.0
75813,1,218773.32060310512,678849.8078912067,636768.3867106927,50000.0,35865.387816955,21.0
75814,1,217362.2891269423,680264.7536090343,635552.5341510985,50000.0,35526.05718178009,2.0
75815,1,222799.02032480246,674829.0504042221,639790.1802193901,50000.0,37510.97969340114,17.0
75816,1,215941.85679605015,681692.9047506087,634337.5596263281,50000.0,35247.86275109207,3.0
75817,1,221376.6316184877,676246.9906599766,638587.4233009487,50000.0,36977.13731626653,23.0
75818,1,214516.16206613157,683130.2417886512,633118.5281075683,50000.0,35041.345644085086,2.0
75819,1,219940.97185063976,677681.7634335055,637351.1562302855,50000.0,36518.634505919115,21.0
75820,1,218531.0612094836,679094.6170402681,636130.7664051614,50000.0,36139.237994688236,12.0
75821,1,217107.3012155757,680525.0425878422,634918.2570243402,50000.0,35809.07922835377,2.0
75822,1,222532.2090274515,675092.2166054922,639162.6313926312,50000.0,37692.31219600271,21.0
75823,1,215694.32916022168,681948.6919990248,633696.8046192487,50000.0,35566.51865003588,5.0
75824,1,221119.43125061525,676503.1644559723,637939.0921338281,50000.0,37205.857840636796,23.0
75825,1,214277.21242360395,683380.8637516143,632456.6787711058,50000.0,35408.99894955982,1.0
75826,1,219682.58471443172,677941.9706249,636707.0734030724,50000.0,36766.84949870936,20.0
75827,1,218280.4767830127,679349.8590039309,635489.9058496653,50000.0,36415.69638609957,2.0
75828,1,223707.28067849085,673918.1989653113,639749.9145064659,50000.0,38441.87581336592,13.0
75829,1,216846.27238075194,680793.8127200602,634256.6822364021,50000.0,36116.77867418369,2.0
75830,1,222278.22519734938,675344.4903358532,638528.9509228683,50000.0,37898.80002034289,22.0
75831,1,220843.08626347122,676780.6692513286,637270.7112968819,50000.0,37439.67663685026,20.0
75832,1,219439.58299853076,678189.0441816063,636051.6518793042,50000.0,37046.367497730695,15.0
75833,1,218024.46383349903,679612.904256362,634828.1112123149,50000.0,36711.77430125105,3.0
75834,1,223445.9149320535,674177.1170908747,639095.7310752369,50000.0,38641.28272015812,21.0
75835,1,216594.6823940779,681054.9230492925,633622.4608225913,50000.0,36418.05443009624,2.0
75836,1,222036.40638130295,675586.6531519055,637887.3748223387,50000.0,38130.85744344825,22.0
75837,1,215194.72068178575,682471.3188217807,632408.8078092833,50000.0,36227.09435954944,2.0
75838,1,220596.71606065528,677030.1416896172,636650.5344456527,50000.0,37674.10776326291,20.0
75839,1,219200.56198674758,678434.0138635038,635425.0157950863,50000.0,37314.78422811205,2.0
75840,1,217767.90615695616,679878.3102245872,634190.400434658,50000.0,36995.75868263647,2.0
75841,1,223203.50520201545,674419.2234712455,638454.1413373209,50000.0,38858.72076238973,21.0
75842,1,216351.92490598073,681309.5463961839,632978.5949392918,50000.0,36742.28581469056,5.0
75843,1,221767.39856806782,675858.2276325271,637219.3146251448,50000.0,38364.2512878024,21.0
75844,1,220359.57237141274,677272.6064777726,636009.5224510913,50000.0,37940.591273580634,18.0
75845,1,218947.27116077687,678695.4808471189,634781.016079253,50000.0,37591.09246321578,2.0
75846,1,217537.4060030488,680119.8194589802,633556.8216123355,50000.0,37306.95427400534,2.0
75847,1,222940.5966401645,674683.9824033534,637796.0619109191,50000.0,39075.954558475125,22.0
75848,1,216108.02560638508,681567.6414665378,632327.7038087331,50000.0,37078.437240390325,5.0
75849,1,221527.1649468349,676103.0556117661,636582.174809363,50000.0,38610.41470939318,19.0
75850,1,220112.39098398585,677527.2356889142,635365.0384091162,50000.0,38207.83997768783,12.0
75851,1,218694.49761150675,678958.6854409624,634130.1942546911,50000.0,37880.88230915526,2.0
75852,1,217286.22971544077,680384.1125666287,632916.0431568706,50000.0,37612.611396984765,3.0
75853,1,222686.93935918846,674941.3297496844,637179.084989911,50000.0,39280.21909294755,20.0
75854,1,221268.56586511017,676368.255048774,635944.3120373868,50000.0,38847.18703755563,20.0
75855,1,219847.7810527265,677801.4863250677,634711.1701021667,50000.0,38473.875798043344,2.0
75856,1,218443.1336971948,679222.4348770807,633488.5891643323,50000.0,38171.931259619014,1.0
75857,1,217049.96995232027,680636.3222968689,632254.9981386315,50000.0,37955.20066338776,4.0
75858,1,222444.46418388875,675190.0258850332,636514.7833900001,50000.0,39537.64317249148,18.0
75859,1,221020.7054562604,676625.0417322218,635293.7564024277,50000.0,39111.373191002735,15.0
75860,1,219599.7319430016,678061.3159233566,634063.2932544807,50000.0,38758.07125957746,2.0
75861,1,218208.76452346804,679471.4965751478,632845.0392242551,50000.0,38486.80356069304,1.0
75862,1,223609.90169350873,674022.0160967439,637123.828530437,50000.0,40214.467735575265,20.0
75863,1,222187.50612408377,675454.9575599687,635877.3948986499,50000.0,39768.86627843679,20.0
75864,1,220776.57052763735,676879.9530739944,634658.969835405,50000.0,39374.25196865864,1.0
75865,1,219366.57143289773,678308.535163026,633415.3372010366,50000.0,39063.042700720136,2.0
75866,1,217975.23342286568,679721.5659768175,632211.4838578908,50000.0,38800.861192911936,2.0
75867,1,223369.29498958826,674269.9604827235,636480.1427680698,50000.0,40451.894623866865,19.0
75868,1,221927.2560225208,675725.2703233049,635236.0820823982,50000.0,40007.39885326975,17.0
75869,1,220533.78973031542,677136.319439848,633994.4197488908,50000.0,39668.758944964495,1.0
75870,1,219144.09723726514,678546.8151142386,632785.2528388182,50000.0,39369.96251450608,1.0
75871,1,217718.19189549066,679997.7099354878,631556.5120192062,50000.0,39118.66137660313,3.0
75872,1,223119.31805499856,674529.6045616574,635821.7276124291,50000.0,40698.60020235565,20.0
75873,1,221695.27704747647,675969.8091796534,634585.4852198246,50000.0,40286.90147022294,9.0
75874,1,220291.13653681352,677393.8464138622,633364.0677786892,50000.0,39943.60071177458,2.0
75875,1,218877.25510941414,678832.0965179808,632124.1082657404,50000.0,39669.089373936695,1.0
75876,1,224281.1663211376,673363.9318334587,636425.5138421619,50000.0,41372.295129563056,19.0
75877,1,222864.98921034994,674795.2940102984,635184.3483923058,50000.0,40932.91917306032,20.0
75878,1,221446.48913810303,676232.7243919726,633951.9194981966,50000.0,40544.59101433335,3.0
75879,1,220040.7151093294,677661.632644506,632716.672996441,50000.0,40231.70803678428,2.0
75880,1,218651.51516531484,679077.4234745039,631504.1954273161,50000.0,39977.68956250216,1.0
75881,1,224034.8203745584,673621.3928295093,635764.5019181144,50000.0,41617.95967471062,20.0
75882,1,222617.9796430398,675056.286630483,634526.7655191637,50000.0,41196.60818446155,14.0
75883,1,221217.5876681176,676478.223507545,633310.5506784281,50000.0,40833.50430752436,2.0
75884,1,219820.71716750774,677901.2057989705,632076.9611047028,50000.0,40547.725527402115,2.0
75885,1,223778.7928442162,673890.5212805042,635109.6176853804,50000.0,41857.256758123025,20.0
75886,1,222364.11576328316,675325.8669844903,633882.3857677712,50000.0,41450.99778844368,6.0
75887,1,220969.0751169715,676745.7921265031,632653.1927276115,50000.0,41123.72141657848,2.0
75888,1,219565.356400673,678178.0118597905,631432.386499124,50000.0,40842.48918982624,2.0
75889,1,223537.1311283996,674146.9724214913,634475.5925162085,50000.0,42101.79038928607,15.0
75890,1,222131.74551489745,675575.8958278036,633249.2760175513,50000.0,41723.51516062837,3.0
75891,1,220719.32912390694,677016.2682157743,632008.9151997227,50000.0,41409.316430223495,1.0
75892,1,223323.53652435745,674377.6464638325,633842.8003670282,50000.0,42378.38224325531,9.0
75893,1,221886.19169806843,675842.0623205331,632587.5421831793,50000.0,42012.70159826411,1.0
75894,1,220479.6980092685,677278.9814248888,631361.9148929549,50000.0,41712.758656982565,1.0
75895,1,224456.85613315203,673237.8783979557,634427.0258817158,50000.0,43009.879919931875,16.0
75896,1,223061.5092394244,674659.1581995013,633184.9371803225,50000.0,42635.23301696401,6.0
75897,1,221659.2770929063,676091.0189917575,631951.3881537956,50000.0,42305.48413334341,1.0
75898,1,224216.1405809126,673497.645717066,633765.6148583052,50000.0,43276.12340410515,16.0
75899,1,222827.6716834515,674913.7742659092,632558.0501637846,50000.0,42901.228098632106,2.0
75900,1,221418.68257775303,676355.4485736621,631317.1420816239,50000.0,42590.50245922439,3.0
75901,1,223975.1023166777,673759.0150557243,633128.6675864662,50000.0,43530.365502427645,9.0
75902,1,222580.06895163763,675185.5743491799,631893.6519659751,50000.0,43190.00615845226,1.0
75903,1,223737.39368412303,674020.1362637851,632468.087014032,50000.0,43812.16608045801,3.0
75904,1,222340.3175639254,675450.9127778888,631249.7381649691,50000.0,43476.490935444825,1.0
75905,1,223498.72604719194,674282.8818374842,631841.122862045,50000.0,44073.66832665998,1.0
75906,1,221015.42323014204,678739.1020757036,662547.8416513185,50000.0,24906.44776505989,24.0
75907,1,220072.24179176177,679601.3666092122,661745.8357454294,50000.0,24014.05442419844,23.0
75908,1,219152.8222286933,680454.8296912924,661032.5291111585,50000.0,23145.07590060633,20.0
75909,1,218303.17177410948,681233.160423847,660307.0657226873,50000.0,22361.24196619317,17.0
75910,1,221714.53739561889,678043.5726882067,662820.5703537264,50000.0,25605.62174934791,20.0
75911,1,220816.09650693135,678865.3632017848,662058.6210693842,50000.0,24754.11847569504,24.0
75912,1,219908.12059458505,679698.476766677,661296.881234392,50000.0,23902.418319772914,22.0
75913,1,219016.163769338,680521.8316737422,660571.3945210268,50000.0,23072.58063147492,18.0
75914,1,221541.7403078887,678143.6034391557,662342.5673542748,50000.0,25478.91082448478,22.0
75915,1,218125.83126680032,681336.7507470563,659799.0262070097,50000.0,22264.102436430632,16.0
75916,1,220607.31306887048,679002.9020560713,661569.127049299,50000.0,24599.712172137683,21.0
75917,1,219741.91054932633,679799.9956367953,660854.2882729232,50000.0,23794.68448634932,21.0
75918,1,218809.41740272223,680655.8144889027,660058.6156546692,50000.0,22943.31413372382,17.0
75919,1,217938.09592758532,681456.7650933198,659315.630878828,50000.0,22160.78011991084,15.0
75920,1,221354.1688332119,678258.6090916634,661852.8976789023,50000.0,25345.76385455707,22.0
75921,1,220415.18539790643,679126.007761513,661091.3263979063,50000.0,24468.93995820049,23.0
75922,1,219545.1020983768,679931.1624798496,660388.375708744,50000.0,23665.604052322844,18.0
75923,1,218642.65006219473,680757.3945518752,659598.2898095013,50000.0,22855.681640330335,16.0
75924,1,222053.66202320898,677562.5708115221,662125.4305883098,50000.0,26043.763340771406,21.0
75925,1,221146.160398225,678400.5248429105,661386.696886177,50000.0,25195.19225037326,22.0
75926,1,217753.94145124924,681576.960551297,658849.1963284827,50000.0,22066.516711624838,15.0
75927,1,220255.38157416342,679219.9606984393,660636.8969853151,50000.0,24376.122353115923,21.0
75928,1,219366.14025512172,680035.1021341813,659863.5183436464,50000.0,23575.02679354624,17.0
75929,1,218458.48514059745,680877.5775444165,659131.8776309263,50000.0,22758.842067283556,17.0
75930,1,221867.0903350782,677677.8519919711,661635.8138891791,50000.0,25918.30621103603,21.0
75931,1,217528.51004943962,681738.358292649,658360.0083202777,50000.0,21942.04806112202,15.0
75932,1,220962.79597588984,678516.5259747197,660914.7805674056,50000.0,25078.711159270082,24.0
75933,1,220057.90611647934,679346.3427816012,660129.2313004766,50000.0,24260.86443328428,20.0
75934,1,219161.11623718758,680173.7287476328,659374.078496086,50000.0,23458.900301037054,17.0
75935,1,218264.79264414922,681005.4705859895,658642.7143629564,50000.0,22665.595079747316,18.0
75936,1,221673.01666727065,677805.3830509707,661164.4084450917,50000.0,25789.490690542803,23.0
75937,1,220772.80366526952,678636.0633497051,660413.7796271445,50000.0,24968.22109077687,25.0
75938,1,217383.5954411455,681817.80329479,657881.6984649396,50000.0,21911.092910465235,16.0
75939,1,219868.5786490791,679470.2486496096,659651.4831308685,50000.0,24156.941056095344,21.0
75940,1,219011.4557863917,680265.1544036522,658948.7705405767,50000.0,23395.733819951405,19.0
75941,1,222422.82621457113,677056.9835347644,661443.0720143899,50000.0,26537.56043331744,21.0
75942,1,221509.28883946085,677902.7866094797,660697.9101471821,50000.0,25699.211507715103,23.0
75943,1,218088.5828398225,681114.3620570062,658141.1505435887,50000.0,22603.772116436758,18.0
75944,1,217214.80190568662,681928.1800146919,657433.3154257046,50000.0,21854.968093708114,19.0
75945,1,220606.98871842766,678737.8859782661,659953.5866860431,50000.0,24883.60861642637,25.0
75946,1,219696.26275177667,679575.6497780926,659162.1648965793,50000.0,24082.134614628794,22.0
75947,1,222211.71504313266,677199.0410748939,660942.2907397607,50000.0,26401.75636520614,23.0
75948,1,218800.06020780018,680398.6311280298,658365.1902295697,50000.0,23313.671631278823,21.0
75949,1,217930.67777729934,681213.2388060157,657692.2791854015,50000.0,22556.64951903265,20.0
75950,1,221317.73593811662,678026.2478383484,660202.5006591815,50000.0,25592.42877494838,26.0
75951,1,217005.6851624863,682075.2337698571,656938.0890653165,50000.0,21777.863965484506,20.0
75952,1,220429.39527271685,678850.5311347316,659475.392404274,50000.0,24797.829541688738,24.0
75953,1,219516.1802800985,679696.7643128802,658713.555182461,50000.0,23997.39693699527,21.0
75954,1,218615.24397680076,680527.7829510199,657928.4688690499,50000.0,23231.886731931136,21.0
75955,1,222043.3852001315,677304.507128039,660487.7098048928,50000.0,26310.184445681985,23.0
75956,1,217720.64187513723,681364.8190107922,657221.1368562108,50000.0,22467.66743156124,20.0
75957,1,221129.3841789251,678150.4130199861,659724.8198839338,50000.0,25493.292328249026,25.0
75958,1,216836.58909683712,682185.7199039445,656472.0043588389,50000.0,21744.642136607836,19.0
75959,1,220234.55474814097,678978.2785554271,658968.6053710333,50000.0,24708.5253792347,23.0
75960,1,219350.9476373758,679798.9657572333,658235.6578721039,50000.0,23943.934972476232,21.0
75961,1,218445.30713044282,680638.0270521501,657462.435945295,50000.0,23182.15161714603,21.0
75962,1,221842.00367791683,677439.7535405756,659992.8166745935,50000.0,26198.697363908243,23.0
75963,1,217552.1647863481,681471.3079069278,656731.8053140059,50000.0,22438.52721728951,19.0
75964,1,220941.57720003554,678275.3595557015,659247.9468387031,50000.0,25402.213542010446,24.0
75965,1,216653.50267123888,682307.225695033,655970.9982458848,50000.0,21717.55946919777,18.0
75966,1,220053.74517580363,679095.2182387367,658479.0654836093,50000.0,24638.850382847475,22.0
75967,1,219164.9548974528,679924.4390624504,657758.7708879188,50000.0,23876.15454352941,21.0
75968,1,218242.6258514849,680778.1380649313,656956.1512575898,50000.0,23117.94358515517,21.0
75969,1,221644.61675945346,677571.1372771215,659491.6213593157,50000.0,26100.92404283418,21.0
75970,1,217376.2215685913,681589.4244520675,656259.9421203542,50000.0,22404.85617617443,19.0
75971,1,220782.0919720747,678369.8066884301,658758.2811817261,50000.0,25352.768482815336,21.0
75972,1,216467.62044465847,682437.1015760724,655499.6481622548,50000.0,21686.74232986038,19.0
75973,1,219870.87654309644,679216.5724433343,657995.8742274876,50000.0,24573.698296022754,21.0
75974,1,218980.27613584555,680049.6573300522,657281.1089425934,50000.0,23818.448879547905,20.0
75975,1,218103.07326536934,680863.0395571691,656519.0407280306,50000.0,23109.059807032594,21.0
75976,1,221487.33077183485,677665.9965679096,659019.7147570017,50000.0,26047.25346259956,23.0
75977,1,217204.31581375873,681703.6786794702,655781.7519662011,50000.0,22386.84970054039,18.0
75978,1,220596.5628208992,678494.7754993328,658280.6538262434,50000.0,25280.18893184793,21.0
75979,1,216306.40732556448,682544.5937189528,655044.9966810672,50000.0,21685.555255007206,19.0
75980,1,219655.06051696406,679371.2786735997,657494.8605230903,50000.0,24486.5193848889,22.0
75981,1,218794.5243127322,680174.7738707373,656785.7481805634,50000.0,23773.870888814057,22.0
75982,1,217926.13708600515,680981.0716022056,656029.5053756216,50000.0,23085.464904919932,21.0
75983,1,221306.59200322023,677787.737709701,658554.2858769575,50000.0,25974.002987352145,22.0
75984,1,217014.29088725365,681837.5761756777,655299.0555772443,50000.0,22360.012624133833,19.0
75985,1,220432.30808832232,678602.0355070969,657826.9156068742,50000.0,25231.57007217204,21.0
75986,1,219515.13223300443,679456.6963886003,657058.6381174024,50000.0,24470.128460844364,21.0
75987,1,218612.5096427636,680296.5703792012,656284.8647676882,50000.0,23744.503976415323,21.0
75988,1,221012.09486849897,678029.4641302482,658083.7167789103,50000.0,25786.10640796841,21.0
75989,1,217735.3729511266,681118.9278155603,655570.0942256724,50000.0,23044.833440868217,20.0
75990,1,216852.09952408206,681944.9875758839,654826.7316468062,50000.0,22368.80626180695,19.0
75991,1,220220.4943678465,678752.8703756331,657319.6007922082,50000.0,25155.131752772668,22.0
75992,1,219351.069031625,679563.5898402333,656586.3986476972,50000.0,24446.55384624618,22.0
75993,1,218463.81677265986,680393.4506520568,655848.3308442611,50000.0,23737.486306534352,21.0
75994,1,217541.6738164101,681256.3554556369,655075.2606291433,50000.0,23023.132284868334,19.0
75995,1,220946.13113911575,678031.0912449376,657604.9877518265,50000.0,25856.053776074947,22.0
75996,1,220052.96130727732,678864.4031762017,656854.5144228968,50000.0,25121.96859243515,22.0
75997,1,219171.99008077208,679686.0071047189,656103.2785951957,50000.0,24418.632280961196,22.0
75998,1,218282.92661684446,680519.7241128333,655370.7386781415,50000.0,23718.193861360898,21.0
75999,1,220769.96240858536,678145.1679072283,657092.3678992686,50000.0,25825.218374256816,22.0
76000,1,219887.91642153118,678971.2206012032,656364.630990758,50000.0,25107.784732325446,22.0
76001,1,218989.24415542124,679811.960127455,655608.004876494,50000.0,24399.796260904233,22.0
76002,1,218111.66689750642,680634.9708065056,654875.7523888535,50000.0,23725.028905798496,21.0
76003,1,220597.56259003817,678264.6907257732,656639.1789582451,50000.0,25787.344497509777,22.0
76004,1,219702.0574378673,679101.2908978247,655875.7099377688,50000.0,25079.083271885374,22.0
76005,1,218824.52042227416,679924.2763961429,655142.9382095594,50000.0,24397.815258024315,21.0
76006,1,184973.4205532188,712710.1381744253,630766.9621999126,50000.0,15678.044201462902,4.0
76007,1,185598.3159804186,712090.846294662,631130.4678185239,50000.0,16168.805854502178,3.0
76008,1,186212.00463944903,711482.2085312373,631467.1790435786,50000.0,16669.689332372076,4.0
76009,1,186940.39511060333,710765.9569240162,632037.8430498221,50000.0,17210.654233106943,4.0
76010,1,187652.98246368978,710058.4024836468,632388.5800663036,50000.0,17585.558084224816,3.0
76011,1,188297.70257387825,709421.6689859062,632794.6115984363,50000.0,17736.44976907676,4.0
76012,1,184824.55856521853,712841.7842533368,630106.910414908,50000.0,15834.809415249385,4.0
76013,1,185446.8580196984,712224.3759137514,630473.7270597799,50000.0,16304.387369901506,3.0
76014,1,186082.69893749195,711593.7439602503,630847.4164320348,50000.0,16797.093643183758,3.0
76015,1,186699.10673029022,710982.3545903582,631200.9381344675,50000.0,17289.290299359956,3.0
76016,1,184724.19317327684,712931.5868623857,629636.5189729478,50000.0,15966.82438529627,4.0
76017,1,187343.00254019134,710343.8543641969,631568.327882924,50000.0,17814.255271948477,3.0
76018,1,187987.90217383695,709704.9206975575,631947.2299517706,50000.0,18250.232428376006,3.0
76019,1,185838.73398142448,711823.5708056153,630239.6312198503,50000.0,16819.984133882837,4.0
76020,1,185305.74143178982,712350.2101986094,629812.496247451,50000.0,16475.820824748902,4.0
76021,1,186554.840942216,711109.7153827493,630539.6812591683,50000.0,17425.412821390855,3.0
76022,1,187208.06662467925,710461.4536666218,630924.0121539949,50000.0,17937.9212198925,3.0
76023,1,187842.5224556034,709832.3395274298,631307.3371032138,50000.0,18442.115639361382,3.0
76024,1,184549.2945097956,713091.0738360162,628786.7397808516,50000.0,16240.993189993904,4.0
76025,1,185163.41148486108,712480.3879629256,629165.0855207792,50000.0,16661.119455694512,4.0
76026,1,185835.4569825058,711810.9842181728,629503.7622688437,50000.0,17174.912820191505,4.0
76027,1,186422.1568626328,711228.4051384918,629884.2434560001,50000.0,17592.4174235773,4.0
76028,1,187028.57923219437,710625.0368983631,630206.9917374165,50000.0,18068.770257377382,4.0
76029,1,187688.68575600072,709971.6499370739,630698.1216310128,50000.0,18536.41118342317,4.0
76030,1,184403.22271716507,713228.6639148325,628140.1170090613,50000.0,16460.6849076848,4.0
76031,1,185027.67875876778,712606.5916188286,628510.3647843292,50000.0,16877.952738220425,4.0
76032,1,185658.4573938221,711978.4848159207,628884.4183964604,50000.0,17314.36708108644,4.0
76033,1,186287.67449692424,711352.0419937785,629248.1025101885,50000.0,17768.34138587197,4.0
76034,1,186911.20873779265,710731.3494784572,629600.6916043849,50000.0,18234.192149241597,4.0
76035,1,187548.27479923525,710097.6660798674,629975.4934449163,50000.0,18714.60040164996,4.0
76036,1,300177.4772792379,619068.5571880251,579574.5504089816,50000.0,34986.43693491568,2.0
76037,1,301869.9924461111,618448.9711685335,577951.6754596662,50000.0,35379.033046366785,9.0
76038,1,300164.4389213195,619320.4415014115,579045.5946692207,50000.0,34679.24216048349,7.0
76039,1,300590.38134592236,618782.9523855348,579468.10843553,50000.0,35227.098453846185,4.0
76040,1,300983.90121576935,618266.9091447517,579902.1087884356,50000.0,35757.39466632687,2.0
76041,1,300469.4879685003,619142.3718079556,578895.9170851274,50000.0,34820.88240203806,8.0
76042,1,300826.3321809615,618671.7587188883,579293.934389675,50000.0,35303.72171598096,5.0
76043,1,301236.8832150306,618151.3734626328,579706.7883793466,50000.0,35834.15641372035,3.0
76044,1,301145.3848638268,618475.1188669715,579160.5180305103,50000.0,35466.93512862719,5.0
76045,1,301490.00735546876,618021.5760185876,579543.2972792196,50000.0,35931.46609904969,4.0
76046,1,301829.51630798046,617817.2543349874,579391.0778863475,50000.0,36102.06710484406,4.0
76047,1,302328.0622328009,618335.7559194239,577404.6590726589,50000.0,35461.73177313364,12.0
76048,1,302668.3999638056,617870.3056514778,577816.283031522,50000.0,35931.682275252606,5.0
76049,1,303014.32711862103,617398.7467004334,578232.3215043492,50000.0,36408.38455638311,4.0
76050,1,303354.22260752844,616983.0672742001,578539.3741966245,50000.0,36826.18428225384,3.0
76051,1,302888.65516606474,617270.6303621709,578726.0190223884,50000.0,36559.22060382616,3.0
76052,1,302731.7472858944,617543.2939240724,578409.8827910392,50000.0,36277.746726279656,4.0
76053,1,302407.36442533945,617971.5542586265,578049.2009020244,50000.0,35844.40568626963,5.0
76054,1,302111.6790032299,618384.0168515238,577673.6343841786,50000.0,35425.964038485676,9.0
76055,1,301891.68872131564,618425.7312347249,577964.1338631219,50000.0,35402.129959017584,9.0
76056,1,302365.55355446006,617814.1881318241,578460.7336258772,50000.0,36020.9326721777,4.0
76057,1,302661.8371343544,617401.4886082667,578837.5306915015,50000.0,36441.800738081474,3.0
76058,1,302478.4704324873,617456.0149963424,579039.1576025318,50000.0,36405.97014782502,4.0
76059,1,301728.824023838,618433.7370607054,578229.4438338573,50000.0,35413.1582551201,10.0
76060,1,301432.71973500325,618607.469169668,578369.4136977759,50000.0,35260.182876335326,10.0
76061,1,301749.10703902825,618201.8614404865,578695.7626377941,50000.0,35671.84867955613,6.0
76062,1,302068.9653822,617734.1635986608,579151.5456855654,50000.0,36154.369931728506,4.0
76063,1,301427.29580093606,618352.4397432108,578932.1654151063,50000.0,35554.380262443585,5.0
76064,1,301102.0243550654,618784.0965569048,578564.3765236652,50000.0,35113.20007910658,9.0
76065,1,300799.57985174697,618949.5620983012,578735.1432284702,50000.0,34978.319563268116,6.0
76066,1,205283.14970902188,693326.249187661,615797.0162651595,50000.0,41891.91337952867,12.0
76067,1,205293.06987893322,693366.5648722134,615367.139548396,50000.0,41466.97347434923,11.0
76068,1,317563.7442595219,649883.9647911456,506660.7550809504,50000.0,17033.63823374379,15.0
76069,1,317046.015389477,649733.2413463657,507361.7504614921,50000.0,17744.073703213187,15.0
76070,1,316529.8887675205,649583.5274388868,508063.3364986621,50000.0,18467.975011322742,16.0
76071,1,316015.01656586985,649435.477114866,508764.9495359378,50000.0,19203.291769754785,17.0
76072,1,315501.7599761658,649288.4377828364,509467.1491019535,50000.0,19949.253404760806,18.0
76073,1,314990.12705761247,649142.4102174361,510169.9328602795,50000.0,20704.711822492416,19.0
76074,1,314480.1258967662,648997.3951892621,510873.29848532303,50000.0,21468.666849867943,19.0
76075,1,313971.76460734673,648853.3934648526,511577.2436622763,50000.0,22240.24519084885,19.0
76076,1,317692.93219507195,649277.3445030872,507371.36599773733,50000.0,17744.119330476067,15.0
76077,1,317176.8711354569,649127.0005447379,508072.3111614354,50000.0,18450.49862485686,15.0
76078,1,316662.0614830618,648978.3206615848,508773.2847655932,50000.0,19169.610705114035,16.0
76079,1,316148.8644274171,648830.6522371349,509474.8466992856,50000.0,19900.58003873387,19.0
76080,1,315637.28799557465,648683.9960498309,510176.9946208816,50000.0,20642.149456240215,19.0
76081,1,315127.34024176304,648538.3528740739,510879.7261995908,50000.0,21393.21902495657,20.0
76082,1,314619.0292471955,648393.723480205,511583.0391154134,50000.0,22152.82476050001,19.0
76083,1,314112.3631198676,648250.1086344903,512286.9310590941,50000.0,22920.12017382213,19.0
76084,1,317823.8337429292,648670.8705973891,508082.02589567774,50000.0,18455.628521027844,14.0
76085,1,317309.0863404594,648521.5603517373,508782.3590635155,50000.0,19157.66302248354,15.0
76086,1,316795.94853097264,648373.2620299505,509483.28236192616,50000.0,19872.794731724658,17.0
76087,1,316284.4283095617,648225.9764142876,510184.7934440985,50000.0,20599.662103821967,17.0
76088,1,315774.53369832435,648079.704282964,510886.8899740632,50000.0,21337.06817449915,19.0
76089,1,315265.33792916895,647934.6734279244,511590.17171109695,50000.0,22084.654370144457,19.0
76090,1,314758.72009770013,647790.4319429365,512293.43315739045,50000.0,22840.11910136013,19.0
76091,1,314253.38815300487,647647.8592211208,512996.71279695036,50000.0,23602.814685958547,19.0
76092,1,317956.09111516573,648065.196964634,508792.1723036741,50000.0,19167.487115298165,15.0
76093,1,317443.0122656713,647916.267940225,509492.45596684836,50000.0,19865.982959585344,15.0
76094,1,316931.54798008385,647768.3520893684,510193.32920988224,50000.0,20577.372022116557,16.0
76095,1,316420.77011525986,647621.6750061488,510895.38967407425,50000.0,21301.01491524265,17.0
76096,1,315912.56032882055,647475.789204463,511597.4360554263,50000.0,22034.49079210963,18.0
76097,1,315405.9891658309,647330.918910551,512300.0650222459,50000.0,22777.42036708809,19.0
76098,1,314900.70072906686,647187.7178954254,513002.7135921719,50000.0,23528.39334274509,21.0
76099,1,314396.133797219,647045.7640549482,513706.54464203096,50000.0,24287.86719324671,20.0
76100,1,318089.4740920711,647459.238667479,509503.52672947984,50000.0,19881.31027175727,16.0
76101,1,317578.0681582014,647310.6931902741,510203.7618500151,50000.0,20576.504190248277,17.0
76102,1,317068.28174589627,647163.1621398507,510904.58599732746,50000.0,21284.382756866817,17.0
76103,1,316559.76155481016,647017.299451304,511605.43522559834,50000.0,22003.179863268582,18.0
76104,1,316053.23682300217,646871.7995366412,512307.43071698886,50000.0,22732.90615837871,18.0
76105,1,315547.0597394158,646728.1974643347,513010.04906362173,50000.0,23472.194465621444,21.0
76106,1,315043.46490301425,646585.3861094617,513712.6468734999,50000.0,24219.386114977566,21.0
76107,1,314541.8937491988,646442.9400124686,514416.3831733778,50000.0,24974.889638246706,20.0
76108,1,318225.1465643651,646853.8609477588,510213.7703739039,50000.0,20594.720941846474,17.0
76109,1,317715.41250568884,646705.6985159437,510913.9564855759,50000.0,21286.79977876659,18.0
76110,1,317206.3682473462,646558.7762432937,511615.3298256465,50000.0,21991.971399336104,18.0
76111,1,316699.52979035844,646413.300442425,512316.1298677948,50000.0,22707.317735249995,18.0
76112,1,316194.69306550163,646268.1886959336,513018.07570822624,50000.0,23433.500054844902,17.0
76113,1,315691.13947602885,646124.7479667326,513720.0419491416,50000.0,24168.507018237808,20.0
76114,1,315188.3106369574,645982.5558261859,514423.1906828451,50000.0,24912.74640161019,19.0
76115,1,314687.70615751523,645841.807416107,515125.7546485028,50000.0,25663.59888487521,20.0
76116,1,318361.58635476336,646248.8540024844,510924.65918448474,50000.0,21309.363850466274,17.0
76117,1,317853.5271475104,646101.0768938875,511624.79753216443,50000.0,21998.536018522947,18.0
76118,1,317346.7346364846,645954.9698793538,512324.9617556586,50000.0,22699.417986545515,19.0
76119,1,316841.940753618,645809.2273664477,513026.2739161584,50000.0,23412.03247568031,19.0
76120,1,316337.4964240924,645665.384107244,513728.2084996586,50000.0,24134.932942319956,18.0
76121,1,315835.6345756267,645522.3336346837,514430.12500878365,50000.0,24866.511127192352,17.0
76122,1,315335.43142702215,645380.3030719914,515132.62077637675,50000.0,25606.601144723812,19.0
76123,1,314835.59947688045,645240.1778471384,515835.7364577391,50000.0,26354.663359430335,19.0
76124,1,318501.0261503622,645643.1211145167,511635.562389206,50000.0,22024.617718767757,18.0
76125,1,317994.2806869453,645496.3821304255,512335.0895222672,50000.0,22710.453737461063,19.0
76126,1,317488.23499514913,645350.8867340036,513035.80312083644,50000.0,23408.971356117647,19.0
76127,1,316984.761966712,645206.1860498592,513736.5048231143,50000.0,24117.93491857597,19.0
76128,1,316482.00745540106,645062.7332367405,514438.39033942344,50000.0,24837.62743747647,18.0
76129,1,315981.8388371115,644920.0739473428,515140.257362644,50000.0,25565.932492547803,17.0
76130,1,315483.3337675913,644778.4358225217,515842.70311429416,50000.0,26302.70868768059,16.0
76131,1,314985.20486225566,644638.7047827429,516545.76805572363,50000.0,27047.43123881219,19.0
76132,1,318640.8721910232,645038.4144002524,512346.54776033,50000.0,22740.405538134353,18.0
76133,1,318135.8033756248,644892.0625535703,513046.02754203376,50000.0,23423.658040829643,18.0
76134,1,317631.4406270302,644746.9560714328,513746.69312219287,50000.0,24119.38083062704,18.0
76135,1,317129.65395191783,644602.6450439916,514447.34637516184,50000.0,24825.399749207852,18.0
76136,1,316629.5196114126,644459.3549050589,515148.58240554825,50000.0,25541.3934538954,17.0
76137,1,316129.7501314558,644317.9694694125,515850.43893405364,50000.0,26266.660771625644,17.0
76138,1,315632.9445701691,644176.7247134318,516552.8349154368,50000.0,27000.262606887376,17.0
76139,1,315136.52011836,644037.3887924876,517255.84936395194,50000.0,27741.777629593595,19.0
76140,1,318782.4184044231,644433.8588770753,513057.58120825526,50000.0,23456.689516047318,17.0
76141,1,318279.02776638896,644287.8950922127,513757.01388062665,50000.0,24137.501594643978,17.0
76142,1,317777.2783497424,644142.9519063375,514457.0334001833,50000.0,24829.981925261585,18.0
76143,1,317275.8825980181,643999.911022772,515157.6747394467,50000.0,25533.23937015177,18.0
76144,1,316777.4395582399,643857.012667518,515858.8623085875,50000.0,26246.326301688303,18.0
76145,1,316279.36630591383,643716.0207675778,516560.6696467262,50000.0,26968.59688833954,17.0
76146,1,315783.8895913584,643575.823136905,517262.4549607543,50000.0,27698.6202265888,16.0
76147,1,315289.5430262447,643436.2304479359,517965.9803043099,50000.0,28437.589558490406,17.0
76148,1,318925.6627676164,643829.4551023443,513768.6626610881,50000.0,24173.42867537495,17.0
76149,1,318423.5851161831,643684.5334122751,514467.48582784564,50000.0,24851.35946981687,17.0
76150,1,317922.59140572813,643540.2074833643,515168.0563844144,50000.0,25541.92841116388,18.0
76151,1,317424.18049620994,643396.6784957848,515868.6137521528,50000.0,26242.492531360615,18.0
76152,1,316927.0608111535,643254.8258401362,516569.19103320263,50000.0,26952.24752951265,18.0
76153,1,316430.68518418696,643114.2284105173,517270.94942475937,50000.0,27671.65165190265,19.0
76154,1,315936.90939940827,642974.4259871719,517972.68537982425,50000.0,28398.75497744041,17.0
76155,1,315443.896598855,642835.8830485684,518675.599863153,50000.0,29134.23224214776,17.0
76156,1,335089.0942326272,626245.60514601,523101.35306639166,50000.0,37391.7755504568,19.0
76157,1,333949.37721937837,626425.2643296192,523941.7256429969,50000.0,37657.896398484445,18.0
76158,1,333997.68342742807,626936.5006733547,523159.50868185586,50000.0,36983.722141179605,20.0
76159,1,334047.7791845442,627477.0377135671,522336.2511622801,50000.0,36278.00603194745,20.0
76160,1,335148.20906636363,626882.2790883469,522133.9480813558,50000.0,36577.21013718138,20.0
76161,1,334105.60033144546,628007.1509598731,521523.3670553523,50000.0,35589.16128473449,19.0
76162,1,335208.5862745398,627481.4491631172,521222.6340657889,50000.0,35818.17744221625,20.0
76163,1,334064.41659773927,628600.0989885248,520718.0631417782,50000.0,34868.050095947234,20.0
76164,1,334129.8447696356,629140.5347399478,519888.7814636731,50000.0,34177.09469714536,19.0
76165,1,335226.9000614722,628158.9829605595,520243.43079373916,50000.0,34987.89517589983,20.0
76166,1,335282.7495126975,628761.6011325533,519338.6132367251,50000.0,34245.42440719033,21.0
76167,1,334219.94360553916,629626.8900380369,519115.56317973154,50000.0,33551.463742246844,19.0
76168,1,334251.93103857036,630176.8121087733,518309.89008180855,50000.0,32876.4038447934,19.0
76169,1,335344.45270240324,629402.8261514214,518377.403683746,50000.0,33465.65706162094,20.0
76170,1,335409.6124740938,630015.4402367433,517456.84845829353,50000.0,32730.073622866923,19.0
76171,1,334317.06957409834,630758.9726091712,517430.66322521295,50000.0,32160.482917058987,19.0
76172,1,334349.9416138901,631300.2713552658,516641.71418937505,50000.0,31511.592471549444,19.0
76173,1,335461.43319890834,630641.3375884019,516533.5153084503,50000.0,31993.802655612875,20.0
76174,1,334406.904453175,631847.3662665517,515824.8926111497,50000.0,30857.63035757396,19.0
76175,1,335579.33417585643,631244.7200238889,515584.2396419384,50000.0,31281.22419223221,19.0
76176,1,334485.36027671513,632419.8763395227,514955.6782321296,50000.0,30179.065100491625,19.0
76177,1,335113.31032301957,632223.0652011497,514652.72541527683,50000.0,30270.682065333032,17.0
76178,1,335819.55801206786,632039.3826569531,514262.41400614596,50000.0,30352.822987864052,17.0
76179,1,336508.61200251564,631870.9015168982,513869.5986701646,50000.0,30443.79272529553,18.0
76180,1,337246.2251518505,631603.8434144862,513571.6020053857,50000.0,30656.954248843205,19.0
76181,1,336708.1000802247,630929.7456977976,514989.90868778626,50000.0,31438.5723461751,19.0
76182,1,336623.47385390056,630278.3606926466,515971.3314144431,50000.0,32169.716568811597,19.0
76183,1,336601.63609989826,629623.6706319329,516903.53115247935,50000.0,32907.18543593062,20.0
76184,1,336531.81723999715,629030.4561099679,517797.37226603774,50000.0,33596.26943089825,21.0
76185,1,336500.1643800531,628361.3928243163,518765.66466949414,50000.0,34375.14378462108,21.0
76186,1,336375.2084385642,627802.2445260175,519669.7887359292,50000.0,35061.90717956637,22.0
76187,1,336377.2862791135,627127.5095800727,520621.86393842095,50000.0,35860.32223354719,21.0
76188,1,336347.0270183331,626500.482095246,521540.24119190086,50000.0,36620.921151911105,22.0
76189,1,336231.32848386595,625914.0403990317,522485.31446537445,50000.0,37370.86094911303,20.0
76190,1,337431.1242220533,625445.8590266724,522017.1754337388,50000.0,37546.94666373135,21.0
76191,1,337516.02601812687,627419.8025329671,519146.67653901177,50000.0,35219.479258328975,21.0
76192,1,337591.3068748578,628040.71446774,518205.71973487234,50000.0,34497.76267297903,20.0
76193,1,337637.8879209822,628659.4116258746,517297.78329986776,50000.0,33796.07780407735,21.0
76194,1,337728.02485340345,629279.5024843825,516351.441194665,50000.0,33098.111853130824,20.0
76195,1,337754.1224760503,629943.9744499817,515405.3400993862,50000.0,32374.112390828224,19.0
76196,1,337875.7396463819,630549.9851886929,514457.1715570779,50000.0,31716.779669335407,19.0
76197,1,337908.381401458,631472.6687840465,513157.1714162322,50000.0,30754.26254603887,20.0
76198,1,338608.2492506077,631305.1915127983,512761.66245024285,50000.0,30909.168723297706,20.0
76199,1,339345.4289104669,630525.0793763776,513174.74659564224,50000.0,31690.039677905683,19.0
76200,1,339009.36521119915,630219.423564762,513894.30572094535,50000.0,31999.47557918325,19.0
76201,1,338924.5137467335,629604.4606411852,514817.75384814065,50000.0,32634.223495191218,20.0
76202,1,338880.4140850343,628951.4481972196,515760.4896445686,50000.0,33320.83216186729,20.0
76203,1,338782.39986702293,628311.8257848407,516737.06730575784,50000.0,34012.80817961589,21.0
76204,1,338740.81371413684,627651.5217515116,517694.84685266693,50000.0,34735.078680488004,20.0
76205,1,338682.18359381746,627055.099923006,518582.4266722075,50000.0,35401.99845278031,20.0
76206,1,338630.7109428203,626409.0670060711,519536.32447498693,50000.0,36134.583898791585,22.0
76207,1,338596.88693757134,625779.7415781304,520453.9420324959,50000.0,36856.173712332784,23.0
76208,1,338512.66367765423,625172.5210321923,521390.6956432011,50000.0,37574.70991134334,23.0
76209,1,338205.49221681675,624490.380928444,522647.44060206943,50000.0,38455.27905199862,24.0
76210,1,338881.40845279937,624308.8327293837,522270.7958667474,50000.0,38486.21991023906,25.0
76211,1,339580.24800810724,624103.3437028474,521909.54676122486,50000.0,38557.319379979985,25.0
76212,1,339628.0926633667,624630.5031726803,521119.41295412765,50000.0,37946.8214513017,24.0
76213,1,339687.01246933,625126.970822562,520364.8142353674,50000.0,37376.68661852692,23.0
76214,1,339732.2093780782,625636.9719502992,519606.16663185647,50000.0,36801.625499482136,23.0
76215,1,339756.44358958246,626171.7977788772,518834.26427154796,50000.0,36210.180652632094,22.0
76216,1,339805.73125387845,626681.9083657921,518076.35091203876,50000.0,35650.2740338975,22.0
76217,1,339865.72230490146,627191.0680975356,517312.33972046385,50000.0,35098.79491382685,22.0
76218,1,339882.70400805236,627749.9099340892,516520.57925098704,50000.0,34507.4183456983,21.0
76219,1,339963.3059302492,628245.9119801999,515760.9086195856,50000.0,33986.79939273685,21.0
76220,1,340043.97925834975,628773.2640702352,514960.27387937525,50000.0,33444.58556439061,21.0
76221,1,340092.4439634656,629287.4865440945,514208.94506224175,50000.0,32926.922653584385,20.0
76222,1,340171.20063617337,629796.691671247,513439.7871597535,50000.0,32424.883277191257,20.0
76223,1,304867.1400552584,689025.0227960949,467925.9418985395,50000.0,23926.16964676327,11.0
76224,1,305452.7759414624,688104.4833806136,468530.0104654477,50000.0,23002.515835540034,14.0
76225,1,306030.62223107094,687169.1490410715,469160.94334230997,50000.0,22065.719073875578,19.0
76226,1,306599.98528596683,686249.72942031,469782.4616625671,50000.0,21144.903379559524,13.0
76227,1,306090.1553531908,686217.4752714753,470255.7281501428,50000.0,21170.956394279543,16.0
76228,1,305475.6231230489,687127.4009895254,469684.08841290185,50000.0,22087.708315748507,16.0
76229,1,304893.99053436314,688067.0469797455,469051.077605994,50000.0,23027.841957819917,14.0
76230,1,304344.0757293048,688988.7504217459,468415.0595304068,50000.0,23947.780245019876,11.0
76231,1,303810.53539498814,688959.4979708287,468906.3696357505,50000.0,23995.105957423755,11.0
76232,1,304361.92189918266,688025.5913063586,469555.96739097737,50000.0,23066.341952340958,14.0
76233,1,304937.1982850464,687083.6938446098,470197.280289203,50000.0,22127.21906299161,17.0
76234,1,305613.53012940026,686158.8326794963,470734.01190230047,50000.0,21187.092061734205,14.0
76235,1,305100.544090843,686133.3298470071,471204.9431360308,50000.0,21257.47101252377,15.0
76236,1,304625.24450148595,686088.2478583701,471668.69417840097,50000.0,21321.4527513942,14.0
76237,1,304384.4109421055,687052.0530643143,470710.05508965126,50000.0,22201.019791440776,17.0
76238,1,303812.231583764,687988.474328059,470072.5244967887,50000.0,23131.48762549375,14.0
76239,1,303291.37036798685,688908.886457983,469412.6826933824,50000.0,24039.042430528178,10.0
76240,1,304082.9133186567,686061.7601278262,472169.33115394163,50000.0,21435.950253558934,14.0
76241,1,303843.70095013565,686998.4202850412,471240.8663053316,50000.0,22274.646742673427,18.0
76242,1,303290.12450998795,687923.1813956463,470601.12826255575,50000.0,23186.71539183505,14.0
76243,1,302779.72527259856,688855.6633540422,469917.3501310461,50000.0,24097.217541147318,9.0
76244,1,303543.8819961762,686010.3220776875,472699.24423891463,50000.0,21550.598065694896,16.0
76245,1,303293.3437147774,686958.9160408573,471764.7969630775,50000.0,22383.87518114263,17.0
76246,1,302725.88734498015,687913.9130172882,471100.28669980017,50000.0,23319.04286450475,13.0
76247,1,303049.1198980969,685971.3070865691,473177.3182327439,50000.0,21681.286935630025,17.0
76248,1,302756.47498094203,686907.2854230457,472293.61819887493,50000.0,22500.546960712236,16.0
76249,1,302192.9334417443,687865.5374109541,471621.4582086653,50000.0,23430.502353749253,12.0
76250,1,301603.36652926554,688792.0800114478,471012.96782339556,50000.0,24345.26415840456,8.0
76251,1,302479.41992993787,686056.9254638781,473570.4330272017,50000.0,21949.110362546566,17.0
76252,1,302180.6296560645,686936.0493292309,472760.541688115,50000.0,22712.266328879297,15.0
76253,1,301649.7447187412,687832.586597691,472134.6657886654,50000.0,23576.61410820764,11.0
76254,1,301035.6173043894,688775.5427719548,471527.6164139867,50000.0,24506.78737736594,8.0
76255,1,300378.6113541941,688914.9623377955,471933.2301706526,50000.0,24836.028667751005,8.0
76256,1,301016.62617987307,687969.3165878226,472522.2311047746,50000.0,23900.43447779628,10.0
76257,1,301532.23145175836,687073.6293886299,473160.27116422664,50000.0,23049.30659755088,15.0
76258,1,301895.56102183816,686295.4066649064,473790.82154119824,50000.0,22346.551192147348,20.0
76259,1,301449.02488910424,686271.834854084,474211.96087801876,50000.0,22513.35402467271,16.0
76260,1,300865.69109489734,686415.5720894941,474550.237006635,50000.0,22866.053837255353,15.0
76261,1,300896.15437440533,687215.9209976398,473545.28095989657,50000.0,23401.18605000187,13.0
76262,1,300292.1478812466,686525.1943483392,474923.13035599876,50000.0,23203.94231170568,15.0
76263,1,300260.6251565929,687343.3871976497,473949.6933987134,50000.0,23757.678868164472,14.0
76264,1,299745.7687082288,688270.3212237965,473273.1610996243,50000.0,24614.24734152348,10.0
76265,1,299445.17373788333,689152.3169825748,472465.04782484134,50000.0,25359.275218393985,7.0
76266,1,299717.1878436674,686643.4593927279,475288.1932775584,50000.0,23560.222363732268,15.0
76267,1,299614.51011071505,687494.6477340966,474336.2060497533,50000.0,24149.63802668492,15.0
76268,1,299098.5724454043,688433.0236844709,473646.7668962565,50000.0,25005.17482218381,9.0
76269,1,298796.4141536484,689314.4473358783,472840.2747152342,50000.0,25737.486501006053,7.0
76270,1,299137.9475327519,686781.041181691,475634.8334572391,50000.0,23941.709688246396,15.0
76271,1,298978.1982403461,687630.9157295766,474734.1884283386,50000.0,24541.14103163836,14.0
76272,1,298460.759921972,688587.9171248552,474023.35452065786,50000.0,25399.643776126704,11.0
76273,1,298113.4940993384,689508.3836151568,473208.84003022074,50000.0,26165.307487700837,9.0
76274,1,298561.43376135133,686948.8254478246,475943.3386681791,50000.0,24349.256258058223,15.0
76275,1,298354.41240394086,687767.0094019399,475123.02138182276,50000.0,24939.454572802806,13.0
76276,1,297846.12664042675,688713.6285789981,474416.72550028027,50000.0,25776.794406977275,11.0
76277,1,297476.96490875987,689633.7592591898,473621.6250975942,50000.0,26539.6525769651,9.0
76278,1,297997.02333886747,687015.1724395149,476367.34929900675,50000.0,24702.825338600753,16.0
76279,1,297709.6793676519,687914.8836580747,475517.88350604824,50000.0,25368.12663802708,14.0
76280,1,297193.41126629827,688869.6379591029,474808.7618067998,50000.0,26204.00460338353,11.0
76281,1,296818.74949538696,689802.5454482626,474002.59838675027,50000.0,26964.92349929122,9.0
76282,1,297427.52478089964,687140.0483036409,476725.343485663,50000.0,25102.126115448984,16.0
76283,1,297072.85614117386,688064.7493443496,475905.0263148148,50000.0,25805.53091088549,14.0
76284,1,296570.1622159234,689019.9860237056,475183.1336110265,50000.0,26623.91269494014,12.0
76285,1,296283.2564796366,689925.2420969637,474331.76706094074,50000.0,27310.65257675891,9.0
76286,1,296439.31336698576,688210.495887893,476296.07268956676,50000.0,26249.923874918408,14.0
76287,1,296001.58717863343,689024.7936698644,475688.7546127112,50000.0,26942.869965872043,13.0
76288,1,295788.1204533342,688358.512730875,476702.08452955965,50000.0,26716.88040827538,14.0
76289,1,294930.8021196593,689996.2916206074,475461.7988840783,50000.0,28086.679333329626,11.0
76290,1,295491.8680065125,689146.846484074,475998.7499029982,50000.0,27303.39423814685,13.0
76291,1,294964.8006243196,689272.025026593,476321.7611127988,50000.0,27682.445258235122,13.0
76292,1,294310.83215325244,689464.2667706772,476678.69583611365,50000.0,28180.20497754927,13.0
76293,1,294036.1064130549,690154.5272256025,476078.0353213912,50000.0,28696.371843625555,13.0
76294,1,294479.2703462774,690065.796001807,475785.0513119391,50000.0,28386.066217342748,11.0
76295,1,301050.09861900215,689775.4076366918,470306.99319588684,50000.0,25297.399319074255,6.0
76296,1,301530.74520787905,689675.2417941039,470010.4923389312,50000.0,25086.500913488337,6.0
76297,1,302003.1965723501,689584.3550788438,469710.9151134203,50000.0,24894.466076243723,7.0
76298,1,403649.0341553778,939106.5540599426,204184.33162656557,50000.0,7704.897173169869,23.0
76299,1,404231.5471840189,945517.7808664879,201681.54008490755,50000.0,1512.314009613198,28.0
76300,1,404328.216677858,941831.2470017668,202719.13148621068,50000.0,5173.9575620283995,25.0
76301,1,400561.5126258581,941341.6667863427,206094.68116560575,50000.0,5043.4894812130515,25.0
76302,1,403030.3468746021,939541.1977334208,204562.33786565388,50000.0,7027.80217020351,23.0
76303,1,404567.34136979043,943263.4389029377,202066.45272675916,50000.0,3867.259523360976,27.0
76304,1,402347.3628500883,938984.468267363,205323.8970151603,50000.0,7431.871647361926,23.0
76305,1,409381.292169066,944721.6369346504,197501.07834782285,50000.0,7213.473431514255,29.0
76306,1,402694.3758174333,942191.0913052122,204002.64666733996,50000.0,4148.741474717597,26.0
76307,1,407797.5027554274,945063.8724214298,198745.55237353244,50000.0,5386.843349402254,29.0
76308,1,401143.0955406335,939812.1494078357,206076.59467186892,50000.0,6443.293229107527,23.0
76309,1,408893.7453191139,945201.7091550517,197765.79790156023,50000.0,6453.672112289798,29.0
76310,1,403715.79078079114,943934.5248865339,202594.16147640505,50000.0,2669.8667132971887,27.0
76311,1,409240.98025455023,943390.1371931381,198048.05238250844,50000.0,7893.0350916162,27.0
76312,1,405748.4088546005,940716.5080334444,201877.17506186437,50000.0,7173.927803984558,24.0
76313,1,402527.7676640405,941030.0548693875,204508.2602513127,50000.0,5329.36520747519,24.0
76314,1,401278.90443533176,940834.5185782842,205636.82882811624,50000.0,5424.884991353982,24.0
76315,1,407584.4510458677,943259.5428312666,199493.82920342078,50000.0,6390.862135362572,26.0
76316,1,404399.92562401085,940661.665726392,203035.225120278,50000.0,6420.2386689605255,24.0
76317,1,402469.7950873548,943490.6854143385,203801.35007185471,50000.0,2768.975149929579,27.0
76318,1,404350.58336447447,939644.61959961,203412.94121890145,50000.0,7451.1188268713095,23.0
76319,1,403210.97589821386,943064.8871728514,203291.30965969843,50000.0,3369.179005446245,27.0
76320,1,404242.52053202136,944807.6147768345,201879.8835379079,50000.0,2140.998060643964,26.0
76321,1,407128.08512412163,944469.070938968,199501.86176182487,50000.0,5073.793676003918,28.0
76322,1,404974.9175765574,942439.5590466064,201975.20324474943,50000.0,4955.307721986438,26.0
76323,1,401236.0523253696,942028.4902939444,205304.9012705398,50000.0,4277.3968140524,25.0
76324,1,402954.1709236124,938574.1603526082,204948.57044985017,50000.0,8022.511307711518,23.0
76325,1,403531.77515319124,945050.8890216801,202423.52807915575,50000.0,1414.1204172423143,27.0
76326,1,403683.2744931382,941223.6041796186,203462.01858984953,50000.0,5493.677466775253,25.0
76327,1,402888.3005186779,940498.6245885632,204370.90772530544,50000.0,5976.862924824885,24.0
76328,1,407848.79115925403,942321.6246174615,199574.18581741603,50000.0,7378.726680698685,25.0
76329,1,403864.54636280733,942477.1179975509,202911.77876741902,50000.0,4262.7736470387335,26.0
76330,1,402394.8606174079,940014.0507897119,204946.69769927792,50000.0,6364.688985494218,23.0
76331,1,408321.2406875378,943866.1667879063,198674.07757448198,50000.0,6661.822783514067,27.0
76332,1,406727.04437863786,945678.0093044182,199478.4099827986,50000.0,3950.0058848070985,30.0
76333,1,402044.16762477317,941465.737076034,204784.6960305054,50000.0,4805.52545315417,25.0
76334,1,410000.76175135287,943971.941600542,197216.22886313134,50000.0,8282.098625185386,28.0
76335,1,407572.23077458557,945680.686560649,198750.65397250408,50000.0,4836.164200295425,29.0
76336,1,401832.78447231685,940421.5919937397,205294.2213555119,50000.0,5856.660548355559,24.0
76337,1,400544.5999158673,940224.2139456255,206456.51302346267,50000.0,6081.393833254574,24.0
76338,1,408415.18981872784,945675.6345899509,198028.96412350933,50000.0,5726.018312580652,30.0
76339,1,403715.9936881863,940103.9471555823,203797.00095418768,50000.0,6683.764298228021,23.0
76340,1,403020.8286502602,944255.301982858,203098.67225146884,50000.0,2055.5410903539055,27.0
76341,1,408541.856753001,942861.7568009614,198811.57020671334,50000.0,7594.140952008809,26.0
76342,1,405051.13217384723,940176.9404223233,202644.6935137545,50000.0,7277.3593017784815,24.0
76343,1,403170.39874293696,941696.9010205067,203749.2477842908,50000.0,4799.939098208833,25.0
76344,1,399852.5599586667,940696.8596225758,206902.0046540802,50000.0,5803.847779100079,24.0
76345,1,407355.20198938117,943864.5136083444,199496.69519222787,50000.0,5719.9949173235,27.0
76346,1,405171.6291048329,941287.6996411835,202177.28896181032,50000.0,6228.873096506644,25.0
76347,1,401872.6486170366,942742.765758971,204540.51424813955,50000.0,3519.8003048317228,26.0
76348,1,406779.8386173,944933.5119938473,199657.5994380227,50000.0,4422.706210983477,28.0
76349,1,386029.81223253347,923305.9245596654,224538.47992395452,50000.0,22529.46277190085,16.0
76350,1,386477.577092268,923646.6785550213,224038.88120051386,50000.0,23017.394501531402,17.0
76351,1,386899.7605479378,923984.719681388,223561.66782441174,50000.0,23489.030242702574,16.0
76352,1,386580.4424303954,922899.9041676854,224237.91930419917,50000.0,22584.678798092646,16.0
76353,1,387316.20507090364,924303.8527007786,223096.50315813752,50000.0,23944.948546067142,17.0
76354,1,387016.60720853193,923236.6281043449,223749.1023083053,50000.0,23066.810164121223,16.0
76355,1,386717.0702809393,922185.2261316507,224400.91467995895,50000.0,22213.462567134164,15.0
76356,1,387754.74937234167,924630.303983142,222610.43318651328,50000.0,23560.542143338906,17.0
76357,1,387466.0342102352,923582.9172434035,223245.8595935834,50000.0,23563.39058976742,16.0
76358,1,387156.88193531154,922521.688629706,223908.7051448506,50000.0,22700.646818541594,15.0
76359,1,388199.80442270974,924977.1246197514,222111.4849096682,50000.0,23097.971080262167,17.0
76360,1,387902.48326827603,923919.8105482913,222757.09263619673,50000.0,24046.21379932655,16.0
76361,1,387599.9995904339,922878.8281499221,223405.95044828265,50000.0,23202.849837829424,16.0
76362,1,387319.0744832996,921785.4404207248,224062.76590332604,50000.0,22357.40849211085,15.0
76363,1,388655.65308882704,925312.1704720419,221608.18274977957,50000.0,22642.48529094476,17.0
76364,1,388336.2626773054,924272.5816533925,222264.66432118442,50000.0,23617.450116272987,16.0
76365,1,388047.7789036298,923209.9793528244,222909.59123243034,50000.0,23692.02844185363,15.0
76366,1,387730.88895443943,922134.9941829359,223588.05581807424,50000.0,22836.647038224895,14.0
76367,1,389098.425136433,925649.3002666379,221115.10292928678,50000.0,22192.708091890545,18.0
76368,1,388812.20616192406,924576.0723359835,221756.31832894546,50000.0,23186.221163835715,16.0
76369,1,388490.9457098867,923551.8054073591,222413.07484953236,50000.0,24158.960515925828,16.0
76370,1,388172.3555048912,922476.9909787122,223092.18791805932,50000.0,23330.902772245965,15.0
76371,1,389208.76383405476,924923.2814590877,221297.08355631583,50000.0,22750.687077095612,16.0
76372,1,388903.31010822183,923876.5408626324,221948.66119764355,50000.0,23738.9469591693,16.0
76373,1,388588.24420359306,922786.5541554146,222630.14237212043,50000.0,23789.088678467313,16.0
76374,1,389336.0716991001,924189.2454921347,221472.2408300037,50000.0,23324.134097885086,16.0
76375,1,389058.4117498353,923150.8695516636,222102.3671887453,50000.0,24304.84462002073,16.0
76376,1,389787.98409772443,924545.3362017098,220963.55406011562,50000.0,22868.412620065166,16.0
76377,1,389481.63308258686,923480.1229386907,221626.9493299418,50000.0,23884.614486910486,16.0
76378,1,389908.29957513924,923818.5644176006,221145.29682311893,50000.0,23457.67691783992,16.0
76379,1,399372.7641419922,931500.1934781615,210439.97602512012,50000.0,14776.997866861706,20.0
76380,1,399388.478706046,930748.427749345,210708.74108561728,50000.0,15542.658725750225,19.0
76381,1,399879.4407718064,931879.7825461468,209881.08451578277,50000.0,14427.122941014524,20.0
76382,1,399887.98113324953,931113.3046171006,210160.78225731273,50000.0,15212.911018173327,20.0
76383,1,400328.3476465396,932219.0013924221,209385.0003688342,50000.0,14125.641959066976,21.0
76384,1,399891.9769445561,930352.9221548848,210445.93153059532,50000.0,15993.743251337966,18.0
76385,1,400378.1147072289,931464.3621738973,209625.8987494271,50000.0,14909.271637451826,19.0
76386,1,400798.15222874284,932576.6011755861,208865.03105645432,50000.0,13819.754497532424,20.0
76387,1,399917.1955697974,929596.3218896169,210716.2477573607,50000.0,16774.67993421096,18.0
76388,1,400380.41060721775,930689.4529511592,209917.58317181343,50000.0,15709.281977049439,19.0
76389,1,400835.49440519034,931813.0968370071,209118.96752181777,50000.0,14616.158628113515,20.0
76390,1,401297.44320675865,932947.1186418842,208316.13735956594,50000.0,13519.25578243486,21.0
76391,1,400423.5291436192,929930.704306622,210173.8121225419,50000.0,16499.764898340774,18.0
76392,1,400877.51862925815,931034.7392712662,209378.94760751288,50000.0,15430.257144665515,19.0
76393,1,401335.14889096335,932163.5353287107,208576.81830486679,50000.0,14341.699246729771,20.0
76394,1,401765.7939547722,933300.3613237187,207799.32650549995,50000.0,13246.17575324563,21.0
76395,1,400903.3617135959,930268.2381298062,209651.92736494477,50000.0,16230.389901004908,18.0
76396,1,401355.50091474917,931377.1462067168,208857.22470289803,50000.0,15164.496931372485,19.0
76397,1,401805.38938590157,932512.0109345195,208059.74013385558,50000.0,14078.245162277115,21.0
76398,1,402241.85506984364,933662.429465927,207273.0706017884,50000.0,12980.93543870186,21.0
76399,1,401393.2604229388,930609.7024921172,209120.46691274093,50000.0,15971.731247549353,18.0
76400,1,402301.42636623094,932877.789986633,207515.1489989415,50000.0,13818.016826393849,21.0
76401,1,401881.3571499558,931750.3604764485,208284.75145283836,50000.0,14891.618733434858,19.0
76402,1,401902.0302107998,930964.402199612,208568.66696724098,50000.0,15717.72270079561,19.0
76403,1,402784.3628724457,933219.9936265243,206990.30560310828,50000.0,13595.679275173714,21.0
76404,1,402355.3312715723,932073.2181543286,207774.0541772458,50000.0,14674.81822070696,19.0
76405,1,402372.19454581244,931312.538746149,208051.05125709358,50000.0,15475.620332109143,19.0
76406,1,402823.7310611385,932451.7285075752,207246.96334536836,50000.0,14412.928510833644,20.0
76407,1,402858.7813521714,931644.5913773705,207526.38315938652,50000.0,15269.31551614995,19.0
76408,1,403360.3601592402,931990.8997738014,206984.15591069267,50000.0,15068.767130531254,19.0
76409,1,475934.4426662652,944813.1856829268,148942.68357575918,50000.0,63392.74087514601,1.0
76410,1,476285.90447370586,944636.1323089582,148860.2236337426,50000.0,62921.17262377559,1.0
76411,1,476614.36844507937,945066.6734971601,148393.75526224935,50000.0,62854.31845530019,1.0
76412,1,476618.7315238351,944476.8109748898,148778.23220201448,50000.0,62479.92969378866,1.0
76413,1,476944.3231087219,944888.1265737172,148325.75430262779,50000.0,62403.33737068387,1.0
76414,1,477244.7124873698,945283.539096515,147897.98171759455,50000.0,62345.84892273455,2.0
76415,1,476924.41777287086,944323.0167896586,148709.1744118633,50000.0,62070.116973243654,1.0
76416,1,477585.7504675335,945722.4133640018,147419.10109390138,50000.0,62277.902603488255,4.0
76417,1,477274.95267521974,944711.0790208802,148257.98544106763,50000.0,61952.75309114182,1.0
76418,1,477894.74269678345,946131.9222448606,146977.60297019113,50000.0,62227.42468968711,4.0
76419,1,477570.8732270397,945118.135628539,147824.78012931385,50000.0,61906.60757475865,2.0
76420,1,477903.12586869067,945556.4719802667,147350.91176076088,50000.0,61846.696491217386,3.0
76421,1,478205.49110213004,945953.8499817721,146920.8423276732,50000.0,61794.547470849684,4.0
76422,1,477923.8336189431,944936.7203717298,147748.85977405103,50000.0,61429.86394975506,2.0
76423,1,478247.0628717294,945388.6541692523,147270.71054903496,50000.0,61387.2318128542,4.0
76424,1,474879.7572994576,946516.949681152,148451.88320335053,50000.0,65555.92880343471,6.0
76425,1,474650.86736010533,945518.06597847,149221.1298754697,50000.0,65152.82765058266,3.0
76426,1,475184.7400342227,946931.3350612664,148011.43464792875,50000.0,65513.231079555204,7.0
76427,1,474927.6743731166,945914.0879451929,148807.9693982245,50000.0,65120.280466091994,4.0
76428,1,475497.0200766089,947362.3990788882,147556.3718627266,50000.0,65477.33459309293,8.0
76429,1,475235.593184264,946338.1479303851,148359.10713194526,50000.0,65076.91178810439,5.0
76430,1,474972.85620581463,945297.8909262569,149176.87561708485,50000.0,64683.800677163905,3.0
76431,1,475537.4368950615,946759.0474070081,147915.9868986436,50000.0,65041.09499517571,7.0
76432,1,475273.98832721706,945727.8511157583,148727.55741624793,50000.0,64647.01000466849,4.0
76433,1,475829.28332491673,947183.2637195983,147476.76600827507,50000.0,65020.991845808654,8.0
76434,1,476138.80849731027,947606.6660743494,147028.0266012961,50000.0,64985.72718883336,8.0
76435,1,475593.28615529696,946158.2871691774,148267.70359201808,50000.0,64595.433541648716,5.0
76436,1,475287.5720227658,945135.9602107162,149100.94034196425,50000.0,64259.07595216857,3.0
76437,1,475908.24997432943,946581.6821128972,147815.06020270215,50000.0,64547.266269359905,7.0
76438,1,475607.40111219237,945566.4321597083,148640.25326815087,50000.0,64202.86186816499,3.0
76439,1,476209.9802530171,947005.1988541646,147370.16629022697,50000.0,64516.116509852414,7.0
76440,1,475921.5501065305,945980.2179033848,148193.76941994968,50000.0,64145.32929755816,5.0
76441,1,476244.9951655644,945227.7285704233,148497.0394697545,50000.0,63334.79161642007,2.0
76442,1,476510.4777162593,947415.8498992992,146934.41269071284,50000.0,64481.09824470769,7.0
76443,1,476240.74579375406,946413.2755553934,147732.17455393623,50000.0,64098.47661359152,6.0
76444,1,475917.2610073278,945397.0536866909,148573.013825748,50000.0,63777.907085375664,3.0
76445,1,476863.70229155803,947865.3068388031,146443.64829964555,50000.0,64421.7815665755,6.0
76446,1,476549.1862906046,946815.529513469,147296.74889997754,50000.0,64046.02265985065,6.0
76447,1,476237.920515199,945800.5316455722,148129.23469709777,50000.0,63706.494235969716,4.0
76448,1,476857.6093813489,947240.3148034419,146847.03931125093,50000.0,64011.671054990526,7.0
76449,1,476570.35296626133,946239.3159145054,147656.080856854,50000.0,63649.14496307695,5.0
76450,1,476916.4808585975,945463.3156142044,147964.45632611684,50000.0,62796.486609663494,3.0
76451,1,477190.51657306444,947703.5132188502,146358.85373233294,50000.0,63981.634288687856,6.0
76452,1,476878.09309870837,946646.1256417076,147217.85309201808,50000.0,63599.82737791957,6.0
76453,1,476579.829847449,945639.5133354457,148039.62214068227,50000.0,63253.59658547351,4.0
76454,1,477519.7839289491,948132.6329393402,145894.81849958483,50000.0,63936.35584081041,7.0
76455,1,477196.7754817613,947068.2949403716,146763.6498503242,50000.0,63552.774552214854,6.0
76456,1,476901.77607623464,946070.0616519859,147577.47584061002,50000.0,63201.11722536392,4.0
76457,1,477208.2486298741,946476.9249108246,147139.66462055314,50000.0,63152.59409537804,6.0
76458,1,477566.796191784,947496.50260213,146276.43658687096,50000.0,63461.11582958654,6.0
76459,1,477240.83888977487,945892.6065574549,147501.47745558035,50000.0,62740.09955044019,4.0
76460,1,477842.40309427696,947936.3830622089,145835.8080962496,50000.0,63476.83300832736,7.0
76461,1,477542.4749110923,946911.2470236047,146668.48551021717,50000.0,63097.20702586002,6.0
76462,1,477548.2601977105,946291.1471550165,147068.2821456341,50000.0,62684.605103242415,5.0
76463,1,477871.19000602496,947352.6889398049,146196.01926070766,50000.0,63055.9275477575,6.0
76464,1,477896.8241824309,946746.0024696955,146575.36464894825,50000.0,62627.49803273876,5.0
76465,1,478154.79020836536,947719.8459538013,145797.42064261177,50000.0,63014.177796495474,6.0
76466,1,478225.0809205008,947175.2766139259,146110.75779851933,50000.0,62578.11985197427,5.0
76467,1,478221.67654435156,946561.8932990949,146512.82493803184,50000.0,62175.491270842635,5.0
76468,1,475601.3090369628,944976.8063994253,149025.1536308563,50000.0,63837.20981478113,2.0
76469,1,337960.04537090665,932901.8456638933,264698.31992935174,50000.0,4166.023969852246,11.0
76470,1,337934.12719792716,930652.251185672,265115.5232867984,50000.0,2604.667043900772,8.0
76471,1,338335.8146250994,931612.9779309836,264567.2934515576,50000.0,3395.9522564226354,10.0
76472,1,338843.23581765615,932802.3698435505,263885.4419024761,50000.0,4478.373985337696,11.0
76473,1,339272.6441627815,933789.5244469835,263317.09109160997,50000.0,5418.180024057044,12.0
76474,1,339828.4998091462,935086.9643737867,262585.4929523491,50000.0,6674.65969590682,14.0
76475,1,339057.25972244114,934565.6609644453,263394.99756673945,50000.0,5951.388697496793,14.0
76476,1,338092.83386766305,933926.3212179175,264405.9475138037,50000.0,5104.611135299348,12.0
76477,1,337154.2781316081,933283.8625433333,265393.74466652353,50000.0,4339.5564124212215,12.0
76478,1,336147.23013224825,932647.183789172,266445.83488134114,50000.0,3711.3340468053066,12.0
76479,1,335224.1497284175,932014.38413517,267418.9394841008,50000.0,3288.5872322259206,12.0
76480,1,336317.75139464694,930993.4923043486,266566.5201955371,50000.0,2040.2592759976321,10.0
76481,1,336703.95680207456,929817.2867142385,266417.5877398793,50000.0,1271.6850912930556,8.0
76482,1,337456.4214805962,929452.7793489662,265784.23803910014,50000.0,1892.1484208759684,6.0
76483,1,336957.11498138105,928335.0626842106,266464.1879139387,50000.0,1740.682391060848,6.0
76484,1,336519.88202392304,927202.088765721,267095.6725543492,50000.0,2303.2298267365486,7.0
76485,1,335840.10039232357,928256.300224916,267518.0593026386,50000.0,857.4934579627006,8.0
76486,1,335088.79447206366,928669.7055245396,268138.7548755919,50000.0,505.6153776796329,9.0
76487,1,333710.17017928883,927501.365185634,269646.2592008878,50000.0,2106.837486677172,8.0
76488,1,334662.06327372533,929943.0118828003,268303.4298466054,50000.0,1560.8152286503444,12.0
76489,1,334184.68065970246,931288.2504916243,268517.91218629567,50000.0,3131.176313190108,12.0
76490,1,333581.20746663265,929831.795234435,269335.60626368196,50000.0,2464.6333007478897,14.0
76491,1,333131.7794402714,928741.1313629559,269952.55746306427,50000.0,2474.471915693761,12.0
76492,1,332686.9701652419,927679.6456476313,270565.5978175861,50000.0,2925.708393137718,9.0
76493,1,332231.70146590925,926585.4498907586,271200.3173182523,50000.0,3672.420947636801,7.0
76494,1,331784.5495608611,925489.7336270347,271833.69339811074,50000.0,4565.495738653137,6.0
76495,1,331377.89065364,924471.6372053785,272419.333193528,50000.0,5462.78339444392,5.0
76496,1,331369.72353679704,923591.7537987806,272612.3959227008,50000.0,6095.865753105787,7.0
76497,1,332509.6246145888,925133.4881411216,271234.1054055904,50000.0,4374.387010568352,4.0
76498,1,334044.15022619534,926167.1717583303,269600.4136075352,50000.0,2909.125553398653,6.0
76499,1,335168.05689751194,926340.413747484,268523.6183624264,50000.0,2642.24289229076,6.0
76500,1,336044.71719436796,926034.0448181857,267775.9876645731,50000.0,3209.5713560339327,7.0
76501,1,331957.5019866169,923259.3973348931,272141.558429912,50000.0,6107.764342149706,6.0
76502,1,332460.4765482267,923606.9895317085,271602.21551681444,50000.0,5636.45467473723,6.0
76503,1,332988.05807626207,923950.6470881987,271041.24980036524,50000.0,5178.335194760596,5.0
76504,1,333475.053518751,924301.2078588166,270516.47596205724,50000.0,4745.9665698393255,5.0
76505,1,333989.5011763709,924665.5171088483,269963.67195241037,50000.0,4321.630073347032,5.0
76506,1,334506.8145413316,925023.2309609127,269409.8824676429,50000.0,3940.3203427716976,5.0
76507,1,335010.40028909105,925347.0749969912,268876.17228804884,50000.0,3641.2716574184947,5.0
76508,1,332068.44353857345,922582.0409012276,272188.34314118966,50000.0,6655.301027966648,6.0
76509,1,332567.48416693864,922924.0743039537,271653.1108744265,50000.0,6213.88722265012,6.0
76510,1,333103.0399464649,923272.7743711252,271083.0110108166,50000.0,5777.734278563574,5.0
76511,1,333586.0792788694,923617.7698591357,270562.3144894915,50000.0,5378.144757682519,5.0
76512,1,334084.0603208299,923943.003495814,270032.4041907718,50000.0,5023.0589464876075,5.0
76513,1,334603.17813578283,924306.7676691244,269474.8302055441,50000.0,4665.305376074966,5.0
76514,1,335109.8981247186,924666.4523327406,268929.82431933604,50000.0,4355.573064980756,5.0
76515,1,331788.2461602025,920850.9699591285,272840.01855172764,50000.0,8294.662949511301,4.0
76516,1,332279.27205109916,921176.1894820243,272314.3499873305,50000.0,7895.685598757117,4.0
76517,1,331665.7981317894,921523.0786050416,272797.1754408382,50000.0,7712.322835477852,5.0
76518,1,332182.1584737523,921880.285420122,272241.6072965284,50000.0,7258.932081894322,5.0
76519,1,332679.23899246566,922235.2651535393,271704.50419981184,50000.0,6828.339112083746,5.0
76520,1,333187.02268424514,922570.5027558821,271162.2665018343,50000.0,6434.135294035856,5.0
76521,1,333690.2980821742,922924.07312389,270620.26751490403,50000.0,6046.773251596969,5.0
76522,1,334204.8296276037,923264.7952533057,270071.033287664,50000.0,5700.6225693709275,5.0
76523,1,334736.2987624026,923620.3350219742,269503.1421155512,50000.0,5377.1737687128025,5.0
76524,1,335220.2834746574,923965.685222961,268981.41844648623,50000.0,5099.6187320924,5.0
76525,1,335638.7335080335,925010.8119472226,268367.9765601812,50000.0,4121.540718243036,5.0
76526,1,334009.7386109354,943110.5667857361,267195.8652555999,50000.0,9321.717539048244,9.0
76527,1,334576.6604830382,941550.0611371978,266786.2655270724,50000.0,10627.575350354253,11.0
76528,1,332883.74271874875,941480.6312963766,268430.4486807693,50000.0,8935.083854209348,9.0
76529,1,334142.1018628747,939948.3718801709,267367.5965091277,50000.0,11118.036946488612,10.0
76530,1,333124.7446389062,939917.8756129361,268350.8743673014,50000.0,10142.391575586435,9.0
76531,1,332452.6536951081,939895.651275773,269001.1712637714,50000.0,9509.209895666043,8.0
76532,1,333336.8670308932,943090.0478214542,267851.27012528194,50000.0,8624.291758286954,9.0
76533,1,334994.6310696701,943143.474420996,266236.99471248704,50000.0,10342.478953005824,10.0
76534,1,332770.8961468885,939936.0818824761,268690.11617829115,50000.0,9787.551059193518,8.0
76535,1,333439.3624393971,939931.5885940529,268046.24792960414,50000.0,10439.533634533756,11.0
76536,1,333802.2035967055,939933.2700285115,267696.5246624345,50000.0,10793.482714003389,10.0
76537,1,334341.04005398107,940741.6919834663,267093.48596160946,50000.0,10832.786255878753,11.0
76538,1,334017.7404350299,940720.1960923745,267407.5910631274,50000.0,10519.942972461873,11.0
76539,1,333713.1421727463,940713.8574794796,267702.20703894994,50000.0,10218.063193169877,11.0
76540,1,333350.480752779,940700.352685097,268053.6854363474,50000.0,9863.61699840224,10.0
76541,1,332994.3331211101,940703.5176956838,268397.3488482752,50000.0,9507.031098860463,8.0
76542,1,332689.80854015634,940697.5119943199,268692.15392369276,50000.0,9208.805789187734,8.0
76543,1,333220.12548028276,941495.6586538652,268103.4471342963,50000.0,9268.714657947832,9.0
76544,1,333558.03213571035,941514.0742909363,267774.7450748805,50000.0,9603.170720897491,9.0
76545,1,333885.2999922056,941497.7031835308,267459.7045166639,50000.0,9946.45032226,10.0
76546,1,334213.04146555887,941517.4791246108,267140.89862176834,50000.0,10271.475662274745,11.0
76547,1,334731.3693622575,942299.6599551897,266566.5608780782,50000.0,10421.46804915445,11.0
76548,1,334447.8200990549,942326.4707310254,266838.76924060046,50000.0,10114.162262325817,11.0
76549,1,334107.8512343418,942314.6611931912,267169.21998086723,50000.0,9766.109769268705,10.0
76550,1,333782.9383566643,942312.3065696309,267484.3387736807,50000.0,9429.678101071999,9.0
76551,1,333100.90044443903,942296.0721335135,268147.1317011506,50000.0,8730.068217671886,9.0
76552,1,333436.03120481997,942320.4298374876,267819.973288496,50000.0,9065.77671502336,9.0
76553,1,333655.0145418563,943089.7327632747,267542.15708732174,50000.0,8957.94526763572,10.0
76554,1,334322.2983021329,943121.4240452439,266891.4398908339,50000.0,9645.374395912859,10.0
76555,1,334645.99570829916,943124.0031018669,266576.9863154942,50000.0,9984.035964344092,10.0
76556,1,334885.3114567383,954938.1444711495,265856.3559250162,50000.0,12762.718737033225,6.0
76557,1,335192.62298558303,952760.5190941219,265561.6474430116,50000.0,11571.10706647007,10.0
76558,1,334539.0126695367,953276.8846208836,266206.846277432,50000.0,11464.331795477437,8.0
76559,1,337528.1088185051,955383.5232518046,263212.9084562971,50000.0,14585.925575245396,11.0
76560,1,337684.7242120636,958071.4197192371,263082.1202688723,50000.0,16391.7469080762,12.0
76561,1,338378.88176054,957582.6148523694,262375.5331792085,50000.0,16447.029412590728,13.0
76562,1,335968.90223650564,953639.4458569018,264778.08059173747,50000.0,12576.73132671965,11.0
76563,1,336356.1068732824,954094.237033517,264388.194718664,50000.0,13087.9175331995,11.0
76564,1,336727.7944132871,954514.8507023907,264014.7551691269,50000.0,13569.720082564434,11.0
76565,1,337102.185106644,954985.1086017938,263639.15247015306,50000.0,14082.012290643015,11.0
76566,1,334903.061030224,953705.8471083306,265840.53120934207,50000.0,11950.54288358992,7.0
76567,1,335284.569707992,954124.4204707186,265457.5292692309,50000.0,12440.376509061478,7.0
76568,1,335653.2419253755,954582.7385075836,265087.9238514683,50000.0,12947.771198207987,8.0
76569,1,336082.6942887148,955030.3334968233,264658.35558080825,50000.0,13483.770546811957,10.0
76570,1,336424.06363361236,955432.4317056227,264317.51772880094,50000.0,13939.172883268171,10.0
76571,1,335200.2004330192,955284.2926036909,265542.4431539001,50000.0,13167.03889933949,6.0
76572,1,335575.88618620276,955753.6319431519,265168.911626315,50000.0,13688.609090715745,9.0
76573,1,335931.42448386824,956116.5184246394,264815.4417935059,50000.0,14125.269302514902,9.0
76574,1,336268.3952234646,956507.3905347072,264481.38209169824,50000.0,14571.721953126053,8.0
76575,1,336583.264069984,956853.7945210251,264169.50963865494,50000.0,14975.645329267963,10.0
76576,1,336979.0044705603,957295.2509820879,263778.25659220363,50000.0,15487.366156955635,10.0
76577,1,337330.46441858803,957671.3764605022,263431.10638381,50000.0,15930.619991442545,10.0
76578,1,337216.9314986859,956302.636878893,263527.8016925352,50000.0,14955.724245146617,11.0
76579,1,337609.987255132,956719.5302863681,263137.1908706861,50000.0,15450.097853599613,12.0
76580,1,338001.43087532395,957174.7785864305,262749.27648440906,50000.0,15967.87354314043,13.0
76581,1,342421.33762204833,944802.5628103273,258895.45166242504,50000.0,16007.74343592817,18.0
76582,1,339948.0114737467,943248.9591157428,261433.12181341116,50000.0,14287.449480504562,17.0
76583,1,337471.297884429,941759.4202035409,263971.250841635,50000.0,12931.03687609063,14.0
76584,1,338052.820473398,944333.0430127089,263168.4791538958,50000.0,13168.968433885548,13.0
76585,1,338351.27022383333,945021.2898750283,262821.85013429984,50000.0,13306.466605521246,14.0
76586,1,338950.5904532839,947591.0830257856,262053.3481405123,50000.0,13580.1539918257,14.0
76587,1,339312.42984412675,948330.1481521383,261654.35105432398,50000.0,13933.076795856909,14.0
76588,1,338897.8089532368,948775.7796350397,262035.82600306429,50000.0,13537.74590354537,15.0
76589,1,338889.5013618071,952416.2793744928,261897.55407969299,50000.0,14243.958114661082,13.0
76590,1,341645.3086502216,954591.1406056329,259115.06945389957,50000.0,17278.8674406437,19.0
76591,1,345626.4959945581,955482.3509428015,255143.4527799055,50000.0,20949.50607303974,27.0
76592,1,343440.6823737324,945712.3627981532,257826.41264346757,50000.0,17030.446262895257,20.0
76593,1,344413.338490004,947823.986861339,256708.24792379793,50000.0,19147.92933087938,22.0
76594,1,345135.4346568599,949440.4667546769,255889.86996779917,50000.0,19766.913359820584,24.0
76595,1,345779.8576081138,950877.6182027669,255171.50905526974,50000.0,20408.260249122355,27.0
76596,1,345400.1900173484,952463.6343952768,255464.91100390474,50000.0,20157.213816174317,28.0
76597,1,338660.9492817663,945744.5933191269,262464.1283754587,50000.0,13482.525342935565,14.0
76598,1,338992.1053406019,946451.5728872585,262089.41794336712,50000.0,13718.05789928006,14.0
76599,1,339330.08988244314,947170.3206920518,261709.82985561146,50000.0,13991.141446393794,15.0
76600,1,339661.01120588166,947860.0673511263,261341.63961487467,50000.0,14288.682825018186,16.0
76601,1,339958.88260112534,948592.0959092064,261005.80543871128,50000.0,14580.108556054345,15.0
76602,1,337784.53428670886,942444.1619562742,263600.59585332376,50000.0,13546.019256443939,14.0
76603,1,338154.91820563975,943203.8987175097,263170.0601631863,50000.0,13639.773178577501,15.0
76604,1,338476.72708066803,943936.3693431069,262791.88923914335,50000.0,13732.235072416275,15.0
76605,1,338754.4385493541,944561.540126881,262468.3807550459,50000.0,13844.035390372821,15.0
76606,1,339073.92141364276,945294.876908273,262097.60041077383,50000.0,14002.492411493564,15.0
76607,1,339412.0588081151,946030.8294887822,261711.30034782292,50000.0,14215.336375268414,15.0
76608,1,339745.4931469992,946719.6931709651,261335.75547557333,50000.0,14462.762071235295,15.0
76609,1,340072.75078066805,947415.5276101916,260968.19044801898,50000.0,14731.279304735592,16.0
76610,1,340340.24269896187,948086.0274701522,260663.16940903987,50000.0,14967.354473582003,16.0
76611,1,340757.98383686115,948864.0808608657,260207.16835414947,50000.0,15379.318017119287,17.0
76612,1,338516.9471583796,942740.4640182006,262864.4443830234,50000.0,13819.881971222463,16.0
76613,1,338839.37761555857,943442.1835539447,262485.86207378784,50000.0,14275.459586443141,16.0
76614,1,339136.86736591515,944135.7699671185,262134.68428372827,50000.0,14366.280293595704,16.0
76615,1,339469.5178209693,944842.5011501933,261750.8181691213,50000.0,14522.670369401796,16.0
76616,1,339791.07641867176,945557.062722861,261379.65130297348,50000.0,14697.89848869764,16.0
76617,1,340126.84481162694,946287.7564586551,260996.09259259488,50000.0,14917.0216240082,16.0
76618,1,340474.13435772824,947028.6957544582,260603.34176532336,50000.0,15178.445878806868,16.0
76619,1,340788.2939813489,947696.3876492055,260250.67188631144,50000.0,15441.56974540595,17.0
76620,1,341142.4676035236,948412.479261684,259858.1387991691,50000.0,15767.350754644602,18.0
76621,1,339243.52768334904,942989.4228565242,262138.6064297004,50000.0,14031.900641454613,18.0
76622,1,339543.15817120526,943664.7258172131,261784.50019105207,50000.0,14704.60107114781,16.0
76623,1,339882.2887188814,944399.7703388394,261389.17470319898,50000.0,15074.107452684846,18.0
76624,1,340212.4662136759,945149.3462428135,261004.0796789665,50000.0,15228.144043173337,18.0
76625,1,340515.8948907976,945824.6404218377,260653.8658819371,50000.0,15402.448501856994,18.0
76626,1,340841.61441073613,946545.0539969959,260280.9125156253,50000.0,15619.952955971936,17.0
76627,1,341163.44232198043,947265.6752538712,259914.44837831723,50000.0,15862.573294126145,18.0
76628,1,341498.26370532246,947954.503870338,259540.15703883723,50000.0,16148.260300413333,18.0
76629,1,341819.8775657659,948657.9052257732,259180.29015585314,50000.0,16443.94933579826,19.0
76630,1,340254.90709898673,943965.3618367353,261068.18444541554,50000.0,15005.42387370989,17.0
76631,1,340606.72587457404,944655.813287294,260664.74868880198,50000.0,15699.331925133276,19.0
76632,1,340914.79807430645,945366.8056197386,260304.35052083575,50000.0,15914.684251045714,19.0
76633,1,341217.9681282541,946078.175141335,259951.3508129591,50000.0,16087.800066894903,18.0
76634,1,341545.929426892,946791.8122021426,259576.74556188376,50000.0,16314.66751615955,18.0
76635,1,341881.6875759615,947473.8823713334,259199.4416442177,50000.0,16579.759654573285,19.0
76636,1,342192.4744971359,948215.7397032954,258844.85369090634,50000.0,16839.095322773326,19.0
76637,1,340995.2808429615,944231.0234644501,260327.51027612414,50000.0,15301.202126116666,18.0
76638,1,341305.4314320146,944916.6959836816,259964.85855750937,50000.0,15992.072503881915,18.0
76639,1,341643.6770328731,945646.4563420775,259573.65280648225,50000.0,16617.195767292127,19.0
76640,1,341948.1890612228,946369.5861513054,259218.49238574557,50000.0,16797.519833887807,18.0
76641,1,342278.4822408882,947065.1329304082,258843.12413982305,50000.0,17035.98321099944,18.0
76642,1,342633.65188888443,947822.3454925731,258441.59124848177,50000.0,17318.65102925257,19.0
76643,1,342928.316016334,948482.0821865171,258108.59710282562,50000.0,17572.329996255718,20.0
76644,1,341722.0482692091,944541.7779912662,259595.84432592438,50000.0,15667.798889839425,16.0
76645,1,342012.2802357609,945170.1649598061,259257.78930765056,50000.0,16303.015211019228,19.0
76646,1,342348.0826074156,945905.9854145619,258868.44266034983,50000.0,17046.28326973064,19.0
76647,1,342634.43207936524,946578.5220057468,258535.01705592655,50000.0,17476.790046763148,19.0
76648,1,342982.910663344,947349.3627721461,258136.08900007905,50000.0,17727.993399467046,19.0
76649,1,343286.8544008324,948042.6194357219,257789.1874187767,50000.0,17968.78613274053,20.0
76650,1,342732.1262733031,945452.1138234229,258535.6450764864,50000.0,16666.615379056326,20.0
76651,1,343050.347344176,946161.2937052276,258165.7094914791,50000.0,17382.583722631047,19.0
76652,1,343402.6616786172,946906.4965322787,257762.3876811507,50000.0,18137.443544248188,21.0
76653,1,343664.1527088344,947570.7946308113,257456.4061201306,50000.0,18404.54684210308,22.0
76654,1,343991.1703163553,948279.1151682709,257085.84204429243,50000.0,18670.159393270347,22.0
76655,1,343756.2439704521,946415.6268363483,257459.57986908953,50000.0,17739.749228799305,21.0
76656,1,344111.36839061265,947166.6916990126,257053.0625957671,50000.0,18500.43892429601,21.0
76657,1,345440.8329824243,950152.9918093311,255546.13753899242,50000.0,20060.88096753349,26.0
76658,1,344744.8454145079,949841.8714249588,256246.04064433282,50000.0,19365.27709836818,25.0
76659,1,345094.75346067984,950625.4811245486,255857.10974743275,50000.0,19722.65417398806,25.0
76660,1,345406.8074846887,951313.2593871654,255513.5921166376,50000.0,20060.373536330433,26.0
76661,1,344058.68833635305,949621.3640374638,256930.78682474632,50000.0,18679.106663209495,23.0
76662,1,344389.83874239464,950341.0160033928,256563.9860028204,50000.0,19016.511969329775,22.0
76663,1,344727.1084164547,951048.4922092427,256194.54375642698,50000.0,19379.38070583996,24.0
76664,1,345057.47956015024,951738.9641540563,255835.3061233907,50000.0,19752.22474979146,27.0
76665,1,343664.52518895833,950036.3738731168,257292.03773004469,50000.0,18289.69479513735,20.0
76666,1,343991.2760565069,950757.7382215355,256931.9796293538,50000.0,18641.87191263014,22.0
76667,1,344337.5317038331,951481.582084705,256555.39170470147,50000.0,19033.255358012542,22.0
76668,1,344654.3790136944,952174.6519534995,256211.83395451502,50000.0,19411.439787016094,25.0
76669,1,344970.54726777493,952909.908393398,255869.850074082,50000.0,19811.825407680368,27.0
76670,1,342924.409140554,949794.9045521696,258031.01552904607,50000.0,17549.811219366286,20.0
76671,1,343279.32612544374,950492.923566198,257644.64110175017,50000.0,17929.24545862842,19.0
76672,1,343619.9546313363,951218.4806049921,257273.4467966134,50000.0,18316.087012071,23.0
76673,1,343929.0277243701,951906.5618773191,256937.7241604129,50000.0,18687.777301937123,24.0
76674,1,344280.3220761698,952635.6542167714,256561.2882715495,50000.0,19122.34683892248,25.0
76675,1,344618.6116631197,953367.9857542999,256200.36569750778,50000.0,19562.595336749368,26.0
76676,1,344923.5699991294,954063.8447897279,255876.37747968745,50000.0,19981.24126224025,26.0
76677,1,345295.59666357475,954760.108345507,255488.5588243415,50000.0,20474.21698798589,27.0
76678,1,342567.09322739637,950241.2777739597,258356.9122798154,50000.0,17217.111983292692,21.0
76679,1,342886.92457949853,950945.7076187497,258007.18397853145,50000.0,17583.117892457696,20.0
76680,1,343231.163156366,951627.5904240283,257637.05418689898,50000.0,17988.951508776645,23.0
76681,1,343542.5966071365,952364.4638812635,257299.47292640974,50000.0,18389.05589558577,22.0
76682,1,343904.7391394609,953080.5149199574,256915.5045745605,50000.0,18851.16122621271,24.0
76683,1,344242.9046012976,953788.2574183383,256558.1433503567,50000.0,19305.068873681703,25.0
76684,1,344572.89556904975,954498.3843087006,256211.46380464264,50000.0,19766.75790702985,26.0
76685,1,344899.9801430566,955202.1431343706,255870.50321177518,50000.0,20237.979311357427,27.0
76686,1,345251.3360132507,955896.8110651027,255508.2263277158,50000.0,20739.965438943113,28.0
76687,1,341830.63506525423,949963.7929829338,259094.34997419154,50000.0,16479.68729818261,18.0
76688,1,342184.85905412305,950704.7124774506,258708.97345984078,50000.0,16883.12536054805,19.0
76689,1,342513.42284282245,951389.3889189429,258354.18225889676,50000.0,17276.619939294767,20.0
76690,1,342859.09261813504,952096.0798369037,257984.0965966685,50000.0,17707.1097002895,21.0
76691,1,343199.27334674384,952821.7242519112,257621.36207504975,50000.0,18153.31158884567,21.0
76692,1,343516.3057448982,953497.0129354623,257285.85165818018,50000.0,18584.322612230597,24.0
76693,1,343843.32851796306,954201.2881232859,256942.10447507913,50000.0,19045.26163237596,25.0
76694,1,344192.2207048584,954926.0529362962,256578.86472833302,50000.0,19544.935979007052,25.0
76695,1,344527.6296102302,955622.8696984029,256232.28137487717,50000.0,20037.878255499738,27.0
76696,1,344881.70103202394,956329.3631127492,255869.57229068325,50000.0,20561.04282196441,28.0
76697,1,341485.40660059033,950445.1572912916,259409.11292828745,50000.0,16183.885440832864,19.0
76698,1,341793.3595027774,951133.521343287,259074.39674876397,50000.0,16560.056720722798,19.0
76699,1,342118.96624088177,951831.7341325779,258724.42071173707,50000.0,16973.326380074053,20.0
76700,1,342444.99260069116,952517.2994900957,258377.05328837543,50000.0,17402.144810401925,21.0
76701,1,342804.93325811444,953270.2185756696,257996.54611207088,50000.0,17892.774621481432,22.0
76702,1,343133.43403143703,953955.7771243287,257651.92434427602,50000.0,18355.254413853934,23.0
76703,1,343464.7572674239,954690.1257702855,257305.93291575255,50000.0,18847.563388517447,25.0
76704,1,343849.3809373807,955396.629096057,256910.34595255382,50000.0,19390.826286128853,25.0
76705,1,344154.29115519335,956093.4836151026,256596.75424106428,50000.0,19875.014265109214,26.0
76706,1,340738.61450266663,950158.202474918,260157.14124312485,50000.0,15436.333712112491,16.0
76707,1,341047.90871980105,950858.4228331886,259820.47629619506,50000.0,15817.06447962295,18.0
76708,1,341398.8468048173,951576.2713740044,259444.68409116328,50000.0,16260.174481409875,18.0
76709,1,341753.104702447,952287.3531253274,259068.523356386,50000.0,16723.740563239815,19.0
76710,1,342068.6153486868,953005.6214149472,258733.08821532832,50000.0,17171.267646258115,20.0
76711,1,342399.9523459972,953697.0919737435,258385.47294619432,50000.0,17642.47918627837,21.0
76712,1,342745.3559381764,954404.0309117383,258026.08654362513,50000.0,18144.182088501602,22.0
76713,1,343084.5676197832,955106.611992182,257675.5551689672,50000.0,18652.274423434996,21.0
76714,1,343399.75384735415,955813.7552906603,257351.4999183953,50000.0,19154.11101736763,20.0
76715,1,343780.57901315077,956497.134419389,256964.92441388982,50000.0,19712.084504180446,20.0
76716,1,340339.5267862875,950583.4466258761,260530.07705398224,50000.0,15109.252390357451,18.0
76717,1,340666.532686561,951287.1259762773,260178.32840999722,50000.0,15530.14136847732,19.0
76718,1,341006.5407974342,952012.8624034169,259815.5808075318,50000.0,15987.120091273755,19.0
76719,1,341333.70022031985,952698.4756619385,259469.56312938422,50000.0,16441.497148320886,21.0
76720,1,341660.58646364434,953402.8508828144,259125.79738862987,50000.0,16916.189157033034,21.0
76721,1,342001.3486406799,954111.3476885924,258770.8221459226,50000.0,17419.076366552643,22.0
76722,1,342353.9660185307,954841.422548759,258406.34265977936,50000.0,17952.695717879764,22.0
76723,1,342705.4209131476,955523.497869671,258046.4525257333,50000.0,18481.07519507849,21.0
76724,1,339620.80825229624,950322.7627664555,261249.2480901394,50000.0,14393.980911952238,17.0
76725,1,339966.4394989079,951016.6987499031,260879.47981387886,50000.0,14833.631051237446,17.0
76726,1,340272.2410402417,951718.0519326166,260551.26278776364,50000.0,15257.855133909154,18.0
76727,1,340632.99188199715,952440.2796669631,260170.71438500984,50000.0,15755.225665822618,18.0
76728,1,340964.7016166829,953143.8022819047,259822.13088194636,50000.0,16238.889014597458,18.0
76729,1,341290.2358554851,953842.9742417033,259482.3984478561,50000.0,16731.180013511002,20.0
76730,1,339248.122712384,950768.4048236246,261597.73986403202,50000.0,14125.105696772926,16.0
76731,1,339564.64623031253,951467.8494963353,261259.01128008016,50000.0,14563.5944895352,16.0
76732,1,339896.9324497897,952177.4679858754,260906.99541639394,50000.0,15037.956366776196,17.0
76733,1,340229.15226936224,952893.0259726166,260557.55935662362,50000.0,15531.66906956796,17.0
76734,1,340591.8883544027,953603.25523873,260180.68855870503,50000.0,16065.447529235411,17.0
76735,1,338838.5521906196,951214.9728227518,261985.1438401178,50000.0,13853.439967205704,14.0
76736,1,339203.5450754961,951900.1343114818,261601.53199245827,50000.0,14355.536377839568,14.0
76737,1,339522.93579305476,952624.45960896,261264.40835115986,50000.0,14846.288205377245,15.0
76738,1,339860.6921350045,953327.1453692564,260912.38894794593,50000.0,15362.603294816085,17.0
76739,1,395192.66627116385,940132.1283361461,211093.4817783654,50000.0,8861.313692482758,23.0
76740,1,394395.6856599262,939717.8778149907,211907.0619527141,50000.0,9657.826706019197,23.0
76741,1,393759.8196436743,939390.3751664707,212555.45339003325,50000.0,10294.40424612904,23.0
76742,1,393127.36840620975,939068.8686064049,213199.260132724,50000.0,10927.598299233958,23.0
76743,1,392490.53618736437,938739.2513839263,213849.41415589425,50000.0,11569.099802835426,23.0
76744,1,391862.57809177786,938426.5889269796,214487.0051094731,50000.0,12198.09521347685,22.0
76745,1,391223.7385904116,938092.2536124107,215140.59605207527,50000.0,12845.449662893323,22.0
76746,1,390586.2972431912,937766.8428181839,215790.48849896778,50000.0,13489.22412009544,22.0
76747,1,389952.45563323837,937439.9428483722,216437.844476508,50000.0,14131.465971730146,21.0
76748,1,389315.3794105761,937118.3916897594,217086.58211226328,50000.0,14775.206155789916,21.0
76749,1,388682.38346258743,936791.2219684944,217733.58463308186,50000.0,15418.2892808289,21.0
76750,1,387993.5966873408,936439.096308367,218436.63695636575,50000.0,16117.36393772327,20.0
76751,1,387598.1354375548,935533.6820685529,219050.06590313613,50000.0,16777.84048103335,20.0
76752,1,388635.1648766272,936063.6111692968,217991.483025899,50000.0,15731.505420277832,20.0
76753,1,389264.0037862899,936386.6143238558,217349.2762052123,50000.0,15097.613926263679,20.0
76754,1,389907.22748429043,936716.478324957,216692.69451299336,50000.0,14450.541553421624,21.0
76755,1,390540.9978848465,937038.7793917615,216046.73330066484,50000.0,13815.357307470793,21.0
76756,1,391182.2120827627,937361.2267757762,215394.43489134577,50000.0,13175.743766990043,21.0
76757,1,391819.18207156775,937691.8358120294,214743.515464784,50000.0,12537.537267761112,22.0
76758,1,392453.57461834326,938013.4713536681,214097.67800801355,50000.0,11907.11305632089,22.0
76759,1,393089.82855576836,938339.9097593501,213448.93981903576,50000.0,11275.243946274957,22.0
76760,1,393723.84646980924,938668.8617934794,212801.5347116724,50000.0,10646.294142761035,22.0
76761,1,394359.9227553956,938995.1394915325,212153.30532185917,50000.0,10019.946975003415,22.0
76762,1,395159.5687527931,939406.5994056092,211338.21433001137,50000.0,9236.861671103443,23.0
76763,1,391145.6575073939,936644.192545478,215643.3236520457,50000.0,13530.916326353316,21.0
76764,1,391783.0493705112,936966.0918767998,214994.65713992133,50000.0,12904.123609318882,21.0
76765,1,392420.2658442048,937295.7188679937,214343.93931184118,50000.0,12276.298094074287,21.0
76766,1,393055.9720322881,937621.6870400935,213695.8004045782,50000.0,11654.38491999534,22.0
76767,1,393691.2011603973,937946.5999589101,213048.5524037354,50000.0,11036.85966741557,22.0
76768,1,394323.4458530525,938277.4853513371,212402.20995110145,50000.0,10422.170167461636,22.0
76769,1,395124.73431640543,938683.5522945693,211587.33606674575,50000.0,9657.409435309688,22.0
76770,1,395096.3236345837,937964.8641309557,211833.18073075346,50000.0,10110.44539536191,22.0
76771,1,394294.58584988874,937551.1988615185,212650.77220796992,50000.0,10861.825045075484,22.0
76772,1,393656.0332072952,937227.5758708651,213300.31866682737,50000.0,11463.893376582368,22.0
76773,1,393019.2850763573,936897.9273486097,213950.3459867191,50000.0,12073.634975924258,21.0
76774,1,392385.3991343091,936570.2666014313,214597.45436448583,50000.0,12684.772208396551,21.0
76775,1,391753.1030098829,936246.7555108031,215242.06555993465,50000.0,13296.401709249816,21.0
76776,1,386822.16766921076,933727.2452951592,220273.4745365812,50000.0,18155.553958789103,19.0
76777,1,386385.7279145863,932691.1005106072,220974.23992493155,50000.0,18975.704557931113,18.0
76778,1,387110.1612406759,933048.2523318884,220238.3937366338,50000.0,18267.13981569934,18.0
76779,1,387823.6496850063,933399.4466443374,219514.05512339584,50000.0,17572.34827018083,19.0
76780,1,388490.6239011845,933735.5493077763,218834.6583437199,50000.0,16921.54888219898,19.0
76781,1,389119.5424295063,934048.1473085114,218195.56405714058,50000.0,16312.784308076642,20.0
76782,1,389760.7459322672,934397.6649844077,217534.3999799656,50000.0,15678.261711121253,20.0
76783,1,390386.95752923784,934679.2018477219,216907.79060388543,50000.0,15094.5042656984,20.0
76784,1,393616.426196392,936299.4563427169,213625.54447440794,50000.0,12058.74487335928,21.0
76785,1,394253.32021436014,936614.6506599057,212980.1241376384,50000.0,11480.860528773446,21.0
76786,1,395059.9218927833,937017.9323889636,212161.66327271878,50000.0,10758.236458514515,21.0
76787,1,395022.54023360636,936281.1537302997,212429.2375220834,50000.0,11301.307843001565,21.0
76788,1,394222.6883448731,935877.6716631434,213241.926185372,50000.0,12000.8373821455,21.0
76789,1,393584.2795933573,935560.4395094868,213889.22330338517,50000.0,12566.382247264517,20.0
76790,1,392952.81152601575,935247.4989110414,214529.380658579,50000.0,13133.295358954492,20.0
76791,1,389084.2587304889,933324.6148891774,218456.67765714167,50000.0,16737.08013343938,19.0
76792,1,388448.7097288465,933010.5343706295,219101.89529920983,50000.0,17343.341176083697,19.0
76793,1,387785.349017782,932679.9995372692,219776.40095578242,50000.0,17981.030288062444,18.0
76794,1,387059.65398510365,932321.1257418325,220513.62680089657,50000.0,18680.71674980065,18.0
76795,1,386368.02286904363,931975.898629971,221217.4826424616,50000.0,19352.386913720955,18.0
76796,1,386690.37548426277,931428.8234717683,221118.6292067285,50000.0,19424.75942928853,18.0
76797,1,387752.22680580214,931953.4930935467,220040.03803383812,50000.0,18412.18412379393,19.0
76798,1,388405.3454373718,932275.0955773222,219377.22738303585,50000.0,17794.599958470033,19.0
76799,1,392928.9475918567,934513.8543952318,214787.87117999923,50000.0,13645.269588286932,20.0
76800,1,393562.6964109414,934828.0795455752,214145.4267442091,50000.0,13089.780633950844,20.0
76801,1,394198.2611228317,935147.1121471816,213500.03660438154,50000.0,12538.888564906832,20.0
76802,1,395004.1760298368,935540.0565338925,212685.71092468072,50000.0,11863.951672326784,21.0
76803,1,394973.8300407021,934810.5665426095,212952.2692381595,50000.0,12445.519251442034,20.0
76804,1,394174.440323144,934408.6599381571,213763.89437207332,50000.0,13105.346603072481,20.0
76805,1,393535.3019521617,934093.2023976968,214411.06318356018,50000.0,13641.06488786797,20.0
76806,1,392900.8072605244,933778.8925398893,215054.08896483318,50000.0,14183.637676139126,20.0
76807,1,392268.90585099394,933465.931301517,215694.64213419743,50000.0,14732.654743506362,19.0
76808,1,391633.424737468,933157.6487590754,216336.8604834795,50000.0,15288.145080118005,19.0
76809,1,390994.9911387171,932836.3983272609,216986.0713124975,50000.0,15861.31851636524,19.0
76810,1,388995.79741932655,931847.0339623067,219014.6677010487,50000.0,17683.152128223413,19.0
76811,1,388357.9248169604,931541.704412327,219658.86623982628,50000.0,18268.351210173718,18.0
76812,1,387727.3222710739,931230.4601899021,220299.01352004163,50000.0,18856.974684342847,19.0
76813,1,387013.73293250473,930881.481583515,221022.54784119478,50000.0,19525.670838036796,18.0
76814,1,387328.78219654283,930340.2679595468,220935.00896489093,50000.0,19656.472413917283,18.0
76815,1,388319.22772275197,930813.084839406,219934.96722960795,50000.0,18753.056721242447,18.0
76816,1,388966.22063460137,931129.1295003803,219279.5321406063,50000.0,18164.520588547533,18.0
76817,1,389595.75192901795,931424.9127327505,218645.9168883377,50000.0,17604.9283835097,18.0
76818,1,390231.9235428615,931727.0453433327,218004.71768734828,50000.0,17043.24093990624,18.0
76819,1,390967.4284515397,932082.2426628732,217261.64867652245,50000.0,16397.916361509615,19.0
76820,1,391605.3994442314,932392.2057692766,216616.68743224064,50000.0,15844.554799597014,19.0
76821,1,392246.23441639607,932701.4698293606,215969.72298226415,50000.0,15298.235082301131,19.0
76822,1,392874.0741147214,933004.8670629741,215335.92420652573,50000.0,14771.359667220855,19.0
76823,1,393510.1356246621,933310.4062317399,214694.6283448582,50000.0,14248.708767490763,19.0
76824,1,394952.21064464864,934008.9035823749,213239.42253290204,50000.0,13101.49403351047,20.0
76825,1,394145.43353701365,933619.662708322,214052.90859165395,50000.0,13734.354368030703,20.0
76826,1,387655.2322552289,929786.8568838799,220845.4080635271,50000.0,19815.676666108826,18.0
76827,1,388285.90293014975,930088.9108567729,220208.45549617484,50000.0,19249.654605541098,18.0
76828,1,388922.4620030868,930395.3575495715,219565.2081644043,50000.0,18682.58153693865,18.0
76829,1,389563.70014359406,930700.2391372963,218918.72749951386,50000.0,18119.848804062072,18.0
76830,1,390200.07948060863,931006.5640851025,218276.05467710283,50000.0,17565.15638635638,18.0
76831,1,390943.99805788597,931362.4400337732,217525.7762286195,50000.0,16927.17687542447,18.0
76832,1,391582.9756875821,931673.1363476927,216879.82612060063,50000.0,16383.898259634963,18.0
76833,1,392219.9627962145,931981.5951173903,216236.51229269925,50000.0,15851.713510278681,19.0
76834,1,392855.20700319565,932288.4654978433,215595.4026759681,50000.0,15330.85535851544,19.0
76835,1,393487.4558542222,932590.4924869922,214958.66772312223,50000.0,14825.362091029825,19.0
76836,1,394124.81870093127,932897.6807259984,214316.04213646456,50000.0,14325.065947647798,19.0
76837,1,394978.4854905329,933312.926739569,213454.32051974797,50000.0,13671.870775800637,20.0
76838,1,388890.75371010794,929666.6992501873,219842.41202596936,50000.0,19207.12266141072,18.0
76839,1,389523.81749155617,929967.837900366,219204.25567780426,50000.0,18660.97647047458,18.0
76840,1,390165.49030008836,930280.5377379112,218555.03116818113,50000.0,18108.82153964349,18.0
76841,1,390921.83203353785,930644.8041717743,217791.5350327203,50000.0,17470.758440945698,18.0
76842,1,391555.5358706366,930945.3767042588,217153.65383685828,50000.0,16948.55520230066,18.0
76843,1,392202.21893316554,931257.7568532635,216500.94665850946,50000.0,16420.519624417233,19.0
76844,1,392825.4884635987,931556.5220305934,215872.86143415477,50000.0,15923.010639496792,19.0
76845,1,393468.90707636985,931869.0868723135,215223.22875309916,50000.0,15416.91156910539,19.0
76846,1,394104.2008345712,932177.3172114057,214582.12860603293,50000.0,14929.300422018885,19.0
76847,1,402634.25854275207,945524.0972932021,203067.17829419763,50000.0,821.0782204098405,28.0
76848,1,396709.91808955494,941754.586980596,209301.73268535518,50000.0,6990.249725280457,24.0
76849,1,397433.80962426314,942583.5461976372,208433.35031457813,50000.0,6094.981420913221,25.0
76850,1,398169.82816303516,943336.2697605988,207577.67269555895,50000.0,5233.34229448087,25.0
76851,1,398949.9257167112,944130.1434030088,206673.21259574709,50000.0,4346.044754087981,26.0
76852,1,399749.62903470185,944966.9809148132,205741.08912468702,50000.0,3480.9264983357343,27.0
76853,1,400447.6687332627,945724.1263419898,204921.46761536915,50000.0,2808.3916840366624,28.0
76854,1,401299.927128029,946586.6328613295,203939.36242154328,50000.0,2181.630165035551,29.0
76855,1,402039.19689818786,947340.0641968448,203087.372769452,50000.0,1964.3277658669356,29.0
76856,1,402810.8013671219,946783.3464075368,202561.54018805642,50000.0,818.215589646048,29.0
76857,1,401949.4983993274,946131.6328001717,203494.5782217378,50000.0,1315.4106583078812,28.0
76858,1,401290.4905303897,945099.5167151612,204357.99945114533,50000.0,2013.5250170409995,28.0
76859,1,400426.4512325494,944538.5702091921,205269.62403465537,50000.0,2925.9652141029037,28.0
76860,1,399395.5984624334,943469.2806948543,206471.7321798778,50000.0,4162.436729912101,27.0
76861,1,398465.4793530861,942404.5187375847,207587.59502598684,50000.0,5349.260396504081,25.0
76862,1,400528.8041727706,943612.2370140642,205445.62359530464,50000.0,3280.222026515383,27.0
76863,1,399523.09930425807,942495.0131551381,206643.9359236899,50000.0,4586.031047257698,26.0
76864,1,397640.3376665329,941495.3941084591,208569.46393029424,50000.0,6399.330302020517,24.0
76865,1,398634.0590981781,941321.269592596,207761.36218176578,50000.0,5863.461729690214,25.0
76866,1,396962.9676681452,940394.9922081429,209482.7245076122,50000.0,7464.153602436189,24.0
76867,1,396919.4891754352,939382.9885550092,209827.42644647538,50000.0,8123.054973244751,23.0
76868,1,397934.18774946325,940124.3453919236,208727.00060286027,50000.0,7062.506654151181,24.0
76869,1,399760.83130904817,941720.954766001,206668.7722181305,50000.0,5001.868877076759,25.0
76870,1,400646.58151777013,942714.7877165152,205606.8855396403,50000.0,3849.7649769574955,26.0
76871,1,401421.4230286968,943570.2708449035,204684.0077157256,50000.0,2859.6710965767406,27.0
76872,1,402157.92586049275,944564.2168575589,203756.04055263335,50000.0,1777.0502357217479,27.0
76873,1,403611.830416013,946194.8383693763,202026.18920945594,50000.0,432.9964500603016,29.0
76874,1,407616.31069124193,952836.3222393845,196746.99970822746,50000.0,6951.397475452027,37.0
76875,1,407300.216249841,951769.9197187189,197294.01545191577,50000.0,5998.299465870634,35.0
76876,1,407144.8836129752,950854.1250607368,197666.6420260614,50000.0,5246.381624896046,34.0
76877,1,407003.98597547424,949802.100916519,198068.54767201163,50000.0,4489.22641953929,35.0
76878,1,408233.0585902065,951455.6586662076,196551.43318244684,50000.0,6247.891424937829,35.0
76879,1,408407.7358821757,952610.1137829621,196101.73674764426,50000.0,6740.406171907966,35.0
76880,1,409203.2823864911,953675.2362440074,195131.27843632043,50000.0,5581.788020737583,37.0
76881,1,410124.09145058616,953437.9915904194,194374.56216316985,50000.0,5500.857142130324,37.0
76882,1,408688.18714889686,950752.6110716345,196336.90934934423,50000.0,6152.506981218045,34.0
76883,1,407893.935002833,949837.5903976155,197279.26830067558,50000.0,5137.890706572155,35.0
76884,1,408892.1767028428,949639.8208902446,196461.5519802411,50000.0,5883.151870949515,34.0
76885,1,409819.5003327145,950647.4547527734,195375.08435106443,50000.0,6988.905105870524,35.0
76886,1,410658.67444934807,951574.3814301998,194389.91374997486,50000.0,7266.019702158409,33.0
76887,1,410870.68212365435,950581.5864563994,194476.33384184696,50000.0,7870.756379960759,34.0
76888,1,410470.2386378037,952551.0589399283,194296.58825769264,50000.0,6296.399120602735,31.0
76889,1,411261.01492834033,953481.8959784751,193359.32613097745,50000.0,5357.644157474961,37.0
76890,1,411605.3695447609,952686.0239257369,193263.5915277128,50000.0,6204.490546556602,33.0
76891,1,412657.7961212616,952725.2345225905,192330.73326551114,50000.0,6406.618525184947,34.0
76892,1,413621.37410659203,952489.2461029234,191553.0624741242,50000.0,7036.898814127918,34.0
76893,1,413542.27040443494,951194.9820817573,191983.22997182442,50000.0,8374.463426129689,30.0
76894,1,414382.0278117444,952063.1067224531,191009.6537553611,50000.0,7869.677404012921,31.0
76895,1,413911.68570656964,959867.1671074552,189487.61407013045,50000.0,1178.8706761822675,29.0
76896,1,414882.7308890745,960872.4629997162,188396.3380504771,50000.0,2375.8775177010643,29.0
76897,1,415828.1558860188,961849.9957263245,187336.48585603092,50000.0,3540.470277945476,27.0
76898,1,416969.997306674,961894.0867987699,186294.1747164905,50000.0,4330.03899500604,24.0
76899,1,416031.6068301058,960930.3400396573,187346.71383326958,50000.0,3210.8235920351385,27.0
76900,1,415092.9134764515,959996.6295195143,188395.16041633984,50000.0,2132.1644541462947,28.0
76901,1,414227.11689464544,959132.1111640759,189364.67460283387,50000.0,1229.958359781322,28.0
76902,1,413213.05316953367,958611.8038472376,190391.66932288138,50000.0,381.3110539205549,27.0
76903,1,414188.8206247237,958204.8854663566,189609.06794614202,50000.0,1634.615955290514,27.0
76904,1,413790.2689771035,957191.779596572,190201.6233984148,50000.0,2203.400282129161,25.0
76905,1,415141.80873694643,958866.8760882872,188604.39945767756,50000.0,2275.367261024776,27.0
76906,1,416075.916938451,959921.4092010647,187528.53614506804,50000.0,3069.3597231144217,26.0
76907,1,417052.3459746611,960881.8103768815,186438.30932956628,50000.0,4094.5934466945528,23.0
76908,1,418153.11512382014,961725.8843087504,185263.41623159614,50000.0,5264.003344443924,24.0
76909,1,414457.3659711619,956786.134945704,189705.59491438544,50000.0,3106.0482181031825,27.0
76910,1,414965.7855378855,957743.6420106979,189023.4237914581,50000.0,2741.947046540452,26.0
76911,1,416062.0714009791,958738.2014920935,187811.81446872352,50000.0,3311.3145775582902,25.0
76912,1,417046.9409699608,959787.7719371904,186689.02686797173,50000.0,4075.566267714173,24.0
76913,1,417833.6038892121,960721.1557834343,185772.74546892892,50000.0,4829.564148760308,24.0
76914,1,415333.26967685716,956706.735148422,188948.49280708728,50000.0,3927.7503915436896,25.0
76915,1,416034.64258174924,957736.4858058186,188074.57041562622,50000.0,3823.2561493499616,23.0
76916,1,417104.78746764484,958644.2712975149,186905.26075037417,50000.0,4466.510895680097,23.0
76917,1,418002.916752249,959836.879935096,185823.79192903423,50000.0,5068.146633677902,24.0
76918,1,415464.968789713,955556.6627041079,189122.59384066268,50000.0,5075.007538288427,28.0
76919,1,416283.59088401333,956486.9128490066,188163.75683342305,50000.0,4987.881218652476,22.0
76920,1,416997.22320780053,957545.9590120814,187268.01221870008,50000.0,4935.923456242138,21.0
76921,1,418135.84682029916,958896.5476527207,185928.58189271402,50000.0,5470.864481929064,23.0
76922,1,417919.5080231052,957988.2298629798,186342.5798149226,50000.0,5648.254073091016,22.0
76923,1,415764.79977322835,954662.9185837928,189093.29148542296,50000.0,6156.970935508547,25.0
76924,1,416579.64594807796,955652.9019427907,188117.94374058655,50000.0,5952.151081344776,22.0
76925,1,417396.8213363286,956613.2291886342,187150.91185438746,50000.0,5972.885394214509,22.0
76926,1,418409.9726048181,957332.4450538994,186075.00231764876,50000.0,6532.852258310425,22.0
76927,1,416816.2604672081,954675.4837395849,188170.7495443325,50000.0,7013.944363263315,23.0
76928,1,415966.6498894594,953823.0773846472,189143.5571650096,50000.0,7118.426049687986,23.0
76929,1,417653.01276414504,955559.5087714839,187202.25719292395,50000.0,7023.758272013087,22.0
76930,1,418530.04812795256,956440.2778963686,186201.10793553418,50000.0,7230.126301833838,22.0
76931,1,78229.44097361795,832443.3783306413,645173.5788509101,50000.0,34254.33810049241,28.0
76932,1,77995.86532387405,832278.9918627836,644535.1376201714,50000.0,33601.925532668254,27.0
76933,1,77792.3332192347,831998.768245376,643774.2164315112,50000.0,32783.67070388101,30.0
76934,1,77566.11626796772,831793.1169870921,643066.1437306713,50000.0,32049.026285107113,26.0
76935,1,77235.09914505584,831210.8866038385,641574.81386065,50000.0,30428.313500513843,23.0
76936,1,76503.59261861026,831749.7441286327,641030.2876752148,50000.0,30216.987593285354,22.0
76937,1,76704.4655530628,831987.9854717457,641773.3314157767,50000.0,30995.98014848223,22.0
76938,1,76875.77395218516,832252.4990680368,642486.4571063364,50000.0,31761.995066359163,26.0
76939,1,77049.91432002366,832488.2053813552,643148.782278996,50000.0,32468.326266742493,27.0
76940,1,77277.42558208344,832758.8807464213,643943.7749440602,50000.0,33309.95623238231,28.0
76941,1,77441.30077157922,833016.440060496,644593.4772313877,50000.0,34015.87035667584,30.0
76942,1,77693.363310091,833259.6601203968,645364.3014900935,50000.0,34822.270438464235,36.0
76943,1,77180.32811710567,834024.6405320655,645517.2146106348,50000.0,35340.98554319344,36.0
76944,1,76939.47072206478,833794.7444099888,644794.1623503519,50000.0,34586.39535661036,35.0
76945,1,76751.25549941754,833511.1579370231,644075.4365988604,50000.0,33808.15168975817,25.0
76946,1,76524.71060904038,833282.4592870618,643352.656488755,50000.0,33054.6129536606,27.0
76947,1,76349.27207864342,832982.3105987818,642604.264537298,50000.0,32241.551669374105,27.0
76948,1,76172.22488078,832711.4992525803,641880.5195646319,50000.0,31465.31812465199,25.0
76949,1,75945.69318165517,832523.6695823378,641176.1539851323,50000.0,30749.99896686694,25.0
76950,1,75784.3094002304,832265.6673813978,640472.3570880482,50000.0,29998.315754709143,22.0
76951,1,75258.7398650242,832990.6786531477,640606.7811713319,50000.0,30507.81037328356,22.0
76952,1,75479.25074133842,833260.4912098602,641427.9481372391,50000.0,31364.701832450093,25.0
76953,1,75614.65898939552,833526.7054210473,642071.2663610897,50000.0,32065.98018441595,25.0
76954,1,76019.2479385018,834002.1973233968,643477.9836831271,50000.0,33542.264185572414,30.0
76955,1,76248.8248570628,834219.3939515648,644181.3365465542,50000.0,34269.90620434603,29.0
76956,1,76458.79173020413,834516.7969350306,644947.1628912521,50000.0,35094.461442480744,35.0
76957,1,76683.84683793983,834779.9305562628,645678.2940298476,50000.0,35870.735892163284,39.0
76958,1,75930.42714158079,835327.0690046978,645129.8370371491,50000.0,35683.127251611055,37.0
76959,1,75680.27522295968,835072.7599049706,644365.0164292853,50000.0,34885.43362635741,37.0
76960,1,75279.54482543729,834527.8032464356,642914.7381514092,50000.0,33339.37882594492,28.0
76961,1,75046.23718535603,834321.9027491987,642204.9145066941,50000.0,32616.575835040265,26.0
76962,1,74901.3612769548,834026.1627256883,641510.2404776032,50000.0,31857.246444574965,24.0
76963,1,74655.31161266797,833812.2844580606,640737.1630518589,50000.0,31077.059839495367,24.0
76964,1,74536.61036309336,833489.6657887556,640019.2732229693,50000.0,30283.040237537345,22.0
76965,1,73934.17966325859,834341.0170791448,640200.8086839742,50000.0,30917.15448134233,23.0
76966,1,74090.8875410256,834597.9226252116,640878.0034637661,50000.0,31638.616541461215,23.0
76967,1,74353.92264997034,834788.8430551685,641637.5307522622,50000.0,32393.710966011513,23.0
76968,1,74543.79556384287,835077.543161265,642392.1915630997,50000.0,33199.96173251996,26.0
76969,1,74759.98518094294,835310.5563483516,643099.7734509103,50000.0,33932.7078862911,25.0
76970,1,74968.94351738245,835542.256790731,643780.4053314609,50000.0,34642.12216706975,36.0
76971,1,75253.54900986618,835764.4437715888,644564.9903315195,50000.0,35435.53554196429,37.0
76972,1,75483.22161526457,836028.0103900785,645297.552641846,50000.0,36207.86994615488,39.0
76973,1,74708.94677344835,836548.7948280327,644681.5000414152,50000.0,35972.36319624474,38.0
76974,1,74470.5655674977,836302.7005258861,643953.6326223518,50000.0,35214.67887533148,39.0
76975,1,74255.99606910943,836070.7725736469,643272.711711494,50000.0,34505.295644598424,33.0
76976,1,74025.98065517993,835789.1696136489,642483.1169800679,50000.0,33676.03369134033,26.0
76977,1,73827.56528194225,835570.6002200337,641823.1231342315,50000.0,32992.84436983402,27.0
76978,1,73614.30303379634,835297.0212369878,641043.7932302248,50000.0,32177.882900076424,25.0
76979,1,73748.72081598335,836794.9644024648,643384.0195965605,50000.0,35010.31341593549,37.0
76980,1,73965.7047461086,837079.8217266367,644130.2937095194,50000.0,35802.02255931387,39.0
76981,1,74205.97286849635,837308.2893439255,644828.3681992398,50000.0,36521.38629837177,39.0
76982,1,73491.43963825633,837843.0321044961,644331.8485798709,50000.0,36409.567484266285,40.0
76983,1,73217.33502499777,837586.568898532,643538.0363231775,50000.0,35597.77852171971,38.0
76984,1,72869.20222886084,835864.586201901,640526.5992199796,50000.0,32077.253820211976,26.0
76985,1,71595.89073311558,837124.7541809501,640069.9142814347,50000.0,32470.72205466915,27.0
76986,1,72036.91401051506,837601.3054713019,641532.369350508,50000.0,33952.77398663994,28.0
76987,1,72259.68788089919,837827.8942074551,642230.4937392649,50000.0,34661.36639340709,27.0
76988,1,72499.74302721948,838103.4702457931,643010.6229015331,50000.0,35467.7701160275,32.0
76989,1,72717.82332574076,838370.3726048648,643727.3231040267,50000.0,36217.54945535559,38.0
76990,1,71962.1394455707,838912.1438286597,643170.9537884208,50000.0,36089.16295708865,32.0
76991,1,71715.15508473976,838636.3125740465,642390.4655954248,50000.0,35286.353090689554,28.0
76992,1,71494.75332674966,838380.7879558103,641667.353155902,50000.0,34543.542058048566,27.0
76993,1,71275.39074396175,838166.7495267936,640989.7628753376,50000.0,33864.37634877662,29.0
76994,1,71065.61309192258,837882.476918184,640216.1154108855,50000.0,33065.129215132576,27.0
76995,1,70894.37416209416,837620.6913901266,639527.8408779367,50000.0,32349.43541126262,27.0
76996,1,70143.24031958116,838140.1979012389,638929.4903138326,50000.0,32214.759110006304,22.0
76997,1,70339.75217353653,838405.1731495531,639672.1129260618,50000.0,32970.14649518705,28.0
76998,1,70564.78215683589,838626.1838278543,640387.1587687801,50000.0,33676.88085632472,28.0
76999,1,70764.73121380652,838896.6769133365,641113.3431310081,50000.0,34425.75001596788,28.0
77000,1,70984.87871809085,839157.9549119527,641846.9932377322,50000.0,35175.80756192185,29.0
77001,1,71232.65301964297,839380.1757238802,642561.4821733314,50000.0,35887.13758183836,29.0
77002,1,71509.40606693237,839629.3333669433,643345.9692498571,50000.0,36672.90995179713,31.0
77003,1,70977.60220222922,840419.8410087193,643476.8743705393,50000.0,37272.78269589284,34.0
77004,1,70727.00811465902,840186.4637669353,642767.0067670796,50000.0,36560.663457269504,31.0
77005,1,70490.79557700829,839918.1991396992,642022.5150582317,50000.0,35800.081199548564,28.0
77006,1,70265.52976795651,839663.3391021438,641299.851966494,50000.0,35066.573794324075,28.0
77007,1,70021.9953725301,839417.0932753581,640542.9344511534,50000.0,34313.277589352845,27.0
77008,1,69814.80446996905,839175.6321423302,639841.2746557224,50000.0,33607.90931116502,27.0
77009,1,69601.431546107,838932.4100094297,639111.7185750431,50000.0,32881.37654727264,24.0
77010,1,69358.97459369457,838716.0728122665,638353.386045139,50000.0,32152.85655294604,21.0
77011,1,68824.59432346329,839474.0129629157,638502.0567002307,50000.0,32781.70362606707,22.0
77012,1,69056.69228201435,839671.1038906866,639203.4285088998,50000.0,33448.75408803347,24.0
77013,1,69267.80325556413,839948.7077843482,639967.445379361,50000.0,34220.30380556179,26.0
77014,1,69529.23831648381,840148.2205236915,640695.1969990724,50000.0,34913.75528682191,25.0
77015,1,69704.14403252743,840445.3669601714,641393.1889930869,50000.0,35650.66858049233,28.0
77016,1,69953.01673061521,840714.509070255,642164.0197253899,50000.0,36426.87875649548,27.0
77017,1,70254.34729212163,840924.391967948,642930.5560811737,50000.0,37162.98812499384,29.0
77018,1,70496.63448368374,841162.8315610013,643623.6076817772,50000.0,37861.54019090087,30.0
77019,1,69763.78177513505,841689.3600795759,643091.2602426712,50000.0,37785.85350289962,27.0
77020,1,69454.57431345708,841473.6747419458,642315.0178323472,50000.0,37042.90726596964,27.0
77021,1,69185.17959286728,841267.3038690273,641602.9012271536,50000.0,36357.79209000888,28.0
77022,1,68954.68565174042,841012.0299727097,640878.7805280739,50000.0,35632.61559388238,25.0
77023,1,68792.66762513202,840705.3635395253,640187.850450871,50000.0,34899.36930918906,27.0
77024,1,68536.72766718268,840453.160668648,639393.6928191487,50000.0,34126.499680877605,25.0
77025,1,68346.84530089852,840213.6382967621,638717.8475952273,50000.0,33453.68546275456,22.0
77026,1,68135.67090080133,839959.5614100319,637968.162791539,50000.0,32717.611748427735,20.0
77027,1,67583.17136988578,840755.9656909446,638135.5789511191,50000.0,33402.244663251375,21.0
77028,1,67811.19596545848,840988.2872097279,638872.1319044159,50000.0,34108.55202503925,20.0
77029,1,68044.62026320446,841201.7809228533,639577.1068086332,50000.0,34780.92137916333,23.0
77030,1,68215.1782612422,841492.1246655621,640265.1316982115,50000.0,35495.89038698352,26.0
77031,1,68482.55099864151,841726.8926329565,641028.6049096143,50000.0,36230.98394927641,25.0
77032,1,68769.73821930017,841953.101872021,641799.1087698134,50000.0,36968.08452275615,27.0
77033,1,67066.9985675617,841491.4752125684,638271.9330572861,50000.0,34025.96871567278,21.0
77034,1,67274.974782891,841732.6191618118,638975.3360759395,50000.0,34709.76040484885,20.0
77035,1,67473.04480140486,842025.0215047129,639717.1929673376,50000.0,35460.1870501633,28.0
77036,1,67754.65210991331,842202.5816144991,640432.1017229883,50000.0,36112.48790283953,28.0
77037,1,67984.69326848465,842498.059890335,641201.3605631306,50000.0,36889.663721498975,26.0
77038,1,69042.39468548533,842146.8446699647,642491.0538384101,50000.0,37625.8505316494,32.0
77039,1,69239.6991090729,842474.3982744997,643214.9073900776,50000.0,38398.85451030268,33.0
77040,1,67764.35363185356,843498.4307786413,642102.1951248236,50000.0,38251.55974436964,31.0
77041,1,67512.92166225243,843236.3537143741,641366.7654368278,50000.0,37524.59337693918,25.0
77042,1,67002.1813369278,842757.3985385197,639898.1681716273,50000.0,36110.5077345611,28.0
77043,1,66753.09512250687,842453.8529303878,639065.219956982,50000.0,35290.063082919725,22.0
77044,1,66522.70799614218,842276.5063549606,638421.2165859409,50000.0,34699.360415313,24.0
77045,1,66303.35225017718,842040.0332722517,637700.9217101514,50000.0,34013.97022584525,20.0
77046,1,66856.64336578579,841273.4298280496,637583.0728614605,50000.0,33371.7899461524,19.0
77047,1,649149.0458065398,885291.4069838495,301954.0389761474,50000.0,22177.23529136902,20.0
77048,1,648349.3366420629,884447.8096555836,302279.4381615906,50000.0,22925.79383748755,24.0
77049,1,647682.2814978056,883910.0769584663,303160.50997645245,50000.0,23669.91702553225,28.0
77050,1,648596.0926070869,884869.4499206614,302772.5666144842,50000.0,22821.536295003454,22.0
77051,1,646947.0778549514,883336.9067952199,304203.5333887052,50000.0,24519.042055039627,29.0
77052,1,647911.8244945704,884331.896930287,303729.1166105626,50000.0,23619.0151411358,26.0
77053,1,647195.8234051676,883795.5567519454,304827.1910925263,50000.0,24495.999803155075,27.0
77054,1,647441.3056247727,883492.9828268165,302663.1218493484,50000.0,23786.386707453294,30.0
77055,1,648948.2371396106,884928.6500594614,301481.4257218364,50000.0,22265.83559791232,22.0
77056,1,648794.934197107,884605.0603886029,300953.0890299374,50000.0,22338.09369355979,23.0
77057,1,648154.8460984098,884080.7649523135,301767.363190593,50000.0,23018.66227002065,26.0
77208,1,722370.4614011258,974831.3361421119,356703.0629103925,50000.0,36.04704230270223,41.0
77209,1,719402.179789118,972020.9505702582,358305.242135112,50000.0,3060.060159843141,43.0
77210,1,723593.1462694316,974838.6730026162,348476.1284222022,50000.0,7826.385384001331,38.0
77211,1,727834.6350436627,979315.669019899,349220.17670582415,50000.0,8153.316150134849,44.0
77212,1,726937.4744781071,978522.7603170474,350069.960155246,50000.0,7134.366653474102,39.0
77213,1,725897.8475217478,977437.5282930328,349960.58200806146,50000.0,7030.4530333838575,37.0
77214,1,724875.4449915604,976372.1144573872,349869.46791456634,50000.0,6909.110459179152,37.0
77215,1,723770.784047649,975171.9020207068,349455.34798285324,50000.0,7292.85428745115,37.0
77216,1,722802.7538364521,974309.2602880147,350330.80167064484,50000.0,6522.19351210592,38.0
77217,1,723859.2961246326,975430.8554931354,350552.90671495255,50000.0,6180.318737265016,38.0
77218,1,724926.694196505,976558.8594892257,350749.20808575634,50000.0,6081.583799256402,39.0
77219,1,725978.2881192288,977672.679856506,350964.42791381764,50000.0,6092.56815926165,40.0
77220,1,727028.8122632717,978784.2950016056,351177.61332722113,50000.0,6202.7150956425985,45.0
77221,1,727124.7116739713,979051.2234513374,352294.3634961401,50000.0,5361.027367667643,46.0
77222,1,726085.502687804,977950.7366223094,352073.80619132717,50000.0,5110.331662901127,41.0
77223,1,725027.3874148643,976831.2639058586,351861.3556043224,50000.0,5094.937406439744,41.0
77224,1,723960.5443170697,975701.4621102022,351645.31098854716,50000.0,5097.612511086079,40.0
77225,1,722892.647181097,974573.1829971822,351451.78871044796,50000.0,5348.005746083986,39.0
77226,1,722045.1039080988,973840.4685876007,352367.5433947778,50000.0,4608.79130704279,40.0
77227,1,723014.8477957201,974864.4619836984,352538.65629451704,50000.0,4215.129259733942,40.0
77228,1,724040.8314256013,975951.5299691574,352748.7905509724,50000.0,4045.603001578969,40.0
77229,1,725113.9178505024,977086.8864083226,352963.24741991865,50000.0,4059.899412815548,41.0
77230,1,726175.3854732712,978207.4961053154,353164.4310305923,50000.0,4236.1540727274405,42.0
77231,1,726273.5400104945,978475.0241121436,354274.5052405876,50000.0,3519.2186003615475,44.0
77232,1,725201.5496588135,977342.2690858111,354060.36742019985,50000.0,3102.2084630206973,43.0
77233,1,724151.1842729268,976232.5742560034,353857.13400626124,50000.0,3083.895340772416,40.0
77234,1,723102.2082354429,975121.1681117578,353638.3053397161,50000.0,3094.5797844434856,39.0
77235,1,722043.1445543759,974001.0096905528,353435.453798364,50000.0,3505.4731276054367,38.0
77236,1,721075.5183336608,973143.4064482739,354344.62014388375,50000.0,3083.5990103994172,40.0
77237,1,722133.6521565748,974261.6383744284,354539.9217595027,50000.0,2333.6595827112446,39.0
77238,1,723178.3828895484,975362.4293006764,354716.164610979,50000.0,2043.8080141292385,41.0
77239,1,724249.9480134672,976501.1348011973,354966.1797503921,50000.0,2022.9461000641757,44.0
77240,1,725316.0705054642,977624.4295318202,355156.28882875206,50000.0,2353.0596463067395,43.0
77241,1,726374.8735143143,978746.1170797892,355391.0527214437,50000.0,3095.597369651593,46.0
77242,1,725408.9986939208,977888.2880800128,356282.4720164229,50000.0,2016.913747959586,44.0
77243,1,724348.7738257807,976764.612602227,356045.35601132584,50000.0,1176.7019328193608,45.0
77244,1,722239.4825200355,974537.2045271548,355643.4371344777,50000.0,1158.5339372155108,40.0
77245,1,721186.0049495929,973420.2344534299,355420.67962282075,50000.0,2027.9204374656479,42.0
77246,1,720206.2347706736,972549.2783830519,356325.97385339113,50000.0,2355.358837551621,41.0
77247,1,721286.8224516932,973687.2644432395,356502.0689149922,50000.0,1176.450047254036,39.0
77248,1,723378.4402709849,975906.5395707331,356968.4084213734,50000.0,22.897946388285867,45.0
77249,1,724456.8504727163,977040.9447915299,357151.29706633795,50000.0,1157.0724693533018,45.0
77250,1,725517.7142229642,978161.3531676995,357366.24337911827,50000.0,2325.215902372598,45.0
77251,1,720338.9551974423,972851.0526926692,357420.51391514984,50000.0,2012.2210795199703,40.0
77252,1,721381.4651168808,973953.3435559846,357623.7242690676,50000.0,1171.0759748802323,41.0
77253,1,722442.1582476387,975073.7355743421,357828.1842026992,50000.0,1159.1827157320645,46.0
77254,1,723507.3424632624,976197.2216178396,358027.6963967057,50000.0,1138.5243923573607,47.0
77255,1,724577.2881863243,977327.7261300775,358246.73845684883,50000.0,2011.5761365011456,46.0
77256,1,725636.0192934818,978447.4014382876,358475.5950784611,50000.0,3089.159024672709,52.0
77257,1,720423.8929061186,973101.4598448055,358504.7164307749,50000.0,2332.977645739879,42.0
77258,1,721493.6174249015,974234.7430309393,358732.1684437695,50000.0,2030.7332133947637,44.0
77259,1,722559.2989821758,975358.4987449109,358929.01125957473,50000.0,2005.2378394263978,49.0
77260,1,723630.6585319041,976487.4818769082,359127.000817608,50000.0,2310.5329831797008,47.0
77261,1,724704.1354799041,977622.6257618463,359357.10830322705,50000.0,3094.745811591027,47.0
77262,1,724813.6776263587,977896.1509417602,360447.45729129185,50000.0,4200.921529511586,54.0
77263,1,723710.969453986,976737.1012935272,360254.2316898088,50000.0,3495.1942685670892,48.0
77264,1,722663.9432562833,975632.5932113283,360048.8931366075,50000.0,3092.587596522768,50.0
77265,1,721618.4303774654,974523.8637173588,359809.8116210707,50000.0,3059.4448024361427,47.0
77266,1,720532.3879481347,973379.3037681796,359614.8196972106,50000.0,3090.664159097532,45.0
77267,1,719497.399925172,972282.8765355614,359396.15845438663,50000.0,3479.804986025064,44.0
77268,1,718525.6172577799,971421.4044642177,360313.5112590679,50000.0,4671.736011994946,45.0
77269,1,719589.5739380954,972544.9644087462,360513.50718089176,50000.0,4210.576249902167,48.0
77270,1,720642.0556635917,973657.6242447628,360724.6556043428,50000.0,4055.8044673064187,47.0
77271,1,721691.9572789375,974769.3213579035,360952.31298617617,50000.0,4063.4654173327226,50.0
77272,1,722780.0073835134,975912.5849851832,361134.0959170553,50000.0,4199.033813047654,50.0
77273,1,723841.2823768887,977034.7333604617,361363.982397958,50000.0,4678.038636851896,49.0
77274,1,718643.2134507399,971704.8628574773,361399.4667689088,50000.0,5340.489419124863,47.0
77275,1,719703.3301756582,972825.4067119602,361609.84289273195,50000.0,5089.139343729598,48.0
77276,1,720748.9520779115,973930.1877781822,361819.4841235279,50000.0,5085.156816038318,49.0
77277,1,721834.3240381277,975075.188026217,362030.41576567036,50000.0,5084.118182557824,50.0
77278,1,722891.0053647828,976189.9628098996,362241.20937931794,50000.0,5346.826174841815,50.0
77279,1,723967.9853394247,977328.464398265,362477.0197203691,50000.0,5861.938043837385,56.0
77280,1,718767.714332237,972000.5699567313,362524.5884451767,50000.0,6188.1245314449525,49.0
77281,1,719832.8974390657,973118.4024727588,362685.9388978918,50000.0,6044.4448742673085,51.0
77282,1,720865.2146835153,974211.8494946356,362915.3275888457,50000.0,6058.138726895207,50.0
77283,1,721958.0189360023,975364.52297733,363130.7965560349,50000.0,6174.830888465749,52.0
77284,1,723014.293716278,976477.7225450218,363337.80119823874,50000.0,6494.701612345088,53.0
77285,1,722057.5803906455,975628.5068921946,364231.5657577692,50000.0,7289.060583298756,53.0
77286,1,721008.8145028136,974523.6238823766,364029.8080725149,50000.0,7104.873249873817,52.0
77287,1,719949.5205657989,973403.1283935693,363800.4438321779,50000.0,7078.669090637108,52.0
77288,1,718909.0254250546,972303.7759202016,363588.7388716074,50000.0,7078.995350794522,49.0
77289,1,717815.2552869678,971150.040614586,363384.3993141436,50000.0,7270.24387654569,49.0
77290,1,717929.2383571074,971427.2341010573,364462.63243298064,50000.0,8137.477882903745,50.0
77291,1,720024.652265234,973646.0206458049,364924.5592545641,50000.0,8099.274024195551,52.0
77292,1,721116.8982424411,974790.3300750767,365090.099655909,50000.0,8139.083756246541,54.0
77293,1,723123.3563717811,976752.1759979259,364447.56805360987,50000.0,7657.872362987984,55.0
77294,1,187105.11647053808,710623.2427931986,632672.2618043107,50000.0,16897.57178198788,3.0
77295,1,187845.19502162773,709891.6997974624,633102.2388160453,50000.0,17094.378296363455,4.0
77296,1,188465.99827231324,709277.739650241,633450.3552790554,50000.0,17295.423483787104,4.0
77297,1,186350.19973121025,711369.8456481288,632236.2015851861,50000.0,16516.57796853354,3.0
77298,1,185211.91546561348,712496.5205023733,631588.8678310927,50000.0,15572.533510075033,3.0
77299,1,184414.81045350782,713288.3585666248,631207.3581184796,50000.0,14900.040957622212,4.0
77300,1,183530.52080161514,714142.4653940169,629982.9877480132,50000.0,14564.48386211069,4.0
77301,1,184287.64068235923,713394.4667405036,630519.5268493431,50000.0,15080.942213167693,4.0
77302,1,183955.57859124444,713694.5655893044,629150.3443238003,50000.0,15439.393076425842,3.0
77303,1,183847.78086597344,713790.9045390984,628479.6382152035,50000.0,15707.407221893065,3.0
77304,1,183694.08079614834,713936.0396676462,627779.6039914096,50000.0,15969.624808197157,3.0
77305,1,183532.56001281238,714140.4842009473,629985.6824778074,50000.0,14565.197451614606,4.0
77306,1,183385.61534393585,714271.8303240745,629324.7060228715,50000.0,14765.332881560465,3.0
77307,1,183257.2223545994,714388.173039504,628705.3350504602,50000.0,14984.370184071166,4.0
77308,1,183122.4002425773,714513.7492354013,628102.0136839536,50000.0,15207.566639115797,2.0
77309,1,182968.71419141133,714659.2923109567,627357.5796996894,50000.0,15520.874450814685,2.0
77469,1,253825.8389652009,643815.7734644795,652103.2644207509,50000.0,52050.33253519267,31.0
77470,1,255275.1935481974,642365.2484832635,652582.0133100838,50000.0,50809.40327328291,33.0
77471,1,256695.90569908233,640944.256696999,653109.7569225237,50000.0,49574.896867077085,35.0
77472,1,257688.84379304867,639960.6122721235,654045.8291245919,50000.0,48418.92625351166,31.0
77473,1,259076.14796451636,638571.4490860947,654482.0946623007,50000.0,47267.452190991826,32.0
77474,1,258512.3436305143,639119.180367455,653140.1552357133,50000.0,48368.49463708808,33.0
77475,1,258910.63436248366,638715.2662192327,652640.4872102187,50000.0,48399.871512494465,35.0
77476,1,258055.46729864183,639584.0371695637,653590.7119051123,50000.0,48417.43125768523,33.0
77477,1,260086.53679256243,637538.5676352894,651190.4597019119,50000.0,48565.53585415583,34.0
77478,1,259480.86453923868,638155.0122707145,649798.8050330108,50000.0,49790.79829274472,30.0
77479,1,260552.37589005398,637077.522877017,650743.1779942404,50000.0,48584.87229870848,34.0
77480,1,260931.4806978456,636705.2965312556,650292.5664491276,50000.0,48668.80809641331,33.0
77481,1,259890.1193016504,637755.6324448707,649300.3857609914,50000.0,49887.23918806955,29.0
77482,1,260361.78570047964,637295.9566267412,648854.3362543582,50000.0,49930.089540417575,28.0
77483,1,261340.84648038156,636306.0507826054,649796.584130603,50000.0,48779.862091879855,32.0
77484,1,262791.41371868434,634856.6609646548,650295.1564161188,50000.0,47691.399506908776,34.0
77485,1,261750.98883475838,635908.710454007,649301.4505607864,50000.0,48904.7115158029,32.0
77486,1,263172.55659684964,634487.3540255685,649845.7195287138,50000.0,47815.355128964,33.0
77487,1,264598.0371392956,633454.2331905097,642098.2460278954,50000.0,44007.03015963277,31.0
77488,1,265667.4420019477,632428.2078146962,641930.1464962718,50000.0,43623.310181429886,31.0
77489,1,264740.725787945,633393.2032040376,641075.8862181484,50000.0,42900.7449839718,29.0
77490,1,266259.4775239813,631899.0388349867,641358.96767123,50000.0,42922.843753922956,30.0
77491,1,265366.7058193891,632837.3325645642,640459.266772413,50000.0,42133.84324707154,30.0
77492,1,265995.0489241665,632283.5269723376,639843.3500411316,50000.0,41381.062312287446,32.0
77493,1,266886.12882238696,631343.9883549325,640744.2397894899,50000.0,42184.42062931079,32.0
77494,1,267514.5234518555,630791.6337502209,640129.6953488071,50000.0,41460.638572257194,29.0
77495,1,268916.25956073665,629123.177797022,641812.6924641322,50000.0,45270.14500587154,30.0
77496,1,268610.09006553696,629531.0811038181,641669.8286977891,50000.0,43782.18135225987,29.0
77497,1,269505.4056865456,628593.006289763,640999.1193933144,50000.0,44620.935153498955,31.0
77498,1,270402.30953669385,627655.276868154,640329.3547948519,50000.0,45470.2317529611,32.0
77499,1,271023.5476872615,627098.5744207841,639467.660387134,50000.0,44799.947759486015,33.0
77500,1,270129.5001189124,628036.3057644377,640137.7003873781,50000.0,43938.373776036744,30.0
77501,1,269295.93268396397,628913.241959447,640761.3266135283,50000.0,43132.89216306184,28.0
77502,1,271647.7785590589,626543.1522451155,638607.0185138017,50000.0,44147.71883794506,33.0
77503,1,270754.7775742024,627482.76027225,639278.7727771272,50000.0,43272.33897086048,32.0
77504,1,271385.22768311953,626928.5092056013,638418.0388500057,50000.0,42623.29635048488,33.0
77505,1,270496.70208842336,627868.4570966131,639091.0143048952,50000.0,41744.987503224605,31.0
77506,1,272905.9160956035,625435.9368891655,636886.0512890387,50000.0,42712.34335840542,33.0
77507,1,273538.18021204695,624885.5115065486,636028.1146903575,50000.0,41821.314994015534,32.0
77508,1,272619.91575150687,625853.3337213726,636749.1519432992,50000.0,41425.559751497545,30.0
77509,1,271735.76147594984,626794.4845674891,637423.5911722995,50000.0,40521.47168499413,30.0
77510,1,272375.72902155406,626246.2234714124,636567.082023368,50000.0,39915.87255567464,28.0
77511,1,273258.21977347793,625303.8253691284,635891.4004385325,50000.0,40833.70310622852,30.0
77512,1,274141.816119544,624362.2100320241,635217.4520822386,50000.0,40987.93227378961,32.0
77513,1,274623.34395991225,623955.5704976092,634550.6105792538,50000.0,40307.402771011504,32.0
77514,1,273839.87310641917,624818.3191673576,635082.9116583441,50000.0,40209.47936155198,30.0
77515,1,273018.518163388,625699.4304449563,635711.3274508036,50000.0,39331.22998048153,27.0
77516,1,271262.5060408294,627587.0833984688,636469.6626557079,50000.0,37494.071710683784,29.0
77517,1,269150.27878496394,629559.9018072247,636827.9148601852,50000.0,37913.447226456155,33.0
77518,1,269796.3780278314,629014.0925493236,636219.8606955576,50000.0,37265.84252983032,30.0
77519,1,270386.75878716185,628531.7156099689,635562.4138873294,50000.0,36589.14641391983,27.0
77520,1,268919.4091130449,629958.8678265612,635314.4237602752,50000.0,36386.33696175724,26.0
77521,1,269571.77825988736,629414.0638953871,634706.7572445655,50000.0,35744.34157459375,28.0
77522,1,268698.84470307914,630359.773489194,633801.1161511778,50000.0,34860.57289151186,30.0
77523,1,268045.3192976964,630902.8961771802,634409.2579555304,50000.0,35518.09783597476,28.0
77524,1,267171.82165240176,631848.3201331528,633504.754530384,50000.0,34662.52870569431,32.0
77525,1,295811.3404140005,689848.6551962568,474849.0890455234,50000.0,27513.97702891108,10.0
77526,1,295371.79603612627,689899.3431716658,475182.6976776373,50000.0,27783.946666643762,10.0
77527,1,294437.7630265606,690657.8263972827,475095.84353223623,50000.0,28731.493519952866,10.0
77528,1,293973.5129007851,690739.0734236822,475416.4486041682,50000.0,29041.406768731795,10.0
77529,1,293520.2203621943,690833.6698011188,475711.7114657947,50000.0,29357.796843285116,11.0
77530,1,293465.84294904704,691431.3488018488,475027.6915158948,50000.0,29710.02321969673,11.0
77531,1,293895.56589134387,691361.205314804,474724.46474200505,50000.0,29428.878068282167,10.0
77532,1,294346.3435327238,691261.9427692378,474438.7310103809,50000.0,29124.832911608046,9.0
77533,1,294797.04376982286,691178.4717270556,474134.6765171206,50000.0,28835.45465052089,9.0
77534,1,294884.3571196987,690580.2901563349,474787.63084838405,50000.0,28439.551205408705,10.0
77535,1,295304.5744964801,690516.0235287938,474487.8495292886,50000.0,28175.33645118661,9.0
77536,1,295238.44782381377,691100.3844291775,473833.33347401477,50000.0,28559.9744229608,9.0
77537,1,294721.5304462224,691785.1984020367,473462.4008244219,50000.0,29242.037153705598,9.0
77538,1,294284.2055600809,691880.8369001443,473738.954356419,50000.0,29523.490959032046,9.0
77539,1,293834.02871619863,691949.4533826243,474060.93558625097,50000.0,29800.916442724774,9.0
77540,1,292924.5229535276,692114.7834077608,474681.7442693317,50000.0,30394.627645636396,10.0
77541,1,293375.0344458464,692035.2206644951,474370.90570153965,50000.0,30099.05644555041,9.0
77542,1,292847.34243717097,692712.8474845075,474020.8352275957,50000.0,30776.46181069779,8.0
77543,1,292397.9386005926,693374.0088933149,473621.3884961445,50000.0,31403.480055269287,8.0
77544,1,293304.91044168413,692639.7369892267,473696.3876849632,50000.0,30488.95540935897,8.0
77545,1,292819.05975878506,693290.5371034214,473342.3102233117,50000.0,31131.959574293644,8.0
77546,1,293759.79880964605,692535.0367115582,473413.8136582824,50000.0,30189.646278632015,8.0
77547,1,293248.7904885419,693202.5457491403,473061.7695504873,50000.0,30857.90357522059,8.0
77548,1,294213.8233185874,692454.6181729506,473103.3715096033,50000.0,29911.05820615867,8.0
77549,1,293694.07760608144,693137.0021442071,472740.8038360091,50000.0,30595.139253082725,8.0
77550,1,294654.0370657406,692385.9127513136,472792.01958286046,50000.0,29652.593655925502,8.0
77551,1,294144.47025674523,693016.735523346,472482.6108928541,50000.0,30300.779102590186,7.0
