,Offshore,dist_rotor_m,dist_nacelle_m,dist_tower_m,dist_found_m,dist_to_grid_m,sea_depth_m
1117,0,566896.9330740602,1286516.5675768678,322390.2836308749,50000.0,18138.992682870685,0.0
1118,0,567023.8203772383,1286716.9255662886,322575.02443429554,50000.0,18347.143202354066,0.0
1119,0,566560.0039530566,1286731.622605162,323130.50078026915,50000.0,18591.082641740224,0.0
1120,0,566410.6267033921,1286517.4532870268,322948.7976599094,50000.0,18375.812480784727,0.0
1121,0,566268.0704222169,1286292.2869907324,322741.247770719,50000.0,18142.033539838892,0.0
1122,0,566777.7756184821,1286803.7802664987,322999.83436337067,50000.0,18579.31454500105,0.0
1123,0,566131.6117514847,1286076.547632125,322542.3333742667,50000.0,17918.005100292787,0.0
1124,0,566621.6746934659,1286578.6738970394,322807.76739611337,50000.0,18352.164095944532,0.0
1125,0,565990.3807659053,1285865.1257815175,322356.0937852852,50000.0,17702.396328948296,0.0
1126,0,565812.0407389485,1285625.3934093115,322165.8948586857,50000.0,17467.521539680736,0.0
1127,0,566495.4004570267,1286360.750395106,322593.4570310465,50000.0,18120.026698486865,0.0
1128,0,566987.0948914496,1286866.83367958,322863.9987253627,50000.0,18563.429061643663,0.0
1129,0,566344.4490703598,1286160.8363048893,322437.1739464751,50000.0,17924.46731730262,0.0
1130,0,565622.702615857,1285353.9586796165,321936.25175042864,50000.0,17195.138365740284,0.0
1131,0,566825.2280744627,1286639.8635810064,322675.4181028636,50000.0,18336.137700202053,0.0
1132,0,565479.6994518095,1285139.7147449234,321747.7102727941,50000.0,16976.81402489851,0.0
1133,0,567182.4111809061,1286955.0279064437,322785.7456246802,50000.0,18591.01866110328,0.0
1134,0,566031.2183828424,1285714.2466872998,322060.8676202278,50000.0,17475.979401444183,0.0
1135,0,566666.3529428599,1286380.9228212547,322430.8678233133,50000.0,18064.729980198703,0.0
1136,0,565350.2379146111,1284931.2044335236,321553.1588964158,50000.0,16759.208893700197,0.0
1137,0,566556.5469860653,1286224.5594214248,322299.138357749,50000.0,17907.394757441903,0.0
1138,0,565913.279823494,1285512.3853277394,321863.8072873677,50000.0,17261.46756393213,0.0
1139,0,566396.3432581056,1285991.1539487327,322098.3535573095,50000.0,17670.83751973156,0.0
1140,0,565214.3146374444,1284716.401445115,321355.75760831,50000.0,16536.42684845402,0.0
1141,0,565754.0492280531,1285274.7576154913,321655.31183771114,50000.0,17019.21761810845,0.0
1142,0,567384.5408833883,1287019.8440424625,322661.3069647516,50000.0,18587.728056414857,0.0
1143,0,566253.2235624095,1285782.6941049779,321919.1644172239,50000.0,17459.626768734986,0.0
1144,0,565087.1938204265,1284522.0480558285,321181.9758111976,50000.0,16337.093822666875,0.0
1145,0,565587.1750952237,1285045.7033174424,321469.79425075743,50000.0,16792.53800077239,0.0
1146,0,567224.1586332663,1286792.2111639292,322469.8304025837,50000.0,18358.202940632513,0.0
1147,0,564974.3028169725,1284337.8483198427,321008.6367301019,50000.0,16144.146208266882,0.0
1148,0,566108.721950109,1285558.7585695265,321716.1834911408,50000.0,17228.37106769277,0.0
1149,0,566688.9377710385,1286175.2810172043,322066.46373529173,50000.0,17780.813135806846,0.0
1150,0,565406.3963938114,1284769.2864190927,321222.4423471911,50000.0,16508.648492509226,0.0
1151,0,564841.9147447039,1284141.3935138583,320837.5922111596,50000.0,15944.812299583147,0.0
1152,0,564364.324001687,1283623.968479312,320535.4341820784,50000.0,15491.445150612957,0.0
1153,0,566531.5735072069,1285952.9236480305,321880.6155322056,50000.0,17557.312932168963,0.0
1154,0,565974.5401385213,1285348.81861386,321524.5032357186,50000.0,17010.978347492586,0.0
1155,0,565264.5948400262,1284545.0995908428,321016.4170903753,50000.0,16275.989531162433,0.0
1156,0,564739.2038017596,1283963.667008131,320663.3508308744,50000.0,15755.354465796669,0.0
1157,0,566406.3928039516,1285755.6694243446,321699.3310340425,50000.0,17352.57187450264,0.0
1158,0,565801.5945809658,1285099.9593988496,321313.3121325792,50000.0,16759.967232685365,0.0
1159,0,565112.4247075436,1284325.101006578,320829.2644279678,50000.0,16054.364885282452,0.0
1160,0,566869.9615755961,1286213.5409332213,321922.33948537306,50000.0,17751.911598786955,0.0
1161,0,564644.826227983,1283797.0915560008,320497.93196902407,50000.0,15576.790605935985,0.0
1162,0,564965.0776565404,1284106.572049334,320639.09493171255,50000.0,15832.337379194534,0.0
1163,0,566746.3123230111,1286026.0148355085,321755.19963370403,50000.0,17559.255047301223,0.0
1164,0,564492.8365668044,1283590.387641252,320332.75739959005,50000.0,15373.984289794364,0.0
1165,0,566259.6727237904,1285488.1724268824,321427.2468464411,50000.0,17064.592729816595,0.0
1166,0,565711.0889910853,1284891.452758498,321074.1509523563,50000.0,16523.70876425526,0.0
1167,0,566085.1289285212,1285286.7513189253,321295.7936517278,50000.0,16876.657262513225,0.0
1168,0,564837.4875548611,1283930.6469583632,320496.3569333079,50000.0,15658.278134350812,0.0
1169,0,566628.9582602,1285843.030709972,321588.400865121,50000.0,17369.87101620304,0.0
1170,0,567103.3542586799,1286350.754555976,321881.2909412645,50000.0,17833.466862040532,0.0
1171,0,565549.5359916115,1284653.2611084662,320867.6678311291,50000.0,16281.558374993489,0.0
1172,0,565961.2258061698,1285080.4226651252,321098.3906574306,50000.0,16659.36382685884,0.0
1173,0,566519.4747492832,1285671.4246663942,321431.37835406064,50000.0,17192.031361719517,0.0
1174,0,567011.097881195,1286196.3251318205,321732.65788934316,50000.0,17670.897675845703,0.0
1175,0,565416.2778639712,1284457.2967929284,320698.27291127795,50000.0,16082.542433319548,0.0
1176,0,565788.3315105462,1284837.3531101784,320896.7716426104,50000.0,16415.655463530024,0.0
1177,0,566817.0229917938,1285918.8754045747,321498.1161078662,50000.0,17390.31584287604,0.0
1178,0,565277.2095716837,1284252.8098995967,320521.6109123757,50000.0,15874.919268739339,0.0
1179,0,566350.158870783,1285380.912523847,321147.35445813125,50000.0,16884.183570546124,0.0
1180,0,566180.3339702851,1285186.7206664928,321022.3887399273,50000.0,16702.595816528705,0.0
1181,0,565157.6371673491,1284072.9943919524,320363.2202592118,50000.0,15691.074610528234,0.0
1182,0,566693.5770642877,1285718.976495852,321310.50145609264,50000.0,17181.54057373709,0.0
1183,0,564749.2973722615,1283623.4178910041,320092.8633056398,50000.0,15285.462984652551,0.0
1184,0,564934.1287057083,1283811.1447962571,320189.27837688447,50000.0,15447.436102210639,0.0
1185,0,566544.2320751813,1285494.7589587565,321112.59532701067,50000.0,16951.796341686204,0.0
1186,0,566391.0839773997,1285294.2988982976,320958.18329841545,50000.0,16754.406861999305,0.0
6909,0,627601.563797555,1220414.5590033825,168634.2233049429,50000.0,59955.09324049966,0.0
6910,0,627873.1429979237,1220437.908828367,168488.49057528272,50000.0,60253.972686249144,0.0
6911,0,627620.0658529357,1220130.1127693031,168240.05858770886,50000.0,60362.493545126454,0.0
6912,0,627215.4070249171,1219908.2528984614,168206.4584982848,50000.0,60172.54112854455,0.0
6913,0,627001.458369995,1219834.8162098867,168248.01122273158,50000.0,60013.57525746693,0.0
6914,0,626942.7713456705,1219674.990742654,168071.70164213746,50000.0,60159.56243281466,0.0
6915,0,626820.8001507915,1219497.4720678944,167913.18294388766,50000.0,60253.47116572242,0.0
6916,0,626722.5407900384,1219329.2780818054,167751.67083577803,50000.0,60363.564854330274,0.0
6917,0,626407.6155731734,1219114.8470800703,167670.64028178423,50000.0,60276.89558078711,0.0
6918,0,626577.6873230689,1219545.2144206064,168137.2858841201,50000.0,59896.21717729284,0.0
6919,0,627408.1825353615,1219755.2851783035,167874.9480218805,50000.0,60613.00449964537,0.0
6920,0,626916.7605417618,1219025.0132268465,167215.53869696287,50000.0,61009.89790918218,0.0
6921,0,627143.8064606217,1219299.5254652628,167435.64293827265,50000.0,60911.05537331761,0.0
6922,0,626351.1527719748,1217728.3753585445,165845.39869381918,50000.0,60462.03925118991,0.0
6923,0,625052.8793894715,1216692.346902125,165309.962131146,50000.0,60184.85285436631,0.0
6924,0,626442.7076693606,1217216.1582648016,165098.4439983032,50000.0,59667.06595490711,0.0
6925,0,626419.31174443,1217474.1041252955,165459.63736624888,50000.0,60047.14624000725,0.0
6926,0,626118.6321077773,1216950.6411467253,164954.38991625805,50000.0,59585.12398010112,0.0
6927,0,625895.6772450341,1217117.5329397025,165324.59117317817,50000.0,60016.88399976784,0.0
6928,0,625473.2234517486,1216835.7040023576,165224.49784770064,50000.0,60003.817203353814,0.0
6929,0,625160.9696946095,1216524.2496478322,165012.5676636373,50000.0,59852.15831514408,0.0
6930,0,624320.3558111573,1216163.1385161462,165085.8092676381,50000.0,60117.44893632545,0.0
6931,0,626515.5593199226,1219765.2536375525,168474.23878772886,50000.0,59522.56411082628,0.0
6932,0,625981.7083859746,1219415.918878935,168357.26053857958,50000.0,59357.58611434397,0.0
6933,0,626289.5953772939,1219803.8800636404,168675.56449370587,50000.0,59198.536625996516,0.0
6934,0,625486.8801867722,1218531.4145723267,167495.11319772777,50000.0,59973.3130105776,0.0
6935,0,625375.2294859934,1218210.4164434602,167137.30776901878,50000.0,60278.679946620614,0.0
6936,0,625625.026033437,1218338.8994460409,167144.36088257493,50000.0,60399.616376985876,0.0
6937,0,625080.8113459484,1217709.8962770337,166659.61220561288,50000.0,60613.74162407129,0.0
6938,0,625121.3583517665,1218329.2105490854,167466.24892682637,50000.0,59816.33518277725,0.0
6939,0,624960.5127499186,1217935.104439523,167042.888198418,50000.0,60164.577981912546,0.0
6940,0,624681.8004487051,1217671.3859157506,166873.94971221883,50000.0,60196.98760343789,0.0
6941,0,624388.121370504,1217228.0989502803,166473.55202010865,50000.0,60458.88962148527,0.0
6942,0,624555.6953570266,1217255.1304757101,166397.82339036535,50000.0,60617.99241601148,0.0
6943,0,624459.929577531,1217736.4792319073,167110.19130803805,50000.0,59847.692036307504,0.0
6944,0,624790.7499516773,1218033.5238642152,167288.81895369093,50000.0,59830.22113012867,0.0
6945,0,625240.2779437281,1328824.1221686583,329588.9570821773,50000.0,35086.60004590518,0.0
6946,0,625643.3489385179,1329014.488575935,329503.695665695,50000.0,35431.93473839115,0.0
6947,0,623393.5800998821,1326992.9536869756,328437.2103757997,50000.0,33161.41687248709,0.0
6948,0,623280.4919382392,1327089.9504051926,328704.4317186803,50000.0,33119.84231006313,0.0
6949,0,623861.2539978421,1327996.3477486318,329599.3837364202,50000.0,33854.09997524476,0.0
6950,0,623710.1547186417,1327605.652829245,329116.3621087159,50000.0,33602.00791246994,0.0
6951,0,623349.8280582807,1327403.8024896937,329143.25846264017,50000.0,33286.13795507233,0.0
6952,0,623906.9113896259,1327600.918982172,328916.2956613651,50000.0,33732.44360174763,0.0
6953,0,623485.6473681522,1327740.689506491,329554.3291976856,50000.0,33509.14560798171,0.0
6954,0,622909.0779071336,1327329.061043782,329454.8539338355,50000.0,32973.19739107553,0.0
6955,0,623157.0176868655,1328985.9874260772,331892.58309708466,50000.0,33904.80249387057,0.0
6956,0,622991.1956967013,1329405.8932512095,332737.283739902,50000.0,34054.52899461314,0.0
6957,0,623069.5672347904,1329189.0317052654,332308.0616691559,50000.0,33970.353354535226,0.0
6958,0,622830.8310270151,1328414.8015346366,331288.6801205924,50000.0,33434.42753546467,0.0
6959,0,623356.4539916953,1328857.392657888,331487.70871326287,50000.0,33944.21843845453,0.0
6960,0,624209.2086990513,1330038.4277627203,332561.9641023709,50000.0,35009.927112695725,0.0
6961,0,624285.4245680956,1329867.5236868341,332210.0923136574,50000.0,34961.14449208925,0.0
6962,0,624886.5399930683,1330407.283081285,332494.0571001665,50000.0,35561.09122560544,0.0
6963,0,625220.3712170934,1330569.4597425892,332429.3044578934,50000.0,35825.51644583277,0.0
6964,0,622713.4108626255,1329305.7747099895,332849.5261659343,50000.0,33866.35111654999,0.0
6965,0,624842.1640724883,1330741.7079021316,333079.51750710566,50000.0,35712.035086083175,0.0
6966,0,624446.3688449154,1331017.0501644036,333915.7091075228,50000.0,35671.95128379852,0.0
6967,0,627300.1862027743,1331386.0158056999,331720.4770954697,50000.0,37436.98264656833,0.0
6968,0,626887.3728642693,1331117.6540049145,331688.2854524551,50000.0,37064.10066958119,0.0
6969,0,625303.4084965192,1329218.0246677252,330163.1508469248,50000.0,35277.3425499727,0.0
6970,0,626109.0875018259,1330050.1640381895,330721.67404277273,50000.0,36131.31236949238,0.0
6971,0,626567.7176685663,1330405.8952620127,330849.80368593126,50000.0,36571.2097533469,0.0
6972,0,626193.1928898854,1329846.141219558,330310.5595418891,50000.0,36108.71983126442,0.0
6973,0,625698.8609723272,1329479.6002424187,330200.04681473685,50000.0,35639.70509724211,0.0
6974,0,624910.64508968,1328758.4050404176,329804.2727614858,50000.0,34840.3497995313,0.0
6975,0,624270.9093630905,1328135.7013745692,329423.7279471525,50000.0,34177.24663651089,0.0
6976,0,624621.5167703652,1328749.3663534268,330072.01596961997,50000.0,34647.70423494508,0.0
6977,0,624267.7629285695,1328620.2668482568,330209.4403853688,50000.0,34369.39053238199,0.0
6978,0,626594.3904325889,1330009.6544167025,330184.59308010025,50000.0,36441.33828696674,0.0
6979,0,626881.3203356314,1330400.426727553,330536.4146788212,50000.0,36778.885278413625,0.0
6980,0,623792.0246262383,1329266.8124678663,331722.1901038479,50000.0,34388.457206104154,0.0
7339,0,568206.258990594,1342269.1697588381,419055.8622841962,50000.0,12657.666797271406,0.0
7340,0,568512.507868751,1342597.4971061489,419265.40164044464,50000.0,12400.163345963021,0.0
7341,0,567767.1271537542,1342150.0357765348,419424.3077685777,50000.0,12435.167326192382,0.0
7342,0,567588.7434264343,1342156.6880633654,419678.9606452195,50000.0,12262.957804540849,0.0
7343,0,567913.4598102778,1342024.160607793,418986.648715037,50000.0,12788.626836131662,0.0
7344,0,568293.3076177604,1342517.4479727736,419410.00357125787,50000.0,12315.275701362452,0.0
7345,0,566936.8301387179,1340258.925905352,416957.5016899908,50000.0,14858.70557733322,0.0
7346,0,566156.5051475366,1339330.1009892751,416252.3873642036,50000.0,15690.194005276162,0.0
7347,0,566548.8894555857,1339884.3387666107,416771.9561692837,50000.0,15122.615755628796,0.0
7348,0,566140.8205401275,1339512.4184144016,416618.9729100569,50000.0,15369.329605130995,0.0
7349,0,565791.3086657883,1339123.621843462,416355.094303231,50000.0,15702.500320751475,0.0
7350,0,565433.7343908065,1338652.1562189742,415945.83600445586,50000.0,16167.353043967627,0.0
7351,0,565331.5393716414,1338739.2965110748,416249.17279186647,50000.0,15936.60787302855,0.0
7352,0,565280.7825170698,1338335.6067581812,415553.4521787632,50000.0,16555.983506091914,0.0
7353,0,565655.5308823615,1338634.2855559527,415612.16835349175,50000.0,16395.87867231113,0.0
7354,0,565822.9287539948,1338948.8661539068,415981.37239463744,50000.0,16022.302927213044,0.0
7355,0,566106.3369327377,1339033.7178263692,415759.09465120785,50000.0,16144.658283713807,0.0
7356,0,567056.3520790562,1340163.7235023894,416615.6815425202,50000.0,15142.644251877891,0.0
7357,0,567442.6907779324,1341249.1911134454,418151.8401539986,50000.0,13656.862543788957,0.0
7358,0,567624.5493278599,1341289.547312314,417982.4179068903,50000.0,13767.42860243481,0.0
7359,0,567112.5903961061,1340848.2134577702,417837.4358409122,50000.0,14022.764868548782,0.0
7360,0,567388.1229202948,1340955.4503116908,417668.1922709668,50000.0,14107.616897012771,0.0
7361,0,566998.7839340083,1340572.6428127205,417468.56068618497,50000.0,14382.589068055267,0.0
7362,0,566733.3592107882,1340527.157453355,417741.4738993207,50000.0,14211.080298761564,0.0
7363,0,566448.6099943455,1340149.635544472,417410.66097962443,50000.0,14583.99897945786,0.0
7364,0,566667.9624758845,1340174.184735635,417160.37110963283,50000.0,14744.328189265281,0.0
7365,0,566310.8020423464,1339863.3894272489,417054.2866922962,50000.0,14937.115486442539,0.0
7366,0,565995.4338696015,1339730.704174602,417229.64376500994,50000.0,14879.238640870906,0.0
7367,0,566177.5828913164,1340064.972005426,417617.1350300358,50000.0,14487.03913399586,0.0
7368,0,566454.2949802561,1340423.9678085127,417923.6390701105,50000.0,14134.998335783679,0.0
7369,0,566432.7512966979,1340608.9329198939,418304.1761329447,50000.0,13814.390065642738,0.0
7370,0,566811.7951409357,1340981.2608131783,418497.58080369176,50000.0,13526.705176172374,0.0
7371,0,566361.8344021703,1340742.3771119628,418654.04220124934,50000.0,13541.478743598655,0.0
7372,0,565919.3038977201,1339483.0107961297,416862.9934967558,50000.0,15220.726838599123,0.0
7373,0,565591.175765725,1339105.0957490965,416590.8471505723,50000.0,15558.978889039445,0.0
9056,0,537283.1749962815,1171938.528022943,183902.298143381,50000.0,26477.549473058483,0.0
9057,0,536933.3505849199,1171712.225814379,183985.50777120702,50000.0,26626.231630841918,0.0
9058,0,536153.2691086893,1171685.2980902873,184810.24020021877,50000.0,26407.273904836264,0.0
9059,0,536024.6283079947,1171304.7785209066,184444.72403667218,50000.0,26817.1815068241,0.0
9060,0,537523.1014748616,1172213.4825348384,184005.54582923435,50000.0,26232.349557472735,0.0
9061,0,536620.1248852889,1171112.0606577096,183530.3806490966,50000.0,27239.107424925212,0.0
9062,0,536886.8113963437,1171864.824463975,184240.51957509463,50000.0,26427.018201004943,0.0
9063,0,536426.4916387843,1171286.7759794183,183976.9416170668,50000.0,26964.719103047933,0.0
9064,0,536827.484326557,1171474.6050349816,183785.12793432202,50000.0,26875.205665476533,0.0
9065,0,536293.4360981057,1171039.3758833366,183794.0441086691,50000.0,27216.206955308666,0.0
9066,0,536253.6490572186,1171336.123143687,184233.55221991384,50000.0,26850.517717793766,0.0
9067,0,537133.7120509332,1172098.4268125915,184280.47322702143,50000.0,26231.365501293014,0.0
9068,0,536116.3434162762,1170614.1055083552,183423.2158348744,50000.0,27665.35958590046,0.0
9069,0,536596.4410261795,1170769.6250378955,183100.2975777556,50000.0,27642.991364824193,0.0
9070,0,537224.1441774662,1171519.535779162,183408.0254521965,50000.0,26963.819969830784,0.0
9071,0,537428.2780802206,1171706.237930318,183432.4424240724,50000.0,26813.57141736818,0.0
9072,0,537251.6592295129,1171244.0292895855,183010.28893301648,50000.0,27309.406452167466,0.0
9073,0,537137.7354844012,1170834.093396899,182589.47972702628,50000.0,27765.619756184242,0.0
9074,0,536704.3585870425,1170120.4168103412,182117.4016025573,50000.0,28469.309470053973,0.0
9075,0,536945.8623405799,1170434.9325925866,182269.4909339739,50000.0,28178.586536393836,0.0
9076,0,538093.5930992014,1172667.1888709886,183985.02043944658,50000.0,25897.419247269874,0.0
9077,0,537444.0292200601,1170728.244513579,182111.28865363088,50000.0,28017.294676693666,0.0
9078,0,538335.1993958511,1172779.4675812267,183869.94929378587,50000.0,25856.49603274839,0.0
9079,0,538220.2025118078,1171418.1999731618,182177.56398314142,50000.0,27492.540059877872,0.0
9080,0,538746.1301545327,1173117.5633449187,183871.75387629058,50000.0,25610.065336719097,0.0
9081,0,538537.8368007508,1172856.0156278606,183750.02757400926,50000.0,25845.834310778446,0.0
9082,0,537730.2235181452,1171350.530742257,182625.71163707267,50000.0,27368.502304787657,0.0
9083,0,537533.7566618865,1171016.6033825171,182396.6639789441,50000.0,27699.18090278134,0.0
9084,0,537377.8624931414,1170446.7422559762,181809.3972142108,50000.0,28336.705421164228,0.0
9085,0,538525.709569082,1173041.3645737723,184011.45479012848,50000.0,25611.90811712389,0.0
9086,0,536904.2224392198,1170017.2221687518,181759.85445545148,50000.0,28672.830217603714,0.0
9087,0,536654.4390575301,1170603.3499845963,182814.93910686072,50000.0,27864.6447057274,0.0
9861,0,628593.6256464089,1217982.4905936192,164735.53738382217,50000.0,58869.48411132105,0.0
9862,0,627510.7851657255,1216791.9667431014,163838.24518751208,50000.0,58142.53181773706,0.0
9863,0,627635.3531615428,1217719.9170274932,164999.1041092314,50000.0,59324.42731935164,0.0
9864,0,627906.443437525,1217977.6205647131,165169.28083977883,50000.0,59448.973202980254,0.0
9865,0,627722.9766160179,1216905.5620497933,163853.7369249646,50000.0,58117.37384283206,0.0
9866,0,627662.708963165,1216479.2522591015,163322.8481582624,50000.0,57577.41469108267,0.0
9867,0,627362.3796463782,1216573.2813918996,163641.4174020098,50000.0,57967.16795856015,0.0
9868,0,628411.0975397083,1217597.3517610233,164337.55684499722,50000.0,58489.72811719915,0.0
9869,0,628520.2073926824,1217441.9536277808,164060.49732427977,50000.0,58181.716536782566,0.0
9870,0,628038.8761117493,1218097.4878267534,165244.46951819296,50000.0,59501.84888219632,0.0
9871,0,628666.8315726371,1218263.446247208,165064.18811492485,50000.0,59197.48038972693,0.0
9872,0,628572.5411669883,1218270.5122745233,165133.83411734787,50000.0,59287.13189673829,0.0
9873,0,628477.4555303586,1217982.6997260149,164809.97101532578,50000.0,58968.22253940514,0.0
9874,0,628757.5955252732,1218046.4252483703,164716.43848160977,50000.0,58819.68063925525,0.0
9875,0,627535.2458367376,1216588.9789825366,163551.23097932138,50000.0,57839.52375585066,0.0
9876,0,627666.4790540823,1217045.0088200031,164076.3968924721,50000.0,58359.663285220464,0.0
9877,0,627777.4116444793,1217860.1739570769,165095.2174907091,50000.0,59396.80039529265,0.0
9878,0,627657.1841112071,1216602.7190662676,163491.31617515607,50000.0,57753.5351929988,0.0
9879,0,627630.6177269705,1216916.5049883125,163927.67294705575,50000.0,58212.09177959789,0.0
9880,0,627497.1251201986,1216677.146277709,163693.55681489714,50000.0,57994.864346240116,0.0
9881,0,628794.4772143963,1218266.9257768842,164987.45336451253,50000.0,59094.507723527764,0.0
9882,0,628088.8888258552,1217540.4028968145,164467.50065342328,50000.0,58685.11538258714,0.0
9883,0,628357.9242497294,1217872.5692363358,164739.20568158562,50000.0,58916.892505258846,0.0
9884,0,628487.4653869313,1217544.6839983242,164218.51526485579,50000.0,58351.91818008459,0.0
9885,0,627877.997552608,1217350.415948598,164348.79948121458,50000.0,58601.935268655674,0.0
9886,0,626184.587895579,1216692.7243980798,164565.42067227003,50000.0,59167.18336210344,0.0
9887,0,625879.0640644754,1216388.8516535207,164358.03970347834,50000.0,59016.466615595586,0.0
10767,0,673511.220086992,1324874.0431226848,283534.6734237431,50000.0,73567.09248565705,0.0
10768,0,674745.6729141532,1326846.3538706645,285538.76185113355,50000.0,75505.24778147304,0.0
10769,0,673920.0437095091,1325992.3810004308,284867.8483441582,50000.0,74638.84367796568,0.0
10770,0,674056.2046659492,1325438.0416749816,283977.7144908241,50000.0,74140.62380040441,0.0
10771,0,675005.4439521747,1327169.6675409444,285828.7588547633,50000.0,75828.5593197447,0.0
10772,0,673737.1807141997,1324960.3082873214,283505.99910770333,50000.0,73669.96605463933,0.0
10773,0,673764.2880303361,1325761.8175811567,284641.3557446395,50000.0,74410.83126959308,0.0
10774,0,674112.7246992827,1325658.429931599,284256.61362735555,50000.0,74348.4166701348,0.0
10775,0,673473.2024210435,1325083.2164977982,283861.4812912369,50000.0,73755.62907570084,0.0
10776,0,673895.3170957597,1325194.8020156461,283736.4738497092,50000.0,73901.13098264734,0.0
10777,0,674075.8444866308,1326223.7389941174,285095.4963187109,50000.0,74867.63299270936,0.0
10778,0,674784.6136425167,1327162.610126241,285967.9226890419,50000.0,75802.73897133538,0.0
10779,0,673963.4256255421,1325431.1002208285,284030.40497206285,50000.0,74124.54716168411,0.0
10780,0,675017.093186453,1327320.7152446557,286038.40575897135,50000.0,75969.85846100003,0.0
10781,0,673636.9375412711,1325538.363743681,284405.8752174371,50000.0,74191.98811675525,0.0
10782,0,674762.401369038,1326993.748832455,285739.71335483855,50000.0,75643.57772818554,0.0
10783,0,673418.4985081484,1324923.490505863,283668.61700476066,50000.0,73603.11294238185,0.0
10784,0,673319.5119169295,1325074.1050389784,283952.59020519094,50000.0,73732.73613348405,0.0
10785,0,673460.6703740973,1325281.5453489835,284155.5633454496,50000.0,73937.86324826485,0.0
10786,0,674432.2615717739,1326131.5071702846,284721.50957177195,50000.0,74815.31681430984,0.0
10787,0,674269.9822415196,1325890.0893953973,284483.715132932,50000.0,74577.11196225126,0.0
10788,0,675588.4264717354,1326062.4888035972,283845.8912306923,50000.0,74891.26831345638,0.0
10789,0,675947.7547585513,1326902.5247169053,284811.40840134135,50000.0,75688.21294972436,0.0
10790,0,675499.3508780452,1326611.616300434,284693.8076133917,50000.0,75370.69859436719,0.0
10791,0,676091.9528739768,1327402.0489739925,285432.3184066635,50000.0,76155.4895786678,0.0
10792,0,675936.2818316941,1327694.5360367312,285957.0662778596,50000.0,76403.61738286354,0.0
10793,0,675433.5582610507,1327356.1585807253,285808.4238774291,50000.0,76041.5081456084,0.0
10794,0,674880.7409747494,1326669.2447106205,285192.6211762396,50000.0,75354.61989377454,0.0
10795,0,675115.0384438493,1325816.6065456634,283809.6121913347,50000.0,74608.3909568432,0.0
11419,0,494804.31803823565,1191645.07912727,260526.285340548,50000.0,15500.280347639848,0.0
11420,0,494500.4995624048,1190226.2514904288,258872.4791376628,50000.0,14843.511764735604,0.0
11421,0,495742.807475616,1191697.3991202973,259449.25203857868,50000.0,14207.559394785107,0.0
11422,0,495329.58997542295,1191205.2392316451,259252.37718428494,50000.0,14402.654998354792,0.0
11423,0,494912.4370700803,1190712.8071428167,259060.93899738023,50000.0,14617.684416628506,0.0
11424,0,494950.0900203731,1190403.0236844134,258572.77144033814,50000.0,14344.776655954865,0.0
11425,0,495366.70864629216,1190899.7426735922,258770.5109698243,50000.0,14120.622518432589,0.0
11426,0,495775.2092913386,1191384.9423823955,258962.75353941484,50000.0,13913.806490706107,0.0
11427,0,494048.42677069776,1190041.1815255273,259163.88191345433,50000.0,15339.99048792121,0.0
11428,0,494463.81646845967,1190532.5319225085,259354.42078372583,50000.0,15111.867797312667,0.0
11429,0,494012.8946017532,1190352.3560013783,259651.34630794506,50000.0,15609.44004826944,0.0
11430,0,494425.6901743251,1190843.0371016015,259844.59591365678,50000.0,15396.676590065012,0.0
11431,0,494839.27017650707,1191333.508355754,260037.57276590826,50000.0,15196.162728902596,0.0
11432,0,495253.1474675125,1191821.3939781848,260227.47128445268,50000.0,15007.088408326781,0.0
11433,0,495668.70023887744,1192315.5433905337,260425.26914489435,50000.0,14835.44868790806,0.0
11434,0,496088.548002069,1192809.9568515713,260619.17456225192,50000.0,14673.155644671546,0.0
11435,0,496500.65059003176,1193296.9460611749,260812.91179159426,50000.0,14530.799351330272,0.0
11436,0,495289.9084241338,1191513.6517925265,259741.980789126,50000.0,14701.842583193567,0.0
11437,0,496884.74863943236,1194098.8653314167,261494.98770896977,50000.0,14760.914228480475,0.0
11438,0,496464.74563612166,1193605.9582023853,261300.99678136574,50000.0,14881.569811353267,0.0
11439,0,496050.6394593547,1193116.9957731934,261106.42538813976,50000.0,15013.340365278882,0.0
11440,0,494774.001309999,1191957.0725405714,261010.3441698949,50000.0,15808.177717223694,0.0
11441,0,494734.97936679603,1192264.807085539,261499.4335341942,50000.0,16134.293718112604,0.0
11442,0,495184.37759978365,1192445.5832073211,261206.3840287115,50000.0,15648.228649374563,0.0
11443,0,495601.8135408196,1192938.482572752,261401.02786458985,50000.0,15496.528997099256,0.0
11444,0,496016.06127283117,1193427.4605600308,261594.93850561808,50000.0,15360.678576377004,0.0
11445,0,496427.1161314983,1193912.5172226145,261788.0960558877,50000.0,15240.712814710925,0.0
11446,0,495148.52306356374,1192755.7366597652,261695.51679622428,50000.0,15983.171112440212,0.0
12208,0,548183.8988709034,1335030.6018377652,433102.64608565863,50000.0,10933.230287198841,0.0
12209,0,548592.4786968646,1335364.6120197915,433168.2237266753,50000.0,11081.05821277283,0.0
12210,0,548092.6639278124,1334762.0322495839,432706.550321599,50000.0,11287.624603651757,0.0
12211,0,547741.1290308874,1334371.6478020458,432447.92605246755,50000.0,11382.687258052734,0.0
12212,0,548352.2222373908,1334831.020287768,432466.71603567334,50000.0,11659.412472162585,0.0
12213,0,547986.7246426545,1334363.6554761347,432077.0187432483,50000.0,11874.52123415248,0.0
12214,0,547739.8704325139,1334004.0722537176,431727.8209857608,50000.0,12116.011679120167,0.0
12215,0,547197.8280065279,1333469.6584543034,431462.4277305183,50000.0,12155.94678229596,0.0
12216,0,547482.4103664098,1333571.1669689948,431250.38306654716,50000.0,12491.517565159444,0.0
12217,0,547559.4342783875,1332829.5548803443,429686.9418284037,50000.0,14042.178436698578,0.0
12218,0,547314.7708466076,1332519.4718589927,429432.73923525604,50000.0,14287.883812031581,0.0
12219,0,547569.6837158853,1332682.539184167,429384.7674499301,50000.0,14242.043222616574,0.0
12220,0,546985.8481002969,1332989.2228357843,430826.4665529468,50000.0,12726.410944029956,0.0
12221,0,546367.2986891977,1332358.1487685824,430483.09842672886,50000.0,12859.037666143347,0.0
12222,0,546028.7786633165,1331875.3173466958,430026.2771167767,50000.0,13223.260532326964,0.0
12223,0,546973.721600219,1332766.220635911,430407.0143233243,50000.0,13153.69062440681,0.0
12224,0,546513.7983412804,1332265.3544762025,430089.8159053614,50000.0,13314.942826931425,0.0
12225,0,546521.365994779,1331851.8002742452,429269.7907340305,50000.0,14164.444871609978,0.0
12226,0,546999.0670164253,1332315.296449656,429488.0032144962,50000.0,14109.705522115533,0.0
12227,0,547113.4151171048,1332684.1533765476,430044.8702604016,50000.0,13579.878458293662,0.0
12228,0,547870.907703227,1333918.087960562,431369.8657961617,50000.0,12540.176144181165,0.0
12229,0,547443.3876303158,1333337.1584297486,430847.9303613005,50000.0,12887.465267374644,0.0
12230,0,544598.9231090561,1332381.6460263175,433095.0352411417,50000.0,9701.777291457784,0.0
12231,0,545053.5235781891,1332790.5875506445,433238.54473026324,50000.0,9639.481839969905,0.0
12232,0,544925.9869498406,1332908.1450287264,433656.1525063442,50000.0,9181.672595662976,0.0
12233,0,544793.8464078676,1332356.025037415,432760.67340765253,50000.0,10081.128860524874,0.0
12559,0,639549.0040988456,1211985.7172232454,150514.08218935865,50000.0,43252.143141560286,0.0
12560,0,640436.8943944558,1213226.4071636542,151648.42430778185,50000.0,44399.27708764849,0.0
12561,0,640636.0426827542,1213326.897309877,151674.90412568676,50000.0,44432.1584743954,0.0
12562,0,640817.2273433486,1213542.4992019744,151858.56043226653,50000.0,44619.83115180634,0.0
12563,0,639086.3364184005,1211936.4686293432,150691.96748947818,50000.0,43419.99247658838,0.0
12564,0,639455.9446683838,1212553.5684530437,151292.67435811917,50000.0,44022.926761852716,0.0
12565,0,639829.4766989158,1212925.7205676641,151576.63782633253,50000.0,44311.95727465206,0.0
12566,0,639852.8733362121,1213079.0056836666,151761.6014627872,50000.0,44495.94898270414,0.0
12567,0,639588.6667947044,1212735.613309793,151457.59027286878,50000.0,44189.063320930225,0.0
12568,0,639527.4999112427,1212472.2864308876,151150.77263994692,50000.0,43883.23294948602,0.0
12569,0,640080.5522398923,1212962.316864726,151493.33586104066,50000.0,44235.45448558087,0.0
12570,0,638928.2608186377,1211606.705017072,150350.45782566702,50000.0,43078.04975660605,0.0
12571,0,639104.7185323909,1211585.4548890106,150230.87703350687,50000.0,42961.893299435724,0.0
12572,0,639741.3895567588,1212563.0348374574,151156.1237313601,50000.0,43893.0084801235,0.0
12573,0,639246.2677577711,1212309.7167214432,151088.53826011615,50000.0,43816.74379501562,0.0
12574,0,640656.4394544554,1213474.9394406658,151854.46895700137,50000.0,44609.9922293977,0.0
12575,0,639974.1657476267,1213133.0954907716,151768.06777330322,50000.0,44504.98268529819,0.0
12576,0,639947.1130256896,1212868.1340097554,151441.47565669226,50000.0,44180.67820281443,0.0
12577,0,640458.9942022853,1213100.2980318079,151475.1061703385,50000.0,44228.89714867848,0.0
12578,0,639311.5674634902,1211836.8532042704,150446.23896439705,50000.0,43179.634257487094,0.0
12579,0,639702.241575878,1212695.7128297098,151347.07316134017,50000.0,44081.53478015004,0.0
12580,0,640248.6975791516,1213019.98475399,151480.43931388302,50000.0,44227.45687845392,0.0
12581,0,639951.0398680575,1212510.0524931836,150979.32298327205,50000.0,43723.26492439256,0.0
12582,0,640008.8624029959,1212746.6859424373,151253.3913610963,50000.0,43996.04247170129,0.0
12583,0,639486.8467163193,1212289.3848585987,150936.7480306933,50000.0,43669.97261100738,0.0
14123,0,599984.5538808757,1370479.3741353143,430552.28051242814,50000.0,19915.47434819144,0.0
14124,0,600540.7758186613,1371224.4001625956,431245.79778236547,50000.0,20666.881900555523,0.0
14125,0,600404.1138313775,1370788.3489583891,430595.3771079024,50000.0,20060.659286212023,0.0
14126,0,600955.55577567,1371467.2517263333,431169.8926931835,50000.0,20710.21587576047,0.0
14127,0,600366.8135055808,1370854.0208944993,430768.1841418319,50000.0,20202.25223873242,0.0
14128,0,600398.2141581569,1371178.2417889994,431342.8156022255,50000.0,20717.297915849424,0.0
14129,0,600254.8506228226,1370971.8664734296,431136.7555168581,50000.0,20499.681737258452,0.0
14130,0,601120.9369498801,1371640.2786969447,431284.2976280811,50000.0,20855.297149343856,0.0
14131,0,600487.8868508808,1371032.1844463143,430949.49796736316,50000.0,20392.765773874173,0.0
14132,0,600607.1452598678,1370952.51572191,430644.1286069636,50000.0,20157.992726571356,0.0
14133,0,600624.3182185538,1371081.2322228353,430866.0283637811,50000.0,20355.755859165823,0.0
14134,0,600059.605137537,1370457.881853448,430414.3880445924,50000.0,19812.362164772574,0.0
14135,0,600664.469104669,1371259.7250214382,431152.71891423216,50000.0,20616.958221730216,0.0
14136,0,600254.4227836567,1370596.3967364538,430425.0103633747,50000.0,19872.050526966417,0.0
14137,0,600150.2783492947,1370685.4998279645,430728.7531492254,50000.0,20112.58948655995,0.0
14138,0,600117.8588668447,1370777.9666063776,430946.1827597142,50000.0,20297.371697284714,0.0
14139,0,600280.5022324177,1370863.1539829262,430897.2229754885,50000.0,20293.914715085633,0.0
14140,0,599974.9854775531,1370575.375595568,430746.7932233883,50000.0,20085.833963655128,0.0
14141,0,600763.6439930254,1371141.039356243,430799.2875585241,50000.0,20335.805401781643,0.0
14142,0,600209.4215029384,1370653.9020015171,430592.27227138396,50000.0,20007.151316125502,0.0
14143,0,600423.4138030204,1371060.1244572503,431085.9699508953,50000.0,20496.355794426396,0.0
14144,0,600918.5238364878,1371342.5942840902,430981.3066525997,50000.0,20536.56663655871,0.0
14145,0,600795.7090290977,1371304.7782785092,431068.3978851325,50000.0,20578.310427443,0.0
14332,0,623229.491772506,1326633.3922101215,328017.6647707209,50000.0,32921.82295941493,0.0
14333,0,622800.8957378278,1326400.0144744783,328060.6775839025,50000.0,32541.77276849045,0.0
14334,0,626375.710267716,1329596.0640962156,329729.9415207552,50000.0,36144.68037234237,0.0
14827,0,650981.8028377612,1318269.1072153135,290399.6959871161,50000.0,70475.14453557176,0.0
14828,0,651564.9645193361,1319065.2090868573,291130.532885977,50000.0,71254.78964277222,0.0
14829,0,650750.9451807986,1318044.9514391143,290246.9440950451,50000.0,70289.55166781347,0.0
14830,0,651536.5898151,1318913.5939774257,290925.79018466285,50000.0,71064.83290082724,0.0
14831,0,651515.3227168774,1318755.858567889,290706.29193155066,50000.0,70863.24968893344,0.0
14832,0,651162.7549939327,1318291.802188109,290290.2741792015,50000.0,70414.8130930439,0.0
14833,0,651396.9057909667,1318515.8020963075,290440.41539373173,50000.0,70599.41805450557,0.0
14834,0,651323.9133648284,1318317.9125301992,290201.79723677714,50000.0,70369.76955674306,0.0
14835,0,651523.7283968327,1318497.3604961752,290312.47533129225,50000.0,70511.98941064642,0.0
14836,0,651490.7631318189,1318348.9198991056,290116.28289366077,50000.0,70329.18999955851,0.0
14837,0,650980.5432460842,1317738.0591153228,289605.28079035605,50000.0,69761.14876462573,0.0
14838,0,650360.8044369781,1316979.2925237913,288960.18033937796,50000.0,69049.73564243967,0.0
14839,0,651116.7361070134,1317706.463771462,289450.27016160253,50000.0,69651.75157397635,0.0
14840,0,650895.8651183257,1317424.8956782902,289203.5274877202,50000.0,69382.83811991634,0.0
14841,0,651121.8259942222,1317560.9318593354,289228.48122136795,50000.0,69454.4893532414,0.0
14842,0,650815.188882387,1317209.1542475007,288944.4971382546,50000.0,69133.38130108506,0.0
14843,0,651031.9101550712,1317300.7336601275,288910.25660804764,50000.0,69150.33221798661,0.0
14844,0,650565.1864918565,1318006.5909358263,290336.98307563143,50000.0,70332.58549235527,0.0
14845,0,650294.9592305253,1317801.368029095,290244.16972017026,50000.0,70193.89648739631,0.0
14846,0,650732.7502908015,1318241.2362088969,290555.62129546155,50000.0,70564.22553531338,0.0
14847,0,650396.02292471,1318030.3304385135,290507.1138173449,50000.0,70452.14549868047,0.0
14848,0,651222.3843331148,1318483.8794542414,290530.7985877435,50000.0,70643.54817028664,0.0
15801,0,569829.669822994,1236667.935168463,241318.76753776125,50000.0,18551.714282151865,0.0
15802,0,569473.620355065,1236649.4278319147,241656.5913359236,50000.0,19062.751560240442,0.0
15803,0,569761.0992581072,1237115.6759764485,242055.72629182797,50000.0,19121.227075759864,0.0
15804,0,570037.9589864368,1237560.1301483451,242433.79505764408,50000.0,19183.857107974713,0.0
15805,0,569695.7960446693,1237550.3849728086,242770.5395814965,50000.0,19684.785791994724,0.0
15806,0,569080.5133568823,1236562.8843245257,241931.75602808717,50000.0,19559.01143657607,0.0
15807,0,569373.5990850712,1237029.3403355454,242325.1527154523,50000.0,19608.26905523512,0.0
15808,0,568966.7234656322,1236876.4383701135,242515.91344569548,50000.0,20054.462967287833,0.0
15809,0,568962.6801114201,1237186.725335313,242982.5542819227,50000.0,20389.035225628133,0.0
15810,0,569408.85550142,1237777.3673888242,243404.04717487606,50000.0,20361.960211121303,0.0
15811,0,568371.1211322161,1236648.0969955681,242789.5057059936,50000.0,20704.29528215408,0.0
15812,0,568003.542097988,1236917.036193817,243570.14520434735,50000.0,21535.236896137594,0.0
15813,0,567689.1464467072,1236922.2564371412,243903.18449753907,50000.0,22010.530008300797,0.0
15814,0,568448.2708824547,1237127.1346181075,243424.11215402704,50000.0,21094.100015952296,0.0
15815,0,568524.8508388685,1237499.1768476497,243900.12906721633,50000.0,21380.632304600924,0.0
15816,0,568800.3307007251,1237949.5742378512,244288.12060473886,50000.0,21463.383539216677,0.0
15817,0,568421.678738963,1237839.479706118,244514.74538419704,50000.0,21908.538161014887,0.0
15818,0,568125.1556581061,1237819.208069063,244791.09158868663,50000.0,22330.353686982668,0.0
15819,0,567846.7659700358,1237379.0215452365,244421.80025844532,50000.0,22264.948771657222,0.0
15820,0,568142.4727620241,1237371.5234820729,244104.67311131814,50000.0,21814.263094524656,0.0
16237,0,597832.5298255992,1365959.7875361352,424787.5069297406,50000.0,14324.080979759066,0.0
16238,0,597431.70061606,1365038.942981404,423570.0759136201,50000.0,13179.645213646916,0.0
16239,0,597265.2659786134,1364752.095960779,423244.5400303271,50000.0,12853.988754429576,0.0
16240,0,598305.3543150307,1366346.2941164111,424907.8162526985,50000.0,14586.237195968579,0.0
16241,0,597116.1231170421,1365244.4693807964,424361.82856486074,50000.0,13738.23672148466,0.0
16242,0,597601.5405907365,1364976.8677694984,423235.76222696225,50000.0,12974.076822949906,0.0
16243,0,598366.1970470912,1365628.4375781664,423480.3712312235,50000.0,13479.645919659715,0.0
16244,0,597610.2452879413,1365470.0824651893,424151.5423711685,50000.0,13720.316820582622,0.0
16245,0,597742.321075346,1365246.2157757522,423561.32763868733,50000.0,13288.272423791408,0.0
16246,0,597397.2714105225,1365495.11576163,424472.1727655365,50000.0,13918.42079936436,0.0
16247,0,597279.1925049264,1365233.2894364041,424131.2334209765,50000.0,13592.998086818077,0.0
16248,0,596886.440094901,1364951.134319326,424105.1053427329,50000.0,13449.86348661544,0.0
16249,0,597402.6868947829,1365183.2069176557,423878.4789376164,50000.0,13422.987495597474,0.0
16250,0,598162.5678746479,1365603.4235843385,423694.043417977,50000.0,13559.538169326162,0.0
16251,0,597734.2359881673,1365437.1220621862,423930.4749885121,50000.0,13583.021728601383,0.0
16252,0,597943.7562751381,1365281.6241144212,423369.80618273444,50000.0,13216.579651337275,0.0
16253,0,597083.191265586,1364781.3352151792,423533.04203475715,50000.0,13027.566752465937,0.0
16254,0,598055.5835654105,1365688.3471012725,423990.69553731015,50000.0,13751.94642537633,0.0
16255,0,597814.873645794,1365764.2666864302,424442.2405744916,50000.0,14031.187431830396,0.0
16256,0,597016.9824274312,1364898.8895043563,423839.07066266594,50000.0,13262.790367362053,0.0
16529,0,578731.7170381448,1341618.0796591907,403957.7921614852,50000.0,11166.10812664176,0.0
16530,0,578339.0016535915,1341315.6114899674,403904.5003923572,50000.0,11505.27987093363,0.0
16531,0,580123.9562707286,1342977.854468077,404679.2836284686,50000.0,9758.989134436324,0.0
16532,0,577441.203929284,1340219.6075855908,403037.9079481098,50000.0,12576.352454959819,0.0
16533,0,579020.1711834259,1341692.6007913959,403724.9295496147,50000.0,11036.635015980397,0.0
16534,0,579794.3438407007,1343196.8241403955,405506.6910525962,50000.0,9718.104404213003,0.0
16535,0,578016.7094481193,1340688.5229085654,403162.52041015023,50000.0,12066.457288964208,0.0
16536,0,577584.0925252574,1340149.090486643,402724.3920309151,50000.0,12595.639007491762,0.0
16537,0,577187.7584655394,1339844.7982992304,402673.1366846991,50000.0,12929.796967416794,0.0
16538,0,577847.607540877,1340632.6749879715,403276.8347437289,50000.0,12152.799478495817,0.0
16539,0,580867.0850132621,1343570.4267080196,404820.13647824054,50000.0,9122.94723502693,0.0
16540,0,579578.4117273993,1342860.1622577813,405162.324436002,50000.0,10016.608248244273,0.0
16541,0,580110.5453351075,1343595.220622732,405836.46959023783,50000.0,9341.996441436873,0.0
16542,0,580235.1741885551,1343203.5082499725,404953.02099612524,50000.0,9556.220965080578,0.0
16543,0,579901.0746301805,1342946.1286555592,404906.6642067602,50000.0,9843.89685615893,0.0
16544,0,580553.6098191045,1343397.2421675492,404902.2372377491,50000.0,9326.375694811151,0.0
16545,0,579699.4329441679,1342485.6287536183,404315.7601374551,50000.0,10248.462078729885,0.0
16546,0,579741.5088447938,1342641.8831787512,404550.00375541515,50000.0,10115.917211004546,0.0
16547,0,577344.6123108385,1339776.7283719697,402346.28234297386,50000.0,12949.834619655463,0.0
17156,0,592539.3139896459,1334829.5334357084,374798.89740748954,50000.0,15749.752666929291,0.0
17157,0,592740.5411447719,1334867.8041625435,374629.63924818026,50000.0,16039.320967522657,0.0
17158,0,592232.879128297,1334272.9370640283,374184.01020319643,50000.0,16184.656165459666,0.0
17159,0,592088.0568247454,1334712.8606010766,375125.0000123842,50000.0,15157.673941115963,0.0
17160,0,592090.2387887504,1334529.1000132286,374800.33115346363,50000.0,15484.292403089656,0.0
17161,0,591539.6118098812,1333962.90160756,374456.0124637027,50000.0,15523.40391030018,0.0
17162,0,591844.4774949858,1334196.297579116,374506.243335756,50000.0,15640.479504913708,0.0
17163,0,592366.2158950594,1334822.182293749,374989.4458422069,50000.0,15456.633640677408,0.0
17164,0,592113.3155760368,1334303.604927739,374378.15966410236,50000.0,15921.27171541075,0.0
17165,0,591925.7434416004,1333915.231789045,373918.53123373014,50000.0,16278.51265268429,0.0
17166,0,591767.4883033156,1333898.2991258416,374074.83739791485,50000.0,16033.340861353527,0.0
17167,0,591568.9841418414,1333815.2955271665,374162.88594786386,50000.0,15836.233094477126,0.0
17168,0,590350.49646212,1332696.9306319617,373638.9099431178,50000.0,15759.333436725463,0.0
17169,0,589780.6580634592,1332123.498460055,373306.62556938047,50000.0,15847.727503722133,0.0
17170,0,589092.7975219536,1331294.192056342,372666.44391978433,50000.0,16232.71499125258,0.0
17171,0,588847.4354242332,1330832.8574039177,372148.8209215755,50000.0,16678.993990161067,0.0
17172,0,588306.8491517501,1330371.5086061785,371979.93068544444,50000.0,16666.161690965127,0.0
17173,0,588378.3129249585,1330176.2169058865,371554.10869651963,50000.0,17133.411991234767,0.0
17210,0,596665.6383170325,1335893.2756873078,371847.9068755856,50000.0,21341.31384011975,0.0
17211,0,596106.5811330887,1335163.8319635321,371224.98891795205,50000.0,21546.760626866628,0.0
17212,0,596251.1583011884,1335757.2241075034,372090.50736746786,50000.0,20818.182930406474,0.0
17213,0,596057.9307633418,1335362.685935286,371627.269608481,50000.0,21126.98006742189,0.0
17214,0,595654.6533115072,1334730.1722764198,370993.3553842795,50000.0,21465.777895715262,0.0
17215,0,595655.3737283649,1334435.776797222,370480.6347675602,50000.0,21964.309347561964,0.0
17216,0,596490.4341527085,1335434.1339240863,371251.54224444693,50000.0,21785.96781514993,0.0
17217,0,597261.2437603215,1336089.046716226,371500.8026048914,50000.0,22096.10366900432,0.0
17218,0,597708.9590246644,1336172.4114811316,371129.8416822122,50000.0,22769.926369916244,0.0
17219,0,597128.6755586427,1335295.949261826,370275.5142091105,50000.0,23163.31866543048,0.0
17220,0,596737.766420867,1334887.386106195,370016.29888150294,50000.0,23140.54102512915,0.0
17221,0,597529.1894085734,1335676.688765419,370475.69548475486,50000.0,23256.59776724971,0.0
17222,0,597087.1468587193,1336388.5947149172,372222.9647050553,50000.0,21290.766102155634,0.0
17223,0,597524.9639977799,1336890.2889330275,372590.69928502006,50000.0,21270.81057356152,0.0
17224,0,597702.2618648259,1336628.1421405282,371929.8626575593,50000.0,22017.06032854759,0.0
17225,0,598220.9165865273,1336925.352565882,371849.2255345979,50000.0,22479.83445375857,0.0
17226,0,598123.4958781614,1336608.4036821174,371410.3969097498,50000.0,22813.493266902315,0.0
17227,0,597954.6310399116,1336166.4623325835,370836.8753360711,50000.0,23224.163962308412,0.0
17246,0,401952.31922266656,1177402.6565651756,363684.2870146901,50000.0,28005.8780396501,0.0
17247,0,402219.4796487857,1177542.2724802103,363513.87557294493,50000.0,27749.91548684992,0.0
17248,0,401403.69401288923,1176664.1252372577,363328.0282085658,50000.0,28599.694933883977,0.0
17249,0,401772.428343271,1177036.8607723045,363373.8903819154,50000.0,28219.03991931209,0.0
17250,0,402674.33077572496,1177960.1043702443,363506.12605044816,50000.0,27287.908925568416,0.0
17251,0,402060.8969254259,1177242.6200857526,363275.8226639237,50000.0,27935.356337161887,0.0
17252,0,401610.36410554533,1176677.2611906535,363047.85629677377,50000.0,28420.328532026346,0.0
17253,0,402475.5011089943,1177559.0572768312,363167.54226245976,50000.0,27524.366785198985,0.0
17254,0,402863.60078601004,1177868.2120824563,363086.7654508346,50000.0,27137.54665088607,0.0
17255,0,402177.14368482813,1177134.4038600668,362937.5456392155,50000.0,27854.777720979208,0.0
17256,0,402670.8965394289,1177583.8715289999,362922.13347197074,50000.0,27352.67440382012,0.0
17257,0,401766.364211483,1176625.0056661863,362739.44211750454,50000.0,28298.908382326994,0.0
17258,0,403061.92371547763,1177888.645086081,362830.29944308643,50000.0,26964.47309821706,0.0
17259,0,402370.79121799965,1177168.487079072,362709.22247738735,50000.0,27685.066059758978,0.0
17260,0,401602.16246249375,1176325.6265303767,362511.22691778815,50000.0,28497.340788239017,0.0
17261,0,402835.7358263242,1177564.2153074136,362651.7236590905,50000.0,27217.353360640198,0.0
17262,0,402592.9309025669,1177214.1430300202,362457.658497287,50000.0,27491.076765892885,0.0
17263,0,401889.45058209787,1176349.4200803838,362130.94693102944,50000.0,28258.37909472494,0.0
17674,0,561389.0854382504,1349150.761041165,441936.69972785393,50000.0,3110.7844414627666,0.0
17675,0,563103.1676622654,1350622.9534383079,442392.5126514412,50000.0,4822.6992932303,0.0
17676,0,562285.4679636979,1349802.252423995,441939.4504550716,50000.0,4037.4335324875374,0.0
17677,0,561586.4800358643,1349399.2206814808,442145.6412196085,50000.0,3293.4065671792373,0.0
17678,0,561240.5054920517,1349103.813536418,442057.60420696775,50000.0,2947.0639259209456,0.0
17679,0,562007.799819536,1349751.3372742508,442237.9914111137,50000.0,3716.1900479535666,0.0
17680,0,563103.1948063375,1350914.3621972005,442971.2273452315,50000.0,4806.8420346806,0.0
17681,0,561431.8573141567,1349362.6868353344,442295.9393471247,50000.0,3132.2803391667553,0.0
17682,0,562746.8783686287,1350754.1310209478,443165.8918138246,50000.0,4474.52642782401,0.0
17683,0,561052.6224775789,1349026.095714545,442174.16026663565,50000.0,2753.0605905488796,0.0
17684,0,563083.8642132212,1351078.8098454513,443325.9422112012,50000.0,4816.144740244679,0.0
17685,0,562000.4121350453,1349919.0542751418,442581.78216624184,50000.0,3702.7340197782737,0.0
17686,0,563345.2526196119,1351035.37113941,442863.3610459728,50000.0,5045.694399216569,0.0
17687,0,561756.1893818775,1349630.9490865623,442361.3481938584,50000.0,3456.7876151310024,0.0
17688,0,562881.0528631469,1350526.4086558549,442520.2370450467,50000.0,4586.986517586943,0.0
17689,0,561630.9377227263,1349612.1559802159,442504.56161231385,50000.0,3334.937904103786,0.0
17690,0,561941.4079533224,1349457.3469511361,441750.00737268,50000.0,3714.745747955498,0.0
17691,0,561215.7675186131,1349379.4079566633,442640.9111217291,50000.0,2947.3913067342714,0.0
17720,0,638970.6759548476,1213048.5771611885,152185.40283968722,50000.0,44908.36640368211,0.0
17721,0,639054.0546528191,1214141.2063989863,153551.44324087736,50000.0,46275.29385381071,0.0
17722,0,638979.4312221062,1213841.9891063794,153204.68487675235,50000.0,45928.26961279734,0.0
17723,0,638737.5561380669,1213260.347159772,152582.32259877943,50000.0,45306.00104335501,0.0
17724,0,639155.5219598842,1213591.0243893932,152787.3005390222,50000.0,45510.224417858444,0.0
17725,0,638508.826118176,1213066.1722783246,152453.4325483245,50000.0,45178.37102774717,0.0
17726,0,639159.5661150165,1213400.6703374616,152539.61662493987,50000.0,45262.70149239628,0.0
17727,0,638944.082896491,1213546.7869488937,152842.32358529596,50000.0,45565.5217335488,0.0
17728,0,638720.4499025452,1213105.0277506085,152390.9172899535,50000.0,45114.34795941211,0.0
17729,0,639320.4737064182,1213539.172612861,152633.25588996947,50000.0,45356.807721343044,0.0
17730,0,638650.434374846,1213370.6458934578,152771.15717783253,50000.0,45495.86057047492,0.0
17731,0,638572.6780099191,1212897.098862651,152201.1110709932,50000.0,44924.946662622795,0.0
17732,0,639168.3242765301,1213732.5412122647,152963.12002548322,50000.0,45686.022746757604,0.0
17733,0,639153.5937746115,1213884.7627709592,153167.3914487636,50000.0,45890.367009832626,0.0
17734,0,638797.1369962908,1213578.0046691136,152960.79299100587,50000.0,45684.921270733255,0.0
17735,0,638951.9856773096,1213328.572249999,152556.49658336135,50000.0,45279.44432304737,0.0
17736,0,638623.1078548753,1212762.6142490427,152000.7335734958,50000.0,44723.994351745736,0.0
17737,0,638813.6440342423,1212913.1549847322,152093.87203786089,50000.0,44816.79054867033,0.0
17877,0,495071.0265139357,1234664.5446344009,325763.89773785113,50000.0,56947.36968519693,0.0
17878,0,494068.55087545107,1233507.8784053158,325201.09321457334,50000.0,57629.61019045383,0.0
17879,0,494938.03099706426,1234339.0912317133,325410.2380157121,50000.0,56924.84603700914,0.0
17880,0,494456.0494552609,1233692.8259078276,324993.72195360024,50000.0,57197.11383118214,0.0
17881,0,495740.66680971434,1235057.2406754177,325525.6653677542,50000.0,56246.814109030485,0.0
17882,0,495039.68654246914,1234202.5363933707,325056.2164783316,50000.0,56692.2380531323,0.0
17883,0,496176.6930625262,1235330.6007643496,325399.74117746967,50000.0,55802.372592276224,0.0
17884,0,495887.23108538915,1234877.6535714807,325043.2263633953,50000.0,55919.665982833336,0.0
17885,0,494478.3769748981,1233289.4172596247,324312.0798264231,50000.0,56915.13894414303,0.0
17886,0,494545.59298115154,1233131.9430527098,323969.850457918,50000.0,56725.22735914909,0.0
17887,0,494891.34654638154,1233428.8784975114,323998.37150557194,50000.0,56419.835431623396,0.0
17888,0,494802.123254495,1233143.8289504796,323654.3009205108,50000.0,56373.34294313127,0.0
17889,0,495111.1791561499,1233298.4120372694,323500.8926975655,50000.0,56033.52826347279,0.0
17890,0,495412.6892194444,1234622.7379011835,325249.6749897423,50000.0,56431.48291658279,0.0
17891,0,496618.4653718303,1234992.0277454965,324275.14706262905,50000.0,54952.36152368418,0.0
17892,0,496307.6606375638,1234935.027074018,324587.83232468646,50000.0,55357.658840989745,0.0
17893,0,495891.49627891404,1234587.7207323697,324568.0693533963,50000.0,55727.53602245785,0.0
17894,0,495536.42995415535,1234447.1365026752,324803.6847725595,50000.0,56142.343029845055,0.0
18359,0,517725.0338969177,1266136.9166614937,348566.7683984377,50000.0,27219.48824719841,0.0
18360,0,517583.4019692874,1265750.50578112,348092.51373551623,50000.0,27536.06976377286,0.0
18361,0,517544.02192068525,1265551.8367886187,347805.1900016196,50000.0,27689.72639520133,0.0
18362,0,518016.06573534355,1265828.6968955756,347660.977265761,50000.0,27338.879907310326,0.0
18363,0,517715.395692289,1265423.3175825842,347362.47904304415,50000.0,27729.306727147472,0.0
18364,0,517879.93973795854,1265979.1061891727,348095.121452133,50000.0,27274.20762195358,0.0
18365,0,518257.66922469356,1266287.6449847927,348128.3368036971,50000.0,26929.29588226552,0.0
18366,0,517313.6608851889,1265039.0934554262,347232.3061252483,50000.0,28134.734489915776,0.0
18367,0,517017.8831343493,1264651.9183052452,346959.2126426871,50000.0,28510.381285346222,0.0
18368,0,516865.63582165586,1264298.0766160442,346555.8692721176,50000.0,28820.103477477634,0.0
18369,0,517804.6870361152,1266640.3904386228,349322.5841897661,50000.0,26857.390601207237,0.0
18370,0,518194.0461588533,1267013.8504739304,349451.70678314194,50000.0,26459.55338312955,0.0
18371,0,518556.3794638638,1267446.8769510994,349718.4566352079,50000.0,26034.79334100088,0.0
18372,0,518842.1069841575,1267859.0362418268,350050.1243132516,50000.0,25655.762821779343,0.0
18373,0,519765.6810014201,1268839.966525523,350522.80624668463,50000.0,24651.883360591368,0.0
18374,0,520144.8933678549,1269254.6382735234,350738.0437160459,50000.0,24232.385146616318,0.0
18375,0,516290.7524336898,1262346.5193486845,343993.0923665923,50000.0,30530.517587880444,0.0
18478,0,571952.2493532476,1363857.2512676623,456110.18816916615,50000.0,17542.802267780036,0.0
18479,0,572571.6705696577,1364237.2714142103,455976.84838609525,50000.0,17817.193829310076,0.0
18480,0,572269.6551837265,1364084.7629231436,456108.07022346294,50000.0,17723.01430680459,0.0
18481,0,574027.3834674642,1365929.2187778337,457282.2572500207,50000.0,19504.61101906419,0.0
18482,0,573400.3382260893,1365161.2914991144,456640.2335524271,50000.0,18728.375923040923,0.0
18483,0,572932.3651991419,1364624.340909583,456234.83357025404,50000.0,18194.559345139474,0.0
18484,0,573763.5386804232,1365572.7490422304,456944.49576514255,50000.0,19136.237849500118,0.0
18485,0,573326.1322768537,1364888.6376380133,456196.63658569934,50000.0,18411.31565720468,0.0
18486,0,573741.5206065284,1365274.03579016,456372.1763932298,50000.0,18775.517224673364,0.0
18761,0,490161.6870589147,1244794.1339052813,349051.32387926464,50000.0,46714.28048653118,0.0
18762,0,490488.8449313721,1245164.3095489286,349232.41020005767,50000.0,46949.562509878524,0.0
18763,0,490165.70047079196,1245028.854469358,349442.12662008434,50000.0,46571.013234577025,0.0
18764,0,489856.59898897697,1244902.365541275,349648.1633969611,50000.0,46207.03393693231,0.0
18765,0,490811.3128923745,1245311.1223789707,349043.03285836655,50000.0,47320.006330168166,0.0
18766,0,490801.4029048134,1245539.026233312,349441.360401453,50000.0,47162.80853533015,0.0
18767,0,491180.4982582625,1245507.375506488,348874.06642013777,50000.0,47726.3021986363,0.0
18768,0,491281.67846995447,1245810.0227277034,349248.0565457674,50000.0,47681.56581195285,0.0
18769,0,491644.3640180115,1246034.3212075236,349135.6158008393,50000.0,48061.09922203547,0.0
18770,0,490480.92170350417,1245389.965291708,349624.3126066237,50000.0,46796.88589067102,0.0
18771,0,490821.6669631195,1245786.786353004,349832.6067546857,50000.0,47038.92242817335,0.0
18772,0,490461.42357421084,1245568.636940968,349952.7762915725,50000.0,46658.840250160196,0.0
18773,0,490710.2502559982,1245948.0710307476,350256.64642637,50000.0,46782.618781186895,0.0
18774,0,490983.4142015458,1246290.4708819631,350465.17614336073,50000.0,46965.39888883191,0.0
18775,0,491171.5591613652,1246632.5146632725,350788.90120789123,50000.0,47030.224168206594,0.0
18776,0,491255.94426156144,1246907.9900497927,351141.1131370367,50000.0,46990.09635579348,0.0
19228,0,591168.5787055772,1360575.9936107516,423254.33185189863,50000.0,12213.469840857513,0.0
19229,0,590854.4679210262,1360235.4040678828,423020.2332707232,50000.0,12024.294945223193,0.0
19230,0,591614.0210427663,1360851.655940789,423195.4728164712,50000.0,12087.946093809847,0.0
19231,0,591252.6738873962,1360409.4852730213,422830.9900334808,50000.0,11759.318754979211,0.0
19232,0,590682.2661789834,1359926.2998415404,422661.1546825897,50000.0,11681.444749809289,0.0
19233,0,590360.8607576648,1359576.0222637428,422418.60306264367,50000.0,11494.83624099537,0.0
19234,0,590070.4039836694,1359361.1055265917,422391.1880482483,50000.0,11535.097367453178,0.0
19235,0,590533.7506057328,1359891.069394731,422787.8519277458,50000.0,11845.08505075233,0.0
19236,0,589926.3871862575,1359348.2157066911,422554.32479319605,50000.0,11744.427086158335,0.0
19237,0,590260.6459479237,1359684.800838957,422754.1247625906,50000.0,11871.234216824665,0.0
19238,0,590460.0193425559,1359996.2003100512,423082.15767710586,50000.0,12170.612927857817,0.0
19239,0,590733.9403227676,1360234.2584700338,423174.87339777604,50000.0,12209.841921084271,0.0
19240,0,591346.4529393311,1360646.2610448464,423155.6769669913,50000.0,12082.997711406275,0.0
19241,0,591021.453416954,1360290.2054468682,422906.49323060195,50000.0,11875.247039204816,0.0
19242,0,589970.5444717138,1359124.3389555376,422074.73258090793,50000.0,11226.607019073981,0.0
19243,0,590134.2466203077,1359711.733836669,422969.52407722856,50000.0,12129.134895114445,0.0
19318,0,635593.3024207595,1177584.810093924,109281.64851058697,50000.0,11756.323461928952,0.0
19319,0,635817.23635883,1177904.2750271966,109580.32760352243,50000.0,11937.96679233113,0.0
19320,0,635079.7462080079,1177483.293006602,109366.3989742855,50000.0,11196.651718507572,0.0
19321,0,635621.4457361723,1177967.6381138235,109736.36849523925,50000.0,11706.037776437352,0.0
19322,0,635820.5426045088,1178333.5679691844,110101.55568073188,50000.0,11863.639170602972,0.0
19323,0,636621.276189542,1179207.5649437062,110843.92786026144,50000.0,12618.343116892496,0.0
19324,0,635999.5872833641,1178225.3621141445,109897.79351851948,50000.0,12078.778116797195,0.0
19325,0,636731.9535272557,1179527.180794585,111188.48948222717,50000.0,12709.687399328615,0.0
19326,0,637157.8525864816,1180438.6949885632,112127.48197085357,50000.0,13124.420301247035,0.0
19327,0,637425.1483255323,1180286.1707412812,111836.24973916616,50000.0,13390.730652650444,0.0
19328,0,636832.4442212738,1179147.684652599,110687.3877001606,50000.0,12850.137525800705,0.0
19329,0,636921.8750348162,1179843.615383164,111497.6654912455,50000.0,12890.455535244873,0.0
19330,0,635497.2411136411,1178152.7432498862,110012.33293184513,50000.0,11537.675858148265,0.0
19331,0,635302.8508959818,1177816.378256961,109681.45107880424,50000.0,11379.816228615598,0.0
19332,0,636955.3364095188,1179485.6694268724,111049.3416606723,50000.0,12946.41423752116,0.0
19333,0,636906.0648461631,1180130.2155795868,111852.61318877582,50000.0,12870.470363457516,0.0
19410,0,396383.22009339853,1144807.9763753763,324091.50418230233,50000.0,20327.014415200374,0.0
19411,0,396481.63736242533,1145051.9014858527,324285.8593468995,50000.0,20163.978551809894,0.0
19412,0,396215.11076451966,1144834.3255506237,324356.756588063,50000.0,20429.98910649129,0.0
19413,0,395879.5498866004,1144295.6726213528,324089.92809088365,50000.0,20869.90766710194,0.0
19414,0,396298.149881329,1144571.6584218133,323889.46730544884,50000.0,20480.525460429944,0.0
19415,0,396104.7365729436,1144566.738848423,324147.0779634905,50000.0,20610.12781879507,0.0
19416,0,395988.31347830745,1144753.4088175804,324557.7001849466,50000.0,20616.9162806921,0.0
19417,0,396068.47332498926,1144306.8478243933,323846.8973241926,50000.0,20741.60822721516,0.0
19418,0,395863.5703571198,1144039.739630128,323767.6974019303,50000.0,20988.060666009416,0.0
19419,0,395912.09890264226,1144529.6416129395,324360.36798098095,50000.0,20754.65458161682,0.0
19420,0,395716.1957801218,1144534.9218221144,324635.26541464595,50000.0,20887.55694424782,0.0
19421,0,395663.9230390103,1144035.0803925262,324034.10009668546,50000.0,21119.46556643764,0.0
19422,0,395441.71532371687,1144003.7405014492,324295.5431059869,50000.0,21279.798646971914,0.0
19423,0,395654.70199160697,1144282.183059454,324379.00699719944,50000.0,21026.081715836033,0.0
19424,0,395496.7978560841,1144474.3518665335,324853.6402835725,50000.0,21063.8671165396,0.0
19425,0,395208.0352822068,1144169.878383675,324838.43319017545,50000.0,21377.561922229328,0.0
19774,0,572198.2441868873,1363806.1450825993,455648.55870157905,50000.0,17388.302426899787,0.0
19775,0,574218.6137083598,1365884.0388827035,456912.65808206203,50000.0,19396.836990563803,0.0
19776,0,574475.2483547301,1366012.176569806,456798.98498767643,50000.0,19491.54163236095,0.0
19777,0,573970.3389790617,1365564.102985135,456626.27298298746,50000.0,19070.459386714097,0.0
19893,0,595884.2565695413,1367708.5910915236,430621.9644249107,50000.0,19432.354854882837,0.0
19894,0,596033.3501305998,1367761.056417887,430526.9565949625,50000.0,19341.899809071772,0.0
19895,0,595677.9132089524,1367479.2982341757,430455.39193867287,50000.0,19263.49034943237,0.0
19896,0,596056.9310494162,1367924.2237412087,430806.62649914215,50000.0,19619.41860795152,0.0
19897,0,595716.1717045137,1367618.69740657,430670.64956909313,50000.0,19478.3557797742,0.0
19898,0,595836.1516398801,1367542.4935471283,430368.81392398675,50000.0,19180.09528873189,0.0
19899,0,595641.1372618821,1367648.046668963,430824.67495253944,50000.0,19631.64696007295,0.0
19900,0,595448.085738785,1367475.371991207,430748.546972859,50000.0,19555.939842403805,0.0
19901,0,595913.8370787911,1367818.5027837274,430792.4761682021,50000.0,19602.278403793498,0.0
19902,0,595520.6302926901,1367416.4781840187,430541.5179786128,50000.0,19348.457643374324,0.0
19903,0,595813.3218646809,1367819.2028781322,430925.2723689377,50000.0,19733.046922444686,0.0
19904,0,595763.2771128858,1367913.2322009027,431169.835209913,50000.0,19976.81002900464,0.0
19905,0,595600.9425947506,1367729.3374553923,431032.0836041618,50000.0,19839.169216828177,0.0
19906,0,595987.0910064696,1368088.7747214881,431211.2654104355,50000.0,20019.877470304982,0.0
19907,0,596077.6054374108,1368066.955212259,431051.3053563566,50000.0,19862.510141809074,0.0
20028,0,506176.6694363985,1232520.7103801463,308063.49386383727,50000.0,41609.749079802394,0.0
20029,0,505775.2909560347,1232417.5471655454,308406.71312315995,50000.0,42043.24410935546,0.0
20030,0,505141.70478039124,1230850.5556295482,306726.74081697135,50000.0,42292.67938524706,0.0
20031,0,504639.170606167,1230494.4236118176,306798.57317696954,50000.0,42742.580579989,0.0
20032,0,503978.80212424055,1230563.8861274407,307743.1256286458,50000.0,43761.219916364884,0.0
20033,0,503953.14775530575,1230186.727694049,307179.53095458436,50000.0,43510.677853023015,0.0
20034,0,505636.992602547,1231279.1035742285,306779.1560518453,50000.0,41918.19656254884,0.0
20035,0,505864.3234598082,1231973.6664122273,307591.11491006584,50000.0,41875.602267212875,0.0
20036,0,505310.08722211764,1231508.5329068766,307554.51928024285,50000.0,42423.009478398264,0.0
20037,0,504994.8013571813,1231004.8113777565,307155.9575065014,50000.0,42648.55471918366,0.0
20038,0,504398.95019825787,1230575.9652657947,307230.88840965455,50000.0,43174.618438728256,0.0
20039,0,504687.5272271647,1231019.9259560513,307568.03658429906,50000.0,43042.59714193936,0.0
20040,0,504416.31810942874,1231040.4856793536,307943.4670785992,50000.0,43344.628327707425,0.0
20041,0,504942.8007342921,1231537.1236645416,308063.8090691434,50000.0,42833.58818536557,0.0
20042,0,505192.0232468399,1232127.8503820137,308684.5999392681,50000.0,42651.42212747172,0.0
20246,0,513601.2738290316,1263563.150021471,349582.65908361814,50000.0,30618.631162593334,0.0
20247,0,514025.0562101528,1263981.319895924,349738.9565602624,50000.0,30176.320674785366,0.0
20248,0,513889.33568069636,1264107.08076577,350132.6259364222,50000.0,30184.863240992327,0.0
20249,0,514171.7267344877,1264505.94406875,350442.66684143286,50000.0,29830.612261769547,0.0
20482,0,523139.5392443966,1290049.9342984187,383377.1795498791,50000.0,31564.383785583308,0.0
20483,0,530466.6241593717,1302909.4394107373,396847.4087157057,50000.0,39477.75590925789,0.0
20484,0,530779.4228657633,1303091.6386001075,396751.2218630546,50000.0,39240.67575439779,0.0
20485,0,531224.3124854236,1303304.345240997,396528.75483745994,50000.0,38821.911842099085,0.0
20486,0,531214.1887029855,1303522.601421976,396947.3638969383,50000.0,39237.34401795871,0.0
20487,0,531832.9525069869,1304302.2221320157,397535.7757929611,50000.0,39546.11081499217,0.0
20488,0,532036.568009166,1304315.7026311078,397278.5652740198,50000.0,39204.75115032774,0.0
20489,0,532646.0435874085,1304396.0974989652,396584.14303974836,50000.0,38259.58160228674,0.0
20490,0,532036.2312341208,1303846.4818083688,396409.1938454354,50000.0,38346.71255571106,0.0
20491,0,531673.4365162887,1303726.4752308386,396688.95968353143,50000.0,38780.38801740553,0.0
20492,0,531623.5623269367,1303438.0715465003,396223.6868045452,50000.0,38344.65086183142,0.0
20493,0,532007.6423977967,1303568.8108069666,395934.5788797237,50000.0,37891.44402130305,0.0
20494,0,532942.4413271092,1304452.0137754974,396278.2014625547,50000.0,37832.60677284634,0.0
20495,0,550019.7325027324,1323784.3727322777,408873.4914631105,50000.0,29440.500830680703,0.0
20885,0,642240.7563917591,1289290.093013091,254434.70294968766,50000.0,37833.153151224455,0.0
20886,0,641895.2823609189,1288799.8992787753,253984.2280567522,50000.0,37342.05124423728,0.0
20887,0,642241.2096102159,1289059.0151611331,254099.1215711779,50000.0,37596.716412118156,0.0
20888,0,641920.7176330268,1288595.6099166349,253668.68508997836,50000.0,37132.5508782982,0.0
20889,0,642270.5099963582,1288866.201604381,253797.42726333483,50000.0,37400.44917999701,0.0
20890,0,642077.3904054156,1288530.4037370256,253456.0331559303,50000.0,37063.88487253802,0.0
20891,0,642402.932341848,1288760.3320180897,253544.31464521136,50000.0,37292.98001648406,0.0
20892,0,642236.2290265498,1288358.0065585522,253086.66730350308,50000.0,36891.16251666941,0.0
20893,0,641983.014248282,1288016.596900919,252782.46369652226,50000.0,36549.820959912046,0.0
20894,0,642563.4181470557,1288679.0560522524,253305.9824825502,50000.0,37213.07263790997,0.0
20895,0,642307.4766943234,1288193.8533535239,252795.37152390796,50000.0,36729.83147406306,0.0
20896,0,642637.374374305,1288517.362917951,253016.3287676093,50000.0,37055.21789066308,0.0
20897,0,642911.4014432165,1288675.1709945777,253039.51887389092,50000.0,37217.658467342415,0.0
20898,0,642959.333908666,1288491.049764039,252737.20415354482,50000.0,37041.36107596964,0.0
20950,0,496005.81600574846,1232189.595904601,320550.9454550781,50000.0,54186.44287209955,0.0
20951,0,495646.4836575456,1232123.1678085362,320910.6462335982,50000.0,54638.39225584597,0.0
20952,0,495287.0297355903,1232058.0669135733,321273.00963459216,50000.0,55092.244843658555,0.0
20953,0,494928.59624350595,1231991.705283769,321632.38841693156,50000.0,55545.05871682313,0.0
20954,0,495525.7870013368,1231728.3059557476,320432.802874877,50000.0,54597.657280778,0.0
20955,0,495167.0656695435,1231663.4647079154,320794.5357771057,50000.0,55048.32771233915,0.0
20956,0,494808.8949024981,1231597.618982809,321154.3073513736,50000.0,55498.787848825916,0.0
20957,0,494450.32762388914,1231531.279178727,321514.1673088118,50000.0,55950.54692418679,0.0
20958,0,494091.03142154653,1231465.6132163221,321876.42779901595,50000.0,56404.659784426774,0.0
20959,0,493854.057489448,1231796.832770611,322718.5217685339,50000.0,56910.64943448639,0.0
20960,0,493971.76965655753,1231072.0220696214,321398.93223832856,50000.0,56358.551666946136,0.0
20961,0,493612.949616272,1231007.03336212,321761.9321605575,50000.0,56623.57018755034,0.0
20962,0,493255.4258022835,1230942.6039140113,322124.5086233816,50000.0,56459.520904774785,0.0
20991,0,386068.7131382045,1163515.394626568,365391.20175182744,50000.0,44052.88029506788,0.0
20992,0,385998.5685064198,1163371.637089021,365274.85987999255,50000.0,44139.103555565656,0.0
20993,0,386195.98877701524,1163535.7577822846,365236.76185185474,50000.0,43940.9922129913,0.0
20994,0,385983.2827578389,1163263.5317260313,365132.88465615525,50000.0,44172.64494037926,0.0
20995,0,386356.99761686777,1163594.9925585024,365092.32010295335,50000.0,43793.63761312358,0.0
20996,0,385951.2377673039,1163099.8012058348,364930.95697330625,50000.0,44231.931387456396,0.0
20997,0,386184.88400853163,1163329.8672533429,364940.1141477746,50000.0,43990.31092984511,0.0
20998,0,386205.129432854,1163244.9048478706,364781.6612325276,50000.0,43990.69794863058,0.0
20999,0,385989.02356544015,1162986.478537089,364704.04567253735,50000.0,44223.922586004366,0.0
21000,0,386416.66626628826,1163361.9827770232,364651.54624134087,50000.0,43790.75346052276,0.0
21001,0,386182.58511968225,1163110.01962948,364609.80581109907,50000.0,44037.705188094114,0.0
21002,0,386299.4827950753,1163153.7898226364,364506.1422432047,50000.0,43931.960402488716,0.0
21003,0,386155.77568353806,1162943.8742454161,364396.89555849147,50000.0,44095.94676227307,0.0
21004,0,386370.4418696855,1163445.8582730924,364846.16200768034,50000.0,43811.858436490205,0.0
21492,0,640108.1265138541,1280484.3661752082,243317.54014042823,50000.0,29642.24793922791,0.0
21493,0,640263.3741033114,1280513.5814406408,243244.48799089735,50000.0,29712.648367310303,0.0
21494,0,640517.6535655248,1280651.0938298833,243253.80358045522,50000.0,29895.642204382133,0.0
21495,0,640680.0451436536,1280731.8885421336,243249.79817171828,50000.0,30008.08285006798,0.0
21496,0,640491.510361723,1280474.036596581,243018.99987742837,50000.0,29758.78925411569,0.0
21497,0,641355.2754490444,1281203.51622631,243428.827423438,50000.0,30577.01203482643,0.0
21498,0,641497.3645450856,1281214.381586715,243339.96307836816,50000.0,30635.398176604464,0.0
21499,0,641705.5082058257,1281372.0761122564,243413.22465494758,50000.0,30820.871383278325,0.0
21500,0,641570.2359343686,1281113.184950061,243141.38447583443,50000.0,30592.137706613983,0.0
21501,0,641877.6277006732,1281453.2131494663,243403.29890992513,50000.0,30940.52679130414,0.0
21502,0,641756.8545294516,1281195.9123088853,243123.0808222189,50000.0,30719.097802952318,0.0
21503,0,642045.3935784647,1281469.4735924082,243303.72316079208,50000.0,31015.10902333984,0.0
21504,0,641887.9813646926,1281180.4093782248,243004.8205812965,50000.0,30759.28150658253,0.0
21651,0,573087.4505592543,1339356.4160351986,407086.0687449715,50000.0,15973.17360607111,0.0
21652,0,572724.4767373386,1339168.9808857734,407212.58873781847,50000.0,16348.685522322192,0.0
21653,0,573004.6341124603,1339462.8052732574,407392.26883531746,50000.0,16075.943529762924,0.0
21654,0,572142.7144266883,1338785.5672422636,407261.65733904485,50000.0,16944.14576541841,0.0
21655,0,572381.5736618537,1338896.2533169014,407154.4942082878,50000.0,16693.46724724423,0.0
21656,0,572814.900506482,1339536.917267692,407778.6874587144,50000.0,16303.294011427104,0.0
21657,0,572413.0573923589,1339098.084740162,407488.7126474582,50000.0,16686.91439006939,0.0
21658,0,572080.6285400194,1338591.7071105773,406982.45243347465,50000.0,16988.493606182252,0.0
21659,0,572752.2738812603,1339357.574630389,407526.9989915603,50000.0,16343.847918653113,0.0
21660,0,573338.6006431455,1340066.2193751475,408077.7914897469,50000.0,15798.626158258669,0.0
21661,0,572418.4547512721,1338792.0007548514,406912.3297846074,50000.0,16642.224503670746,0.0
21662,0,573064.1953552295,1339720.0230040895,407792.83898627316,50000.0,16049.443668241633,0.0
21663,0,573236.740821105,1339767.366343747,407654.98009077593,50000.0,15860.162782189904,0.0
21677,0,601981.1368338125,1239601.228325174,215053.7175962672,50000.0,13049.06392365806,0.0
21678,0,602160.8356584414,1239780.449808835,215155.74800211657,50000.0,12856.440783486421,0.0
21679,0,602362.7431101919,1239860.8722550476,215096.29065522554,50000.0,12696.559100086632,0.0
21680,0,602210.3769353505,1239638.085946604,214907.63514813475,50000.0,12894.177567040972,0.0
21681,0,602557.1473597373,1239977.2601769306,215095.3228240985,50000.0,12525.401877857938,0.0
21682,0,602386.258980707,1239681.674978379,214817.78521128267,50000.0,12771.06616791944,0.0
21683,0,602757.8536589538,1240134.391691669,215147.73529984176,50000.0,12331.191878256046,0.0
21684,0,602585.8256524025,1239856.2684850036,214896.20724507538,50000.0,12569.317847994544,0.0
21685,0,602928.0535971461,1240239.7858458036,215152.1873913526,50000.0,12180.64277031907,0.0
21686,0,603104.3829031921,1240397.9360528258,215227.43582941318,50000.0,12000.356746831862,0.0
21687,0,602782.7119042112,1239863.6027206366,214736.26674390497,50000.0,12457.214658034623,0.0
21688,0,603004.7403999878,1240022.6032264794,214773.1311623279,50000.0,12252.859603665145,0.0
21689,0,602948.8386648985,1239654.677652353,214291.89161726128,50000.0,12491.52006069234,0.0
22003,0,574713.7244280637,1366674.0047934912,457792.01502820634,50000.0,20234.805173789107,0.0
22004,0,575098.9276822478,1367117.0006592297,458129.1362134556,50000.0,20676.052858960018,0.0
22005,0,575410.7167861186,1367229.104084891,457902.82553097146,50000.0,20733.395000498487,0.0
22006,0,575072.4060374436,1366331.9732263077,456578.9420702402,50000.0,19755.861494828812,0.0
22007,0,575021.1725642649,1366786.506002138,457572.74494257645,50000.0,20292.81587428558,0.0
22008,0,575371.7055824766,1366715.7412304534,456920.653875827,50000.0,20144.438854598113,0.0
22009,0,574600.8486523802,1366370.1706177206,457340.87212222914,50000.0,19891.672023994965,0.0
22010,0,574748.4777680711,1366174.834215691,456731.2127917421,50000.0,19628.28506515737,0.0
22015,0,593058.8845303606,1335352.7215986254,375105.41764748085,50000.0,15765.596873510534,0.0
22016,0,593164.6791028354,1335130.9703976477,374592.90172983473,50000.0,16336.898994982577,0.0
22017,0,593124.4862318964,1334911.6097525384,374256.03911514883,50000.0,16644.528067150663,0.0
22018,0,592879.917956225,1334786.1286275387,374323.11246448377,50000.0,16428.2176873136,0.0
22668,0,493217.6912962547,1232997.2827309382,325488.521624135,50000.0,58013.871653374976,0.0
22669,0,493182.8797813055,1232716.68089443,325080.20220109797,50000.0,57782.94555151459,0.0
22670,0,493496.49782563467,1233007.6557564086,325140.23697476514,50000.0,58091.91276184583,0.0
22671,0,493808.51864133525,1233175.9874303322,325004.2359909197,50000.0,57789.38688071881,0.0
22672,0,499496.52476305794,1278529.7886975238,395596.1386059423,50000.0,28243.760140108996,0.0
22673,0,497373.04104959656,1276352.842655126,394647.7584688521,50000.0,29451.875625870864,0.0
22674,0,499029.7380601243,1278220.5090358746,395699.776090492,50000.0,28191.631558221456,0.0
22675,0,498781.8679179774,1278225.7485626005,396068.6939105753,50000.0,27860.744567527538,0.0
22676,0,498435.27208740544,1277480.595290729,395192.3991135709,50000.0,28762.209734914486,0.0
22677,0,498130.23908530053,1277070.8782081518,394877.0476470347,50000.0,29111.891033970227,0.0
22678,0,498445.58907385956,1277234.7760590794,394723.3005513767,50000.0,29219.15688466354,0.0
22679,0,498399.72620722296,1276973.6256471328,394307.56571939203,50000.0,29631.56276743134,0.0
22680,0,498063.1585164212,1276739.2553211811,394361.8810447537,50000.0,29623.547742314502,0.0
22681,0,497596.7583519905,1276796.6838765503,395143.3496743708,50000.0,28934.803760603514,0.0
22682,0,497158.02273725986,1276351.7574756674,394957.37867437047,50000.0,29189.73884988263,0.0
22683,0,496902.1487064458,1275791.2500972534,394293.5503719099,50000.0,29876.212150203643,0.0
22830,0,593228.0578806784,1335844.811370604,375769.3432538297,50000.0,15223.05703023303,0.0
22831,0,592893.687455457,1335437.6562636276,375448.3152203436,50000.0,15324.063664682035,0.0
22832,0,593312.6142470555,1335717.3639895658,375446.59291659656,50000.0,15593.100401972684,0.0
22867,0,645430.3362844908,1184118.5902519037,113601.28244964084,50000.0,21497.093123495997,0.0
22868,0,645747.8411104404,1183886.1749112536,113230.0030081488,50000.0,21876.459140068186,0.0
22869,0,645546.3091242737,1184035.128706114,113467.06102744733,50000.0,21633.89465667535,0.0
22870,0,645754.5054918033,1184293.4443572778,113706.81194923294,50000.0,21824.816411527252,0.0
22871,0,645886.1077552444,1184056.4653575884,113387.92364919267,50000.0,22001.39725929924,0.0
22872,0,645404.6097729423,1183924.5680209035,113380.77156412015,50000.0,21495.371609963848,0.0
22873,0,645680.4176523056,1183748.0875791584,113088.32624124005,50000.0,21824.89779662503,0.0
22874,0,645775.7375690151,1184028.760940368,113389.05007571662,50000.0,21884.879246944736,0.0
22875,0,645915.5251868281,1184317.0670285407,113685.18512029487,50000.0,21995.957889906615,0.0
22876,0,645265.4223758039,1183730.5428912297,113195.50183891853,50000.0,21371.970251390852,0.0
22877,0,645623.1255545068,1184265.497585635,113714.4704565266,50000.0,21686.54957191705,0.0
22878,0,645676.1219418254,1184044.5159077072,113438.1097413967,50000.0,21773.83283151061,0.0
22947,0,577605.903264006,1352869.2044008728,426573.1977324719,50000.0,6917.448819025717,0.0
22948,0,577066.5580942658,1352381.4282134445,426367.30358874303,50000.0,6722.065590625697,0.0
22949,0,577093.297680205,1352204.3695444737,425992.40440024406,50000.0,7104.488543560892,0.0
22950,0,577188.2340337187,1352069.6091670454,425606.72020968486,50000.0,7545.343467235668,0.0
22951,0,577652.7967114263,1352165.725974608,425165.02169494046,50000.0,8292.878025554961,0.0
22952,0,577825.741791872,1352158.6121132178,424918.965915946,50000.0,8651.204095151837,0.0
22953,0,578129.1716245648,1353412.600058819,426907.76109336416,50000.0,7020.690369984838,0.0
22954,0,577943.881931948,1353098.6323807416,426556.5675109919,50000.0,7191.811421415771,0.0
22955,0,578009.0021289019,1352939.7522407472,426164.875749696,50000.0,7603.464168879273,0.0
22956,0,578350.3674780914,1353172.5418201583,426150.4892511937,50000.0,7881.390297497184,0.0
22957,0,578405.1699684518,1353395.6037267738,426503.3304357335,50000.0,7605.892537261084,0.0
22958,0,578461.795877931,1353622.5824846665,426861.40161340585,50000.0,7334.2378537691975,0.0
23643,0,413647.3307930289,1141879.948893668,297015.97992896225,50000.0,10713.411444840802,0.0
23644,0,413802.267146321,1141567.187336681,296408.2010325055,50000.0,10388.00311091515,0.0
23645,0,414047.95067890227,1141471.7930603432,295960.3161012237,50000.0,10302.416136536516,0.0
23646,0,414483.629437162,1141837.889400668,295854.27693376923,50000.0,10681.570830975803,0.0
23647,0,414764.6567414928,1142560.398290888,296413.01458447776,50000.0,11387.387537621375,0.0
23648,0,414398.4233615073,1142441.309098998,296744.4953976588,50000.0,11262.142706381066,0.0
23649,0,414003.22465344775,1141994.4211895838,296691.90337817697,50000.0,10816.055050826937,0.0
23650,0,413372.0213678041,1141395.4651184925,296757.26170379104,50000.0,10225.139118281568,0.0
23651,0,413559.3839244719,1141162.809609871,296210.2508374907,50000.0,9983.86185285175,0.0
23652,0,414382.7181306334,1142056.4050315549,296269.117958588,50000.0,10882.50553091111,0.0
23653,0,413787.1699480072,1141075.3269871245,295796.488837057,50000.0,9907.600374040527,0.0
23675,0,545355.3329047415,1336962.2475204584,441075.0086693936,50000.0,1604.703461700601,0.0
23676,0,545726.7155068194,1337200.1718949697,441000.8846981353,50000.0,1752.4016425588418,0.0
23677,0,545345.228145022,1336787.3479722822,440740.4150866317,50000.0,1945.105187991849,0.0
23678,0,546080.5266498444,1337451.039662655,440978.89678245375,50000.0,1915.8921464231873,0.0
23679,0,546447.315988908,1337794.8917304052,441123.7579503934,50000.0,1980.4550089776862,0.0
23680,0,553627.7203468812,1343047.6676271968,441056.10139268456,50000.0,4798.519774277697,0.0
23681,0,543348.1756120692,1331484.3557146003,433151.1542017654,50000.0,9527.133400346323,0.0
23682,0,544491.4662030069,1332515.6087119367,433515.7763817069,50000.0,9251.988563857629,0.0
23683,0,544034.1843430123,1332110.2707814348,433383.7185128039,50000.0,9331.780649924516,0.0
23684,0,560895.5207148223,1349189.7895788718,442726.32093181746,50000.0,2668.412963104159,0.0
23685,0,560779.3769096652,1348883.5338650139,442285.1849745937,50000.0,2487.2730902403077,0.0
23686,0,568497.1128138385,1342858.3411708644,419782.33218133374,50000.0,11929.975227797535,0.0
23687,0,567904.4365841057,1342422.0285684639,419755.6051596191,50000.0,12104.110699598692,0.0
23688,0,568186.3176899146,1342576.4637120024,419667.23522091453,50000.0,12108.346149001776,0.0
23689,0,568710.7980684304,1342931.8411449364,419632.7125151012,50000.0,12021.160483417365,0.0
23693,0,599854.5892938836,1370702.8935994366,431144.8519402844,50000.0,20414.233991831217,0.0
23694,0,600137.0004167814,1370998.669678063,431340.3598489109,50000.0,20653.330483568592,0.0
23717,0,590013.5350509239,1361029.7040283931,425620.0805231458,50000.0,14961.321048167028,0.0
23718,0,589735.9801434454,1360613.186764095,425194.3760045141,50000.0,14589.785457231661,0.0
23719,0,592311.6560122754,1363274.784332394,426869.0635264362,50000.0,15804.154892059838,0.0
23720,0,592150.9446297536,1362958.240037282,426478.9573081972,50000.0,15421.056310052061,0.0
23721,0,591337.2408934726,1362012.4031674427,425750.01429264824,50000.0,14792.182122798673,0.0
23722,0,591731.7336817996,1362514.115097972,426185.02668102,50000.0,15178.171574262258,0.0
23723,0,591182.8752389565,1361949.1614893978,425831.98685832066,50000.0,14907.630934757968,0.0
23724,0,591024.3784826488,1362015.1044814803,426164.31527959555,50000.0,15289.021936861092,0.0
23725,0,590585.5330930303,1361588.5203300423,425930.12771655247,50000.0,15141.38434835594,0.0
23726,0,590752.1866859759,1361538.5566563832,425617.31106436526,50000.0,14773.01078085325,0.0
23727,0,590339.985357286,1361189.0782661021,425494.5706410178,50000.0,14742.227672937694,0.0
23728,0,598634.6673494958,1368205.1150990175,427990.45940406265,50000.0,17313.77112746978,0.0
23729,0,598382.3875128346,1367897.7371219345,427735.07220176165,50000.0,17024.762482593665,0.0
23730,0,598270.6317712896,1367731.0450384188,427564.2774812791,50000.0,16845.791692320654,0.0
23731,0,598191.6771146742,1367737.8214441056,427679.0556978547,50000.0,16928.689032018872,0.0
23732,0,598336.5051788882,1367950.9634250265,427894.97473152453,50000.0,17155.63111501856,0.0
23733,0,596355.1501311066,1366113.4669155525,426983.2775397912,50000.0,15939.358512019044,0.0
23734,0,596582.6175996887,1366098.2081709336,426659.9685075779,50000.0,15672.44354564224,0.0
23735,0,596751.8297623453,1366507.5298889,427214.79146363056,50000.0,16216.678032006761,0.0
23736,0,597114.710502228,1366762.2755197007,427226.8526644693,50000.0,16290.80818817644,0.0
23737,0,597564.3455793497,1367091.297659828,427267.4420999304,50000.0,16417.378145630024,0.0
23738,0,598005.5141311173,1367396.5935977667,427274.517467714,50000.0,16523.799749813068,0.0
23739,0,596520.6090545198,1235944.4965740824,214593.06755947656,50000.0,18211.90148068964,0.0
23740,0,596412.0167790528,1235618.741548064,214220.01768874528,50000.0,18392.73464274436,0.0
23741,0,596766.8252594554,1235901.4066016222,214311.1822729777,50000.0,18038.799087663447,0.0
23742,0,596641.2798279353,1235553.601647621,213921.46916016738,50000.0,18246.30367674207,0.0
23743,0,597023.0735218325,1235893.3053490329,214071.19838261098,50000.0,17854.14375611486,0.0
23744,0,596647.294550957,1235326.3052520913,213588.37958473837,50000.0,18323.712662081864,0.0
23745,0,597852.2143627978,1236668.659793345,214452.6212185944,50000.0,16989.60388525367,0.0
23746,0,597345.1201708589,1235990.9705681975,213925.5924093134,50000.0,17590.908776513017,0.0
23747,0,597008.5835023109,1235571.7100947706,213620.41547443674,50000.0,17981.414116222582,0.0
23748,0,597720.993491,1236430.251893408,214225.21980595787,50000.0,17166.88603891843,0.0
23749,0,597921.7667589731,1236503.1542260225,214152.28201045672,50000.0,16999.13165671671,0.0
24570,0,594614.1330420946,1236893.2155785281,217678.88207328419,50000.0,17995.253936863362,0.0
24571,0,594787.7778662575,1237047.2452215475,217744.901416219,50000.0,18074.880838462905,0.0
24572,0,594964.24514269,1237191.6135373015,217794.49318056565,50000.0,18170.873108296335,0.0
24573,0,595122.707322571,1237345.7559588274,217874.62646957667,50000.0,18230.833071003857,0.0
24574,0,595266.9494361402,1237486.1916996986,217947.83759511355,50000.0,18286.442409930187,0.0
24575,0,594738.2254235562,1236833.5512754996,217480.198244476,50000.0,18244.620112909095,0.0
24576,0,594876.9259638124,1236949.4108928319,217522.59817442688,50000.0,18315.95789728899,0.0
24577,0,595024.7210574141,1237075.4977051218,217571.6708026355,50000.0,18389.890022839572,0.0
24578,0,595316.883333795,1237368.465417977,217732.2482588199,50000.0,18490.142691534264,0.0
24579,0,595176.9263666301,1237193.8700848946,217605.67624438377,50000.0,18479.84726295604,0.0
24580,0,636912.3344692722,1277448.0030525136,241339.64260605344,50000.0,26400.55043128138,0.0
24581,0,636738.6002690949,1277115.8559694309,240992.59765181766,50000.0,26094.86718254449,0.0
24582,0,637188.5280680037,1277474.9342744688,241170.7958277858,50000.0,26498.40006174266,0.0
24583,0,637047.8423332534,1277213.267479422,240900.21743867212,50000.0,26258.311049889056,0.0
24584,0,637639.715972512,1277790.6166900715,241286.30647896507,50000.0,26871.136174334424,0.0
24585,0,637540.118392366,1277533.3877938474,240991.2210338428,50000.0,26648.484797307545,0.0
24586,0,637944.4414658286,1277964.70956949,241308.50525328596,50000.0,27095.233449593186,0.0
24587,0,638296.0568030409,1278381.9259361047,241645.29985224595,50000.0,27514.913588460036,0.0
24588,0,637311.2785125901,1277162.0778835928,240629.08308937366,50000.0,26301.7693407582,0.0
24589,0,638243.6135589671,1278133.9233127108,241328.18331120093,50000.0,27315.7405641824,0.0
24851,0,650855.8192327074,1317081.870024715,288721.97617621924,50000.0,68943.26496593418,0.0
24852,0,651037.2157701843,1317154.4744592793,288687.33494059584,50000.0,68952.51807713893,0.0
24853,0,651267.8641366072,1317381.894434735,288845.4454258119,50000.0,69145.06809477924,0.0
25128,0,570346.580454408,1369124.0745822196,469287.53336979315,50000.0,28117.37959083935,0.0
25129,0,570409.7681025711,1369071.431485181,469082.9110491318,50000.0,27930.72466030688,0.0
25130,0,570511.3206445886,1369066.9099459013,468920.450101488,50000.0,27790.01137788474,0.0
25131,0,570558.9406781616,1368995.5960602465,468700.7484085356,50000.0,27588.946186549045,0.0
25132,0,570521.7857059339,1368844.549158438,468443.4326694946,50000.0,27341.12852709676,0.0
25133,0,570500.3453447084,1368710.6108646952,468198.04961655167,50000.0,27107.093336830367,0.0
25134,0,570582.6145714367,1368683.2215570046,468017.5775915212,50000.0,26949.996459480237,0.0
25135,0,570726.596841148,1368762.7958048522,467965.98941310396,50000.0,26924.2325482273,0.0
25136,0,570778.831702526,1368715.0758426946,467788.69488051796,50000.0,26767.35798301349,0.0
25137,0,570961.0131923718,1368844.7557872778,467783.5827764508,50000.0,26793.322472465796,0.0
25138,0,558605.2982883239,1364641.8327952684,477967.41234597814,50000.0,35363.30786620639,0.0
25139,0,558173.7565776772,1364137.0457757246,477572.04150793666,50000.0,34950.312518400984,0.0
25140,0,559053.2052828223,1365115.0694191284,478270.09925137064,50000.0,35689.56580398328,0.0
25141,0,558780.7251809586,1364636.086771367,477678.68556278606,50000.0,35094.11558627526,0.0
25142,0,558396.5418427091,1364180.956116245,477314.5103116906,50000.0,34712.317911204846,0.0
25143,0,557983.1560849904,1363720.121873754,476984.5157778181,50000.0,34363.970729468754,0.0
25144,0,557535.0421053715,1363248.339420872,476686.2532733669,50000.0,34047.578369393945,0.0
25145,0,557832.5071014194,1363393.3166358394,476526.3703386266,50000.0,33906.63579739488,0.0
25146,0,557496.0198614385,1362952.0689415298,476117.6171699172,50000.0,33487.18014893135,0.0
25147,0,557255.007251289,1362803.4729132182,476180.9421083657,50000.0,33537.52525997038,0.0
25148,0,633565.1455298658,1172902.0323211406,104404.86051081309,50000.0,11560.885812257222,0.0
25149,0,633387.047396564,1172903.072717027,104478.23055597335,50000.0,11326.801144070716,0.0
25150,0,633203.0062360881,1172694.2986643694,104299.15033522718,50000.0,11241.692626452377,0.0
25151,0,633542.1898013343,1173087.3179891,104639.34413439801,50000.0,11395.313766874615,0.0
25152,0,633669.9395574403,1173230.2593267588,104761.42450442532,50000.0,11459.984187581107,0.0
25153,0,632888.5413196076,1172797.455765657,104553.65116747346,50000.0,10751.906906467018,0.0
25154,0,633088.4915253985,1172586.5067528423,104214.70797346826,50000.0,11173.554243066668,0.0
25155,0,633874.4891350926,1173401.2576229114,104886.74102432525,50000.0,11606.82529687277,0.0
25156,0,633171.7136882131,1173099.508752531,104805.17818791103,50000.0,10902.317693369912,0.0
25157,0,633784.0485981822,1173197.6719647036,104675.8211610595,50000.0,11632.201650677067,0.0
25175,0,610765.0873839917,1319744.2602034376,329317.20748549246,50000.0,23129.149123100196,0.0
25176,0,610911.278738251,1319459.32246798,328703.3553323763,50000.0,22911.921216907158,0.0
25177,0,611180.4898252947,1319737.1662712342,328881.10017208953,50000.0,23196.685472498986,0.0
25178,0,611179.0657140472,1319979.191657112,329276.9598691498,50000.0,23399.683323641762,0.0
25179,0,611687.6543505945,1320493.818363291,329596.4899869807,50000.0,23927.902620505876,0.0
25180,0,611873.7332038988,1320804.779675561,329913.5420178631,50000.0,24225.304000081556,0.0
25181,0,611475.0810450964,1320458.2719776705,329755.59691433894,50000.0,23860.692178286834,0.0
25182,0,611620.3731955288,1320744.446805005,330073.8755446536,50000.0,24132.072704989274,0.0
25183,0,611087.1616278489,1320122.6390896065,329604.7748320328,50000.0,23508.346494082944,0.0
25184,0,611265.1087567479,1320429.0826629526,329922.61098512716,50000.0,23803.39138435904,0.0
25216,0,547792.0150005429,1332787.696386855,429270.6077172653,50000.0,14197.13155556859,0.0
25217,0,547623.2397075591,1332519.3181512505,428988.87185142946,50000.0,14488.351360740224,0.0
25218,0,548028.4139197762,1332915.68230869,429180.9751083333,50000.0,14132.853892164649,0.0
25219,0,547856.9306486506,1332632.7598307487,428874.7211615135,50000.0,14444.411913789068,0.0
25220,0,547985.9643269221,1332617.9568577358,428660.60120965587,50000.0,14533.637996345664,0.0
25221,0,548290.6721827666,1332901.6017696646,428777.0097500196,50000.0,14293.621275893976,0.0
25222,0,548245.2347260234,1333011.4671772067,429056.70398129907,50000.0,14109.622469038375,0.0
25543,0,571225.5496150656,1201593.1114618627,189269.8505216004,50000.0,26229.192596016903,0.0
25544,0,571514.9758532852,1201928.7500294726,189457.74449969787,50000.0,26362.10859594972,0.0
25545,0,571488.1993562302,1201592.2468889493,189011.94721742382,50000.0,26593.055430591845,0.0
25546,0,571828.9361377689,1201883.4126714522,189087.70068279046,50000.0,26831.40197644479,0.0
25547,0,571694.4266979563,1201547.6995562413,188748.17496483514,50000.0,26914.18132688887,0.0
25548,0,571966.8067502894,1201772.8790881042,188798.27875332892,50000.0,27109.885112758064,0.0
25549,0,572099.2543565357,1202220.1998969635,189296.63432379422,50000.0,26939.414235729404,0.0
25550,0,571881.5594634701,1202247.7409002758,189547.49536759767,50000.0,26617.964993705016,0.0
25551,0,571306.7236920219,1378556.9163696412,487749.852646006,50000.0,46448.607968338154,0.0
25552,0,571683.1610827302,1378888.1802055342,487869.48098305915,50000.0,46551.66876870972,0.0
25553,0,571995.0192349186,1379185.4151483579,488017.8330673883,50000.0,46688.9072498724,0.0
25554,0,571384.4481764679,1378551.6216808916,487615.905179236,50000.0,46308.260906664815,0.0
25555,0,571665.5946185263,1378767.68338957,487637.81521345413,50000.0,46317.19865514625,0.0
25556,0,571995.4475470613,1379059.348305347,487745.82247214264,50000.0,46413.21142717301,0.0
25557,0,571402.018449956,1378454.4244180913,487379.0759224182,50000.0,46066.553553963786,0.0
25558,0,571795.9161717952,1378764.5637913744,487425.86209337687,50000.0,46096.67275029485,0.0
25559,0,571659.5501908553,1378561.5517798502,487203.9650475233,50000.0,45877.18814473737,0.0
25560,0,561020.7786006765,1365647.3146502967,476312.95300168305,50000.0,34050.16300258876,0.0
25561,0,560831.4310242945,1365400.5642308858,476085.6869491077,50000.0,33807.615616819014,0.0
25562,0,560950.2298243018,1365457.0525870824,476019.80533148017,50000.0,33764.891247763946,0.0
25563,0,560846.5547941538,1365322.2755636924,475896.1089991848,50000.0,33632.65354557247,0.0
25564,0,561085.8828074423,1365644.8952499963,476206.072898772,50000.0,33960.78496938637,0.0
25565,0,561250.4007066252,1365895.238690439,476479.8525200547,50000.0,34243.082780721044,0.0
25566,0,561046.5136401816,1365752.1984184866,476495.19062560046,50000.0,34224.71873025013,0.0
25567,0,560877.0335252752,1365594.799365055,476426.3230564154,50000.0,34133.89841441224,0.0
25568,0,560986.6240678062,1365765.0503325216,476616.13585095794,50000.0,34328.7115559126,0.0
25569,0,658308.0537318151,1244756.2917571322,183289.882034249,50000.0,71405.39133688716,0.0
25570,0,658864.5379556292,1245119.7685364296,183489.46390313035,50000.0,71806.04937251678,0.0
25571,0,658557.4554644105,1244920.4501712318,183380.78732926428,50000.0,71583.30589134924,0.0
25572,0,658426.9211367962,1244986.029012537,183528.295088794,50000.0,71325.09715091628,0.0
25573,0,659346.7411806945,1245518.547156721,183771.20901734315,50000.0,72064.38604163454,0.0
25574,0,659586.3713466033,1245737.5187006937,183938.24478880715,50000.0,72171.23427095865,0.0
25575,0,658700.5502979762,1245171.9063760745,183635.5085916556,50000.0,71514.65520172319,0.0
25576,0,659723.9498283665,1245966.216014291,184166.55850334768,50000.0,72122.02298659965,0.0
25577,0,659088.9180226303,1245307.3315319654,183623.04343734513,50000.0,71923.78537584546,0.0
25578,0,569699.6084791796,1286549.184077245,319254.99488018494,50000.0,17494.917817086225,0.0
25579,0,569485.2557948937,1286613.6829796084,319603.3422168307,50000.0,17572.80944638723,0.0
25580,0,569316.7456025108,1286421.9791125597,319479.8682671024,50000.0,17382.389498998855,0.0
25581,0,569873.1128197678,1286895.1456863012,319625.83855577547,50000.0,17844.65925304034,0.0
25582,0,569355.7585731887,1286318.2288623997,319265.61183096684,50000.0,17270.80709772007,0.0
25583,0,569189.8431308647,1286136.6369113794,319155.86965309165,50000.0,17090.508820430143,0.0
25584,0,570018.9563365114,1286970.2950177246,319584.0836110623,50000.0,17916.49625283638,0.0
25585,0,569850.5306807959,1286752.1415643694,319416.93735299,50000.0,17698.189561752402,0.0
25586,0,570035.0716553215,1286838.9064904377,319350.48059841135,50000.0,17782.384640966902,0.0
25587,0,598635.8162256104,1351619.183040134,397373.1612280441,50000.0,859.3851671698174,0.0
25588,0,598427.6464009078,1351567.2480502557,397531.4740514852,50000.0,681.8419896374576,0.0
25589,0,598589.1165054302,1351910.460028626,397955.2366491235,50000.0,1007.6492119183815,0.0
25590,0,598192.8302287014,1351562.6778117712,397807.75594504207,50000.0,711.1650048987838,0.0
25591,0,597127.0163011058,1350576.4617636579,397320.7588472716,50000.0,777.6701716222817,0.0
25592,0,587554.4476355744,1347632.3038736936,403800.59943633893,50000.0,7444.851462426753,0.0
25593,0,587785.4300112779,1348073.3873175764,404319.06885616627,50000.0,6940.246319476574,0.0
25594,0,588168.0878336334,1348376.6509526134,404393.88341535,50000.0,6929.598755335029,0.0
25595,0,588656.5335583211,1348925.0286431762,404785.78125893255,50000.0,6636.03372771053,0.0
25596,0,575432.0206032855,1344573.643891301,413750.8811915402,50000.0,15347.041561774646,0.0
25597,0,576021.2779544716,1345100.1551664378,413961.87631247326,50000.0,14847.01391550569,0.0
25598,0,575325.5113623731,1344287.3093172454,413354.16046242387,50000.0,15267.55552308251,0.0
25599,0,574417.2680576621,1343529.1824606669,413130.5523325419,50000.0,16105.736064578841,0.0
25600,0,575774.1843186512,1344660.6783194065,413463.03964527795,50000.0,14855.502999513721,0.0
25601,0,576164.8151498445,1345047.0821089258,413673.17161380674,50000.0,14554.889463339394,0.0
25602,0,574756.7280022464,1343929.6121031328,413433.591396814,50000.0,15892.083641794734,0.0
25603,0,575042.6573604002,1343919.2482933819,413036.8997361654,50000.0,15416.208342442933,0.0
25604,0,575068.316162608,1344305.6517759387,413727.9170608417,50000.0,15710.227764878988,0.0
25605,0,598332.0538551331,1237056.5480226006,214586.8805146035,50000.0,16510.27894716233,0.0
25606,0,598126.6065737689,1236720.9491054262,214284.8221723652,50000.0,16775.735543593182,0.0
25607,0,598340.0198661952,1236911.5164634956,214370.68536158066,50000.0,16556.360220705632,0.0
25608,0,598106.1705041649,1236480.2302238098,213955.88329787756,50000.0,16881.139680632154,0.0
25609,0,598289.969990288,1236701.4200167048,214112.06396126348,50000.0,16670.04488682744,0.0
25610,0,598419.9167764779,1236629.2590970343,213893.14710171055,50000.0,16611.46844686013,0.0
25611,0,598734.1584349562,1237001.0839393048,214151.4755296018,50000.0,16251.797715492097,0.0
25612,0,598509.38629405,1236846.521463696,214127.21789993072,50000.0,16464.40822779168,0.0
25613,0,609067.5412807689,1266007.9327505974,247455.11195935137,50000.0,28362.887098317453,0.0
25614,0,609215.2029128206,1266082.6339869061,247435.16193318355,50000.0,28283.185972931016,0.0
25615,0,609071.4164231004,1265833.5349407534,247192.79560962805,50000.0,28095.12498734415,0.0
25616,0,609323.2504804209,1266080.094549145,247335.71424933735,50000.0,28138.973692055344,0.0
25617,0,609192.747671444,1265821.4544698864,247067.40653988236,50000.0,27918.743613500374,0.0
25618,0,609478.01438875,1266147.567815151,247298.90608763287,50000.0,28040.222362287695,0.0
25619,0,609610.172478339,1266238.7050772826,247317.28770678135,50000.0,28007.087654836894,0.0
25620,0,609367.9210980819,1265855.6675814963,246963.1605405613,50000.0,27742.527039179677,0.0
25621,0,609525.5787506064,1265964.8105872662,246985.68527241825,50000.0,27702.822044998615,0.0
25622,0,511922.1455876905,1260569.3450137419,346693.218178999,50000.0,33145.12335273459,0.0
25623,0,513103.96987588133,1261102.8758459552,346047.42295545887,50000.0,32335.082979894374,0.0
25624,0,513106.5466758439,1261790.7418469451,347212.7125089916,50000.0,31879.281345339212,0.0
25625,0,511320.1903768064,1259986.3247365411,346494.86225443025,50000.0,33764.75042641434,0.0
25626,0,511581.9210871374,1260446.7518597767,346932.43806529325,50000.0,33366.43200914208,0.0
25627,0,512744.42712087976,1260895.903814934,346167.71570921014,50000.0,32607.357985404604,0.0
25628,0,512839.1190592274,1261383.8366767927,346872.15697603114,50000.0,32248.828583745875,0.0
25629,0,511316.92226922634,1260442.1812053835,347273.4977741821,50000.0,33487.39083386166,0.0
25630,0,512645.29632854403,1261024.807710161,346516.6957839684,50000.0,32559.415802203468,0.0
25640,0,422880.4589819618,1170005.7750581845,323066.5691651891,50000.0,7495.726704547579,0.0
25641,0,423095.5037155243,1170008.0727967261,322775.6977585621,50000.0,7610.035932607509,0.0
25642,0,422619.90948550275,1169686.2750327662,322961.0807752266,50000.0,7183.888874138069,0.0
25643,0,422796.44614089874,1169617.4400826893,322620.14482464653,50000.0,7244.200559705568,0.0
25644,0,422480.4761588648,1169403.2701713853,322743.00587797695,50000.0,6957.603832414445,0.0
25645,0,422605.7814179033,1169296.65794293,322417.7692453916,50000.0,6979.193763941853,0.0
25646,0,422260.7476436356,1169070.725488859,322563.63841544365,50000.0,6666.177709156048,0.0
25647,0,422411.88969506504,1168973.8235941383,322217.2821963772,50000.0,6716.802652611814,0.0
25648,0,422112.00086804637,1168776.358682857,322342.684121053,50000.0,6440.283093248842,0.0
26918,0,644947.8647749374,1183160.2822558882,112622.65903917918,50000.0,21116.890889114176,0.0
26919,0,644939.8708388496,1183376.6486680738,112880.06662512507,50000.0,21070.59215114679,0.0
26920,0,644950.0671535943,1183607.523308001,113149.05536903252,50000.0,21045.90914068913,0.0
26921,0,645110.8783711648,1183891.0562312852,113432.92251318776,50000.0,21181.269004256283,0.0
27022,0,565149.9597356414,1335206.4274454971,409835.42632286204,50000.0,21822.02816928634,0.0
27023,0,564647.8576898958,1334518.9528166407,409218.2299019179,50000.0,22485.095921780696,0.0
27024,0,565333.2706263715,1335139.109020606,409464.3526573476,50000.0,22148.570405223847,0.0
27025,0,565422.7772544378,1335384.8084129833,409805.220226543,50000.0,21811.123886569185,0.0
27026,0,564761.9918936823,1334481.2292548337,408995.09041677834,50000.0,22677.705072965415,0.0
27027,0,565777.5557059244,1335674.0612079725,409873.5324102476,50000.0,21699.81004209943,0.0
27028,0,565041.2295296764,1334810.024620898,409237.9039138675,50000.0,22405.372171422885,0.0
27029,0,564600.7970940783,1334648.4827935882,409523.85657731927,50000.0,22205.50617663067,0.0
27046,0,458493.7343298475,1191015.6265944687,305922.546751994,50000.0,16179.747436246947,0.0
27047,0,458796.0096494793,1191095.998706438,305642.23843382596,50000.0,16375.58347551911,0.0
27048,0,459142.0116074365,1191200.5324429388,305340.23581344576,50000.0,16613.841323760156,0.0
27049,0,459405.7862878435,1191222.6168389143,305024.55478227383,50000.0,16771.079049358617,0.0
27050,0,459692.6872303765,1191232.7834551986,304660.8090865504,50000.0,16943.233180080973,0.0
27051,0,459793.5146295101,1191048.9579183015,304254.80249127833,50000.0,16922.136697668142,0.0
27052,0,459584.3910000792,1190648.0449020285,303936.0219004803,50000.0,16618.269017502324,0.0
27053,0,459176.35910098645,1190150.2764271016,303736.83246200444,50000.0,16147.840597957087,0.0
27070,0,599236.3944684538,1369979.9391877807,430574.05267108884,50000.0,19766.305863933554,0.0
27071,0,599497.1303413914,1370235.6948438368,430721.3831596299,50000.0,19954.565468558256,0.0
27072,0,599680.4541951481,1370473.8721239173,430935.81188014423,50000.0,20187.742869912738,0.0
27073,0,598981.5042323249,1369723.200373304,430417.3877898308,50000.0,19572.394069138718,0.0
27635,0,584450.6806547632,1347773.1781603748,407997.6976380436,50000.0,4950.479409702865,0.0
27636,0,584798.109257937,1347903.109312836,407794.0248337026,50000.0,4770.603534317431,0.0
27637,0,584503.4270398301,1347548.8540869304,407515.51892102446,50000.0,5123.137679086698,0.0
27638,0,584385.3352279743,1347242.5993949333,407100.4177774787,50000.0,5421.142366234535,0.0
27639,0,587151.0743596657,1349935.2626848458,408551.25644048885,50000.0,2866.8142910200468,0.0
27640,0,586820.9282808913,1349657.8181055333,408458.6016106569,50000.0,3086.4014792093076,0.0
27641,0,587567.3605600875,1350381.7394994933,408847.00494377356,50000.0,2469.799658881974,0.0
27656,0,577428.6961663369,1351668.169530303,424516.52989469975,50000.0,8776.168796201977,0.0
27657,0,577580.4172313401,1351598.668471841,424180.22779761365,50000.0,9207.136898651033,0.0
27658,0,577308.7110740239,1351261.303577164,423901.770378819,50000.0,9310.017231556263,0.0
27659,0,577283.9390574913,1351101.7686263972,423630.9902888896,50000.0,9565.51915314054,0.0
27660,0,577023.57747036,1350853.8968391973,423508.06326523545,50000.0,9532.478480513513,0.0
27661,0,577217.9122089247,1350918.972319528,423371.34117571585,50000.0,9786.084861386902,0.0
27662,0,577534.4342833793,1351239.1641757137,423556.807821264,50000.0,9795.571259182638,0.0
27713,0,554940.0399245004,1360340.1699717012,474592.02409536095,50000.0,31917.781568460912,0.0
27714,0,554818.4082992892,1360305.6517364592,474710.2901039295,50000.0,32038.251673245722,0.0
27715,0,554653.0979631022,1360134.3016965885,474606.87584437744,50000.0,31937.298635778967,0.0
27716,0,554438.6974400688,1359997.4270561063,474654.06667640025,50000.0,31990.10318947822,0.0
27717,0,554269.9348538336,1359884.7710944726,474680.84030446183,50000.0,32022.382942424916,0.0
27718,0,554366.8690694382,1360048.5760950372,474875.9691900131,50000.0,32216.30077751117,0.0
27719,0,554608.7612121219,1360228.7871664576,474877.4150918586,50000.0,32210.798380064363,0.0
27811,0,523856.41547379637,1160559.6890608885,183981.93079010732,50000.0,24214.100876029013,0.0
27812,0,524135.1140272076,1160729.755786649,183884.56698882178,50000.0,24386.799882178882,0.0
27813,0,524087.51004154776,1160502.4006463175,183644.37264878568,50000.0,24162.19775665923,0.0
27814,0,524616.125649096,1161166.2247280425,183902.66697985324,50000.0,24828.563962583514,0.0
27815,0,524392.7011245236,1160936.5645306355,183859.18600247454,50000.0,24596.691259822248,0.0
27816,0,524327.8961952064,1160588.377710226,183481.8623720335,50000.0,24254.817905297954,0.0
27817,0,524549.0525683934,1160855.6145552509,183576.2717020892,50000.0,24523.787644641867,0.0
27832,0,604009.9415031557,1353397.389256575,394128.8641514892,50000.0,8210.127660287793,0.0
27833,0,604493.4522832598,1353802.5871618255,394280.29631119006,50000.0,8590.971954675624,0.0
27834,0,603681.2824134862,1353113.6507240012,394011.32135772286,50000.0,7968.192624876906,0.0
27835,0,604828.9555088693,1353983.1601761396,394205.83268968447,50000.0,8977.332974899724,0.0
27836,0,604720.6778165542,1353742.2720859668,393903.50284532894,50000.0,9070.24162088043,0.0
27837,0,603939.374227389,1353518.7437565827,394429.61882241705,50000.0,7936.472115649038,0.0
27838,0,605010.4172774578,1353926.6894340862,393890.30875502946,50000.0,9368.33263395744,0.0
27867,0,538772.8821020146,1173925.5480307187,184925.51464380778,50000.0,24623.769737353843,0.0
28050,1,393898.50942715147,1118976.6289391532,294849.684191682,50000.0,13521.86393411474,9.0
28051,1,394618.88360704045,1117979.3808834723,292739.49509019393,50000.0,13765.290210674108,4.0
28052,1,393038.9608450319,1119398.9101243112,296474.6673083686,50000.0,13914.206122092584,4.0
28074,0,584086.0344101436,1347081.9896486646,407185.88591012347,50000.0,5591.150951576041,0.0
28075,0,584004.6915254196,1347359.9252692088,407803.7036260441,50000.0,5387.552382843555,0.0
28076,0,583794.890363411,1346995.096235578,407397.42126571457,50000.0,5717.472552180383,0.0
28077,0,583815.1587097156,1346845.0682240406,407094.21598712954,50000.0,5836.511858681852,0.0
28161,0,512482.23563418264,1262115.0529314603,348585.9986443336,50000.0,31971.8491666436,0.0
28162,0,512048.06244640215,1261677.249712705,348412.02174598566,50000.0,32430.116628711305,0.0
28163,0,513259.4549081106,1263070.3174272168,349191.4690188961,50000.0,31058.000764818786,0.0
28752,0,423576.51992788067,1162835.8498181428,311917.1876883642,50000.0,11431.100901396421,0.0
28753,0,422978.1726726191,1161943.6641204979,311477.2936332873,50000.0,11553.97943876325,0.0
28754,0,422716.0324613425,1161523.5315126388,311244.85622658127,50000.0,11663.51417677282,0.0
28755,0,422565.9640578802,1161558.7610382454,311496.31282979995,50000.0,11401.901317374271,0.0
28756,0,422392.73259037995,1161093.028251889,311081.18583688635,50000.0,11710.6674470406,0.0
28757,0,423298.34748154425,1162611.803621683,311978.98657997855,50000.0,11266.81936316541,0.0
29021,0,554466.1249102759,1343811.8506681428,441354.84098766727,50000.0,4004.2573119994777,0.0
29022,0,554102.0680855833,1343236.7746852378,440740.90210775967,50000.0,4243.495281800201,0.0
29023,0,553783.8227162356,1342885.0313602022,440504.9281795459,50000.0,4540.2549063551405,0.0
29024,0,554320.9541116359,1343543.9506222585,441033.15764171514,50000.0,4071.268626491154,0.0
29025,0,553709.3666662505,1342971.5494241936,440785.5327659377,50000.0,4657.239737188052,0.0
29044,0,605073.2761591222,1353545.5985708262,393135.7587396053,50000.0,9954.731789893625,0.0
29045,0,604770.4445567295,1353399.0671495367,393231.81678008236,50000.0,9590.103689514946,0.0
29046,0,604198.1814572513,1352819.1976695377,392873.16048802156,50000.0,9306.126277285455,0.0
29047,0,603841.5918310581,1352775.3101868317,393216.6795090455,50000.0,8706.131242579459,0.0
29048,0,604152.267259,1352952.615204584,393165.60383333097,50000.0,9041.296475071347,0.0
29049,0,604561.2499118581,1353030.7900509788,392821.73994657304,50000.0,9690.746307542826,0.0
29095,0,646067.2458510018,1195020.1897070708,126402.80581656007,50000.0,24954.39437772352,0.0
29096,0,646036.4635918092,1195269.8755966385,126716.34267692751,50000.0,25097.718540711976,0.0
29097,0,645660.5170282023,1194824.3813890237,126316.5763806129,50000.0,24643.323746107264,0.0
29098,0,645833.4964423877,1195122.299267202,126613.0262303418,50000.0,24911.861547389628,0.0
29099,0,645918.8051183647,1194670.2761296972,126034.30778901953,50000.0,24667.87231977,0.0
29100,0,645963.6679389218,1194520.9126489405,125837.20508348448,50000.0,24599.093154915805,0.0
29119,0,654994.4390840769,1253123.789901847,195918.34302018193,50000.0,57827.083696763904,0.0
29120,0,654558.8396780019,1252785.137663495,195708.1837181452,50000.0,57535.04501967722,0.0
29121,0,654207.6694279875,1252288.773896533,195243.63521084172,50000.0,57527.292028644726,0.0
29122,0,654534.8271232586,1252439.714980318,195264.39216253217,50000.0,57848.95254628268,0.0
29123,0,654741.0366605698,1253097.715806873,196022.1463768773,50000.0,57485.462156964706,0.0
29124,0,654779.0286686728,1252798.9395621254,195606.19095020738,50000.0,57840.65845108354,0.0
29143,0,628277.6654057027,1234398.5492278459,187149.92176703754,50000.0,41948.92070803531,0.0
29144,0,627890.2390585742,1234328.6638549063,187321.22600706737,50000.0,41532.84639362898,0.0
29145,0,627873.0803700197,1234547.1840271847,187632.61303863247,50000.0,41217.726294625165,0.0
29146,0,627836.7444448402,1234773.9364647118,187968.68370653508,50000.0,40866.42741011636,0.0
29147,0,627891.5027276493,1235035.710701366,188289.8491834031,50000.0,40588.48097735536,0.0
29148,0,628117.2812607929,1235448.7702183558,188700.26009476816,50000.0,40335.50715113445,0.0
29294,0,598825.0679660897,1368419.202214307,428149.44941147126,50000.0,17502.61752181925,0.0
29315,0,529965.2484436576,1152618.305794404,166891.03186231616,50000.0,22276.878672366453,0.0
29316,0,530885.2929455193,1154369.2178031104,168079.5859872054,50000.0,23398.272481283348,0.0
29317,0,531508.7220069172,1155202.9244368162,168442.95498876832,50000.0,24110.49133638558,0.0
29318,0,531475.2882863706,1154803.2946962183,167970.4994823816,50000.0,23990.151283659816,0.0
29319,0,531326.222368547,1154837.2018760233,168180.9651875452,50000.0,23872.802021974207,0.0
29320,0,529766.2226412952,1152591.1523899056,167080.91505272777,50000.0,22094.57956863873,0.0
29327,0,574257.6996576032,1332730.5767770142,393396.8539843434,50000.0,16827.78242205399,0.0
29328,0,574443.6093594605,1332673.002745908,393056.1753336758,50000.0,16438.360995799434,0.0
29329,0,574527.1432541508,1332914.1435216607,393388.4731943922,50000.0,16560.54592717228,0.0
29330,0,574059.2028097652,1332286.0298476017,392840.8645059305,50000.0,16687.204130201037,0.0
29331,0,574161.512486972,1332506.2156755899,393111.12082241225,50000.0,16747.60227383052,0.0
29332,0,574137.4690748743,1332204.9098203348,392594.18219802115,50000.0,16466.184580137113,0.0
29384,0,605733.4127493493,1244349.8150829212,218661.3269095942,50000.0,8719.723582663073,0.0
29385,0,605886.0186692625,1244422.4750636998,218635.3740256815,50000.0,8576.12256802494,0.0
29386,0,605669.833466203,1244139.2479735122,218411.96958843173,50000.0,8816.64221192049,0.0
29387,0,606019.081382367,1244514.0503011255,218653.54870567375,50000.0,8445.591521531587,0.0
29388,0,605830.4104524064,1244232.8891886848,218409.44736716562,50000.0,8663.692641493031,0.0
29389,0,606117.3863747286,1244481.7935811388,218522.8579720701,50000.0,8371.4266277424,0.0
29467,0,580526.6273403117,1355258.8848065871,427215.2814588579,50000.0,8873.613569484925,0.0
29468,0,580570.5058144457,1355419.7009465336,427464.0191708344,50000.0,8726.61724777401,0.0
29469,0,580393.6117082856,1355216.8363975696,427313.4613535152,50000.0,8674.462496962009,0.0
29470,0,580225.018361932,1355120.8548197309,427356.3112057889,50000.0,8484.612455644781,0.0
29471,0,580488.5502811641,1355104.3016058446,426970.768878126,50000.0,9027.182984734969,0.0
29472,0,580147.6887440336,1354917.8206986652,427071.7670903688,50000.0,8634.91613691052,0.0
29474,0,604286.9127391466,1234214.878803412,205358.16943896067,50000.0,17645.448885715963,0.0
29475,0,604263.8910016614,1233999.8122399934,205071.1862616453,50000.0,17896.923601338884,0.0
29476,0,604532.7659826359,1234199.2756430618,205128.19884389246,50000.0,17743.249826228937,0.0
29477,0,604489.6610119129,1234366.2934728183,205402.56945505805,50000.0,17526.75504337544,0.0
29478,0,604017.1816718753,1233915.9626232493,205160.44689558656,50000.0,17921.842865345905,0.0
29479,0,604044.4981914186,1233697.1535046175,204825.5730115892,50000.0,18192.261825301368,0.0
29537,0,478849.3784975865,1224402.5594579917,330633.59745029546,50000.0,48102.33024169815,0.0
29538,0,479050.8973219404,1224484.359558845,330495.76497190475,50000.0,48330.63296362172,0.0
29539,0,478717.4727425596,1224063.7294462963,330263.7733675499,50000.0,48290.34992577967,0.0
29540,0,478791.394066573,1224585.0096738194,331005.7320045947,50000.0,47794.08748696502,0.0
29541,0,478508.42944503546,1224310.3094184462,330941.4709553515,50000.0,47661.70857215613,0.0
29542,0,478198.5512825978,1224092.124294838,331004.7221529851,50000.0,47420.348674735076,0.0
31197,0,438981.3986117637,1201986.5660279272,349484.54549012706,50000.0,13452.196683311191,0.0
31198,0,438681.3353082701,1201454.4064922899,349055.8146753066,50000.0,13624.590363720934,0.0
31199,0,438858.19635940104,1201521.1526790857,348912.899959024,50000.0,13827.34230498064,0.0
31200,0,438895.9296232666,1201744.5971180152,349217.4657092227,50000.0,13610.578358175571,0.0
31201,0,438629.0475964235,1201260.3016708079,348818.9887788169,50000.0,13785.109765866648,0.0
31310,0,599130.1861970876,1237058.958091769,213885.68844710558,50000.0,15969.215198321013,0.0
31311,0,599318.2871921932,1237186.272847668,213903.5344488919,50000.0,15794.278930532118,0.0
31312,0,599573.3196441205,1237331.9642376546,213889.17134577615,50000.0,15569.875224962232,0.0
31313,0,599794.2959343034,1237544.3210425903,214000.99813246258,50000.0,15336.609913559923,0.0
31314,0,600027.6209713663,1237744.5130580754,214084.66421004268,50000.0,15101.324084330632,0.0
31325,0,619906.2480544016,1331115.2005020492,338608.91429570224,50000.0,34458.861066273355,0.0
31326,0,620201.562110488,1331471.1043289064,338893.68538992584,50000.0,34814.66712999596,0.0
31327,0,620018.0783288433,1331296.7908178254,338793.4585357423,50000.0,34636.85019326089,0.0
31328,0,620238.035690872,1331405.1155259027,338748.6843731317,50000.0,34757.52171412508,0.0
31329,0,620069.7489379058,1331244.2742506762,338655.1587803663,50000.0,34593.287338949,0.0
31345,0,669139.1407770156,1233492.9641739172,164804.21807795358,50000.0,61989.767878040715,0.0
31346,0,669152.3179774181,1233287.098429818,164552.0638987912,50000.0,61799.71375463759,0.0
31347,0,669464.7639150838,1233505.5398599643,164712.39858243294,50000.0,62033.75453687465,0.0
31348,0,669358.6280410022,1233581.4757843353,164838.50675789468,50000.0,62093.29106578765,0.0
31349,0,669407.0207989361,1233885.863547817,165188.9510580485,50000.0,62380.99338899273,0.0
31350,0,649764.6922239169,1244346.805802597,187190.6394179421,50000.0,59630.94003330604,0.0
31351,0,649619.1162297406,1244070.6297876148,186906.47177364057,50000.0,59733.78649001434,0.0
31352,0,649481.061248817,1244421.5766458018,187446.89664041228,50000.0,59140.6913768202,0.0
31353,0,649518.7963238673,1244249.3337353033,187198.22956713755,50000.0,59388.70768063967,0.0
31354,0,650132.3599689226,1244320.9436374246,186953.44936632135,50000.0,60186.36080729868,0.0
31365,0,548134.2588816364,1356764.6794380078,477784.84005519305,50000.0,36087.689405819794,0.0
31366,0,548396.7503597176,1356976.8242402961,477818.5333693664,50000.0,36062.28664485681,0.0
31367,0,547811.3419688093,1356397.2669756538,477515.07555053785,50000.0,35881.55630508522,0.0
31368,0,548135.4041548906,1356654.359283548,477546.2167558904,50000.0,35836.8895863918,0.0
31369,0,548246.8570301305,1356656.3029850891,477371.45303530147,50000.0,35627.516901381314,0.0
31370,0,560723.2188621758,1367361.3946414075,480431.43249890977,50000.0,37924.2264897745,0.0
31371,0,560663.6260317037,1367246.7357889654,480280.36233194295,50000.0,37772.999534356895,0.0
31372,0,560519.1509236512,1367125.3487890891,480249.04635073093,50000.0,37729.14340007682,0.0
31373,0,560923.5673993237,1367581.0466654042,480584.7093901392,50000.0,38091.37393810759,0.0
31374,0,560892.0139700936,1367483.8576608861,480426.6669543017,50000.0,37936.289408581164,0.0
31418,0,597418.2658095575,1366462.3108039377,426268.0252008098,50000.0,15486.445657217373,0.0
31419,0,597270.3258382912,1366160.148239609,425888.67276854295,50000.0,15113.124841108089,0.0
31420,0,597758.1020128723,1366702.7212409212,426283.470291069,50000.0,15585.40019286404,0.0
31421,0,596962.3388069634,1365889.2628939587,425774.8790894417,50000.0,14938.74809943043,0.0
31422,0,596832.5127977182,1365909.6110647202,425980.8253849787,50000.0,15096.194203015655,0.0
31459,0,419372.269340878,1160605.565009338,314482.09876738733,50000.0,7981.104713129516,0.0
31460,0,419030.839819723,1160263.9795637527,314467.86615832424,50000.0,7960.594125589034,0.0
31461,0,419154.83096385404,1160150.2996186672,314141.6217883435,50000.0,8287.275710124626,0.0
31462,0,418965.90012463194,1159811.3061492646,313925.2855108957,50000.0,8488.702190421647,0.0
31463,0,418885.8470537729,1159489.30483718,313585.8322902991,50000.0,8823.395423744088,0.0
31464,0,473945.6395119116,1258880.2299986524,396879.28819250414,50000.0,38597.67912297103,0.0
31465,0,473368.33734334656,1258579.6250334543,397187.47875300917,50000.0,38431.188008428544,0.0
31466,0,474088.5131782306,1259296.4304699493,397433.1609706352,50000.0,39084.231550030105,0.0
31467,0,473509.9289662116,1258892.9480591281,397553.5567317021,50000.0,38786.662684590745,0.0
31468,0,473525.06687296135,1258520.6944009734,396844.82312986156,50000.0,38291.44763768035,0.0
31469,0,524940.8426795792,1246479.417790923,306978.95409879007,50000.0,22850.01010666648,0.0
31470,0,525019.4659420156,1246418.6632675435,306785.5289658644,50000.0,22746.674809496493,0.0
31471,0,525062.1962584187,1246331.8597441781,306594.3678254089,50000.0,22680.92413141378,0.0
31472,0,524649.9393269465,1246234.7787421257,306943.34280739364,50000.0,23134.65326892025,0.0
31473,0,524678.3274737048,1246128.450545148,306738.4380323972,50000.0,23080.470700493588,0.0
31543,0,572456.5857327578,1338627.4899268055,406556.66416460695,50000.0,16590.77662303062,0.0
31544,0,572206.9342172488,1338510.24244903,406665.5456043418,50000.0,16845.69294703878,0.0
31545,0,571866.9779691423,1337708.9790769527,405622.25967721693,50000.0,17181.556337581613,0.0
31546,0,571929.1671345438,1337559.617836888,405263.87458563194,50000.0,17134.07127028525,0.0
31547,0,571540.0047661047,1337112.259404819,404942.7668220559,50000.0,17534.841203560172,0.0
31611,0,532678.7759438975,1157541.2425815833,170129.45035641614,50000.0,25705.749730379826,0.0
31612,0,532781.3237974325,1157403.1872323833,169837.4122575403,50000.0,25738.05576844518,0.0
31613,0,532386.8061750534,1157271.366881916,170108.92828919998,50000.0,25397.504072730957,0.0
31614,0,532600.6998344347,1157040.4928260494,169573.2963658352,50000.0,25486.472934267116,0.0
31615,0,532285.2807994289,1156930.4179903397,169784.66595268284,50000.0,25210.351062662172,0.0
31621,0,523921.51838936337,1160826.1988642516,184252.92693663557,50000.0,24479.940094852984,0.0
31622,0,523657.89766963234,1160117.8819332456,183636.63116436545,50000.0,23773.65330251866,0.0
33796,0,602981.9503051382,1241811.2042384022,217371.2216446788,50000.0,11553.593220915503,0.0
33797,0,603223.4702588475,1241933.0652410253,217337.57346079807,50000.0,11329.225247466575,0.0
33798,0,603505.062194003,1242080.8158613183,217306.83551436898,50000.0,11067.763955221058,0.0
33799,0,603714.3577647315,1242224.8930073828,217333.63607028057,50000.0,10864.813749445735,0.0
33829,0,431349.191429937,1173131.1569473709,316056.39340252103,50000.0,15513.81341214954,0.0
33830,0,431601.9384012875,1173221.1538146515,315844.1970560434,50000.0,15415.391710573786,0.0
33831,0,431070.56701948855,1172978.5122401807,316213.22235372756,50000.0,15227.268137434343,0.0
33832,0,431072.762175692,1173136.3526601677,316438.3817807706,50000.0,15203.617299469555,0.0
33866,0,479843.96576884756,1215861.0506158627,315732.5615083597,50000.0,41152.43190664067,0.0
33867,0,480163.387063901,1216251.0533843762,315924.3589960257,50000.0,41539.57124975107,0.0
33868,0,480203.5787211329,1216103.754084164,315640.59329262236,50000.0,41447.77801150314,0.0
33869,0,480561.8281677082,1216487.9481340393,315772.62827643997,50000.0,41843.78256736559,0.0
33870,0,442174.99758691515,1205909.5511403417,351287.6510519132,50000.0,14378.934345761401,0.0
33871,0,442336.0074666143,1205620.4339282245,350592.5220520361,50000.0,14892.909913134656,0.0
33872,0,442035.8458057142,1205431.6786136352,350711.8867160319,50000.0,14602.070025381028,0.0
33873,0,442293.41017578694,1205803.928795026,350949.3158509724,50000.0,14657.407560165053,0.0
33918,0,544474.839179055,1343373.1449221403,455396.66336324235,50000.0,13662.475569933336,0.0
33919,0,544759.1216407825,1343733.9865257898,455703.1728987243,50000.0,13878.010227321465,0.0
33920,0,545041.4829199594,1343801.7819319658,455410.1664934296,50000.0,13474.672207107678,0.0
33921,0,544692.6443141114,1343427.8935199594,455175.6762392884,50000.0,13351.977608196306,0.0
33942,0,632601.9507183714,1172432.9654685473,104227.80521228013,50000.0,10653.047993233095,0.0
33943,0,632659.4289216358,1172715.3051685854,104548.2744885563,50000.0,10512.861184642461,0.0
33966,0,633508.6763342621,1208648.7498093867,149471.00143523427,50000.0,42380.574691508475,0.0
33967,0,633462.6532043606,1208808.1854226121,149704.36974390596,50000.0,42623.67738228891,0.0
33968,0,633606.5376763395,1208813.946395753,149630.68234380297,50000.0,42536.00146151765,0.0
33969,0,633370.5929368103,1208604.2003884264,149490.99265667156,50000.0,42412.87182225631,0.0
34014,0,560500.5924773279,1349014.350866241,442948.1843185947,50000.0,2406.7183897650525,0.0
34015,0,560743.627979602,1349407.6366829188,443379.4759338054,50000.0,2791.4590080276093,0.0
34016,0,560976.7027318188,1349456.2359414506,443139.0929462672,50000.0,2866.274750823447,0.0
34017,0,560569.558925292,1348951.5900729077,442723.5894051289,50000.0,2380.5243213470058,0.0
34034,0,552804.0513296805,1359944.30789725,477129.19159407244,50000.0,34618.31029294611,0.0
34035,0,552370.6666619712,1359374.314199329,476600.80651453784,50000.0,34119.726193121045,0.0
34036,0,552587.2779825415,1359531.8112686872,476592.77215492824,50000.0,34088.59835563255,0.0
34037,0,552802.7192498491,1359696.64553883,476602.3460505864,50000.0,34077.10298707187,0.0
34042,0,631924.853777799,1300704.8630775937,279618.9116597462,50000.0,57971.95904929292,0.0
34043,0,632258.7000979533,1300958.2553730463,279718.12109362485,50000.0,58076.84302016849,0.0
34044,0,632087.9334277126,1300749.963678565,279548.494009166,50000.0,57904.91291666945,0.0
34045,0,632350.9574180634,1300927.1520543124,279592.86963835463,50000.0,57954.591704649996,0.0
34092,0,529515.4173947492,1239381.1583887872,290226.13434174756,50000.0,13073.027731169428,0.0
34093,0,529154.7775916262,1239158.1326157865,290307.078256979,50000.0,13430.815446944742,0.0
34094,0,528596.0688697604,1239033.553115269,290778.76505206566,50000.0,14149.390741210937,0.0
34095,0,528220.8514873782,1238756.5041612613,290793.49554487504,50000.0,14487.850074201431,0.0
34118,0,619155.0655082843,1242695.5914101622,205351.91639228447,50000.0,18660.167251395967,0.0
34119,0,619081.4318879195,1242375.8635615509,204958.02709693182,50000.0,19014.569881620493,0.0
34120,0,619474.4848494115,1242682.6880838242,205087.40569127683,50000.0,19091.819988142262,0.0
34121,0,619827.1729533157,1243072.649878408,205365.55493280393,50000.0,19008.355523417587,0.0
34125,0,522530.49899458094,1270277.5685567304,349382.59382354753,50000.0,22696.895034000794,0.0
34126,0,521938.82126141305,1269963.451740297,349613.9751998058,50000.0,23098.642637197026,0.0
34127,0,522331.5269637379,1270171.4968108635,349459.5579808548,50000.0,22830.982708470878,0.0
34128,0,522134.85549059283,1270067.1379902225,349536.5586909064,50000.0,22964.49482378503,0.0
35040,0,612478.1765811597,1233581.28286995,197741.90184741822,50000.0,24197.785100852816,0.0
35041,0,612408.5526064587,1233248.374638108,197328.86498258784,50000.0,24608.91299303198,0.0
35042,0,612124.2935130906,1233061.8671137535,197292.37987291583,50000.0,24601.50562888645,0.0
35059,0,652110.8441819435,1317618.4265557341,288535.9697329137,50000.0,69065.34922180265,0.0
35060,0,652245.7359256367,1317667.2516348746,288503.11998020846,50000.0,69068.55464099666,0.0
35061,0,652373.5218734859,1317722.1917271113,288485.0324071408,50000.0,69083.34669170294,0.0
35062,0,655138.4445799076,1294716.290547527,252917.49664106074,50000.0,45016.34522071559,0.0
35063,0,655440.5180427479,1294981.7761721984,253087.0993129911,50000.0,45313.75497501124,0.0
35064,0,655700.8690415582,1295076.3740547146,253042.5350551585,50000.0,45485.466007946925,0.0
35065,0,517320.7675655663,1252626.394267621,326446.50615113956,50000.0,38091.58600894928,0.0
35066,0,517715.9685798,1253031.4404179773,326611.87711548107,50000.0,37878.23639200517,0.0
35067,0,517566.1457976579,1252820.3501154059,326454.43117176485,50000.0,37899.16319804113,0.0
35068,0,513376.66265136085,1249268.282604915,325945.48067532975,50000.0,41032.85778074429,0.0
35069,0,513331.57439402305,1249126.4044314,325770.1905587561,50000.0,40971.02285089611,0.0
35070,0,513283.9508602141,1248975.0635187912,325582.6784466856,50000.0,40905.18921835332,0.0
35074,0,524978.7016446062,1245730.9241394324,305735.549411816,50000.0,22680.573486917267,0.0
35075,0,525176.3544482106,1245624.0519356856,305323.4693535199,50000.0,22454.8580602257,0.0
35076,0,525080.5261193061,1245681.1803193768,305531.71019917534,50000.0,22563.93242545457,0.0
35077,0,521878.6443668921,1259858.36152508,332632.8033417735,50000.0,34346.750569728545,0.0
35078,0,521724.1673608159,1259812.1622039687,332752.07606296206,50000.0,34333.99921793513,0.0
35079,0,521704.9553103828,1259661.6545947685,332525.8839679497,50000.0,34526.95063217062,0.0
35086,0,513147.36110806226,1260928.8559830673,345695.2663375447,50000.0,32441.21767916019,0.0
35095,0,621865.7793309293,1295347.0651047032,280242.9855689433,50000.0,51988.72445681066,0.0
35096,0,622039.742021885,1295526.935621169,280362.35844231024,50000.0,52041.65288975212,0.0
35097,0,622526.8029944814,1295592.6892792478,280029.3739763664,50000.0,52738.062936327246,0.0
35101,0,427871.35475862864,1158811.6288483646,300598.25234494626,50000.0,17584.546105789574,0.0
35102,0,428076.51157553325,1158674.0148438716,300137.38444951084,50000.0,17596.95414677775,0.0
35103,0,427859.41448990046,1158562.3826834324,300273.9106973067,50000.0,17756.6012567103,0.0
35112,0,634623.7493681287,1209590.5098133648,150070.00949403615,50000.0,42909.35813299935,0.0
35113,0,634524.1198433777,1209650.121438515,150202.96590077807,50000.0,43051.77902243126,0.0
35114,0,634305.3239538184,1209370.5199819496,149961.93727734793,50000.0,42820.924248793366,0.0
35115,0,650850.9442796028,1251110.8442258546,195555.63225318879,50000.0,53864.44327798405,0.0
35116,0,651021.951442411,1251286.7865771842,195692.70338420777,50000.0,53930.3871721438,0.0
35117,0,650816.9492163458,1250918.399459971,195318.5206807642,50000.0,54015.078242569885,0.0
35118,0,668954.278966856,1233192.2054509285,164503.09278104396,50000.0,61692.225575972836,0.0
35119,0,668890.0604600974,1233314.9089681124,164672.14166645065,50000.0,61800.609491433606,0.0
35123,0,645190.8158718465,1238967.4168905308,182646.0173437446,50000.0,59376.57906015472,0.0
35124,0,644946.7941676022,1238930.4298181876,182736.6396984769,50000.0,59077.96083601862,0.0
35125,0,645152.5310600689,1239311.6723732352,183124.30234316544,50000.0,58912.707996623,0.0
35129,0,643719.9888371855,1231944.0925501462,174206.54195064155,50000.0,65888.20290398647,0.0
35130,0,643478.5239308614,1231780.8869241017,174126.8712830981,50000.0,65761.3941519252,0.0
35131,0,643658.8209825192,1232073.8731602726,174411.34593481413,50000.0,65644.07766962014,0.0
35141,0,625697.816612521,1415790.2236021247,485101.720096192,50000.0,63255.8371022404,0.0
35142,0,625809.7636726202,1415755.9965393909,484876.9755432857,50000.0,63178.339933786,0.0
35143,0,625484.2367464602,1415497.085986468,484801.85977018997,50000.0,62950.19487239492,0.0
35153,0,609672.2704843504,1365758.2913846113,409664.5700075877,50000.0,14932.715895379382,0.0
35154,0,610167.0766464341,1366200.8914432582,409873.69179805607,50000.0,15352.165042438031,0.0
35155,0,609782.6018462196,1365743.6159532778,409504.6391907095,50000.0,14895.23879692738,0.0
35156,0,625944.7684716276,1350798.1470793919,365128.52576878463,50000.0,52409.83167247032,0.0
35157,0,625896.8088617433,1350845.517533474,365258.7738630396,50000.0,52252.569179491096,0.0
35158,0,625857.1782100671,1350766.997920481,365167.7514457235,50000.0,52297.86488074793,0.0
35160,0,657776.4656695189,1259159.1723781833,202394.67513508437,50000.0,56122.20698459799,0.0
35161,0,657588.4412158277,1259100.78267867,202419.95018590515,50000.0,55902.81696955867,0.0
35162,0,657594.1034217672,1258955.8614895996,202224.55560033134,50000.0,56041.30996280138,0.0
35258,0,590934.5810610607,1296406.9566912095,312060.14681196917,50000.0,413.4162305050036,0.0
35259,0,590959.3023861204,1296439.956075099,312087.2959839998,50000.0,388.1483041067531,0.0
35325,0,492631.07117351715,1291564.7454048088,430890.0577806757,50000.0,5010.453321594341,0.0
35326,0,492756.5084094518,1291811.0126631784,431183.03221667546,50000.0,4791.959391333514,0.0
35333,0,546481.1984323487,1351029.550612567,468216.26026176655,50000.0,26457.961499756988,0.0
35334,0,546914.3958929407,1351303.0410555357,468110.9244125753,50000.0,26235.50565589127,0.0
35343,0,572086.1865213605,1351761.2153607006,431971.155104371,50000.0,2715.512247002321,0.0
35344,0,571830.513039966,1351695.8400342388,432197.49373324675,50000.0,3100.0664830460983,0.0
35377,0,420294.8942157929,1159366.704137137,311512.7809052188,50000.0,10930.185664134451,0.0
35378,0,420049.79143826396,1159403.3747529509,311894.2699527971,50000.0,10540.310433737384,0.0
35385,0,419152.87309992395,1159485.2431693692,313219.1829230407,50000.0,9192.897447379479,0.0
35392,0,418662.11995150376,1162014.2632634945,317418.60492017603,50000.0,5130.351782976661,0.0
35393,0,418532.729714301,1162191.4742403673,317843.79066699,50000.0,4719.7354040987875,0.0
35398,0,632157.1496261728,1300577.38120246,279229.14379901637,50000.0,57589.27088857607,0.0
35399,0,632228.0596382178,1300527.368242496,279093.5177636645,50000.0,57456.362659325016,0.0
35413,0,427861.70574818423,1159021.2507022535,300897.53247754544,50000.0,17452.63130368456,0.0
35418,0,452375.4911650932,1224660.2790694335,367850.69704393536,50000.0,5181.573816838585,0.0
35419,0,452169.09970334294,1224473.2609732249,367830.19489363924,50000.0,4985.914863082907,0.0
35432,0,606707.2894045787,1268909.8718618513,253896.92557973365,50000.0,30685.839979509426,0.0
35433,0,606433.8248266455,1268533.6625589055,253581.59954998078,50000.0,30309.96644029449,0.0
35434,0,595721.9170936616,1235109.7084731855,214102.9306776557,50000.0,19068.92727999457,0.0
35435,0,596032.2399062422,1235377.1609091961,214210.96644965297,50000.0,18752.865894794475,0.0
35436,0,565673.7737846794,1247951.0607951651,262656.1599514543,50000.0,33961.50514702022,0.0
35437,0,565947.9265977044,1247865.8367048218,262235.09869092976,50000.0,34466.63934571304,0.0
35443,0,460328.886275248,1248722.5208305223,398670.6235332596,50000.0,32523.493156724944,0.0
35444,0,460305.3378018704,1248543.038105857,398376.5767353009,50000.0,32248.553647070577,0.0
35445,0,523680.9644121174,1263076.544933832,335716.0454246061,50000.0,30889.712913847405,0.0
35446,0,523432.57487735664,1262920.3636240405,335770.4454576694,50000.0,30982.051719218878,0.0
35455,0,523037.2039496268,1227182.6388084914,279067.8911077788,50000.0,18742.53639484513,0.0
35456,0,523334.1961280914,1227542.185160481,279264.348827621,50000.0,18399.72998896823,0.0
35504,0,492884.89818374935,1136886.9337545275,190953.56427665998,50000.0,12114.191858655835,0.0
35505,0,492715.6656712354,1136621.819790124,190843.1216506126,50000.0,12302.781264751953,0.0
35506,0,492809.10669937695,1136514.798960593,190603.90759608708,50000.0,12530.300197846514,0.0
35507,0,492657.8270321672,1136248.3270352378,190470.7731866967,50000.0,12738.741767081774,0.0
35523,0,571912.269507459,1338300.1730711523,406661.02415136684,50000.0,17143.14530787758,0.0
35530,0,572679.099997813,1329658.6761549567,389825.95504714345,50000.0,16561.060094187655,0.0
35531,0,572737.8471772929,1329848.1401850649,390094.5255685817,50000.0,16614.43635101598,0.0
35716,0,618031.4224818848,1369941.938854553,407289.01661203906,50000.0,20526.718345525293,0.0
35717,0,617906.0796227629,1369975.3344994725,407496.6077812075,50000.0,20448.651944025547,0.0
35740,0,573752.6796011644,1204019.5701739015,190217.92057856085,50000.0,27863.813932331537,0.0
35741,0,573608.7593273019,1204037.015039096,190381.79737307256,50000.0,27655.322017992014,0.0
35758,0,563017.5267514762,1352145.6274896935,445547.32784889406,50000.0,5536.768064497824,0.0
35759,0,563331.6350859259,1352417.3016501276,445635.01956072485,50000.0,5802.502986036075,0.0
36616,0,431952.6376214651,1173540.717509591,315831.3763456728,50000.0,15202.615224023299,0.0
36617,0,443295.5145427093,1170310.7333864907,296073.40413652273,50000.0,7601.971068149353,0.0
36618,0,536974.2867628488,1173557.352074311,186408.63854713715,50000.0,24446.972399566348,0.0
36619,0,530978.8513062163,1179180.2723839276,200664.91310782984,50000.0,20216.886647547362,0.0
36620,0,571616.2724261974,1378720.591958134,487614.1919636456,50000.0,46295.42003191244,0.0
36621,0,502060.7765845031,1301696.2498026465,436361.41774378886,50000.0,3846.2710103891736,0.0
36622,0,504753.9979802505,1304120.608092529,437019.09451555496,50000.0,2061.2036630719367,0.0
36623,0,568302.4811293333,1335701.3796572534,406572.8487225166,50000.0,20803.54543089263,0.0
36624,0,546721.4916871951,1351206.3112392167,468210.56320378353,50000.0,26388.968745772105,0.0
36625,0,531412.1065117463,1320083.753823122,428241.1551212381,50000.0,18144.90923553959,0.0
36626,0,643576.3095141144,1231910.8979174413,174243.15272451608,50000.0,65733.44605645783,0.0
36627,0,673173.0091148008,1247963.4386702606,181002.4568777121,50000.0,76434.99890240675,0.0
36628,0,633809.2267245643,1158419.312064124,87059.09609408991,50000.0,27352.535681267625,0.0
36629,0,631925.8290958381,1173124.9532078076,105357.92397671784,50000.0,9259.381045842685,0.0
36630,0,573687.2167351965,1165425.2526179655,137630.33317326225,50000.0,27267.98937942771,0.0
36631,0,643305.5627648266,1182154.8627271424,111958.9693966618,50000.0,19476.186924798974,0.0
36632,0,637316.7945714421,1180095.024848888,111646.7946855662,50000.0,13285.537884124604,0.0
36633,0,445899.78891147015,1119195.5429780707,228558.78933333934,50000.0,2993.2957126006113,0.0
36634,0,453762.3050680659,1119439.9977519861,219018.36113562091,50000.0,8685.613791490017,0.0
36635,0,457570.7245502393,1117344.155750693,212004.1339344183,50000.0,15694.893036799596,0.0
36636,0,620231.3955598258,1331438.6371167882,338810.3264487925,50000.0,34787.61582580232,0.0
36637,0,609885.1631617775,1365977.7461505856,409807.3767373402,50000.0,15146.232754954728,0.0
36638,0,607067.5496802706,1363680.7464945142,409030.9716992591,50000.0,13155.038531616803,0.0
36639,0,625601.3087594531,1415637.6650985237,484925.34277729766,50000.0,63092.23212104888,0.0
36640,0,599714.3838072865,1235993.806586195,211839.87003029283,50000.0,16226.120490352143,0.0
36641,0,568195.0528529705,1335857.3075327363,407005.1401510244,50000.0,20954.131979275182,0.0
36642,0,557487.4061286303,1321443.0226928594,394478.3991181553,50000.0,32606.171486246974,0.0
36643,0,524499.1053932433,1292081.1276033586,385199.808005526,50000.0,32113.46889682367,0.0
36644,0,543916.6380025529,1291628.5144641113,358759.8623679735,50000.0,3698.9069456712364,0.0
36645,0,493026.6673343736,1136809.0482104465,190690.5944483882,50000.0,12350.826310763197,0.0
36646,0,500882.9626979788,1124935.8635073819,167568.03547410987,50000.0,11417.61355567353,0.0
36647,0,621016.4027914462,1277911.6790280086,254756.81716666528,50000.0,33167.68099573606,0.0
36648,0,496798.6901913501,1141922.438641075,192289.4327180174,50000.0,10121.071415298427,0.0
36649,0,559175.7451348385,1325191.4097395088,399147.9956368012,50000.0,30096.792619146352,0.0
36650,0,512336.5310804531,1260939.9803167137,346778.1671020108,50000.0,32738.236230522478,0.0
36651,0,482988.176126891,1230797.3202638424,335473.1026149894,50000.0,47634.887485702166,0.0
36652,0,517662.6978217878,1265973.2456099195,348368.8982418749,50000.0,27353.793371451535,0.0
36653,0,422631.3876546696,1169333.7174307776,322436.23370935593,50000.0,7011.728743641753,0.0
36654,0,427352.0662334009,1158156.4868273549,300395.57189485605,50000.0,18231.421074888865,0.0
