,Offshore,dist_rotor_m,dist_nacelle_m,dist_tower_m,dist_found_m,dist_to_grid_m,sea_depth_m
67838,0,693138.8792377252,784663.252585735,576211.7143407987,50000.0,21697.925264803845,0.0
67839,0,732432.6075764826,824646.1227686484,614210.4467204377,50000.0,25087.496011622286,0.0
67840,0,716734.3329432766,809215.9817809833,605440.6295644859,50000.0,9261.856127759916,0.0
67841,0,718039.6678968631,810488.976468693,606038.9044019142,50000.0,10506.862632673185,0.0
67842,0,659238.200447397,753682.7610434785,588120.2999505027,50000.0,5556.134983420206,0.0
67843,0,689411.1758663465,784878.0766651178,624776.1705342821,50000.0,9502.787261635585,0.0
67844,0,689457.6474254777,784919.0367012288,624729.7743160281,50000.0,9390.5089866391,0.0
67845,0,638854.7944771191,734931.1790738661,597016.3146485979,50000.0,20871.264179887905,0.0
67846,0,643234.1716692435,738489.7441931132,587981.6253731356,50000.0,14271.91333681854,0.0
67847,0,653276.979859429,748895.2530221322,600459.250853844,50000.0,5716.536438474339,0.0
67848,0,558024.0831525291,654844.5356520996,538026.292881561,50000.0,39678.25079707064,0.0
67849,0,557797.2279966759,654597.4213213706,537931.0253424229,50000.0,40083.49043012265,0.0
67850,0,447158.2893687233,544234.2809765529,432691.8061122891,50000.0,22179.53876795225,0.0
67851,0,456945.5015826244,553841.6759320428,442816.98807270447,50000.0,16200.078347109056,0.0
67852,0,454369.7132679245,551992.8171479569,435840.737929975,50000.0,29195.62117501711,0.0
67853,0,456526.2871265937,553376.5804693599,442706.5800427058,50000.0,15476.661735393089,0.0
67854,0,464011.4763652074,561002.2536921756,448777.368821287,50000.0,18642.52751810975,0.0
67855,0,476971.54645878676,573286.4304081929,464778.2702216189,50000.0,19205.191707484424,0.0
67856,0,476481.07377693476,572777.9905244916,464424.1528354829,50000.0,18634.255352657012,0.0
67857,0,476736.5673703292,573042.5548875699,464610.2651470886,50000.0,18929.802968493106,0.0
67858,0,480987.6079575254,577533.2193704272,467190.55464378366,50000.0,24512.310416293076,0.0
67859,0,470797.0039710033,567703.914601388,455578.1247414331,50000.0,20490.91728978785,0.0
67860,0,468371.2319596335,565393.785498026,452623.43014526844,50000.0,20897.679816370717,0.0
67861,0,468312.36450560053,565320.1107020825,452659.52742310654,50000.0,20637.87734685083,0.0
67862,0,477456.45829848625,574158.4767246456,462989.3948083083,50000.0,22827.50610539948,0.0
67863,0,480934.371969899,577456.2335768006,467278.687629846,50000.0,24285.191756923537,0.0
67864,0,476780.59625896026,573626.4762212409,461504.50917269447,50000.0,23855.768475418725,0.0
67865,0,476553.9817445889,573389.1163592981,461358.2434607055,50000.0,23556.995527581854,0.0
67866,0,464689.24183945864,561678.0290224262,449417.2717299335,50000.0,18827.922749921683,0.0
67867,0,473965.24343310745,570710.4129929142,459488.9541902443,50000.0,20539.463319156515,0.0
67868,0,481536.48921070836,577577.5509530767,470555.66164174874,50000.0,22558.002705379065,0.0
67869,0,471271.8165122966,568189.7521058251,455952.1387285408,50000.0,20936.683387592424,0.0
67870,0,483647.22948334605,579909.9665961356,471284.975484484,50000.0,25350.351037813583,0.0
67871,0,453480.93379208184,551072.1915809648,435230.67152541206,50000.0,28726.82307340377,0.0
67872,0,455600.21728668053,553114.0992345267,437695.46853607224,50000.0,27095.73048075173,0.0
67873,0,455444.7241927103,552946.2133764592,437632.66123661184,50000.0,26883.72527930241,0.0
67874,0,461290.7613651851,557934.5718881792,448338.33621382224,50000.0,12186.030211114297,0.0
67875,0,459223.2671139765,555611.6861627642,447907.8558848725,50000.0,7732.677732078041,0.0
67876,0,459551.6304266388,555937.0099200257,448228.7341672195,50000.0,7705.577433421458,0.0
67877,0,462134.0301467289,558548.9748812625,450447.3559024386,50000.0,8790.22647942561,0.0
67878,0,473677.3352394912,569738.5181679246,463138.4420815056,50000.0,14814.868064189905,0.0
67879,0,473955.4874523634,570016.6500846974,463396.82687172526,50000.0,15089.09031519554,0.0
67880,0,474197.6776121288,570258.8574198794,463621.63118137023,50000.0,15328.087219974428,0.0
67881,0,453345.00056084176,550204.8245078423,439712.6737996873,50000.0,16336.59796999671,0.0
67882,0,454604.7738230037,551336.4847012247,441641.48990584206,50000.0,13940.334986156326,0.0
67883,0,471254.58917400707,567361.7948466446,460634.650331164,50000.0,12625.924043160885,0.0
67884,0,451079.6763013936,547960.1520845874,437499.0830167031,50000.0,17489.21962717118,0.0
67885,0,451447.94153692055,548355.445307422,437675.0200642479,50000.0,17747.864909763714,0.0
67886,0,471232.68211737234,567032.3581423302,462298.27087492455,50000.0,12112.541103405862,0.0
67887,0,451259.9906943559,548154.0466409393,437583.1873250348,50000.0,17618.823501820974,0.0
67888,0,470139.4200027189,566011.5839968175,460891.74349624553,50000.0,10965.064348416856,0.0
67889,0,454803.669695001,551544.8774302867,441768.6190250325,50000.0,14035.281852730655,0.0
67890,0,450898.5539716541,547765.5086535348,437413.76450808224,50000.0,17365.376912217656,0.0
67891,0,459390.70668115956,556160.2351531662,445837.10485052515,50000.0,14019.459199973557,0.0
67892,0,459559.73612235504,556339.8755982133,445930.08013794234,50000.0,14209.075589622204,0.0
67893,0,459730.7224155541,556521.3978927903,446025.249301955,50000.0,14399.740687494606,0.0
67894,0,459886.7989169699,556687.0820407859,446112.12284693395,50000.0,14575.466525321934,0.0
67895,0,460353.9749961559,557131.3935632176,446680.71410856425,50000.0,14242.78427755551,0.0
67896,0,467687.58967389504,564292.8638874885,454487.76947974024,50000.0,14414.250021089481,0.0
67897,0,456461.29140540474,553044.3003110037,444231.2438531968,50000.0,11125.936258858545,0.0
67898,0,454405.30824002245,551127.5651798028,441513.5365834712,50000.0,13850.659192644354,0.0
67899,0,464257.9565873106,561099.7022914204,449908.4888156145,50000.0,16273.925251465616,0.0
67900,0,457113.48470699735,553897.1939793247,443648.10688538355,50000.0,14302.445446848278,0.0
67901,0,470861.0055460736,567197.84239223,458978.79144630063,50000.0,13803.744308352192,0.0
67902,0,467089.0638511118,563482.1908418718,455160.2630855456,50000.0,11336.731713637893,0.0
67903,0,467014.7798949623,563450.8198941721,454845.3742138883,50000.0,11796.235728568723,0.0
67904,0,460369.62321834074,555973.748500452,453286.1649764587,50000.0,4604.128419994374,0.0
67905,0,462079.2729600457,558471.521293284,450526.74801115284,50000.0,8423.429561966666,0.0
67906,0,467540.8325932529,564167.7081912665,454225.2157996815,50000.0,14616.597002833316,0.0
67907,0,448405.9421573624,545290.4827983762,435011.15239480877,50000.0,18828.261356232942,0.0
67908,0,447991.948836366,544866.8172463868,434688.4042252814,50000.0,18920.510876741846,0.0
67909,0,458042.3697890788,554560.5528744791,446069.00195963215,50000.0,9858.8651680867,0.0
67910,0,391108.4759165356,490169.88433318795,367395.4070772217,50000.0,44358.80099199068,0.0
67911,0,391477.5334285718,490530.5687000759,367798.7696170732,50000.0,44417.909517837485,0.0
67912,0,339317.7520348289,435933.5669038812,338835.8494736069,50000.0,30361.93460003717,0.0
67913,0,411717.73264823976,509428.00355538796,396204.84266010474,50000.0,28870.558202830834,0.0
67914,0,374667.15054488834,472923.18822996307,359083.0106658073,50000.0,23499.33624712695,0.0
67915,0,374742.0852438506,472969.52903628437,359359.5782407078,50000.0,23051.094350422973,0.0
67916,0,374483.64338879014,472689.31925701885,359289.1309556892,50000.0,22622.83955502874,0.0
67917,0,374115.8758845009,472357.1630612146,358701.6843365603,50000.0,23108.97904415321,0.0
67918,0,373932.62977757474,472115.9725788168,358962.4100391459,50000.0,22111.09727643633,0.0
67919,0,373678.2905585672,471898.0269280632,358471.026257339,50000.0,22644.640164367087,0.0
67920,0,373168.0351341191,471379.2483309404,358080.3242824105,50000.0,22385.97180913619,0.0
67921,0,373225.56646990095,471398.2003088555,358412.43180865597,50000.0,21764.533318251528,0.0
67922,0,372755.79633046046,470946.8077617734,357861.8231809441,50000.0,21964.82658918738,0.0
67923,0,372352.71466375387,470529.49068033457,357607.73481156625,50000.0,21650.735035121328,0.0
67924,0,374122.0106004863,468587.53261317965,380782.9451218471,50000.0,20509.149253807176,0.0
67925,0,380694.24648650084,475436.5301429182,385275.4871344048,50000.0,13163.988724286191,0.0
67926,0,307803.2895206326,402597.6657011641,321751.5564415351,50000.0,40382.58467696878,0.0
67927,0,376274.3154569502,467291.75452631456,396590.85556533246,50000.0,45986.395611049134,0.0
67928,0,376791.3683819678,467780.7482323951,396471.39077984483,50000.0,45746.62815660713,0.0
67929,0,377033.4647547154,468174.46361948317,397726.2488228258,50000.0,47194.54451167525,0.0
67930,0,377901.8067356224,468702.8134252278,395041.695847388,50000.0,44047.48293457235,0.0
67931,0,377114.7601886516,468070.5380925921,396249.31834659196,50000.0,45448.29626271743,0.0
67932,0,377506.5109905256,468401.19007020735,395793.5656429062,50000.0,44898.32163851524,0.0
67933,0,419957.08134964464,515536.7301345407,416350.89450113266,50000.0,11968.94022541047,0.0
67934,0,366010.2007464429,455542.31605372333,380961.884220177,50000.0,34064.81298505018,0.0
67935,0,366028.6559979432,455531.56159072794,380717.64373489516,50000.0,33824.560365514495,0.0
67936,0,364478.43077486916,450313.728937572,351197.9597872345,50000.0,15113.094001297024,0.0
67937,0,402067.07786305365,478648.02725090855,291571.2283315498,50000.0,44023.87231531722,0.0
67938,0,401674.1936020465,478241.68087126245,291432.13160695444,50000.0,43761.32931416977,0.0
67939,0,401653.86420588713,475836.7350380409,275986.6352760473,50000.0,53654.7468789891,0.0
67940,0,375912.722639831,449269.97207000916,269913.9673939775,50000.0,46701.573583256024,0.0
67941,0,404442.4598217005,490974.9225831153,365156.0770141007,50000.0,26495.821304351757,0.0
67942,0,399839.7150855395,480952.3538021434,322436.0534075062,50000.0,34120.559321289555,0.0
67943,0,397847.6543436835,477736.15485256264,313425.5427317601,50000.0,32071.387220921275,0.0
67944,0,394202.00717860437,472994.23527367844,305350.02354853746,50000.0,30416.07031076119,0.0
67945,0,384412.2641363609,461673.65205718996,294196.67453251354,50000.0,28499.39642286704,0.0
67946,0,361187.53565475356,436378.768574091,281016.30523510184,50000.0,35689.34332913031,0.0
67947,0,420877.99144688906,499058.80510233477,305704.32217650523,50000.0,54619.821610896746,0.0
67948,0,420842.2786048362,498976.4173025024,305367.86792453256,50000.0,54936.38721088743,0.0
67949,0,508153.3816010066,581537.7569825492,299293.39769997925,50000.0,57648.99143946189,0.0
67950,0,507402.21924638946,580900.3048755303,299791.21383877547,50000.0,57191.538762661825,0.0
67951,0,507743.9124169772,581280.9284399357,300220.3760798981,50000.0,56753.380560459475,0.0
67952,0,508034.39333127893,581558.1046379961,300249.66684386926,50000.0,56711.04159351881,0.0
67953,0,508126.6736086674,581627.4951998708,300123.93042695284,50000.0,56830.885253671615,0.0
67954,0,507223.64916611806,580663.6389119974,299294.2487707373,50000.0,57687.57865134941,0.0
67955,0,507808.0653727966,581277.0483125105,299755.80031214247,50000.0,57206.35115606915,0.0
67956,0,507621.95308019046,581046.7978527984,299356.3470938485,50000.0,57607.13328689805,0.0
67957,0,573110.2502955488,652745.7927240604,380975.4359371363,50000.0,39594.195164853954,0.0
67958,0,506521.68938469014,580013.7948314094,299369.57789595675,50000.0,57657.80003683872,0.0
67959,0,342515.92878402723,413737.87072761817,261460.30356323477,50000.0,56143.57963202007,0.0
67960,0,318710.99848520564,390002.9696821783,267091.4339548549,50000.0,50615.23221373892,0.0
67961,0,318924.513446276,390202.7086007307,266971.6974478143,50000.0,50821.53736077527,0.0
67962,0,319777.890395557,394652.135118679,284032.4171864458,50000.0,38668.588598245704,0.0
67963,0,317220.76623528794,395286.34925037477,300986.62435031077,50000.0,24374.975757168093,0.0
67964,0,291439.78400075337,367811.4074740618,297576.7605210958,50000.0,16025.43220710583,0.0
67965,0,273020.4522945184,351407.7619632358,311633.34497193305,50000.0,3765.3910212401875,0.0
67966,0,272899.7607915601,351343.6862883117,311921.38966547966,50000.0,3989.0120149658765,0.0
67967,0,273171.739325219,351597.7598311239,311767.04460589046,50000.0,3721.3608358010683,0.0
67968,0,260014.81915361545,337327.90699655074,310940.6899260847,50000.0,17163.321408414933,0.0
67969,0,260319.62686108594,337626.1436595428,310812.43827922706,50000.0,16871.384590002886,0.0
67970,0,260610.88138662287,337911.46580555924,310691.4982905064,50000.0,16592.39179404706,0.0
67971,0,261020.48271573771,338808.26237992675,312577.707379155,50000.0,15645.469942285195,0.0
67972,0,260840.8137953303,338662.04227635585,312775.01770066906,50000.0,15800.24828039872,0.0
67973,0,260659.10258948524,338514.3966409033,312975.55040497327,50000.0,15958.384631176114,0.0
67974,0,260580.23537778054,337522.8713198148,309238.66820578737,50000.0,17196.249692063444,0.0
67975,0,259600.3224326871,337242.95319376036,312433.8433928822,50000.0,17196.06983092529,0.0
67976,0,259887.4668716903,337470.82004863734,312094.93104629725,50000.0,16967.39457486872,0.0
67977,0,258723.7756600213,334929.47576431755,306938.4981906046,50000.0,20460.120979180625,0.0
67978,0,263897.5208307203,342001.1604337744,313015.3319131547,50000.0,12573.736842475193,0.0
67979,0,264074.9531147509,342104.89528657246,312645.8768633883,50000.0,12422.562290258744,0.0
67980,0,170010.66363729443,259846.2553253262,237069.39387238206,50000.0,2311.266517160115,0.0
67981,0,159732.76730653417,244387.17277089437,244430.8913307237,50000.0,6989.751581951367,0.0
67982,0,156501.84708350268,245622.90898913474,230678.22677215163,50000.0,3696.2572546668143,0.0
67983,0,160695.55454252797,248705.09810668742,236459.1343787504,50000.0,6769.177853611351,0.0
67984,0,161702.81161939184,248228.52048248745,241077.6010025506,50000.0,9150.538787673666,0.0
67985,0,161905.8373955372,248313.93993112983,241512.86915580157,50000.0,9002.921869162423,0.0
67986,0,161991.28862810179,248277.81599060597,241880.6404526841,50000.0,8999.999548461687,0.0
67987,0,161981.16395252763,248150.39039615687,242173.75265098515,50000.0,9112.968215936477,0.0
67988,0,161843.80112242885,247889.62159043748,242397.88020995012,50000.0,9380.32447127853,0.0
67989,0,173011.0918708759,247771.98151926132,273632.42570988263,50000.0,26809.547205007835,0.0
67990,0,193770.97776672913,268606.2687783093,288970.1700724605,50000.0,28515.28861646695,0.0
67991,0,190261.41840433038,266770.8192901866,283204.6924682567,50000.0,23187.80491097724,0.0
67992,0,195778.46226001778,274667.1540965121,282609.4106770009,50000.0,14527.763627229453,0.0
67993,0,188988.86540038718,268881.388729507,275474.39424605516,50000.0,11694.697472863794,0.0
67994,0,183344.02701485832,266370.3278597416,264420.12065043807,50000.0,6711.1502583364445,0.0
67995,0,199913.51983730288,272357.99447670917,297925.6117132551,50000.0,36733.572882526605,0.0
67996,0,202123.43879570873,273290.8152660001,301815.73332774854,50000.0,41119.885670619384,0.0
67997,0,203572.9570218975,278210.6054045419,296852.6312302698,50000.0,30531.517345603355,0.0
67998,0,194316.22593124254,266746.0556608422,293624.1861409896,50000.0,36402.528586155866,0.0
67999,0,200295.10910860635,271403.07087820163,300484.3290211845,50000.0,41007.29631070968,0.0
68000,0,203634.12080767506,273341.68458836374,305399.5588799884,50000.0,45902.32815017242,0.0
68001,0,203492.31740041665,273212.5832718654,305267.11041717126,50000.0,45835.2006055057,0.0
68002,0,203352.08983532505,273085.17513784196,305135.74440008705,50000.0,45768.41067369328,0.0
68003,0,201866.02850422947,273034.2744433822,301612.6712004005,50000.0,41070.26745622727,0.0
68004,0,205563.2925334489,275574.3427070574,306432.29973052983,50000.0,45414.61770688432,0.0
68005,0,205996.30434744348,275737.7751869359,307213.36240451667,50000.0,46336.82096204687,0.0
68006,0,193409.56767748683,286520.0618305451,241052.56043380345,50000.0,5874.702055795413,0.0
68007,0,149762.1780059281,234572.99514524307,237652.67999859608,50000.0,4731.269259926287,0.0
68008,0,165327.80124029977,254377.02224201264,236441.31277832168,50000.0,2157.076241261574,0.0
68009,0,170400.9097902031,262035.08613831853,231413.50561458347,50000.0,6540.100285922559,0.0
68010,0,178066.46241053197,272887.9208621626,223757.01485118322,50000.0,12429.63863246542,0.0
68011,0,168170.57103474182,259873.3889706158,229765.58753011236,50000.0,7197.0553237905915,0.0
68012,0,176491.85320833468,273223.2722520631,213365.80775945474,50000.0,4363.705551362255,0.0
68013,0,178429.31942084114,263458.4098201123,256111.8789217075,50000.0,8862.835321688593,0.0
68014,0,178377.08268788012,263474.4915962378,255903.69999258526,50000.0,8775.26829833253,0.0
68015,0,176056.41226787423,263218.87218437315,248880.84945079364,50000.0,6335.881932122675,0.0
68016,0,171798.4101755333,258307.37278128703,247777.55410520564,50000.0,1047.9417626427391,0.0
68017,0,171813.07105758716,258261.34263071703,247947.74075678704,50000.0,1009.7022458548549,0.0
68018,0,171943.5868667052,258253.50045748663,248399.34347150478,50000.0,1214.9945207286542,0.0
68019,0,173887.18268003137,259099.9613730754,252530.11849876435,50000.0,5458.4783299714945,0.0
68020,0,176244.39332165546,264416.9678819798,246160.27632138258,50000.0,9527.24026414239,0.0
68021,0,176268.82679016402,264347.9678877207,246445.9838508841,50000.0,9219.075031279463,0.0
68022,0,188088.5711417027,270866.41488505196,268397.2598113316,50000.0,4348.882078318441,0.0
68023,0,177039.78370577138,249806.3614652844,279982.3308096114,50000.0,32837.578441007114,0.0
68024,0,177383.2843447225,250276.99454424137,280026.91888996057,50000.0,32798.95437455226,0.0
68025,0,177214.5912475662,250046.59206260613,280003.93476801435,50000.0,32886.678920279766,0.0
68026,0,153162.77654301497,226095.78395205567,262414.1562098769,50000.0,19603.501030845866,0.0
68027,0,162290.68536325803,236189.54893649163,267345.56960614264,50000.0,20440.55761618339,0.0
68028,0,159984.8926340151,232729.14893486546,267558.12528114725,50000.0,21849.72409339919,0.0
68029,0,141205.25791299372,219045.5452936796,246186.95538317223,50000.0,10633.08065931367,0.0
68030,0,141174.72534999423,219008.18452224397,246178.897883588,50000.0,10671.969368597887,0.0
68031,0,158251.89868577023,232927.37654993692,263190.4056182909,50000.0,16676.35958445104,0.0
68032,0,238508.99543873864,319598.43317246943,310777.9165519886,50000.0,8738.195286128192,0.0
68033,0,226555.7687618583,310008.3577645673,295567.1849716495,50000.0,6644.423464187335,0.0
68034,0,213303.99166511148,293823.999603661,292366.38193848135,50000.0,21696.33684162734,0.0
68035,0,213012.48578118716,293457.16071679,292312.13450423616,50000.0,21513.52276603335,0.0
68036,0,212558.48515325203,292836.0698296054,292337.8874340065,50000.0,21307.706354603473,0.0
68037,0,212878.96519428332,293024.8325271512,292877.31668202166,50000.0,21773.83311010313,0.0
68038,0,213110.99307275238,293438.72533249005,292649.9066983991,50000.0,21746.141981828107,0.0
68039,0,213887.77547040305,294369.75122699374,292900.35005122575,50000.0,21366.221905082733,0.0
68040,0,214549.12036548374,294930.366637098,293635.4719971792,50000.0,20999.953001475762,0.0
68041,0,213325.94125104588,293207.55864611315,293806.0285863611,50000.0,22549.33796268563,0.0
68042,0,213841.78097819455,293814.97301039984,294000.8217199211,50000.0,22606.16959099884,0.0
68043,0,214099.16448190704,294203.44516680646,293908.1546289241,50000.0,22059.186340849556,0.0
68044,0,214172.8287369316,294032.3066585927,294507.1411362621,50000.0,22607.7610740279,0.0
68045,0,214478.46464897416,294439.1014964155,294519.1489583795,50000.0,22087.928026687605,0.0
68046,0,214640.69169649237,294810.7767510484,294178.65714836505,50000.0,21424.323528992547,0.0
68047,0,214803.46315750643,294667.19000225107,294984.1236636729,50000.0,22060.369261904372,0.0
68048,0,213238.56421310094,293271.81020071474,293403.6504494725,50000.0,22252.651824868874,0.0
68049,0,214788.49169371338,294841.78117018915,294552.61649266776,50000.0,21586.446027872596,0.0
68050,0,214373.93001961012,294665.95567788364,293700.7256555278,50000.0,21365.601189184552,0.0
68051,0,214439.25282428798,294938.5370513395,293285.2887088173,50000.0,20827.8703225113,0.0
68052,0,238574.00213384826,318442.20646060316,313669.15004150284,50000.0,13096.843483076373,0.0
68053,0,238190.89021949432,318099.68631476496,313270.05556475697,50000.0,12785.856473281721,0.0
68054,0,206638.22498352712,289212.3798743132,282531.3188652298,50000.0,14164.953064003344,0.0
68055,0,211121.78843026058,280862.3736003444,310057.26779697137,50000.0,47894.933462195826,0.0
68056,0,216675.1246986741,287925.5255970493,310506.76589543157,50000.0,45884.71885343513,0.0
68057,0,227739.44535353163,312478.3776933763,293123.06042360386,50000.0,10245.256617099387,0.0
68058,0,230342.13191878525,328064.71329474816,243749.17091120966,50000.0,14344.19310651042,0.0
68059,0,231915.16345757432,329208.9244719301,247663.49125447034,50000.0,11111.754456664876,0.0
68060,0,227339.76087375858,324678.69110002706,244031.6705898379,50000.0,13622.267336598065,0.0
68061,0,226140.28742117633,323177.97146876855,245008.08602721113,50000.0,12452.363911144288,0.0
68062,0,225932.66171699492,322954.4289054868,244952.84225512267,50000.0,12524.476970764825,0.0
68063,0,225728.592681125,322734.6797951361,244898.62040382205,50000.0,12600.414085304623,0.0
68064,0,247066.1619289183,345024.0586793412,254632.83063120215,50000.0,5381.105055139092,0.0
68065,0,218626.38403921135,315190.0825221617,242353.59018261186,50000.0,15627.921334545346,0.0
68066,0,224880.8948044993,321403.82017048565,247089.02405771968,50000.0,10581.554689648496,0.0
68067,0,214894.51575351163,310574.6021891652,244428.94336123645,50000.0,10297.548077059644,0.0
68068,0,216730.99944085194,312928.2737340075,243022.66261693896,50000.0,14189.93887770848,0.0
68069,0,216483.34132999653,312679.68790483434,242851.36554992475,50000.0,14339.191373361682,0.0
68070,0,223329.6561545672,320093.14605181885,244590.09636835224,50000.0,13122.275532526379,0.0
68071,0,228191.6368383845,324812.2187604365,248949.2992258669,50000.0,8777.529853612234,0.0
68072,0,222682.93932822254,319466.8732539677,244004.69576636242,50000.0,13674.141344680247,0.0
68073,0,215262.15049117082,311300.5342766298,242827.8039721163,50000.0,13119.307368670767,0.0
68074,0,229040.0067325096,325837.03705239017,248550.92059804048,50000.0,8899.207514854807,0.0
68075,0,228528.18000696163,325480.56143292633,247259.5248959801,50000.0,10189.387361302059,0.0
68076,0,227221.92821866946,324143.76746323856,246487.02264633853,50000.0,10980.913990876497,0.0
68077,0,224634.82933569097,321459.56164053455,245178.0106185813,50000.0,12690.801757206453,0.0
68078,0,224934.8814032089,321643.3635095376,246070.4209206222,50000.0,11770.92197014276,0.0
68079,0,224355.9943809248,320990.3294746136,246075.91474786782,50000.0,11627.943586665877,0.0
68080,0,225075.45254446965,321643.1814405009,246977.08377468688,50000.0,10739.2685073786,0.0
68081,0,220734.6294791792,316749.6786115878,246866.7739311949,50000.0,10804.423999854309,0.0
68082,0,220734.64739125888,316780.21743357676,246704.4601753202,50000.0,11020.438594051677,0.0
68083,0,221011.95317651593,317094.5756224394,246706.55925837733,50000.0,11168.698020461583,0.0
68084,0,223635.67661106092,320222.6887772279,245823.5168609874,50000.0,11817.646185985655,0.0
68085,0,218155.14045021142,314516.55823007494,243143.69391673087,50000.0,14470.15163826148,0.0
68086,0,218826.39518134357,315013.36111179914,244574.92319052722,50000.0,12926.037914371671,0.0
68087,0,219068.46965057624,315192.9126716856,245084.9785668213,50000.0,12377.518263847933,0.0
68088,0,216606.00229282872,312377.84242236754,245177.65606664907,50000.0,11106.787325341786,0.0
68089,0,218957.4169950014,315487.996966811,242776.47576034616,50000.0,15211.123762270154,0.0
68090,0,218867.1176924403,315427.9439787573,242541.75761053443,50000.0,15412.010595964508,0.0
68091,0,218802.23825290953,315394.0331988601,242320.54639256187,50000.0,15597.285744447174,0.0
68092,0,219121.8715371815,315707.53816425835,242583.64332887885,50000.0,15303.65335543043,0.0
68093,0,219476.73898888676,316084.7438597952,242711.00765459117,50000.0,15109.452284541854,0.0
68094,0,219553.91778473987,316187.54772488633,242620.7059633438,50000.0,15164.647914095041,0.0
68095,0,219625.4085714887,316284.2576108855,242528.19621129593,50000.0,15226.590444504493,0.0
68096,0,212452.61624481084,308676.54014993645,239850.99049481645,50000.0,14786.0356380031,0.0
68097,0,212741.02355905858,308970.11483489076,240026.02857269827,50000.0,14785.419358174362,0.0
68098,0,229259.92574749805,326038.0564389217,248822.52787169555,50000.0,8627.09689902069,0.0
68099,0,249422.7094959589,350145.61043425737,228837.91434374126,50000.0,36464.97296300656,0.0
68100,0,255610.40646035696,356122.0185420112,236893.56804892427,50000.0,29029.09201264717,0.0
68101,0,255664.18610660068,356196.27484829037,236632.78937625844,50000.0,29096.534335898265,0.0
68102,0,250563.60681853862,351051.18792128674,233386.36314013478,50000.0,31597.15627497204,0.0
68103,0,250761.49652397347,351250.4391328088,233517.08159791175,50000.0,31578.476709608378,0.0
68104,0,250448.75266237333,350922.98107748147,233491.06558140268,50000.0,31334.731219568588,0.0
68105,0,250651.9989874364,351128.09263049305,233618.75856425523,50000.0,31324.006974235388,0.0
68106,0,250330.78255032733,350791.1113505677,233599.64613580593,50000.0,31065.17836393218,0.0
68107,0,250538.52313344824,351001.1886716294,233724.2342499441,50000.0,31061.56220739287,0.0
68108,0,250265.56659093386,350718.1023685901,233660.51913547263,50000.0,30915.58076244061,0.0
68109,0,250419.0104191139,350867.76854746445,233830.37525340312,50000.0,30794.25174557903,0.0
68110,0,250198.60950273965,350643.25484565826,233720.9410592344,50000.0,30765.6501567987,0.0
68111,0,250353.15621767298,350794.0267648968,233891.33228601277,50000.0,30643.929726327424,0.0
68112,0,250133.4638323793,350570.11807736295,233783.642323181,50000.0,30614.39275476062,0.0
68113,0,250289.113252355,350721.99572784564,233954.5669930008,50000.0,30492.274891830733,0.0
68114,0,250069.28160986598,350497.9475387149,233846.52431425315,50000.0,30464.22400612242,0.0
68115,0,250224.16343204724,350649.0014395236,234017.38925844815,50000.0,30340.97082893702,0.0
68116,0,250003.36419041656,350423.9425508546,233908.96184813464,50000.0,30313.764400337317,0.0
68117,0,312765.8414375642,467043.6041728698,296584.16349312506,50000.0,24444.88013446201,0.0
68118,0,310768.474969177,466486.25561484264,294950.48910844093,50000.0,26616.423359204222,0.0
68119,0,310682.0261749729,466225.77061116893,294806.18852782296,50000.0,26660.445734089823,0.0
68120,0,287663.6848360747,448134.8777968241,272332.78631927236,50000.0,28522.558924204746,0.0
68121,0,287737.92361687595,448150.22107741114,272391.4009831248,50000.0,28449.44689145441,0.0
68122,0,287734.6232373985,448075.13250125747,272364.65504843753,50000.0,28330.11995789274,0.0
68123,0,319178.89328377414,479128.1809110797,305028.1735891333,50000.0,22750.885264208246,0.0
68124,0,305029.50641919347,472030.02651417744,292593.32741651434,50000.0,38909.49287164755,0.0
68125,0,315583.1633537412,495445.6600968189,307899.11061273195,50000.0,54384.65065558157,0.0
68126,0,315555.03131743864,495512.74160807015,307903.1028954271,50000.0,54553.97148661864,0.0
68127,0,315526.66981830273,495579.84868886584,307906.96276679897,50000.0,54723.90471935622,0.0
68128,0,345310.78165399143,530899.9295419634,340554.71857113054,50000.0,29225.876951274342,0.0
68129,0,345061.8727235672,530641.2378836491,340295.35815773526,50000.0,29416.192007881156,0.0
68130,0,345047.66183112114,530520.7005279684,340243.5641022446,50000.0,29334.841003947662,0.0
68131,0,346874.7909016774,533785.8341226934,342626.0020430067,50000.0,28568.649374683286,0.0
68132,0,347257.4939541284,534084.156001528,342989.63577927905,50000.0,28177.3761994593,0.0
68133,0,347161.2018537475,534152.5302436365,342948.5669157833,50000.0,28354.9807133642,0.0
68134,0,347232.32000736624,534137.3737032285,342991.3163832747,50000.0,28242.90520596394,0.0
68135,0,347000.92631361436,534002.4850747283,342787.45939851936,50000.0,28504.692748420595,0.0
68136,0,346949.8556925102,534070.5068402764,342776.87875681254,50000.0,28618.085384071263,0.0
68137,0,350997.55899124895,538879.5006552862,347202.9801945977,50000.0,25709.758099703864,0.0
68138,0,351164.5188588638,538981.3731308552,347351.5015027394,50000.0,25516.923166064727,0.0
68139,0,351412.12247755163,539207.0515262269,347598.0360078061,50000.0,25297.142030275954,0.0
68140,0,358889.7108683246,523516.4823912922,347580.26964763587,50000.0,31234.112544889133,0.0
68141,0,315006.62086233625,454881.8853865022,294614.9217284825,50000.0,6118.471664347932,0.0
68142,0,337580.48416720564,464014.24968196574,314402.37227521243,50000.0,23485.29885431629,0.0
68143,0,366360.2427574218,505194.8361392196,347637.6996224244,50000.0,27496.57024357892,0.0
68144,0,363350.09499957296,502814.56311251427,344703.2157651807,50000.0,24742.736372366962,0.0
68145,0,360444.7456703692,500858.8816530654,341966.749613114,50000.0,21813.533363333892,0.0
68146,0,360522.38795640145,501087.8023992317,342089.75737305183,50000.0,21718.207679130388,0.0
68147,0,369182.36565883167,503016.1608990525,349172.16471530107,50000.0,34371.89960339209,0.0
68148,0,369525.8058892895,503151.3505633533,349470.2336723325,50000.0,34813.100457705936,0.0
68149,0,370463.65238080185,508471.9104706077,351646.0489967801,50000.0,31313.07821683421,0.0
68150,0,374172.20955049805,509696.22812794545,354788.96936390665,50000.0,36187.368062032285,0.0
68151,0,357184.0321074715,482314.64011890086,334415.6308041763,50000.0,40892.72350740505,0.0
68152,0,361209.77486912743,489816.9575583662,339511.366229188,50000.0,37461.310965646975,0.0
68153,0,360848.3995668775,489399.1859456824,339122.05182746286,50000.0,37377.19847496434,0.0
68154,0,362294.914175488,491649.2008937892,340835.2289424164,50000.0,36888.27452759486,0.0
68155,0,458354.5658521221,556811.154318862,433651.59224916116,50000.0,29603.719455060633,0.0
68156,0,458412.5270141412,556865.0524305184,433735.8046818316,50000.0,29692.51089030108,0.0
68157,0,458473.1071065688,556921.2238678279,433825.0169526046,50000.0,29788.76067399806,0.0
68158,0,457484.7596685315,560603.4233035011,432252.5310940461,50000.0,17896.423434361583,0.0
68159,0,457978.29554340546,560966.7528862983,432727.66328550037,50000.0,18333.976704185323,0.0
68160,0,387156.41842994315,540329.4648289486,373187.4462121213,50000.0,47443.51975301393,0.0
68161,0,377797.2069530287,528484.2379534746,362826.7909903159,50000.0,37241.035882935466,0.0
68162,0,380404.3801112281,530675.28585619,365389.5969417699,50000.0,39715.78623785175,0.0
68163,0,384422.5452547444,535637.6787556949,369800.8043550051,50000.0,44411.16935360032,0.0
68164,0,339521.96511946496,488305.6986449665,322724.19228082977,50000.0,2383.7770372381715,0.0
68165,0,321793.5388408826,422006.8580847662,294848.8396153078,50000.0,13834.370274109642,0.0
68166,0,319477.9557223768,419131.9725660813,299117.6310530331,50000.0,1454.2640031705178,0.0
68167,0,370561.0609632398,505404.4753611443,350872.94968122715,50000.0,34211.819221254795,0.0
68168,0,372877.2106686235,507449.58026193694,353191.0436028014,50000.0,36083.759599914316,0.0
68169,0,381081.1719411969,507575.26554988045,359494.307010074,50000.0,44634.941183332856,0.0
68170,0,381337.90985750034,507870.54473954614,359769.46855083073,50000.0,44404.381683189524,0.0
68171,0,366311.3665332126,491221.00809812377,343811.5348306395,50000.0,44562.12257166038,0.0
68172,0,382876.35486033274,506482.0614847568,360592.43731933925,50000.0,42387.61401068726,0.0
68173,0,368249.72622641624,498169.3003674999,347147.9971185194,50000.0,38541.024762269524,0.0
68174,0,378384.64535055927,506172.2364024897,357051.8490539073,50000.0,46716.814273889686,0.0
68175,0,373420.99814225757,503018.5371814294,352406.8293352456,50000.0,41696.231914063545,0.0
68176,0,373932.42272274755,503521.7206639158,352933.0079660102,50000.0,42004.418244861066,0.0
68177,0,373438.9120109829,494350.5783787402,350145.06234203227,50000.0,52218.70655460789,0.0
68178,0,385473.71916475205,506100.261555916,362505.31038550934,50000.0,39905.39381811157,0.0
68179,0,386088.58413312124,506616.6530502472,363114.7130385501,50000.0,39292.58093811809,0.0
68180,0,385284.0046109068,505816.23091886594,362285.34601124964,50000.0,40115.24356795309,0.0
68181,0,385566.01887517417,506047.53867813817,362563.45677032636,50000.0,39835.24730213963,0.0
68182,0,371185.71143824194,496140.21338462655,348865.98065392434,50000.0,46411.9048183597,0.0
68183,0,373611.08474858786,495238.5129901845,350507.7198967177,50000.0,51887.164750107164,0.0
68184,0,370812.6418950618,500755.66215289145,349803.9074963185,50000.0,39825.83263663701,0.0
68185,0,370894.33564770926,500700.22393056395,349851.5687110207,50000.0,40036.54751964221,0.0
68186,0,376243.18810138607,504987.4847642772,355094.447793078,50000.0,44342.61911887774,0.0
68187,0,376335.73963019304,502197.192473165,354427.30615676235,50000.0,47762.584057926084,0.0
68188,0,373997.8792791497,501552.8989696535,352458.88460121443,50000.0,44444.325065903904,0.0
68189,0,374245.9975173041,501566.32688059064,352653.08512699016,50000.0,44863.2150711565,0.0
68190,0,374475.0422340829,501580.2720565136,352832.8257919176,50000.0,45248.075029528445,0.0
68191,0,386117.3359079803,505425.6669179443,362833.10545132763,50000.0,39530.624831565714,0.0
68192,0,385273.5243969869,504250.1301175068,361877.6926181735,50000.0,40501.07572197095,0.0
68193,0,372140.425759381,492460.39237599884,348649.85787664243,50000.0,53150.04789169666,0.0
68194,0,369671.263851657,498361.96178598684,348288.84574853553,50000.0,40807.39620329844,0.0
68195,0,372323.89003051264,494904.433165457,349423.4494703993,50000.0,50101.76820527786,0.0
68196,0,363436.2843937788,486592.88780544075,340375.5374176548,50000.0,45695.977012201336,0.0
68197,0,375000.5781968451,498787.15954933513,352504.45969970454,50000.0,49681.25118539472,0.0
68198,0,374270.0065195639,497464.90531912935,351595.2491492021,50000.0,50113.440800018405,0.0
68199,0,374829.38758436026,497297.4644170158,351984.8120545153,50000.0,50509.519757593655,0.0
68200,0,380750.1961480588,506899.73977357004,359062.03078989155,50000.0,44856.70779269158,0.0
68201,0,381133.8412738469,507140.4544910575,359420.5407867482,50000.0,44456.74405090849,0.0
68202,0,380674.1417854756,507038.15780137543,359039.9005971845,50000.0,44983.758498040894,0.0
68203,0,381028.59665045067,507263.7108228579,359371.924175211,50000.0,44614.253227402856,0.0
68204,0,380835.65703516145,506746.7124541078,359087.6229908371,50000.0,44718.33256218757,0.0
68205,0,381232.6456090388,507027.6284750781,359466.9973035875,50000.0,44312.686866798496,0.0
68206,0,386677.0389797273,510199.5633966335,364493.11355615815,50000.0,38644.55212781218,0.0
68207,0,386295.2000048426,510054.949360616,364160.68966805213,50000.0,39049.200693037936,0.0
68208,0,383187.90519408806,507504.4046593468,361098.8662914711,50000.0,42155.01825510658,0.0
68209,0,375708.6745483213,496751.2912993574,352525.5410864947,50000.0,49848.53130116571,0.0
68210,0,375303.51584373735,496491.8811562812,352144.2475822658,50000.0,50234.72125522218,0.0
68211,0,375144.35754154477,496068.7267895627,351911.724852384,50000.0,50456.130884933045,0.0
68212,0,378692.02357775875,505055.09021332883,356993.0754187971,50000.0,46868.366396647456,0.0
68213,0,372773.67299579066,507212.9632910441,353047.724886507,50000.0,36136.20689800669,0.0
68214,0,454517.6666640348,568359.8299634845,431769.9478975869,50000.0,2958.9337674847657,0.0
68215,0,446372.48690792127,555372.0894713897,422255.59280683706,50000.0,4391.647086227604,0.0
68216,0,442672.0195688855,554739.6138324928,419201.4459580972,50000.0,2751.0106670634286,0.0
68217,0,312997.65597827465,486470.9800644565,303031.18962829915,50000.0,44209.80921163957,0.0
68218,0,312690.0440186941,486310.1157629484,302761.8055171853,50000.0,44519.45305609856,0.0
68219,0,312749.7010176472,486119.94757748686,302739.22628132027,50000.0,44106.197442568744,0.0
68220,0,321515.5400035052,495163.15259974153,311915.0555623108,50000.0,42714.86167185155,0.0
68221,0,312540.95502114575,486135.70810528117,302598.63097748155,50000.0,44515.89371170959,0.0
68222,0,315736.9078902328,491114.3508078719,306515.9293821712,50000.0,46863.13099411213,0.0
68223,0,315776.89316139143,491237.8171361482,306585.75883131096,50000.0,46993.13627985056,0.0
68224,0,320096.2725549955,487400.8631087674,308343.1709411252,50000.0,32674.276341985256,0.0
68225,0,377109.79730891343,564705.0570745061,373873.7904542519,50000.0,13641.114308750888,0.0
68226,0,367400.17837325495,520634.85808918957,352865.7735680886,50000.0,28319.02103764648,0.0
68227,0,365749.74525491486,519603.77707531763,351348.71601313015,50000.0,27208.030650765366,0.0
68228,0,372664.3732541791,516111.90658665,355446.97980035964,50000.0,30528.445791125618,0.0
68229,0,377107.0465041079,476813.2301937821,348859.3262183014,50000.0,51988.5885083677,0.0
68230,0,455206.1049691328,574661.8189642285,433858.9740970559,50000.0,13439.292578096829,0.0
68231,0,387673.1126742676,512695.37351620244,365910.52698021964,50000.0,38004.75418976905,0.0
68232,0,387636.259512221,512882.9754659299,365931.08253008855,50000.0,38107.76040539915,0.0
68233,0,381647.53962221864,510770.9177596841,360774.6233167586,50000.0,45162.44099443169,0.0
68234,0,381666.85559649015,510573.04926097824,360736.7877908163,50000.0,45036.40278243345,0.0
68235,0,421314.25377611717,525747.0229725974,395445.1146333958,50000.0,24240.15545093484,0.0
68236,0,398730.8436676312,498521.660173335,371098.26487940067,50000.0,46776.98145094794,0.0
68237,0,404795.2906621208,504757.67219277105,377391.78259516193,50000.0,41927.81869118783,0.0
68238,0,414930.92523293605,513658.9592111271,391688.8699722799,50000.0,44798.97258539403,0.0
68239,0,389646.6799277235,501561.3247881829,364625.52448702697,50000.0,40160.901846187386,0.0
68240,0,384533.14478167746,490156.19642511825,357815.4560844301,50000.0,51642.46926227843,0.0
68241,0,384624.11823930015,490374.6849475194,357940.0572475477,50000.0,51410.44414476373,0.0
68242,0,395963.446506878,505463.1414580433,370552.7643545915,50000.0,36206.14444536305,0.0
68243,0,386115.77325332933,497118.75216927053,360755.61672216613,50000.0,44569.0820663626,0.0
68244,0,378315.6414450094,491138.50685498543,353143.5805678365,50000.0,51122.35419130583,0.0
68245,0,398758.57914182823,502671.03422040405,372094.7821569096,50000.0,40718.94722217868,0.0
68246,0,474501.46964551747,620556.7352445651,460564.9419828822,50000.0,27738.0453488071,0.0
68247,0,489293.4856780161,628760.242907561,473851.0620272282,50000.0,46040.71693652964,0.0
68248,0,494706.3909995935,622542.012538251,476323.562043014,50000.0,42024.085282074564,0.0
68249,0,436450.1073481165,578654.3356805056,420626.3538836176,50000.0,47937.94845752109,0.0
68250,0,437851.37505515805,584065.9379960872,423174.9728939214,50000.0,39548.52683799143,0.0
68251,0,437360.3530499106,585466.499275104,423204.88309643057,50000.0,36649.73394693022,0.0
68252,0,438203.21351200616,582853.9550082089,423098.1940894068,50000.0,42129.037099673085,0.0
68253,0,527762.2547200883,639298.8584698632,505982.83537785104,50000.0,6550.154273291954,0.0
68254,0,481695.31761232903,590376.0948850046,458325.2792233014,50000.0,5033.736113457946,0.0
68255,0,481541.7526930223,590511.0935896961,458236.89249712584,50000.0,4593.194453146026,0.0
68256,0,481752.2121232076,590924.253509984,458500.0789870349,50000.0,4559.829834456526,0.0
68257,0,536244.6025988179,636107.0232183746,511904.48256806936,50000.0,17260.977266472382,0.0
68258,0,550908.5056392066,648464.9685172339,526721.1477908745,50000.0,29536.23357498878,0.0
68259,0,551206.5285092745,648769.7350649958,526959.9584776703,50000.0,29402.21749793984,0.0
68260,0,556896.6376580544,670966.8435592615,536220.892479426,50000.0,22932.29399909166,0.0
68261,0,545772.0675075855,644299.2308880924,521298.1582280312,50000.0,25393.075743359677,0.0
68262,0,550809.0676870357,649459.8718970073,526449.8775904902,50000.0,26019.17525940964,0.0
68263,0,550524.0629748114,660149.0587661763,528688.5076163932,50000.0,11745.904053665838,0.0
68264,0,550711.4487937669,648286.4398498344,526414.1345121509,50000.0,29125.178723016586,0.0
68265,0,547422.3820483825,647232.4062182886,523267.1060405121,50000.0,22805.871535827468,0.0
68266,0,550399.8935849495,650984.4639029941,526471.468157786,50000.0,21982.816631338992,0.0
68267,0,562870.5827457425,664879.5183618506,539474.3764544824,50000.0,26312.703120605518,0.0
68268,0,533716.1078769224,640254.9715763516,510866.6281461049,50000.0,9964.003859899036,0.0
68269,0,533326.1590875551,639739.8229128809,510440.51538709394,50000.0,10489.400887297965,0.0
68270,0,551775.0397805922,663284.9242152261,530405.5457076182,50000.0,14603.662488808453,0.0
68271,0,534943.5164734237,635690.6760440128,510781.2186644624,50000.0,15525.24177136867,0.0
68272,0,492232.28468798567,589944.4582310054,470437.1258848455,50000.0,35726.88279610478,0.0
68273,0,499777.0910262549,598289.6156172127,474429.4924975768,50000.0,22755.3971138027,0.0
68274,0,512531.3076272523,610195.6507855983,489783.7556610827,50000.0,22489.650489506497,0.0
68275,0,512651.0375550657,610334.3357488101,489770.8629172316,50000.0,22095.04409675136,0.0
68276,0,633733.6309414854,734584.0724066742,611106.5997853313,50000.0,19671.831355251878,0.0
68277,0,636132.1394919695,732724.1097776825,603141.6247982357,50000.0,13602.450577182566,0.0
68278,0,650693.3637990319,749579.2211170754,620575.1387978166,50000.0,13665.759917238267,0.0
68279,0,597651.8387382033,755546.2773263151,588937.082080263,50000.0,39651.71088638373,0.0
68280,0,597218.9151173194,755273.5067905253,588543.9828921877,50000.0,39845.86979907511,0.0
68281,0,597088.7584989978,755058.0867434532,588388.2185801119,50000.0,40089.15987979206,0.0
68282,0,600699.1267406937,767415.8001222438,594548.3922073573,50000.0,21395.694172861848,0.0
68283,0,600747.0127554106,767548.5912901014,594621.5958132135,50000.0,21155.286457813756,0.0
68284,0,925733.541353765,1066095.052278625,915087.4508709662,50000.0,49825.978999707215,0.0
68285,0,909844.0555916395,1049120.6335630512,898831.6077989849,50000.0,37678.64891929024,0.0
68286,0,866441.031351673,1003857.877637184,854690.1129645016,50000.0,17578.031737777666,0.0
68287,0,926298.6314584367,1068407.3771416075,916098.8612773616,50000.0,48906.87703544144,0.0
68288,0,994547.421122326,1131783.6554807608,979648.9007960994,50000.0,38057.20711152625,0.0
68289,0,990420.5489274944,1129493.5349315898,979797.1726210563,50000.0,30676.240254025644,0.0
68290,0,990899.6692562286,1129965.2825903546,980276.8595933848,50000.0,30607.64142428861,0.0
68291,0,890774.5087858149,1081227.9070409054,893892.4085403975,50000.0,19602.612104489923,0.0
68292,0,913392.1473176302,1103878.2560891374,916624.8807513932,50000.0,31249.18748846635,0.0
68293,0,891803.1893083568,1094490.945486708,898802.764263288,50000.0,3027.985808563237,0.0
68294,0,856695.4667720099,1044819.8690849057,858928.9115616261,50000.0,17083.31457263404,0.0
68295,0,857076.0887788982,1044895.7417108066,859218.2616237854,50000.0,16803.83295926342,0.0
68296,0,843913.6360101016,1034375.6979397315,846800.4272186884,50000.0,13518.287978229237,0.0
68297,0,848928.3855780235,1034314.8580649943,850287.0055579497,50000.0,28476.34607203885,0.0
68298,0,1047810.7966348453,1195680.4129331156,1039691.2408993136,50000.0,30643.703043399502,0.0
68299,0,750868.6204178318,947814.1951542266,755277.305709302,50000.0,19667.7843270543,0.0
68300,0,765104.0276348939,948862.3292171565,765468.2499606734,50000.0,37213.97652131878,0.0
68301,0,741193.382934237,936406.0542332743,744982.0901209458,50000.0,32428.32164029694,0.0
68302,0,738082.6952671823,911360.862216482,735131.2719169869,50000.0,11667.585116260336,0.0
68303,0,1037718.2493421481,1172828.5500982262,1010273.222815759,50000.0,30406.178515612915,0.0
68304,0,1155977.5302835195,1316235.4373321848,1151528.321753766,50000.0,30497.241530297455,0.0
68305,0,1101433.3378092682,1276270.8532046464,1100803.4409946343,50000.0,24079.442891990075,0.0
68306,0,1077934.306965848,1210465.102968035,1037560.6213530281,50000.0,24116.18952040321,0.0
68307,0,1077959.6954207267,1210430.9442615425,1037416.0452543214,50000.0,24378.648810003087,0.0
68308,0,1437782.7260208132,1587535.9273567218,1409883.003051328,50000.0,70781.18509064024,0.0
68309,0,1437751.7541344306,1587462.4130077048,1409729.8520014887,50000.0,70576.84080515847,0.0
68310,0,1437578.0107736937,1587261.873221286,1409490.9587853616,50000.0,70325.02970353863,0.0
68311,0,1437348.1280127265,1586960.0468424098,1409068.0862523946,50000.0,69838.39821369249,0.0
68312,0,1437164.84555531,1586751.0288297266,1408823.514716449,50000.0,69583.51852708762,0.0
68313,0,1436715.0798929262,1586245.9190836314,1408246.236689582,50000.0,68990.9296151681,0.0
68314,0,1436552.9246400353,1586045.1966931731,1407983.6536399191,50000.0,68699.185330951,0.0
68315,0,1306599.5603394248,1452206.5613051092,1277670.4053133463,50000.0,15681.737268387558,0.0
68316,0,732047.7066309565,825655.7957883358,631454.9320348181,50000.0,1525.0549648980048,0.0
68317,0,731865.306305191,825500.3166929457,631666.1576064607,50000.0,1207.2424005849089,0.0
68318,0,732520.9336491731,826117.3272558427,631667.9967216373,50000.0,1591.3182437739076,0.0
68319,0,732551.8649200221,826194.4596682525,632296.3577739359,50000.0,678.8950969980903,0.0
68320,0,732191.045054543,825874.8127938263,632557.359240886,50000.0,588.1854561997784,0.0
68321,0,732573.401363144,826236.7099731418,632584.5472914987,50000.0,293.9363372151456,0.0
68322,0,733321.485211029,826949.0780828096,632695.3480941198,50000.0,1089.456166545879,0.0
68323,0,733611.5596550306,827264.0738671287,633246.3341181572,50000.0,956.0258389301288,0.0
68324,0,733146.0351590879,826839.1534247055,633418.9462609194,50000.0,547.1568492648955,0.0
68325,0,733694.6603937286,827367.7671153917,633580.7911622125,50000.0,940.5092623582763,0.0
68326,0,732978.9998139184,826707.7382321219,633758.2542108393,50000.0,1118.2562983571781,0.0
68327,0,732776.411424693,826529.1002428364,633917.1134741517,50000.0,1573.8622100263567,0.0
68328,0,734238.0272351035,827922.5725823168,634151.75853394,50000.0,1502.5996746394344,0.0
68329,0,733593.0976877835,827322.734864763,634245.406600564,50000.0,1406.756536654501,0.0
68330,0,733885.7601402712,827600.9038341489,634281.2143902375,50000.0,1411.8462598763726,0.0
68331,0,733230.0459267845,826991.0237455827,634377.5008337792,50000.0,1816.4018372268893,0.0
68332,0,734459.1196953998,828162.3991496424,634569.2402767461,50000.0,1814.0270817413825,0.0
68333,0,453251.45193668245,549201.9796487405,444847.3392731072,50000.0,5954.070685404776,0.0
68334,0,453828.08666872774,549735.377630277,445615.5775526009,50000.0,5346.560271863307,0.0
68335,0,453673.81370959315,549628.5238917194,445213.86110591795,50000.0,5543.256364587231,0.0
68336,0,454178.57854010316,550097.4780109238,445875.4125780474,50000.0,4998.204739445745,0.0
68337,0,468243.31488792266,565233.2457385539,452704.3999347958,50000.0,20326.963625297518,0.0
68338,0,485672.4566640264,582849.7173176346,467758.93908572587,50000.0,34663.49947888041,0.0
68339,0,485332.76955291,582533.423898623,467296.1677209771,50000.0,34668.940139142025,0.0
68340,0,463913.20658947364,560788.1821314375,449389.2618151455,50000.0,16696.563566378387,0.0
68341,0,463734.70772470086,560597.9484726419,449294.6904176287,50000.0,16446.461523921396,0.0
68342,0,463561.6224309407,560412.96988471,449206.0030106329,50000.0,16196.56089646442,0.0
68343,0,455605.1926241163,551520.5750072309,447210.7443952319,50000.0,3572.2101352156146,0.0
68344,0,455708.37738213514,551598.1090182818,447445.90850217215,50000.0,3474.930571176677,0.0
68345,0,455898.66426684416,551758.3782167607,447784.8500657758,50000.0,3350.1196883616767,0.0
68346,0,455284.79030754394,551178.7407476822,447032.05633396073,50000.0,3894.6593299166875,0.0
68347,0,455431.10054353345,551298.38453981,447312.2440062297,50000.0,3791.279265887717,0.0
68348,0,454977.1807646948,550851.749688708,446853.81651747256,50000.0,4227.429413162241,0.0
68349,0,454616.90293847636,550511.113456312,446414.4758866458,50000.0,4562.6242437520095,0.0
68350,0,473659.4953382704,569995.6450580942,461580.2886243247,50000.0,16284.370123828492,0.0
68351,0,473094.8684877357,569439.4335604599,461008.15135175776,50000.0,15839.112833593585,0.0
68352,0,390731.998228353,489411.04867740563,370205.62987397687,50000.0,37889.722155291434,0.0
68353,0,391156.710783044,489844.6892225157,370516.23569319904,50000.0,38288.06779882122,0.0
68354,0,391697.3071997536,490381.1580340382,371034.5620534309,50000.0,38562.7371500413,0.0
68355,0,391374.515619802,490035.5287840444,370925.26588677097,50000.0,38015.14417749476,0.0
68356,0,390971.401476807,489612.6782275699,370718.7469209946,50000.0,37465.43990667169,0.0
68357,0,390581.6821946857,489212.75843479735,370448.98671096197,50000.0,37068.97561119651,0.0
68358,0,391436.51868246624,490074.348731394,371163.5553565332,50000.0,37706.80254693475,0.0
68359,0,392793.92726148455,491388.20304019866,372724.0811042582,50000.0,37949.61671173554,0.0
68360,0,393076.4746036166,491693.5041302349,372800.3622548509,50000.0,38465.20965115166,0.0
68361,0,393375.8964121656,491967.24696325854,373270.05711160944,50000.0,38296.6485973498,0.0
68362,0,306071.7716238145,403053.794479082,308323.97215797415,50000.0,41702.392499466085,0.0
68363,0,306471.33322184597,403460.53353691474,308614.2253177036,50000.0,41495.27002550768,0.0
68364,0,377345.26348538365,472614.66409212386,379631.3438023397,50000.0,13715.64246090204,0.0
68365,0,376099.8847766404,471457.252159515,378068.07956988044,50000.0,14847.598263559074,0.0
68366,0,375559.9760980832,470888.5939869391,377737.919950614,50000.0,15413.959030116544,0.0
68367,0,375306.1174713629,470569.26379391004,377851.48455676966,50000.0,15756.893068859115,0.0
68368,0,374838.12448039587,470060.75955993094,377644.7164694822,50000.0,16297.093727020549,0.0
68369,0,374931.2063284184,470062.8004455779,378193.93934660056,50000.0,16425.103824975955,0.0
68370,0,374949.365902125,470033.5071947754,378451.80612336245,50000.0,16550.48783907818,0.0
68371,0,374744.5127973737,469794.12897932885,378445.18646462465,50000.0,16864.80631491233,0.0
68372,0,375205.4912337028,470244.75128462585,378906.99218275206,50000.0,16455.427639369984,0.0
68373,0,375228.1507983403,470222.33210145566,379154.9889770437,50000.0,16605.038071305782,0.0
68374,0,374435.65897244506,469601.3563781669,377579.65270646295,50000.0,16823.136714288503,0.0
68375,0,374378.983306236,469503.25118894427,377741.0747908661,50000.0,16988.000169965566,0.0
68376,0,374339.2174770688,469410.64818575414,377974.7153935622,50000.0,17185.95404815474,0.0
68377,0,374366.13486299716,469379.72486047907,378291.62612774037,50000.0,17358.984960453447,0.0
68378,0,373667.8869060905,468737.48783128464,377388.2535297635,50000.0,17846.476005949287,0.0
68379,0,370068.36415292387,459944.04990411026,384830.2325483582,50000.0,35984.71052290907,0.0
68380,0,369852.41900166345,459680.8940233521,384370.3792744752,50000.0,35615.424177781235,0.0
68381,0,369645.6905781772,459440.8496189186,384034.0203483337,50000.0,35367.02406224479,0.0
68382,0,373915.4185977286,463402.88337266556,382375.67407454894,50000.0,32156.05074539997,0.0
68383,0,373713.82680374634,463101.2662567212,381467.5170516813,50000.0,31306.74416457811,0.0
68384,0,373207.9979843801,462603.7374065254,381420.4010388425,50000.0,31427.60253153302,0.0
68385,0,371088.0122806841,460641.66653894173,382284.6321227609,50000.0,33061.23760482047,0.0
68386,0,371520.97232513083,461029.7832070499,381999.2935886026,50000.0,32611.96253830752,0.0
68387,0,372180.6152236067,461640.1835161342,381729.17684922874,50000.0,32097.876967083102,0.0
68388,0,370619.6898764933,460158.4708148569,382049.1309124546,50000.0,33012.65154765608,0.0
68389,0,371921.1741865882,461351.41130337573,381417.5632938178,50000.0,31883.023660476807,0.0
68390,0,372395.26023531076,461777.46747953974,381115.5935245609,50000.0,31407.93949780133,0.0
68391,0,373150.4895411003,462468.07934852445,380737.4010836853,50000.0,30763.021055845315,0.0
68392,0,373654.9247333494,462930.55946661875,380495.7220390367,50000.0,30350.10430028811,0.0
68393,0,370470.46973580186,459968.20275140385,381662.96823824313,50000.0,32691.719673781725,0.0
68394,0,371942.62839669385,461312.91411161935,380909.2328526532,50000.0,31369.426281183318,0.0
68395,0,372925.4255393404,462210.54849641386,380407.7585255632,50000.0,30511.799060793368,0.0
68396,0,370391.7536257013,459848.3396132684,381292.782242247,50000.0,32359.225488538203,0.0
68397,0,370947.1015785016,460342.226483395,380893.76953322213,50000.0,31740.44106780245,0.0
68398,0,371891.83566387213,461220.1742007059,380539.1320394771,50000.0,31020.907013338405,0.0
68399,0,370716.56266706804,460079.25648670504,380564.54376712936,50000.0,31509.147648454218,0.0
68400,0,371288.1025958428,460604.4286071759,380298.89655439893,50000.0,31017.053206102624,0.0
68401,0,371972.27608160215,461209.14152193564,379777.7276243785,50000.0,30234.82601384541,0.0
68402,0,370374.68560013134,459701.536104763,380181.88839138934,50000.0,31274.797988840975,0.0
68403,0,370663.1965202559,459934.9758593272,379778.37719250354,50000.0,30758.2202038311,0.0
68404,0,370079.082621234,459368.22011629585,379794.8080767217,50000.0,31021.599139536247,0.0
68405,0,370392.73395719135,459620.46042187366,379343.65864165523,50000.0,30446.16584085184,0.0
68406,0,369603.4824037895,458868.6285460924,379485.10132884025,50000.0,30927.937321156798,0.0
68407,0,370237.6637191854,459410.03508233355,378840.10987639165,50000.0,30021.19549897517,0.0
68408,0,369502.17455649254,458713.93105178897,379010.3678036911,50000.0,30512.609219087448,0.0
68409,0,370203.06414552114,459331.0253991419,378456.93169981445,50000.0,29663.058050373264,0.0
68410,0,370741.63109766965,459798.6503913584,377977.350497172,50000.0,28961.79933036169,0.0
68411,0,367437.3152589371,456979.93179545953,381364.65638519614,50000.0,33743.816495056395,0.0
68412,0,367278.96145587275,456765.35180484055,380850.6025879,50000.0,33327.17686113857,0.0
68413,0,366974.8877184307,456423.0825274442,380459.1596748057,50000.0,33102.61319566099,0.0
68414,0,367946.56426415115,457467.99270918826,381296.87903782655,50000.0,33438.111240034916,0.0
68415,0,366371.3255280652,455679.198729459,379140.37703661405,50000.0,32162.00780876036,0.0
68416,0,367872.1962056503,457338.11128139874,380807.2120785259,50000.0,33001.31706387528,0.0
68417,0,366895.6984533836,456247.0477795116,379620.9191597201,50000.0,32346.169269297603,0.0
68418,0,367703.20363624283,457121.5958022956,380365.7381962799,50000.0,32657.940468260305,0.0
68419,0,367424.28549708804,456786.63063833874,379829.04228348023,50000.0,32280.47253752242,0.0
68420,0,366916.8888899778,456212.0658867115,379150.6811885302,50000.0,31890.60167258099,0.0
68421,0,367369.6214106396,456672.5415996514,379314.1526090731,50000.0,31817.45915039158,0.0
68422,0,360354.64097969886,451800.1599767037,381756.3125807687,50000.0,51737.823010841144,0.0
68423,0,360738.18581433804,452195.52380579273,382047.627530142,50000.0,51744.56851269855,0.0
68424,0,361034.02031581535,452517.45896696177,382205.1555843585,50000.0,51902.74205560747,0.0
68425,0,361314.76088207465,452826.6620435517,382339.8976003058,50000.0,52088.6935155926,0.0
68426,0,361609.806489377,453148.1600897181,382495.08879116835,50000.0,51980.41743852757,0.0
68427,0,361879.8395008363,453445.5715284612,382624.4167542418,50000.0,51609.9425571402,0.0
68428,0,370000.75287135364,459056.93867953285,377806.83197627997,50000.0,29121.744663142897,0.0
68429,0,305034.1384231394,396367.88055365713,334455.3868955392,50000.0,10596.223663231125,0.0
68430,0,304335.20877757575,395646.9517899685,333952.0614494899,50000.0,10719.726392128561,0.0
68431,0,303758.64655921556,395026.9090483162,333634.7706943548,50000.0,10689.899258145088,0.0
68432,0,302454.109650083,393883.87382979254,331913.1080017546,50000.0,12406.463849223555,0.0
68433,0,303049.94867041823,394400.0340017548,332722.8379063776,50000.0,11581.429279659898,0.0
68434,0,302312.7560378078,393638.656925986,332197.06241578807,50000.0,11820.736124816107,0.0
68435,0,303451.4574189403,394635.4731676891,333700.3013832829,50000.0,10302.861007223362,0.0
68436,0,301268.1389939066,392548.05479572713,331497.6889091994,50000.0,12170.172639629496,0.0
68437,0,301807.76851904776,393014.1145309661,332233.4851644276,50000.0,11406.670656308734,0.0
68438,0,302569.58014230407,393715.84604871814,333103.55041137896,50000.0,10583.65120512988,0.0
68439,0,303534.06534351077,394615.3414734901,334162.6579128472,50000.0,9620.377847542983,0.0
68440,0,301171.98304719233,392296.95487538463,332011.3864630331,50000.0,11383.012705575986,0.0
68441,0,302049.9926080775,393128.07028244453,332927.36950616474,50000.0,10532.950441410556,0.0
68442,0,300515.28869761847,391635.3740978523,331479.19872080366,50000.0,11824.883182823298,0.0
68443,0,301222.86105902866,392272.57960249064,332340.8606982925,50000.0,10961.91920638662,0.0
68444,0,301832.60069610615,392806.5029984218,333140.5074676187,50000.0,10143.22750905444,0.0
68445,0,302924.2513378531,393934.17118202674,333921.2920649018,50000.0,9580.329588763138,0.0
68446,0,304221.64995502034,395166.71752465883,335258.74969773885,50000.0,8398.404653584654,0.0
68447,0,305543.5146799547,396471.9260044974,336435.54500281886,50000.0,7580.081089283005,0.0
68448,0,306259.9949299833,397196.8574167238,337007.8766891542,50000.0,7320.285341926092,0.0
68449,0,306479.78326787904,397462.1830161422,337020.71847511496,50000.0,7558.098658208114,0.0
68450,0,306933.5134624827,397963.4252764572,337223.08229729946,50000.0,7758.743312204556,0.0
68451,0,343206.0173561823,432127.36980056093,371775.2706474259,50000.0,23933.681133541115,0.0
68452,0,343390.3753463541,432259.62448247004,371390.64499985095,50000.0,23780.13331228851,0.0
68453,0,343217.18605941744,432038.71227524907,370988.7695108337,50000.0,23384.457019532074,0.0
68454,0,351657.80027839483,427070.41370409477,282790.7739177682,50000.0,37307.12902925711,0.0
68455,0,350806.0843301455,426285.71227585716,283229.39047993085,50000.0,37226.10187230845,0.0
68456,0,351222.95735450886,426657.57591145096,282945.33587202535,50000.0,37374.58603328663,0.0
68457,0,350432.60809272074,425967.5502439772,283568.9816681956,50000.0,36784.44516591182,0.0
68458,0,350378.4141016953,425820.6233642182,283047.7540944675,50000.0,37208.00321132436,0.0
68459,0,350850.5980368843,426253.6029839625,282792.2533551268,50000.0,37616.13308624783,0.0
68460,0,398129.5852082054,487501.7057876247,387788.9874188074,50000.0,37842.1079083224,0.0
68461,0,398237.976409814,487657.3881889878,388245.0412048016,50000.0,38275.97043860316,0.0
68462,0,398018.8532690096,487498.6060186354,388722.6272974959,50000.0,38629.430341383675,0.0
68463,0,397882.73324356455,487411.77703561384,389126.0973107166,50000.0,38946.40908145139,0.0
68464,0,398047.7062866106,487364.7494823634,387271.9587029468,50000.0,37363.80573335798,0.0
68465,0,397890.58877837507,487473.92125047866,389617.9357523431,50000.0,39386.047449824066,0.0
68466,0,397796.709988405,487234.4292983061,388279.516471512,50000.0,38171.04583192616,0.0
68467,0,410952.3249383214,493664.71971381304,336588.5506615061,50000.0,37341.43290606504,0.0
68468,0,410323.9291733066,493008.0900670545,336226.31557253475,50000.0,36943.289099095295,0.0
68469,0,411151.7529270831,493758.24998514215,335832.7953176339,50000.0,37933.164720396206,0.0
68470,0,410495.5053113125,493101.2020480685,335672.46706549666,50000.0,37405.59862227915,0.0
68471,0,409972.5289215331,492520.2174185257,335112.207556502,50000.0,37230.58540803268,0.0
68472,0,409803.59611217055,492303.21540018596,334710.4874701182,50000.0,37302.45382454329,0.0
68473,0,410737.5259123434,493268.77529185347,335166.21330158086,50000.0,37910.721988248144,0.0
68474,0,411456.39715528785,493976.3825529674,335249.87018815236,50000.0,38535.7316839119,0.0
68475,0,411484.18496093893,493928.8151563984,334686.9269835356,50000.0,38872.26439295806,0.0
68476,0,410431.62946879346,492889.53764977347,334541.36280192115,50000.0,37978.01386106575,0.0
68477,0,410174.7252061509,492567.3804384442,333990.40199605754,50000.0,38057.850690886,0.0
68478,0,410084.58312333905,492400.06399096234,333389.4209757384,50000.0,38326.92421215842,0.0
68479,0,411212.797295823,493569.7678037083,333962.2926348512,50000.0,39028.82873583101,0.0
68480,0,411924.69123296853,494211.9240260245,333603.3206218147,50000.0,39322.04861933097,0.0
68481,0,400080.6303963838,481098.83293882903,321802.0596741866,50000.0,34281.37266268641,0.0
68482,0,396267.7191271862,477749.81588727084,324448.07598752447,50000.0,31007.869104835598,0.0
68483,0,396597.35806203366,477898.5817575692,323207.44462625205,50000.0,31084.471906812312,0.0
68484,0,395946.28632363916,476742.23626552103,319494.9687634056,50000.0,29996.886309791054,0.0
68485,0,398036.242908417,479281.7640667496,323063.5270417721,50000.0,32453.833271845157,0.0
68486,0,398896.86000334035,480067.33316982666,322679.7811303718,50000.0,33233.22072105539,0.0
68487,0,399132.49180023634,480157.1620222439,321676.6168773239,50000.0,33336.84654972911,0.0
68488,0,402156.124778466,482661.9234534481,318516.4479816096,50000.0,36138.76809904995,0.0
68489,0,401250.9613845457,482035.8420919526,320344.229055085,50000.0,35309.38072541284,0.0
68490,0,401051.5363728393,481953.56999273255,321146.7942428412,50000.0,35172.76520582868,0.0
68491,0,401441.1278625476,481990.5643170852,318697.8439197619,50000.0,35428.36295101257,0.0
68492,0,401414.6441117287,481842.2162782425,317826.10913671285,50000.0,35393.69459833443,0.0
68493,0,400129.8004169579,481460.3810636194,324059.8253210149,50000.0,34643.28066186027,0.0
68494,0,399419.7319922843,480694.1544797711,323522.9591517675,50000.0,33868.17128357732,0.0
68495,0,359290.18362740707,441604.5847016232,325546.2308513727,50000.0,5248.932079532891,0.0
68496,0,359339.3455466587,441737.95757153485,326119.569157063,50000.0,5612.656712305857,0.0
68497,0,359371.314572822,441884.1943304538,326896.8552690107,50000.0,6179.976214428706,0.0
68498,0,359103.39050920814,441706.30986361555,327486.8979045449,50000.0,6812.755206214481,0.0
68499,0,359335.1593839109,442017.86412707256,328049.3319688619,50000.0,7141.9303722186605,0.0
68500,0,359557.38404624775,442299.2586548579,328471.9418796813,50000.0,7388.418892612392,0.0
68501,0,360045.8271948269,442842.9705640177,328892.308361907,50000.0,7537.331620297234,0.0
68502,0,360169.13505794836,442902.1992237981,328464.478633008,50000.0,7095.528634412791,0.0
68503,0,360552.5174971264,443358.38579726894,328997.03459702147,50000.0,7433.123622397661,0.0
68504,0,360861.9459905555,443585.15371422836,328458.035242515,50000.0,6815.7693924225205,0.0
68505,0,367981.1396193726,450943.8643208648,330843.0577714039,50000.0,9860.377960963528,0.0
68506,0,367725.0554438197,450742.6419456554,331198.3620803961,50000.0,10061.32282257493,0.0
68507,0,368256.1274131195,451340.071150712,331726.1101552603,50000.0,10755.917451912339,0.0
68508,0,368232.00379202893,451386.2001248498,332217.86943700194,50000.0,11180.307779100262,0.0
68509,0,368084.801571422,451322.0945896937,332786.40073349426,50000.0,11630.769239843386,0.0
68510,0,367930.9014011025,451241.64443828346,333286.81315481925,50000.0,12028.511232247403,0.0
68511,0,367811.47764425416,451196.570642063,333798.42698074086,50000.0,12457.835191246853,0.0
68512,1,439262.21327012463,517210.3401815707,308414.44262108806,50000.0,49802.44141966108,9.0
68513,1,439082.0454111383,516981.3880691723,308014.471514126,50000.0,50192.101264444944,8.0
68514,1,438880.793638712,516732.8551145315,307620.3730178119,50000.0,50574.45574052389,9.0
68515,1,438699.31660045375,516504.890075368,307237.75500335573,50000.0,50947.26772159925,11.0
68516,1,438520.4083833213,516279.91306406277,306859.36226508464,50000.0,51316.39207960623,14.0
68517,1,438413.31955676794,516126.7279020007,306499.9495211177,50000.0,51671.98580099101,12.0
68518,1,438317.593287961,515984.3666104748,306140.00631197635,50000.0,52029.01415032104,15.0
68519,1,438257.0099031736,515875.6961598417,305779.10445190646,50000.0,52389.60118022291,13.0
68520,1,438282.776176393,515851.72086349054,305428.94912742695,50000.0,52745.66833901925,18.0
68521,1,438360.7940550705,515880.5661890009,305096.6006780969,50000.0,53087.830733424846,14.0
68522,1,438460.04597577057,515931.0241286866,304772.65732421435,50000.0,53423.502037511535,18.0
68523,1,438576.95101503097,516000.19801005523,304461.075167805,50000.0,53748.55980429347,14.0
68524,1,438697.81233141455,516072.97570683423,304148.18787433876,50000.0,54075.80570509104,19.0
68525,1,438849.72328428493,516180.5643118854,303870.36642358487,50000.0,54370.8982552529,18.0
68526,1,439006.3449985184,516288.90998157917,303565.67662879446,50000.0,54694.4160175039,20.0
68527,1,439178.82596561377,516415.95299749414,303285.5242870345,50000.0,54995.42501729664,20.0
68528,0,421328.2296362951,498526.85307710385,298928.23205394234,50000.0,58985.82594053253,0.0
68529,0,421465.28160911275,498696.5106469755,299181.98482161603,50000.0,59038.927919038884,0.0
68530,0,421602.4679712815,498866.26173327304,299435.77436042234,50000.0,59093.25896761852,0.0
68531,0,421739.78859165916,499036.10624056845,299689.60057693766,50000.0,59148.81569938531,0.0
68532,0,421190.8940692379,498357.4628741918,298678.53509083,50000.0,58932.215750486226,0.0
68533,1,501939.13001046673,575382.7204507712,297085.25287772366,50000.0,60352.057511795625,6.0
68534,1,501694.30047881865,575059.811153179,296421.4385224409,50000.0,61010.61187544609,6.0
68535,1,501498.3654586988,574800.2018286039,295882.33051714365,50000.0,61545.18113655279,7.0
68536,1,502126.73957843246,575431.2381087085,296161.98899501987,50000.0,61191.50780920197,7.0
68537,1,502145.8568358675,575496.5292542232,296502.1201605036,50000.0,60868.60933137869,6.0
68538,0,579907.9343891669,658008.51433585,372655.94838049466,50000.0,47020.62110066597,0.0
68539,0,579885.0899060208,657954.5564829187,372395.04403821967,50000.0,47055.23869488786,0.0
68540,0,579864.4643201985,657902.6578467252,372134.3440589412,50000.0,47094.002151474095,0.0
68541,0,579845.1775421788,657853.7524033579,371887.7142297665,50000.0,47132.516485324195,0.0
68542,0,580271.3615511247,658373.0804919018,372883.2717324398,50000.0,47372.03039823545,0.0
68543,0,580261.3698226799,658332.6174778193,372635.1607958204,50000.0,47417.38480020474,0.0
68544,0,580251.0851343481,658289.3092160589,372366.74526411167,50000.0,47468.84627245949,0.0
68545,0,580240.2012720122,658248.8035683227,372125.11588547047,50000.0,47514.96677731355,0.0
68546,0,580671.2572808919,658760.2266326105,373022.3871526163,50000.0,47783.76535772425,0.0
68547,0,580878.6663638845,658946.2235869725,372977.08310841076,50000.0,48023.95753006447,0.0
68548,0,579887.7979242406,659379.5783316138,383842.1082100368,50000.0,46239.165983031526,0.0
68549,0,580159.0731713154,659630.5544073787,383839.8900867683,50000.0,46495.65759722922,0.0
68550,0,580480.5205380216,659943.8571175543,383967.13663031784,50000.0,46811.64003741019,0.0
68551,0,580795.1188698303,660254.2466131689,384122.506024313,50000.0,47123.6358062408,0.0
68552,0,581108.6064157954,660559.4868079508,384244.45563554595,50000.0,47431.808403588584,0.0
68553,0,581366.5307191671,660795.0251454315,384217.8106263598,50000.0,47675.32579043469,0.0
68554,0,581430.9995089126,660880.7408989873,384429.8813230995,50000.0,47753.7958553889,0.0
68555,0,581048.1136462132,660536.7512002859,384515.75383312104,50000.0,47398.21707309336,0.0
68556,0,580737.7485181309,660223.5355988294,384305.24540472607,50000.0,47085.416745950475,0.0
68557,0,580253.0515183071,659650.2012558747,383290.97763210454,50000.0,46541.431451138866,0.0
68558,0,581079.177590783,660457.8664051344,383638.76643602736,50000.0,47358.26682586708,0.0
68559,0,506725.44958855055,580128.2470128895,298811.5946695594,50000.0,58187.80895045021,0.0
68560,0,507017.45233078377,580420.7533150645,298940.52768520254,50000.0,58044.9379450065,0.0
68561,0,507310.70311586757,580726.5468228587,299157.21491146315,50000.0,57817.314831387426,0.0
68562,0,506807.6838875308,580263.4798849005,299229.7565936013,50000.0,57774.77774908098,0.0
68563,0,506511.15832661476,579967.4468784443,299106.1855418187,50000.0,57914.60239061827,0.0
68564,0,506305.46824246395,579744.9781290959,298896.92483382684,50000.0,58132.42526527381,0.0
68565,0,506405.4293809771,579820.1372040202,298760.5508600357,50000.0,58258.08084445537,0.0
68566,0,506625.5203601477,580054.6994342908,298959.3148551562,50000.0,58049.98881992602,0.0
68567,0,509107.4823947327,583098.4691183124,304111.2573966448,50000.0,52872.427729420575,0.0
68568,0,508950.7889918039,582907.532247843,303793.1556879357,50000.0,53192.15451782349,0.0
68569,0,508794.74922018935,582717.3313266217,303476.16752127925,50000.0,53510.77915236975,0.0
68570,0,508637.28043126536,582525.6177463224,303158.1749996568,50000.0,53830.49097248815,0.0
68571,0,508480.5018512394,582334.5154946769,302840.138754857,50000.0,54150.22931339182,0.0
68572,0,508324.9146970736,582144.6482547434,302523.1667634722,50000.0,54468.8817085229,0.0
68573,0,507824.9817609395,581643.1404636853,302294.6925136921,50000.0,54723.64922942674,0.0
68574,0,507665.0009527997,581447.8663054492,301968.9746755217,50000.0,55051.353296084395,0.0
68575,0,507497.8799268159,581247.0525741123,301652.0312907335,50000.0,55371.061501523895,0.0
68576,0,507343.2818675003,581057.9843404744,301335.0896796292,50000.0,55689.91139332716,0.0
68577,0,507187.382523852,580867.0432071708,301013.67057206435,50000.0,56013.22497699464,0.0
68578,0,507024.91332962405,580668.8627895159,300684.8060638008,50000.0,56344.26437067269,0.0
68579,0,508167.47867575573,581952.4019492078,302201.7672949887,50000.0,54791.98902723693,0.0
68580,0,508004.78552350093,581753.1833412822,301865.8675171019,50000.0,55129.58696260982,0.0
68581,0,507844.0117906077,581557.3034291317,301541.35334040446,50000.0,55455.983652055096,0.0
68582,0,507684.89043858176,581363.4034803321,301220.169924184,50000.0,55779.05590774516,0.0
68583,0,507531.02869062324,581175.4675677922,300906.60004060384,50000.0,56094.402097137005,0.0
68584,0,507379.06659466506,580988.7878275539,300589.411309715,50000.0,56413.18042629632,0.0
68585,0,506380.1521404107,579990.4261858072,300163.89339754736,50000.0,56898.81178059379,0.0
68586,0,506235.5924355793,579813.556846408,299868.0860085001,50000.0,57196.685218925384,0.0
68587,0,506090.6243957572,579636.2834987983,299572.3358025592,50000.0,57494.55742779049,0.0
68588,0,505943.7149692936,579456.8643470482,299274.47963487473,50000.0,57794.647518034,0.0
68589,0,505802.4442794765,579282.3301573299,298973.7863577745,50000.0,58097.02639032544,0.0
68590,0,506718.1107119463,580293.8586120963,300058.92163881555,50000.0,56974.18442884774,0.0
68591,0,506572.1706466566,580115.3906291329,299760.8942902806,50000.0,57274.15436074358,0.0
68592,0,506281.96047166694,579759.2878068987,299160.11556171643,50000.0,57878.61486630624,0.0
68593,0,506135.4374165034,579579.8819795368,298859.8875170827,50000.0,58180.824118498196,0.0
68594,0,506873.13517756667,580483.5979961891,300376.897940599,50000.0,56654.20796690766,0.0
68595,0,507066.4082068408,580607.239140896,299955.9003769044,50000.0,57050.509218113075,0.0
68596,0,507221.35433826817,580796.5854615973,300271.6197991849,50000.0,56732.929903124714,0.0
68597,0,537771.7735366812,611459.2237185466,315472.66159738036,50000.0,48886.21199907378,0.0
68598,0,263623.94774316787,341281.0642702562,311202.69203047093,50000.0,13158.161812488528,0.0
68599,0,263458.51189027634,341159.3918027485,311439.3776445854,50000.0,13278.533025697378,0.0
68600,0,263079.39985115745,340708.72462569893,311257.7430096782,50000.0,13731.52879503237,0.0
68601,0,262998.07781843445,340679.2665478032,311501.60064011166,50000.0,13758.620503660406,0.0
68602,0,262917.488447187,340650.1567474125,311743.79759072285,50000.0,13789.803110719717,0.0
68603,0,263291.12009263155,341036.6397125354,311680.40522332495,50000.0,13403.709921138608,0.0
68604,0,263158.2534211819,340736.0844657625,311016.4134385426,50000.0,13710.949622982567,0.0
68605,0,263108.68850175285,340964.9344946699,312205.6185734763,50000.0,13496.020741079486,0.0
68606,0,263431.3565802557,341240.5545608009,311905.7000210724,50000.0,13208.198673121731,0.0
68607,0,263751.9519701217,341513.65968439134,311604.5237718395,50000.0,12927.275141181217,0.0
68608,0,168399.99567380876,259141.43484200153,233147.06601615011,50000.0,3362.935728431657,0.0
68609,0,168645.14749972025,259332.64164550186,233479.30381263135,50000.0,3032.713586043988,0.0
68610,0,168084.23457629702,258791.31527613502,233058.37334630845,50000.0,3519.845154727985,0.0
68611,0,168714.3033735625,259489.99565686862,233235.045987991,50000.0,3242.324299787852,0.0
68612,0,168330.10378255448,258982.9978198999,233391.24387267962,50000.0,3194.6407984940233,0.0
68613,0,168959.18153198954,259681.06478951176,233567.27357845893,50000.0,2909.908890381966,0.0
68614,0,174361.71573156415,264986.4003513083,237369.29786607999,50000.0,3857.01117987802,0.0
68615,0,174516.57799484863,265214.91555125103,237227.6161943811,50000.0,4191.745869047748,0.0
68616,0,174671.79872812566,265443.51501419506,237085.9264615161,50000.0,4536.912096997066,0.0
68617,0,160011.39911525586,245198.5687155408,243333.7000712255,50000.0,8356.415112026398,0.0
68618,0,172702.09667593215,259724.59889016388,247006.90374553428,50000.0,3168.1395967902367,0.0
68619,0,172914.03087329303,259969.70735664057,247058.69171045403,50000.0,3426.5013831789856,0.0
68620,0,168705.72361365106,256509.71536118985,242206.49330886008,50000.0,3742.386777434341,0.0
68621,0,168850.59103605303,256561.79588503178,242560.21944009,50000.0,4128.04452535679,0.0
68622,0,168995.57644001738,256613.60885558097,242914.1389504331,50000.0,4515.4708202692245,0.0
68623,0,150165.77374797553,228784.80735434362,250718.85014273608,50000.0,3966.724909973356,0.0
68624,0,161645.27592411044,243106.10367412717,252839.24721345995,50000.0,9863.006401805553,0.0
68625,0,161652.64702029125,243005.59530563824,253070.96013827136,50000.0,10097.528617342117,0.0
68626,0,161661.95197958554,242906.84688131994,253303.46584765706,50000.0,10337.848996351733,0.0
68627,0,150466.87651657875,230942.60175423478,247378.02279132814,50000.0,2493.8049330424496,0.0
68628,0,150402.1219150133,230764.16524286318,247558.87419007416,50000.0,2199.703370132708,0.0
68629,0,152957.39962411253,233594.41311928438,248705.21152958358,50000.0,5008.213423594284,0.0
68630,0,152970.1322146868,233452.04598168033,249022.45721747208,50000.0,4770.455510886936,0.0
68631,0,153404.49286830812,233850.45567252347,249382.68744992316,50000.0,5137.809074192875,0.0
68632,0,185629.87924350743,259585.90723467644,284383.7310491472,50000.0,30316.084063124807,0.0
68633,0,185831.95577650084,259739.32002989386,284620.6739143323,50000.0,30505.438680332376,0.0
68634,0,185963.084031846,259804.59341653698,284834.17631814483,50000.0,30730.797825125715,0.0
68635,0,194117.8394641132,276210.13732027553,274373.7564234294,50000.0,2765.640014685452,0.0
68636,0,194506.1515310875,276569.18766816164,274726.16574982466,50000.0,3056.9828645602083,0.0
68637,0,186641.58935190673,270012.1411736917,265956.2483172684,50000.0,6074.303407019894,0.0
68638,0,186517.52814810173,269824.7489576608,266018.69613036735,50000.0,6117.437770734993,0.0
68639,0,186884.8284418831,271186.0023292662,263863.8026088887,50000.0,7911.92261847746,0.0
68640,0,187355.7829810382,271661.381831567,264188.0164654986,50000.0,7653.179424823515,0.0
68641,0,187212.42321136565,271424.29226200207,264318.2016336552,50000.0,7455.058794929895,0.0
68642,0,186394.77544289417,269636.5478913241,266086.70115751727,50000.0,6171.6138775836,0.0
68643,0,198577.59114820528,271841.9139056816,295464.5111510373,50000.0,33924.9229321721,0.0
68644,0,198505.16959186844,271700.70801852806,295529.38438298757,50000.0,34139.203343306865,0.0
68645,0,201991.1001519657,271213.74827700446,304877.89700958726,50000.0,47077.380558709396,0.0
68646,0,202084.8211923176,271235.08797929133,305066.64113246696,50000.0,47312.61216231071,0.0
68647,0,198160.85945823722,271369.9261479534,295239.85152966017,50000.0,34057.890395367045,0.0
68648,0,198160.66646374058,271473.15407997154,295058.0556709071,50000.0,33722.53760089528,0.0
68649,0,194695.74571721267,267847.4100061761,292673.4710156681,50000.0,34064.04992635675,0.0
68650,0,194221.208858573,267471.85783126333,292137.240866093,50000.0,33744.7818725208,0.0
68651,0,194411.68541068537,267611.563927963,292371.67996367195,50000.0,33908.15992285606,0.0
68652,0,203408.11946502025,272740.1190279012,305823.2984508831,50000.0,46997.98936118617,0.0
68653,0,203469.78877220888,272905.2924243006,305706.6634287981,50000.0,46696.106348435744,0.0
68654,0,203532.04925282413,273070.8215704693,305590.39325480146,50000.0,46394.89844362757,0.0
68655,0,203593.72497223248,273235.72673391877,305473.2440431326,50000.0,46093.546195156116,0.0
68656,0,164067.78945238946,250225.2076839828,243566.76777043572,50000.0,7042.177933627671,0.0
68657,0,164255.3584731548,250445.73970039072,243605.2956824487,50000.0,6818.916577429598,0.0
68658,0,168704.15021358413,253292.3006403029,250554.03558303084,50000.0,5832.969886140456,0.0
68659,0,169021.7121128517,253591.09697840788,250813.75811769496,50000.0,5794.359752449451,0.0
68660,0,169339.92401856353,253890.81128783198,251073.5117013108,50000.0,5774.066461005411,0.0
68661,0,156869.61550162424,248529.1521553907,222971.20666447488,50000.0,13777.352923280574,0.0
68662,0,156912.30160182732,248531.24120265167,223133.50732004293,50000.0,13613.833617605627,0.0
68663,0,156820.30105240206,248403.2571483624,223199.2097977002,50000.0,13420.348917120598,0.0
68664,0,156709.14364762852,248257.6975472931,223247.82291517968,50000.0,13227.246581906602,0.0
68665,0,156521.38991376717,248059.5028471658,223170.1987388288,50000.0,13112.832527252709,0.0
68666,0,156350.2103342114,247915.3511703954,222977.27870305564,50000.0,13172.274364786454,0.0
68667,0,156178.37624704768,247770.03787252144,222785.6674827456,50000.0,13231.950800691604,0.0
68668,0,156076.11923301528,247707.35036403942,222591.80027813092,50000.0,13374.896224252325,0.0
68669,0,156125.51682099185,247798.21454707297,222481.80769272364,50000.0,13576.256262839737,0.0
68670,0,156273.34600980353,247968.08338124354,222495.77031737106,50000.0,13723.447508435089,0.0
68671,0,156469.559027675,248149.8077413382,222661.90370209323,50000.0,13725.39332379864,0.0
68672,0,156667.6174619998,248330.15140936844,222840.1260011376,50000.0,13716.536198755519,0.0
68673,0,165503.817222415,254669.99065900635,236207.44345868344,50000.0,2505.5837814530737,0.0
68674,0,165409.87990426456,254514.8404410874,236328.98450014592,50000.0,2313.73572780934,0.0
68675,0,158960.47352951564,250193.08926918905,225657.2623386855,50000.0,12564.904693427929,0.0
68676,0,159333.43591593904,250588.66113902506,225809.65091623474,50000.0,12244.738781012682,0.0
68677,0,159623.6631703905,250790.37621869284,226278.55254894745,50000.0,11865.844564444145,0.0
68678,0,158681.5087139995,249955.23466843087,225351.99036315182,50000.0,12875.14181260329,0.0
68679,0,181836.85587565796,277639.5418369873,221522.16059437982,50000.0,11451.955880587426,0.0
68680,0,181676.43972180225,277527.46538172715,221180.31331190033,50000.0,11151.537860315777,0.0
68681,0,182029.95069396653,277781.69049884944,221896.58474372484,50000.0,11790.391724497198,0.0
68682,0,181430.5423807561,277247.7564610707,221192.80814056293,50000.0,11069.242125966566,0.0
68683,0,181314.08432597225,277082.4584468666,221360.8337361389,50000.0,11155.509659733985,0.0
68684,0,181678.09990839497,277432.4501641243,221660.53952937695,50000.0,11497.529197217154,0.0
68685,0,182218.23319897178,278019.99237236765,221768.68224722802,50000.0,11769.40024998363,0.0
68686,0,181463.71970483367,277174.92023141397,221736.9735103483,50000.0,11490.228961357638,0.0
68687,0,180762.55379920764,276620.0414174292,220570.75566219428,50000.0,10384.158647813754,0.0
68688,0,180808.62647475887,276602.40436602605,220915.9071309004,50000.0,10661.026158596871,0.0
68689,0,180939.11617830352,276672.4504375825,221296.3047451546,50000.0,10997.612938300952,0.0
68690,0,181076.86445146517,276752.93196601066,221664.08241031368,50000.0,11330.775686124945,0.0
68691,0,180324.16785462573,276146.49032053386,220469.1943289791,50000.0,10173.395876360024,0.0
68692,0,181735.6527585603,278356.8307815307,217212.803019747,50000.0,9617.099298843148,0.0
68693,0,181960.10348835262,278563.5642141669,217449.80603089367,50000.0,9846.897419872366,0.0
68694,0,181538.7419369331,278136.50992376497,217216.43835665804,50000.0,9430.371109428155,0.0
68695,0,176262.2610794721,273039.0630692088,212977.06045233016,50000.0,4146.948020535457,0.0
68696,0,176075.87599994132,272815.32213386864,213068.005183981,50000.0,3947.9479889479326,0.0
68697,0,181612.71352168822,278932.441333219,213165.85376674426,50000.0,10621.148550058306,0.0
68698,0,181919.43015006668,279240.2875544232,213349.54869888516,50000.0,10909.80402115051,0.0
68699,0,185485.86507041167,271593.9473044105,258227.79110715783,50000.0,14682.35114778044,0.0
68700,0,185659.17552099834,271706.3011348276,258511.7519122775,50000.0,14467.390186034892,0.0
68701,0,178827.0392437069,262058.5114030574,260749.69043464572,50000.0,2711.1682678307834,0.0
68702,0,178941.39161353055,262083.5938215731,261038.6115132485,50000.0,2594.2618804890917,0.0
68703,0,179205.00792168218,262186.48259127163,261597.91139974393,50000.0,2545.5794345652416,0.0
68704,0,179822.9034177209,262734.68989869434,262194.6104843487,50000.0,3075.1742430675386,0.0
68705,0,184311.08684424803,268873.571591571,261390.49689004535,50000.0,10302.197889157804,0.0
68706,0,184475.32744016068,269087.3771950505,261382.54161492002,50000.0,10316.902860301963,0.0
68707,0,184641.49567569295,269302.94339982176,261376.08695830413,50000.0,10337.751933864563,0.0
68708,0,183815.76171143804,268229.19049366406,261411.76319544466,50000.0,9943.278650690063,0.0
68709,0,183980.22026960042,268443.45578813535,261404.1911042737,50000.0,10214.784014123912,0.0
68710,0,184145.6005756837,268658.69248205493,261396.86790550034,50000.0,10296.67528909944,0.0
68711,0,177308.21947302608,261808.57413397962,256649.59330074364,50000.0,6499.899872553358,0.0
68712,0,177333.10341471233,261877.89322508418,256557.6398710767,50000.0,6677.431276493883,0.0
68713,0,177288.06386174596,261742.90255384575,256747.26136221836,50000.0,6319.470653104216,0.0
68714,0,177262.23694111637,261672.07360854684,256839.52796606076,50000.0,6140.053128254738,0.0
68715,0,177512.78377241397,261747.1900688603,257440.86493246202,50000.0,5525.641234088724,0.0
68716,0,177547.5670853229,261844.93735752243,257311.84004196269,50000.0,5775.909341760609,0.0
68717,0,177583.21376488905,261943.29129045608,257183.62990830047,50000.0,6025.880838685483,0.0
68718,0,177617.5511844709,262040.20541123804,257054.42128675638,50000.0,6275.456010913408,0.0
68719,0,171606.00488893324,256104.32737422377,252738.51838784965,50000.0,6398.128728451183,0.0
68720,0,172255.7565774032,256783.1830296052,253110.73174983962,50000.0,6856.599235752338,0.0
68721,0,172635.2643391541,257179.45373074824,253328.97409218937,50000.0,7140.163944069345,0.0
68722,0,187363.8236058938,269993.7644187874,268220.8176376359,50000.0,5157.030063215429,0.0
68723,0,187576.91946964018,270284.4311428979,268193.3828923691,50000.0,4892.994974336898,0.0
68724,0,187678.80677392866,270303.29378996964,268460.27005218255,50000.0,4844.2077564305755,0.0
68725,0,187886.6429053157,270589.3650972972,268427.5472494414,50000.0,4583.16204504569,0.0
68726,0,172914.42431993308,259228.3312528814,249042.1243423844,50000.0,2126.5563194383053,0.0
68727,0,173040.39262601145,259249.9709954407,249400.72355390553,50000.0,2338.0416034188206,0.0
68728,0,173109.38986045975,259241.03570257168,249650.93001298304,50000.0,2508.048486188672,0.0
68729,0,171854.46205957627,259713.58515238776,244128.15164906532,50000.0,5792.194643217122,0.0
68730,0,172057.65178954214,259967.22951193305,244120.3746644481,50000.0,5879.960255560466,0.0
68731,0,172016.4871041902,259835.7099831415,244347.9969564036,50000.0,5873.655385500066,0.0
68732,0,171764.34539615005,259571.7407504007,244214.06870182222,50000.0,5744.098322779377,0.0
68733,0,179522.42463850777,263363.4881015012,259791.63688175665,50000.0,5033.653381818265,0.0
68734,0,179220.0655047941,263114.84530915704,259451.06115865216,50000.0,5022.555391202136,0.0
68735,0,179742.9084996018,263645.0679455156,259799.05105608463,50000.0,5375.823802123649,0.0
68736,0,179441.60003681955,263397.9403100574,259457.6815352722,50000.0,5363.5321684583405,0.0
68737,0,183564.02791404468,255075.92863726843,286938.6348172006,50000.0,37232.94762901875,0.0
68738,0,183719.96254144976,255286.58222651752,286967.9664818539,50000.0,37090.881635166974,0.0
68739,0,183921.75888737186,255419.62255409497,287232.6956312765,50000.0,37317.5972357215,0.0
68740,0,183738.53263402142,255192.2446998341,287165.32585140166,50000.0,37424.37725269087,0.0
68741,0,183382.8982369568,254955.07545454084,286703.49840922037,50000.0,37035.14652608676,0.0
68742,0,183504.95940429345,255148.38506255284,286680.07256107824,50000.0,36839.61473314903,0.0
68743,0,182166.73996656254,253511.6404959061,286150.28971115896,50000.0,37587.723978126036,0.0
68744,0,182217.2057560302,253614.27095282992,286104.4181503047,50000.0,37438.347680212035,0.0
68745,0,182984.11972608863,254231.2891451348,286926.7275255036,50000.0,37946.71172922418,0.0
68746,0,183091.15998353212,254268.2191640259,287120.6103067711,50000.0,38162.679244417624,0.0
68747,0,183454.8362580551,254413.38902333128,287746.79189876106,50000.0,38839.008541675794,0.0
68748,0,183453.19810748482,254496.06075721973,287610.673842487,50000.0,38592.99853881203,0.0
68749,0,156541.69481167212,231175.61030268445,262056.47815271228,50000.0,16069.082374300386,0.0
68750,0,156258.1083462197,230891.1210519341,261858.97051149583,50000.0,15970.139820130496,0.0
68751,0,156660.6627930791,231186.75791439041,262318.3787912616,50000.0,16371.979999587573,0.0
68752,0,147982.41389907067,222014.5658325347,257077.21764949037,50000.0,16893.67498416437,0.0
68753,0,148004.34628684906,221945.14853706837,257236.873405187,50000.0,17133.213222987793,0.0
68754,0,136773.15231805286,214826.26366743437,242938.9515867691,50000.0,14208.798729756354,0.0
68755,0,136967.56125963555,214912.86378605364,243250.80476393414,50000.0,14194.312300941352,0.0
68756,0,137155.92068362975,214996.8843299463,243552.43764127177,50000.0,14187.31055252972,0.0
68757,0,137338.10348867925,215078.68136079187,243842.97160038137,50000.0,14186.395885323676,0.0
68758,0,137521.44118510684,215160.50837746105,244135.8999227065,50000.0,14192.94055926472,0.0
68759,0,242942.46718820493,325501.0571882678,310729.31426250306,50000.0,10870.359261421596,0.0
68760,0,243386.40349520487,325971.6725811954,311016.7952581526,50000.0,11331.559013105427,0.0
68761,0,243705.09209672123,326339.15349744307,311148.60538963485,50000.0,11682.481072678456,0.0
68762,0,243901.80009557508,326595.75127099873,311154.7375984392,50000.0,11923.525777016277,0.0
68763,0,243947.82427401587,326731.40479748807,310964.82548420987,50000.0,12046.859997921198,0.0
68764,0,229721.81545860888,312147.5999379214,300605.41581734613,50000.0,2551.4891694221988,0.0
68765,0,229295.06134454542,311693.5947599914,300338.42831179826,50000.0,3010.8451934461673,0.0
68766,0,228912.1470425473,311287.48275967536,300095.8700039094,50000.0,3421.223804201974,0.0
68767,0,240951.44929098335,320961.74506060715,315250.01244942215,50000.0,13762.178033171864,0.0
68768,0,240803.85573404917,320764.57545877807,315245.2198773235,50000.0,13848.254734162769,0.0
68769,0,230087.0090151897,309453.00403533166,308039.59783170186,50000.0,14480.702380425371,0.0
68770,0,230185.25631196937,309485.56825188466,308263.0130381443,50000.0,14737.026765945197,0.0
68771,0,230281.8376948286,309514.0039410474,308490.28830991895,50000.0,15005.043337206816,0.0
68772,0,230381.3996181478,309544.60825195775,308721.4352050385,50000.0,15276.709104037463,0.0
68773,0,229993.9746533858,309425.375070875,307820.6661366101,50000.0,14225.280474818985,0.0
68774,0,237083.77558555422,318929.7402780242,307827.1304301797,50000.0,5626.0461996170825,0.0
68775,0,237003.8818257105,318928.3474636325,307572.587146741,50000.0,5394.603671594413,0.0
68776,0,236925.69553960903,318928.6385705111,307318.96788172354,50000.0,5179.278860326542,0.0
68777,0,236847.56684940163,318928.9548876109,307064.98258339416,50000.0,4980.731924793115,0.0
68778,0,236769.3758986549,318928.9067938921,306811.1969873823,50000.0,4801.362197001787,0.0
68779,0,243743.13041572683,324673.0872990335,315345.38116868533,50000.0,13157.423089475986,0.0
68780,0,243630.01873167296,324502.89210089616,315389.86638461315,50000.0,13187.702759894819,0.0
68781,0,243516.10035246485,324331.6600244814,315433.9684231525,50000.0,13224.005752230963,0.0
68782,0,225112.50266265337,303294.6897108929,306674.0198055284,50000.0,20957.92056748926,0.0
68783,0,224816.82433161818,303090.49217501323,306246.19786254555,50000.0,20726.603814921153,0.0
68784,0,225579.1674036481,303765.69154236984,307033.459270798,50000.0,20752.58686267349,0.0
68785,0,225282.53878573605,303560.8637594368,306603.89570519386,50000.0,20512.001631592546,0.0
68786,0,257759.65982972083,356160.173688206,259650.56268928442,50000.0,4877.731742461083,0.0
68787,0,257931.53160357822,356368.5468164314,259508.47731204153,50000.0,4411.023735073981,0.0
68788,0,258591.07268527045,357074.7967920165,259665.44622135078,50000.0,3511.73443137765,0.0
68789,0,260512.70585353064,359089.39366136753,260444.63772307345,50000.0,1447.8524616163118,0.0
68790,0,261488.43322713865,360091.8450129939,260997.71320168552,50000.0,1191.99125807506,0.0
68791,0,259976.32401304925,358662.7902354809,259163.19839761997,50000.0,892.8733684829033,0.0
68792,0,260360.85130436238,359052.7427958602,259419.6195284897,50000.0,520.0192625731084,0.0
68793,0,260666.140451158,359378.4259204749,259494.9356963915,50000.0,444.17260390688455,0.0
68794,0,261018.5107113848,359753.9401511917,259584.34308994835,50000.0,734.8240686585268,0.0
68795,0,261390.80340124195,359890.31609152793,261726.2181085343,50000.0,2430.7226169370338,0.0
68796,0,260872.6903524811,359365.7943906112,261370.729074022,50000.0,2474.3038105174746,0.0
68797,0,260277.18617842696,358797.6166769845,260696.37940491506,50000.0,2222.601626334284,0.0
68798,0,259835.78520388875,358352.559774772,260380.5361607372,50000.0,2434.954738367313,0.0
68799,0,261055.50297375608,359597.1479886349,261139.94809809662,50000.0,1849.8952017599775,0.0
68800,0,259922.10594042172,358395.01550353866,260783.76273497607,50000.0,2923.4991206154186,0.0
68801,0,258476.0373615187,357524.7987898704,255004.16984187777,50000.0,5504.364495370545,0.0
68802,0,259487.76108290773,358460.7403620039,256435.66765216706,50000.0,4162.1873196056695,0.0
68803,0,259835.61858475127,358784.92271322786,256905.73627813283,50000.0,3753.626758508698,0.0
68804,0,259147.77328543816,358030.3886152604,256927.24849583412,50000.0,3160.9764528804226,0.0
68805,0,257051.96762729733,356065.4781139523,254202.62606740097,50000.0,5818.738850502121,0.0
68806,0,258082.86502744345,357099.79674097255,254971.81180367564,50000.0,5280.865364984671,0.0
68807,0,257640.19171832522,356679.4064224779,254438.22881842032,50000.0,5770.973408876102,0.0
68808,0,259476.44212858492,358387.3902614738,256947.3704073891,50000.0,3359.917813031437,0.0
68809,0,257346.87233859705,355358.6009061102,262156.72996331006,50000.0,4958.988201324951,0.0
68810,0,257348.06799513142,355319.60959752504,262439.40486027405,50000.0,4948.303391966796,0.0
68811,0,256715.67966193453,354682.24672635633,261983.44065428578,50000.0,4319.006293393125,0.0
68812,0,259184.85415467806,357232.85739817005,263330.0918312694,50000.0,6838.601464961975,0.0
68813,0,258734.11605294893,356795.17897550773,262886.5750818199,50000.0,6411.192801949806,0.0
68814,0,258261.6350207225,356311.13473432366,262600.94894553605,50000.0,5920.69343374302,0.0
68815,0,236299.32919490393,330905.8115530636,265375.2256713996,50000.0,8566.928866836794,0.0
68816,0,236048.54268278426,330597.6469635283,265455.2247224529,50000.0,8867.35158891302,0.0
68817,0,235798.50840238188,330293.49978817475,265519.2917993493,50000.0,9162.05938311397,0.0
68818,0,235533.03944090504,329989.47034556686,265498.50953054056,50000.0,9323.920483579835,0.0
68819,0,236806.7623677248,331278.56840416027,266387.4793331052,50000.0,9690.344909051824,0.0
68820,0,236401.54414990536,330820.91992847924,266324.78902000934,50000.0,9895.381882271528,0.0
68821,0,236119.90085779983,330490.35672136024,266338.17726670025,50000.0,10037.165879499034,0.0
68822,0,237247.3080667002,331682.5793616254,266889.85145530646,50000.0,10121.000185605038,0.0
68823,0,236613.1384174463,330964.6604503636,266797.56835003925,50000.0,10439.876201431007,0.0
68824,0,236289.1453254079,330561.26694205514,266917.07960961113,50000.0,10406.524115645852,0.0
68825,0,224955.36004859197,319576.12859215424,256865.3205644174,50000.0,2047.0855312769652,0.0
68826,0,225306.3381099748,319924.1171444783,257137.1810004415,50000.0,1811.5274031536621,0.0
68827,0,225036.2149707143,319591.10240852897,257231.11318823168,50000.0,2360.6591549662985,0.0
68828,0,224631.4608194824,319186.39131130633,256933.5850569793,50000.0,2637.847230004383,0.0
68829,0,224992.4611155679,319499.15704508475,257421.9847784374,50000.0,2682.4088173202276,0.0
68830,0,224163.19981275633,318663.0764052242,256844.49429518016,50000.0,3276.350106196995,0.0
68831,0,224531.52226430655,318975.728482433,257371.07969888282,50000.0,3344.21109585853,0.0
68832,0,224464.5977409073,318862.9483129116,257532.0900555468,50000.0,3665.0139704660996,0.0
68833,0,224445.33673730612,318787.3323488652,257775.11722340155,50000.0,4029.02801425341,0.0
68834,0,224898.6319638009,319211.33950691426,258241.59466395513,50000.0,3997.449218507578,0.0
68835,0,224683.69514184236,318962.0816076367,258239.20036352976,50000.0,4323.125457643111,0.0
68836,0,225160.53301211834,319432.3070791965,258620.03936179684,50000.0,4172.232704555774,0.0
68837,0,227446.28112271143,321851.57253385254,259698.26474141056,50000.0,3038.7278306191956,0.0
68838,0,227487.46235316375,321828.53191637114,260022.647169218,50000.0,3495.6543370260083,0.0
68839,0,227989.9541912046,322403.7924119992,260061.4374185412,50000.0,3177.8719353964143,0.0
68840,0,227131.9455436693,321438.8305098305,259915.42081278496,50000.0,3670.21185770766,0.0
68841,0,227250.04295959848,321497.08289196034,260274.43163840496,50000.0,4113.613151865666,0.0
68842,0,226847.9469736573,321043.34541217756,260210.28786113783,50000.0,4448.48154344048,0.0
68843,0,227404.56149015093,321580.73438596743,260708.8092612824,50000.0,4639.102882437557,0.0
68844,0,232961.8850591402,326801.0150667727,266354.2914658864,50000.0,9318.049571624884,0.0
68845,0,231714.2244002476,325398.08681678394,266097.5431673964,50000.0,9430.194051157563,0.0
68846,0,232188.19985824332,325903.93426768295,266314.2147389569,50000.0,9504.131268865725,0.0
68847,0,232669.40944767307,326338.53038189095,266878.30872058286,50000.0,10039.28837467097,0.0
68848,0,233035.3914147625,326744.16486185865,266980.6954277131,50000.0,10043.863970046215,0.0
68849,0,233390.35363390477,327040.38262491336,267503.1900721608,50000.0,10575.668709058835,0.0
68850,0,233427.67586079158,327007.22052291024,267836.47530274454,50000.0,10975.72739470858,0.0
68851,0,234022.0031283303,327463.21996236185,268878.6461456809,50000.0,12077.00604212125,0.0
68852,0,233866.85194354947,327233.03220402694,269081.6064301068,50000.0,12398.685652069678,0.0
68853,0,234504.07201762454,327919.98364435905,269350.48997105256,50000.0,12501.71352054112,0.0
68854,0,234885.58280942176,328339.88438803836,269474.4127589586,50000.0,12538.855512705313,0.0
68855,0,232346.2083519659,325974.65509589086,266812.054790945,50000.0,10085.228770354224,0.0
68856,0,230935.3593357955,326464.49238577014,256853.46740713998,50000.0,1661.5154092543874,0.0
68857,0,231079.12641523883,326662.1986745944,256684.56931639096,50000.0,1397.0308368856722,0.0
68858,0,231381.81983275583,326867.4247967868,257405.98691113462,50000.0,1462.3939841166175,0.0
68859,0,230433.24811408643,326010.37946129416,256236.42307747944,50000.0,2048.8545603628418,0.0
68860,0,230858.82140494202,325384.368606283,261676.3534985817,50000.0,4771.590119977856,0.0
68861,0,230532.19103445017,325030.02061195293,261561.74046449937,50000.0,4563.586512563889,0.0
68862,0,230130.74244363318,324622.77253358444,261289.82265926176,50000.0,4238.344884039504,0.0
68863,0,229807.2140586503,324418.7165497052,260493.08225824975,50000.0,3584.783642419812,0.0
68864,0,230189.82577315086,324771.70888228016,260915.92336258493,50000.0,4011.5467512201144,0.0
68865,0,230491.797946987,325110.1475131407,260970.0429871243,50000.0,4211.476907821074,0.0
68866,0,230787.07726910038,326255.8430844517,257050.09923746492,50000.0,2036.1082428901937,0.0
68867,0,231573.78823414838,326981.0870113914,257944.39389720545,50000.0,1839.5332191341363,0.0
68868,0,231675.89976813312,327025.7509103438,258308.81776166233,50000.0,2213.275199947627,0.0
68869,0,231765.79855555962,327032.8373096008,258788.86235496623,50000.0,2816.2013128674876,0.0
68870,0,232393.8527949229,327627.45227773517,259422.3929328981,50000.0,2961.6059027508654,0.0
68871,0,233632.2967121798,328912.27569263993,260115.76808611056,50000.0,2778.452626563718,0.0
68872,0,232408.97292059538,327568.6807273145,259798.67812705634,50000.0,3548.8197991348356,0.0
68873,0,232961.4631772428,328149.8906093839,260069.09474091098,50000.0,3327.2141668641043,0.0
68874,0,233406.3781754379,328546.0076041616,260641.74652791506,50000.0,3773.1342803249945,0.0
68875,0,254880.32099215128,354164.43472935,250145.6209090048,50000.0,10180.448075408653,0.0
68876,0,255245.57363984614,354555.56876513065,250190.59290481877,50000.0,10309.762445341374,0.0
68877,0,255657.22531121178,354975.555628546,250431.32308843988,50000.0,10217.371272735172,0.0
68878,0,256262.47708770403,355598.8084264042,250732.4760017926,50000.0,10192.9489728819,0.0
68879,0,261687.81165160768,361631.34894662176,248801.95392300407,50000.0,19547.0236037902,0.0
68880,0,262103.5273971556,362052.2613376064,249067.95875435913,50000.0,19691.074560108114,0.0
68881,0,262350.2420558955,362317.1047600022,249056.90479620046,50000.0,20058.44497175883,0.0
68882,0,262844.3644610143,362812.8486358195,249424.36970785903,50000.0,20162.840597635215,0.0
68883,0,260886.7556009986,360712.8638919511,249461.482257745,50000.0,17364.51320588357,0.0
68884,0,261202.9818675517,361047.7631591122,249507.15223754186,50000.0,17717.749001880657,0.0
68885,0,262021.94813562295,361902.0388474982,249762.58650711816,50000.0,18433.022234504664,0.0
68886,0,262454.1597371112,362310.3906588481,250358.979424344,50000.0,18065.835163671705,0.0
68887,0,262592.7058487766,362423.70646853803,250738.8469116453,50000.0,17640.36556735296,0.0
68888,0,260701.58455195505,360628.69105003047,248217.06221539516,50000.0,19166.1255486634,0.0
68889,0,257173.3982850203,356874.9557982934,247887.30842235996,50000.0,15440.465793340258,0.0
68890,0,257488.20559091633,357197.2409332815,248053.74188246953,50000.0,15509.635263577802,0.0
68891,0,258042.2779857314,357717.37140123843,248829.48392225365,50000.0,14868.970086138695,0.0
68892,0,257885.20799179317,357537.5313328266,248938.80047114068,50000.0,14518.34668548782,0.0
68893,0,258444.62762529487,358085.2847094753,249489.51333654183,50000.0,14254.542536950285,0.0
68894,0,259168.5884495954,358750.9520390504,250632.3844005102,50000.0,13237.907887472631,0.0
68895,0,260071.20684737572,359657.01578049874,251299.2149523308,50000.0,13259.259878907365,0.0
68896,0,259658.83871681654,359243.1151687313,250994.00389652624,50000.0,13242.43846806795,0.0
68897,0,259733.44855816607,359352.7609166969,250703.3510172409,50000.0,13813.934631316975,0.0
68898,0,260102.0299866664,359723.5486356038,250967.64511921024,50000.0,13845.886547608683,0.0
68899,0,259897.60715925007,359559.3768048422,250403.36824608705,50000.0,14515.10979972181,0.0
68900,0,260211.46381335668,359876.61272108764,250612.9963694074,50000.0,14572.16281662438,0.0
68901,0,255067.15651869244,355612.9802519372,235969.2991442458,50000.0,29754.84274945298,0.0
68902,0,254842.0327402445,355401.84816665907,235585.91575413736,50000.0,30060.251823423707,0.0
68903,0,255286.50315033685,355841.58867554273,235998.51083236202,50000.0,29603.9468480546,0.0
68904,0,255032.28298150294,355602.63453996007,235572.0020193475,50000.0,29949.125491047504,0.0
68905,0,254629.83762734328,354248.608293421,246765.76328961365,50000.0,14841.08551260344,0.0
68906,0,254121.52782198664,353766.7679649424,246109.8404045216,50000.0,15426.082379351941,0.0
68907,0,254687.35961658054,354281.63803570456,247053.77685156022,50000.0,14457.108554952349,0.0
68908,0,254643.5100178313,354186.54348995676,247524.41356706456,50000.0,13730.217226210341,0.0
68909,0,254965.14395714656,354466.4110999207,248177.2037118157,50000.0,13005.952507183863,0.0
68910,0,254349.68538570133,353876.9349137109,247452.43876587582,50000.0,13628.929741249796,0.0
68911,0,253896.1148620622,353418.6919339296,247149.57125922083,50000.0,13765.471629460397,0.0
68912,0,253367.8833683792,352891.5687591024,246733.6551718593,50000.0,14030.521690457954,0.0
68913,0,253215.26658347275,352774.48255858314,246269.92148949092,50000.0,14586.794863668332,0.0
68914,0,255802.19378112987,355320.16418102605,248660.07000149597,50000.0,12934.54395121015,0.0
68915,0,256103.6812853252,355591.272974684,249185.81536073086,50000.0,12387.418157862188,0.0
68916,0,255870.6454777597,355333.770148281,249240.5710912427,50000.0,12114.40722189026,0.0
68917,0,243573.30943297167,343963.0945949579,229490.69596410924,50000.0,32154.325980001304,0.0
68918,0,243880.82474052673,344270.76627383806,229718.3572547301,50000.0,32013.73698658477,0.0
68919,0,243813.6174708586,344215.61231248436,229503.36643769618,50000.0,32267.949818724217,0.0
68920,0,244116.94834318024,344519.16804210143,229727.0749910733,50000.0,32133.690659897133,0.0
68921,0,244052.54235024547,344466.70871086436,229514.48209265777,50000.0,32387.030166501943,0.0
68922,0,244187.29793017454,344577.37857996655,229945.65429664383,50000.0,31875.66021968341,0.0
68923,0,256019.13945399038,356666.3576294319,235127.31883640777,50000.0,29635.938451382495,0.0
68924,0,255922.3948724184,356539.6050131972,235530.43659712197,50000.0,29462.808396534765,0.0
68925,0,255873.60482180532,356475.6443511151,235730.39610282876,50000.0,29385.359742020562,0.0
68926,0,255823.7931442967,356409.7441756051,235941.17618593795,50000.0,29308.629673977866,0.0
68927,0,249694.82709290093,350148.80692247674,233207.05733513745,50000.0,31103.47044219636,0.0
68928,0,249852.14470999167,350321.72947405686,233104.61814108866,50000.0,31392.646038008435,0.0
68929,0,250009.15052985516,350494.2825926745,233000.72110252257,50000.0,31686.277107128946,0.0
68930,0,250165.854179525,350666.33267703094,232897.4234136461,50000.0,31981.200811447976,0.0
68931,0,261314.2784975435,361903.60661716637,240136.22364734526,50000.0,24206.381798416856,0.0
68932,0,261198.97190181396,361772.9270167741,240282.5347920983,50000.0,24171.39800031688,0.0
68933,0,260789.9247392907,361371.5153090872,239847.54868491762,50000.0,24618.686713453124,0.0
68934,0,260721.08100866078,361334.51210505876,239299.76415126713,50000.0,24984.01881443104,0.0
68935,0,260974.56219917463,361572.7886513473,239734.21459653912,50000.0,24603.228037924506,0.0
68936,0,259228.51853346115,360084.72223877034,233926.8415350494,50000.0,27570.765159382892,0.0
68937,0,259509.4027158077,360372.7927856851,234004.48611439794,50000.0,27210.49261895066,0.0
68938,0,272989.2406077671,375909.71149392566,240411.64064007427,50000.0,10628.952905744713,0.0
68939,0,272603.77130371204,375500.70280826674,239995.2637357587,50000.0,10655.92191504742,0.0
68940,0,272212.58624697174,375088.24854186905,239573.28961266106,50000.0,10698.000611955893,0.0
68941,0,271818.5752646199,374646.0983324581,239141.58115644378,50000.0,10792.354569888552,0.0
68942,0,271436.95520311093,374211.16058427334,238721.722346959,50000.0,10910.057488956276,0.0
68943,0,271061.4438779125,373794.74841312703,238311.37828606335,50000.0,11027.554118409262,0.0
68944,0,278130.95308902336,393425.9983218186,249035.9464767164,50000.0,13313.564461803528,0.0
68945,0,277952.359778392,393049.65189787484,248794.47501068024,50000.0,12942.72170584525,0.0
68946,0,278423.93010154535,393419.3642183626,249267.9780079697,50000.0,13329.183595172095,0.0
68947,0,278736.140883394,393417.3402242637,249516.6898075971,50000.0,13364.21799722072,0.0
68948,0,278559.2177935428,392994.17567255045,249264.49924637767,50000.0,12961.602104692984,0.0
68949,0,278391.8142907895,392591.10018352885,249025.2258454733,50000.0,12581.476706711626,0.0
68950,0,278189.17400923755,392164.55847865477,248751.69007771928,50000.0,12177.677227527525,0.0
68951,0,277989.0615553649,391745.08709692047,248482.05688221,50000.0,11783.26700784258,0.0
68952,0,319599.0266366082,470746.8186228102,302739.9839804456,50000.0,17648.66001266741,0.0
68953,0,319215.03946842434,469727.25892696285,302147.77468830935,50000.0,18193.95780481192,0.0
68954,0,319593.1470303186,469779.40148717526,302442.7957081008,50000.0,17902.620008032158,0.0
68955,0,355679.1689951864,539761.1382126196,350686.2715374749,50000.0,19149.85740047793,0.0
68956,0,354700.9797330553,539057.9435613186,349776.5008303333,50000.0,20172.35692247326,0.0
68957,0,354880.3649602071,538852.2403678878,349827.8106798126,50000.0,19873.46028215227,0.0
68958,0,355325.00972148083,539255.248634684,350270.1858944493,50000.0,19436.28166310762,0.0
68959,0,355820.7879421573,539663.0185799871,350749.08707205,50000.0,18936.4371779944,0.0
68960,0,356000.01907125703,540464.5295616923,351147.8434492565,50000.0,19007.313681991454,0.0
68961,0,355772.9235594123,540089.4262143855,350863.50049644447,50000.0,19152.53646146869,0.0
68962,0,355333.57691977377,539597.2996443536,350394.044866081,50000.0,19542.486213276174,0.0
68963,0,354629.63095522684,538173.2107682334,349422.6515919376,50000.0,20014.19813275502,0.0
68964,0,355067.46381568373,538482.0451445584,349828.05722918257,50000.0,19564.379014464674,0.0
68965,0,355626.49964818795,539027.6363011556,350397.7136750145,50000.0,19016.42683728379,0.0
68966,0,356173.1126832155,539444.8102798281,350914.71606844803,50000.0,18460.069654266197,0.0
68967,0,355974.3991954903,539059.5027038866,350646.5253836146,50000.0,18581.05926854407,0.0
68968,0,355587.84672626946,538573.2489186581,350215.2083876657,50000.0,18756.7797659485,0.0
68969,0,355230.58717217285,538093.8891014751,349806.28193128883,50000.0,18899.392084408173,0.0
68970,0,354812.7422729887,537839.1146279664,349432.9490216332,50000.0,19381.47089140458,0.0
68971,0,356318.97694770776,539251.5235852381,350948.1528797173,50000.0,18162.97397798871,0.0
68972,0,356222.83205632446,538934.5015445456,350773.68355538766,50000.0,17996.09432826272,0.0
68973,0,355766.7165702446,538448.5275159029,350294.8731157681,50000.0,18308.737058181956,0.0
68974,0,354770.4021426058,538555.5894936492,349650.4876136277,50000.0,19928.979986155926,0.0
68975,0,355210.4271003066,538923.6048481931,350077.6919280187,50000.0,19486.896030169824,0.0
68976,0,355645.7512921741,539275.3643138326,350496.08567412733,50000.0,19046.512802541914,0.0
68977,0,355989.1894750296,539607.2473517696,350844.873981058,50000.0,18712.525578159828,0.0
68978,0,377619.82034336304,552738.3483524232,370200.697011424,50000.0,5935.912567796424,0.0
68979,0,377588.59090192575,552416.43939055,370073.7869907402,50000.0,6164.8283024948105,0.0
68980,0,377025.9806243825,551784.1979092753,369473.8202641247,50000.0,5814.793217310546,0.0
68981,0,377432.2449603828,551832.9383587124,369774.1802239188,50000.0,6519.357182784495,0.0
68982,0,376980.0094947429,551363.3657289948,369304.489763433,50000.0,6244.487451380492,0.0
68983,0,376606.2115086994,551183.8903083497,368984.22258499305,50000.0,5751.211863667935,0.0
68984,0,376537.30680441024,550823.4174710866,368818.53567071125,50000.0,6115.624520737344,0.0
68985,0,375831.88897914777,550281.6636768002,368147.9092881446,50000.0,5493.325430895609,0.0
68986,0,375734.20936315146,549986.6058911216,367983.3608717938,50000.0,5763.245364692332,0.0
68987,0,375337.255148352,549816.3481100419,367649.8185426031,50000.0,5214.633848782236,0.0
68988,0,375291.4630793895,549518.0341264928,367520.5340277474,50000.0,5626.926559420869,0.0
68989,0,375450.32430705166,549331.8714618147,367571.3206131414,50000.0,6292.577444171215,0.0
68990,0,375523.07426115696,549150.3529820171,367563.37458444346,50000.0,6775.124095063364,0.0
68991,0,376138.32458146714,549405.314741795,368078.02016708633,50000.0,7618.810521998751,0.0
68992,0,376594.2475940212,549681.2635101663,368487.69879116555,50000.0,8093.9158021042185,0.0
68993,0,376506.8097478712,550360.6689877602,368646.6618168128,50000.0,6764.000103897046,0.0
68994,0,376580.6305067991,550175.198461278,368638.2332597879,50000.0,7220.705059729637,0.0
68995,0,377243.5661798227,550940.2830980833,369351.7433816945,50000.0,7376.70287477768,0.0
68996,0,377345.5916229861,550793.1127325012,369375.6217633696,50000.0,7813.185710465402,0.0
68997,0,377056.35585074156,550377.5521548919,369037.8412783272,50000.0,7880.380251101032,0.0
68998,0,377300.0368050191,552768.2815509409,369986.9378944184,50000.0,5417.474145674048,0.0
68999,0,363849.6427123224,503645.25415344985,345312.5825068367,50000.0,24801.116984084456,0.0
69000,0,364171.2454730143,504543.53872599406,345807.23955254984,50000.0,24552.475208445438,0.0
69001,0,327677.3478251273,426129.4235928174,316580.3526746058,50000.0,20874.57985051401,0.0
69002,0,327998.4297473061,426417.9159336555,317103.58277455845,50000.0,21457.643129924036,0.0
69003,0,327431.59547141194,425859.6942786076,316552.9741893092,50000.0,21131.441042999304,0.0
69004,0,327034.174039291,425436.59722281975,316408.0173391911,50000.0,21367.390781415015,0.0
69005,0,327490.67338257807,425886.63496902003,316847.4487710514,50000.0,21612.83301610069,0.0
69006,0,327375.1787815443,425741.34468200285,316973.55294448533,50000.0,22000.353415905338,0.0
69007,0,328003.60541434394,426385.1042520265,317395.7484038081,50000.0,21999.480436834463,0.0
69008,0,328257.99918345636,426613.82002663857,317806.95044886525,50000.0,22455.204320857138,0.0
69009,0,328635.85231246747,427021.79168628354,317903.60736812546,50000.0,22172.82155076485,0.0
69010,0,329528.0983379811,427906.8055130632,318722.8050712247,50000.0,22632.546312725695,0.0
69011,0,329928.55738976895,428312.1403981126,319029.3829028499,50000.0,22735.764403250698,0.0
69012,0,327947.87111492263,426276.7339576159,317743.5608096659,50000.0,22725.731583932662,0.0
69013,0,327449.7017237604,425777.84069223574,317322.6578138965,50000.0,22567.83396344546,0.0
69014,0,374056.9655796075,522025.9060873624,358181.30303791404,50000.0,32168.063016242268,0.0
69015,0,374487.2284333702,522460.9509772229,358626.17327106424,50000.0,32613.367099125146,0.0
69016,0,374255.6685010602,522451.9414865411,358452.04608368385,50000.0,32444.547421531082,0.0
69017,0,374860.00672169705,523041.80948338145,359070.7114721002,50000.0,33064.03872835356,0.0
69018,0,381150.4857744297,530043.2869547427,365756.68592393014,50000.0,39837.64949157775,0.0
69019,0,381164.7168640189,529867.9536678352,365716.3703070285,50000.0,39775.075316124865,0.0
69020,0,380725.9021835324,529778.5583062184,365365.9312776276,50000.0,39465.407446848425,0.0
69021,0,382755.71404587,531627.5527560542,367403.1209601017,50000.0,41490.819956153624,0.0
69022,0,382646.9972972781,531655.7617643658,367330.9143681369,50000.0,41436.1529852321,0.0
69023,0,382866.2026391477,531600.824415959,367477.0930822266,50000.0,41548.650582276074,0.0
69024,0,391928.63555246923,553234.1714247116,380526.9617101214,50000.0,34069.77298533499,0.0
69025,0,391688.4560743265,553285.5155997941,380369.3497204005,50000.0,33488.26799049421,0.0
69026,0,391149.42162348004,552748.2414672074,379816.63064679404,50000.0,33266.89530735535,0.0
69027,0,391007.1792831375,552156.8996269008,379533.6738723102,50000.0,33966.77195218398,0.0
69028,0,390809.7716131443,552274.0774745386,379426.9475181569,50000.0,33359.91460238224,0.0
69029,0,391459.79398185184,552701.8103840238,380026.38851686806,50000.0,33986.946820055,0.0
69030,0,391212.9916981134,553044.1554274242,379952.8338983562,50000.0,32905.2267524705,0.0
69031,0,323624.18573465146,476060.4084011032,307317.91830910294,50000.0,13663.740309758936,0.0
69032,0,323176.4826365063,475380.6829069491,306781.9226327862,50000.0,14044.924271062606,0.0
69033,0,323966.27884665865,475746.6279527649,307474.2312594913,50000.0,13219.221159708852,0.0
69034,0,382162.38622702705,506038.55894947576,359925.66738000466,50000.0,43112.54032495282,0.0
69035,0,407433.2704463743,527746.2329666893,385055.09713665815,50000.0,17998.737022916812,0.0
69036,0,407844.1635799095,528040.4004483664,385448.2680604697,50000.0,17576.736200417155,0.0
69037,0,408496.220284023,528342.0214040953,386030.356967679,50000.0,16865.241030382684,0.0
69038,0,456753.13362461154,573461.3638186682,434761.0688285405,50000.0,8014.93766601547,0.0
69039,0,456246.6381155651,573042.1872277386,434264.17464326404,50000.0,8101.655049178881,0.0
69040,0,455389.11975838925,572364.6546246067,433430.8212499468,50000.0,8382.145120079425,0.0
69041,0,455699.21149715304,572441.6667661776,433690.72995460324,50000.0,7929.103450318655,0.0
69042,0,454910.3333672696,571856.1963435605,432933.3733493432,50000.0,8313.052060993296,0.0
69043,0,455375.1975883371,571985.441791554,433326.45156336325,50000.0,7644.0948278639835,0.0
69044,0,455584.4141575357,571942.20485611,433478.4207971211,50000.0,7142.400957796313,0.0
69045,0,454817.33453766134,571364.4336684274,432739.7990810379,50000.0,7526.387037879717,0.0
69046,0,316033.1810034422,491740.10947410413,306935.0000495308,50000.0,47323.49034026582,0.0
69047,0,315899.7631131784,491461.41350617725,306747.3250283019,50000.0,47122.9245563236,0.0
69048,0,331498.4814838097,500281.136833375,320634.3779852605,50000.0,33179.18908762057,0.0
69049,0,331100.33522319543,500021.23928837496,320267.6637890291,50000.0,33434.42876936535,0.0
69050,0,331037.00804798846,499722.17652179825,320125.2220191296,50000.0,33010.13840664109,0.0
69051,0,330877.32671411306,499001.9997043931,319777.42431136046,50000.0,32009.48972996141,0.0
69052,0,330691.6022426388,498399.0877052982,319449.63441230205,50000.0,31276.263074997278,0.0
69053,0,330776.5297022818,498198.94754319056,319444.98955332045,50000.0,30766.186391434345,0.0
69054,0,330850.56830249814,499417.35954478383,319893.74504170415,50000.0,32802.531485858955,0.0
69055,0,330925.8066840233,499311.2847338614,319912.49164761114,50000.0,32474.560025342,0.0
69056,0,320913.74068136234,488983.395748491,309440.98391746485,50000.0,33754.84506663861,0.0
69057,0,320861.85589532705,489086.10320340376,309437.8582081925,50000.0,34019.38482947618,0.0
69058,0,360541.0230105943,549265.0995846713,357292.4108834556,50000.0,20309.89316922842,0.0
69059,0,360218.509278727,548809.2920189003,356914.8221162809,50000.0,20260.742092607976,0.0
69060,0,359992.52944375225,548492.8445899701,356651.2804214693,50000.0,20238.32887808723,0.0
69061,0,365843.6606015966,551286.9444187988,361587.220053111,50000.0,12347.960988115765,0.0
69062,0,366092.4580031328,551310.1241160601,361764.55424705683,50000.0,11863.554244895344,0.0
69063,0,366109.09208372096,551709.5543490571,361913.6455329765,50000.0,12464.610157217061,0.0
69064,0,366101.3385241742,552121.5201213375,362050.7426842929,50000.0,13168.917225957704,0.0
69065,0,366222.2866885695,552000.0881328281,362090.9581682498,50000.0,12703.9091965673,0.0
69066,0,366601.43048615253,552134.4465438785,362395.1926078102,50000.0,12117.467602474173,0.0
69067,0,366898.4647161508,552175.9404452472,362611.64938291605,50000.0,11551.92205611755,0.0
69068,0,366725.2053706997,552492.1654687782,362602.8577634589,50000.0,12460.10445207926,0.0
69069,0,366981.3426195771,552558.3143810576,362799.88548801804,50000.0,12021.287811334356,0.0
69070,0,367036.0584167492,552455.5151614071,362801.6611161835,50000.0,11727.255132950359,0.0
69071,0,367287.4921338405,552916.3726720489,363131.6772327781,50000.0,11983.41823458972,0.0
69072,0,367556.3891516043,553004.2031181471,363344.9161097363,50000.0,11554.550910377418,0.0
69073,0,367188.4399661945,553169.1435672259,363151.62758541584,50000.0,12651.396422067857,0.0
69074,0,367348.52049440215,553125.0656070557,363245.21163104416,50000.0,12222.367546558606,0.0
69075,0,367711.25084268145,553594.8406106026,363654.0335798658,50000.0,12284.683240965058,0.0
69076,0,367753.705761095,553393.916814417,363613.54932843853,50000.0,11823.198574310165,0.0
69077,0,368790.51287674136,554228.6641077694,364606.76055924775,50000.0,11097.797188204791,0.0
69078,0,368666.62171763973,554287.5304451978,364542.73856517073,50000.0,11483.170972774857,0.0
69079,0,366435.80467237695,551823.4872344015,362175.2377580439,50000.0,11956.965255702666,0.0
69080,0,368242.4765226717,553707.6070382457,364054.25443958666,50000.0,11327.24761942829,0.0
69081,0,368154.3505266977,553806.7545656315,364028.4743216672,50000.0,11704.528719941238,0.0
69082,0,366722.3116756089,552754.9001593865,362691.6928582453,50000.0,12926.133569743768,0.0
69083,0,379293.8006582995,478865.8215093785,352148.3087521303,50000.0,49543.61297016491,0.0
69084,0,379371.9777830658,478969.84807372227,351964.63185384625,50000.0,50133.952697814166,0.0
69085,0,379237.2044038107,478758.4809488716,352589.99536214536,50000.0,48424.342593356094,0.0
69086,0,443642.5753406926,569439.3284537224,423624.37423615577,50000.0,25589.149089846956,0.0
69087,0,456844.8515250527,574498.1558270681,435088.38605844596,50000.0,9994.614805504949,0.0
69088,0,457120.56105620007,574542.1177457453,435313.23807716474,50000.0,9582.473989649303,0.0
69089,0,456483.54418970057,574012.850233347,434687.9102910215,50000.0,9658.877086966839,0.0
69090,0,456896.7269018856,574075.867747517,435024.2441149849,50000.0,9023.176104424283,0.0
69091,0,455874.3403707409,573453.6175971848,434076.73112344794,50000.0,9661.061996290195,0.0
69092,0,456379.9935124189,573638.9645389682,434515.0831757352,50000.0,9079.9835808607,0.0
69093,0,456871.79604095424,573798.8711469747,434936.4984049256,50000.0,8494.801003426901,0.0
69094,0,456335.25101108453,573362.1296811439,434411.9604848237,50000.0,8592.818289535746,0.0
69095,0,453847.9217373319,570811.4551307806,431850.0893546545,50000.0,8431.311891739395,0.0
69096,0,454378.7019005327,571463.5249733982,432423.4494860076,50000.0,8609.244579085145,0.0
69097,0,454545.15829834447,571368.5312215142,432529.3003849089,50000.0,8085.590935868042,0.0
69098,0,455365.0661906889,572599.4780989856,433470.14690148697,50000.0,8905.684734769546,0.0
69099,0,454128.43491397076,570855.6941067901,432078.95627086353,50000.0,7941.535965499899,0.0
69100,0,453510.87331861455,570423.859504221,431492.5282218218,50000.0,8388.98631934799,0.0
69101,0,378593.69669520744,508250.54363500094,357764.88906309044,50000.0,44855.41810080878,0.0
69102,0,378862.3673503027,508472.17764655047,358029.6840822816,50000.0,45082.36658086056,0.0
69103,0,379140.40274129406,508701.2980576519,358303.63837455417,50000.0,45317.9989183973,0.0
69104,0,379403.7899356061,508918.70199710707,358563.2479400713,50000.0,45541.3449363864,0.0
69105,0,379674.93147785147,509142.20290277945,358830.4133448205,50000.0,45772.064644342216,0.0
69106,0,394992.047869423,520597.62412367377,373607.085766965,50000.0,31611.888532766923,0.0
69107,0,395068.2995856421,520549.9316886091,373653.3347154301,50000.0,31476.003688961646,0.0
69108,0,382160.1590651896,509662.5886138621,360873.8330949596,50000.0,43971.790773830515,0.0
69109,0,382050.8694695459,509779.9708235987,360820.9606365001,50000.0,44161.7784525751,0.0
69110,0,389972.1988504743,514358.87706406217,368115.9981203957,50000.0,35655.09026066071,0.0
69111,0,389874.61702142307,514467.74479463766,368069.0527344216,50000.0,35807.906882134026,0.0
69112,0,389507.6867792748,514161.11783062055,367706.3900721373,50000.0,36170.64780669435,0.0
69113,0,389627.93619374715,514078.9388467136,367777.7380280313,50000.0,35998.12219140827,0.0
69114,0,408140.3770391298,526557.2983155728,385303.50649869436,50000.0,17115.900907462354,0.0
69115,0,407808.7155025268,526440.6974878019,385016.36936009827,50000.0,17435.013627613356,0.0
69116,0,407341.07085158105,526037.5194923313,384551.37067124486,50000.0,17902.78965022481,0.0
69117,0,408365.97631718847,528050.2324201905,385855.4620646421,50000.0,16955.70240520094,0.0
69118,0,403215.8726456636,502970.48467464914,375715.3210539116,50000.0,43409.524689481485,0.0
69119,0,402832.5413216425,502491.9095096959,375297.9691917587,50000.0,43843.35629397418,0.0
69120,0,402456.1279500869,502021.64127217414,374888.056629027,50000.0,44270.62541077624,0.0
69121,0,405689.30606542504,504371.97728570364,383663.01707965846,50000.0,46048.69064913119,0.0
69122,0,405351.94802627875,504015.7871145376,383506.3266415462,50000.0,45672.92867819504,0.0
69123,0,404726.5024550429,503381.78545990435,383007.72141648096,50000.0,45500.953434577605,0.0
69124,0,392858.891557085,492227.32025193743,366241.80311634316,50000.0,50897.715500477636,0.0
69125,0,392608.51219346165,491960.9898239408,366163.26857616834,50000.0,50461.74753701728,0.0
69126,0,392758.5616065936,492119.61793226254,366219.4257474143,50000.0,50704.174994375855,0.0
69127,0,398439.5431901312,500389.74225385545,371302.6794037064,50000.0,43802.36622300505,0.0
69128,0,398808.2744867971,500917.90775103436,371720.5096281344,50000.0,43264.7023743101,0.0
69129,0,399172.5507381851,501433.4171819411,372131.8143018214,50000.0,42742.62995501016,0.0
69130,0,397995.9924172486,500158.82563571463,370895.10051551636,50000.0,43862.2948982873,0.0
69131,0,398382.32040798943,500715.18751068664,371333.63682768226,50000.0,43293.82391559015,0.0
69132,0,386516.478358608,492165.4102470155,359871.17763169616,50000.0,49704.3047876191,0.0
69133,0,386449.22865748795,492313.09314216697,359853.2225914149,50000.0,49521.55733330253,0.0
69134,0,386090.4195510514,492008.1796207923,359495.4197654242,50000.0,49805.42161937053,0.0
69135,0,386177.11854237114,492219.1419445872,359614.82452797284,50000.0,49580.44740355033,0.0
69136,0,397494.5815039598,498255.3959672735,370049.03520562034,50000.0,46321.63851310434,0.0
69137,0,396944.5922618042,497638.227551768,369465.8381183959,50000.0,46870.27530192148,0.0
69138,0,399219.39261687914,499050.13194575836,371611.5483312082,50000.0,46332.3934847892,0.0
69139,0,399302.2655605981,499300.4300453142,371736.0135926634,50000.0,46013.15204419409,0.0
69140,0,399385.6424958788,499543.45829857566,371859.21332885855,50000.0,45705.46509057279,0.0
69141,0,389831.1974449825,494618.53389112867,363089.206593173,50000.0,47595.608621114174,0.0
69142,0,395127.22885624605,494819.65197403316,367356.68811413506,50000.0,49823.92605387352,0.0
69143,0,395414.9707515029,495288.7670457078,367695.93129800784,50000.0,49323.33392947046,0.0
69144,0,394685.235152104,494690.499147111,366973.33361055434,50000.0,49734.661523176845,0.0
69145,0,436086.8958864903,614947.8816694466,431194.8788480124,50000.0,8005.555002394497,0.0
69146,0,436190.54146052146,615544.7944209118,431460.0671315025,50000.0,8688.647520590472,0.0
69147,0,436454.15735254047,615633.3089539419,431672.10997641407,50000.0,8724.924346581087,0.0
69148,0,435986.96772629913,615168.2503777721,431196.56932112045,50000.0,8272.319881099933,0.0
69149,0,436252.3214562617,615270.4324017324,431414.29046949476,50000.0,8339.843033787547,0.0
69150,0,435605.8288547722,614476.644856256,430707.64381549327,50000.0,7537.985272622402,0.0
69151,0,435546.0475881954,614602.3297957189,430706.6602807318,50000.0,7690.790280462644,0.0
69152,0,435411.2651700946,614691.7324164285,430641.80874744157,50000.0,7845.099837707914,0.0
69153,0,435546.4362199302,615002.1496563028,430836.36230347084,50000.0,8214.22638044019,0.0
69154,0,431404.8144482449,609035.2523056042,426023.804586032,50000.0,2606.6872865423215,0.0
69155,0,430947.2829516829,608745.0210246824,425611.0167069538,50000.0,2104.9788061223608,0.0
69156,0,430497.5004027311,608518.949432771,425224.3729155833,50000.0,1652.776859083864,0.0
69157,0,430193.75212434016,608089.8444204105,424874.1152670739,50000.0,1348.0224049020796,0.0
69158,0,430432.2215912521,608138.7202695279,425056.25429848867,50000.0,1677.4715324398176,0.0
69159,0,429933.21202251076,607658.2549695708,424553.21164220915,50000.0,1251.853845045685,0.0
69160,0,430227.6818929994,607750.6778719766,424788.5180001947,50000.0,1733.8171935112227,0.0
69161,0,430721.3574540492,608239.5505669952,425290.5496880518,50000.0,2100.279879283674,0.0
69162,0,431153.8025819236,608619.4473445346,425714.744755286,50000.0,2505.2838704751603,0.0
69163,0,430791.23683181405,608086.5529196376,425290.1367798864,50000.0,2440.234799415603,0.0
69164,0,429848.07072895434,607269.9146514906,424368.71844360215,50000.0,1704.3857989064404,0.0
69165,0,429527.56720227655,607130.1133422118,424099.9455380043,50000.0,1221.8610076102143,0.0
69166,0,429407.5617376685,606768.0085430914,423899.57599216053,50000.0,1719.5610646754287,0.0
69167,0,499941.9714805037,664555.6407531059,491783.92615384195,50000.0,4152.095571805682,0.0
69168,0,499581.8535902138,664076.1344438853,491382.46580299834,50000.0,3941.9016333493823,0.0
69169,0,499650.7679998887,663841.4009224224,491362.5362574291,50000.0,4361.4451260238,0.0
69170,0,499563.72358259396,663576.5300896782,491221.41064296337,50000.0,4562.708387997876,0.0
69171,0,499812.0235298571,664670.8326235912,491724.5989186726,50000.0,3893.869064434966,0.0
69172,0,499271.27108067437,663940.8010551484,491118.7483680709,50000.0,3510.641874707956,0.0
69173,0,499115.5841526504,663513.0146308793,490879.7824946298,50000.0,3682.499606495732,0.0
69174,0,499068.3712539615,663287.3892617936,490778.9181474436,50000.0,3906.7717929901273,0.0
69175,0,499013.9958163586,662951.5642643068,490640.3173444912,50000.0,4352.265160287316,0.0
69176,0,497401.886108986,662611.546867487,489378.9911013075,50000.0,1449.3139517642294,0.0
69177,0,497538.47404347284,662590.1228467021,489470.8298426884,50000.0,1664.5486330157185,0.0
69178,0,496760.5583833792,661958.6354438585,488723.58039085346,50000.0,857.5761301894107,0.0
69179,0,496615.9218156075,661630.6735700098,488521.98984925327,50000.0,1041.7540294723367,0.0
69180,1,465356.83730735624,611566.97983604,451278.4469490788,50000.0,26265.42180799524,0.0
69181,1,466560.03496136615,612752.3517095253,452501.3921011737,50000.0,26270.10359116639,0.0
69182,1,466706.7090227469,612634.0564730257,452577.5714808077,50000.0,26861.390694322177,0.0
69183,1,467334.8141903744,612977.9909557628,453139.8099578112,50000.0,27498.551772788618,0.0
69184,1,467561.22654532216,612974.9227929416,453307.35572139197,50000.0,28012.5747601275,0.0
69185,1,466787.56826245243,612205.5581281737,452519.03101209603,50000.0,27997.928879700146,0.0
69186,1,467262.12839485303,612475.0169027918,452946.61530444253,50000.0,28454.67391472001,0.0
69187,1,467779.8898856188,612767.005725718,453412.6248728024,50000.0,28963.63524945826,0.0
69188,1,468437.9357703622,613316.0148771561,454054.0409479626,50000.0,29226.728654602215,0.0
69189,1,468146.4037330969,613303.9108477692,453833.6886950858,50000.0,28597.55482418772,0.0
69190,0,492260.44844924245,616521.0618700513,472921.7420770462,50000.0,34068.036407938875,0.0
69191,0,492653.7699119494,616735.156075993,473277.7601833329,50000.0,33662.01248641719,0.0
69192,0,493037.74912028655,616934.9083329296,473623.0200226994,50000.0,33247.75253652328,0.0
69193,0,491897.98977215606,616032.21011391,472520.1749509449,50000.0,33816.22999204642,0.0
69194,0,492310.01262915245,616256.1189031265,472893.06421187834,50000.0,33386.348513396944,0.0
69195,0,492719.095659245,616471.5229904056,473261.5866549926,50000.0,32947.026003381645,0.0
69196,0,491483.27800629125,615486.2290462367,472064.07875222946,50000.0,33564.75214436818,0.0
69197,0,491931.10922215204,615766.5348268838,472478.71248029865,50000.0,33172.206944448764,0.0
69198,0,492341.9685052905,615978.1037726082,472847.667749991,50000.0,32716.881443446055,0.0
69199,0,492749.3457622885,616209.0466315624,473218.85013519635,50000.0,32313.347869281155,0.0
69200,0,491561.64901705214,615278.7948736018,472072.07817754865,50000.0,32947.924344617764,0.0
69201,0,492044.8481103882,615541.171603503,472509.44631552335,50000.0,32437.30366666691,0.0
69202,0,492658.16381023545,615904.5882295978,473072.27995484235,50000.0,31859.260422243573,0.0
69203,0,493190.3261493494,616243.4205936478,473566.5761799263,50000.0,31413.458884130992,0.0
69204,0,490698.3336791013,614502.3135002245,471213.2539106694,50000.0,33216.650477596224,0.0
69205,0,491046.7204812113,614685.7013422336,471527.13658519724,50000.0,32830.37818601174,0.0
69206,0,492165.1444423004,615437.2410386654,472575.8266893615,50000.0,31948.4366333439,0.0
69207,0,492933.9745177689,615829.2532036037,473265.52496696654,50000.0,31087.47279624064,0.0
69208,0,490326.5033879896,613998.4526146938,470800.7010275011,50000.0,32982.44304545655,0.0
69209,0,490773.38385693,614280.9750939553,471215.2549630514,50000.0,32582.824837692166,0.0
69210,0,490023.17224534275,613552.7694758301,470455.4372002881,50000.0,32724.69994508846,0.0
69211,0,490493.1475192595,613840.5785043812,470889.11231594963,50000.0,32280.720755458588,0.0
69212,0,504235.8884054387,631851.2335416385,485980.28219759365,50000.0,42605.597366314374,0.0
69213,0,502668.83055526984,630719.945809214,484494.67365976406,50000.0,43920.22359386908,0.0
69214,0,503106.0094314827,631348.502965268,484989.0299610569,50000.0,44250.49515953509,0.0
69215,0,502191.28111584985,630510.3863515342,484076.51538897905,50000.0,44413.04460425365,0.0
69216,0,503302.076911006,631074.5449390196,485068.836945894,50000.0,43354.9762131971,0.0
69217,0,502335.85672349425,630108.0193790826,484084.178407103,50000.0,43187.60818277026,0.0
69218,0,503348.1062944341,630727.9157992153,485015.68560586707,50000.0,42558.50452346437,0.0
69219,0,505605.3469083754,634048.1580678006,487586.69146988005,50000.0,43390.866923646725,0.0
69220,0,505437.1584008833,633631.3176119089,487351.8288496111,50000.0,43023.24861324569,0.0
69221,0,501579.51349453226,629228.3774593939,483281.9685497535,50000.0,42711.92529170538,0.0
69222,0,501722.2763051326,629063.3409388612,483349.0228677639,50000.0,42037.593356791054,0.0
69223,0,502467.38254334044,629812.5893480444,484109.400127916,50000.0,42237.27819936957,0.0
69224,0,502635.9658684155,629709.3789874489,484212.0285107377,50000.0,41655.5785784788,0.0
69225,0,501306.36446357984,629220.907644247,483071.3852983966,50000.0,43258.59232675755,0.0
69226,0,502568.410705589,631077.1517290613,484509.30306364584,50000.0,44951.01772306586,0.0
69227,0,501901.6222022863,629964.0076144147,483715.7478779575,50000.0,43745.889594841996,0.0
69228,0,507304.11820420757,637663.2179731629,489808.656401936,50000.0,46308.819497454664,0.0
69229,0,506197.0553621149,636633.060008623,488700.83817586605,50000.0,46868.90483716693,0.0
69230,0,506739.34537142614,637026.1255138306,489214.78864256496,50000.0,46375.37601699358,0.0
69231,0,505467.4292634606,635646.1591047473,487891.3749605204,50000.0,46662.195521041904,0.0
69232,0,504524.91119924275,635202.5390084755,487059.772808727,50000.0,47987.32461967116,0.0
69233,0,505602.0471170958,636133.4352010576,488119.322585506,50000.0,47281.329296933225,0.0
69234,0,504767.3101912566,635210.4950184472,487246.2695400754,50000.0,47445.89823309748,0.0
69235,0,505052.06287200726,635670.4226148382,487581.4944870926,50000.0,47663.586917321074,0.0
69236,0,515922.84461031295,632693.9262112019,495185.86448783445,50000.0,19758.363147457785,0.0
69237,0,516366.75079623674,632760.3786492931,495546.2267740646,50000.0,19053.38300691383,0.0
69238,0,515015.9620690957,631872.1908678978,494282.77183515264,50000.0,20588.123124870275,0.0
69239,0,516516.91970456275,632590.7040733865,495621.49948202475,50000.0,18663.03418767181,0.0
69240,0,514550.7136189958,631304.5485894996,493783.87018762116,50000.0,20893.19353736101,0.0
69241,0,514949.8888789594,631514.6422273908,494144.5030910911,50000.0,20398.575243867268,0.0
69242,0,515873.4455464281,632060.9004404985,494993.61649926344,50000.0,19306.75142543325,0.0
69243,0,516692.702357448,632554.8289621231,495749.1996662066,50000.0,18349.278384035297,0.0
69244,0,517113.44271038834,632520.7685020629,496067.5741019522,50000.0,17662.765754126507,0.0
69245,0,515896.2510528892,631843.3683792533,494958.49795037485,50000.0,19108.644396825755,0.0
69246,0,515618.76339146774,632080.8223120755,494800.91405071324,50000.0,19744.234185984824,0.0
69247,0,515446.92236782645,632122.6705968431,494677.84803108353,50000.0,20069.793545646095,0.0
69248,0,515329.68625729904,631617.5712860767,494464.0880291135,50000.0,19854.433431508034,0.0
69249,0,517013.9211041319,633133.673206472,496138.9192764094,50000.0,18274.915826803117,0.0
69250,0,517422.65004265006,633168.3718346714,496464.5150654416,50000.0,17626.67809287524,0.0
69251,0,516947.49917452625,632602.2438708916,495958.46726625436,50000.0,17976.340034955814,0.0
69252,0,477853.820554873,588757.3057903436,454930.0574661383,50000.0,886.7703869856108,0.0
69253,0,478177.72303578333,589186.6844616622,455286.32332645357,50000.0,1293.7362647248774,0.0
69254,0,478480.6214637181,589633.4783872827,455630.33763421635,50000.0,1774.082232626885,0.0
69255,0,478872.107191547,590190.657897213,456070.1079668398,50000.0,2362.946334560493,0.0
69256,0,478679.9609762548,589591.8896089604,455776.27994604356,50000.0,1530.7401916433305,0.0
69257,0,478347.2840153864,589146.0400063263,455409.2299255266,50000.0,1066.6715584689157,0.0
69258,0,482017.63196641085,591410.7468518189,458823.8169414535,50000.0,4623.857613937632,0.0
69259,0,482307.73453628964,591824.0907924846,459149.5134058578,50000.0,4823.666136559157,0.0
69260,0,482284.5318579985,592055.4085274292,459186.42721527326,50000.0,4720.230021045513,0.0
69261,0,482655.58201971307,592610.441035975,459609.3277073283,50000.0,5069.63967290885,0.0
69262,0,497817.349509923,605551.2988277575,474562.31720518356,50000.0,5750.625637271903,0.0
69263,0,497438.90721108567,605437.9188677428,474238.6496022517,50000.0,5848.9524390669085,0.0
69264,0,497128.19819662115,604989.0029018369,473888.9992764213,50000.0,6295.685960003215,0.0
69265,0,496557.3160072271,604661.512433452,473363.8595295548,50000.0,6648.645698195697,0.0
69266,0,497360.18550430797,604774.0695643204,474020.4461902232,50000.0,6580.410794948142,0.0
69267,0,496364.24780441215,604281.7115926744,473122.7751907473,50000.0,7007.965300512996,0.0
69268,0,496284.09544830647,603932.2998770066,472977.5017569301,50000.0,7356.138577073966,0.0
69269,0,496007.10729695257,619726.3349328765,476606.55547453155,50000.0,32890.83848135487,0.0
69270,0,496287.6641313412,620194.4055610881,476939.7889112032,50000.0,33326.741673094286,0.0
69271,0,496557.98449839756,620659.3696720164,477264.40246696165,50000.0,33782.26259117564,0.0
69272,0,496539.033929657,620059.6013008701,477099.067193392,50000.0,32482.2584207868,0.0
69273,0,496889.4723172474,620579.9664971791,477499.08690709696,50000.0,32889.68460645342,0.0
69274,0,497105.3706153709,621003.9914584132,477771.5415507148,50000.0,33375.763428762875,0.0
69275,0,497119.0462687145,620442.2949865635,477640.97763289284,50000.0,32087.216721860175,0.0
69276,0,497509.50595119304,620973.0227357504,478074.3095602265,50000.0,32438.73273975074,0.0
69277,0,497805.9914093877,621449.2678400658,478421.74463052844,50000.0,32874.894971605376,0.0
69278,0,557583.89983493,658782.519244614,533916.0579454128,50000.0,24452.321228304514,0.0
69279,0,501356.9773994576,599089.806382116,478840.5179691786,50000.0,28972.0855509244,0.0
69280,0,500894.9563613234,598615.0506452632,478492.5382209131,50000.0,29478.916394485666,0.0
69281,0,500246.46701333404,597930.4866126372,478124.93984793295,50000.0,30470.560296888532,0.0
69282,0,500676.2905419418,598357.2193147105,478548.184353047,50000.0,30232.315088523763,0.0
69283,0,500888.351634164,598545.8379111448,478902.18045960506,50000.0,30460.15198434853,0.0
69284,0,500910.6803053158,598652.5244176824,478361.97489957185,50000.0,29132.783692254136,0.0
69285,0,500577.7285610273,598284.3229080357,478285.2418672265,50000.0,29900.447007660565,0.0
69286,0,500159.83863059594,597863.256769884,477914.83602050715,50000.0,30231.380384275344,0.0
69287,0,500430.7078299141,598098.3700051187,478406.0199276172,50000.0,30600.877648734237,0.0
69288,0,500542.4121685039,598273.2737936149,478090.29914453847,50000.0,29551.6590922792,0.0
69289,0,500279.2209676571,597928.4240570758,478386.1921586791,50000.0,30987.55657890256,0.0
69290,0,502868.3429677053,600467.7912672685,481140.26418284356,50000.0,30039.854603492062,0.0
69291,0,503012.6235921852,600623.7975350323,481198.54925770994,50000.0,29771.462598824168,0.0
69292,0,503288.0373749948,600918.9996087658,481326.58890626533,50000.0,29294.19241437922,0.0
69293,0,497804.1353187614,595632.1086951626,474871.93326040334,50000.0,30116.222737159645,0.0
69294,0,498319.0338500906,596125.7631401704,475497.8371778939,50000.0,30024.2898742373,0.0
69295,0,497983.21670542035,595781.9531397378,475237.3013548954,50000.0,30387.252201598196,0.0
69296,0,497683.6140046116,595455.225971022,475139.41403565736,50000.0,30991.257009236935,0.0
69297,0,497328.90493037086,595084.5840158204,474914.27826072753,50000.0,31478.408526525694,0.0
69298,0,502902.9463878436,607769.8610581903,479079.4944936389,50000.0,8079.178750810328,0.0
69299,0,502680.23714607774,607323.0728596428,478800.1743912454,50000.0,8618.578654289966,0.0
69300,0,503440.6070906167,607761.5077837099,479501.0318750531,50000.0,9172.448681565946,0.0
69301,0,501599.68109634734,606192.2267821126,477686.11728098395,50000.0,9050.30562486982,0.0
69302,0,639625.5165380958,755221.0723920929,620487.6601319539,50000.0,6675.442134663135,0.0
69303,0,640339.4245891987,755705.264261463,621155.8101511868,50000.0,5821.9642210066395,0.0
69304,0,639292.9033893247,754768.6469223646,620122.4246245052,50000.0,6837.581458124076,0.0
69305,0,639053.0340748042,754114.0447013517,619781.0424618347,50000.0,6768.867085964125,0.0
69306,0,639174.54811609,753894.0411544836,619823.0470778865,50000.0,6558.571748710017,0.0
69307,0,639837.922054606,754857.4122726595,620565.8346908618,50000.0,6002.2520825248075,0.0
69308,0,640440.8938256955,755546.7624688381,621196.7913922798,50000.0,5497.048343352643,0.0
69309,0,640132.2910802156,754978.911566749,620822.844835432,50000.0,5644.135568971961,0.0
69310,0,640199.7710435869,754846.3258212453,620843.7297981614,50000.0,5533.554069408991,0.0
69311,0,641335.7868724356,756150.8896343325,622033.7809535066,50000.0,4477.734079813815,0.0
69312,0,640765.5997753602,755237.299258929,621375.1547889456,50000.0,4968.973751715199,0.0
69313,0,641585.0927865602,756211.466068522,622241.4365270805,50000.0,4162.947262485564,0.0
69314,0,641474.4506222776,755708.4734992402,622036.528146096,50000.0,4317.620912909673,0.0
69315,0,642092.16917292,756518.5104835416,622707.4038220497,50000.0,3639.159911288345,0.0
69316,0,642590.1705415767,756832.1749519756,623167.9283045407,50000.0,3179.169278436715,0.0
69317,0,642589.8988965767,756691.2603322386,623134.3891406182,50000.0,3263.0031942547294,0.0
69318,0,642483.4556472986,756443.4801283148,622993.2203612275,50000.0,3496.4471615839766,0.0
69319,0,641999.166520676,755298.3919284341,622346.9577536258,50000.0,4926.0561219748,0.0
69320,0,641252.8303904622,754555.6171800005,621592.2050166744,50000.0,5589.120680941219,0.0
69321,0,640737.925686724,753823.5498600609,621019.7142163628,50000.0,6422.8455780503555,0.0
69322,0,641261.1165938899,754163.2998625408,621506.2043541041,50000.0,6307.138832950143,0.0
69323,0,644099.3035785974,757843.807432533,624578.0754672936,50000.0,2280.0050305726004,0.0
69324,0,643809.9718637813,757408.5341813605,624250.7349219505,50000.0,2809.9363656841915,0.0
69325,0,643008.4389064518,756768.3490218855,623477.4101890505,50000.0,3237.8556020231586,0.0
69326,0,642973.338508581,756546.2069557335,623397.723006218,50000.0,3576.3751922713677,0.0
69327,0,642886.6004543921,756283.8449141253,623268.4829839707,50000.0,3977.0237422422488,0.0
69328,0,643278.3585932044,756333.661764356,623584.4919493599,50000.0,4400.162604797378,0.0
69329,0,584009.3134941111,742412.6293991518,575268.3580410595,50000.0,48841.69251158927,0.0
69330,0,583888.3162467183,742040.5718926452,575074.8237098188,50000.0,49597.26806429009,0.0
69331,0,583362.8426695907,741508.5591763993,574540.8088437801,50000.0,49804.155120689604,0.0
69332,0,582745.0423628835,740964.3321680222,573935.9286696262,50000.0,49824.37952736773,0.0
69333,0,583378.7247001268,741081.6872252484,574431.8476184341,50000.0,51051.43014401028,0.0
69334,0,583230.6515243553,740800.3588677869,574244.2900186509,50000.0,51481.223553937205,0.0
69335,0,583012.1463484173,740436.7175027718,573982.0663128449,50000.0,51969.65746769041,0.0
69336,0,579328.6609255943,735820.4164126819,569988.4650678507,50000.0,55992.29919159833,0.0
69337,0,579161.4087002147,735907.6409553464,569890.5952112516,50000.0,55355.94621481021,0.0
69338,0,579864.5413395639,736585.5487272062,570595.7688928226,50000.0,55139.62687065842,0.0
69339,0,580179.2813296837,737045.779538444,570955.5248201138,50000.0,54609.08102548356,0.0
69340,0,581487.5921196515,738245.5797347031,572250.231758133,50000.0,54405.48879423542,0.0
69341,0,580933.671555632,737643.9246281022,571675.7291403451,50000.0,54749.58290186638,0.0
69342,0,580744.2998809825,737300.2303424298,571440.5230961762,50000.0,55253.45838025461,0.0
69343,0,580393.5583665441,736856.8177613763,571059.1943784811,50000.0,55647.75226754998,0.0
69344,0,579877.3627640993,736277.7145967851,570518.6219926948,50000.0,56025.67511336462,0.0
69345,0,702071.7222738125,850249.6527768595,691815.2529574864,50000.0,4334.104946162144,0.0
69346,0,701754.7285393011,849870.4273926556,691478.7123668243,50000.0,4296.700523644674,0.0
69347,0,701674.5617797184,849672.7810914108,691366.5234846538,50000.0,4553.84094505409,0.0
69348,0,701740.2870890367,849576.9125836644,691389.8801308733,50000.0,5013.344309150434,0.0
69349,0,702386.8298706418,850146.1366889443,692021.9452367566,50000.0,5521.357855648451,0.0
69350,0,702162.5096532978,849831.4305445197,691771.4919510536,50000.0,5650.6280915532725,0.0
69351,0,700837.255337247,848829.9304603324,690519.8564121239,50000.0,4234.21216226522,0.0
69352,0,700703.6316381939,848594.3003651457,690357.8306600285,50000.0,4498.317938027959,0.0
69353,0,700752.5606976025,848537.0271877272,690378.9742398353,50000.0,4830.11055612729,0.0
69354,0,701044.7270979409,848857.935032743,690681.5401250405,50000.0,4822.871322847199,0.0
69355,0,701261.5794287975,849223.8721849156,690940.0941645292,50000.0,4470.64147578822,0.0
69356,0,702081.2515558013,850104.9653522713,691783.8208065546,50000.0,4700.87263311815,0.0
69357,0,701392.4160897395,849808.337498438,691192.9663237126,50000.0,3377.6056917134183,0.0
69358,0,701292.8183634379,849549.6464467914,691050.0409344266,50000.0,3700.0158230145953,0.0
69359,0,700812.2833069155,848930.4419753815,690528.0516239362,50000.0,3863.7893288635337,0.0
69360,0,619399.7153027179,789782.2926829587,614531.7607705209,50000.0,12171.703740383038,0.0
69361,0,619752.3217062432,790174.377624725,614899.7742458734,50000.0,12380.136197502372,0.0
69362,0,620076.833033472,790520.1104190057,615234.0044455929,50000.0,12603.105515954076,0.0
69363,0,620396.9974347457,790894.5988905599,615573.6021850652,50000.0,12779.084897010514,0.0
69364,0,620724.9742873723,791243.8253388944,615911.3359556302,50000.0,13017.142074981679,0.0
69365,0,621438.4446411127,791980.8280905399,616639.323759082,50000.0,13581.103296142182,0.0
69366,0,621155.0557015004,791657.8544033417,616341.2513191928,50000.0,13396.172580075166,0.0
69367,0,621434.0343767878,791787.7888119626,616579.2456271454,50000.0,13835.199982418579,0.0
69368,0,620545.3828402817,790894.4154011256,615679.7542273069,50000.0,13121.600185743024,0.0
69369,0,620993.0182291392,791243.7056558518,616103.1681659669,50000.0,13629.784982864663,0.0
69370,0,637436.7291248873,794289.9928851584,628888.3434002252,50000.0,16075.53249120918,0.0
69371,0,636940.5082883915,793752.6362996069,628375.2871089604,50000.0,16132.715938672616,0.0
69372,0,637022.1682919456,793701.1708737111,628420.8100683818,50000.0,16538.270288927768,0.0
69373,0,636569.4127695188,793317.6911028285,627982.392491414,50000.0,16286.039305801425,0.0
69374,0,636037.0549237279,792634.8278866947,627402.3793004168,50000.0,16702.541605861432,0.0
69375,0,635718.6016511376,792286.7698638252,627072.2186016978,50000.0,16779.845195614027,0.0
69376,0,635329.8219976089,791874.7010923437,626672.7146276186,50000.0,16844.33710104371,0.0
69377,0,635145.8345319696,791601.2905226845,626461.8591769531,50000.0,17117.08313824111,0.0
69378,0,699818.1980846334,830757.1798211562,685093.723990398,50000.0,8006.549428323477,0.0
69379,0,699535.2647540815,830233.7716749408,684747.9008244288,50000.0,7993.203742079991,0.0
69380,0,700153.910195044,830864.4144560602,685375.7527143237,50000.0,8523.984898493625,0.0
69381,0,698125.6049701669,828941.3581632238,683353.3232085169,50000.0,6647.077054444891,0.0
69382,0,698916.5939191539,829551.6027367171,684107.1585772379,50000.0,7545.964503604418,0.0
69383,0,698637.3636543878,828963.7206191166,683748.1285209486,50000.0,7793.468664391428,0.0
69384,0,699531.2198956189,829949.0571415137,684673.7954134501,50000.0,8350.942971041706,0.0
69385,0,699413.4643003359,829555.8653353998,684486.2098453385,50000.0,8685.207780027868,0.0
69386,0,700546.1524707583,830878.7160195357,685677.6657444654,50000.0,9305.68826934738,0.0
69387,0,700670.3038223779,831228.3041263984,685859.2722503418,50000.0,9141.953258295725,0.0
69388,0,698002.5297033247,828269.3960811967,683092.0563425019,50000.0,7441.976406332199,0.0
69389,0,697349.4349043706,827629.5310998557,682435.6540497204,50000.0,6979.560233812745,0.0
69390,0,699024.2283232292,828169.0048808717,683844.9867681008,50000.0,10453.019662869083,0.0
69391,0,698740.4756104149,828075.1071582454,683605.5045854246,50000.0,9862.13791846395,0.0
69392,0,699140.6623184426,828587.894517385,684037.708583296,50000.0,9843.427826414209,0.0
69393,0,698571.2850309217,828141.5848742649,683493.1652094316,50000.0,9237.564197595675,0.0
69394,0,697939.2565745503,827592.4004204384,682875.3412118087,50000.0,8692.825241985965,0.0
69395,0,698253.0185672368,828044.8010853073,683226.7652338097,50000.0,8566.491336548472,0.0
69396,0,697784.785459824,827767.1357171948,682801.2292546539,50000.0,7874.1752784722685,0.0
69397,0,698552.3620542828,827452.2310275912,683307.583696289,50000.0,10800.47986890256,0.0
69398,0,698995.8449104339,827243.2680837467,683593.9547749215,50000.0,12642.6552807106,0.0
69399,0,698896.5599751887,826898.1350028004,683432.8690895755,50000.0,13244.167027427193,0.0
69400,0,699135.831359473,826914.760310001,683619.5596877625,50000.0,13921.36914914615,0.0
69401,0,700032.8435672817,827821.5861777683,684528.086518683,50000.0,14252.025041508792,0.0
69402,0,700191.3250106886,828178.3666339708,684737.1580217415,50000.0,13821.860179651425,0.0
69403,0,699683.8042717702,827830.3198073879,684263.9248224314,50000.0,13194.07291048772,0.0
69404,0,698435.2673780618,826165.1536330687,682899.7682870652,50000.0,13812.68268021072,0.0
69405,0,698285.9011200184,826223.9562975551,682800.3087259694,50000.0,13198.738123566474,0.0
69406,0,698129.8426692788,826575.9529716957,682768.3392868055,50000.0,11784.094919748664,0.0
69407,0,697855.0471458831,826512.0406274066,682542.9876645838,50000.0,11124.838418015093,0.0
69408,0,697512.2576427947,825956.3086643447,682143.9669980754,50000.0,11573.352552221657,0.0
69409,0,697345.7339380594,825569.4992081604,681921.2242072283,50000.0,12126.109737747352,0.0
69410,0,702950.4554071912,834577.6198590848,688429.3485100364,50000.0,10846.072592966872,0.0
69411,0,702771.153530267,834293.7733780437,688222.0976986834,50000.0,10657.464183505426,0.0
69412,0,702648.5159603086,834056.2772052962,688069.5025180349,50000.0,10537.671450069765,0.0
69413,0,702096.4028344397,833503.8831726079,687511.8249386532,50000.0,9988.593585143291,0.0
69414,0,702139.4760867241,833697.3124111443,687592.9524108977,50000.0,10025.890694639416,0.0
69415,0,702660.5419665306,833923.9846676567,688045.5553544697,50000.0,10570.387722531603,0.0
69416,0,703292.9895989605,834576.1584599657,688689.2208691374,50000.0,11192.22976509166,0.0
69417,0,703417.1107106793,834878.2423675982,688859.0830703803,50000.0,11302.890813269922,0.0
69418,0,703665.4133018762,835249.5851167664,689140.6369084097,50000.0,11559.758277956505,0.0
69419,0,589493.8885775304,726645.7587871389,575062.078815196,50000.0,34065.60473271471,0.0
69420,0,579609.825996887,729770.8171415098,568516.4607122394,50000.0,63054.821102604925,0.0
69421,0,579852.110071243,730086.9234413208,568782.2166610196,50000.0,62909.927654563835,0.0
69422,0,594864.9777446053,730280.2669392815,580056.2473234683,50000.0,27538.831998026828,0.0
69423,0,595388.5658463788,730695.3964251507,580558.9138933315,50000.0,26998.05133933483,0.0
69424,0,595234.0407437746,730397.6137733357,580365.3797837095,50000.0,26883.5435133749,0.0
69425,0,595835.6740611908,730935.0830512228,580958.578013675,50000.0,26354.984185841116,0.0
69426,0,596281.6512793612,731487.1804423332,581437.8904409284,50000.0,26212.136679352592,0.0
69427,0,595752.0930261961,730694.0396498775,580833.3192534382,50000.0,26170.19274860679,0.0
69428,0,597093.612106564,731644.1932636681,582092.1903200193,50000.0,24603.503270267804,0.0
69429,0,596852.8541429834,731559.3104471443,581888.277257344,50000.0,25017.239349824606,0.0
69430,0,597977.1105314938,732426.8232742747,582961.6112647167,50000.0,23816.375148735173,0.0
69431,0,594245.940799161,728809.1384693554,579209.3772593423,50000.0,26747.082058225336,0.0
69432,0,594843.8343515105,729086.7835067083,579733.0626740705,50000.0,25854.017687738975,0.0
69433,0,593293.1244761588,728313.4947221946,578361.3292717303,50000.0,28106.310089483453,0.0
69434,0,593562.1048161497,728328.5693157469,578568.5705188824,50000.0,27550.40655527817,0.0
69435,0,593427.7463870652,728319.5592201941,578464.6618712045,50000.0,27825.20397879908,0.0
69436,0,593619.628561152,728249.130483216,578591.6307830621,50000.0,27321.431665422737,0.0
69437,0,593569.2852224025,728063.9669422897,578505.9300591701,50000.0,27183.237225799734,0.0
69438,0,597556.6218002952,732007.0065073649,582535.662887824,50000.0,24116.565020246857,0.0
69439,0,622363.7609264143,759730.2529391873,608412.9212655231,50000.0,19368.84112088271,0.0
69440,0,621894.4396655048,759229.8911746374,607929.7997436322,50000.0,19864.260274278302,0.0
69441,0,622411.5989855726,759600.4956557556,608415.4197174656,50000.0,19569.626248605047,0.0
69442,0,622466.6979609355,759468.437141102,608422.8297622388,50000.0,19788.525572171337,0.0
69443,0,621755.6859503174,758827.8311383032,607721.2574957553,50000.0,20363.434587259162,0.0
69444,0,621235.4579382602,758163.7456131962,607157.4443022582,50000.0,21066.949521495073,0.0
69445,0,621788.219420735,758667.602640571,607704.3944685359,50000.0,20613.330772330926,0.0
69446,0,621918.3775444215,758611.0941707573,607787.9699860488,50000.0,20773.654585723638,0.0
69447,0,621503.1961772821,758142.4347970092,607353.8661735372,50000.0,21245.85993733523,0.0
69448,0,592403.1068053556,727514.0219303194,577482.561763752,50000.0,28911.581068543575,0.0
69449,0,592592.9005201637,727537.9751629964,577632.1988643783,50000.0,28540.679219038557,0.0
69450,0,592803.5407178793,727594.2458969925,577805.9474846363,50000.0,28171.331606662785,0.0
69451,0,732825.3602887435,861626.7959691714,717887.9665129195,50000.0,14157.360804333013,0.0
69452,0,733191.1967659638,861876.1674438803,718228.4317951952,50000.0,13947.700445156339,0.0
69453,0,733680.8303137034,862134.5810119932,718665.5429980981,50000.0,13458.473954310453,0.0
69454,0,732703.4684803812,861393.5141017211,717737.44539548,50000.0,13760.65737474956,0.0
69455,0,733172.5955239914,861706.9351393862,718172.4884948445,50000.0,13473.883414350063,0.0
69456,0,732672.7535352176,861222.0446066032,717671.7100892691,50000.0,13309.22063851312,0.0
69457,0,733373.9979857022,861759.685478634,718339.0916937389,50000.0,13107.059440569543,0.0
69458,0,732862.8083079157,861284.4461135576,717832.0371292201,50000.0,12991.507598705686,0.0
69459,0,733165.8273709029,861418.082474147,718096.104109496,50000.0,12602.679969863253,0.0
69460,0,733293.2936548806,861412.5078785461,718191.9709757332,50000.0,12255.09440344088,0.0
69461,0,729150.5245929145,861177.4630040342,714980.4861426816,50000.0,13889.864844414002,0.0
69462,0,729496.7785996946,861350.2757013803,715286.6053368987,50000.0,14502.440292834379,0.0
69463,0,729608.8331600137,861251.6837956501,715347.10133862,50000.0,15101.372707869727,0.0
69464,0,729905.3728394393,861359.8713257437,715599.3901552028,50000.0,15730.41376784668,0.0
69465,0,730936.6635233992,861901.4249482987,716518.1827085956,50000.0,17485.532371886206,0.0
69466,0,730760.3165772608,861541.3984426954,716294.4968410563,50000.0,17891.969494299425,0.0
69467,0,730357.9571702944,861434.3087989935,715961.9140010171,50000.0,16930.71629398736,0.0
69468,0,730157.9109822925,860760.9333003585,715642.232630728,50000.0,18125.657398453757,0.0
69469,0,732086.9418941127,862571.6722605958,717559.6907098457,50000.0,19226.79813656925,0.0
69470,0,731630.4591446024,861995.5484883669,717069.2740077262,50000.0,18708.106312172447,0.0
69471,0,731473.4510499923,862059.6747050481,716965.7629870679,50000.0,18723.658108311556,0.0
69472,0,731543.5605417014,862323.7084050726,717084.741763059,50000.0,18248.53747040217,0.0
69473,0,730818.8600005067,861302.3206691758,716279.5813349644,50000.0,18716.661123286885,0.0
69474,0,729034.274840465,860808.6700613474,714800.0669019648,50000.0,14494.972649351117,0.0
69475,0,728572.2576249875,860102.59655539,714272.8474485413,50000.0,14959.730689374474,0.0
69476,0,729067.4805496009,860289.2775289539,714695.7236957923,50000.0,16000.61494276768,0.0
69477,0,729410.5030933968,860437.6629812411,714993.437401656,50000.0,16669.123283542533,0.0
69478,0,727933.3273077457,859200.0169306645,713562.2280549346,50000.0,15466.973572846206,0.0
69479,0,728049.811657119,859077.5307293053,713620.2487335581,50000.0,16187.257088898887,0.0
69480,0,727062.6869419927,857923.2207890211,712582.2953551937,50000.0,16398.286985903862,0.0
69481,0,726844.5652947633,857449.378513849,712298.504209301,50000.0,17109.729734836514,0.0
69482,0,726168.4664043015,856847.0042486825,711634.4227311073,50000.0,16753.96897569786,0.0
69483,0,725637.4142849314,856152.3469518087,711057.7000687119,50000.0,17168.20465257355,0.0
69484,0,726447.0116840672,856515.8690457529,711764.0521511013,50000.0,17001.356319342834,0.0
69485,0,726176.6570119109,856442.2079229888,711540.0120040216,50000.0,17626.45338324661,0.0
69486,0,726944.1234349081,857343.7333658392,712347.9731460409,50000.0,17745.964814613766,0.0
69487,0,726311.7524538222,856789.4701110352,711729.1026213111,50000.0,17388.565869312533,0.0
69488,0,727552.1222695123,858077.0076400244,712992.791404228,50000.0,17511.81666638486,0.0
69489,0,728194.4722124748,858293.6659503839,713535.3777144939,50000.0,17178.795173184873,0.0
69490,0,727943.655965915,857881.3669885811,713242.1472750818,50000.0,16638.483894330966,0.0
69491,0,728713.4299682148,858605.8054730751,714007.855277522,50000.0,16573.004973085895,0.0
69492,0,728138.9521320687,857871.7883647948,713388.4583198632,50000.0,15998.705267186864,0.0
69493,0,729352.0397048035,859143.2830651928,714627.3334987047,50000.0,16341.134550826866,0.0
69494,0,728751.44703772,858374.4969223631,713979.4584000943,50000.0,15712.497213932515,0.0
69495,0,729537.2256462547,859130.8519877032,714765.2671606899,50000.0,15737.12255418524,0.0
69496,0,729210.6972496563,858639.4946587776,714394.8745248286,50000.0,15152.991842009511,0.0
69497,0,729019.1397104925,858280.5458430575,714160.0967666999,50000.0,14586.864561201415,0.0
69498,0,729564.3337937029,858714.7467627836,714682.9141995098,50000.0,14317.383663651599,0.0
69499,0,730008.8931656632,858854.9290428559,715056.3733577786,50000.0,13426.698139768438,0.0
69500,0,728969.2857410403,858001.2966291545,714053.0356013706,50000.0,13843.642718060304,0.0
69501,0,730603.683762852,860272.3070033302,715860.2167866767,50000.0,16201.68034708649,0.0
69502,0,730452.9964401752,859882.6782082266,715648.9510902462,50000.0,15398.79245106691,0.0
69503,0,730677.5631081722,859901.4418242053,715824.6730426095,50000.0,14793.648769223504,0.0
69504,0,730976.6913157456,859957.2097381146,716066.4052596265,50000.0,14094.283856795573,0.0
69505,0,728847.0315877529,857595.349773913,713859.5312039673,50000.0,12918.121458021116,0.0
69506,0,728793.1082149936,857330.7633810189,713753.0890534585,50000.0,12236.904031544527,0.0
69507,0,729872.6282410531,858517.9673512471,714869.272280812,50000.0,12754.782522128578,0.0
69508,0,729368.0685838652,857975.9159477254,714350.7489322919,50000.0,12542.184782046956,0.0
69509,0,730098.5841300744,858476.2781386216,715031.291025983,50000.0,11945.13866713804,0.0
69510,0,729609.5236928565,857893.4677495239,714514.5471214599,50000.0,11545.334554186764,0.0
69511,0,730576.683981792,858246.2513611398,715339.428008308,50000.0,9804.154604463112,0.0
69512,0,731403.9156652709,858864.9455596855,716123.0965410008,50000.0,9415.47191820015,0.0
69513,0,730806.1015721887,858229.7685621555,715510.5240613803,50000.0,9092.404947833356,0.0
69514,0,730786.7633685973,858008.9721926331,715441.510603748,50000.0,8449.472542724263,0.0
69515,0,732083.8975864418,859548.9523648788,716810.3984123323,50000.0,9701.668600160778,0.0
69516,0,731899.0386447433,859185.2643145572,716579.8812214959,50000.0,9070.861032825112,0.0
69517,0,731653.040447264,858728.4272669693,716279.8237185974,50000.0,8315.634273198772,0.0
69518,0,731339.980818465,858598.7611677133,716008.87301057,50000.0,8758.991667643942,0.0
69519,0,705702.3160575026,833581.2112180208,690276.7591146629,50000.0,17285.732436039394,0.0
69520,0,705513.1446278701,833183.727982091,690034.295469055,50000.0,17563.318362562102,0.0
69521,0,706536.2221639082,834435.3856350334,691123.9690995511,50000.0,17834.716722181405,0.0
69522,0,706017.5616124016,833346.4037325594,690459.4964832942,50000.0,18581.596516761874,0.0
69523,0,707151.9444555939,832889.0556480995,691214.2139871872,50000.0,22284.92481551553,0.0
69524,0,706679.7864557782,832271.1182158001,690701.6426574884,50000.0,22770.85349553129,0.0
69525,0,707283.697819581,832824.6025851455,691299.2476514496,50000.0,22169.65014160472,0.0
69526,0,707561.1373658346,832766.8099347922,691497.4674466487,50000.0,21957.41872715538,0.0
69527,0,708025.5016346043,833236.1712911492,691967.6889731642,50000.0,21486.741148526566,0.0
69528,0,708046.0120518752,833096.7339538344,691949.3211560096,50000.0,21514.481260326625,0.0
69529,0,708505.6845179069,833574.41484079,692417.9775909163,50000.0,21043.268290172033,0.0
69530,0,705510.6017023142,832035.4085307932,689749.6710889079,50000.0,20018.306945487144,0.0
69531,0,705219.2375497468,831623.4412521889,689425.7680799366,50000.0,20137.48533215301,0.0
69532,0,705054.4818791294,831708.8947534792,689320.831224986,50000.0,19470.212441006282,0.0
69533,0,706096.9118863732,834064.4189414047,690697.1627956335,50000.0,17396.571002361252,0.0
69534,0,705998.9217757257,833747.3592287581,690544.122613027,50000.0,17738.766046806188,0.0
69535,0,705900.8729959821,833502.5062865246,690408.8838926473,50000.0,17957.732553419286,0.0
69536,0,705450.4469129929,832995.9780081523,689940.1306634851,50000.0,17773.755079891453,0.0
69537,0,706193.578456287,833333.0770515507,690590.6379988759,50000.0,19083.67741577504,0.0
69538,0,705760.4695097504,832140.7961282667,689966.556520773,50000.0,20486.430675942553,0.0
69539,0,705709.0122958286,831955.7732697238,689881.798898134,50000.0,20765.888046216493,0.0
69540,0,708990.6021555621,833936.6136071462,692877.7561331362,50000.0,20595.754592308193,0.0
69541,0,707677.6451405897,833055.3085291656,691657.1907204348,50000.0,21799.321681394715,0.0
69542,0,707237.656754072,832577.8553515217,691203.6450425544,50000.0,22250.983551090183,0.0
69543,0,705307.0885095912,831499.7168507902,689462.5656252658,50000.0,20679.703208503757,0.0
69544,0,706055.9993401102,831903.0301418228,690134.2376382363,50000.0,21884.638670038876,0.0
69545,0,706834.7801829261,833752.5768494877,691183.6743933595,50000.0,19949.78019092185,0.0
69546,0,708316.3981041417,835059.4270880632,692637.0554066707,50000.0,21265.65899730755,0.0
69547,0,708114.4156752917,834711.4746692429,692397.2003845916,50000.0,21428.141916740715,0.0
69548,0,708098.3227153387,834545.1671218795,692344.0573574132,50000.0,21437.323778318507,0.0
69549,0,708858.8243584797,833683.0209143681,692714.9298255844,50000.0,20779.165519560658,0.0
69550,0,707912.3263785971,834228.0197544999,692124.0188712572,50000.0,21584.227601514252,0.0
69551,0,705745.6283134716,833860.596452749,690378.8059844096,50000.0,16877.051823425827,0.0
69552,0,706355.1380499455,833859.4210778998,690843.6720172398,50000.0,18453.504390124217,0.0
69553,0,706486.1243018948,834264.2104054028,691043.4903890971,50000.0,18021.300724491506,0.0
69554,0,706578.5655071721,833905.536848067,691025.6297538079,50000.0,18952.41789592766,0.0
69555,0,706384.1259023745,834036.9472084034,690909.5745518052,50000.0,18186.188991805557,0.0
69556,0,706704.0518200331,833832.9682337083,691103.593722333,50000.0,19432.6418802229,0.0
69557,0,707707.6747492077,834755.7812541261,692097.3112883596,50000.0,20256.570922594266,0.0
69558,0,708276.2972608835,835252.0930774957,692653.7890195128,50000.0,20781.917002072194,0.0
69559,0,707248.4661121583,834425.3754051622,691665.240505856,50000.0,19695.546616380616,0.0
69560,0,703567.6440271812,831128.2532719421,688042.2055293705,50000.0,16586.06977373255,0.0
69561,0,702883.5902980398,830621.5029607582,687395.0307607673,50000.0,15798.188740535843,0.0
69562,0,702448.694506723,830121.3747838839,686939.664093071,50000.0,15706.114215279687,0.0
69563,0,703011.6620290285,830593.014241513,687485.7582735461,50000.0,16224.213097703756,0.0
69564,0,703601.2484031928,830958.6069612557,688026.035931737,50000.0,17061.76638490296,0.0
69565,0,703227.8168938176,830550.6968607854,687640.3571060034,50000.0,16936.011915651743,0.0
69566,0,702786.543252694,830194.3831862671,687215.5884168901,50000.0,16502.830456726468,0.0
69567,0,702289.3428118426,829795.5120448914,686737.6303303019,50000.0,16011.975290516417,0.0
69568,0,702371.6199225534,829720.3141149408,686781.9095061013,50000.0,16429.184628856747,0.0
69569,0,702908.1416430618,830154.8783152149,687298.7057577184,50000.0,16945.50555622677,0.0
69570,0,702167.7737450791,829417.9310485048,686551.7258818999,50000.0,16566.95026245428,0.0
69571,0,702770.6529680932,829911.9735755813,687133.866270816,50000.0,17126.820824313454,0.0
69572,0,703406.2154584455,830503.828734488,687765.0577461193,50000.0,17556.38437444514,0.0
69573,0,703088.0172778763,830084.2755889654,687418.7075278745,50000.0,17634.010480698616,0.0
69574,0,703382.1558332581,830218.3073164617,687676.4071739883,50000.0,18165.74122474244,0.0
69575,0,702550.8569170028,829544.8785765145,686875.5881868633,50000.0,17376.89512632972,0.0
69576,0,702570.649262395,829389.8460973763,686852.5587083641,50000.0,17817.37865240868,0.0
69577,0,703159.4114349884,829838.2503409287,687412.7336427975,50000.0,18439.480827563406,0.0
69578,0,702768.4116443598,829346.446027872,686993.0145901421,50000.0,18508.66929617172,0.0
69579,0,703234.2144724146,829629.4545811167,687418.6002947061,50000.0,19176.07645475629,0.0
69580,0,702749.0379874934,829118.2444534998,686922.1387906269,50000.0,19026.7585877136,0.0
69581,0,703961.4824792997,830357.0538791287,688153.2690335384,50000.0,19516.837275303318,0.0
69582,0,703098.0970033417,829111.1774857191,687187.3144521873,50000.0,20083.11700418451,0.0
69583,0,704572.0631283981,831382.1659746699,688871.8561899603,50000.0,18848.57757867228,0.0
69584,0,704628.6590497786,831268.8388681699,688887.2419772234,50000.0,19272.83413783488,0.0
69585,0,828348.6465605433,962533.6713339356,815526.9741129831,50000.0,20896.56844223986,0.0
69586,0,828145.0301452607,962295.9625340357,815313.388994692,50000.0,21040.00726630841,0.0
69587,0,827934.8769206881,962058.4660919881,815094.9027870953,50000.0,21161.566562324522,0.0
69588,0,827717.3209306691,961807.9139005973,814867.550672635,50000.0,21306.731873124634,0.0
69589,0,834653.4481868421,975981.9551263858,823680.1425750279,50000.0,5576.165633495166,0.0
69590,0,835074.8915133611,976349.883131999,824090.8262376031,50000.0,5694.316415834238,0.0
69591,0,835541.9800638537,976779.1730711176,824551.488588946,50000.0,5781.701829416172,0.0
69592,0,828648.7955762398,970491.4628017662,817765.2200988032,50000.0,1377.7259045118453,0.0
69593,0,828509.8298776952,970271.5644345965,817604.5393775873,50000.0,1322.3106581375816,0.0
69594,0,828984.6783077203,970674.5013760508,818064.2981589196,50000.0,1838.7452770082775,0.0
69595,0,828905.9209219351,970498.5016950266,817960.0843962054,50000.0,1942.9157507792804,0.0
69596,0,834406.241449283,976457.2637380499,823616.1928030034,50000.0,2980.3730089671644,0.0
69597,0,834655.5721458428,976767.7462180645,823882.9256536416,50000.0,2664.5975441477985,0.0
69598,0,755463.8527371347,908652.5589154128,747012.4322929246,50000.0,14531.050290138597,0.0
69599,0,755557.4368660728,908906.143873899,747149.8863955929,50000.0,15120.43048099901,0.0
69600,0,755245.1848477761,908891.4079732962,746915.3910266291,50000.0,16060.402631357641,0.0
69601,0,755395.0691548384,909183.6119558541,747104.8949297242,50000.0,16606.34964488728,0.0
69602,0,754737.0413843903,908523.5293256283,746441.0535598836,50000.0,16405.43198506342,0.0
69603,0,754416.8418382753,908039.4846266258,746074.0555612332,50000.0,15741.402446800987,0.0
69604,0,754051.9053590989,907582.3331780689,745681.3083641431,50000.0,15324.233985109537,0.0
69605,0,754174.9187775662,907552.1856879226,745763.9944925891,50000.0,14813.204751399368,0.0
69606,0,756198.6918149506,909435.9260165257,747766.222454965,50000.0,14963.971984626187,0.0
69607,0,756464.9572584722,909807.8536406087,748063.0895473462,50000.0,15431.180724633441,0.0
69608,0,757465.952207531,910764.3484546037,749060.0688287877,50000.0,15699.066072586367,0.0
69609,0,757407.9444181231,910932.944967533,749062.688884372,50000.0,16443.51791723006,0.0
69610,0,755833.5871479856,909303.3519863735,747460.8861076932,50000.0,15637.073414846307,0.0
69611,0,756051.9101733438,909671.835530878,747721.4611676262,50000.0,16236.499010517146,0.0
69612,0,756380.1490380645,910113.3774367403,748082.8971949345,50000.0,16748.932247538658,0.0
69613,0,756556.2542718386,910420.6013334888,748295.8087494166,50000.0,17269.05368251794,0.0
69614,0,756392.8927011495,910428.4702992386,748177.4083874812,50000.0,17804.761330720594,0.0
69615,0,757359.8268190715,911354.3625678159,749140.9368836967,50000.0,18031.667015356747,0.0
69616,0,791189.9598686413,951424.0350163811,784927.6018455385,50000.0,5530.992441074376,0.0
69617,0,791607.811809817,951766.0619012212,785327.5334895921,50000.0,5753.727245337496,0.0
69618,0,792103.9195633562,952266.9961814071,785828.4908604245,50000.0,6225.088620834904,0.0
69619,0,792007.069773321,952292.554251661,785764.6758213519,50000.0,6377.651049050312,0.0
69620,0,792122.0981845771,952547.7851044519,785919.162291779,50000.0,6786.251050031602,0.0
69621,0,790767.3500643461,951003.0808233317,784502.4442231081,50000.0,5161.213267493682,0.0
69622,0,791022.3031939032,951129.5719507062,784723.823411254,50000.0,5112.393091609161,0.0
69623,0,790472.3717495898,950579.338315292,784169.8951950126,50000.0,4611.457387159208,0.0
69624,0,761655.398163393,907652.7013701265,751342.9775616252,50000.0,13482.425386429908,0.0
69625,0,761272.4799647105,907249.5139139914,750951.6388139904,50000.0,13326.299011741326,0.0
69626,0,761905.604348277,907665.9096361985,751533.1302835252,50000.0,14243.82620736769,0.0
69627,0,761281.8562895522,906925.7088914403,750873.8282129696,50000.0,14238.968212657674,0.0
69628,0,762315.643037376,907948.1691160182,751913.0468485898,50000.0,14804.845031330076,0.0
69629,0,761237.445465135,906771.1099842436,750800.2205002763,50000.0,14525.6390769724,0.0
69630,0,761835.390059715,907384.7668106747,751407.1374677432,50000.0,14776.117567267675,0.0
69631,0,761592.2247251237,907066.7449758976,751142.4128629288,50000.0,14861.871230556786,0.0
69632,0,761966.1147764724,907409.4396207622,751511.1825748254,50000.0,15133.131802021713,0.0
69633,0,762103.0486778144,907418.6971322501,751615.8457247561,50000.0,15553.83595911424,0.0
69634,0,762108.696243852,907261.1702646464,751578.8974932401,50000.0,15599.16963567192,0.0
69635,0,760284.8686060662,905669.1217635311,749800.797858236,50000.0,13741.051192776136,0.0
69636,0,761728.6459981466,906828.0404924584,751181.8896342948,50000.0,15243.391303563183,0.0
69637,0,760473.134703073,905680.7466751694,749944.4196151973,50000.0,13974.75329861936,0.0
69638,0,762149.8555811839,907109.0437989724,751569.9143714057,50000.0,15710.826085640116,0.0
69639,0,762851.3380974949,907722.5969651554,752254.14972046,50000.0,16432.89963380615,0.0
69640,0,760184.6016814052,905292.6529180522,749627.5143569497,50000.0,13732.069938392533,0.0
69641,0,761088.7690936478,906060.171213413,750503.3728617618,50000.0,14674.480068207422,0.0
69642,0,761711.9997720243,906617.6406592135,751114.516011772,50000.0,15311.11788355932,0.0
69643,0,762064.3370122121,906802.0603866569,751425.9075325908,50000.0,15744.561167634298,0.0
69644,0,762712.7683740659,907411.4586674012,752069.435302121,50000.0,16390.40038628071,0.0
69645,0,760073.7760591885,905075.7011883974,749488.0612663527,50000.0,13677.172536827095,0.0
69646,0,760777.0779132089,905653.0852732747,750164.2338325423,50000.0,14425.908623274077,0.0
69647,0,761375.3174368681,906159.0817279413,750743.283377009,50000.0,15055.843284521567,0.0
69648,0,762196.853596387,906680.8684623402,751493.3555849749,50000.0,16047.322533325249,0.0
69649,0,762910.5395691759,906993.5015484563,752108.4234621214,50000.0,17067.71637337782,0.0
69650,0,762998.536099618,906973.4751774995,752169.0357177525,50000.0,17258.70317444523,0.0
69651,0,762688.4982878063,906604.3080594215,751841.0929424202,50000.0,17042.50980027313,0.0
69652,0,759519.5911241138,904459.2322080549,748913.0762811168,50000.0,13181.751381052998,0.0
69653,0,759138.1765283688,904183.3926560862,748556.1109588494,50000.0,12751.623301641897,0.0
69654,0,759132.7055537169,904080.1419525886,748525.0562796652,50000.0,12807.337649373103,0.0
69655,0,759214.3225734015,904037.6235361408,748574.9332265676,50000.0,12973.936190488936,0.0
69656,0,759897.1321487648,904658.4032124748,749247.1490639288,50000.0,13665.457840774216,0.0
69657,0,759834.8496751732,904282.5755199726,749102.5875559029,50000.0,13886.647794872606,0.0
69658,0,759911.1069987922,904255.3850505524,749152.5129839085,50000.0,14064.913287724426,0.0
69659,0,759428.2571056314,903636.3066372031,748630.2157495281,50000.0,13792.864510649464,0.0
69660,0,759611.7626249607,903655.4611622051,748772.4418560793,50000.0,14165.71960950796,0.0
69661,0,701534.517716899,826793.171624474,685423.1109752217,50000.0,21527.58805397917,0.0
69662,0,701096.2487551918,826297.6646890506,684966.3878469167,50000.0,21558.651303991443,0.0
69663,0,702178.783588541,827352.605233119,686053.1634371696,50000.0,21959.87222509225,0.0
69664,0,701562.6732724495,826626.011249819,685403.7873842084,50000.0,22072.8945635403,0.0
69665,0,701068.809166684,826027.3732539595,684879.2934378521,50000.0,22226.523075564834,0.0
69666,0,702492.6102523117,827504.1316689175,686330.4931698065,50000.0,22501.47297066125,0.0
69667,0,701745.6710230116,826587.8757395293,685534.6067732922,50000.0,22735.580684825138,0.0
69668,0,701046.4139715214,825802.264571431,684807.1481279928,50000.0,22787.4604702486,0.0
69669,0,702553.3130199504,827353.4813385975,686340.177751664,50000.0,23094.40385655561,0.0
69670,0,701733.5393385683,826383.1564928048,685475.3259899507,50000.0,23265.097325200222,0.0
69671,0,736089.4885326629,868269.9056031624,722021.3906875869,50000.0,18036.32849140809,0.0
69672,0,736198.2712535108,868192.1795048416,722084.5702631336,50000.0,18444.77082382614,0.0
69673,0,736468.9653169584,868305.4569197184,722318.4241323976,50000.0,18930.002704998027,0.0
69674,0,737181.5315383876,869215.1342987843,723086.6606347698,50000.0,19130.172753769373,0.0
69675,0,737089.3347792835,868885.6083549549,722934.3858396934,50000.0,19467.383461491743,0.0
69676,0,736450.248619604,868086.5869855353,722249.6033610759,50000.0,19286.330976154753,0.0
69677,0,737488.9034096921,869064.2425616946,723282.4728380698,50000.0,20162.66351835485,0.0
69678,0,737133.1023011624,868572.308730682,722889.5141754227,50000.0,20153.26117852641,0.0
69679,0,734439.1650742488,866291.7747641169,720274.1697019216,50000.0,17441.698867987787,0.0
69680,0,734425.4005064942,866099.0259060076,720215.612242475,50000.0,17797.887361406072,0.0
69681,0,734494.7738613627,865960.1869650197,720233.6945205184,50000.0,18281.887495909272,0.0
69682,0,734495.9017297515,865796.9176967904,720193.8625666194,50000.0,18637.620805427738,0.0
69683,0,735234.7369584022,866556.6754225224,720944.6572130406,50000.0,19071.322433585065,0.0
69684,0,734971.3627532517,866112.6285855302,720633.8803952973,50000.0,19288.34535880059,0.0
69685,0,735065.7327947348,865989.3939688159,720674.9543431028,50000.0,19828.329046181723,0.0
69686,0,735558.1553018278,866562.0209966105,721191.8289580027,50000.0,19961.48732300272,0.0
69687,0,735743.43085048,866563.6788574536,721333.1186249248,50000.0,20480.23329162446,0.0
69688,0,735428.8410390591,866121.1754472279,720983.8548670678,50000.0,20570.968881980058,0.0
69689,0,735765.481037438,866303.4579898453,721285.2129047189,50000.0,20828.744161213974,0.0
69690,0,734243.5588329775,865376.1033907215,719897.2509610519,50000.0,18854.740694741926,0.0
69691,0,734674.3179749702,865314.6871289433,720209.5156186929,50000.0,20242.647069028597,0.0
69692,0,734930.6800597479,865393.2945430733,720424.0601146353,50000.0,20218.62272802254,0.0
69693,0,734995.8237078771,865199.926757971,720425.6231455684,50000.0,19445.13788453209,0.0
69694,0,735907.9178827666,866167.6836700558,721359.8732739646,50000.0,20042.042711969043,0.0
69695,0,735786.4175016102,865868.643701099,721193.2172475733,50000.0,19440.387641174573,0.0
69696,0,736461.9685791506,866572.2953028285,721881.9087251782,50000.0,19863.448414451082,0.0
69697,0,736965.8128969667,866689.0132592809,722294.4073970037,50000.0,18971.985576863488,0.0
69698,0,817800.1067089688,950444.3966873285,804517.9669912023,50000.0,15956.06353532641,0.0
69699,0,818106.6352868193,950680.0963304228,804809.1862774516,50000.0,16320.854635062182,0.0
69700,0,818443.3537415913,950934.8512849964,805128.0601287106,50000.0,16732.681953194424,0.0
69701,0,818698.847432988,951137.9497886304,805372.4473980492,50000.0,17020.329266572717,0.0
69702,0,818993.1263801272,951358.0178983026,805650.4985359064,50000.0,17387.38707888648,0.0
69703,0,816958.1775156939,989813.7413451533,814426.733278361,50000.0,13405.67640265567,0.0
69704,0,816316.139333386,989123.8842738523,813766.8708900266,50000.0,12718.916974960044,0.0
69705,0,816781.573121419,989466.6102935657,814199.8223053034,50000.0,12885.615141140204,0.0
69706,0,816466.3211035432,989058.2473971421,813855.7415973045,50000.0,12377.874923594369,0.0
69707,0,816018.5648482793,988733.7969491441,813440.7356920193,50000.0,12343.884951801074,0.0
69708,0,815483.9490223571,988223.5426703421,812909.788948471,50000.0,11825.741117233407,0.0
69709,0,815183.7350443485,987820.4964591746,812578.0214771909,50000.0,11447.098152285102,0.0
69710,0,815643.0308451161,988186.1289792926,813013.1991475236,50000.0,11808.832391367503,0.0
69711,0,815718.4416329517,988121.4049341946,813048.6956009899,50000.0,11303.208032898625,0.0
69712,0,815378.941045779,987681.2793668685,812678.0680428484,50000.0,10763.256741560099,0.0
69713,0,814869.5343972306,987384.1861489378,812226.6301798748,50000.0,11058.204624182017,0.0
69714,0,814338.1031721144,986869.0106458169,811696.5334800036,50000.0,10531.08764316023,0.0
69715,0,814656.3486263151,987031.2731034437,811971.828048111,50000.0,10747.912420230636,0.0
69716,0,814936.6730038151,987181.2946920684,812216.3873372711,50000.0,10349.623606728159,0.0
69717,0,813796.9786959707,986106.59568354,811088.2109443952,50000.0,9907.92444504928,0.0
69718,0,814170.3434744576,986324.7324204709,811419.2330063768,50000.0,9698.823454021285,0.0
69719,0,813352.924369445,985318.6882480468,810542.3467948984,50000.0,8681.540299475511,0.0
69720,0,813245.4379213179,985377.8538678306,810482.1424699278,50000.0,9319.789451228233,0.0
69721,0,812912.9931645105,984965.9630098697,810124.7181867965,50000.0,8914.962300539912,0.0
69722,0,812501.2380757066,984381.5986784182,809660.6803823002,50000.0,8126.863426774808,0.0
69723,0,815072.7900966547,985543.1853407688,811844.2491106096,50000.0,4165.816639053084,0.0
69724,0,814527.0939030345,985079.7375201245,811318.5955177863,50000.0,3965.489290266557,0.0
69725,0,814238.5442898448,984998.974731476,811087.66807827,50000.0,4445.22649421862,0.0
69726,0,814449.3689977558,985332.8133297341,811335.0625477278,50000.0,5003.393224249657,0.0
69727,0,814443.0582522067,985456.9630375071,811366.0888149928,50000.0,5461.91246515253,0.0
69728,0,814144.6332193254,985308.6937050495,811108.8096125294,50000.0,5853.5505459924125,0.0
69729,0,813821.033801377,984858.0200314535,810746.7183748968,50000.0,5217.5965153953075,0.0
69730,0,813419.5318589909,984621.3447612623,810389.9181628854,50000.0,5676.670601356162,0.0
69731,0,812564.2929647362,983807.936932002,809541.2245419215,50000.0,5572.8422777017095,0.0
69732,0,813188.9152641222,984253.0378956664,810118.3478174151,50000.0,5050.666555245174,0.0
69733,0,813141.0812130033,984039.9105242296,810022.8378005751,50000.0,4387.578948575098,0.0
69734,0,812461.7936732394,983500.5475158616,809379.3097629348,50000.0,4725.136054384084,0.0
69735,0,812123.2098074656,983055.5893933185,809008.0709746573,50000.0,4226.228152962934,0.0
69736,0,811914.732180713,982716.2283370318,808760.7606402059,50000.0,3666.606099821526,0.0
69737,0,811766.9378500123,982440.0558694447,808575.257196937,50000.0,3133.822137250323,0.0
69738,0,811621.7009578828,982162.1082662251,808391.1050729164,50000.0,2594.1260621767656,0.0
69739,0,810820.170492219,981306.6645768486,807568.9955431299,50000.0,2513.884149558679,0.0
69740,0,810735.7812752803,981467.7561305881,807554.3308412586,50000.0,3447.963567200656,0.0
69741,0,810593.0412167899,981456.1397793073,807448.2354162507,50000.0,3976.65364394473,0.0
69742,0,812494.1100156623,983191.7146953964,809314.1005620036,50000.0,3369.202045080655,0.0
69743,0,813206.3897763841,983943.2709767278,810042.1821509443,50000.0,3792.703845400589,0.0
69744,0,813075.8286671042,983517.4691213381,809826.3062985444,50000.0,2626.712230504152,0.0
69745,0,812953.9808852038,983536.2030432789,809743.892217532,50000.0,3089.6204258225416,0.0
69746,0,813639.3808505038,983745.0508248738,810297.4585085441,50000.0,2023.2647767515432,0.0
69747,0,813984.7245756456,983975.9126369638,810612.3306772506,50000.0,2160.2776488504023,0.0
69748,0,813708.3888872615,983567.5130709243,810296.5380938179,50000.0,1782.3879170662992,0.0
69749,0,813855.4230604168,983542.6328376621,810395.4882489789,50000.0,2011.4189399808217,0.0
69750,0,813203.7862998204,982827.410424969,809721.5386716387,50000.0,1569.3510433498006,0.0
69751,0,812871.1935206129,982300.3984227034,809331.4085256428,50000.0,1976.9267104655844,0.0
69752,0,813510.2113216354,983007.6157474739,809993.9668056265,50000.0,2101.4397813228234,0.0
69753,0,812437.819114589,982006.3141294026,808934.9273345098,50000.0,1333.5666073690734,0.0
69754,0,812422.4320561046,982608.258205758,809095.5977650804,50000.0,1343.0449518753799,0.0
69755,0,812634.3208053099,982695.0901373529,809273.1279499701,50000.0,1046.1188515196561,0.0
69756,0,812498.4569780532,982413.1584675487,809094.692455681,50000.0,593.8712782246957,0.0
69757,0,813152.4191852529,983060.1968095957,809750.8816870251,50000.0,1243.766478288359,0.0
69758,0,812816.0168864513,982607.1793364771,809379.0470557386,50000.0,933.5405675336955,0.0
69759,0,909878.5035942666,1048975.1387540365,898820.8964730725,50000.0,38086.78837724938,0.0
69760,0,910497.2675701862,1049461.421455663,899409.9466219911,50000.0,38853.28183981318,0.0
69761,0,918729.0752934715,1060947.6145212927,908514.0064862864,50000.0,41496.29927099624,0.0
69762,0,919202.7248446685,1061433.2142222,908993.4239837802,50000.0,41945.37562025051,0.0
69763,0,919196.6085009248,1061328.0340474816,908962.0523027608,50000.0,42008.20011717133,0.0
69764,0,919151.8220926581,1061194.5416597691,908894.4324424244,50000.0,42029.783448179056,0.0
69765,0,919906.1426665416,1061960.2050200582,909655.9767902021,50000.0,42746.9361659135,0.0
69766,0,904297.3015028844,1044515.2259226603,893489.6921900578,50000.0,31335.47743757597,0.0
69767,0,904727.7929667414,1044850.1362465053,893898.5649378134,50000.0,31875.296870506885,0.0
69768,0,902334.2975141105,1050948.1362231437,893672.5170153612,50000.0,19451.670075907812,0.0
69769,0,902919.8830837948,1051462.9059783046,894243.03810454,50000.0,19727.397659359503,0.0
69770,0,903523.9062325635,1052011.0429296242,894835.9984950338,50000.0,19958.67321498289,0.0
69771,0,904198.455773297,1052552.0571694628,895479.6581746768,50000.0,20525.19488672983,0.0
69772,0,903205.3260469082,1051943.0037162036,894580.9187157667,50000.0,18932.485442746973,0.0
69773,0,903921.8023448875,1052542.9125177246,895271.140337001,50000.0,19426.58194023444,0.0
69774,0,904532.8571985462,1053037.2079460402,895855.2899663028,50000.0,19935.264445905064,0.0
69775,0,905106.193906553,1053448.9130567391,896389.8224290063,50000.0,20634.819263854515,0.0
69776,0,904419.4581261518,1053134.1687070811,895796.0976316608,50000.0,19076.686473243844,0.0
69777,0,905755.4825185802,1054127.2631837511,897050.4402430649,50000.0,20590.209234999376,0.0
69778,0,905378.6453636023,1053929.1699037228,896718.0125634434,50000.0,19829.11539458638,0.0
69779,0,905041.0534376286,1053772.553879294,896425.6707603364,50000.0,19065.33364907708,0.0
69780,0,904922.7774362728,1054374.5621929981,896494.8869149245,50000.0,16165.281935920022,0.0
69781,0,905664.570840532,1055026.1641072594,897217.3677371648,50000.0,16640.91690399931,0.0
69782,0,905389.1461970081,1054938.4949116767,896989.4699838358,50000.0,15850.187128691241,0.0
69783,0,906264.6539722651,1055596.3322726812,897813.084279717,50000.0,16874.891124963826,0.0
69784,0,905304.4897858143,1055053.3571353948,896956.5540530132,50000.0,15046.574925489438,0.0
69785,0,905922.1422320898,1055471.5504053812,897525.5501132789,50000.0,15951.386069544027,0.0
69786,0,906936.2159728458,1056122.905198594,898450.613070042,50000.0,17589.445629294718,0.0
69787,0,904406.749699097,1054569.1643378611,896162.0242077387,50000.0,13255.045901236426,0.0
69788,0,903813.0450444791,1054270.7364466724,895642.3888611323,50000.0,11990.29308498629,0.0
69789,0,906500.9676923507,1055976.9783828417,898088.5022018562,50000.0,16365.431901190763,0.0
69790,0,904304.0129952732,1054680.5157860203,896114.8688343124,50000.0,12386.742294145684,0.0
69791,0,905005.2787586118,1055134.5579420663,896755.3078824496,50000.0,13490.505638371349,0.0
69792,0,905814.6073799209,1055648.549432246,897491.8873210825,50000.0,14816.643906433086,0.0
69793,0,906317.6657444735,1055991.5693886452,897955.9305125492,50000.0,15555.117705582377,0.0
69794,0,907276.7415184967,1056633.4655499286,898837.5378042964,50000.0,17020.900648401,0.0
69795,0,907768.7945084536,1056996.0036542031,899298.5623748193,50000.0,17651.21653248088,0.0
69796,0,904895.8221669971,1055221.8659651838,896696.8387484112,50000.0,12695.249858726123,0.0
69797,0,904489.5569901144,1055041.072155466,896347.4322122898,50000.0,11727.434173856582,0.0
69798,0,905529.9662476578,1055720.6622770047,897299.1182130568,50000.0,13364.061157758955,0.0
69799,0,906877.0037088245,1056595.1834937518,898530.0713240168,50000.0,15530.663134016748,0.0
69800,0,906080.0637337676,1056157.1813444353,897822.5919346531,50000.0,13940.74351447339,0.0
69801,0,905309.6816091901,1055708.4657123785,897132.1668325203,50000.0,12504.680184117598,0.0
69802,0,907756.4844589366,1057271.9855490185,899361.5564315094,50000.0,16557.668982074196,0.0
69803,0,905162.0530424,1055746.6585034693,897032.4823786198,50000.0,11749.884531696875,0.0
69804,0,905800.8960513172,1056084.104893389,897595.871535454,50000.0,13075.826089463835,0.0
69805,0,907208.5637943621,1057073.166022659,898901.8759850018,50000.0,15075.0671435492,0.0
69806,0,907700.3377004482,1057450.3969915714,899366.471967894,50000.0,15662.117979397171,0.0
69807,0,906584.0588616674,1056887.4372119566,898388.8165253598,50000.0,13231.943557608654,0.0
69808,0,906225.6065214237,1056658.6954645724,898062.3501822565,50000.0,12631.12818054195,0.0
69809,0,907129.4645918539,1057239.6831616685,898886.687211778,50000.0,14132.216042507414,0.0
69810,0,905787.3257531871,1056420.925297792,897674.2108631693,50000.0,11739.960073934712,0.0
69811,0,906834.9077331815,1057338.0294862224,898693.525127876,50000.0,12581.010154721995,0.0
69812,0,906373.9766152339,1057058.4056259126,898277.5748723631,50000.0,11748.866534169118,0.0
69813,0,907436.6090568036,1057911.1197502688,899291.1557945677,50000.0,12917.96710433444,0.0
69814,0,908457.9254676374,1058558.4320853238,900220.1993218543,50000.0,14669.655287065108,0.0
69815,0,906872.1451885765,1057645.5571689138,898801.9740691485,50000.0,11621.206746328326,0.0
69816,0,909139.9803283144,1059110.6459579514,900872.1217019914,50000.0,15418.53236270722,0.0
69817,0,907455.0845522606,1058101.7986329733,899354.9553377602,50000.0,12316.004743145691,0.0
69818,0,907954.6720152681,1058497.9837831038,899830.2398445901,50000.0,12897.644144303868,0.0
69819,0,909007.2810530257,1059210.3577729762,900799.5805898727,50000.0,14552.677451467489,0.0
69820,0,907232.7289797459,1058151.6407125392,899202.8644474604,50000.0,11271.372930709224,0.0
69821,0,907632.7782535747,1058432.4901158635,899573.8619710853,50000.0,11866.782498280645,0.0
69822,0,909580.9171809832,1059701.0813244747,901354.7493014093,50000.0,15106.137199309444,0.0
69823,0,908497.8026357399,1059088.3998116544,900388.8840188297,50000.0,12991.81347536699,0.0
69824,0,908174.009905768,1058936.2398761148,900108.3300128458,50000.0,12256.419021818032,0.0
69825,0,909408.1573588693,1059771.9517815143,901244.8947212007,50000.0,14203.646602550223,0.0
69826,0,907844.9106985903,1058787.4946252266,899824.7617877938,50000.0,11490.939501519148,0.0
69827,0,907454.9348259924,1058560.7287537185,899475.4915756251,50000.0,10752.226413086788,0.0
69828,0,910171.3798767762,1060285.6949725044,901947.0407751257,50000.0,15418.296631047875,0.0
69829,0,909084.6217371732,1059773.6039643437,901004.8840017044,50000.0,12971.014320315642,0.0
69830,0,908644.7415991096,1059579.1464980876,900626.9967491652,50000.0,11946.245198714274,0.0
69831,0,908227.3252870595,1059409.1398964664,900272.2841504966,50000.0,10935.360262276112,0.0
69832,0,909245.0629162485,1060110.4558110896,901212.5904011622,50000.0,12504.400084923222,0.0
69833,0,909724.4210265587,1060431.6241876122,901653.1074104588,50000.0,13271.820381792251,0.0
69834,0,908801.4377901634,1059959.3524020426,900843.3718465462,50000.0,11351.200110506776,0.0
69835,0,909309.9937637807,1060367.2693506358,901328.3414885141,50000.0,11963.252027119695,0.0
69836,0,909777.2277977837,1060698.8448471418,901762.5571376504,50000.0,12653.686977049698,0.0
69837,0,908947.5822085399,1060285.424958967,901037.7053979833,50000.0,10922.66872062841,0.0
69838,0,909500.5197887281,1060727.9305379975,901564.7111340837,50000.0,11596.932974785626,0.0
69839,0,910386.3647793208,1061447.943373092,902411.9500296196,50000.0,12647.864877372418,0.0
69840,0,910006.6872848722,1061315.136549258,902095.0782053977,50000.0,11723.879138413578,0.0
69841,0,885223.9450884276,1037524.8006962962,877430.5043926564,50000.0,9108.256671988365,0.0
69842,0,885690.9416093772,1038012.7193647218,877905.8163111632,50000.0,9335.631342069055,0.0
69843,0,884676.0432221285,1036886.5686440675,876855.4271909134,50000.0,9075.25572732197,0.0
69844,0,885213.2733080835,1037395.4046256854,877388.339469925,50000.0,9460.072998262107,0.0
69845,0,885663.534893912,1037801.6194291117,877829.6220796447,50000.0,9854.35207336425,0.0
69846,0,884842.9372334889,1036874.6573252277,876975.9993754517,50000.0,9736.110750546153,0.0
69847,0,885317.2525869253,1037369.6552410112,877458.6103888808,50000.0,9919.978684162692,0.0
69848,0,885293.2187025736,1037166.3131945896,877387.0142758422,50000.0,10479.526893983604,0.0
69849,0,886119.7432544101,1037868.5278317332,878185.6033834905,50000.0,11309.988123640376,0.0
69850,0,885988.8499071534,1037506.9770381142,877993.0097842396,50000.0,11987.551575363148,0.0
69851,0,886477.4050952588,1037960.0831837909,878475.115242001,50000.0,12347.93210294806,0.0
69852,0,885898.4812764651,1037282.7839826957,877866.7802525839,50000.0,12390.996141419282,0.0
69853,0,886312.5207353688,1037583.7509582953,878253.4556806885,50000.0,12963.133477109159,0.0
69854,0,885540.5494905483,1036841.0782487595,877484.6104720404,50000.0,12519.02810277543,0.0
69855,0,885094.2475429705,1036859.8346607038,877158.4411790093,50000.0,10736.518093630739,0.0
69856,0,885040.1382185104,1036688.2395238905,877072.9677501473,50000.0,11108.250509649486,0.0
69857,0,885105.2880253813,1036606.0655923352,877099.6000248971,50000.0,11642.136514520012,0.0
69858,0,885035.0319926813,1036406.9534189855,876994.912587835,50000.0,12062.154377271121,0.0
69859,0,884568.9089554027,1036126.8636950864,876575.1162572488,50000.0,11222.621582997443,0.0
69860,0,884032.5587184706,1035721.4790311288,876070.1563665123,50000.0,10552.03893862816,0.0
69861,0,883930.2538432685,1035426.0536098331,875916.2307403486,50000.0,11147.92545078934,0.0
69862,0,883978.6446971957,1035327.1332009734,875926.025885381,50000.0,11229.673482151324,0.0
69863,0,884497.161106201,1035664.2243924118,876399.7850765295,50000.0,11818.348367458815,0.0
69864,0,872945.452894611,1030037.6771873585,866359.4706314264,50000.0,8242.059759298494,0.0
69865,0,873553.6418256782,1030737.1389763757,866995.9267648915,50000.0,8968.238616691271,0.0
69866,0,875190.6695309418,1032224.2771963639,868602.2745042784,50000.0,10395.166207143877,0.0
69867,0,874587.6963989253,1031742.8467576486,868028.4998221372,50000.0,9944.734823497542,0.0
69868,0,875138.335388949,1032346.0257205855,868596.5970151905,50000.0,10557.943390839857,0.0
69869,0,874627.2790790893,1031929.5998985734,868108.0436610109,50000.0,10194.531260169706,0.0
69870,0,874985.0627305036,1032360.7687149136,868487.7731429177,50000.0,10657.35921980188,0.0
69871,0,874939.7024011915,1032433.4248544641,868474.0223498378,50000.0,10812.41159513692,0.0
69872,0,876176.0619246558,1032995.549796777,869535.8055386919,50000.0,11097.67538309078,0.0
69873,0,876098.9019406489,1033042.2238741925,869491.5646577023,50000.0,11211.267987406056,0.0
69874,0,876255.1551106644,1033308.9513157178,869678.5362932553,50000.0,11478.413052635324,0.0
69875,0,876248.7713687764,1033502.9329348548,869726.1749652185,50000.0,11714.573498970405,0.0
69876,0,876731.7483301144,1034059.5852232949,870231.9044952525,50000.0,12161.648801116971,0.0
69877,0,877265.0507767665,1034049.8164931767,870621.9085620369,50000.0,10689.854886278263,0.0
69878,0,877124.1101854049,1034026.4289528453,870511.8088683846,50000.0,11007.97232779094,0.0
69879,0,877724.984187138,1034528.7787305673,871089.6966444807,50000.0,10323.532005155328,0.0
69880,0,877678.8521226395,1034611.523027083,871078.021185035,50000.0,10594.433577700522,0.0
69881,0,877429.3886715418,1034471.0991815244,870856.4773287771,50000.0,11010.41762450472,0.0
69882,0,877670.4513479059,1034802.4242729832,871123.3122096886,50000.0,11000.501530733547,0.0
69883,0,877198.747041965,1034424.2929360386,870674.0606739443,50000.0,11573.5144495817,0.0
69884,0,877549.6433673941,1034838.3121474467,871044.070350946,50000.0,11439.147190714235,0.0
69885,0,878360.0267504188,1035126.218294535,871718.3716719697,50000.0,9716.422209695596,0.0
69886,0,878340.9897971924,1035293.2924307262,871749.3710198527,50000.0,10089.451840087899,0.0
69887,0,878549.8881454766,1035625.0454061871,871992.6274953334,50000.0,10187.66592310352,0.0
69888,0,880431.9502207766,1037609.9262126636,873913.5181517701,50000.0,9102.286436789609,0.0
69889,0,881068.4301908019,1038205.3074901176,874542.6567692654,50000.0,8581.606663879425,0.0
69890,0,881321.2327621127,1038560.0642860478,874824.4426502086,50000.0,8740.519995378858,0.0
69891,0,881207.8332147008,1038569.1635967826,874743.4305655275,50000.0,9188.78158111736,0.0
69892,0,881562.1592179456,1038984.6355505205,875116.3392063531,50000.0,9201.487947388905,0.0
69893,0,879314.2231954118,1035762.9214053754,872592.7493982328,50000.0,8365.739964994993,0.0
69894,0,879564.2155919715,1036120.6073550116,872873.1975095255,50000.0,8321.64578777732,0.0
69895,0,879942.5966235065,1036584.9511028685,873276.9515760352,50000.0,8164.345105846208,0.0
69896,0,880471.5600764435,1036959.7186455954,873767.5410494764,50000.0,7430.868534786031,0.0
69897,0,881041.8080722739,1037635.3970366367,874369.5201263721,50000.0,7183.186946033189,0.0
69898,0,881035.4151563842,1037747.1497183065,874394.8919789224,50000.0,7460.460378763092,0.0
69899,0,880517.0456710779,1037300.6795945603,873892.8301373802,50000.0,8018.52931659904,0.0
69900,0,880988.1140260762,1037843.6062972235,874386.0280498966,50000.0,7853.623028871018,0.0
69901,0,881466.901783589,1038313.7952068893,874865.3158628608,50000.0,7502.148342985156,0.0
69902,0,881788.4029367856,1038475.332826762,875145.6324161524,50000.0,6855.337160128689,0.0
69903,0,882034.5450674559,1038981.1800457976,875463.1647281499,50000.0,7430.514771580875,0.0
69904,0,882455.1032846508,1039304.2286350939,875859.9223182834,50000.0,6886.787812328305,0.0
69905,0,878836.533035369,1035259.6082634443,872105.3381402958,50000.0,8757.631720054986,0.0
69906,0,878568.9922932823,1034891.3395541166,871809.1198686565,50000.0,8879.038781992493,0.0
69907,0,866540.6239933816,1017198.5299613257,858199.3232687594,50000.0,4076.306868073799,0.0
69908,0,866799.4074983161,1017554.9682125329,858485.4712266641,50000.0,4140.337350196019,0.0
69909,0,867185.4321227731,1018004.4652856543,858890.6410909544,50000.0,4087.5265564139877,0.0
69910,0,867259.459656227,1018200.7101470645,858997.3769680972,50000.0,4432.0370646973,0.0
69911,0,867882.5461810161,1018959.9304506216,859660.2693276727,50000.0,4654.303467224308,0.0
69912,0,868219.7711228285,1019385.6358259115,860022.9507176524,50000.0,4893.955758599092,0.0
69913,0,868491.6071355842,1019536.63446266,860264.564905091,50000.0,4381.224269607062,0.0
69914,0,870277.318137656,1020977.5190520833,861970.365681044,50000.0,2998.054831487726,0.0
69915,0,869957.0052444099,1020568.3092537001,861624.6410500777,50000.0,2586.780099916575,0.0
69916,0,869952.2041278767,1020437.0121664152,861586.4824532582,50000.0,2080.1046178448596,0.0
69917,0,869798.8874165077,1020169.9298560849,861402.2552532958,50000.0,1615.8111112223637,0.0
69918,0,869534.6220554727,1019808.4792679386,861110.7665784939,50000.0,1253.6737722110274,0.0
69919,0,868228.4220164596,1017903.805895394,859639.0776798599,50000.0,2118.459853242644,0.0
69920,0,868558.950945623,1018364.176882263,860005.7800120956,50000.0,1523.844947184678,0.0
69921,0,868626.4730308106,1018557.4878158646,860106.7860154744,50000.0,1268.2024298052036,0.0
69922,0,869484.1602084177,1019437.9097000441,860975.7831490573,50000.0,387.6611474317274,0.0
69923,0,870000.2875368488,1019838.2382548666,861464.6779032636,50000.0,491.59011469268194,0.0
69924,0,869940.4993887434,1019652.3956037282,861371.4006888253,50000.0,986.104073193296,0.0
69925,0,933073.3116086884,1102554.7463660615,930227.9951770017,50000.0,5938.444498842884,0.0
69926,0,933142.1534976462,1102512.1905719305,930265.8576358855,50000.0,6312.150873926233,0.0
69927,0,933534.0024591001,1102841.7819447918,930642.1535452212,50000.0,6764.801356889596,0.0
69928,0,932907.8828531505,1102149.1645182325,929994.2380270093,50000.0,6571.053668188265,0.0
69929,0,932957.5419062217,1102086.53320474,930012.6008340402,50000.0,6980.204662670048,0.0
69930,0,932243.7983815727,1101600.4552021893,929359.2760354577,50000.0,5791.108923930987,0.0
69931,0,932342.5357930068,1101562.8447399475,929420.1859909139,50000.0,6321.597655047298,0.0
69932,0,931918.0044727206,1101218.1023229833,929015.9625312492,50000.0,5812.570089114373,0.0
69933,0,931751.1873330117,1100956.3872042804,928821.647016563,50000.0,6084.26840339692,0.0
69934,0,931492.2514846366,1100627.126591652,928541.6640038791,50000.0,6246.560684702001,0.0
69935,0,932432.0362187969,1101396.9943078212,929438.4243568674,50000.0,7306.0674808741605,0.0
69936,0,932514.2925165258,1101371.4814573654,929490.8484270081,50000.0,7754.33936214431,0.0
69937,0,932603.3735584198,1101354.4897500798,929550.6200657913,50000.0,8203.007393933953,0.0
69938,0,932259.119449973,1100934.8660376056,929183.5139272849,50000.0,8367.513791663556,0.0
69939,0,931991.818807739,1100911.1356521475,928983.2021160271,50000.0,7295.182747562863,0.0
69940,0,931605.166980313,1100566.9820672022,928606.548657078,50000.0,6979.889150981383,0.0
69941,0,931672.1608984412,1100523.5305480072,928642.8819299228,50000.0,7450.897272719616,0.0
69942,0,931303.9109518225,1100089.6466468098,928254.378507229,50000.0,7608.732293147471,0.0
69943,0,931040.4600923954,1099748.6757816896,927967.8673198703,50000.0,7869.588569679316,0.0
69944,0,930271.7477302632,1099281.82086114,927280.0128614602,50000.0,6411.711907412511,0.0
69945,0,929885.9496868716,1098841.9010921067,926877.0877931251,50000.0,6590.895578152505,0.0
69946,0,929477.1348197445,1098501.9609483518,926485.5631285522,50000.0,6249.081812985033,0.0
69947,0,929499.9109646955,1098287.396962655,926441.8334980343,50000.0,7310.2209657865205,0.0
69948,0,929162.3231655043,1097748.7779241398,926046.1690208571,50000.0,8208.820470882813,0.0
69949,0,929507.2615912777,1098037.2314040393,926377.0072167122,50000.0,8462.955650845099,0.0
69950,0,930366.7768573117,1098353.439937718,927088.7296827348,50000.0,10926.672147241778,0.0
69951,0,930017.4234970416,1097908.9330618253,926711.010505814,50000.0,11331.32473691307,0.0
69952,0,929667.1248249238,1097476.5731813791,926336.0072394619,50000.0,11692.013610488955,0.0
69953,0,929540.0890512746,1097243.4707864798,926178.6909815281,50000.0,12168.15724650286,0.0
69954,0,929250.680338363,1096830.1143325523,925853.1991779213,50000.0,12732.280183344647,0.0
69955,0,929320.9740010182,1096785.2157615835,925891.6864660591,50000.0,13246.54597593449,0.0
69956,0,929269.7160979683,1097116.7341945227,925947.0957870872,50000.0,11529.919896563617,0.0
69957,0,929465.3865994276,1097867.6423141577,926299.1342625263,50000.0,9034.69012830661,0.0
69958,0,929886.684369492,1098732.6821737527,926846.9646023355,50000.0,7076.811350906249,0.0
69959,0,929402.0242069328,1098321.231584291,926380.4216352511,50000.0,6717.2599203749205,0.0
69960,0,930021.676458933,1098204.2816118654,926796.7149135976,50000.0,10033.84321963087,0.0
69961,0,929836.7901030093,1097910.0674485974,926580.3043947753,50000.0,10514.055414968203,0.0
69962,0,929549.8992063563,1097550.5312671089,926271.6465945151,50000.0,10835.519801335184,0.0
69963,0,928794.3390927429,1096596.7612920331,925456.8529244645,50000.0,11756.161640417025,0.0
69964,0,928395.2100464117,1096143.8207144497,925040.6667974117,50000.0,12035.080339445252,0.0
69965,0,928390.5124724867,1095979.558673703,924991.3661198973,50000.0,12753.45572249877,0.0
69966,0,928346.6875228191,1095826.7627959622,924916.8905554648,50000.0,13248.282356516163,0.0
69967,0,928008.3486501536,1095305.5783955944,924525.8073312619,50000.0,14111.613769900843,0.0
69968,0,929532.6520941929,1097693.5333296212,926299.1497428308,50000.0,10117.179171136495,0.0
69969,0,929225.7299934872,1097300.4257084588,925966.5634628437,50000.0,10508.347545054003,0.0
69970,0,928900.0770335357,1096913.3245595829,925622.0771933636,50000.0,10799.998077786795,0.0
69971,0,928585.0639112389,1096493.5082261479,925276.1618285235,50000.0,11296.411292640201,0.0
69972,0,928181.8353789281,1096051.2848725817,924859.9919664594,50000.0,11516.436016938418,0.0
69973,0,927969.2167195798,1095718.776072288,924612.7834882507,50000.0,12084.69814387337,0.0
69974,0,927840.8792740839,1095484.7327235627,924454.2594406802,50000.0,12578.818092209223,0.0
69975,0,929155.0688565986,1097494.6491745163,925969.698866823,50000.0,9319.460702746368,0.0
69976,0,928584.0939805837,1096725.0606749447,925340.2376558185,50000.0,10249.02754378381,0.0
69977,0,927594.6283134943,1095438.1917863798,924262.5764185122,50000.0,11722.457484347513,0.0
69978,0,927578.0525691201,1095310.3594347716,924214.8170438939,50000.0,12224.719779219166,0.0
69979,0,927393.5977774232,1094968.6866531472,923985.5023382175,50000.0,12963.018287759603,0.0
69980,0,928553.2301985674,1096969.4786539173,925386.3071700797,50000.0,9010.613332818764,0.0
69981,0,928451.1360631946,1096750.720145214,925251.0180157,50000.0,9546.977647658929,0.0
69982,0,928178.4081085292,1096390.7221243633,924952.4771145481,50000.0,9972.769505115848,0.0
69983,0,927970.940952461,1096091.9532066567,924718.4045120337,50000.0,10413.347924795567,0.0
69984,0,927797.006674745,1095786.7550919282,924506.8619018887,50000.0,11031.216679218833,0.0
69985,0,927358.6278850675,1095323.9540256087,924059.4334450596,50000.0,11220.952162753829,0.0
69986,0,927157.4233380932,1094976.065048186,923816.1892019332,50000.0,11919.368603974848,0.0
69987,0,927167.9010685169,1094842.5736764255,923786.4810110261,50000.0,12561.245439563905,0.0
69988,0,926917.108349801,1094456.4165382767,923496.6015543446,50000.0,13219.575886348619,0.0
69989,0,927620.0941476166,1094885.6297352095,924126.7403796688,50000.0,14311.408453907858,0.0
69990,0,927314.7858147218,1094493.559272807,923795.6809048147,50000.0,14752.285391701853,0.0
69991,0,928356.4391889323,1096878.197698161,925218.093642119,50000.0,8555.08802266533,0.0
69992,0,927866.8783491554,1096178.9513015884,924667.3108051681,50000.0,9569.77245671336,0.0
69993,0,927387.6859524053,1095691.7817979497,924183.4641538505,50000.0,9696.669203746189,0.0
69994,0,927696.8130233455,1095911.0406977402,924468.9860957592,50000.0,10039.265361831083,0.0
69995,0,927497.7552800005,1095616.8996625256,924242.3046280745,50000.0,10503.605514925206,0.0
69996,0,927119.998029336,1095185.9961587267,923847.7623737011,50000.0,10821.431801577783,0.0
69997,0,926659.9167458459,1094543.25021419,923334.2494186169,50000.0,11747.206418389855,0.0
69998,0,926186.008260123,1093998.0666449214,922838.0056227561,50000.0,12192.377027187513,0.0
69999,0,926595.9610347794,1094338.9740402708,923230.7379176349,50000.0,12387.552631240274,0.0
70000,0,926506.5413747708,1094088.4759054943,923095.8551377999,50000.0,13126.287251344795,0.0
70001,0,926555.2574677869,1094021.520064541,923112.5146136209,50000.0,13628.702592346133,0.0
70002,0,927208.5069964855,1094560.6888235654,923737.2389349523,50000.0,13996.05704799223,0.0
70003,0,925587.9953641575,1093360.7970877897,922225.9784161536,50000.0,12550.204995270631,0.0
70004,0,925376.2536970981,1093054.6105913462,921986.7603250856,50000.0,13033.918634003618,0.0
70005,0,925692.1485796227,1093282.6094844863,922279.7030995237,50000.0,13317.007286049646,0.0
70006,0,925429.0059354081,1092933.1779100948,921991.1180091687,50000.0,13778.726181316968,0.0
70007,0,925607.4626187214,1093009.0203508711,922141.831455702,50000.0,14173.674183487463,0.0
70008,0,928720.1977038959,1097327.5192064443,925607.670629874,50000.0,8134.579801977601,0.0
70009,0,928988.0430859419,1097675.5832283024,925899.3585007706,50000.0,7758.372045198488,0.0
70010,0,928532.3513509023,1097268.4306969463,925454.9910409868,50000.0,7568.80981909969,0.0
70011,0,928150.7366002935,1096830.499405732,925055.6587062738,50000.0,7868.564208666439,0.0
70012,0,927434.1534801328,1095995.8596480123,924302.3575662482,50000.0,8531.997193830806,0.0
70013,0,927424.1179669275,1095880.0668843235,924262.6259160592,50000.0,9008.198994160319,0.0
70014,0,926982.4182736039,1095437.2080326758,923818.3705632561,50000.0,9120.168464828512,0.0
70015,0,944542.7490821386,1118590.6612599974,943048.0905932114,50000.0,16334.234684465811,0.0
70016,0,944782.6160124802,1118705.4901765264,943253.3385893569,50000.0,15760.787011635965,0.0
70017,0,944294.3583830078,1118236.0155348193,942768.1400984044,50000.0,15830.684931119447,0.0
70018,0,943342.1911860419,1117683.766805418,941925.8989859357,50000.0,17693.237464414276,0.0
70019,0,943425.497704564,1117598.9643369997,941961.4728281131,50000.0,16910.89505219789,0.0
70020,0,943770.0250796253,1117954.8669527424,942310.8868764347,50000.0,16959.016407121337,0.0
70021,0,943689.7844464922,1117767.3446383555,942199.5696405671,50000.0,16460.731339685142,0.0
70022,0,943320.084101647,1117372.1490986387,941820.8242327553,50000.0,16351.338108779395,0.0
70023,0,942922.564535913,1116957.914827808,941416.6380989408,50000.0,16293.450527562747,0.0
70024,0,944212.0559242307,1118030.0695223229,942650.1065678281,50000.0,15253.203309273798,0.0
70025,0,944830.1523477465,1118545.4622062773,943241.7888609862,50000.0,14793.301586221702,0.0
70026,0,944472.8473372962,1118172.1307674027,942878.2136182925,50000.0,14704.938595334957,0.0
70027,0,943302.0594566015,1116916.554128224,941677.654508752,50000.0,14331.552413295927,0.0
70028,0,943624.8906642811,1117137.8956821605,941973.0452371228,50000.0,13847.055613903569,0.0
70029,0,943562.6319583439,1117252.3139716084,941960.9380042667,50000.0,14665.807894030913,0.0
70030,0,943894.2672112014,1117600.624548839,942298.9104526096,50000.0,14734.5010399307,0.0
70031,0,944757.3005439868,1118970.1943584597,943310.8582315685,50000.0,17116.15926189819,0.0
70032,0,942553.0239504187,1116631.19438276,941057.5933705838,50000.0,16516.90119285739,0.0
70033,0,944031.7350339239,1118401.1145486392,942626.6663689471,50000.0,17821.15754778714,0.0
70034,0,944096.2921523436,1118709.7361651151,942761.4609578075,50000.0,18963.110127178268,0.0
70035,0,944436.7023630682,1118974.6103589165,943081.8265928485,50000.0,18621.850991046565,0.0
70036,0,944827.6979768951,1119308.5646061983,943458.321525693,50000.0,18375.859479915227,0.0
70037,0,945182.8300989014,1119691.5784275148,943823.1157174843,50000.0,18533.135307485274,0.0
70038,0,945505.4578306145,1119937.7820082593,944125.3694848912,50000.0,18204.313308930057,0.0
70039,0,943758.9873140224,1118067.6493109977,942335.2419386294,50000.0,17535.52897031508,0.0
70040,0,944152.4417443789,1118391.565648896,942710.6489324948,50000.0,17215.461817155458,0.0
70041,0,1008774.9411570714,1169712.678505833,1003930.0311193364,50000.0,13292.841001473867,0.0
70042,0,1008672.9001895472,1169350.0121502746,1003757.0662375559,50000.0,14218.196575753842,0.0
70043,0,1008582.0756188291,1169151.7226489505,1003636.7985052248,50000.0,14589.92445386373,0.0
70044,0,1008472.8631801864,1168936.206956728,1003498.385306751,50000.0,14957.57078583932,0.0
70045,0,1007563.7445891454,1169180.326757839,1002897.3001942412,50000.0,10183.89281961306,0.0
70046,0,1007557.8694892876,1168219.6230267587,1002632.891888871,50000.0,13758.89543977028,0.0
70047,0,1007410.4291966328,1167965.1131602963,1002455.8595557677,50000.0,14131.603159843418,0.0
70048,0,1008102.5790033344,1169450.2904864314,1003365.655470585,50000.0,11437.198584402844,0.0
70049,0,1007606.8675643582,1168694.4085389958,1002797.2723708556,50000.0,12113.306792857506,0.0
70050,0,1007314.3830898982,1168249.6812972012,1002462.2802088083,50000.0,12559.841977616838,0.0
70051,0,1007298.6739175693,1168160.2605055878,1002426.5616593299,50000.0,12844.5435159327,0.0
70052,0,1007087.795111238,1167829.4678220835,1002182.31212346,50000.0,13235.833162545947,0.0
70053,0,1007546.4079383825,1168973.7127937346,1002828.5690849584,50000.0,10829.117632907439,0.0
70054,0,1007342.1036956515,1168658.8504771746,1002593.3936201973,50000.0,11115.10743992643,0.0
70055,0,1007217.78406988,1168397.4942232785,1002431.4013458036,50000.0,11564.64586752728,0.0
70056,0,1007069.6818305406,1168135.139972487,1002251.7048580535,50000.0,11933.991761020257,0.0
70057,0,1006998.4383888296,1167907.888322904,1002137.9271813388,50000.0,12519.855193726335,0.0
70058,0,1007049.2927861151,1167406.631162281,1002039.8067117049,50000.0,14812.644955382011,0.0
70059,0,1007078.5754713184,1167550.610267591,1002100.1914333939,50000.0,14343.122105660546,0.0
70060,0,1006658.5572183558,1167260.7664205509,1001713.453136758,50000.0,13643.410737462578,0.0
70061,0,1006758.6629906641,1166972.655003258,1001709.1816050466,50000.0,15322.125866235116,0.0
70062,0,1007966.7791251952,1169470.5546699928,1003271.5451122351,50000.0,10817.129105186197,0.0
70063,0,975093.2210583083,1122524.6359732992,966518.6363009515,50000.0,19469.370168088462,0.0
70064,0,974824.3312916534,1122153.0123840955,966221.8629222971,50000.0,19622.186745465824,0.0
70065,0,975594.3889460225,1122884.668349638,966985.891090785,50000.0,18852.912621342766,0.0
70066,0,975175.7796732893,1122383.7919947645,966543.9389672385,50000.0,19178.995173391504,0.0
70067,0,974873.2448884847,1121963.0395226057,966209.3767298379,50000.0,19379.300437589067,0.0
70068,0,971312.3270519655,1117906.1604744853,962502.556584207,50000.0,22698.834359316737,0.0
70069,0,970673.1055273624,1117162.8433923966,961833.2682235924,50000.0,23333.43033022673,0.0
70070,0,975812.1902329738,1122972.8811437043,967171.3488347277,50000.0,18528.58739376966,0.0
70071,0,971190.9778650319,1117658.9231789417,962348.171686841,50000.0,22815.69938385262,0.0
70072,0,975386.9160110005,1122397.4665594357,966705.2037051765,50000.0,18827.082727873138,0.0
70073,0,975846.0472743533,1122890.0179698972,967175.2694497793,50000.0,18404.924660888315,0.0
70074,0,971399.788743813,1117702.268238728,962515.4608267478,50000.0,22621.270432969308,0.0
70075,0,969058.9132072639,1116473.0036383823,960449.2457802962,50000.0,25239.086711476924,0.0
70076,0,968753.7928714742,1116332.3400533411,960185.0699751371,50000.0,25653.442175425353,0.0
70077,0,968471.2406470869,1116210.1878588211,959942.5539145543,50000.0,26058.004708124325,0.0
70078,0,970166.4063211837,1117342.4397611576,961500.9111629403,50000.0,24016.16955158977,0.0
70079,0,968228.309562939,1116098.852442302,959732.4310056781,50000.0,26411.0837034376,0.0
70080,0,969808.6200573923,1117147.67796977,961183.393723799,50000.0,24461.56785267086,0.0
70081,0,968044.797250702,1116069.3506345889,959587.8503895926,50000.0,26740.777233356344,0.0
70082,0,969403.9104811543,1116996.4786874899,960842.1271919922,50000.0,25039.38554081229,0.0
70083,0,969120.9537941597,1116839.0652325978,960590.1908481839,50000.0,25418.725273014534,0.0
70084,0,967859.9657618715,1116019.7541562908,959437.1022264933,50000.0,27063.487043338097,0.0
70085,0,968863.5291103903,1116721.8263276306,960367.7206095054,50000.0,25796.3962603711,0.0
70086,0,968612.3142154937,1116636.5260470798,960158.172171907,50000.0,26206.603569591378,0.0
70087,0,974212.2942834873,1121623.2669156964,965627.9843870327,50000.0,20282.70623445749,0.0
70088,0,973946.1990410342,1121491.72663644,965395.3032037442,50000.0,20671.648279964324,0.0
70089,0,973688.9151640588,1121350.4427513967,965166.6986294915,50000.0,21042.170016841752,0.0
70090,0,974591.6016423852,1122062.9700577904,966024.8057906444,50000.0,19984.60735777723,0.0
70091,0,973542.6540670707,1121376.0758588712,965064.1464118907,50000.0,21388.296779209,0.0
70092,0,974295.8732380031,1121927.8360626744,965769.0794289502,50000.0,20441.042943872475,0.0
70093,0,974224.1071514868,1121990.095283439,965731.5992891948,50000.0,20672.889187771685,0.0
70094,0,966619.3982346054,1114836.7328565086,958205.111016486,50000.0,28289.967487943002,0.0
70095,0,966476.3473171686,1114574.3211306594,958030.4035258031,50000.0,28297.160730355718,0.0
70096,0,966376.7139174266,1113982.1828295267,957802.794873393,50000.0,27970.249372967206,0.0
70097,0,967042.3747785467,1114731.3230154153,958493.4541521496,50000.0,27388.071787616776,0.0
70098,0,966462.0769685826,1113935.6382472503,957854.494427793,50000.0,27802.242335265946,0.0
70099,0,967102.001568308,1114636.4077962474,958513.4252313672,50000.0,27218.636229143653,0.0
70100,0,966484.8322738439,1113825.0198426654,957842.9026757723,50000.0,27705.96451494635,0.0
70101,0,968358.6028091324,1115815.037295484,959756.3008204699,50000.0,25947.04043163525,0.0
70102,0,968101.2354349776,1115423.1795186582,959462.8723697009,50000.0,26114.948161626813,0.0
70103,0,967864.3318429337,1115044.9241114685,959188.2556355814,50000.0,26276.052568638213,0.0
70104,0,969309.7392993709,1116578.335243409,960663.7723243956,50000.0,24904.58367687989,0.0
70105,0,967951.6004125945,1114956.7117454677,959230.6821263237,50000.0,26122.890107672356,0.0
70106,0,969178.7516797961,1116273.2295216427,960487.1691240008,50000.0,24945.851948326734,0.0
70107,0,968460.2622060137,1115391.6055006145,959722.9185457494,50000.0,25597.404493622198,0.0
70108,0,974859.7566270093,1122437.8023383615,966321.8734236094,50000.0,19851.681472747772,0.0
70109,0,974865.1602228337,1122578.1683806316,966362.1863856297,50000.0,20013.367071715227,0.0
70110,0,965823.3431378589,1113979.0671751208,957389.0185122773,50000.0,28973.36888463628,0.0
70111,0,998412.8997970291,1159075.7131312205,993446.8575674264,50000.0,12841.399941991158,0.0
70112,0,998408.9507701927,1158975.7730359947,993416.9343505421,50000.0,13287.32309096707,0.0
70113,0,998810.6329676025,1159417.6677283337,993831.3208518333,50000.0,13004.807117617658,0.0
70114,0,998807.1014312309,1159318.0693304562,993801.8027162609,50000.0,13452.857789907617,0.0
70115,0,998982.9964278981,1159393.6004997354,993951.3779102524,50000.0,13883.21242525869,0.0
70116,0,999211.5654706226,1159764.764460628,994219.5259063134,50000.0,13172.268984512366,0.0
70117,0,999309.7068223233,1159766.8189888159,994292.1446883988,50000.0,13602.879975721276,0.0
70118,0,999320.6509863029,1159682.0049556943,994277.2670530931,50000.0,14048.500833201386,0.0
70119,0,999331.3119328462,1159597.0532353518,994262.1534120132,50000.0,14493.498582673632,0.0
70120,0,999215.4737443118,1159860.7895495938,994248.3575619109,50000.0,12741.164315750962,0.0
70121,0,998823.5298831196,1159516.3180622102,993867.4667235302,50000.0,12602.687713997046,0.0
70122,0,998339.7352321446,1159111.9897523597,993402.9638092201,50000.0,12353.888435697652,0.0
70123,0,998724.3155029402,1159530.2570416338,993798.4115911167,50000.0,12099.565417645807,0.0
70124,0,998340.614130869,1159210.8575762277,993430.3635325403,50000.0,11900.504114380446,0.0
70125,0,998036.7025476466,1158864.9979938983,993113.7135136758,50000.0,12158.924795563398,0.0
70126,0,998413.0035603889,1158884.9855965509,993395.3697118944,50000.0,13726.097510027055,0.0
70127,0,998362.5036298677,1158739.5080058705,993318.9750793225,50000.0,14143.50090903527,0.0
70128,0,998918.8642728396,1159225.2308464532,993858.7950199683,50000.0,14382.31555265774,0.0
70129,0,997096.8367534956,1157405.1780757045,992028.9704385838,50000.0,14042.03639187888,0.0
70130,0,997531.6102742341,1157850.0421200146,992468.4600359269,50000.0,14120.521871927398,0.0
70131,0,997473.3778037489,1157887.6154429072,992435.8452261087,50000.0,13692.06762375389,0.0
70132,0,996977.1099823421,1157380.9178468294,991934.4877651028,50000.0,13594.920102779139,0.0
70133,0,997151.5992346012,1157639.4921650386,992132.5006532437,50000.0,13279.96413155623,0.0
70134,0,996708.8467143455,1157194.9195109652,991687.2293600886,50000.0,13165.821313459423,0.0
70135,0,997908.6863957418,1158831.251190206,993010.6296743308,50000.0,11724.304301369752,0.0
70136,0,997993.2258191325,1158619.3723514972,993015.352473479,50000.0,12972.670520865102,0.0
70137,0,998722.7185021073,1158947.4159780527,993639.6994157888,50000.0,14803.87058242387,0.0
70138,0,997394.8093879228,1157625.390736529,992307.3061458884,50000.0,14460.397046468906,0.0
70139,0,996427.964266179,1156995.1468124455,991426.9886937564,50000.0,12739.791601893303,0.0
70140,0,999116.4593048075,1159289.9938881793,994021.4254639259,50000.0,14963.172812055132,0.0
70141,0,1031309.8401888524,1175536.5166472085,1022184.137916623,50000.0,7524.083168171211,0.0
70142,0,1031878.7899276498,1176036.836163638,1022738.2386085752,50000.0,7508.957428376347,0.0
70143,0,1031425.5505185019,1175458.328070579,1022251.0705929558,50000.0,6753.63883358683,0.0
70144,0,1031861.7544621063,1175855.4650202137,1022679.3439313287,50000.0,6822.951204722226,0.0
70145,0,1032665.9136975694,1176528.6785695467,1023453.9128112308,50000.0,6804.287064171722,0.0
70146,0,1030047.7240840383,1174120.7629743104,1020877.1535408208,50000.0,6361.703937538664,0.0
70147,0,1030998.3566748579,1174800.9782552046,1021763.4301609731,50000.0,5573.470424271613,0.0
70148,0,1031687.5263244373,1175439.0106264742,1022442.7756334337,50000.0,5751.269732884686,0.0
70149,0,1032220.1822977623,1175888.4239096325,1022956.738052833,50000.0,5781.751994160138,0.0
70150,0,1032456.0860009444,1175961.5359131114,1023152.4063968499,50000.0,5385.618280604126,0.0
70151,0,1032220.647845906,1175606.4946015985,1022885.5471898082,50000.0,4813.311432407234,0.0
70152,0,1031553.5185290328,1175005.4692925175,1022232.1223971887,50000.0,4532.213268879123,0.0
70153,0,1030688.601722564,1174129.382381654,1021360.394565361,50000.0,3924.1735565363447,0.0
70154,0,1030246.8066245434,1173796.8017910297,1020944.2793850584,50000.0,4140.260071815842,0.0
70155,0,1029654.6531605307,1173089.8031991145,1020320.2545223512,50000.0,3391.4813702344986,0.0
70156,0,1029020.7634239437,1172720.9649233732,1019750.7209681326,50000.0,4414.882950750895,0.0
70157,0,1029173.0143236769,1173107.8671631217,1019963.2891113968,50000.0,5512.399708782169,0.0
70158,0,1029583.8945290045,1173478.907623423,1020365.9367581446,50000.0,5425.421546883603,0.0
70159,0,1030212.07068801,1174003.6605149002,1020970.7273159351,50000.0,5170.894222124152,0.0
70160,0,1013220.2974809441,1169412.6080701784,1007123.0440062174,50000.0,9376.223330210834,0.0
70161,0,1013434.069362372,1169546.7231085002,1007316.6170594555,50000.0,9393.723074981048,0.0
70162,0,1013566.3120926707,1169611.2634497776,1007431.4736068392,50000.0,9375.62205199143,0.0
70163,0,1014017.8806101726,1169882.6931628818,1007837.2555036455,50000.0,9480.835382725916,0.0
70164,0,1014432.7255698218,1170393.8108771285,1008279.5332968424,50000.0,10046.75111954407,0.0
70165,0,1014446.2723740467,1170204.5245448023,1008239.3071834884,50000.0,9742.59576901094,0.0
70166,0,1013821.9760894995,1169610.7448816695,1007620.2831896679,50000.0,9170.814186094087,0.0
70167,0,1014186.8557944047,1169866.2418689483,1007957.7954899595,50000.0,9383.642150571342,0.0
70168,0,1014669.4592443604,1170185.7860967896,1008399.3463341085,50000.0,9698.201901820672,0.0
70169,0,1014903.3427535491,1170376.7278178604,1008622.9061945062,50000.0,9899.0749144586,0.0
70170,0,1014628.6057731431,1170010.6265747559,1008322.7151352623,50000.0,9564.040273154422,0.0
70171,0,1014014.1468636031,1169337.9994458787,1007690.0616146647,50000.0,8918.192900307593,0.0
70172,0,1015499.406653451,1170869.2497935006,1009194.2297215324,50000.0,10433.448033890312,0.0
70173,0,1014955.6133222479,1170286.984991854,1008637.7850960476,50000.0,9868.186142288376,0.0
70174,0,1014857.6642635697,1170028.0574394625,1008496.7625586722,50000.0,9728.555437803829,0.0
70175,0,1016020.3898349751,1171103.8778154652,1009641.7479720158,50000.0,10890.579213470919,0.0
70176,0,1011948.1473351013,1168247.4930621933,1005873.5845521063,50000.0,8513.436122692894,0.0
70177,0,1012670.0876163698,1168933.1610452235,1006589.1522375284,50000.0,9052.036054599663,0.0
70178,0,1012705.6207990415,1168839.7341393242,1006590.5724087573,50000.0,8766.468693797513,0.0
70179,0,1012279.0099334852,1168469.034031311,1006176.8862158676,50000.0,8514.696359476227,0.0
70180,0,1012318.7997461355,1168391.142781468,1006185.5868866069,50000.0,8266.487283026921,0.0
70181,0,1011986.8897831289,1168067.5374637304,1005854.3777036871,50000.0,7980.681402651227,0.0
70182,0,1012249.9069291448,1168191.8173192195,1006081.7393330679,50000.0,7918.7724872298295,0.0
70183,0,1013257.7262601284,1169214.6292132419,1007098.1082077811,50000.0,8908.150488714587,0.0
70184,0,1013019.0253222876,1168812.5272402875,1006814.9506481308,50000.0,8391.12730365283,0.0
70185,0,1013335.6594803833,1169011.5183249086,1007101.8078232972,50000.0,8534.365848950409,0.0
70186,0,1013469.5572059752,1169226.670215181,1007257.8685798134,50000.0,8777.752123734062,0.0
70187,0,1012737.8205584721,1168698.0654069176,1006576.7342712784,50000.0,8418.692056486057,0.0
70188,0,1011538.0773328518,1167787.609847626,1005448.4112114077,50000.0,8018.979173204486,0.0
70189,0,1011744.2632173767,1167733.0949449681,1005586.2608111833,50000.0,7544.503976973564,0.0
70190,0,1011734.8315957888,1167803.428409728,1005597.9740694893,50000.0,7721.446368315908,0.0
70191,0,1015373.8517784118,1170544.9679240098,1009015.4787943079,50000.0,10245.774581902388,0.0
70192,0,1011115.665434464,1167313.2050147846,1005010.260702844,50000.0,7507.871059271838,0.0
70193,0,1013969.3971556611,1169560.5672908463,1007715.9571451691,50000.0,9067.322073803329,0.0
70194,0,1015700.8837700542,1170935.2940313946,1009360.7479463693,50000.0,10584.73275140327,0.0
70195,0,1016186.1631436332,1171378.069024455,1009836.9673621111,50000.0,11063.115877726625,0.0
70196,0,1016038.5917054581,1171376.2255695646,1009727.3191296082,50000.0,10960.171707784353,0.0
70197,0,1015579.3809157735,1171065.2632777211,1009305.3129294073,50000.0,10587.441269331,0.0
70198,0,1015596.8625463471,1171201.3137661908,1009354.3045445563,50000.0,10707.82628640361,0.0
70199,0,1015191.3303387406,1170928.4781176795,1008982.133509907,50000.0,10452.638557223821,0.0
70200,0,1035119.0277990544,1181839.2356454988,1026647.6520572378,50000.0,20024.551732467917,0.0
70201,0,1034690.5485479692,1181393.7881437873,1026212.8860298403,50000.0,19769.325302125748,0.0
70202,0,1035024.106291381,1181612.3364670726,1026518.451675027,50000.0,19406.183820300703,0.0
70203,0,1034103.9186160907,1180781.5912379483,1025617.0472474392,50000.0,19420.82505968374,0.0
70204,0,1034574.9350340763,1181156.787207093,1026065.6164678636,50000.0,19187.08959713089,0.0
70205,0,1034698.310096067,1181119.3525183133,1026148.3243277649,50000.0,18534.32907902855,0.0
70206,0,1034329.0872325695,1180796.5624990342,1025789.3334172871,50000.0,18581.97917917477,0.0
70207,0,1034077.3421754811,1180289.3942208812,1025471.0048796107,50000.0,17354.84999297621,0.0
70208,0,1034059.0832222453,1180121.908535252,1025414.4551806964,50000.0,16693.718453080004,0.0
70209,0,1033252.9687621159,1179335.8533410043,1024609.8207374582,50000.0,16453.15341976604,0.0
70210,0,1032847.0868713481,1179029.1233743783,1024227.4850208643,50000.0,16743.186513216122,0.0
70211,0,1033160.7176842481,1179081.0492213385,1024475.548259969,50000.0,15697.852920014164,0.0
70212,0,932039.5544338133,1103422.2187878785,929725.8215918033,50000.0,6042.098023302397,0.0
70213,0,932086.4536625063,1103273.9430161337,929717.6695187788,50000.0,5389.385495550648,0.0
70214,0,931812.3445259465,1103104.4384461534,929471.833411885,50000.0,5554.537110505345,0.0
70215,0,931572.4343099847,1102980.691527685,929263.6533231727,50000.0,5829.051544259523,0.0
70216,0,931513.8898535343,1102741.3414330399,929153.5988807436,50000.0,5112.043625721795,0.0
70217,0,931408.6092557994,1102471.117765501,929001.1024625595,50000.0,4454.735534616877,0.0
70218,0,931813.7972863913,1102792.8860194294,929384.6861565401,50000.0,4507.369208926642,0.0
70219,0,931564.4746828736,1102485.4098807615,929117.6817506936,50000.0,4126.881834573549,0.0
70220,0,930567.5857305055,1101590.035495849,928144.5852792001,50000.0,3712.2013557144996,0.0
70221,0,930922.404228515,1101960.6870043457,928505.6391946168,50000.0,4014.584012797342,0.0
70222,0,932878.7656584905,1104163.0152973265,930541.2820703886,50000.0,6321.150538760026,0.0
70223,0,932601.2090881348,1103994.8072101364,930293.3376642675,50000.0,6479.960424732618,0.0
70224,0,933081.073728802,1104275.8839614454,930719.2584690114,50000.0,6203.405008197966,0.0
70225,0,933975.0804571338,1105066.4784213244,931588.3882288821,50000.0,6511.308785264473,0.0
70226,0,933468.6474535941,1104561.6207557702,931079.9124358067,50000.0,6241.449242541982,0.0
70227,0,932970.9694206306,1104437.854755838,930685.6836838997,50000.0,7006.506139022868,0.0
70228,0,933177.6266809059,1104540.7092637776,930863.9422279858,50000.0,6811.701815862295,0.0
70229,0,933272.6527026577,1104828.3519968411,931014.0237298644,50000.0,7537.606198111266,0.0
70230,0,933403.0805209103,1104857.3440739885,931116.3390314812,50000.0,7287.534925685561,0.0
70231,0,933606.5462064476,1104966.5007810942,931294.0815942675,50000.0,7140.777453454081,0.0
70232,0,933693.2199401851,1105247.5863216193,931436.2754765787,50000.0,7793.845349485578,0.0
70233,0,933668.9975471674,1105333.109829034,931443.0541576534,50000.0,8119.20616711972,0.0
70234,0,934151.5584576601,1105651.1188840074,931881.3244599351,50000.0,7306.167204381832,0.0
70235,0,934587.4991983721,1106286.879497879,932376.0540771979,50000.0,7612.062417655331,0.0
70236,0,934450.2376811609,1105766.8479883545,932129.6334673862,50000.0,6597.822179831245,0.0
70237,0,935179.8251603058,1106577.5673479312,932885.7736498418,50000.0,6281.383054461142,0.0
70238,0,934977.6681062058,1106281.8814734058,932656.136536308,50000.0,6163.032863120027,0.0
70239,0,934814.1943438515,1105964.5192083053,932448.2954996045,50000.0,5913.0264563388,0.0
70240,0,934382.1925478354,1105446.1575697474,931989.7368066413,50000.0,6104.983706308688,0.0
70241,0,934364.577827705,1105328.2011357585,931943.6508233123,50000.0,5953.631413986403,0.0
70242,0,933822.849229347,1104837.407728006,931413.6682946458,50000.0,6356.722799445951,0.0
70243,0,932013.2469612169,1102873.4647259107,929551.4986342168,50000.0,4345.35256788317,0.0
70244,0,932103.443728967,1102868.9765972462,929615.3714230311,50000.0,4200.375652419929,0.0
70245,0,923901.4033931257,1093512.0798136385,921046.5224600724,50000.0,6121.415379768741,0.0
70246,0,924305.8716780496,1093838.3849895205,921431.0262444132,50000.0,6050.989299828253,0.0
70247,0,924724.4418042685,1094203.5093047114,921836.6660981103,50000.0,5925.364064910015,0.0
70248,0,925373.9020137655,1094779.0122622172,922468.5921934828,50000.0,5763.9956093051505,0.0
70249,0,925008.0688420227,1094399.3262808137,922097.0155784477,50000.0,6050.437749089728,0.0
70250,0,924345.2417912205,1094114.9718597094,921537.4066685988,50000.0,5282.662165826926,0.0
70251,0,924255.3598355905,1094213.3914467834,921500.1503571706,50000.0,4869.2986254955895,0.0
70252,0,924665.1877649777,1094676.6770347962,921927.1185298712,50000.0,4369.982951797697,0.0
70253,0,924742.9951675794,1094497.067765442,921932.7541589726,50000.0,4999.760666434186,0.0
70254,0,925128.6355417263,1094678.7203338111,922262.8892984645,50000.0,5387.961021545556,0.0
70255,0,925525.8352203039,1095066.3543201312,922659.3983337592,50000.0,5153.92761375907,0.0
70256,0,924273.1155068054,1094339.0135782543,921548.4188485121,50000.0,4619.624203951566,0.0
70257,0,925276.0299711433,1094954.342926495,922447.1335410101,50000.0,4832.524051042492,0.0
70258,0,926168.0550573763,1095976.4037186687,923380.27914859,50000.0,3736.594410672191,0.0
70259,0,925119.3569523451,1095043.2905989548,922358.8848817907,50000.0,4188.462254620528,0.0
70260,0,924768.8619211813,1094400.0237213538,921924.1296263936,50000.0,5371.554608057355,0.0
70261,0,924931.5542897726,1095030.2491527433,922219.4243991278,50000.0,3931.4177847438273,0.0
70262,0,926101.1597560667,1095758.1823597352,923270.4207360148,50000.0,4344.157131288383,0.0
70263,0,925714.8055147767,1095500.7891854267,922918.4492186815,50000.0,4140.094567941668,0.0
70264,0,925418.9728466033,1095410.1696105658,922678.9733330657,50000.0,3745.4633542171873,0.0
70265,0,925275.9613020552,1095414.5864942735,922576.8288901242,50000.0,3525.0501772929056,0.0
70266,0,925826.5890698204,1095877.8289586953,923105.571073605,50000.0,3229.010638038479,0.0
70267,0,925582.9615373493,1095769.1176309157,922898.7834600464,50000.0,3139.947312118749,0.0
70268,0,926813.1951857847,1096681.7116773042,924045.6133849334,50000.0,3087.6032497721267,0.0
70269,0,926620.746610659,1096594.9810199765,923881.9992415875,50000.0,2826.9038365640404,0.0
70270,0,923941.9567624718,1093703.1403116772,921129.6780725587,50000.0,5650.465318521515,0.0
70271,0,925994.5066584024,1096230.9656918638,923326.5904123733,50000.0,2652.1923795142116,0.0
70272,0,926210.3520439569,1096315.6904798914,923506.519891579,50000.0,2749.2635614402097,0.0
70273,0,926626.6397108097,1096745.8253630307,923928.8011556503,50000.0,2354.2765695563844,0.0
70274,0,923583.6113551127,1093294.937517769,920755.474789183,50000.0,6096.223384575591,0.0
70275,0,926206.6968201624,1096564.790335121,923574.1829433803,50000.0,2272.639985996501,0.0
70276,0,926440.1937604957,1096663.43807933,923770.7821045952,50000.0,2255.005344520725,0.0
70277,0,926634.9922778171,1096991.994650416,924004.3149660114,50000.0,1845.539993380687,0.0
70278,0,849119.249850846,1016877.3123330598,845331.1835185597,50000.0,8050.481939844474,0.0
70279,0,848746.2020423065,1016383.6880021887,844921.9344820201,50000.0,8709.612020710889,0.0
70280,0,848531.4249555067,1016050.213250978,844672.4465640432,50000.0,9249.62352784813,0.0
70281,0,848978.985175686,1016373.8994754393,845087.8297017531,50000.0,9359.190027989032,0.0
70282,0,849127.9393960247,1016265.430158524,845165.2854898494,50000.0,10171.482928953532,0.0
70283,0,853024.883997319,1021393.9225689975,849432.3779574838,50000.0,3420.6883528157464,0.0
70284,0,852507.1620528344,1020869.0627425525,848909.5762343633,50000.0,3717.4444595435393,0.0
70285,0,852804.909420904,1020885.9108690632,849129.8294285652,50000.0,4654.763168473949,0.0
70286,0,852579.8288344312,1020760.2240980288,848931.449451824,50000.0,4367.137735543971,0.0
70287,0,852053.1517742843,1020292.4930118636,848418.2811081309,50000.0,4432.342367287942,0.0
70288,0,852122.4701051889,1020125.5761539573,848421.3768242944,50000.0,5277.601030082371,0.0
70289,0,855659.334003314,1018617.6006576489,850571.2467096255,50000.0,3413.3220158022805,0.0
70290,0,856229.7919980693,1019202.3471779057,851149.100287422,50000.0,2860.3964261284304,0.0
70291,0,856604.8576701378,1019480.01275242,851499.5169473686,50000.0,2457.327357260253,0.0
70292,0,857048.2394298321,1019816.4789089654,851916.0445658332,50000.0,2041.563892461509,0.0
70293,0,857882.1996565606,1020447.3988413734,852698.9920166932,50000.0,1592.8645592938076,0.0
70294,0,857462.0295129626,1020154.1098993131,852311.303832358,50000.0,1708.4971239248437,0.0
70295,0,857746.1082826584,1020513.1587698419,852617.7920534471,50000.0,1340.3396961339704,0.0
70296,0,857759.2607153973,1020651.7444959453,852665.6654855267,50000.0,1328.5456995280902,0.0
70297,0,858181.2657978131,1020985.8786588863,853065.9411939902,50000.0,881.7546866428966,0.0
70298,0,858518.8861898235,1021175.4703021653,853364.7288913515,50000.0,821.0640118413477,0.0
70299,0,858422.6744963797,1020912.9831619853,853222.0650521837,50000.0,1459.6508394043751,0.0
70300,0,858809.4147177637,1021222.4321635705,853589.8206747213,50000.0,1602.963840262266,0.0
70301,0,858994.452503856,1021557.2986992067,853817.2919191844,50000.0,945.9668534130578,0.0
70302,0,859338.2761844241,1021809.012430682,854137.778273985,50000.0,1310.1581133979055,0.0
70303,0,859825.792425755,1022258.2112581307,854617.6586965864,50000.0,1576.2615689887461,0.0
70304,0,859900.7258219469,1022456.5206656898,854727.0642859354,50000.0,1202.4983921125547,0.0
70305,0,859774.2787336385,1022460.2325455424,854635.7687828359,50000.0,789.8258283396156,0.0
70306,0,859599.2210517613,1022386.6741891376,854487.6770330961,50000.0,540.4207476957573,0.0
70307,0,859398.814994062,1021988.4354188337,854231.4707472499,50000.0,853.107682248314,0.0
70308,0,859226.8112549499,1021928.4927756062,854089.3556929315,50000.0,380.8469027160172,0.0
70309,0,858743.6146005213,1021495.405945133,853617.0877350608,50000.0,373.75442302058724,0.0
70310,0,858591.1690001271,1021451.3307923515,853493.6496999059,50000.0,524.4195268119804,0.0
70311,0,858718.4567904964,1021744.0310126408,853667.4005573273,50000.0,990.51077652742,0.0
70312,0,859051.5384693637,1022177.2541039964,854030.160032962,50000.0,1383.4463281123817,0.0
70313,0,858531.0262362201,1021770.5837491087,853538.005532164,50000.0,1865.6803557254577,0.0
70314,0,858137.3021668019,1021467.054224448,853166.8704229014,50000.0,2305.367346823485,0.0
70315,0,856637.3818878222,1019917.7749023685,851644.2745273971,50000.0,2973.5003216596306,0.0
70316,0,856695.7114372704,1019869.9673591768,851673.594789905,50000.0,2695.49389471085,0.0
70317,0,857182.072765343,1020309.4263521369,852149.9151150644,50000.0,2207.9527548950464,0.0
70318,0,857633.1043086657,1020681.8865072315,852581.9394062173,50000.0,1683.4161222091761,0.0
70319,0,858119.4853066413,1021111.1481993608,853055.45939496,50000.0,1182.9475446298704,0.0
70320,0,858437.3938617244,1021558.0484253947,853410.9314106883,50000.0,1429.9536672433235,0.0
70321,0,858001.9486338575,1021185.5066854625,852990.2639669855,50000.0,1830.0145211362865,0.0
70322,0,857459.2009463737,1020699.4915249387,852459.945149168,50000.0,2306.2482292981063,0.0
70323,0,857166.8725471977,1020500.1624254452,852191.5891295247,50000.0,2759.273578830484,0.0
70324,0,857016.4265103764,1019979.6161615318,851937.892105827,50000.0,2096.6930643959004,0.0
70325,0,857678.6095412946,1021024.4230597514,852709.8678510687,50000.0,2532.235518152669,0.0
70326,0,889968.2966701171,1079391.731313424,892765.7199276529,50000.0,18094.439772915273,0.0
70327,0,889719.6796008764,1079160.1672987198,892521.1435013883,50000.0,17846.729788603727,0.0
70328,0,889381.7419781279,1078829.3855388076,892183.7821519368,50000.0,17508.809821582494,0.0
70329,0,889133.715279526,1078592.3093633014,891937.9261993638,50000.0,17261.30550774488,0.0
70330,0,889150.1686400495,1078752.1326862548,891998.4604045198,50000.0,17304.314307072735,0.0
70331,0,889378.345951453,1078966.4586974294,892223.4780379127,50000.0,17529.771715060288,0.0
70332,0,889611.6952578044,1079178.116066079,892451.2856918339,50000.0,17758.68055216988,0.0
70333,0,890492.2928361354,1079838.0075319062,893268.3890744825,50000.0,18616.56248813247,0.0
70334,0,908321.5046918547,1104710.3705048154,913370.8627549066,50000.0,3519.9533942198773,0.0
70335,0,908058.4155121647,1104459.9814900304,913110.6369880628,50000.0,3266.9449640871544,0.0
70336,0,907757.5169005328,1104192.886563408,912819.104323019,50000.0,2935.650109963525,0.0
70337,0,907867.7839638473,1104396.836355568,912959.4604786996,50000.0,2858.4250834763734,0.0
70338,0,907720.1481302235,1104313.1335486304,912831.3934190476,50000.0,2639.17047657466,0.0
70339,0,907504.7536202106,1104013.7395890104,912588.5022065159,50000.0,2562.7884721763107,0.0
70340,0,907440.1672671743,1104070.6835683414,912562.059669146,50000.0,2334.6824368081448,0.0
70341,0,907219.4993149565,1103772.5569371774,912315.9341881049,50000.0,2226.915229915813,0.0
70342,0,906908.3436586858,1103393.8997405176,911982.079531527,50000.0,2115.5755749128834,0.0
70343,0,907143.8584570013,1103524.1455499,912185.3598986444,50000.0,2603.9725419961546,0.0
70344,0,906727.406169609,1103137.6608467763,911776.5529194043,50000.0,2221.41359202054,0.0
70345,0,906506.7424238323,1102957.0760968118,911567.5882775766,50000.0,1939.1062353752538,0.0
70346,0,976805.2927176777,1155851.0113404314,976897.999676442,50000.0,3073.72648103456,0.0
70347,0,977182.3154445703,1156282.3020941047,977292.4368800233,50000.0,2726.8373025031888,0.0
70348,0,977550.838165788,1156637.4207701331,977658.6447705155,50000.0,2358.494918991885,0.0
70349,0,977820.9077873436,1156907.0932444488,977929.7602058597,50000.0,2097.54592587177,0.0
70350,0,978088.6926437633,1157131.119799516,978185.9649711445,50000.0,1802.5834985354288,0.0
70351,0,977534.7259756862,1156448.2711607337,977592.1303827702,50000.0,2388.359019108045,0.0
70352,0,976985.7991135798,1155972.7781960552,977062.1956151905,50000.0,2895.6876399859552,0.0
70353,0,977177.2670479845,1156113.2435946849,977239.654681158,50000.0,2728.172528564663,0.0
70354,0,977741.8109877043,1156746.8977993336,977826.7295323246,50000.0,2135.223632447484,0.0
70355,0,978090.9668379022,1157031.274071233,978158.5469913348,50000.0,1807.5259856466712,0.0
70356,0,977335.9419576282,1156349.2105071372,977421.4938065845,50000.0,2541.088427576109,0.0
70357,0,977972.769165841,1156121.9666997413,977810.1586213378,50000.0,4600.8473752227555,0.0
70358,0,978108.8087274849,1156181.6785294912,977924.6652231775,50000.0,4881.526809578039,0.0
70359,0,978784.9821122459,1156857.1270413038,978603.550089968,50000.0,4616.599366959907,0.0
70360,0,979004.8260989117,1156991.5039926246,978799.5836860813,50000.0,4961.182272372349,0.0
70361,0,979214.5275950008,1157309.8971639622,979041.6789565134,50000.0,4378.526567172973,0.0
70362,0,979483.04054752,1157490.1799147031,979285.788807589,50000.0,4751.635099529664,0.0
70363,0,979567.5014045632,1157470.6877964993,979340.5098105341,50000.0,5247.267459429233,0.0
70364,0,979260.4441256381,1157441.9841403828,979112.7672165141,50000.0,3947.813580420463,0.0
70365,0,979598.8958444436,1157727.5391502648,979437.3466017409,50000.0,4135.059554676026,0.0
70366,0,980029.4390300227,1158108.0652586748,979855.2517360966,50000.0,4331.309241969663,0.0
70367,0,979783.6274438344,1157818.8288450276,979595.8005966434,50000.0,4567.9855894213215,0.0
70368,0,980336.2694798491,1158360.4273315421,980147.6246476431,50000.0,4588.967929686704,0.0
70369,0,980641.6236608364,1158677.4517115436,980457.673680095,50000.0,4542.669217652148,0.0
70370,0,980898.7257771227,1158983.5075077263,980730.0629595451,50000.0,4333.2131464973045,0.0
70371,0,981519.9086909173,1159644.960378829,981365.5823070478,50000.0,4278.349321108734,0.0
70372,0,985273.804451618,1164500.3313192835,985455.2889281732,50000.0,5712.633966206622,0.0
70373,0,985640.3445843699,1164848.577610855,985818.0584580974,50000.0,6043.866156124628,0.0
70374,0,985505.3840311881,1164633.473191081,985659.2154080439,50000.0,5802.0446375241745,0.0
70375,0,985818.9800910783,1164943.0653059322,985972.9747571553,50000.0,6109.545462661614,0.0
70376,0,985148.7538704688,1164305.106233173,985309.2946660469,50000.0,5484.451540740122,0.0
70377,0,985646.1169201063,1164566.8700172962,985740.2728010708,50000.0,5782.688592590214,0.0
70378,0,986332.6035894481,1165159.296405933,986402.3433921954,50000.0,6455.578141289454,0.0
70379,0,986053.755199358,1164912.2449209453,986131.5494594178,50000.0,6178.085924270085,0.0
70380,0,984933.3069479299,1163924.6859557459,985044.9651374967,50000.0,5100.939133849069,0.0
70381,0,985888.5052017128,1164656.1717943058,985939.2205797654,50000.0,6020.91092216766,0.0
70382,0,983919.3063746596,1162810.143466028,983997.4361759798,50000.0,4042.934025944285,0.0
70383,0,984253.9255751423,1163165.1575255976,984339.4048562286,50000.0,4381.82166587596,0.0
70384,0,984673.1591696448,1163576.2676107099,984758.0592875903,50000.0,4800.731779822713,0.0
70385,0,984488.0543252471,1163314.037451112,984549.760403065,50000.0,4614.956718797227,0.0
70386,0,984749.7310157462,1163559.5186019856,984807.8448636092,50000.0,4878.806833738719,0.0
70387,0,984348.2623592281,1163115.9607656489,984392.4447467477,50000.0,4498.316870055055,0.0
70388,0,984616.9093961357,1163328.94287899,984646.0700035951,50000.0,4797.437978694123,0.0
70389,0,984933.8663509781,1163631.0204310932,984960.054573955,50000.0,5117.004679957299,0.0
70390,0,985261.9370207138,1163977.8130044313,985294.9548991343,50000.0,5424.789234085845,0.0
70391,0,985574.1080084292,1164247.1759482275,985596.0240459716,50000.0,5758.196159830663,0.0
70392,0,985019.0947786301,1163643.7141566018,985024.5897928211,50000.0,5265.282813876495,0.0
70393,0,915826.1340310643,1096549.8528285974,916132.4508313976,50000.0,4167.210482135813,0.0
70394,0,915279.5944799954,1096056.3837893263,915598.9214578758,50000.0,4281.214285039002,0.0
70395,0,915705.8245622298,1096270.7401318415,915964.7755786605,50000.0,3402.2182315925515,0.0
70396,0,914680.8532561988,1095466.7922633153,914999.9908550453,50000.0,4260.167274060898,0.0
70397,0,915176.0874380106,1095816.8691595728,915454.8322633038,50000.0,3628.4034246606448,0.0
70398,0,915247.7728232717,1095745.2968631245,915484.6681221867,50000.0,2972.5212384799347,0.0
70399,0,914628.9294059554,1095261.6744909305,914902.6654221074,50000.0,3545.100254778757,0.0
70400,0,914700.6143379409,1095181.6588809344,914930.0141840993,50000.0,2840.0685509324126,0.0
70401,0,916793.8757794879,1097049.2755766567,916966.9757634192,50000.0,2688.940126797304,0.0
70402,0,916207.5710077301,1096490.2655748632,916385.8722151106,50000.0,2392.421841733179,0.0
70403,0,916520.5112677809,1096674.2107357318,916662.3875701476,50000.0,2134.9167204248365,0.0
70404,0,915650.0274303906,1095897.7713607398,915815.3561793348,50000.0,1951.5393418803537,0.0
70405,0,915991.8135465444,1096111.3894552987,916121.1052579277,50000.0,1619.7946078234925,0.0
70406,0,915100.4588715008,1095333.2108046531,915258.7212567639,50000.0,1711.7191151688194,0.0
70407,0,915407.7510973479,1095482.629198508,915521.0796806238,50000.0,1086.202012289552,0.0
70408,0,914500.3514406835,1094758.7030627108,914663.2399291961,50000.0,1830.7210723411406,0.0
70409,0,914779.6815592301,1094901.7401103177,914903.8392807903,50000.0,1176.729135855655,0.0
70410,0,914696.1647034024,1094690.6944549342,914782.4325319849,50000.0,628.5827882865533,0.0
70411,0,913920.4536203439,1094215.3925779567,914091.2973374813,50000.0,2156.9004665921725,0.0
70412,0,914134.9208748353,1094300.6398667437,914268.7922022708,50000.0,1550.8929907108693,0.0
70413,0,914140.3531498007,1094158.0102316116,914230.7215366447,50000.0,1044.7675699405086,0.0
70414,0,919967.8709155411,1099673.9264917935,919994.8858283333,50000.0,4977.23164063106,0.0
70415,0,919362.6342713095,1099090.7490398786,919393.2110588106,50000.0,4370.921391253603,0.0
70416,0,919858.8546418643,1099411.7834342346,919840.4396779331,50000.0,4955.0429546002615,0.0
70417,0,918764.8603298821,1098499.8885027408,918794.5884806341,50000.0,3775.485225065693,0.0
70418,0,919286.0489247005,1098854.0160437487,919269.285992109,50000.0,4392.361952864293,0.0
70419,0,919466.8419646968,1098885.6956060948,919407.243184024,50000.0,4754.580109271773,0.0
70420,0,918180.0258940659,1097966.6325874664,918222.0726181323,50000.0,3184.633505874617,0.0
70421,0,918714.9881543644,1098304.5051164043,918701.7926711006,50000.0,3827.0947216052673,0.0
70422,0,917808.3757664397,1097497.7779471027,917820.1054379753,50000.0,2862.873588685264,0.0
70423,0,917243.7937734458,1096961.9080691636,917261.2217726517,50000.0,2294.820582280192,0.0
70424,0,916134.8704284639,1095556.5327273945,916059.9850074606,50000.0,2268.1437260398534,0.0
70425,0,915488.7799696112,1094969.4868890904,915428.0685289259,50000.0,1823.8237191317658,0.0
70426,0,914926.3537180065,1094480.9827780498,914884.5889727673,50000.0,1473.9692287464575,0.0
70427,0,914506.244638291,1093973.2833746509,914436.7490933456,50000.0,1986.547251807516,0.0
70428,0,915102.3875775206,1094491.7137094135,915013.0089823696,50000.0,2225.3266562399317,0.0
70429,0,914902.9076405693,1094181.8918046176,914780.2226970323,50000.0,2759.0180487214375,0.0
70430,0,914333.3607740037,1093665.8533785145,914223.5815398034,50000.0,2653.7644168033166,0.0
70431,0,914631.9970325717,1093805.461853717,914477.0829175285,50000.0,3297.1774081572607,0.0
70432,0,914130.9184226741,1093274.5022884107,913964.8096794066,50000.0,3575.723027855992,0.0
70433,0,915178.4752080034,1094128.165865554,914960.7205623869,50000.0,4262.24782958082,0.0
70434,0,916726.3606184114,1096096.3563087045,916639.2009483956,50000.0,2750.9614418711576,0.0
70435,0,917301.888828426,1096627.2673568702,917204.4444370406,50000.0,3246.0779424442767,0.0
70436,0,917821.7545522989,1097075.1571287878,917705.7437909275,50000.0,3815.768052701153,0.0
70437,0,918320.1649190665,1097472.3338403483,918176.9246512305,50000.0,4465.863169889376,0.0
70438,0,916945.5653807317,1096159.4197973178,916813.7277893939,50000.0,3446.2869537010743,0.0
70439,0,916441.2830338463,1095700.1614507998,916320.1856415416,50000.0,3050.383493781786,0.0
70440,0,916457.1978643846,1095579.3289802617,916296.1334913137,50000.0,3627.907851287222,0.0
70441,0,915915.1259888982,1095028.3591565073,915748.822169509,50000.0,3541.219297911662,0.0
70442,0,915632.1066117588,1094636.4992081625,915432.5684156512,50000.0,4006.715697902355,0.0
70443,0,917265.0183351479,1096241.21872609,917065.1694294803,50000.0,4523.359042216688,0.0
70444,0,917945.5118163432,1096850.479948913,917728.1288287402,50000.0,5109.294200478922,0.0
70445,0,918460.626836308,1097267.3620150639,918217.0197865211,50000.0,5738.033643545267,0.0
70446,0,917958.6488970616,1096715.794396314,917698.1126523823,50000.0,5689.7510513425905,0.0
70447,0,917478.7856040276,1096320.919899128,917240.764384505,50000.0,5151.313635019262,0.0
70448,0,916912.2815886483,1095793.630539976,916682.9754520395,50000.0,4791.312862185655,0.0
70449,0,917333.2453545266,1096046.9059579389,917056.9629690918,50000.0,5633.463098246987,0.0
70450,0,916784.3589346947,1095535.1559937573,916516.2610165835,50000.0,5320.93594839347,0.0
70451,0,916250.5158506891,1095054.6643489297,915995.416228884,50000.0,4980.835065588627,0.0
70452,0,916450.2534808352,1095108.986676398,916153.6237783358,50000.0,5664.043050916411,0.0
70453,0,915906.1051865022,1094614.864883001,915621.4431354696,50000.0,5377.185101465895,0.0
70454,0,803159.6822618506,985227.4437185484,803254.8581164522,50000.0,6956.023080297852,0.0
70455,0,802832.254154865,985040.6900434121,802967.6961933197,50000.0,7577.9223943840925,0.0
70456,0,802732.9057602776,984829.6896246026,802834.1912415696,50000.0,7155.319910643662,0.0
70457,0,798693.5705898126,973314.1648400308,796557.7224295982,50000.0,4165.358261377687,0.0
70458,0,799356.2187983291,974001.877323016,797231.9555424824,50000.0,3591.9229252319783,0.0
70459,0,799309.5966975344,973718.6050276349,797116.1126472676,50000.0,4414.002549021991,0.0
70460,0,799299.67544496,973460.1661455173,797033.8227472937,50000.0,5306.767327322146,0.0
70461,0,800026.6286067587,974167.0460327497,797759.6429957311,50000.0,5030.4869394585185,0.0
70462,0,799394.0685752261,973408.6988186764,797086.4245566562,50000.0,5797.6759665757945,0.0
70463,0,800008.2610271713,973934.4101345206,797678.8862924372,50000.0,5867.077372644365,0.0
70464,0,800213.5125074391,973957.8803247734,797832.6810987688,50000.0,5812.780676677891,0.0
70465,0,800727.6440368554,974485.4911033711,798354.0533750802,50000.0,5600.475703340417,0.0
70466,0,801215.6435449654,975084.0946950938,798877.3178547143,50000.0,5750.9800686803555,0.0
70467,0,801136.1954305819,975190.0477616087,798851.2139963199,50000.0,5019.623069373822,0.0
70468,0,798753.7236951562,972075.2481645113,796240.7635849777,50000.0,5764.616920679652,0.0
70469,0,798256.9150024601,971526.5200041768,795725.6688477057,50000.0,6102.687663314615,0.0
70470,0,798124.582790829,971561.6593911942,795641.0210253928,50000.0,6499.99992322888,0.0
70471,0,798496.3416864143,972071.8278961184,796055.349401392,50000.0,6487.149199613244,0.0
70472,0,797714.2147249988,971502.1391356067,795329.7947351609,50000.0,7553.212871598656,0.0
70473,0,797256.2487951957,970929.2138925784,794835.4637659203,50000.0,7664.59510388344,0.0
70474,0,797104.7893607256,970959.394166918,794735.7658391264,50000.0,7722.946305252565,0.0
70475,0,796431.433045344,970533.6046767295,794129.9801647759,50000.0,7444.566555865788,0.0
70476,0,796613.5598764168,970855.924945277,794354.0785136378,50000.0,6898.936777443391,0.0
70477,0,796052.1442123959,970301.9031236838,793791.1552604875,50000.0,7338.947816687232,0.0
70478,0,795511.8458094052,969681.2902358065,793223.9593272718,50000.0,8003.093494913084,0.0
70479,0,796811.4718969148,971195.6590513629,794594.559772801,50000.0,6348.324219453734,0.0
70480,0,796139.2103063582,970584.46258149,793935.7046957246,50000.0,6768.3373155231675,0.0
70481,0,795385.4567902958,969830.0540626816,793176.8465901959,50000.0,7440.123495363824,0.0
70482,0,796284.2726758729,970989.7737049843,794157.5490535194,50000.0,6063.487338196731,0.0
70483,0,741470.3807510075,926771.3483308394,742146.1299869632,50000.0,40772.937094146015,0.0
70484,0,741817.693583819,927101.2356874126,742490.497250902,50000.0,40706.89245912312,0.0
70485,0,742182.7620196599,927433.1753176423,742847.9173143477,50000.0,40582.14528113551,0.0
70486,0,742552.1642520356,927777.4267710657,743212.1521682936,50000.0,40491.99463618824,0.0
70487,0,742874.66440436,928053.0452092079,743522.4858139128,50000.0,40317.45022765974,0.0
70488,0,743169.2487770624,928304.6870210632,743805.922577562,50000.0,40159.514276954265,0.0
70489,0,741553.1480400081,926752.8937888418,742198.369923646,50000.0,40375.41976302244,0.0
70490,0,741883.7911539456,927057.971769336,742523.4553602895,50000.0,40277.3211905003,0.0
70491,0,742443.9258727756,927562.538625811,743070.4104670691,50000.0,40068.53818441057,0.0
70492,0,742888.762991142,927970.1074712899,743506.8883277619,50000.0,39934.86544009698,0.0
70493,0,741639.6890165121,926729.7482528983,742251.8251516464,50000.0,39944.83150846773,0.0
70494,0,742053.2267556315,927144.0985956865,742668.4839769314,50000.0,39951.72027885313,0.0
70495,0,742521.5822481372,927545.9656759804,743119.6790043468,50000.0,39699.13499304124,0.0
70496,0,742827.4082210828,927796.8831982266,743410.7759252881,50000.0,39491.4583081636,0.0
70497,0,741734.8799140506,926729.9568786571,742318.5201204875,50000.0,39572.20403625797,0.0
70498,0,742122.3874236003,927119.2144363374,742709.2567871708,50000.0,39582.749444664674,0.0
70499,0,742489.2009518015,927401.1335386399,743052.5688469583,50000.0,39255.471691276514,0.0
70500,0,742806.1934735157,927633.8991042053,743345.9291553923,50000.0,38932.02250443738,0.0
70501,0,741437.5851638472,926370.4173341364,742000.0562863643,50000.0,39327.969387672354,0.0
70502,0,741750.4111304004,926635.427602011,742300.3886544846,50000.0,39140.23001171484,0.0
70503,0,742403.6319020763,927207.5532581699,742933.2792250521,50000.0,38828.69604430797,0.0
70504,0,742599.1937062119,927327.6164369,743107.0543911774,50000.0,38535.7600993081,0.0
70505,0,741376.7889519222,926197.410036674,741904.4139369811,50000.0,38888.73263759649,0.0
70506,0,741899.1760654359,926680.3367214941,742418.3369661592,50000.0,38733.30001003572,0.0
70507,0,742190.5230582329,926901.1000673572,742690.0726036878,50000.0,38458.64119678066,0.0
70508,0,741541.5933197257,926283.6767793614,742046.2836173817,50000.0,38580.11032813003,0.0
70509,0,741795.2588689936,926469.59497491,742280.9494649374,50000.0,38314.10162360175,0.0
70510,0,741143.6701841294,925823.233719444,741626.4209671326,50000.0,38339.886964969555,0.0
70511,0,741431.4236627206,926050.8031506618,741897.7369310698,50000.0,38100.73569588303,0.0
70512,0,741554.6579198993,926090.3433062976,741996.1898308526,50000.0,37772.259210376935,0.0
70513,0,913981.304345225,1095274.4189397185,914446.7605860885,50000.0,6624.860515034639,0.0
70514,0,912387.8659563422,1093695.4677135898,912849.9176203957,50000.0,6944.936206205142,0.0
70515,0,912983.7175426449,1094253.5061500336,913437.4724561304,50000.0,6638.316967144973,0.0
70516,0,913215.4407614871,1094343.2509661384,913628.3768667227,50000.0,5958.84854017856,0.0
70517,0,912607.8482435,1094295.0986405923,913183.2478850243,50000.0,8580.904522226621,0.0
70518,0,912068.5260666412,1093651.996129647,912610.6127373734,50000.0,8232.316779359273,0.0
70519,0,913283.6859699229,1094819.1568733419,913817.4301377882,50000.0,7795.842973025415,0.0
70520,0,912045.2101140249,1093262.5928603518,912478.9470479396,50000.0,6664.498208926624,0.0
70521,0,912344.9678715619,1093793.8786392114,912848.5864647835,50000.0,7573.325819117245,0.0
70522,0,913004.2878334484,1094405.8708614951,913497.093859399,50000.0,7226.019330756191,0.0
70523,0,913699.5156963997,1094908.061429308,914138.6309015083,50000.0,6254.66067142673,0.0
70524,0,911691.2122609046,1093364.6597483985,912258.1064569169,50000.0,8724.067338217908,0.0
70525,0,913740.440342919,1094826.9394251562,914143.7129708928,50000.0,5691.733432431006,0.0
70526,0,912450.9062464599,1094237.836202574,913055.0611439822,50000.0,9057.149987938568,0.0
70527,0,912998.4582230202,1094631.1253525459,913559.5847390844,50000.0,8274.339815864001,0.0
70528,0,911726.3036879614,1093527.2089961548,912331.1056002732,50000.0,9271.730664017103,0.0
70529,0,911293.2927460436,1092622.6024935353,911756.4670869964,50000.0,7407.6172949644915,0.0
70530,0,911870.6628457342,1093329.0084329455,912374.7810176504,50000.0,7743.903863143771,0.0
70531,0,911748.227401388,1093082.64953368,912215.1142834551,50000.0,7257.912924327444,0.0
70532,0,912697.973930702,1093843.2241386066,913113.5605117372,50000.0,6155.676145487488,0.0
70533,0,912082.723234937,1093811.9166553863,912668.0087402129,50000.0,8871.598923009822,0.0
70534,0,913515.6338742308,1094890.7406054435,914003.0778921215,50000.0,7036.640972601495,0.0
70535,0,912741.406271178,1094278.7200464404,913273.0830566586,50000.0,7882.577398351496,0.0
70536,0,907172.073421352,1087149.526848317,907216.5548140142,50000.0,4818.88237303892,0.0
70537,0,906583.7471659327,1086538.0590825959,906618.5239868056,50000.0,4797.841548641722,0.0
70538,0,906965.7824505239,1086812.1155075706,906970.6987154081,50000.0,4250.56665480868,0.0
70539,0,906167.0029002321,1086040.406015911,906175.9344628033,50000.0,4557.437793547862,0.0
70540,0,906516.6239413128,1086255.0165317894,906487.6043440758,50000.0,3880.1020739574215,0.0
70541,0,905852.9140422322,1085616.164950725,905827.9183116523,50000.0,4225.345190010915,0.0
70542,0,906252.9819879669,1085887.8452120596,906192.2486160547,50000.0,3548.4806249780227,0.0
70543,0,905260.7677786384,1084998.2741259674,905225.2768655182,50000.0,4419.959366854804,0.0
70544,0,908786.7231536396,1088463.1373757126,908750.6868542171,50000.0,3592.1262869396273,0.0
70545,0,908256.387038652,1088024.7559912377,908244.750774493,50000.0,3891.3807456469954,0.0
70546,0,908357.3539920518,1087937.2106928949,908290.855019972,50000.0,3039.3602984697764,0.0
70547,0,907950.220725795,1087388.6976532065,907840.2238775636,50000.0,2330.399294746018,0.0
70548,0,910694.489874848,1089726.6215397737,910478.9091851147,50000.0,2727.5127392397126,0.0
70549,0,910228.0051263198,1089209.2901988665,909995.2411217717,50000.0,2205.118959839071,0.0
70550,0,909716.451876239,1088778.3638122603,909504.7778248505,50000.0,1820.4057856673983,0.0
70551,0,909878.5075756424,1088734.8878058342,909607.4613675762,50000.0,1811.9104965673585,0.0
70552,0,909377.5995500764,1088338.4215648312,909134.6528129469,50000.0,1334.263784980471,0.0
70553,0,909409.939679418,1088205.959419633,909118.9193826044,50000.0,1420.223203613068,0.0
70554,0,908915.7235747381,1087803.8724501336,908649.2224082695,50000.0,849.8419983571466,0.0
70555,0,1118164.8395990494,1262326.5653041485,1105393.6558126882,50000.0,50324.911458805844,0.0
70556,0,1117574.960361071,1262028.9627250053,1105713.7491263049,50000.0,50896.2203678411,0.0
70557,0,1117627.656472948,1261514.671534997,1104138.6108114715,50000.0,48954.71007058486,0.0
70558,0,1116448.8122654867,1261027.729325191,1105086.4722974258,50000.0,50491.41997963003,0.0
70559,0,1116334.5999649016,1260797.3984928427,1104654.4237062882,50000.0,49984.13801259999,0.0
70560,0,1118030.6776507166,1262065.3694765137,1104913.129624438,50000.0,49780.14506336842,0.0
70561,0,1116724.5022208337,1260834.8815072326,1103987.4586404366,50000.0,49024.33219168264,0.0
70562,0,1118818.1326472422,1262771.0102284919,1105367.9247594813,50000.0,50124.0597986161,0.0
70563,0,1117188.537637914,1261377.7659841056,1104618.5889977866,50000.0,49660.89658143816,0.0
70564,0,1116684.8871140745,1260973.741312888,1104463.1418079622,50000.0,49625.96470567919,0.0
70565,0,1116395.8258572137,1260606.8843253334,1103987.98470544,50000.0,49127.5466668995,0.0
70566,0,1116495.360787967,1261207.5578923223,1105508.5535106054,50000.0,51012.92530123826,0.0
70567,0,1115818.4862328041,1260339.8656673217,1104370.8428919718,50000.0,49809.0707737003,0.0
70568,0,1118187.3218670827,1262091.7340880723,1104677.7159082866,50000.0,49457.5210226878,0.0
70569,0,1116202.477141933,1260247.08157873,1103343.104587502,50000.0,48389.21612493699,0.0
70570,0,1117483.8700238182,1261821.1038526802,1105300.0815256496,50000.0,50411.413688433124,0.0
70571,0,1118544.20091733,1262318.2329009736,1104617.2053720255,50000.0,49301.204225693924,0.0
70572,0,1117659.2941120511,1261431.608476367,1103838.500817066,50000.0,48588.484235400494,0.0
70573,0,1115622.6656760883,1259963.6043885488,1103683.5719452673,50000.0,49005.877752544584,0.0
70574,0,1116891.412324351,1260887.885597936,1103807.763420327,50000.0,48754.985124904626,0.0
70575,0,1115102.3378190785,1259364.0558613583,1103002.2924554918,50000.0,48326.876077851506,0.0
70576,0,1114749.6728081196,1259108.1140621165,1102970.6913671186,50000.0,48415.11441283378,0.0
70577,0,1115772.954718381,1260000.23296475,1103489.9126745528,50000.0,48710.01613253524,0.0
70578,0,1115206.3173143808,1259693.8240367041,1103738.891025807,50000.0,49228.31030600071,0.0
70579,0,1148988.7236470128,1312776.2681900896,1145464.785217539,50000.0,48821.15875878412,0.0
70580,0,1149274.0602984878,1313043.2620593319,1145746.1371129965,50000.0,48728.57329100729,0.0
70581,0,1149659.6282769719,1313390.437369591,1146122.6372225583,50000.0,48532.76235659759,0.0
70582,0,1149971.9605589071,1313708.9003841274,1146437.702757628,50000.0,48576.57253391461,0.0
70583,0,1150189.285910415,1313883.7351267987,1146644.2734429943,50000.0,48356.51681933106,0.0
70584,0,1152591.8478189793,1316164.1188309563,1149022.017740649,50000.0,47857.5845143778,0.0
70585,0,1152425.5713018214,1315893.11030339,1148826.8470620445,50000.0,47277.42656259731,0.0
70586,0,1153237.5023189117,1316680.368167488,1149634.8878032325,50000.0,47222.03813841191,0.0
70587,0,1153159.0139625939,1316735.364469417,1149592.2286380883,50000.0,47934.74498382991,0.0
70588,0,1153705.3203838312,1317239.5557664223,1150129.01258797,50000.0,47766.66488025276,0.0
70589,0,1153686.1849630477,1317106.1785111644,1150078.9223320952,50000.0,47147.47419706149,0.0
70590,0,1154241.2148769654,1317625.19513573,1150626.1154723496,50000.0,47019.39492399031,0.0
70591,0,1154732.3656107509,1318030.2776337503,1151095.6857771548,50000.0,46618.87135936431,0.0
70592,0,1154335.8559987627,1317531.5182542743,1150670.1984622022,50000.0,46014.79755471319,0.0
70593,0,1154819.1796567824,1317975.6662696633,1151144.594607876,50000.0,45867.498980094344,0.0
70594,0,1155268.4941154486,1318386.5947815725,1151585.079396814,50000.0,45724.534412769455,0.0
70595,0,1155377.9897731268,1318384.8303302485,1151664.91471365,50000.0,45140.82849898425,0.0
70596,0,1155269.8182510638,1318171.656459897,1151528.0393476998,50000.0,44558.649938375915,0.0
70597,0,1155178.0066421686,1317953.4792675579,1151401.829159024,50000.0,43864.17868926074,0.0
70598,0,1155997.4334032293,1318786.9833439814,1152227.854765775,50000.0,44067.435252347175,0.0
70599,0,1156576.7949822354,1319222.4274608078,1152770.397183837,50000.0,43392.18342047399,0.0
70600,0,1156787.863982702,1319248.1903154585,1152932.2616938497,50000.0,42434.18407332052,0.0
70601,0,1157405.6684268257,1319786.794918738,1153530.8500409485,50000.0,41899.99622482914,0.0
70602,0,1157677.3363154435,1319932.0275868196,1153769.4124707181,50000.0,41189.74748065977,0.0
70603,0,1157504.1426052672,1319626.3153933394,1153559.9725142913,50000.0,40564.08979211741,0.0
70604,0,1157124.3709764294,1319130.0047871321,1153147.5601454545,50000.0,40057.7409853278,0.0
70605,0,1157095.363896209,1319631.6419517647,1153261.2711857148,50000.0,42765.9073551868,0.0
70606,0,1154308.4064638156,1314747.957157603,1149901.973035881,50000.0,31208.632665866287,0.0
70607,0,1154940.5173618037,1315292.3624377681,1150512.8252815604,50000.0,30827.21729101212,0.0
70608,0,1154878.2225966165,1315345.628445681,1150481.2109783678,50000.0,31435.506631529806,0.0
70609,0,1155293.2354460305,1315809.2186051623,1150910.6508059222,50000.0,31758.24156169735,0.0
70610,0,1155697.6103474246,1316185.3863426829,1151308.8799335633,50000.0,31674.239621056182,0.0
70611,0,1156146.142633069,1316616.7542481218,1151754.371921162,50000.0,31662.571887461323,0.0
70612,0,1156905.6090640123,1317556.5186006813,1152564.684592705,50000.0,32772.54009167104,0.0
70613,0,1157081.3649889138,1317533.7090072348,1152687.9375141289,50000.0,31751.970240833958,0.0
70614,0,1157753.1043087782,1318326.6811097316,1153394.4115013548,50000.0,32546.52207166545,0.0
70615,0,1157991.156606688,1318410.0284770713,1153591.9161103177,50000.0,31781.6378405005,0.0
70616,0,1157882.5664723625,1318203.4777039746,1153456.7696963637,50000.0,31235.90048545003,0.0
70617,0,1157852.773848698,1318028.925308644,1153388.2009159978,50000.0,30461.38364697549,0.0
70618,0,1157783.606915611,1317849.5535088857,1153289.3669733538,50000.0,29860.800186839657,0.0
70619,0,1158330.8143628957,1318699.0774998323,1153919.2161818233,50000.0,31597.564815611604,0.0
70620,0,1158645.8795885206,1318977.5053927102,1154225.5748424106,50000.0,31342.511647309908,0.0
70621,0,1159151.5661821384,1319462.938657551,1154727.5893248646,50000.0,31074.012723786112,0.0
70622,0,1158797.4492770634,1318985.6384512086,1154339.3466592117,50000.0,30595.679439108153,0.0
70623,0,1158608.9677716943,1318708.720713121,1154126.599772803,50000.0,30236.6498271003,0.0
70624,0,1158484.2721965064,1318478.8782927694,1153973.4053528968,50000.0,29662.42002003754,0.0
70625,0,1159538.4319635406,1319844.979077626,1155114.4959056226,50000.0,30925.023764786616,0.0
70626,0,1159444.5910994175,1319619.4241405795,1154985.148491364,50000.0,30310.857251266356,0.0
70627,0,1158942.308029708,1318934.7624298064,1154432.4455684456,50000.0,29601.33826271858,0.0
70628,0,1159375.9002115452,1319401.4222928598,1154876.3568864954,50000.0,29608.20339939666,0.0
70629,0,1155708.925415253,1316071.0633079142,1151286.6434471684,50000.0,31005.540329163527,0.0
70630,0,1156193.2737678774,1316562.9939201076,1151774.6926740964,50000.0,31133.304613810935,0.0
70631,0,1156782.3196006163,1317161.6625190952,1152368.344814616,50000.0,31300.58748934769,0.0
70632,0,1156580.7884306975,1316877.4012132448,1152144.0072633403,50000.0,30819.091500141116,0.0
70633,0,1156546.5100598729,1316763.8341098682,1152088.4257500246,50000.0,30390.074263026047,0.0
70634,0,1157100.5081912123,1317393.1642814376,1152664.4640802103,50000.0,30906.71622875331,0.0
70635,0,1134319.4234334955,1309574.9119803323,1133920.317882305,50000.0,4984.286692313438,0.0
70636,0,1133864.0785014133,1309192.375776006,1133484.0738075401,50000.0,4741.285024509244,0.0
70637,0,1133332.3795710204,1308648.4932189174,1132947.1577015982,50000.0,5030.874916514556,0.0
70638,0,1133999.5527972616,1309420.7929932242,1133646.3205048642,50000.0,4195.938533429118,0.0
70639,0,1133331.8689654516,1308752.050469773,1132976.1190271052,50000.0,4502.444297802248,0.0
70640,0,1134025.5898883136,1309549.3253075709,1133701.4827797976,50000.0,3645.1754952687143,0.0
70641,0,1133519.9804080557,1309046.138871562,1133194.8818353289,50000.0,3875.1524058203513,0.0
70642,0,1132972.8896363305,1308490.503319706,1132643.5521619234,50000.0,4231.363767432494,0.0
70643,0,1134303.9149973448,1309976.0556061121,1134022.7968182962,50000.0,2750.2359934555216,0.0
70644,0,1133799.608761904,1309427.9079718282,1133504.3890844746,50000.0,3219.3378547669786,0.0
70645,0,1133188.370548302,1308815.9194297257,1132890.9097170746,50000.0,3587.931262279048,0.0
70646,0,1133849.6246771126,1309598.7237041446,1133588.825096651,50000.0,2607.2416424256053,0.0
70647,0,1133389.8901604072,1309102.209153609,1133117.134850911,50000.0,3074.135410954622,0.0
70648,0,1133799.1432760626,1309654.7563026927,1133568.3932552407,50000.0,2171.015570221463,0.0
70649,0,1133366.7800670525,1309182.9224698513,1133123.3981213376,50000.0,2657.95923586278,0.0
70650,0,1132903.333435847,1308676.9731482647,1132646.3563243668,50000.0,3186.4267389462752,0.0
70651,0,1134208.1886180842,1310196.9536041908,1134016.5836314063,50000.0,1339.6879512113303,0.0
70652,0,1133725.4759841547,1309689.4011571847,1133525.2220333056,50000.0,1839.1049255107287,0.0
70653,0,1133315.1072891438,1309234.986977245,1133100.9917071362,50000.0,2337.163579230656,0.0
70654,0,1133632.9645381684,1309703.0711068478,1133462.5525444767,50000.0,1687.4631903283619,0.0
70655,0,1133083.8254839126,1309153.3117997511,1132911.4192125988,50000.0,2234.2406491182833,0.0
70656,0,1133758.4079965518,1309941.7788800295,1133620.5840429636,50000.0,1526.1826013963478,0.0
70657,0,1133257.2161785553,1309435.2434578633,1133116.2161145257,50000.0,2016.2441786148165,0.0
70658,0,1133356.4068802518,1309631.6276995824,1133243.3546628403,50000.0,2036.1211184906474,0.0
70659,0,1133568.5537390646,1309964.7819033153,1133490.6040547006,50000.0,2199.457688234052,0.0
70660,0,1134074.9886377358,1310520.4275185764,1134012.7055211344,50000.0,2091.031279788997,0.0
70661,0,1132881.8039474322,1308758.8276908253,1132654.0887740364,50000.0,2851.855292139548,0.0
70662,0,1134180.147046272,1310278.6678197102,1134019.614574323,50000.0,1107.794930666674,0.0
70663,0,1132837.7208225473,1308820.9372005227,1132640.0021960028,50000.0,2618.1259825463094,0.0
70664,0,1132537.1997307467,1308617.564240568,1132366.0715873456,50000.0,2769.0914663993863,0.0
70665,0,1132760.5845243623,1308925.5414059958,1132614.2266716417,50000.0,2507.485233890332,0.0
70666,0,1133854.5229756043,1310142.6815113346,1133746.7945145473,50000.0,1633.4650269520675,0.0
70667,0,1132814.838527987,1309090.6752055278,1132700.1696143749,50000.0,2539.169576712846,0.0
70668,0,1133044.9291385866,1309451.7981323828,1132968.2748985027,50000.0,2631.4191682316514,0.0
70669,0,1133588.2439069115,1310088.2712391843,1133539.8812985038,50000.0,2594.941089499486,0.0
70670,0,1133062.0267690094,1309575.2885564864,1133015.6912535871,50000.0,2980.1902555836805,0.0
70671,0,1134005.178044715,1310553.5837091361,1133971.9546575977,50000.0,2611.914701209993,0.0
70672,0,1133307.1125252042,1309907.6248639224,1133286.4130787877,50000.0,3188.1168456528717,0.0
70673,0,1133907.159001981,1310612.0375850622,1133918.1459241505,50000.0,3433.4176956536007,0.0
70674,0,1133599.3635337914,1310401.6279118278,1133637.0671608683,50000.0,4030.3397636374716,0.0
70675,0,1133099.7043459064,1309896.3595829383,1133134.1630911028,50000.0,4195.195632359384,0.0
70676,0,1132562.8335653846,1308944.7425698345,1132477.4868286839,50000.0,2969.443245530809,0.0
70677,0,1132375.7329989308,1308870.1854478996,1132321.7774029681,50000.0,3425.813410202344,0.0
70678,0,1132579.1891820496,1309164.0033795265,1132551.6177934268,50000.0,3577.230047878588,0.0
70679,0,1132118.859609274,1308727.9398528512,1132096.672480933,50000.0,3991.6857601537713,0.0
70680,0,1133449.7836709495,1310148.1939667377,1133457.4211378735,50000.0,3571.5692238512615,0.0
70681,0,1132904.9575638084,1309593.3196820484,1132907.9364714923,50000.0,3793.7953892475725,0.0
70682,0,1132398.185693357,1309094.082250155,1132401.635936611,50000.0,4125.387774914745,0.0
70683,0,1132565.4361447506,1309357.160572513,1132596.7275072103,50000.0,4433.630040630935,0.0
70684,0,1132094.3063348036,1308903.7723915635,1132129.095233172,50000.0,4777.179110697198,0.0
70685,0,1131664.819008138,1308430.555539492,1131685.7329091576,50000.0,4876.962879546744,0.0
70686,0,1133554.1017913264,1310459.971910772,1133621.1705843247,50000.0,4577.224605151428,0.0
70687,0,1133055.6181226948,1309957.1753072354,1133119.8154582286,50000.0,4724.244301185719,0.0
70688,0,1132466.519850661,1309365.8375939722,1132528.1361299797,50000.0,4971.80710369219,0.0
70689,0,1131705.6886943807,1308597.4456628456,1131762.6382917375,50000.0,5352.545523016652,0.0
70690,0,1133661.3033541844,1310663.739989421,1133756.244944181,50000.0,5056.70666854406,0.0
70691,0,1133154.8161104918,1310151.5819053527,1133246.473584393,50000.0,5167.962714236872,0.0
70692,0,1132606.1937423619,1309599.7280129527,1132695.1220027804,50000.0,5355.733226057599,0.0
70693,0,1132012.506743044,1308987.183821574,1132094.101305381,50000.0,5543.667794230976,0.0
70694,0,1134738.9861930907,1311757.4964095037,1134842.0528861838,50000.0,5012.094306346707,0.0
70695,0,1134186.3402821175,1311193.886893052,1134284.4656351449,50000.0,4990.353946262039,0.0
70696,0,1134588.981103418,1311514.0772058459,1134664.9334205014,50000.0,4498.6784881442845,0.0
70697,0,1134049.9271215652,1310966.8135789651,1134121.7671875732,50000.0,4518.816668140948,0.0
70698,0,1134028.3307686918,1310832.6881506531,1134068.0436306226,50000.0,3920.936205297853,0.0
70699,0,1134485.0706913176,1311310.9526978126,1134532.4174729607,50000.0,3960.3677774155326,0.0
70700,0,1135185.12111862,1311993.5627051727,1135229.8028043453,50000.0,3849.7588486154646,0.0
70701,0,1134475.9353239385,1311197.9549491308,1134493.6758173045,50000.0,3393.942515728285,0.0
70702,0,1134992.9378615662,1311717.9861376854,1135013.2419338364,50000.0,3375.767922276223,0.0
70703,0,1135381.5418308738,1312013.61272292,1135376.6587242421,50000.0,2882.171300595208,0.0
70704,0,1134344.5687798325,1310974.3968410166,1134335.6338610235,50000.0,2922.3051823593946,0.0
70705,0,1134853.3919508772,1311487.4289860544,1134847.3305883235,50000.0,2872.72256528743,0.0
70706,0,1135041.948579694,1311570.069227319,1135006.3707731806,50000.0,2278.8328979242515,0.0
70707,0,1134532.6508516395,1311057.501682915,1134494.4651062079,50000.0,2322.3394429884447,0.0
70708,0,1135128.637171695,1311550.6345841028,1135063.1616964957,50000.0,1688.0499112740706,0.0
70709,0,1134618.4794966022,1311036.2169142335,1134550.1112784566,50000.0,1737.970468163804,0.0
70710,0,1134378.3787623425,1310721.7595857948,1134288.0773491496,50000.0,1473.6112915375375,0.0
70711,0,1134830.2791881983,1311101.8921211725,1134721.0696381168,50000.0,925.1031238392568,0.0
70712,0,1134241.4182840618,1310435.4880406712,1134108.2304285648,50000.0,1077.8170552792803,0.0
70713,0,1134752.4494651,1310920.979656569,1134613.693502691,50000.0,565.4150632779222,0.0
70714,0,1134729.2188534096,1310796.3419757122,1134561.5842188646,50000.0,634.6231496595954,0.0
70715,0,1134732.5997987485,1310693.4793440762,1134534.812995282,50000.0,1071.2665136674325,0.0
70716,0,1134254.8225061118,1310140.3532049651,1134034.070696909,50000.0,1720.8639530788494,0.0
70717,0,1134738.5413751265,1310564.9292582076,1134502.6091041188,50000.0,1758.8719580940428,0.0
70718,0,1134288.6536562303,1310069.2220551423,1134038.2345219622,50000.0,2202.687190798711,0.0
70719,0,1134778.770454097,1310501.4070017382,1134513.5432700606,50000.0,2304.460863205276,0.0
70720,0,1134825.8274455443,1310442.9072268247,1134530.828311953,50000.0,2870.0546954438273,0.0
70721,0,1134444.8129378036,1310010.007864324,1134133.8453700724,50000.0,3264.228394155658,0.0
70722,0,1134908.3486034533,1310406.7835540196,1134579.9992405467,50000.0,3507.611852928112,0.0
70723,0,1134496.5256868885,1309951.0154163337,1134154.361128335,50000.0,3848.5096655542593,0.0
70724,0,1134470.0249533814,1309826.7658731707,1134100.0865835438,50000.0,4389.803239919966,0.0
70725,0,1135320.5825744348,1311617.2450364789,1135220.1088402043,50000.0,1000.8199714319558,0.0
70726,0,1135729.4484970127,1312138.0467639484,1135662.1414423352,50000.0,1724.9317666929514,0.0
70727,0,1135724.6192197376,1312264.5242861595,1135694.640344283,50000.0,2438.881351627976,0.0
70728,0,1135585.7752598105,1312300.7681282011,1135605.1657865562,50000.0,3377.5518757993946,0.0
70729,0,1135813.5756895044,1312616.2611936275,1135858.6826063618,50000.0,3912.522527650302,0.0
70730,0,1135098.4100428566,1312026.5556234934,1135176.9053381549,50000.0,4514.2854693331665,0.0
70731,0,1137736.8066058287,1314092.4942522196,1137661.0548930503,50000.0,2914.2848472837277,0.0
70732,0,1137337.5391566604,1313751.505805629,1137277.0439794625,50000.0,2768.0480192456275,0.0
70733,0,1136802.7983027117,1313251.6676740856,1136750.4711616356,50000.0,2509.0123705089886,0.0
70734,0,1135954.811173003,1312050.2511677828,1135799.2617931224,50000.0,690.2037162368654,0.0
70735,0,1136318.5596289928,1312390.8836309123,1136157.6449168175,50000.0,1063.298052410784,0.0
70736,0,1136222.0322091202,1312393.530682504,1136088.9649563327,50000.0,1027.753630118851,0.0
70737,0,1136508.4996345611,1312684.6806908688,1136377.705630383,50000.0,1314.331498162142,0.0
70738,0,1136636.2774080501,1312679.770023311,1136468.2233303485,50000.0,1399.969703583997,0.0
70739,0,1136941.705819281,1313007.675940058,1136781.0389590648,50000.0,1679.9019353812432,0.0
70740,0,1137450.26437524,1313536.7738325817,1137297.1022063103,50000.0,2182.4759395115107,0.0
70741,0,1137780.8953981572,1313849.3912687604,1137623.7056316466,50000.0,2513.589104791984,0.0
70742,0,1137851.3038159816,1314007.4190604095,1137719.2256311227,50000.0,2621.15045833718,0.0
70743,0,1035728.8958721675,1220462.892239773,1037727.7649476929,50000.0,8059.213202992449,0.0
70744,0,1035310.9915661633,1220029.723813205,1037303.7823546407,50000.0,8066.286191950362,0.0
70745,0,1036033.8786599922,1220685.211231521,1038009.390030603,50000.0,7583.343144100589,0.0
70746,0,1035610.824027725,1220259.1571598111,1037583.8727786901,50000.0,7644.187838485136,0.0
70747,0,1035230.8451774436,1219872.0463330243,1037200.3662807369,50000.0,7696.404581139398,0.0
70748,0,1034830.2427238896,1219478.5997840185,1036800.3909891617,50000.0,7843.855666708397,0.0
70749,0,1036252.4944704437,1220813.6533855712,1038202.1122060184,50000.0,7084.945360973113,0.0
70750,0,1036116.8694737566,1220588.120453182,1038039.3644873883,50000.0,6642.69077023826,0.0
70751,0,1035898.5161187794,1220456.8480631844,1037845.9794900437,50000.0,7128.409262907835,0.0
70752,0,1035503.4294958371,1220039.9985827084,1037442.9773345964,50000.0,7104.2602225508535,0.0
70753,0,1035160.7682603115,1219674.3801268665,1037092.2415219931,50000.0,7083.786703409633,0.0
70754,0,1034709.2643244236,1219263.9426821647,1036651.2138857883,50000.0,7428.1179319096145,0.0
70755,0,1034345.8590708362,1218869.6243266691,1036277.2980566215,50000.0,7415.734602743888,0.0
70756,0,1033923.4406050672,1218478.3048629402,1035862.5114552198,50000.0,7733.991582319144,0.0
70757,0,1033947.0732389211,1218572.1979501129,1035907.0439102722,50000.0,8047.188734382801,0.0
70758,0,1034323.4042659933,1218981.4031599502,1036294.5190310903,50000.0,8057.902625221296,0.0
70759,0,1035755.0123758045,1220243.0731826506,1037681.1357791872,50000.0,6800.8423944027645,0.0
70760,0,1034262.7709949475,1218851.6654116714,1036213.1880894077,50000.0,7753.149069697215,0.0
70761,0,1064839.375571483,1221328.76947145,1059043.5867725557,50000.0,6869.65081057622,0.0
70762,0,1065597.9188700095,1222066.7429660216,1059799.793957513,50000.0,7541.455711353729,0.0
70763,0,1066283.9050490258,1222736.8250689309,1060484.3797390398,50000.0,8167.188602901974,0.0
70764,0,1066120.1170669335,1222520.4303007473,1060305.9791184608,50000.0,7912.64789809188,0.0
70765,0,1066016.999519248,1222544.9663235834,1060236.2716093233,50000.0,8062.3351558080485,0.0
70766,0,1065934.8568741716,1222544.1688741045,1060175.3599214836,50000.0,8165.775473397591,0.0
70767,0,1066061.2272559311,1222747.4071295694,1060322.634868188,50000.0,8466.496496550966,0.0
70768,0,1066370.3138568304,1223104.4530605283,1060645.7099579633,50000.0,8868.343972705627,0.0
70769,0,1066517.0599370492,1223145.484237346,1060765.0173350489,50000.0,8752.587163156399,0.0
70770,0,1066465.0875298295,1223019.656631682,1060693.2491195514,50000.0,8542.902990327006,0.0
70771,0,1066304.7955427608,1223131.9928291673,1060604.6150411891,50000.0,9051.046839316974,0.0
70772,0,1065228.5803825494,1221867.5006044758,1059474.0376627094,50000.0,7588.264956122725,0.0
70773,0,1065303.2749295002,1222013.1149162955,1059567.8504913293,50000.0,7841.013735190251,0.0
70774,0,1065448.6170220126,1222223.377023623,1059731.013184526,50000.0,8147.568444944208,0.0
70775,0,1065456.3316402764,1222305.76748527,1059758.577057518,50000.0,8367.535443468136,0.0
70776,0,1065547.8485795483,1222466.9975459825,1059868.9744902076,50000.0,8653.587833873802,0.0
70777,0,1064911.867039861,1221784.871543372,1059218.1351300143,50000.0,7974.466159720869,0.0
70778,0,1064537.3471184378,1221402.609064237,1058840.0225622228,50000.0,7638.034058319991,0.0
70779,0,1065001.7575520794,1221953.9714807158,1059329.4234960182,50000.0,8299.686601577341,0.0
70780,0,1064458.5991900875,1221025.6443219238,1058681.8320436713,50000.0,6706.04867084051,0.0
70781,0,1064209.4591231553,1220719.1196328395,1058416.4521565237,50000.0,6334.569690593834,0.0
70782,0,1063518.2433545087,1220068.4865173413,1057733.1505280882,50000.0,5820.546029689447,0.0
70783,0,1063358.9332308262,1219840.2771986227,1057554.9164274535,50000.0,5491.176493358051,0.0
70784,0,1063144.2882136686,1219558.8375569456,1057321.6809679419,50000.0,5124.675864692646,0.0
70785,0,1063586.028417722,1220215.6203611158,1057822.2582844903,50000.0,6108.962113168812,0.0
70786,0,1063589.1960091565,1220295.3237766472,1057845.7420941757,50000.0,6346.917377189494,0.0
70787,0,1063739.8877206224,1220518.7477761335,1058016.3531903713,50000.0,6704.625408276685,0.0
70788,0,1063980.1833320404,1220813.3236734292,1058272.043223246,50000.0,7077.834056693369,0.0
70789,0,1064245.75077655,1220963.7971934318,1058508.1598908582,50000.0,6937.6827737008925,0.0
70790,0,1064186.1072029404,1220829.3434916108,1058428.4255875302,50000.0,6668.530839029998,0.0
70791,0,1063869.7238885344,1220327.4590194921,1058061.5532626398,50000.0,5895.677533428852,0.0
70792,0,1063675.3292936971,1220067.1259690286,1057848.8814063247,50000.0,5560.911751562813,0.0
70793,0,1063412.8817658839,1219752.8779619292,1057571.6253827952,50000.0,5200.003977966761,0.0
70794,0,1062878.2517950095,1219226.8974336907,1057037.0814799753,50000.0,4719.702879668503,0.0
70795,0,1062695.798503305,1219175.6745968643,1056888.657561511,50000.0,4901.713479102504,0.0
70796,0,1062689.008834535,1219254.318128809,1056904.4927991321,50000.0,5154.301579521343,0.0
70797,0,1063072.695612697,1219674.9736275151,1057299.5661770562,50000.0,5590.5242101396125,0.0
70798,0,1063237.2380056623,1219512.5688084234,1057378.124805828,50000.0,4899.963590411604,0.0
70799,0,1063664.043116774,1219903.7725815324,1057797.2602302965,50000.0,5247.214496297477,0.0
70800,0,1064027.0469543478,1220310.859742739,1058173.4373946,50000.0,5676.782636626625,0.0
70801,0,1068112.7912095743,1223835.6061963043,1062127.5362938913,50000.0,9368.367863337244,0.0
70802,0,1068568.5760225588,1224182.7929209527,1062556.493623255,50000.0,9847.306134047465,0.0
70803,0,1068442.626719503,1223981.4482134352,1062410.1122288725,50000.0,9757.119088994214,0.0
70804,0,1068739.8225162635,1224205.293971579,1062689.1565691377,50000.0,10093.47336906142,0.0
70805,0,1068719.8898994192,1224093.128278385,1062644.7929336727,50000.0,10147.505450184914,0.0
70806,0,1068179.4542876408,1223594.4182862905,1062113.1542888794,50000.0,9589.04208415296,0.0
70807,0,1067733.9588773805,1223443.0054620309,1061743.511189457,50000.0,8993.017266415514,0.0
70808,0,1067726.182795986,1223351.1012185977,1061713.4723704807,50000.0,9010.10592795173,0.0
70809,0,1067293.233108794,1223023.4339968443,1061306.567520799,50000.0,8550.52105987838,0.0
70810,0,1066893.3901343378,1222634.7269108167,1060908.0256921009,50000.0,8150.456194456065,0.0
70811,0,1067228.9793151664,1222832.2112221026,1061208.4973125707,50000.0,8529.945233991426,0.0
70812,0,1067239.4841037553,1222739.179553544,1061191.6962781209,50000.0,8608.45924671829,0.0
70813,0,1066828.3247661293,1222328.960036813,1060779.0944445787,50000.0,8209.644611998436,0.0
70814,0,1066317.0340885874,1222071.4978260342,1060332.770376713,50000.0,7574.261703573538,0.0
70815,0,1066380.4973694119,1222056.9921490676,1060375.88597644,50000.0,7659.6185627324785,0.0
70816,0,1065129.2003592765,1220823.4624822198,1059124.1317846766,50000.0,6417.750775799958,0.0
70817,0,1065529.7920589966,1221197.196774168,1059519.2759609178,50000.0,6825.749699883394,0.0
70818,0,1065592.7546821274,1221173.8125438131,1059559.6811653003,50000.0,6946.717859576976,0.0
70819,0,1065806.695650552,1221298.7304528526,1059750.9874107116,50000.0,7237.090235829565,0.0
70820,0,1065501.7489526405,1220933.6557247683,1059428.9041882546,50000.0,7021.5074367875995,0.0
70821,0,1062002.2295656258,1197324.1296861041,1031657.6335292124,50000.0,24274.659571271826,0.0
70822,0,1063172.3629657621,1198466.98009702,1032586.8860149703,50000.0,23274.25391608616,0.0
70823,0,1062918.4588071592,1198162.7393974839,1032227.4275640576,50000.0,23627.45669699072,0.0
70824,0,1062631.1738870644,1197819.506484875,1031823.5739720736,50000.0,24024.93329958093,0.0
70825,0,1062397.530791766,1197531.9965314923,1031471.7011420219,50000.0,24369.252832618018,0.0
70826,0,1061814.209532787,1197083.9046645889,1031349.6329395203,50000.0,24569.700767576305,0.0
70827,0,1061550.4560657374,1196748.3331849503,1030921.5825987177,50000.0,24981.283238356064,0.0
70828,0,1061338.20852782,1196483.0281172772,1030590.437302587,50000.0,25301.88736008431,0.0
70829,0,1062167.2407288551,1197248.3830002588,1031124.2662740796,50000.0,24709.61708946723,0.0
70830,0,1061903.3865852072,1196926.7116505,1030735.423173219,50000.0,25091.792016142947,0.0
70831,0,1061686.7956179264,1196649.616156698,1030379.6966250452,50000.0,25438.94961051454,0.0
70832,0,1196115.1248827907,1349243.7829079062,1189923.6543550321,50000.0,24693.450070482126,0.0
70833,0,1195915.8986232982,1348991.8602333504,1189710.0663670958,50000.0,24587.200927894588,0.0
70834,0,1195912.3613794472,1348864.3455774013,1189674.3046807945,50000.0,24784.06008008749,0.0
70835,0,1194405.0210620512,1347662.581555579,1188241.3464411986,50000.0,22902.1102635337,0.0
70836,0,1194050.5306444934,1347383.8942206176,1187905.3859428167,50000.0,22460.25843366314,0.0
70837,0,1195285.2672770652,1348293.2333216993,1189059.6570199542,50000.0,24112.431693126488,0.0
70838,0,1194765.9952355546,1347807.8514978015,1188547.4530525072,50000.0,23577.19430866717,0.0
70839,0,1195069.6181820482,1348041.6417195888,1188833.9477334097,50000.0,23975.249035866804,0.0
70840,0,1194560.9148667,1347537.3093987915,1188324.6762412034,50000.0,23501.844694426138,0.0
70841,0,1193948.8651016774,1347094.8115373126,1187754.640572175,50000.0,22650.685195745777,0.0
70842,0,1194629.9605450502,1347492.959013363,1188364.4977068543,50000.0,23771.55537672967,0.0
70843,0,1194073.0584181284,1347091.1472242214,1187846.0182191422,50000.0,22982.282077117463,0.0
70844,0,1194274.7687272483,1347185.0085075225,1188020.3851553733,50000.0,23361.615938982333,0.0
70845,0,1194142.682272421,1346953.3120461171,1187861.9859703784,50000.0,23434.215705512048,0.0
70846,0,1193918.3000722565,1346779.90498263,1187650.0886407085,50000.0,23132.80612865823,0.0
70847,0,1192827.6347038844,1345948.396621204,1186623.1015141625,50000.0,21662.669538229708,0.0
70848,0,1193312.021663218,1346274.809536495,1187068.059024867,50000.0,22392.19911669902,0.0
70849,0,1196221.9090496565,1351349.9381061585,1190552.3116610625,50000.0,24153.727210033434,0.0
70850,0,1195985.5899926121,1351023.7407833014,1190291.686682872,50000.0,23843.388899903814,0.0
70851,0,1195552.5998016954,1350572.7615247688,1189852.5533117629,50000.0,23395.407866608177,0.0
70852,0,1196015.190372153,1350953.3323555111,1190295.2196591124,50000.0,23802.561411656407,0.0
70853,0,1195545.4313527665,1350479.6619117986,1189822.8790328936,50000.0,23328.42140666008,0.0
70854,0,1195018.4620304252,1349865.0751434404,1189271.2432313121,50000.0,22747.51053943108,0.0
70855,0,1194982.5386775567,1349727.922011351,1189208.7320278292,50000.0,22663.544258369955,0.0
70856,0,1194550.322551141,1349275.7121787656,1188769.8518270517,50000.0,22221.639912668576,0.0
70857,0,1194427.7148742243,1349075.6730182448,1188626.5974511993,50000.0,22072.938176916563,0.0
70858,0,1194354.7722780143,1348916.713208235,1188530.935563137,50000.0,21980.5395484354,0.0
70859,0,1209071.916461947,1387651.167745388,1209849.0429483282,50000.0,53886.9735984617,0.0
70860,0,1209362.1354911532,1387902.1679746895,1210128.9058736055,50000.0,53743.556971192025,0.0
70861,0,1209758.2507208572,1388186.4820629586,1210494.2646249647,50000.0,53211.68797732621,0.0
70862,0,1209414.2104944903,1388043.928936615,1210206.7311023108,50000.0,54282.368425226356,0.0
70863,0,1209819.5570276843,1388323.417108964,1210577.3246145074,50000.0,53670.74851448448,0.0
70864,0,1210088.3174049365,1388496.6218244631,1210819.5995675577,50000.0,53197.91637606848,0.0
70865,0,1209836.3083525968,1388467.0950310593,1210630.3507450782,50000.0,54415.342523324645,0.0
70866,0,1210363.5654934873,1388825.5834065129,1211110.9634556202,50000.0,53596.56346673588,0.0
70867,0,1210142.208069749,1388698.9449034443,1210915.9951907098,50000.0,54077.99541352326,0.0
70868,0,1210225.1149977616,1388857.9702206692,1211020.8680466595,50000.0,54546.7787891996,0.0
70869,0,1332481.6024934656,1471668.9107214783,1282729.1874878015,50000.0,19082.420937318286,0.0
70870,0,1332446.4268664387,1471677.1829710726,1282821.4010439604,50000.0,18980.394716614166,0.0
70871,0,1347593.6061603874,1485807.2907623984,1293721.1791404975,50000.0,14652.22978547009,0.0
70872,0,1347591.182843644,1485860.9478428531,1293879.0763420952,50000.0,14329.304600403902,0.0
70873,0,1438494.0451620414,1588925.1390197484,1412526.1278971857,50000.0,74265.90840221582,0.0
70874,0,1438197.426723849,1588552.4408615727,1412029.118300919,50000.0,73701.2567538366,0.0
70875,0,1437941.467412179,1588226.6871044557,1411588.1305038414,50000.0,73196.20572287247,0.0
70876,0,1438044.7438619724,1588703.372866372,1412778.4789180069,50000.0,74788.7747539396,0.0
70877,0,1437733.8845606986,1588323.021845434,1412287.5419456188,50000.0,74318.49248901113,0.0
70878,0,1437751.1209647583,1588483.9184769697,1412724.8939361915,50000.0,74699.82744672758,0.0
70879,0,1437338.2849221255,1588017.5285242638,1412186.5121948167,50000.0,74171.57316501297,0.0
70880,0,1436878.7373450783,1587510.9912923241,1411624.287874226,50000.0,73616.1881664956,0.0
70881,0,1436741.6698710904,1587299.1141976665,1411278.2921364177,50000.0,73296.59188076066,0.0
70882,0,1436981.4396921701,1587736.9170241165,1412080.6309533834,50000.0,74030.66644372749,0.0
70883,0,1437015.3550492541,1587854.2795786925,1412356.8161111404,50000.0,74281.17269889495,0.0
70884,0,1437153.6916273858,1588079.718138764,1412740.205726019,50000.0,74642.53471484539,0.0
70885,0,1441502.8409055546,1593005.032871035,1418449.9749358725,50000.0,80293.53191056706,0.0
70886,0,1441739.2154549754,1593160.0369378238,1418429.2430793736,50000.0,80288.38173950193,0.0
70887,0,1442049.4835718796,1593380.5107515582,1418452.0867405036,50000.0,80333.31591750278,0.0
70888,0,1441735.731391827,1592999.6380574622,1417964.9876531,50000.0,79857.03180028865,0.0
70889,0,1441683.8609533394,1592862.927417472,1417667.8547832305,50000.0,79580.84207487047,0.0
70890,0,1441369.1154729754,1592480.7042115289,1417178.8702877685,50000.0,79105.23777648438,0.0
70891,0,1441158.8119657629,1592195.1435698045,1416763.5811883977,50000.0,78708.83231284597,0.0
70892,0,1440767.215336786,1592182.7407576777,1417515.603165803,50000.0,79364.82317892133,0.0
70893,0,1440780.4711611022,1592108.635109281,1417271.1587849525,50000.0,79135.7961630253,0.0
70894,0,1440548.0331232925,1591796.059371187,1416820.9917260965,50000.0,78698.94477531116,0.0
70895,0,1433890.9473124743,1584693.9527938396,1409366.6088536347,50000.0,71246.49534390519,0.0
70896,0,1434036.4134829752,1584756.6882208735,1409258.1661056427,50000.0,71161.32475704701,0.0
70897,0,1433476.5227853258,1584235.1676618562,1408853.885233444,50000.0,70737.81347276783,0.0
70898,0,1432858.1080001502,1583605.0022020251,1408248.5703464376,50000.0,70125.70534030383,0.0
70899,0,1433170.813945952,1583844.8169392708,1408323.380204566,50000.0,70223.78571245434,0.0
70900,0,1433223.8569120702,1583824.0663795618,1408155.8954078062,50000.0,70078.4604142773,0.0
70901,0,1432641.781968639,1583235.9846473048,1407601.001964258,50000.0,69514.12340332626,0.0
70902,0,1432107.6710263186,1582671.01782701,1407017.5382398067,50000.0,68929.53725419918,0.0
70903,0,1432012.369839972,1582507.8289049396,1406730.5073038521,50000.0,68661.31486068795,0.0
70904,0,1432862.5564501588,1583305.6334191898,1407361.6241513093,50000.0,69329.0496629423,0.0
70905,0,1432454.3532414078,1582843.305823574,1406826.176878012,50000.0,68804.10417533404,0.0
70906,0,1432715.055463978,1583033.7696719286,1406860.9113443368,50000.0,68873.50204830308,0.0
70907,0,1426137.3063267684,1587152.8088111205,1422652.8820416017,50000.0,90394.57580387102,0.0
70908,0,1426044.2583515993,1586984.365280118,1422539.680627086,50000.0,90458.46748504756,0.0
70909,0,1425943.410710947,1586808.9955356633,1422418.8975408245,50000.0,90515.93178340912,0.0
70910,0,1425687.3439919383,1586484.1035816618,1422144.0467714772,50000.0,90420.8153878515,0.0
70911,0,1425667.761185159,1586385.664642778,1422103.5809866276,50000.0,90567.47818793326,0.0
70912,0,1429002.6771382093,1589378.4018594846,1425355.8589671138,50000.0,92887.15791071122,0.0
70913,0,1428952.6877520538,1589252.8668466166,1425285.823364143,50000.0,92570.44810427476,0.0
70914,0,1428828.3109442033,1589055.7602189311,1425141.9762876502,50000.0,92200.1031586345,0.0
70915,0,1428664.4467601704,1588814.6358636466,1424957.3607816251,50000.0,91780.0895332578,0.0
70916,0,1428600.162133251,1588674.5511212817,1424872.9451875251,50000.0,91454.19328244025,0.0
70917,0,1428104.0333074175,1588336.817715659,1424417.4315185868,50000.0,91584.5982988788,0.0
70918,0,1427593.9669903116,1587765.5141268808,1423890.036182079,50000.0,90917.48351581798,0.0
70919,0,1427321.2995713733,1587418.95927158,1423597.256853441,50000.0,90413.1776130239,0.0
70920,0,1427056.6667893166,1587080.686046992,1423312.600304133,50000.0,89917.61641486366,0.0
70921,0,1420912.6034072943,1580584.0927304777,1417061.361796831,50000.0,83274.60198482635,0.0
70922,0,1420208.628176114,1579886.3058504455,1416357.3673953782,50000.0,82684.6641140467,0.0
70923,0,1420105.0468706198,1579697.3485585768,1416231.0669875396,50000.0,82283.80716810556,0.0
70924,0,1419657.7422666128,1579177.5710853909,1415763.6390425318,50000.0,81631.49101163042,0.0
70925,0,1419398.6042180925,1578834.645369336,1415481.8461951956,50000.0,81103.16968237072,0.0
70926,0,1419910.5837162004,1579909.7474090562,1416143.3213703148,50000.0,83619.83845004627,0.0
70927,0,1420082.5124066179,1579998.6986693474,1416293.7826315365,50000.0,83456.47630506517,0.0
70928,0,1419299.8408016535,1579216.3543701877,1415509.364265369,50000.0,82784.61009916049,0.0
70929,0,1419279.7714889066,1579116.6047846263,1415468.2524835332,50000.0,82468.90509899754,0.0
70930,0,1418625.4373026607,1578520.793017933,1414827.8040434814,50000.0,82126.33979727796,0.0
70931,0,1418775.7318824322,1578555.3888764374,1414947.9685491205,50000.0,81821.48880332951,0.0
70932,0,1418413.3635705055,1578114.5048666364,1414564.070441752,50000.0,81216.8947151814,0.0
70933,0,1418358.2808456286,1577978.8158611131,1414487.6342698673,50000.0,80870.86768370068,0.0
70934,0,1417547.7494159825,1577368.5086038858,1413727.930602185,50000.0,80921.50577155157,0.0
70935,0,1417654.7361279356,1577396.6304526369,1413814.3937476662,50000.0,80716.14298157583,0.0
70936,0,1416892.8905087875,1576709.4944638785,1413070.4375103733,50000.0,80345.93444697463,0.0
70937,0,1413999.4549111268,1573538.3270190663,1410097.0385360275,50000.0,76821.1897539071,0.0
70938,0,1414431.372543318,1573903.2081037979,1410512.3326945691,50000.0,76936.58421180634,0.0
70939,0,1412388.6646517627,1571106.4210470545,1408266.5851625446,50000.0,72403.72141573031,0.0
70940,0,1411668.464925647,1570391.5439973988,1407546.0695825696,50000.0,71793.6710551011,0.0
70941,0,1412081.832861004,1570723.065862625,1407938.9389859561,50000.0,71863.1415130732,0.0
70942,0,1413170.9767856125,1571574.0275876645,1408968.1948228388,50000.0,71995.1834240763,0.0
70943,0,1413045.2754767374,1571364.0007918952,1408820.0875002416,50000.0,71596.71303617752,0.0
70944,0,1412516.8755054392,1570762.3561552938,1408271.2326020026,50000.0,70878.53500746637,0.0
70945,0,1411951.5359092369,1570337.272907129,1407741.3117188257,50000.0,70855.01104064842,0.0
70946,0,1411590.176798988,1569900.6707906073,1407359.3653455938,50000.0,70276.23787854076,0.0
70947,0,1411465.517735007,1569695.1180608761,1407213.2071194265,50000.0,69889.22498119548,0.0
70948,0,1424936.4352917164,1600205.644177445,1425318.2896464646,50000.0,57835.61377583003,0.0
70949,0,1424248.7095452882,1599640.826993186,1424663.344071162,50000.0,56927.464466438745,0.0
70950,0,1426159.1966888453,1601249.9305947958,1426493.96359279,50000.0,59279.53149175478,0.0
70951,0,1424702.6008544562,1600140.0266396687,1425130.847525748,50000.0,57248.56778372844,0.0
70952,0,1424985.9560090855,1600197.017573497,1425351.7137015958,50000.0,58013.59182899079,0.0
70953,0,1425609.916664871,1600648.6835302978,1425929.0292604887,50000.0,58712.636225289294,0.0
70954,0,1424815.0036603035,1599814.6456674866,1425121.508429835,50000.0,57905.16366313451,0.0
70955,0,1424551.5713508525,1599592.6092069861,1424869.033395325,50000.0,57652.60256244059,0.0
70956,0,1423731.4007399152,1598846.87612532,1424067.8225554076,50000.0,56854.32150287538,0.0
70957,0,1424560.3400381992,1599654.7414222248,1424892.6818149572,50000.0,57678.08176991539,0.0
70958,0,1424128.6541439118,1599148.072614106,1424439.1831709286,50000.0,57222.65168651181,0.0
70959,0,1424186.7785220875,1599102.6989306253,1424468.621225257,50000.0,57256.78208966604,0.0
70960,0,1424162.3088818933,1599501.744365945,1424562.0692386082,50000.0,56964.970153498434,0.0
70961,0,1425391.8858984015,1600626.3196203858,1425765.0305887675,50000.0,58333.195884507804,0.0
70962,0,1424644.469648563,1600010.2880434755,1425052.6243866526,50000.0,57350.850010926566,0.0
70963,0,1425616.0790087462,1600708.8232406678,1425950.2358372817,50000.0,58735.78954906535,0.0
70964,0,1424242.4875151974,1599471.2693346785,1424611.579760939,50000.0,57291.02046586987,0.0
70965,0,1425279.945749243,1600416.8060627424,1425625.6654671405,50000.0,58414.3511177931,0.0
70966,0,1425236.3292630462,1600320.808703941,1425567.3658562002,50000.0,58352.396692559436,0.0
70967,0,1424931.161427431,1600089.8035274053,1425282.196831733,50000.0,58072.88555161589,0.0
70968,0,1425061.4595583973,1600094.1068516877,1425377.6855515747,50000.0,58161.18787285324,0.0
70969,0,1424246.234173308,1599368.1273632206,1424585.555272793,50000.0,57372.66939310312,0.0
70970,0,1424540.9584485178,1599463.160700773,1424825.314786146,50000.0,57612.791140645786,0.0
70971,0,1424235.2960752267,1599202.0200367954,1424531.384909224,50000.0,57316.18018475173,0.0
70972,0,1424262.3109379685,1599435.4361018906,1424615.938467876,50000.0,57407.96676361166,0.0
70973,0,1424683.4647703818,1599994.3907860985,1425076.401241601,50000.0,57508.86720834256,0.0
70974,0,1424990.7395060326,1600332.4656730066,1425392.9236023223,50000.0,57723.689201617715,0.0
70975,0,1424166.3673576515,1599448.4171718385,1424550.1404680272,50000.0,57098.63940069094,0.0
70976,0,1425656.6254722844,1600849.2603140955,1426018.6940852727,50000.0,58671.518648368845,0.0
70977,0,1423999.3704331573,1599075.0653195959,1424325.2913481584,50000.0,57109.700289811226,0.0
70978,0,1248260.6815155703,1390471.6282337857,1215204.533591268,50000.0,36255.32786800313,0.0
70979,0,1248395.3210463675,1390692.4000602432,1215572.636267178,50000.0,35829.057661848914,0.0
70980,0,1248551.8089780284,1390938.4444937345,1215970.2420109375,50000.0,35390.79081442176,0.0
70981,0,1248746.99168736,1391222.186042393,1216399.801355667,50000.0,34967.650271392406,0.0
70982,0,1248864.6801545527,1391430.4688162396,1216765.626037775,50000.0,34520.488139932844,0.0
70983,0,1248649.6800781642,1390829.5418060084,1215464.8343221678,50000.0,36489.34981955992,0.0
70984,0,1248826.860607673,1391128.6373797194,1215973.836478157,50000.0,35887.21388877119,0.0
70985,0,1249050.5268700812,1391467.7719117203,1216506.1937595066,50000.0,35331.466714116534,0.0
70986,0,1249267.5895931344,1391807.0506623625,1217052.0756145164,50000.0,34743.481696299015,0.0
70987,0,1248945.589475599,1391087.2545391978,1215621.1191427824,50000.0,36745.39375343958,0.0
70988,0,1249106.9932738715,1391338.5814116604,1216024.1346918338,50000.0,36308.85965851563,0.0
70989,0,1249284.7340391965,1391600.4093761619,1216425.1334769325,50000.0,35908.28664149035,0.0
70990,0,1249438.4191365794,1391842.3672801317,1216816.5761271417,50000.0,35483.19498133828,0.0
70991,0,1249601.6098827224,1392091.6932963985,1217210.473518216,50000.0,35073.53342732225,0.0
70992,0,1233527.5348850572,1387067.0158470667,1227564.074736629,50000.0,26417.13444685273,0.0
70993,0,1233429.6668047647,1386902.449050106,1227448.571623915,50000.0,26064.93384025008,0.0
70994,0,1233354.2730350562,1386757.700903871,1227354.927712738,50000.0,25696.863676548463,0.0
70995,0,1233150.4521083543,1386495.6366520613,1227135.341306002,50000.0,25406.90845394811,0.0
70996,0,1233127.2864627894,1386403.5292493468,1227094.2046842407,50000.0,25036.822975750165,0.0
70997,0,1233178.4867057186,1386380.356212106,1227126.2629481356,50000.0,24627.502767553517,0.0
70998,0,1234066.7050417683,1387539.6144795232,1228087.6459342919,50000.0,25999.61183284382,0.0
70999,0,1233968.7078229743,1387380.2385154965,1227973.3994675353,50000.0,25673.415802588384,0.0
71000,0,1233873.826733053,1387219.276749667,1227861.061357336,50000.0,25322.405312246447,0.0
71001,0,1233934.0804223302,1387202.2679871735,1227901.44744036,50000.0,24894.859939525424,0.0
71002,0,1233877.02169558,1387065.8007879185,1227823.6005558276,50000.0,24468.597216233567,0.0
71003,0,1233863.2581927506,1387001.1338291098,1227796.5859026466,50000.0,24193.256379593087,0.0
71004,0,1230338.4928903081,1384801.295633704,1224605.295842354,50000.0,31868.384932207122,0.0
71005,0,1230622.9082004265,1384899.9691198543,1224842.2010534853,50000.0,30821.813574932858,0.0
71006,0,1230888.8508880986,1385333.1062637842,1225152.5508720519,50000.0,31677.672198467008,0.0
71007,0,1240561.0469668503,1396883.3298580342,1235345.8756223363,50000.0,42188.37472396824,0.0
71008,0,1240102.3808327655,1396411.4196656614,1234882.3250012193,50000.0,42050.89599892382,0.0
71009,0,1239903.2288238206,1396302.2493631083,1234706.1629368006,50000.0,42531.938509316446,0.0
71010,0,1239509.8631874837,1395857.2234844333,1234298.0343635215,50000.0,42192.79766306805,0.0
71011,0,1239697.5221591676,1395963.7685566617,1234464.9976998966,50000.0,41758.507213203775,0.0
71012,0,1239333.9384484575,1395564.3977799998,1234090.9098461492,50000.0,41514.14781694253,0.0
71013,0,1239109.1076727067,1395426.1800439525,1233888.099751492,50000.0,41976.91990147717,0.0
71014,0,1238940.930975088,1395338.8621022045,1233740.615824027,50000.0,42414.430124223996,0.0
71015,0,1238585.953931124,1394921.0909953257,1233368.0713081367,50000.0,42025.241477093994,0.0
71016,0,1238760.9852637502,1395015.1800064284,1233522.4138439393,50000.0,41586.6626588288,0.0
71017,0,1238438.6296170203,1394623.7065389971,1233180.940736237,50000.0,41166.75052750652,0.0
71018,0,1238240.6831749387,1394498.2957174093,1233001.402488225,50000.0,41557.21467267743,0.0
71019,0,1237959.3425367665,1394298.212791738,1232740.505579094,50000.0,41990.84144185001,0.0
71020,0,1237682.5027589228,1393966.7669414615,1232448.4878960259,50000.0,41662.14165092653,0.0
71021,0,1237677.6290039932,1393883.0301893444,1232422.918367532,50000.0,41218.22425641682,0.0
71022,0,1237678.8756857687,1393807.1945476145,1232403.9606971878,50000.0,40784.88563818522,0.0
71023,0,1237135.9832688745,1393365.7994811356,1231886.000118854,50000.0,41319.24537904405,0.0
71024,0,1236588.553329558,1392925.4917967187,1231364.9731281025,50000.0,41891.447786507,0.0
71025,0,1236844.8736087335,1393240.0435738657,1231637.3638144475,50000.0,42231.86035409604,0.0
71026,0,1236938.1246572507,1393408.288683928,1231750.5830559335,50000.0,42658.72916173962,0.0
71027,0,1236940.1202073786,1393488.3779800483,1231773.083620749,50000.0,43098.04429590899,0.0
71028,0,1236296.5112973677,1392877.572188099,1231136.097826841,50000.0,43249.63175017387,0.0
71029,0,1236408.9657512263,1392908.1729891335,1231227.4112629336,50000.0,42794.692608124555,0.0
71030,0,1236348.1618262765,1392770.0152579322,1231146.1175589173,50000.0,42357.43406812888,0.0
71031,0,1236058.772146317,1392430.4838853735,1230842.6752862004,50000.0,42064.46167996741,0.0
71032,0,1236311.7706506338,1392587.7347480787,1231071.3397175302,50000.0,41536.736052740336,0.0
71033,0,1235423.88246995,1391877.8691394883,1230227.409751051,50000.0,42507.744714960456,0.0
71034,0,1235515.9942518477,1391875.4028773226,1230294.9882659754,50000.0,41979.580792031025,0.0
71035,0,1235620.5599232228,1391897.1958754894,1230378.1641281461,50000.0,41518.06083143807,0.0
71036,0,1235531.8971547135,1391721.065643379,1230266.287958091,50000.0,41025.95572338078,0.0
71037,0,1235392.7577663113,1391516.3036930545,1230109.5118976356,50000.0,40655.87922177724,0.0
71038,0,1235366.5863489571,1391414.9408131195,1230063.5501562473,50000.0,40234.61028497718,0.0
71039,0,1235424.9603230683,1391389.5321804034,1230100.1504588686,50000.0,39766.66481835366,0.0
71040,0,1235254.9021699184,1391155.8001184561,1229912.883092436,50000.0,39408.46040757269,0.0
71041,0,1234962.2357854878,1390982.7496603755,1229650.6479560486,50000.0,40075.11591183334,0.0
71042,0,1234893.9438462858,1391005.4745073135,1229606.0000480718,50000.0,40583.61012936151,0.0
71043,0,1234947.9548726047,1391133.9261224535,1229679.6958011207,50000.0,41000.14210840885,0.0
71044,0,1235122.6331619679,1391451.7968271538,1229892.472812512,50000.0,41803.162982687965,0.0
71045,0,1234643.9457573968,1390970.3071582,1229411.5653065075,50000.0,41784.142456828136,0.0
71046,0,1234533.5952745199,1390786.9017316825,1229281.708678838,50000.0,41375.84174591052,0.0
71047,0,1236883.2168345412,1393507.0711541865,1231735.8532401088,50000.0,43519.99424334429,0.0
71048,0,1236638.0902840944,1393341.2557561968,1231510.7994929617,50000.0,43952.630219880695,0.0
71049,0,1237245.5459125454,1393985.1538847648,1232129.7033773642,50000.0,44194.06984297031,0.0
71050,0,1237764.7719983654,1394491.0332420669,1232647.0248503308,50000.0,44156.6552844564,0.0
71051,0,1237664.4158836557,1394471.4374818315,1232567.5766190377,50000.0,44603.89151019983,0.0
71052,0,1237684.2723116954,1394571.8662698166,1232608.668197729,50000.0,45059.4988913948,0.0
71053,0,1233086.2877026564,1389784.2088122799,1227946.6182075327,50000.0,43880.75577119599,0.0
71054,0,1232212.6424431782,1389020.8388628592,1227099.2356875255,50000.0,44527.71756161077,0.0
71055,0,1231835.634850147,1388732.224817684,1226744.2923131895,50000.0,45037.79395601159,0.0
71056,0,1231024.705306916,1387840.0843900468,1225909.4903033625,50000.0,44638.645253141425,0.0
71057,0,1233371.5493488975,1390132.4369063987,1228249.3095200974,50000.0,44224.87970599119,0.0
71058,0,1233014.9021525264,1389647.2208017085,1227857.7780672277,50000.0,43517.31342731014,0.0
71059,0,1232736.8331274723,1389220.7622733682,1227539.8791829308,50000.0,42701.52387970812,0.0
71060,0,1231723.371424681,1388146.6604381735,1226507.3443351001,50000.0,42419.80507721243,0.0
71061,0,1231768.989184534,1388261.849996594,1226571.367572924,50000.0,42802.04970229619,0.0
71062,0,1231826.9695580648,1388384.2450051385,1226646.4420185913,50000.0,43155.34459513025,0.0
71063,0,1231813.2276388525,1388497.047185644,1226665.8954760304,50000.0,43857.86099820578,0.0
71064,0,1231221.9644486534,1387950.4898420642,1226084.5377164271,50000.0,44143.7785562785,0.0
71065,0,1230794.8641944858,1387396.7146580336,1225622.8273771596,50000.0,43476.65244542239,0.0
71066,0,1230734.7909084507,1387503.980386317,1225606.5326280578,50000.0,44405.57412493501,0.0
71067,0,1230110.175984485,1387059.5047563214,1225027.329844199,50000.0,45453.36845006029,0.0
71068,0,1230023.0807191303,1387043.0709129947,1224958.5486632392,50000.0,45851.01493500238,0.0
71069,0,1230166.0796752544,1387246.4853851888,1225117.8874324758,50000.0,46171.95877463874,0.0
71070,0,1238058.352541296,1388534.351650395,1229939.5698514928,50000.0,9331.128362834672,0.0
71071,0,1237963.3010132853,1388365.0834442477,1229637.9735752407,50000.0,8924.965241584014,0.0
71072,0,1238486.7872345017,1388841.114213197,1229969.6911593715,50000.0,8665.79897932124,0.0
71073,0,1238891.174745558,1389176.7773211645,1230132.5583750133,50000.0,8308.69024939196,0.0
71074,0,1238383.527989483,1388541.8115935947,1229305.9240289927,50000.0,7583.140057056585,0.0
71075,0,1238805.9901216317,1389001.8991605875,1229794.8055584126,50000.0,7806.933001660968,0.0
71076,0,1238351.299787274,1388430.2283242338,1229045.898728877,50000.0,7146.415871729869,0.0
71077,0,1239282.7526352308,1389447.8383845282,1230133.1150088657,50000.0,7683.023500265939,0.0
71078,0,1238818.7619790526,1388909.338621173,1229499.5109524578,50000.0,7226.090067620105,0.0
71079,0,1238522.7550815628,1388519.0636669984,1228959.2671289993,50000.0,6693.415140160645,0.0
71080,0,1239334.033135832,1389376.186542586,1229821.1625033573,50000.0,7011.187912200726,0.0
71081,0,1239038.768843233,1389006.4341952838,1229339.1680907563,50000.0,6565.11575732197,0.0
71082,0,1239786.4882996862,1389808.291613136,1230168.1941498176,50000.0,6976.370960240495,0.0
71083,0,1238668.95784266,1388550.898526517,1228757.5893116433,50000.0,6067.378237278291,0.0
71084,0,1239500.0987194346,1389457.8193590962,1229724.445820648,50000.0,6570.907329209121,0.0
71085,0,1239234.7880207314,1389122.361917702,1229282.0136845037,50000.0,6144.938239381436,0.0
71086,0,1239925.4645541776,1389841.500691818,1229985.0580048393,50000.0,6426.995652647703,0.0
71087,0,1239697.972605584,1389538.9371525547,1229562.24699396,50000.0,5965.729969567015,0.0
71088,0,1238595.5538802657,1388357.7745629174,1228343.2502735206,50000.0,5406.343007738816,0.0
71089,0,1239278.6540365173,1389081.4975626678,1229074.7790312513,50000.0,5683.406364991288,0.0
71090,0,1238570.6856098536,1388235.5468287577,1228037.627010978,50000.0,4870.991443301947,0.0
71091,0,1238145.9105267075,1387757.214744464,1227500.4840565908,50000.0,4599.2179145415475,0.0
71092,0,1239212.5101000685,1388919.9662886558,1228737.7997558808,50000.0,5148.508681999234,0.0
71093,0,1239761.686085661,1389516.0776612516,1229367.4924696228,50000.0,5505.251877778487,0.0
71094,0,1237802.9375710033,1387347.0381879893,1226997.1241301477,50000.0,4289.366815554112,0.0
71095,0,1239015.3877168477,1388636.2672216438,1228308.9122874145,50000.0,4648.925704699088,0.0
71096,0,1237389.2292753067,1386830.837806259,1226327.701655486,50000.0,3870.3455066704414,0.0
71097,0,1238519.4163956444,1388061.557210029,1227634.5859887907,50000.0,4198.624911609947,0.0
71098,0,1238242.7574841238,1387695.005657747,1227124.773247236,50000.0,3729.420630325076,0.0
71099,0,1237889.863319037,1387208.9902454184,1226420.9061486467,50000.0,3095.2230854714912,0.0
71100,0,1238305.6795232361,1387654.925250946,1226881.7287010944,50000.0,3167.334599688542,0.0
71101,0,1237935.0365304109,1387172.4478616735,1226223.8885962602,50000.0,2666.3995569828435,0.0
71102,0,1238376.81075174,1387636.837934696,1226686.1847042753,50000.0,2679.130986447535,0.0
71103,0,1238248.4759321464,1387395.176281636,1226241.562079226,50000.0,2111.0139651076147,0.0
71104,0,1238493.3491741817,1387536.751034423,1226161.162270841,50000.0,1513.3203494086902,0.0
71105,0,1238947.3952267722,1387888.9554428367,1226272.833206491,50000.0,902.1979035495518,0.0
71106,0,1238969.8284328335,1388057.016085815,1226716.1426447004,50000.0,1703.837959236243,0.0
71107,0,1238808.367173419,1388170.029715048,1227369.1007912036,50000.0,3207.4644879863145,0.0
71108,0,1238930.4912468116,1388391.613136531,1227767.9782966876,50000.0,3761.0771136259536,0.0
71109,0,1239374.1663576039,1388903.5226561816,1228364.7883693282,50000.0,4192.326954837973,0.0
71110,0,1239363.6453761903,1388730.8464439888,1227883.7316392458,50000.0,3300.1136465046284,0.0
71111,0,1238852.3802364974,1388037.221970861,1226894.5401311046,50000.0,2236.529844413533,0.0
71112,0,1240776.0422460276,1390578.7534181052,1230419.052585061,50000.0,6075.639100226209,0.0
71113,0,1239295.8202972508,1389637.8001014153,1230660.146206862,50000.0,8661.910673843206,0.0
71114,0,1241712.6043631914,1391546.7650725753,1231351.8127331275,50000.0,6647.099721577414,0.0
71115,0,1242255.7044374738,1392093.9854639433,1231851.6826242015,50000.0,6949.866196819236,0.0
71116,0,1241849.4029313358,1391783.2358414165,1231764.8660431046,50000.0,7218.558768844528,0.0
71117,0,1241374.9939856362,1391392.7009756991,1231582.9346593074,50000.0,7442.638890148054,0.0
71118,0,1239719.4344026914,1389378.1916444346,1229051.2639226082,50000.0,4972.721288697366,0.0
71119,0,1240124.89678164,1389788.5955404215,1229429.7340275738,50000.0,5109.119045686824,0.0
71120,0,1240345.7797308548,1390099.5574209203,1229890.2222300093,50000.0,5663.406493815744,0.0
71121,0,1240824.7183303114,1390532.7244413523,1230187.1444773693,50000.0,5596.79671912113,0.0
71122,0,1240450.80634764,1390333.8109043392,1230360.678411931,50000.0,6391.711323981258,0.0
71123,0,1240271.6126333685,1390253.0123078434,1230486.2083686285,50000.0,6871.287824994055,0.0
71124,0,1240853.4353364457,1390791.0476323434,1230881.2615345647,50000.0,6819.869373508398,0.0
71125,0,1240787.70881158,1390860.173588489,1231214.891952166,50000.0,7518.673870198381,0.0
71126,0,1240187.382176108,1390264.861044065,1230690.3328488139,50000.0,7372.35919125486,0.0
71127,0,1239858.9878911462,1390036.0579371683,1230685.46850856,50000.0,7843.934626180491,0.0
71128,0,1239487.635871585,1389739.1150547122,1230568.736114421,50000.0,8188.654125846292,0.0
71129,0,1238980.435821053,1389404.6477851602,1230616.5539563894,50000.0,9082.483367854687,0.0
71130,0,1239396.4024913004,1388585.0877158728,1227394.1229252762,50000.0,2331.7992177468914,0.0
71131,0,1237214.7573046202,1387029.6743033396,1227257.1130004653,50000.0,5837.690692675889,0.0
71132,0,1235581.3729670434,1385667.6471052638,1226581.1254440655,50000.0,7705.10605097919,0.0
71133,0,1235500.1282330058,1385488.7913842453,1226224.0519666742,50000.0,7259.6263852184,0.0
71134,0,1235536.977144471,1385430.6850902168,1225980.730523114,50000.0,6790.433307479926,0.0
71135,0,1235015.2357106104,1384917.8082469879,1225538.3926083357,50000.0,7072.234305024587,0.0
71136,0,1235349.964254962,1385116.0291004307,1225441.480545087,50000.0,6289.82276999593,0.0
71137,0,1231760.1285983883,1382399.0186548114,1224762.911555855,50000.0,12021.703486359547,0.0
71138,0,1237506.3722641114,1387472.3297881156,1227958.4919970834,50000.0,6588.36544462517,0.0
71139,0,1232049.2773253606,1382948.8701956372,1225398.3756040318,50000.0,13064.179399510715,0.0
71140,0,1234980.9369764347,1385051.4167516883,1225996.37823203,50000.0,7867.569471786547,0.0
71141,0,1236009.346529242,1386248.0356362266,1227409.0149915004,50000.0,8339.108370059874,0.0
71142,0,1236010.3517830707,1386151.1140530948,1227124.7342470812,50000.0,7837.198123920895,0.0
71143,0,1236088.5456616043,1386436.677166241,1227798.876083406,50000.0,8885.888612758929,0.0
71144,0,1236074.9940272204,1386102.1191380122,1226851.8791236454,50000.0,7241.267067160326,0.0
71145,0,1236573.15716894,1386876.7522190397,1228104.072643286,50000.0,8546.06107148641,0.0
71146,0,1236113.2644929544,1386021.61784721,1226540.4863949777,50000.0,6634.493079216003,0.0
71147,0,1236669.6980505711,1386879.5957188522,1227917.8102911543,50000.0,8031.60436643919,0.0
71148,0,1235950.5067866258,1385772.073914829,1226141.8548199243,50000.0,6272.46551892307,0.0
71149,0,1236533.22438944,1386655.4095253912,1227539.8920659856,50000.0,7601.261653677191,0.0
71150,0,1236471.9140447953,1386257.7372154254,1226505.7486267209,50000.0,5900.326714247008,0.0
71151,0,1236720.7145866351,1386745.2817945112,1227423.9384659152,50000.0,7047.503761810673,0.0
71152,0,1236324.4176316047,1386752.9590253818,1228244.8302354128,50000.0,9256.07852367644,0.0
71153,0,1236789.0013387282,1387248.1372305823,1228750.9574889517,50000.0,9338.356358369396,0.0
71154,0,1236982.2600709137,1387349.9385181514,1228657.951971857,50000.0,8819.56956431966,0.0
71155,0,1236425.4612142062,1386957.8531875084,1228638.1326266385,50000.0,9788.37113372534,0.0
71156,0,1237295.195452733,1387759.9677378568,1229221.7513960388,50000.0,9308.265492848022,0.0
71157,0,1237129.2108159922,1387406.4281118708,1228526.3314184078,50000.0,8313.009713414134,0.0
71158,0,1236468.939750054,1387097.5967697417,1228957.7236408482,50000.0,10295.502521671775,0.0
71159,0,1237024.6413161177,1387616.4779665247,1229349.195921949,50000.0,10024.34224932719,0.0
71160,0,1236144.6185698826,1386847.7674607069,1228883.7793079764,50000.0,10747.144402831518,0.0
71161,0,1236273.132946641,1387087.4443172745,1229323.222229664,50000.0,11320.603434113897,0.0
71162,0,1236783.286752291,1387607.9264156767,1229811.2468780451,50000.0,11311.512851826606,0.0
71163,0,1236672.1334278686,1387388.85310146,1229396.8148384416,50000.0,10740.439759788178,0.0
71164,0,1235295.4377336241,1385732.8839923774,1227347.3485762954,50000.0,9561.740312456715,0.0
71165,0,1235286.78357118,1385824.2091026476,1227630.9050253334,50000.0,10075.050383620655,0.0
71166,0,1235752.3179123562,1386238.7102219926,1227899.957460723,50000.0,9687.908634562678,0.0
71167,0,1235360.4315527459,1386000.762678716,1227996.904075241,50000.0,10586.084009849515,0.0
71168,0,1235603.274709877,1386326.9285273317,1228457.7162037303,50000.0,10963.092267052678,0.0
71169,0,1235879.3422478968,1386470.4344561312,1228319.0697604911,50000.0,10205.973242598013,0.0
71170,0,1234794.51275114,1385468.1282073047,1227586.1021986795,50000.0,10914.507601637899,0.0
71171,0,1235737.063968655,1386551.8973410437,1228843.6200287496,50000.0,11416.16625613122,0.0
71172,0,1235088.3024545317,1385836.4049064578,1228066.8606520554,50000.0,11214.824987473296,0.0
71173,0,1235605.5213732177,1385926.8560226294,1227287.3446383346,50000.0,8877.660298076033,0.0
71174,0,1234874.9655330041,1385180.3066553737,1226585.222059923,50000.0,9043.269893348956,0.0
71175,0,1234559.852531803,1384952.5517514087,1226556.9613940117,50000.0,9589.991230956804,0.0
71176,0,1234755.3639658894,1385233.8872371996,1226982.4242328496,50000.0,9943.07393362863,0.0
71177,0,1234740.477285253,1385318.6264568826,1227259.375496332,50000.0,10447.55587217974,0.0
71178,0,1235355.767857012,1385596.1629637594,1226827.480280245,50000.0,8549.430882045586,0.0
71179,0,1235181.2366659099,1385338.2198362146,1226427.9651484964,50000.0,8201.503069792281,0.0
71180,0,1234548.78545131,1384701.3407280704,1225847.6177872552,50000.0,8444.464634520788,0.0
71181,0,1234350.7806581254,1384419.1351614844,1225424.8234974085,50000.0,8150.597284469633,0.0
71182,0,1234292.3067016425,1384273.8756438694,1225119.7308682252,50000.0,7794.232162017248,0.0
71183,0,1234408.2193053048,1384668.8911016046,1226036.3500474058,50000.0,9015.575383137899,0.0
71184,0,1232522.533213743,1382974.7443106202,1224902.7432935403,50000.0,10798.256005015819,0.0
71185,0,1232748.997256587,1383298.7330723917,1225390.0048024333,50000.0,11121.055271294466,0.0
71186,0,1232003.4505556403,1382500.5151308642,1224567.8726902457,50000.0,11272.655882446948,0.0
71187,0,1232240.1130368146,1382818.9751670558,1225018.453078877,50000.0,11506.239515878533,0.0
71188,0,1232592.1837347683,1383244.3833524766,1225547.9433687357,50000.0,11665.601304870617,0.0
71189,0,1232572.684281263,1383325.9105779782,1225824.9149375313,50000.0,12143.728290647912,0.0
71190,0,1231387.1411015533,1382464.8152956124,1224779.9941668864,50000.0,14195.806241725368,0.0
71191,0,1232120.9888801249,1382826.5522690671,1225280.8575512315,50000.0,12136.187657372267,0.0
71192,0,1232395.9595914832,1383360.4876037252,1225762.8815494503,50000.0,13220.312593677316,0.0
71193,0,1232425.665767954,1383479.3082342204,1225815.6340431336,50000.0,13636.835234400418,0.0
71194,0,1231657.0508019077,1382642.4612845215,1225026.997959921,50000.0,13642.859949430436,0.0
71195,0,1232082.5041285953,1382885.0537372255,1225406.7275708588,50000.0,12598.476386376575,0.0
71196,0,1232616.2854651783,1383482.3736836854,1225958.5633111068,50000.0,12657.76757684324,0.0
71197,0,1238137.1334645972,1387973.0978488089,1228146.322774437,50000.0,5821.136384458858,0.0
71198,0,1238084.3821296887,1388022.754768337,1228397.0517976189,50000.0,6382.97062613861,0.0
71199,0,1237758.4804434432,1387519.7977887972,1227589.177681073,50000.0,5454.537902216905,0.0
71200,0,1237602.9533044978,1387262.079559463,1227152.2317287568,50000.0,4936.382952697428,0.0
71201,0,1237633.6569058718,1387499.0521840276,1227780.026022811,50000.0,6030.656989582473,0.0
71202,0,1237825.646190777,1387869.3746753526,1228471.5096730238,50000.0,6974.380445224867,0.0
71203,0,1231640.61727288,1382401.2080199718,1224952.6338920298,50000.0,12623.805421289178,0.0
71204,0,1234767.4976082344,1384757.5674704001,1225570.794222148,50000.0,7591.11797775087,0.0
71205,0,1235917.1538798138,1385649.597814647,1225852.593942699,50000.0,5863.947836990189,0.0
71206,0,1238851.3354239769,1390283.1261777047,1232359.0850135444,50000.0,14650.84127033354,0.0
71207,0,1238513.6879579928,1390021.9279417624,1232040.0908684463,50000.0,15049.763955081022,0.0
71208,0,1238471.818994017,1389845.077223388,1231963.2832151575,50000.0,14299.153359047943,0.0
71209,0,1239120.1414206647,1390694.7631213935,1232665.574049098,50000.0,15468.573660608181,0.0
71210,0,1238614.7732300877,1390260.0675025051,1232176.851902664,50000.0,15816.616943429437,0.0
71211,0,1238849.3511050157,1390692.9447723236,1232463.3542304402,50000.0,16935.89567218743,0.0
71212,0,1238969.617440992,1390906.805000799,1232608.1697056722,50000.0,17466.658898792357,0.0
71213,0,1239430.616102796,1391180.2767707896,1233022.1928177995,50000.0,16475.116245343514,0.0
71214,0,1239312.5637862599,1391148.1266217374,1232925.947197895,50000.0,16938.07958385967,0.0
71215,0,1239259.4966852888,1390922.286014124,1232828.1155448223,50000.0,15972.885651313612,0.0
71216,0,1236793.837242625,1388918.2899539766,1230473.941722478,50000.0,18428.763106337454,0.0
71217,0,1239720.107811938,1391704.0755349472,1233373.097835032,50000.0,17813.524316101284,0.0
71218,0,1238119.3035060554,1389726.0628493642,1231669.8807583023,50000.0,15575.604437914239,0.0
71219,0,1237992.2644733835,1389510.35978825,1231519.568536576,50000.0,15080.486300761524,0.0
71220,0,1237999.5213348442,1389429.1079152855,1231504.0218720802,50000.0,14591.059414048528,0.0
71221,0,1237582.4417767818,1389170.1842989433,1231126.422545046,50000.0,15458.960559550744,0.0
71222,0,1237016.1451166754,1388573.6109124145,1230550.5303325637,50000.0,15300.929689638406,0.0
71223,0,1237519.228874867,1389005.8754412923,1231036.9316398825,50000.0,14901.002399264837,0.0
71224,0,1237360.9545222567,1389056.8064521623,1230932.1361014356,50000.0,16056.088255428911,0.0
71225,0,1237513.987944572,1388899.6245903827,1231005.6265691894,50000.0,14344.047177337348,0.0
71226,0,1237829.5517136788,1389631.4540423981,1231429.5849781528,50000.0,16646.84962876581,0.0
71227,0,1237790.399433127,1389700.4844568635,1231418.2470402294,50000.0,17244.85666468229,0.0
71228,0,1237297.047792345,1389342.0813275846,1230958.2087082996,50000.0,17984.790152251473,0.0
71229,0,1237266.4184611086,1389207.005190227,1230900.4968540117,50000.0,17407.675747457015,0.0
71230,0,1237121.3099063153,1388451.253416352,1230597.3523528639,50000.0,14047.113064896635,0.0
71231,0,1236421.9379573246,1387841.2298241223,1229918.8097011496,50000.0,14579.062132850286,0.0
71232,0,1236925.185484029,1388379.5702671646,1230432.6950766516,50000.0,14738.513451369688,0.0
71233,0,1236491.9731734884,1388008.4894356898,1230014.141424197,50000.0,15104.366129017795,0.0
71234,0,1236015.1036718714,1387500.1183617564,1229527.6408951175,50000.0,14975.073385088515,0.0
71235,0,1236039.1737304754,1387631.134425157,1229579.3770543651,50000.0,15553.868495171635,0.0
71236,0,1236486.0613037734,1388154.4732855908,1230047.4036657524,50000.0,15935.624521406886,0.0
71237,0,1236416.4773084943,1388180.1696798094,1230002.1954697268,50000.0,16461.731799194535,0.0
71238,0,1236658.612179157,1388542.9025901628,1230276.235486746,50000.0,17110.995996656915,0.0
71239,0,1236091.7324970597,1387942.4189205174,1229698.8902684443,50000.0,16960.166310812572,0.0
71240,0,1236585.5689211478,1388617.4009856456,1230241.079500398,50000.0,17925.164578506643,0.0
71241,0,1235968.838627612,1387913.4355665874,1229599.866262613,50000.0,17482.82220031618,0.0
71242,0,1236541.395857993,1387706.0742864632,1229973.0166984308,50000.0,13182.018143137491,0.0
71243,0,1236978.6733010598,1388220.2105459152,1230431.4795115085,50000.0,13569.090074432434,0.0
71244,0,1236331.4966875052,1387584.107254449,1229785.112930944,50000.0,13680.386302921848,0.0
71245,0,1237683.7132346814,1388895.5356285379,1231131.086598172,50000.0,13384.825494104509,0.0
71246,0,1236573.6406509557,1387902.9707550067,1230047.7965559864,50000.0,14076.140163908583,0.0
71247,0,1237815.362845092,1389118.864317112,1231286.7778392925,50000.0,13890.967598207491,0.0
71248,0,1235813.0547503887,1387075.3624611718,1229267.5316494524,50000.0,13795.234129417133,0.0
71249,0,1236072.354420658,1387429.5673206055,1229552.1153869918,50000.0,14275.591367120687,0.0
71250,0,1237277.6335881292,1388438.3192380564,1230710.550558308,50000.0,13111.901377360025,0.0
71251,0,1235642.0127165052,1387067.7805752617,1229138.0908666581,50000.0,14699.492582263028,0.0
71252,0,1235477.0667933498,1386994.88099851,1228996.3649506408,50000.0,15218.2301633601,0.0
71253,0,1235476.366568807,1387088.1298589671,1229019.9024942778,50000.0,15725.124267553549,0.0
71254,0,1235575.2567323248,1387292.560853472,1229146.3451095766,50000.0,16283.863509971905,0.0
71255,0,1235042.953538498,1386713.2049594123,1228600.2147167013,50000.0,16101.55156637198,0.0
71256,0,1235482.2841456323,1387293.256513307,1229077.263157782,50000.0,16802.33696984217,0.0
71257,0,1235008.1502153536,1386584.675832843,1228541.1135724774,50000.0,15604.397735597418,0.0
71258,0,1235424.396199258,1387329.5505434365,1229043.5172976996,50000.0,17319.761954786398,0.0
71259,0,1234927.9509136202,1386411.5473813834,1228436.6861023596,50000.0,15121.442859861501,0.0
71260,0,1235485.7283783099,1387483.3647899334,1229128.9364598554,50000.0,17815.627415906576,0.0
71261,0,1235946.9838825024,1387989.9060897892,1229603.3488620466,50000.0,18022.006430268106,0.0
71262,0,1235312.4759633618,1386670.8896198482,1228790.1443636352,50000.0,14387.059829768421,0.0
71263,0,1233752.0169289669,1385247.9365775117,1227260.2077346647,50000.0,15437.991708040468,0.0
71264,0,1233135.8343108587,1384683.2482743459,1226655.3571456985,50000.0,15867.938318632268,0.0
71265,0,1233407.6195368476,1385034.1163640744,1226948.4120382883,50000.0,16203.997846987957,0.0
71266,0,1232787.3621652334,1384428.0841024627,1226329.859669548,50000.0,16446.125048823727,0.0
71267,0,1233459.9052066917,1385185.4054443035,1227026.4197657064,50000.0,16706.89518059173,0.0
71268,0,1233559.0397515092,1385375.2791544504,1227149.2989593688,50000.0,17159.21916183122,0.0
71269,0,1234014.1205768061,1385720.4953765771,1227577.452398043,50000.0,16481.241483133035,0.0
71270,0,1233369.3121707612,1385278.9055300967,1226983.0843711847,50000.0,17692.55623608537,0.0
71271,0,1234095.4975422653,1385992.5766006948,1227708.3345393375,50000.0,17475.826330352247,0.0
71272,0,1234054.8416432687,1385662.131949364,1227592.7274792173,50000.0,15950.117661928709,0.0
71273,0,1234485.646723718,1386029.8698731228,1228008.622635011,50000.0,15526.975934577595,0.0
71274,0,1237910.1177830228,1389607.671098947,1231483.4670422769,50000.0,16071.343591927134,0.0
71275,0,1237300.6821769907,1389107.6251815208,1230900.3527966083,50000.0,16669.577228806655,0.0
71276,0,1234083.8409494753,1385884.5762476788,1227671.7571107026,50000.0,16966.322134937815,0.0
71277,0,1238401.3925155015,1388663.7715146628,1229625.1565534328,50000.0,8156.65945929078,0.0
71278,0,1241412.5512733536,1391316.3958967484,1231285.1463186315,50000.0,6864.838750212696,0.0
71279,0,1239147.4796332105,1388431.4743893465,1227447.718237429,50000.0,2806.5268527234607,0.0
71280,0,1240088.6745978142,1389648.9456165333,1229096.2910270349,50000.0,4541.583067359191,0.0
71281,0,1239838.2184135744,1389320.6634495363,1228645.0055544225,50000.0,4045.1257135840697,0.0
71282,0,1242383.6969551903,1392130.7173355964,1231701.0275451853,50000.0,6582.556077646366,0.0
71283,0,1239694.2450240897,1388963.7779471548,1227896.577185377,50000.0,2854.906450875321,0.0
71284,0,1239606.7103689222,1391498.6827782693,1233235.5830812296,50000.0,17287.50307714976,0.0
71285,0,1235933.7115854872,1388260.6034870255,1229663.458321418,50000.0,19578.49781234594,0.0
71286,0,1236471.1750461608,1388679.3944478855,1230171.9209209043,50000.0,18900.03471669457,0.0
71287,0,1235857.9092125471,1388096.1336407408,1229564.4834710127,50000.0,19097.32288198927,0.0
71288,0,1235699.2584294337,1387843.582426862,1229381.053121597,50000.0,18595.596780745487,0.0
71289,0,1236249.836394595,1388364.7124035791,1229925.752945625,50000.0,18397.003496862075,0.0
71290,0,1235022.4483195029,1387150.6188108465,1228697.9327999973,50000.0,18575.76644472419,0.0
71291,0,1235111.2321500678,1387354.8430325135,1228816.8464239805,50000.0,19192.37592585357,0.0
71292,0,1235301.1192985575,1387658.0146891784,1229036.6358292496,50000.0,19790.54633395331,0.0
71293,0,1235278.603533764,1387732.6087047916,1229039.1779764113,50000.0,20322.6458343902,0.0
71294,0,1234768.6183595918,1387222.062024508,1228527.4405618587,50000.0,20370.30944389185,0.0
71295,0,1235113.5760747886,1387707.8625284168,1228909.946166713,50000.0,21103.268285078564,0.0
71296,0,1234826.2102496866,1386869.7182637716,1228479.1914268485,50000.0,18142.78544874864,0.0
71297,0,1234647.1543770202,1386603.0676676882,1228276.9347384053,50000.0,17696.69929487486,0.0
71298,0,1234633.0510270735,1386488.6938197755,1228236.8842306468,50000.0,17160.670945812595,0.0
71299,0,1234549.6318825502,1386295.1357578204,1228124.7598143471,50000.0,16585.521116538708,0.0
71300,0,1234528.0886187877,1386190.5050859002,1228081.699581745,50000.0,16146.512398666237,0.0
71301,0,1235031.4302545264,1386824.0642403692,1228620.2500711267,50000.0,16761.46778960725,0.0
71302,0,1234375.9091082881,1386532.872326979,1228056.7969099665,50000.0,18818.802218092536,0.0
71303,0,1234497.8883033025,1386740.9862793556,1228201.4350739515,50000.0,19265.124793401796,0.0
71304,0,1234319.4770292658,1386387.4844763144,1227977.1900953152,50000.0,18349.882306719766,0.0
71305,0,1233812.4955457805,1385896.3017969893,1227472.6901886975,50000.0,18522.56964894713,0.0
71306,0,1234027.0036627895,1386020.71713121,1227664.5915072847,50000.0,18003.044719311252,0.0
71307,0,1235405.6917005896,1388071.0815811958,1229221.3948651883,50000.0,21469.256125262826,0.0
71308,0,1234269.3618955973,1386597.3285796468,1227994.1404772748,50000.0,19755.221490164124,0.0
71309,0,1235668.5231258539,1388257.0680977174,1229465.153196126,50000.0,21030.424713647677,0.0
71310,0,1235782.9768213963,1388290.4052712717,1229558.966736779,50000.0,20578.257330755194,0.0
71311,0,1236621.7919631146,1389087.2251232648,1230389.5501691678,50000.0,20313.617694115095,0.0
71312,0,1237303.0293906284,1389784.0038744553,1231076.9497429049,50000.0,20397.659675139552,0.0
71313,0,1236493.9755486706,1389107.253697026,1230299.6050241576,50000.0,21132.508074311823,0.0
71314,0,1236939.6537075473,1389625.0409817493,1230765.3567412384,50000.0,21527.059268202956,0.0
71315,0,1236983.417394638,1389354.006028564,1230727.770133791,50000.0,19785.11584642701,0.0
71316,0,1237002.3839386888,1389768.9904733866,1230849.3224331064,50000.0,21977.2811182685,0.0
71317,0,1237419.4780777453,1390006.0530011354,1231221.099314395,50000.0,20985.24979196533,0.0
71318,0,1233890.663443363,1386094.592543128,1227582.1629468678,50000.0,19149.405613177187,0.0
71319,0,1236146.9679043936,1388589.1313967546,1229907.2110006337,50000.0,20200.649162791742,0.0
71320,0,1236580.219468825,1388911.128279229,1230313.039539899,50000.0,19572.409701421348,0.0
71321,0,174992.55270136186,263888.04051041236,243200.69009810168,50000.0,6899.522062117075,0.0
71322,0,174906.21882364326,263877.78474635835,242915.53267837013,50000.0,6581.605279776805,0.0
71323,0,171968.119303584,260656.92254363163,241814.72431120495,50000.0,5400.47802697064,0.0
71324,0,162074.85930248428,253165.15838717297,228035.58706877887,50000.0,9491.526673679642,0.0
71325,0,161672.0997875603,252818.2454104908,227602.9558140228,50000.0,9940.533519030756,0.0
71326,0,162482.5441558478,253518.35093685344,228466.9514608205,50000.0,9040.639591792973,0.0
71327,0,164516.6769104313,238755.385481495,268376.4145169313,50000.0,21141.418844901604,0.0
71328,0,164412.53595003774,238751.2853643577,268134.01571833744,50000.0,20887.42707731139,0.0
71329,0,164311.14077168083,238751.43186207404,267890.6693317184,50000.0,20633.063741494883,0.0
71330,0,164228.9839032826,238767.54382773186,267666.2100079161,50000.0,20398.254006110314,0.0
71331,0,159334.88405542876,233773.950729219,264348.64306512306,50000.0,17720.194184005766,0.0
71332,0,159685.56815457167,234058.86096609896,264706.18320195307,50000.0,18038.777631343215,0.0
71333,0,160028.86588987836,234334.3421028318,265062.08158721385,50000.0,18360.325883756694,0.0
71334,0,200454.46766521866,294400.7661390629,242417.14959970483,50000.0,3405.4791920438106,0.0
71335,0,200568.27668206824,294467.1728114977,242699.03878394573,50000.0,3413.0587360539334,0.0
71336,0,200755.75724477225,294588.2361490853,243112.23408387616,50000.0,3499.833529665582,0.0
71337,0,200662.33531468408,294437.0706761913,243293.02404065029,50000.0,3361.5823115161706,0.0
71338,0,201041.25721807536,294776.9441409792,243720.6188087641,50000.0,3732.295123117418,0.0
71339,0,201083.88683995252,294874.45483699464,243517.54677969855,50000.0,3792.834567681923,0.0
71340,0,338933.8599605647,516500.01065553876,331230.01226320816,50000.0,33750.56902643482,0.0
71341,0,381621.77466859523,505006.306959874,359239.79825940303,50000.0,43620.36621272638,0.0
71342,0,380758.311027031,503650.8716069633,358220.61811785767,50000.0,44481.08732272907,0.0
71343,0,381486.2110999396,504080.75013194507,358895.1417804906,50000.0,43758.55144371186,0.0
71344,0,380923.5346522655,503610.0468631709,358337.8907101077,50000.0,44321.15705351359,0.0
71345,0,452326.6705559348,571822.1964450404,430921.3580677164,50000.0,13489.35797264554,0.0
71346,0,452745.9447526016,572340.7313976523,431375.38566809794,50000.0,13648.465681566071,0.0
71347,0,452322.34317906265,571511.333893053,430840.4453593472,50000.0,12896.863685901906,0.0
71348,0,688316.974173346,779651.3362382225,570424.095311389,50000.0,26244.26870245583,0.0
71349,0,734494.2574078217,843432.4169902774,700734.4437623239,50000.0,17283.43246863276,0.0
71350,0,734845.373598822,843701.3277371003,700769.76042417,50000.0,17577.020674698873,0.0
71351,0,735245.9013771398,843959.2844485425,700685.5374348457,50000.0,17884.75277501735,0.0
71352,0,735523.3697538526,844182.9049124137,700741.9062934767,50000.0,18131.719725133054,0.0
71353,0,735635.7165816217,844176.6109313945,700517.5179328307,50000.0,18175.662260562334,0.0
71354,0,646041.64921019,742352.7637903066,605782.7396337497,50000.0,21905.782912349398,0.0
71355,0,565963.0642217696,662229.8773566947,548748.3481408089,50000.0,32074.595797091006,0.0
71356,0,565867.0522631927,662596.653809014,546008.1378297264,50000.0,34157.23795552478,0.0
71357,0,438235.3489912479,535723.2734369462,421875.9244357881,50000.0,32910.14715589368,0.0
71358,0,438391.1746553056,535861.0895592661,422136.18964732037,50000.0,32569.161985304556,0.0
71359,0,444917.3672255853,542058.6440094826,430224.3819138992,50000.0,24280.171432452287,0.0
71360,0,446879.4853336203,543967.8774489394,432358.4202127769,50000.0,22498.410929689122,0.0
71361,0,438442.7766384115,535806.0066162474,422872.5932250707,50000.0,31100.34955400484,0.0
71362,0,476791.1221630775,572738.5690119595,466656.43826192257,50000.0,17666.813678098002,0.0
71363,0,476560.0493931105,572481.8673514016,466581.70723679103,50000.0,17409.910796788816,0.0
71364,0,476329.70839512016,572225.7814459805,466507.97040093626,50000.0,17162.78379695052,0.0
71365,0,469057.4505692295,565880.3900246437,454469.5081686379,50000.0,18262.386246495855,0.0
71366,0,469453.46018470946,566228.6495117485,455122.13037102506,50000.0,17824.979008021925,0.0
71367,0,469028.6321785628,565821.8218535508,454620.7054160447,50000.0,17821.641649646946,0.0
71368,0,469482.20906583214,566287.5142469368,454969.0497221819,50000.0,18262.777668470444,0.0
71369,0,475858.3561544042,572438.0999300191,462221.04246963485,50000.0,20288.76395459017,0.0
71370,0,475626.0098113582,572229.4848985393,461866.595513056,50000.0,20323.21144532817,0.0
71371,0,476065.2242134545,572675.2236231716,462236.67448585987,50000.0,20754.205279809692,0.0
71372,0,407350.6003868133,501899.8649425148,410153.088706438,50000.0,16893.719679242324,0.0
71373,0,406684.9756946113,501337.8195125936,409045.1799349774,50000.0,15677.88572637988,0.0
71374,0,328581.82305423415,426092.92038547486,324019.0063271927,50000.0,34004.66511520217,0.0
71375,0,328221.0312844654,425737.0532234899,323677.5804195995,50000.0,33847.20931336603,0.0
71376,0,327842.98229079216,425365.33538371377,323312.18289007834,50000.0,33670.49220701271,0.0
71377,0,415765.1126353138,512881.07588773035,403728.95794593694,50000.0,20547.250496457964,0.0
71378,0,415144.14816867386,512280.5056215623,403037.65072779864,50000.0,20606.237997828604,0.0
71379,0,415113.10805804946,512213.62128752226,403233.01657870354,50000.0,20059.348799722997,0.0
71380,0,414812.4119602524,511888.6334566619,403110.93024533207,50000.0,19583.37455091732,0.0
71381,0,413837.12608024996,510906.19566273456,402269.98694101046,50000.0,19128.39314073371,0.0
71382,0,414178.9378847674,511277.81965018273,402395.0415590703,50000.0,19693.799625926837,0.0
71383,0,413537.49862381694,510670.0418155985,401603.0001424147,50000.0,19995.112509709033,0.0
71384,0,413058.4050900664,510185.217136218,401204.1058812631,50000.0,19764.075055620488,0.0
71385,0,412895.0806947509,509984.54963302735,401288.6006137252,50000.0,19144.876135377817,0.0
71386,0,375784.7955556641,470480.9734666784,381134.52154844085,50000.0,17607.46446474802,0.0
71387,0,376044.19470310514,471067.4423661064,379733.07683840534,50000.0,15708.801034057167,0.0
71388,0,376199.89967154193,471248.91301544005,379740.9735547505,50000.0,15460.473538060796,0.0
71389,0,378738.49914470804,471427.7644845158,392940.2151525819,50000.0,33589.07216022787,0.0
71390,0,379143.082639232,471806.2246905789,393411.94413044816,50000.0,33697.80717800713,0.0
71391,0,379551.77206142823,472201.65164701623,393832.53178297024,50000.0,33684.92572393253,0.0
71392,0,380027.0748115626,472676.924712189,394256.24218304903,50000.0,33524.44193339082,0.0
71393,0,378884.4401779429,471519.1950964001,393302.3417542501,50000.0,34068.53942620687,0.0
71394,0,379335.6418603024,471947.09712169436,393803.2768077653,50000.0,34137.58372761838,0.0
71395,0,379761.5488671102,472373.0536581618,394182.58303598635,50000.0,33992.088899004404,0.0
71396,0,419608.1676142447,514848.568108055,417807.08860924974,50000.0,13596.343757113118,0.0
71397,0,418743.9226720187,513968.95849401836,417100.46630909824,50000.0,13030.637213041253,0.0
71398,0,418599.2534781735,513677.51441878814,417719.2660428019,50000.0,14186.02754806977,0.0
71399,0,418569.99887446285,513613.67305917124,417868.1303240174,50000.0,14483.624495515762,0.0
71400,0,419518.3652084155,515387.3420708397,414395.714616434,50000.0,11144.646820035054,0.0
71401,0,419798.2268637434,515689.2962687062,414529.671359227,50000.0,11451.778270803574,0.0
71402,0,358902.5448295667,433410.3302517177,277188.60575941193,50000.0,40078.18654881989,0.0
71403,0,358982.25130825513,433552.3631687372,277539.6603076435,50000.0,39704.85360185867,0.0
71404,0,356666.9031963864,431140.1315614001,277131.19268947426,50000.0,40802.64068908193,0.0
71405,0,353332.3547618388,426973.2416932698,272751.9872403549,50000.0,46366.21299429,0.0
71406,0,357579.01337767974,431892.2559161335,276165.7221235417,50000.0,41479.933639297895,0.0
71407,0,357342.2188245574,431580.2616056483,275756.73546378803,50000.0,41961.1216532784,0.0
71408,0,349358.8988625413,424029.7811434254,278808.6763021921,50000.0,40559.00651190745,0.0
71409,0,348770.3951241897,423430.24609354336,278800.84369226027,50000.0,40384.47372993103,0.0
71410,0,347923.5506491168,422565.3331953202,278780.0919508238,50000.0,40158.38934622623,0.0
71411,0,347358.9926975329,422103.77408105327,279402.4042750046,50000.0,39435.818562375374,0.0
71412,0,347274.02819864254,421924.6498220792,278891.330862351,50000.0,39881.68746923704,0.0
71413,0,346338.16808973753,420985.8717773294,278967.95947673573,50000.0,39578.406161893196,0.0
71414,0,356324.4684386176,431103.93800287816,278890.26259188,50000.0,39168.98386294409,0.0
71415,0,359860.3110773837,434590.8177002828,278411.29718697,50000.0,38605.99862987997,0.0
71416,0,356662.4521799894,431446.99404336495,278898.2882174276,50000.0,39046.37663713684,0.0
71417,0,398635.02542848064,473048.0361952746,277175.2102804614,50000.0,50686.98337040197,0.0
71418,0,397141.9116342635,472962.54181771143,286036.3241861602,50000.0,43381.86349615975,0.0
71419,0,372621.0041171726,444015.1658931972,258769.42699110843,50000.0,57283.070978499716,0.0
71420,0,421308.7252568494,502663.39480841084,328865.37121971376,50000.0,35283.406152298834,0.0
71421,0,420650.6102260448,501994.0140821051,328617.3842493881,50000.0,35851.64508046857,0.0
71422,0,420037.99013693,501372.50922358845,328399.8185781372,50000.0,36375.38238770601,0.0
71423,0,421281.22719396756,502560.9919425689,328297.4083665115,50000.0,35699.87000746986,0.0
71424,0,420692.88726460387,501961.6247420318,328069.1883220544,50000.0,36208.67679049134,0.0
71425,0,420148.16194064816,501405.96172915347,327853.49490169296,50000.0,36685.91555607482,0.0
71426,0,419289.276542524,500611.5455497815,328125.1913467428,50000.0,37026.4882332226,0.0
71427,0,419676.38470621675,500925.04855637025,327670.0234756684,50000.0,37099.21424196776,0.0
71428,0,397278.2610626378,478469.98965407,322542.81249265524,50000.0,31637.395766249338,0.0
71429,0,397142.412211571,478259.40155816614,321984.1307517499,50000.0,31425.80961730649,0.0
71430,0,397964.8427921098,479018.07122752443,321672.8793894956,50000.0,32191.18720995347,0.0
71431,0,397738.2536252265,478728.46106740524,321182.7820085866,50000.0,31913.337423937955,0.0
71432,0,396894.6824181082,477925.4852104975,321325.5764653509,50000.0,31100.744505736217,0.0
71433,0,396353.57011859893,477369.248981953,321124.61926153157,50000.0,30546.42265932115,0.0
71434,0,396702.5482077933,477641.7254444061,320639.73993610404,50000.0,30838.483630979186,0.0
71435,0,395980.0983504008,476919.3060858364,320517.047125812,50000.0,30114.538338896506,0.0
71436,0,369849.60624442773,448042.190149879,299263.0735525135,50000.0,17107.397393039988,0.0
71437,0,370511.02784074104,448662.0389665718,299028.9501815046,50000.0,17484.38923875241,0.0
71438,0,371061.9654536801,449213.42071387277,299056.9171226205,50000.0,17601.630666142137,0.0
71439,0,371351.1606312718,449426.8576078167,298590.0493185784,50000.0,18126.675871970583,0.0
71440,0,371913.3609446202,450003.75450639275,298709.9179927124,50000.0,18182.798263461085,0.0
71441,0,372402.09315752564,450402.7809447124,298164.3299990565,50000.0,18852.14546841793,0.0
71442,0,372939.4023162286,450913.61277269316,298022.7930877089,50000.0,19168.64263589233,0.0
71443,0,373395.75236169115,451310.1614888322,297666.0390443586,50000.0,19663.303925925753,0.0
71444,0,364035.9310749347,441519.4375575531,294682.5434374303,50000.0,21502.592240218437,0.0
71445,0,363960.66424660484,441374.5220059936,294254.33637538913,50000.0,21941.1141542739,0.0
71446,0,363587.76833156776,440961.467564562,294004.9014129969,50000.0,22244.329719626992,0.0
71447,0,364160.37809222314,441499.10149869305,293795.871145143,50000.0,22373.976865393975,0.0
71448,0,363813.42741861043,441094.3639557952,293439.3260608161,50000.0,22776.895374468964,0.0
71449,0,364489.8933110745,441760.7997556008,293383.7420807753,50000.0,22748.313663598037,0.0
71450,0,368043.601226765,446494.9335660435,300824.7009345851,50000.0,15279.730074386765,0.0
71451,0,368597.8306353087,447036.4638326943,300767.60185257735,50000.0,15410.05719724886,0.0
71452,0,369148.19576528715,447558.1541310995,300609.769981943,50000.0,15657.705912426993,0.0
71453,0,369471.94652414706,447806.3211314553,300144.705804499,50000.0,16173.417364356097,0.0
71454,0,455904.2715808995,536116.4336078212,330290.2082108813,50000.0,32493.774383108637,0.0
71455,0,456091.03732489183,536322.3242673291,330499.77255925664,50000.0,32391.03968488669,0.0
71456,0,455896.5470813558,536147.0216306557,330582.2433740092,50000.0,32198.85770656837,0.0
71457,0,456094.31354288576,536286.8648287192,330203.0380641404,50000.0,32687.74792751763,0.0
71458,0,456288.9929482403,536500.6267146914,330414.97189815453,50000.0,32588.28790969715,0.0
71459,0,407274.5800790381,484612.98481668223,297383.47510248685,50000.0,45940.84016838419,0.0
71460,0,411596.6462522727,488274.8841521496,293603.5237725079,50000.0,51633.98216528386,0.0
71461,0,423011.7794925412,500387.5487644724,300504.02493354277,50000.0,58855.94515290864,0.0
71462,0,411056.61004191363,487060.09342309035,288989.69256678195,50000.0,53335.26873948082,0.0
71463,0,436264.1727211532,515701.5060867109,318490.4465685717,50000.0,39589.39890706524,0.0
71464,0,556570.5677168616,636682.9367609643,375348.4584859891,50000.0,24231.962478367404,0.0
71465,0,520525.79335863964,593800.3509566876,304052.2346309264,50000.0,53987.158696109596,0.0
71466,0,520749.909598676,594011.0114426913,304058.8389264993,50000.0,54034.49933744618,0.0
71467,0,556846.6510558319,636951.2947721336,375440.25619995047,50000.0,24472.552923006046,0.0
71468,0,556361.2656500865,636488.5184331187,375353.0868812857,50000.0,24079.665661406823,0.0
71469,0,521678.8193157121,598983.6458563523,334735.3547097995,50000.0,22320.53674716243,0.0
71470,0,508466.12916504324,583032.6942372759,308042.76951251266,50000.0,49141.01931156951,0.0
71471,0,508458.99840682495,583057.478806565,308274.17841857485,50000.0,48922.62694670258,0.0
71472,0,556754.8740017132,635260.396389907,362453.84237142303,50000.0,23872.059547457033,0.0
71473,0,571147.8645362892,649564.3494771823,369979.1967488806,50000.0,37944.79833375761,0.0
71474,0,573943.8266677647,653836.1194334871,383570.74720243196,50000.0,40784.972734015755,0.0
71475,0,574017.8230427104,653888.7469701691,383439.18450687506,50000.0,40823.31602644396,0.0
71476,0,574092.0155281223,654000.9035082487,383794.7887662987,50000.0,40960.28720598214,0.0
71477,0,520979.59723292047,598181.0022572008,333602.2975148257,50000.0,23473.45734998292,0.0
71478,0,521027.629630874,598188.3551361971,333312.3156356268,50000.0,23740.08262466208,0.0
71479,0,521065.70477425866,598189.6534494625,333047.7562717207,50000.0,23985.85997288521,0.0
71480,0,520804.4406815463,597946.6537214336,333062.9284443005,50000.0,24002.23492223245,0.0
71481,0,520547.0346097957,597707.9951211461,333083.8265499591,50000.0,24016.625803802963,0.0
71482,0,514277.16773471254,587644.1461401004,301866.7534337664,50000.0,55241.77734930626,0.0
71483,0,514491.96346202574,587893.4877073661,302213.7222683773,50000.0,54904.02046561367,0.0
71484,0,508084.6422577884,582670.5318580415,308017.7196611059,50000.0,49212.37656044234,0.0
71485,0,537108.6278197129,611609.7543217645,321147.8176147638,50000.0,42143.1566264263,0.0
71486,0,537089.6713304437,611574.8755530167,321019.8401343709,50000.0,42274.07109056954,0.0
71487,0,575581.8813666437,655041.1896022843,381002.29739448713,50000.0,41904.870028749436,0.0
71488,0,575653.1654390298,655063.2743799714,380644.1756245755,50000.0,41943.46109158333,0.0
71489,0,580666.3540478828,658706.7401458233,372633.5577700291,50000.0,47867.70624772829,0.0
71490,0,555294.337187148,631031.542953676,340092.280648391,50000.0,37807.4418096509,0.0
71491,0,555097.5854289393,630881.4367447639,340338.89096511254,50000.0,37369.27319044016,0.0
71492,0,579633.0208656833,659034.3215713778,382951.7086986544,50000.0,45923.03628319777,0.0
71493,0,577710.2543568026,656314.3712735232,375359.77779251017,50000.0,44158.701393973155,0.0
71494,0,557783.5886893203,636238.1847153344,362623.8726716063,50000.0,24975.36929578028,0.0
71495,0,326895.9289528825,399447.54311820277,271112.95583030826,50000.0,48873.64775777064,0.0
71496,0,327976.7515993729,400096.6281174564,268778.4712034184,50000.0,50959.97843376154,0.0
71497,0,328054.0339838506,400101.9893377443,268412.4052790454,50000.0,51319.73973243757,0.0
71498,0,171478.62031071345,261526.60163201962,237353.55912010153,50000.0,968.1967144940738,0.0
71499,0,171685.26665710134,261697.49747278067,237600.51890029662,50000.0,1183.8372419214945,0.0
71500,0,169893.1900877202,259862.8372721398,236574.66824463845,50000.0,1886.4841341288234,0.0
71501,0,169288.319737148,259264.87910544968,236163.2002145977,50000.0,2347.758532916974,0.0
71502,0,168962.9269706596,258998.51315381177,235768.752411882,50000.0,2486.7865322025605,0.0
71503,0,162004.2339654729,243917.83338957146,252120.10598960408,50000.0,8612.771144292557,0.0
71504,0,159901.37713674817,245146.49607652958,243121.03928155682,50000.0,8401.880804174638,0.0
71505,0,159692.8514975441,244995.43672509983,242845.19119442237,50000.0,8370.68121389481,0.0
71506,0,194832.88029030166,276839.47050654923,275096.27774451615,50000.0,3409.141477726568,0.0
71507,0,201025.1654245483,281721.1269981687,282658.1886789583,50000.0,10925.451736628314,0.0
71508,0,200525.71696527567,281233.0853476923,282258.7589409426,50000.0,10548.800405862532,0.0
71509,0,200802.44450281668,281392.10048547684,282727.1494748754,50000.0,11033.06541871653,0.0
71510,0,199686.51014965863,281024.4467365401,280216.2446758884,50000.0,8479.540628302966,0.0
71511,0,189549.57575662588,283616.5447671238,234507.08388932908,50000.0,7845.359963044271,0.0
71512,0,189367.33626256743,283426.84674441366,234417.7508336253,50000.0,8016.845220256373,0.0
71513,0,160322.59915439575,245929.71558243647,242506.55119674923,50000.0,9666.490958076161,0.0
71514,0,165565.8674811906,259352.58111570345,220403.7029046481,50000.0,15059.643725544498,0.0
71515,0,193918.63760085223,262980.3156944277,298795.7442417655,50000.0,46533.873345576925,0.0
71516,0,206426.80875725741,273725.5467274167,307672.62852771825,50000.0,53708.94568371172,0.0
71517,0,206491.45683390732,273867.93023316056,307789.8137855939,50000.0,53495.665340462336,0.0
71518,0,234102.66083596513,331570.9697132721,248173.75277651634,50000.0,10003.625374608044,0.0
71519,0,234574.77612204588,332081.6706299171,248275.1551078544,50000.0,9680.602338943032,0.0
71520,0,234669.54812802345,332122.88708422816,248689.19458164254,50000.0,9425.154387171357,0.0
71521,0,229549.9584220059,326559.4459862303,247666.25757975367,50000.0,9891.126036602438,0.0
71522,0,229553.76994222894,326464.8050633012,248256.5341773133,50000.0,9219.581112738671,0.0
71523,0,229536.78983324382,326482.4929638825,248038.0492268165,50000.0,9460.427120450544,0.0
71524,0,229966.41599774398,326857.1372766183,248679.73140957748,50000.0,8811.736783428625,0.0
71525,0,274993.27319424093,387676.73827101843,245021.37967291192,50000.0,7742.264136767453,0.0
71526,0,273104.6682518406,422114.25641583145,253386.32380044158,50000.0,17009.842036612947,0.0
71527,0,352996.8975523725,540805.6510393842,349230.0490661474,50000.0,24052.557542353232,0.0
71528,0,353423.46301327314,541376.8497909303,349718.8383471357,50000.0,23869.60422334479,0.0
71529,0,353427.70793754567,541232.4178393325,349670.89639791875,50000.0,23714.77330361209,0.0
71530,0,353209.3112096552,541170.7250321513,349501.82553012675,50000.0,24041.436262816365,0.0
71531,0,353180.6504130796,540998.5872909151,349421.92242425156,50000.0,23918.908199126352,0.0
71532,0,352955.40234189614,540681.9045390427,349158.5224882118,50000.0,24004.83340342532,0.0
71533,0,354077.7232593612,536467.1666229255,348459.25405712455,50000.0,19376.7681154129,0.0
71534,0,360399.76987567014,500714.29948104033,341892.126619957,50000.0,21882.40910509974,0.0
71535,0,365568.4004339348,499025.88023771055,345333.42967006145,50000.0,32732.045730651684,0.0
71536,0,365989.38207335665,499538.91165947955,345793.88858962874,50000.0,32844.14888594889,0.0
71537,0,468274.6629431026,589685.0419901481,447714.61079107336,50000.0,22810.877652264975,0.0
71538,0,467802.8151182168,589170.964078021,447221.7110538439,50000.0,22808.688640960063,0.0
71539,0,467375.49220059183,588723.6116559852,446779.86980091926,50000.0,22852.095461481404,0.0
71540,0,374490.609452871,527045.3992510312,359970.90030199016,50000.0,35042.75819890735,0.0
71541,0,374432.5494673265,526764.4787863351,359845.2191571115,50000.0,34819.66040525608,0.0
71542,0,381500.5686283372,531844.6068837874,366539.36786501214,50000.0,40890.94544662298,0.0
71543,0,381518.4878316152,531735.7086839874,366520.80687991343,50000.0,40842.33407304541,0.0
71544,0,381288.38994888257,531610.5795404669,366314.58693859586,50000.0,40659.36654613359,0.0
71545,0,376465.4512825835,530091.8989954904,362322.12652261386,50000.0,37905.9831019431,0.0
71546,0,376015.05155491806,529907.6299724639,361937.4494231898,50000.0,37666.41775549691,0.0
71547,0,376662.27304666775,530504.0789459165,362588.71887705143,50000.0,38284.76891818239,0.0
71548,0,376299.8938831012,530336.1301121386,362273.43025447906,50000.0,38078.49031985244,0.0
71549,0,374895.3577978408,525822.0879401951,359908.13428510167,50000.0,34371.97670325303,0.0
71550,0,377617.2656261615,530536.8518941182,363298.5392435953,50000.0,38532.40447729304,0.0
71551,0,377268.9960544862,530259.9949394864,362961.1076782754,50000.0,38228.50153099258,0.0
71552,0,378869.1442294688,533528.7311252875,365103.5163589266,50000.0,41232.258385346126,0.0
71553,0,379036.88939817465,533949.160796387,365351.4320513766,50000.0,41625.92751784721,0.0
71554,0,379533.92718110443,530121.9581281679,364586.10516838974,50000.0,38985.676835340106,0.0
71555,0,379191.5695780811,529631.1818907999,364190.21353777713,50000.0,38549.06365844373,0.0
71556,0,327659.5282783108,475028.7574852119,309990.2137297143,50000.0,11151.267002782764,0.0
71557,0,327699.7531437724,475432.92650818266,310140.0754565,50000.0,10788.388064525587,0.0
71558,0,329004.0762802593,476128.1125647951,311315.0854992993,50000.0,10037.07941071722,0.0
71559,0,328583.3625682937,475875.07821902784,310927.5013964939,50000.0,10290.439752183149,0.0
71560,0,299398.19446076,399615.6540253376,275953.8560853738,50000.0,11922.945754593326,0.0
71561,0,299809.0107377471,400035.405037262,276182.86455509486,50000.0,12084.385232586135,0.0
71562,0,301878.4750260692,416661.39542566607,273986.426599756,50000.0,966.645067310218,0.0
71563,0,407271.18247301405,531480.3297601274,385885.48427868565,50000.0,20662.13254951185,0.0
71564,0,408875.64503349597,529572.4453809105,386636.5626017385,50000.0,16799.845942480002,0.0
71565,0,406924.8356194468,530747.1569420147,385429.44453923363,50000.0,20557.91908303422,0.0
71566,0,407453.8899375216,530406.3904993668,385750.0072852771,50000.0,19417.424146610763,0.0
71567,0,409331.008665156,530081.4580127925,387118.6315025106,50000.0,16413.832542453427,0.0
71568,0,412786.5828633769,534103.5556481316,390816.4863614968,50000.0,13894.340380426962,0.0
71569,0,450975.5707933237,565369.4859666169,428277.2387702336,50000.0,3745.1114571670355,0.0
71570,0,450855.6823935542,565203.8070638621,428143.245712876,50000.0,3584.369422414339,0.0
71571,0,440579.93289664015,554291.1026580569,417456.6777732653,50000.0,5921.359847328462,0.0
71572,0,442071.73380400694,553964.3456295456,418543.520224998,50000.0,3227.2206272034655,0.0
71573,0,444167.0603645581,553313.2486277934,420029.7885965225,50000.0,4678.371179756185,0.0
71574,0,444341.92034225294,553528.873766786,420218.83517598093,50000.0,4515.190210019717,0.0
71575,0,444430.1605144307,553664.8481275811,420320.7441009786,50000.0,4381.530511600447,0.0
71576,0,329665.89791444025,496751.5802443449,318186.3696340742,50000.0,30274.51263906236,0.0
71577,0,372212.78409705963,515925.4727826048,355056.574188497,50000.0,30041.484743519643,0.0
71578,0,346680.9683873626,492043.96976878046,329139.1418302015,50000.0,8419.069283134006,0.0
71579,0,350658.6178496453,483873.7158818824,329828.2542575816,50000.0,27240.323818502595,0.0
71580,0,413955.56204221986,571082.4910873475,401856.48790230585,50000.0,44534.14037567005,0.0
71581,0,414124.25835554575,571016.7173493658,401959.86108593474,50000.0,44580.84714174663,0.0
71582,0,414176.89239673474,573174.4290685424,402639.62661718315,50000.0,42767.96880467077,0.0
71583,0,414496.8892754071,573602.1562673718,402999.5041510413,50000.0,42362.169088542236,0.0
71584,0,414436.04833796964,573370.959537969,402886.3222564269,50000.0,42548.64068159621,0.0
71585,0,387885.0475841102,518610.3356341814,367634.859615822,50000.0,41029.79744833405,0.0
71586,0,376286.54089881945,505600.9496156449,355291.208940498,50000.0,43736.815694296485,0.0
71587,0,396752.9891231414,521631.6709226818,375231.9409327527,50000.0,29674.620922383012,0.0
71588,0,384094.303362925,512423.9354952508,363088.3404586687,50000.0,42603.56596724536,0.0
71589,0,379061.9827456558,513792.1712566451,359618.06345013634,50000.0,40625.51501359645,0.0
71590,0,391215.15151932806,518218.19803240866,370080.91701263573,50000.0,35677.662404856936,0.0
71591,0,391251.95721949067,518158.76489275665,370093.5755566752,50000.0,35589.79951009061,0.0
71592,0,385007.4568719591,509808.22861042403,363102.84674066276,50000.0,40480.497668303724,0.0
71593,0,384580.6289603392,510493.9687194311,362953.3338682577,50000.0,41175.72787004767,0.0
71594,0,384591.6643172341,510616.70250929956,362994.004718567,50000.0,41200.25890320421,0.0
71595,0,377336.0859147042,506593.1520123094,356359.7458626766,50000.0,44458.508013513056,0.0
71596,0,394500.30939356727,530245.6458044287,375803.48389553255,50000.0,42328.47558484722,0.0
71597,0,394465.92499271774,530383.5922736569,375815.0605639612,50000.0,42584.091770206665,0.0
71598,0,407671.6730571294,524973.2090471127,384541.08963620156,50000.0,17838.639706767066,0.0
71599,0,407083.07797226886,525658.2172185109,384255.29274978786,50000.0,18172.103222815553,0.0
71600,0,413176.67917608726,530549.8666781755,390222.5875893527,50000.0,12140.22229361192,0.0
71601,0,391889.8075059002,517289.8317276321,370356.68678694114,50000.0,34253.827929784624,0.0
71602,0,397832.8158979089,517277.40105302836,374949.502003806,50000.0,27467.80350802292,0.0
71603,0,397515.2459838959,517126.9054936885,374664.67334144184,50000.0,27770.26016388941,0.0
71604,0,397014.1593133616,516701.78068021435,374167.61713285145,50000.0,28270.708589403504,0.0
71605,0,391207.6228799457,515829.6083919248,369450.88136423926,50000.0,34572.37228849864,0.0
71606,0,412738.939918144,529058.5702794828,389509.3756894213,50000.0,12994.009151770892,0.0
71607,0,399923.7815721489,519959.9662932108,377253.82840940915,50000.0,25312.91099975554,0.0
71608,0,400139.8163161868,520315.8694788249,377511.89917616465,50000.0,25097.61669233367,0.0
71609,0,411173.7670992802,529565.0558338686,388417.87325358734,50000.0,14062.678712513134,0.0
71610,0,408646.64126493735,528127.2822868685,386092.7358024966,50000.0,16647.48523733461,0.0
71611,0,433185.9787505383,533619.1784912175,406709.29895495024,50000.0,27326.130471558143,0.0
71612,0,430271.5690124941,531758.7411853316,403960.47776530235,50000.0,27652.67838345463,0.0
71613,0,432534.4493877774,535090.3018393418,406533.9221345149,50000.0,24191.605857585982,0.0
71614,0,421424.18587072217,525784.15455775,395540.960342563,50000.0,24330.095912684497,0.0
71615,0,439746.51657440414,551583.0190970444,416145.46349846997,50000.0,5543.6962836517405,0.0
71616,0,439839.6566001689,551614.7987130075,416226.103636662,50000.0,5458.270431641839,0.0
71617,0,439682.0221625829,551450.3013707127,416062.76844916126,50000.0,5620.349287351502,0.0
71618,0,439559.12345820287,551310.6880136486,415932.6670432541,50000.0,5749.222325984158,0.0
71619,0,428641.1067167932,529212.0175322733,402072.49000613176,50000.0,29526.66554631326,0.0
71620,0,413359.831083013,511772.8872284735,392697.92677173635,50000.0,41668.24047086408,0.0
71621,0,413678.50453557173,512074.4280738842,393116.1037294412,50000.0,41410.268601579264,0.0
71622,0,414301.7817362776,512889.57117596694,392219.26727392484,50000.0,45189.06630117413,0.0
71623,0,414139.23133910436,512702.61646766873,392260.4327269167,50000.0,44684.06218810267,0.0
71624,0,413735.08178174664,512288.6999128536,391968.4974834248,50000.0,44414.23091252693,0.0
71625,0,418739.47083676583,517117.1670978111,397856.19223557034,50000.0,42388.625983741425,0.0
71626,0,419312.12835292536,517996.14550667495,396026.6753285154,50000.0,43208.34390753464,0.0
71627,0,429020.49500136194,527849.0428098905,403738.91116097785,50000.0,35142.028047697386,0.0
71628,0,428100.43040758645,526723.1015371603,404532.63960827806,50000.0,38681.89556285986,0.0
71629,0,428088.57955394563,526727.7231183049,404393.25880727865,50000.0,38459.136525451344,0.0
71630,0,428882.01784463105,527885.2707621413,402170.2922847319,50000.0,32883.45801850473,0.0
71631,0,430445.60864816094,529373.827095267,404228.13132905215,50000.0,32675.99277967731,0.0
71632,0,425552.33726076013,525012.2358107064,398640.93083439325,50000.0,32191.923738811005,0.0
71633,0,425336.7670344325,524698.6080399714,398396.68858448445,50000.0,32428.244888406134,0.0
71634,0,425201.5578298873,524772.2384821146,398305.9271734405,50000.0,32070.906087809526,0.0
71635,0,436945.3558930831,535626.8179042125,412180.2274989808,50000.0,31693.661370175465,0.0
71636,0,393140.1874517829,492456.43794916576,366972.9040363321,50000.0,50063.13192162213,0.0
71637,0,389213.81499776745,495914.92020899424,362910.0040759894,50000.0,45901.85887357188,0.0
71638,0,383918.12856015057,493056.8266569211,358029.3891759347,50000.0,48537.456157295856,0.0
71639,0,389915.26512739,493723.320179534,362943.0002179691,50000.0,48742.01106269002,0.0
71640,0,398622.1764923706,500253.2612921685,371416.1545061219,50000.0,44119.19936729843,0.0
71641,0,386258.82348730427,491929.2448339466,359610.1115561987,50000.0,49926.73425457178,0.0
71642,0,386321.34758063586,491839.42180986167,359638.2152042052,50000.0,50042.67172063004,0.0
71643,0,383939.868017289,491619.9813804771,357697.7552436632,50000.0,49985.583452121806,0.0
71644,0,383681.23569104733,491326.52875918604,357422.0309348005,50000.0,50278.05310380791,0.0
71645,0,396124.6551233508,505712.0301510249,370740.35372440977,50000.0,35952.08884092837,0.0
71646,0,396577.889575113,505750.5731528536,371107.0891195357,50000.0,35974.00169883292,0.0
71647,0,395274.66359300376,494816.4599771405,367473.81575468363,50000.0,49923.14698900884,0.0
71648,0,395003.8651445826,494456.64601078036,367387.3763829531,50000.0,50448.55717873393,0.0
71649,0,517138.9177326161,660571.2395309291,503269.2219047059,50000.0,51453.98980940936,0.0
71650,0,517034.2668566715,660364.5831807073,503135.1876546809,50000.0,51586.11351954399,0.0
71651,0,502043.7572683507,600035.4466895541,477722.6431756206,50000.0,24604.299564734676,0.0
71652,0,501524.3255769023,599501.0325148626,477339.400305619,50000.0,25211.64861677881,0.0
71653,0,500866.67497057165,598844.3550847943,476716.1526037785,50000.0,25702.76644164298,0.0
71654,0,580117.6144298436,730428.9461591061,569072.2433899594,50000.0,62749.011870095346,0.0
71655,0,580857.8643429445,730918.9958917481,569753.8135135145,50000.0,61862.294185644336,0.0
71656,0,581033.0001957181,731231.1986150075,569968.8278257989,50000.0,61838.727697796814,0.0
71657,0,581348.1977076298,731560.8136697328,570292.1707495475,50000.0,61576.93148695593,0.0
71658,0,617414.6632711514,745080.5128051455,600936.6774923968,50000.0,1455.5066295083766,0.0
71659,0,617727.1182568341,745363.6807857736,601245.8420005769,50000.0,1478.262926802796,0.0
71660,0,668901.4101289201,809717.4937239646,656376.29901529,50000.0,15906.502420156601,0.0
71661,0,668480.2658522718,809343.3778063747,655962.9337562616,50000.0,15480.14804637226,0.0
71662,0,695535.6152504173,829241.1416909527,681462.9231227281,50000.0,6638.29510868774,0.0
71663,0,694365.9775272886,828081.1838106804,680283.9372699203,50000.0,5963.033721644112,0.0
71664,0,694429.4981331798,827994.6961216079,680310.226031975,50000.0,5570.292880496857,0.0
71665,0,695681.1320293937,829534.2376743284,681647.1775515658,50000.0,7128.626158758242,0.0
71666,0,694866.7613585932,828578.4559439789,680788.887846249,50000.0,6235.518383335335,0.0
71667,0,684065.6659120327,813836.5127709925,668887.8915207202,50000.0,4585.084262808197,0.0
71668,0,695430.380179263,828896.8753121792,681296.2990217736,50000.0,5940.036090914647,0.0
71669,0,683912.0853810047,813542.7970997822,668697.7780161974,50000.0,4800.148631798191,0.0
71670,0,717604.7807673591,840085.9287274354,700978.148186806,50000.0,13612.007349541807,0.0
71671,0,717200.3656663258,839888.3932309084,700619.80762796,50000.0,14111.70736604323,0.0
71672,0,717231.1886992616,839781.7064289802,700617.6692631035,50000.0,14005.577290328063,0.0
71673,0,717572.2779665831,840192.4611145536,700978.9499293831,50000.0,13718.010862446099,0.0
71674,0,769284.8693285782,917945.1027508859,759734.4900009539,50000.0,13146.29414468235,0.0
71675,0,769697.804008582,918345.4444533604,760147.3468396063,50000.0,12734.13641205852,0.0
71676,0,769219.8919794564,918444.8730350658,759818.5014421345,50000.0,13158.451776030235,0.0
71677,0,769539.2723852021,918663.2065650612,760113.6207686104,50000.0,12826.904952331677,0.0
71678,0,769070.7257563071,918184.0262358572,759638.5724138767,50000.0,13292.912115450465,0.0
71679,0,768642.4611803069,917830.3618394985,759226.7008166407,50000.0,13726.333780358118,0.0
71680,0,768672.1912598305,917716.5951077931,759218.6513195488,50000.0,13689.331561906321,0.0
71681,0,768162.3555406628,917223.9415116628,758709.3468611089,50000.0,14199.21842385941,0.0
71682,0,767967.420069611,916924.9650002162,758485.3203852128,50000.0,14401.789937748745,0.0
71683,0,769121.392538342,918100.7136464432,759654.1565713881,50000.0,13241.989774980406,0.0
71684,0,712579.3456648326,835812.4753086036,696085.3079419282,50000.0,18360.72413875152,0.0
71685,0,712648.1639435923,835996.0249412496,696182.6422151881,50000.0,18153.142004769485,0.0
71686,0,711289.8193071614,834084.9672331789,694676.8178312749,50000.0,19865.2538977048,0.0
71687,0,711707.3447270285,834520.6343030669,695102.8907077268,50000.0,19463.853321153958,0.0
71688,0,712165.2893999314,835088.7661822048,695592.0778571414,50000.0,19061.875644878695,0.0
71689,0,712643.4608663786,835591.2514509227,696080.8840562322,50000.0,18610.93638441017,0.0
71690,0,712126.8288341535,835301.6729783855,695614.1683291353,50000.0,18877.85657981732,0.0
71691,0,712947.8504705344,836397.3781124818,696509.9688565158,50000.0,17737.477783421626,0.0
71692,0,917287.001548397,1061009.867278663,907447.7279903026,50000.0,39451.918164410825,0.0
71693,0,916537.1618662336,1060506.0875042055,906756.6054290482,50000.0,38682.82792306513,0.0
71694,0,917789.6152549607,1061312.1649341304,907901.9626723361,50000.0,39985.38777456857,0.0
71695,0,916932.1689700672,1060758.4276685829,907117.3328161784,50000.0,39086.68824787455,0.0
71696,0,917056.3073229954,1061032.614971542,907280.6243946005,50000.0,39201.12497607594,0.0
71697,0,963331.1283603543,1111279.879405529,954830.3928507632,50000.0,31164.969555665277,0.0
71698,0,963906.0072283554,1111828.4836358184,955401.4272744015,50000.0,30590.930364346474,0.0
71699,0,963949.1304028294,1111746.4227392224,955412.366466206,50000.0,30455.316704167402,0.0
71700,0,964057.9773451372,1111752.5664638276,955495.1982353043,50000.0,30279.708398925657,0.0
71701,0,963259.9882455098,1111057.0968301692,954719.6274705468,50000.0,31122.521673554744,0.0
71702,0,963303.3194811863,1110976.815404533,954731.1955885306,50000.0,31000.33355840075,0.0
71703,0,1013436.0589832488,1150820.0585875206,996002.9745772379,50000.0,29982.188523865716,0.0
71704,0,1013638.4606916307,1150994.5319292494,996096.1247586114,50000.0,29968.92429823545,0.0
71705,0,1013369.9897346242,1150694.6016357376,995780.6844066248,50000.0,30249.545150897826,0.0
71706,0,1013613.3036814763,1150916.6965841316,995927.2692179548,50000.0,30186.859452477413,0.0
71707,0,1013332.7703442025,1150608.4482309043,995612.1165609546,50000.0,30459.728987206272,0.0
71708,0,1013551.3741451531,1150807.0903746053,995741.298889969,50000.0,30407.36873802378,0.0
71709,0,1013549.6053038364,1150756.693549571,995603.6148481189,50000.0,30596.363090387546,0.0
71710,0,1013294.9528000361,1150523.380278172,995447.7692244576,50000.0,30663.96527442491,0.0
71711,0,1006609.3211019539,1190727.1875244882,1008314.1272250813,50000.0,10271.057916333384,0.0
71712,0,1006959.6450213471,1191064.5605855302,1008661.9939644245,50000.0,9926.643133683743,0.0
71713,0,1006798.6567019846,1190943.4433525358,1008512.1861494321,50000.0,10138.175115983386,0.0
71714,0,970903.647137644,1139449.590199791,967977.4521829516,50000.0,19662.0972354973,0.0
71715,0,970906.7623563561,1139365.586794798,967956.2576876917,50000.0,19267.02146212797,0.0
71716,0,835375.6874443179,1018923.9703370878,836104.7690382864,50000.0,34637.00464411383,0.0
71717,0,794962.17380337,993969.8735048609,800295.8880561461,50000.0,31132.73567378796,0.0
71718,0,803776.04373855,979345.4335093431,801949.6695379731,50000.0,2545.4953004151566,0.0
71719,0,803298.5310800116,978885.8116691029,801474.3507295502,50000.0,2181.2869321093503,0.0
71720,0,803584.2628570889,978972.3972095125,801703.7063851055,50000.0,2016.3790260951287,0.0
71721,0,802985.7473607097,978432.1150827396,801118.3918825764,50000.0,1554.4716735537643,0.0
71722,0,803885.1561556094,979117.4153427809,801961.0001740807,50000.0,2193.1539039302297,0.0
71723,0,774703.0088932718,954977.0569080417,774079.5225953416,50000.0,22489.374619132042,0.0
71724,0,774969.570438519,955184.2251850972,774330.0752791554,50000.0,22255.089832770518,0.0
71725,0,774723.137043336,954916.5618630364,774075.6604948748,50000.0,22167.315906413125,0.0
71726,0,774874.6294721321,955040.4864670766,774219.9086286359,50000.0,22058.479288039052,0.0
71727,0,774708.2006971119,954860.5942011446,774048.3514043887,50000.0,22003.346160547986,0.0
71728,0,774725.8560417295,954812.776159592,774046.5426686632,50000.0,21741.983806244036,0.0
71729,0,1173870.5419235495,1336729.2694401715,1170179.803397099,50000.0,43580.08954567563,0.0
71730,0,1174304.9311807978,1337125.9208673614,1170605.4660042913,50000.0,43438.590381712136,0.0
71731,0,1175524.620818466,1338492.9605880945,1171868.9024483482,50000.0,44448.51579782903,0.0
71732,0,1175979.8817789154,1338939.6704484345,1172323.3640661428,50000.0,44486.39146618625,0.0
71733,0,1176433.1550066285,1339380.6269570051,1172774.8156237989,50000.0,44507.91239160624,0.0
71734,0,1176496.6102537601,1339532.0794722429,1172862.1995781006,50000.0,45000.91016204211,0.0
71735,0,1176925.720626915,1339932.2281701437,1173284.919139361,50000.0,44931.350629324086,0.0
71736,0,1177368.0193694774,1340306.6868241774,1173710.3931687356,50000.0,44657.14114305685,0.0
71737,0,1177795.0768933618,1340906.7943876237,1174185.5056537346,50000.0,44100.50849187955,0.0
71738,0,1177625.3140802004,1340826.7414272625,1174039.3773967926,50000.0,43758.18086315745,0.0
71739,0,1169092.1684560087,1331687.7275479066,1165314.6142346675,50000.0,41719.66694609451,0.0
71740,0,1169591.0377553543,1332219.7611102473,1165824.083683317,50000.0,41918.761559062514,0.0
71741,0,1169088.4477514483,1331768.1245294556,1165333.5348697794,50000.0,42177.332664545705,0.0
71742,0,1169501.535956541,1332045.7603437318,1165711.5307775373,50000.0,41454.8135123978,0.0
71743,0,1168755.739565252,1331518.6876361205,1165022.1459137762,50000.0,42621.036490284394,0.0
71744,0,1168959.8220128897,1331800.1993360177,1165247.7766325073,50000.0,43048.185412942425,0.0
71745,0,1169388.1245893065,1332188.6604269918,1165666.77478834,50000.0,42846.39189856148,0.0
71746,0,1169478.6707836927,1332195.5078486025,1165735.07326887,50000.0,42394.040047442715,0.0
71747,0,1086808.110586726,1256905.7621160431,1084794.421583365,50000.0,25820.72481318466,0.0
71748,0,1070211.1478868006,1242340.9176773904,1068703.6650431007,50000.0,36370.61949410275,0.0
71749,0,1034435.0545338391,1201094.4409083899,1031263.4103899418,50000.0,5478.272112755148,0.0
71750,0,1034008.9149855758,1200659.582154033,1030833.0998862991,50000.0,5899.989756772595,0.0
71751,0,1033983.3155122843,1200553.51445415,1030785.2025256114,50000.0,6103.141378683977,0.0
71752,0,1033730.9520869944,1200231.5884863774,1030512.613044485,50000.0,6504.177624508422,0.0
71753,0,688216.7305681864,779534.5556945003,570158.3754550553,50000.0,26081.412174292378,0.0
71754,0,652643.626225102,746764.5013479636,579017.9331891931,50000.0,6884.319574217076,0.0
71755,0,711660.7743951348,812404.3455936477,664345.6799875292,50000.0,12913.38530345624,0.0
71756,0,655544.4916028065,750657.6401876265,594765.2557156768,50000.0,6218.575088047538,0.0
71757,0,549089.9269571078,645723.6611237284,530654.3513104344,50000.0,38203.41117225665,0.0
71758,0,602258.6678967738,695272.2356133901,529997.2789474109,50000.0,20404.485149984153,0.0
71759,0,595048.431395874,686652.4869655546,508460.312185702,50000.0,34895.06614873021,0.0
71760,0,593121.6661621063,684255.6723876668,501854.1086290436,50000.0,39482.04309328325,0.0
71761,0,446241.4206574152,543439.1964193245,431089.15701006795,50000.0,24411.258563434818,0.0
71762,0,446122.9922765558,543311.6634745151,431037.28422831226,50000.0,24334.91825415643,0.0
71763,0,446360.8587639912,543567.7565995529,431141.79162588576,50000.0,24488.99553717334,0.0
71764,0,449123.1692212229,546149.4942973383,434807.4246771469,50000.0,20519.04256958468,0.0
71765,0,449335.858310638,546368.220840776,434966.24081359647,50000.0,20515.716950867267,0.0
71766,0,449549.1904795207,546587.5217453748,435126.063257113,50000.0,20514.010542576387,0.0
71767,0,444534.41259685124,541704.7035054804,429690.9461236943,50000.0,24895.685426050582,0.0
71768,0,444745.3059557131,541899.2705523021,429986.95866602083,50000.0,24551.703475140228,0.0
71769,0,447111.8069975692,544207.545301324,432526.7552439479,50000.0,22488.978620757567,0.0
71770,0,447335.02282066294,544437.7368822955,432688.9864054121,50000.0,22481.8920746686,0.0
71771,0,446961.4142031327,544073.897283386,432284.410776457,50000.0,22806.99549097508,0.0
71772,0,438736.046815866,536107.5291718261,423088.75963184587,50000.0,31027.530749683883,0.0
71773,0,438934.4831781636,536314.3674048973,423216.9032470403,50000.0,31018.09262881487,0.0
71774,0,438531.8759481854,535985.1237950467,422373.59081596456,50000.0,32256.301526480052,0.0
71775,0,425071.15198619873,522264.130911162,411718.7022589837,50000.0,26745.402767415027,0.0
71776,0,464356.7960207807,561350.9656888698,449076.4524635571,50000.0,18807.427141081167,0.0
71777,0,460091.95521597436,557058.44687502,445298.2317639051,50000.0,17421.64029654781,0.0
71778,0,460385.43288412597,557341.9084134211,445630.6816454577,50000.0,17281.92688386663,0.0
71779,0,460664.28626789927,557610.9154720297,445948.5243028716,50000.0,17148.583360109104,0.0
71780,0,460924.5062851333,557862.3204357533,446242.81790610065,50000.0,17035.064076381423,0.0
71781,0,453827.13484287844,551459.0376215952,435281.41104645946,50000.0,29418.643952489034,0.0
71782,0,454045.04067469545,551664.2867929497,435566.4875797052,50000.0,29161.662331908108,0.0
71783,0,523673.25592055713,616736.5139389995,481983.796999839,50000.0,25526.022863840848,0.0
71784,0,464957.29918371624,561928.5668704052,449772.49325247295,50000.0,18632.277588078272,0.0
71785,0,453723.4170134112,551336.6111958846,435309.5963471224,50000.0,29091.381185987386,0.0
71786,0,460866.5480204735,557939.6261906442,445360.9228926964,50000.0,19352.788048716335,0.0
71787,0,460575.97910207784,557656.5126234983,445046.07806504896,50000.0,19444.659406287345,0.0
71788,0,466811.04560529004,563826.8379155252,451218.22066260735,50000.0,20081.12152565066,0.0
71789,0,469381.75813937845,566591.6207383773,452399.80335053784,50000.0,24357.59841101277,0.0
71790,0,469005.4486701493,566202.6022320295,452130.25299545354,50000.0,23978.235575040348,0.0
71791,0,468226.4294517987,564355.6761664561,457703.89115055616,50000.0,9863.037303778981,0.0
71792,0,467781.7266480243,563897.6243354438,457366.04754907376,50000.0,9364.66254260392,0.0
71793,0,467338.0472678826,563440.5937309582,457029.1338275523,50000.0,8867.516169655544,0.0
71794,0,458564.1438606572,555092.3176025462,446493.114527493,50000.0,9997.362340334608,0.0
71795,0,466823.5852201743,563247.6594783048,454736.9242247787,50000.0,11517.50770167443,0.0
71796,0,457412.0882195292,554218.4918239247,443788.248967374,50000.0,14654.850828264274,0.0
71797,0,457723.55571188394,554553.3461574491,443935.8112402246,50000.0,15027.450949874325,0.0
71798,0,460783.02848893945,557416.7235729161,447928.15532197047,50000.0,11920.201737638192,0.0
71799,0,461115.3209649649,557747.8207494493,448242.50609533826,50000.0,11964.052070660942,0.0
71800,0,460956.9127564717,557601.9492614277,448022.3363693413,50000.0,12138.454355654972,0.0
71801,0,468941.9892971046,565247.2002007712,457378.46624397114,50000.0,11879.590209108565,0.0
71802,0,468834.9204699627,565116.0287370782,457415.6610401581,50000.0,11570.812093530723,0.0
71803,0,468727.8532425483,564984.9478295771,457452.0300258495,50000.0,11269.583098138775,0.0
71804,0,318050.79892256716,414941.1912274331,318974.1493351577,50000.0,40724.86018773504,0.0
71805,0,318329.1305750505,415193.092925144,319370.68437968823,50000.0,41042.051203163464,0.0
71806,0,317845.90954601794,414710.30914202356,318958.3670980304,50000.0,41048.61024899514,0.0
71807,0,318191.17981685535,415025.8203393982,319431.2333797482,50000.0,41402.60551653385,0.0
71808,0,364880.21955749043,463334.3070867339,348930.49523505714,50000.0,26116.062403849246,0.0
71809,0,364265.1753820714,462694.075452198,348579.26024039753,50000.0,25769.057880787663,0.0
71810,0,364549.5250305185,462946.9734457297,349068.30841605185,50000.0,25202.053791474093,0.0
71811,0,364142.1925657983,462519.2208823148,348862.7410404296,50000.0,24920.29616522689,0.0
71812,0,418547.8253558242,515567.011259444,406858.0788459582,50000.0,20493.143201127317,0.0
71813,0,418195.21606195375,515220.0386667324,406502.663190185,50000.0,20382.282900207887,0.0
71814,0,417801.4560211637,514840.41682664613,406057.3837563155,50000.0,20374.51796669851,0.0
71815,0,417414.2470061307,514471.45908606856,405592.51980952674,50000.0,20437.79029837364,0.0
71816,0,379738.8186911746,475080.0678735027,381388.96832333086,50000.0,11222.639030033952,0.0
71817,0,378471.07031129044,473802.933780006,380309.2010205786,50000.0,12500.332885538763,0.0
71818,0,379732.19133476506,475140.42571182107,381033.7375596267,50000.0,11187.668006091155,0.0
71819,0,379414.54849414056,474858.4472016507,380564.0472210765,50000.0,11508.650355951302,0.0
71820,0,375560.6652675883,470734.5042495683,378536.9187968221,50000.0,15692.469269027755,0.0
71821,0,375590.01153490786,470735.0487822929,378710.36803392426,50000.0,15740.310128359926,0.0
71822,0,312241.42581007653,407403.5274112089,323648.0814042814,50000.0,44620.18075370726,0.0
71823,0,312197.5190793206,407326.4362507888,323779.6603418179,50000.0,44275.40853957044,0.0
71824,0,356748.7131798987,445379.2470929256,371657.9019010682,50000.0,32125.33270017924,0.0
71825,0,245341.55618723013,337437.9061653837,283045.6936608551,50000.0,26106.173400901545,0.0
71826,0,355972.2592873698,445167.00988496054,376112.80177548213,50000.0,35743.049613885065,0.0
71827,0,375100.55862697755,446982.63699270214,261403.29640480367,50000.0,54875.512916747364,0.0
71828,0,375424.0825666169,448396.1132423585,267672.11003159534,50000.0,48796.96826414506,0.0
71829,0,375495.5059917299,448506.628291518,267898.10810726805,50000.0,48588.045151275015,0.0
71830,0,375189.62834461144,448044.7420740508,266998.32594169665,50000.0,49418.8992641584,0.0
71831,0,375252.78387653886,448258.92405537155,267874.5145253256,50000.0,48574.60923010293,0.0
71832,0,375660.7758457613,448638.1935753837,267698.2089344841,50000.0,48807.77069234949,0.0
71833,0,375176.5390745455,448143.6162672184,267649.04675190576,50000.0,48783.05837728792,0.0
71834,0,375585.1889631645,448523.5021323867,267472.2537852382,50000.0,49015.649655997804,0.0
71835,0,375341.96039464796,448275.29641825886,267448.9427980272,50000.0,49001.91856367107,0.0
71836,0,375099.89374208235,448027.9214965298,267423.946089223,50000.0,48991.47058808133,0.0
71837,0,375508.5887578852,448408.0833452093,267248.2623298831,50000.0,49221.84651528677,0.0
71838,0,375266.54656202404,448160.71013437246,267223.12048768677,50000.0,49210.83012600695,0.0
71839,0,375023.3991902524,447912.3364642925,267198.88239239424,50000.0,49200.243650840086,0.0
71840,0,375432.19960700267,448292.6169317078,267023.03938335663,50000.0,49429.65257840842,0.0
71841,0,375568.3855072413,448619.699566597,268130.75917706377,50000.0,48373.24282615163,0.0
71842,0,375319.63811493444,448366.38066852174,268109.43365981115,50000.0,48355.938903030714,0.0
71843,0,375739.03481541236,448756.11306437507,267927.6266748011,50000.0,48597.33789775421,0.0
71844,0,368600.40227905306,438354.339569785,250082.55300757012,50000.0,66043.85524975591,0.0
71845,0,395745.61185657873,469918.6740537176,275437.1771300874,50000.0,50097.826719135846,0.0
71846,0,371517.27679692267,441265.0530299373,249760.51388682547,50000.0,66250.85371527312,0.0
71847,0,370480.6897297578,440884.0157428279,253430.43644688005,50000.0,62587.483796701956,0.0
71848,0,370416.6015656149,440767.2644751249,253147.5898246997,50000.0,62872.71049208283,0.0
71849,0,370384.5133157549,440705.8821374712,252990.11731100266,50000.0,63031.53050423542,0.0
71850,0,370339.3279696299,440629.80139886634,252825.16836653618,50000.0,63198.254875302715,0.0
71851,0,370311.2347434672,440572.2274118302,252666.57426875076,50000.0,63358.249476997,0.0
71852,0,406637.91189414525,492536.6830256037,360541.5699649363,50000.0,27381.975744735104,0.0
71853,0,406278.9187930998,492161.8870541511,360317.28505427425,50000.0,27004.66638456353,0.0
71854,0,421665.3540423364,502860.2735974469,327758.2076718994,50000.0,35864.43945194291,0.0
71855,0,421966.5155161787,503074.92575045885,327186.70011116145,50000.0,36113.71069328114,0.0
71856,0,394608.0207027661,473539.5173568626,306350.52428004186,50000.0,30457.147243992767,0.0
71857,0,394158.3493556386,473123.591771102,306518.96802965336,50000.0,29967.63709282283,0.0
71858,0,394340.5806927579,473398.73342185124,307176.43002984574,50000.0,29931.889149563118,0.0
71859,0,394212.7596912849,473343.54322710284,307654.20216493966,50000.0,29661.293593023027,0.0
71860,0,394098.8012881705,473300.39378466044,308121.9442084994,50000.0,29412.691657976586,0.0
71861,0,372512.59059611725,449520.83839145873,291933.12993996125,50000.0,24782.98606968547,0.0
71862,0,372093.5775402884,449097.9945874457,291895.8007281213,50000.0,24718.94673209232,0.0
71863,0,371717.09154753684,448699.0915451395,291745.03357523395,50000.0,24781.23458176873,0.0
71864,0,371369.8479822921,448322.75999939645,291554.57356335357,50000.0,24894.936831987,0.0
71865,0,371193.8451734126,448086.7621625974,291178.26097201626,50000.0,25227.13962938889,0.0
71866,0,465354.4038826839,554273.8091180857,408210.05927703367,50000.0,20619.687718583784,0.0
71867,0,464899.09333335527,553838.3131563027,408202.6128443381,50000.0,20882.08048544768,0.0
71868,0,464886.3103316398,553867.1309559202,408597.63121394836,50000.0,21311.637796197763,0.0
71869,0,465459.555658286,554430.378973851,408750.99706248735,50000.0,21138.86191310321,0.0
71870,0,465360.48907386715,554374.3865403947,409123.20554944506,50000.0,21595.729555465066,0.0
71871,0,465185.4582936827,554246.2071224776,409499.29724987765,50000.0,22100.8853395654,0.0
71872,0,412467.78032836696,489127.7945579688,293622.3582953163,50000.0,52442.23821149928,0.0
71873,0,412255.60429339914,488865.2254447956,293246.9968849726,50000.0,52409.2772725614,0.0
71874,0,412045.3459417899,488604.51249792246,292872.2483739786,50000.0,52380.870354184306,0.0
71875,0,411834.86724056816,488343.53234450764,292497.8626294669,50000.0,52355.12476865792,0.0
71876,0,411624.67831072054,488082.5571925868,292122.32175834273,50000.0,52333.222339443295,0.0
71877,0,422179.8876269972,498739.4777819053,294684.5876026352,50000.0,61315.37021720649,0.0
71878,0,422278.59385982563,498880.7530257939,294996.5910855044,50000.0,61294.765719313604,0.0
71879,0,422373.1586609401,499017.1302421754,295302.90945363144,50000.0,61273.64416623536,0.0
71880,0,412802.13795260777,490064.5613894278,297775.81790910865,50000.0,51059.63737527737,0.0
71881,0,413062.5379263547,490368.2088417286,298117.0363976954,50000.0,51182.75669744385,0.0
71882,0,413323.69385245396,490672.47524279397,298458.18117654044,50000.0,51309.442820995246,0.0
71883,0,413585.6448835258,490977.58309495146,298800.51696473616,50000.0,51439.25562524519,0.0
71884,0,402441.1345454462,479034.6577633521,291702.692156135,50000.0,44276.67843731488,0.0
71885,0,402849.0810728619,479456.4862488652,291847.8975006489,50000.0,44553.92241137771,0.0
71886,0,403233.3679286278,479853.6602229182,291984.10188205814,50000.0,44817.76881532386,0.0
71887,0,426136.1719787352,504083.1747839871,305194.99572114705,50000.0,53747.869128708095,0.0
71888,0,425831.7978842288,503764.0551850265,305022.49180921837,50000.0,53972.82191769158,0.0
71889,0,425527.44492996344,503444.93569260556,304850.26489297004,50000.0,54198.83448954885,0.0
71890,0,425222.5931421167,503125.34509735485,304678.5455624378,50000.0,54425.787883062,0.0
71891,0,424917.7101173056,502805.52554126113,304505.8462185307,50000.0,54654.97925693104,0.0
71892,0,424612.8489093223,502485.70634790504,304333.42617957655,50000.0,54885.19325856725,0.0
71893,0,424003.24342340406,501846.2975274676,303990.68558130716,50000.0,55347.44484357929,0.0
71894,0,420944.1131804398,498178.0575245707,299096.4922032584,50000.0,58551.37372005496,0.0
71895,0,421083.4491801999,498349.974116353,299350.40291997406,50000.0,58606.90203640326,0.0
71896,0,421222.35677940474,498521.2900002396,299603.32817604207,50000.0,58663.44265746479,0.0
71897,0,421361.3974153106,498692.6981061464,299856.2916304401,50000.0,58721.21342192308,0.0
71898,0,421500.570956262,498864.19833901123,300109.2931865751,50000.0,58780.210702724486,0.0
71899,0,411421.37719035946,487830.0205853689,291759.0086165303,50000.0,52314.986099551184,0.0
71900,0,407248.6587050269,482972.2170662602,286590.0892821239,50000.0,51263.58974253267,0.0
71901,0,406950.2775954344,482633.49355381285,286284.5688673967,50000.0,51181.1073975506,0.0
71902,0,406648.87479275116,482292.16303225927,285982.1887163682,50000.0,51097.47600276309,0.0
71903,0,406353.0052288414,481955.00289954466,285672.394213178,50000.0,51026.075490706804,0.0
71904,0,406056.78675557324,481618.81207381457,285372.0180101834,50000.0,50952.1461100098,0.0
71905,0,420495.9514687907,498640.947849131,305371.8375137796,50000.0,55041.2423466326,0.0
71906,0,436124.05680540326,515579.36847662675,318585.2561946805,50000.0,39501.36037784927,0.0
71907,0,513298.8745407535,587494.1035087638,307463.279831264,50000.0,49465.841072570314,0.0
71908,0,513054.6213967788,587272.3343848764,307518.33591513557,50000.0,49406.49638808086,0.0
71909,0,513054.81647048495,587241.4527656357,307290.7026950292,50000.0,49635.3316488156,0.0
71910,0,513158.71255223785,587318.086613701,307137.6483920572,50000.0,49791.169295502055,0.0
71911,0,512848.90069960046,587016.178934916,307056.5558401043,50000.0,49867.941362321,0.0
71912,0,512970.5642213229,587112.1135532564,306922.70616148366,50000.0,50004.220230156396,0.0
71913,0,513136.03762841213,587260.7949413098,306874.01084364596,50000.0,50056.39935802112,0.0
71914,0,512665.8448749388,586816.182505582,306850.5193895011,50000.0,50072.91754787136,0.0
71915,0,512805.1610145305,586926.6033458967,306701.39948207716,50000.0,50224.296299966,0.0
71916,0,513047.74273332604,587148.5630303108,306659.2129401426,50000.0,50271.06156676015,0.0
71917,0,512441.95084938814,586602.1656248495,306822.6632176094,50000.0,50099.52022174555,0.0
71918,0,512476.7925586933,586608.5665312079,306630.06526723446,50000.0,50292.60552104743,0.0
71919,0,578041.4285701886,658558.0283632895,391171.924531991,50000.0,46227.25857349988,0.0
71920,0,513867.2118877307,588021.810642723,307421.421839311,50000.0,49524.017263980924,0.0
71921,0,509230.4526384842,584170.713710522,311132.66256019066,50000.0,46127.48495630338,0.0
71922,0,522169.8690414602,599438.6883423553,334694.5135194486,50000.0,22305.141816769687,0.0
71923,0,574159.9919131655,654046.5980162541,383652.1232030922,50000.0,40990.42022191324,0.0
71924,0,520668.07756567403,597860.2997089099,333382.2780261913,50000.0,23721.41639284557,0.0
71925,0,552941.8788963926,632318.1902361461,367325.83761139325,50000.0,19181.933611216242,0.0
71926,0,553024.0628373007,632445.8033581375,367739.0020013829,50000.0,19295.64377648097,0.0
71927,0,508439.8252222811,581843.4371606072,299556.4463463456,50000.0,57380.56210428379,0.0
71928,0,515462.0381772948,589043.9161786572,303961.3695995598,50000.0,53194.29717354761,0.0
71929,0,564766.4236353496,645005.1739728204,381056.4069934289,50000.0,32529.373553320256,0.0
71930,0,585227.0512518814,663309.2508589632,375726.9484592182,50000.0,52237.303897086174,0.0
71931,0,585085.2865965924,663150.1383851871,375502.7173506709,50000.0,52127.139099762324,0.0
71932,0,508766.209089535,583330.9553581008,308161.0496128256,50000.0,48993.6802608594,0.0
71933,0,338189.1634400426,413946.2344651091,285903.1701533938,50000.0,31726.300757578687,0.0
71934,0,338783.21666391735,414453.8336606861,285365.5741940341,50000.0,32288.670123893422,0.0
71935,0,338340.75384363334,414007.6675927241,285393.7728838978,50000.0,32237.460599059355,0.0
71936,0,338200.8501273753,413760.39731417055,284823.80656827276,50000.0,32796.8058573616,0.0
71937,0,337904.18600238615,413548.04051033733,285316.5361719668,50000.0,32298.006558290897,0.0
71938,0,328718.64193080476,400361.8189641984,266307.8458693673,50000.0,53322.980308228434,0.0
71939,0,328544.47700727236,400225.73544413364,266530.21346993564,50000.0,53143.68713460421,0.0
71940,0,328366.67587601015,400085.9625193808,266753.1361716644,50000.0,52965.60921326629,0.0
71941,0,328225.82144551823,399975.20292788284,266929.58892122086,50000.0,52825.1618068437,0.0
71942,0,296854.2074019356,373373.3283916445,296943.6295683044,50000.0,20780.55780965764,0.0
71943,0,296969.3835096699,373374.83894527523,296376.77390590333,50000.0,21032.16018336296,0.0
71944,0,296467.9199644101,372901.93016193947,296630.8927301035,50000.0,20523.84129857321,0.0
71945,0,295989.0458609907,372624.37009369157,297698.9668450824,50000.0,19823.097497554903,0.0
71946,0,296257.8516210235,372781.6484491645,297106.1899401952,50000.0,20210.94391480375,0.0
71947,0,297539.99319463724,374038.9493784881,296687.4971783449,50000.0,21454.741192710713,0.0
71948,0,295496.55959774164,371996.23164548876,297172.99331322924,50000.0,19525.80190566519,0.0
71949,0,296466.4413536818,373077.1022422737,297469.81039642124,50000.0,20305.381290895053,0.0
71950,0,172512.7865662191,261250.22156431628,242030.1800254627,50000.0,5987.369813636961,0.0
71951,0,174623.8933268061,264011.4409409759,241466.89936023141,50000.0,4995.967478146058,0.0
71952,0,170229.30176198747,261692.32587922015,231894.80490246112,50000.0,5711.267755728113,0.0
71953,0,171646.10152887,261277.16092817296,238764.92131530022,50000.0,2824.899290705759,0.0
71954,0,174592.04618021578,263564.5346019217,242704.58042589622,50000.0,6428.4655788662885,0.0
71955,0,159156.34262056908,244133.9252080113,243282.603524864,50000.0,7135.717600464378,0.0
71956,0,240218.55613671604,324621.26248130837,303782.2850544716,50000.0,12130.39952719756,0.0
71957,0,180627.50591413918,273188.5348149473,234657.11992320875,50000.0,2842.3048167999523,0.0
71958,0,157396.0515257688,239003.02084228897,249675.85981143927,50000.0,7909.844617547259,0.0
71959,0,160202.09998521282,241964.64978980654,251227.8063243336,50000.0,8916.866483222753,0.0
71960,0,160494.73891988635,242176.13987449836,251596.68952013715,50000.0,9284.752862634925,0.0
71961,0,160789.10586003168,242391.46519355942,251962.20866756624,50000.0,9649.1093134046,0.0
71962,0,176559.43981970902,250128.3920136026,278283.11226018897,50000.0,30716.373976148643,0.0
71963,0,176594.46135647866,250110.7499683092,278398.0749689468,50000.0,30874.472361796405,0.0
71964,0,174435.00425953552,248538.87237172754,275807.1279601899,50000.0,28872.884710420964,0.0
71965,0,174471.2107156008,248626.0043661113,275746.56905245804,50000.0,28726.361129750014,0.0
71966,0,202717.50476357527,281656.2204878848,287732.00193722564,50000.0,16754.038716959898,0.0
71967,0,195711.81547620776,277114.46424991905,277121.5576106207,50000.0,5719.461890274473,0.0
71968,0,198430.84088176346,272570.59110242984,293793.43601509195,50000.0,31054.72870619275,0.0
71969,0,198420.44328168686,272677.8706828177,293573.05829961813,50000.0,30667.247977785184,0.0
71970,0,200802.31758429715,273432.85599386884,298294.4068542937,50000.0,36281.69581158633,0.0
71971,0,198986.59558978587,270989.3314771874,297961.3562866396,50000.0,38018.894379555546,0.0
71972,0,201925.13427204307,299744.1699458716,223157.00162931415,50000.0,29826.948806767472,0.0
71973,0,205293.3948074155,302846.0597479098,227150.90836611472,50000.0,27233.675036023124,0.0
71974,0,205298.3947892782,302828.20494152204,227298.98874856,50000.0,27026.011564120185,0.0
71975,1,131322.79465920158,216453.59766729837,225742.81109929952,50000.0,21603.5116023606,7.0
71976,1,130938.28326525335,216055.806123009,225549.13751566198,50000.0,21839.11882587886,6.0
71977,1,130552.68369183128,215656.73943372504,225355.55715589444,50000.0,22080.025469168482,6.0
71978,1,130167.78269492828,215258.5621003339,225162.26917458407,50000.0,22231.183596197436,7.0
71979,1,129783.46351265523,214860.75162435797,224970.10236587262,50000.0,22294.6983934659,7.0
71980,1,129398.57734955718,214462.03889529326,224778.65592486333,50000.0,22231.197250536665,7.0
71981,1,129013.87205148398,214063.8429476746,224586.8831304131,50000.0,22171.481384785464,7.0
71982,1,131183.53760093582,216409.2025428048,225450.69914983425,50000.0,21791.206745297644,7.0
71983,1,130798.29374526942,216011.07982310734,225256.25458214222,50000.0,21834.964344792137,7.0
71984,1,130412.99138830864,215612.4268295908,225063.1398451738,50000.0,21887.119427080885,6.0
71985,1,130027.87240540399,215214.2918999062,224869.70005390648,50000.0,21945.134257885285,6.0
71986,1,129643.33327963845,214816.52326187593,224677.38189884482,50000.0,21991.050713178214,8.0
71987,1,129257.70679699584,214417.47939956211,224485.16623364482,50000.0,21925.162591327236,8.0
71988,1,128872.66353147791,214018.80153638346,224294.07792380318,50000.0,21866.884746952717,8.0
71989,1,128488.3202426844,213621.01465369295,224103.2815580185,50000.0,21815.123389153894,7.0
71990,1,131044.35527127353,216364.88251753116,225158.0193163372,50000.0,21499.752057724774,7.0
71991,1,130658.89672567518,215966.8027318896,224963.42187330624,50000.0,21545.266371863698,7.0
71992,1,130273.37577739815,215568.19114462033,224770.1542157597,50000.0,21599.267896872294,6.0
71993,1,129887.91790786345,215169.5733920482,224577.39230102094,50000.0,21660.465956651657,4.0
71994,1,129502.64468982858,214771.47582935524,224384.30609426604,50000.0,21685.36519341899,6.0
71995,1,129117.95034639163,214373.74396466906,224192.34321627146,50000.0,21619.68634213258,5.0
71996,1,128732.16735104489,213974.73684550964,224000.48587834588,50000.0,21561.193380652414,6.0
71997,1,128347.60154298155,213576.99330297575,223809.53927399055,50000.0,21509.859166940973,7.0
71998,1,130906.79420837545,216321.75309666625,224866.62734674625,50000.0,21209.588332665273,7.0
71999,1,130520.4818644859,215922.81852897396,224672.08441888203,50000.0,21257.70670148272,6.0
72000,1,130135.38523300181,215525.14750068018,224478.45521641607,50000.0,21312.76906807358,5.0
72001,1,129750.34918287415,215127.47073372896,224285.32891741366,50000.0,21375.08722263407,3.0
72002,1,128979.30748943417,214330.83055001663,223900.18714003047,50000.0,21314.7682380037,6.0
72003,1,128593.81985290206,213932.2377038593,223708.79570116178,50000.0,21257.131767222334,6.0
72004,1,128207.88058118618,213533.26848468243,223517.29831497787,50000.0,21206.297906670778,6.0
72005,1,130749.0080972307,216257.96408297817,224563.9415047676,50000.0,20921.18798558882,7.0
72006,1,130382.78542737995,215879.80828327013,224379.97068300046,50000.0,20969.38605986341,6.0
72007,1,129996.96115769955,215481.81114247395,224185.5698980867,50000.0,21025.96579983079,6.0
72008,1,129611.70993407338,215084.17864035082,223992.29090754667,50000.0,21090.314043027618,5.0
72009,1,128839.59293720717,214286.72751598363,223607.05856005737,50000.0,21009.361852665686,5.0
72010,1,128454.5249335138,213889.07843868213,223415.30119034863,50000.0,20951.496497308144,5.0
72011,1,130245.81751329043,215837.7773735765,224087.0822521135,50000.0,20680.320173050866,6.0
72012,1,129859.64953315449,215439.29491432622,223893.3533149963,50000.0,20740.13470128008,8.0
72013,1,129473.02774957201,215040.43759230647,223699.51317897878,50000.0,20807.005734213275,4.0
72014,1,129087.62226278482,214642.844786372,223506.5879112718,50000.0,20768.357651877155,5.0
72015,1,128701.63406055652,214244.3458854772,223314.3826958568,50000.0,20703.942314955348,7.0
72016,1,130108.67161920607,215794.76459492845,223795.27722364102,50000.0,20393.85050630394,7.0
72017,1,129722.42519358086,215396.85958880195,223600.56893869597,50000.0,20454.469401979033,8.0
72018,1,129336.10234031045,214998.41656307966,223407.19312861035,50000.0,20523.88880143247,7.0
72019,1,128949.97060110746,214600.50141665566,223213.4966305945,50000.0,20462.167923914185,8.0
72020,1,129972.77072103076,215753.10103501732,223503.3163355423,50000.0,20107.100983414242,7.0
72021,1,129586.82686999436,215355.61116579876,223309.0721363365,50000.0,20170.226830784704,5.0
72022,1,129200.29149195977,214957.21386931336,223115.5417965211,50000.0,20229.735973621777,4.0
72023,0,161281.27384197232,246498.87094782965,244089.60226020133,50000.0,9531.122707681305,0.0
72024,0,168112.96052231922,254181.51631142065,246465.82708480826,50000.0,3280.87244028626,0.0
72025,0,168269.7100412518,254246.05566629465,246806.96634777688,50000.0,3367.5451276517033,0.0
72026,0,168500.43097749678,254543.7566140406,246788.60056049755,50000.0,3002.728425067029,0.0
72027,0,166534.98584708862,248352.74758661562,255407.86119414537,50000.0,5194.8554036097,0.0
72028,0,165994.29134063126,255577.25852592,235267.1841566979,50000.0,4153.022982221784,0.0
72029,0,165729.83810266142,255317.00795152102,235085.67464277308,50000.0,4187.985221577417,0.0
72030,0,180826.7693300131,277196.90382137516,217986.52556405377,50000.0,8989.246987986091,0.0
72031,0,181251.9925525368,278967.15861082694,210520.91472893496,50000.0,12073.029592352777,0.0
72032,0,181062.8419154851,278762.02664246,210505.14243142333,50000.0,11834.652457475137,0.0
72033,0,180825.32184874293,278415.1966189642,211040.5771654445,50000.0,11074.842833753455,0.0
72034,0,181212.04294815933,278827.52330035716,211120.1506699024,50000.0,11525.173119458375,0.0
72035,0,175952.54166868664,272321.82743521134,214970.2603928996,50000.0,4613.0615971510115,0.0
72036,0,176338.22337002534,272740.78309952386,215032.51208710767,50000.0,4808.872679910132,0.0
72037,0,178655.0742635023,249600.98570747513,284135.3188216385,50000.0,36830.75182278146,0.0
72038,0,189206.92341124086,259998.8661388887,292409.5241555983,50000.0,40362.51935576255,0.0
72039,0,189280.24050826833,260008.02393621128,292569.1542029071,50000.0,40562.94428284491,0.0
72040,0,203368.12613398896,270904.0328312728,308592.2855218611,50000.0,52379.23142556159,0.0
72041,0,203300.24771170886,270761.11514482903,308652.48941529734,50000.0,52589.912674267296,0.0
72042,0,197452.936049248,265930.54436988395,302468.33453217434,50000.0,48827.402866495075,0.0
72043,0,197459.5442417756,266013.5135840796,302355.6308792379,50000.0,48596.39172170909,0.0
72044,0,204422.30362202678,272304.75121048227,308900.5312545079,50000.0,51549.22916776185,0.0
72045,0,179626.45964070832,249983.09160844167,285793.1489669856,50000.0,38496.328035489125,0.0
72046,0,189593.57707652787,260351.50049344936,292761.513177008,50000.0,40557.670651891094,0.0
72047,0,187901.46982920697,258889.21676658076,291092.2807750634,50000.0,39494.926360030586,0.0
72048,0,188144.84457134746,259049.9249880812,291412.1515432062,50000.0,39786.190080176806,0.0
72049,0,187578.35653688887,258585.98544705546,290812.79211258225,50000.0,39367.23483023486,0.0
72050,0,144639.9554262152,222321.4710981517,248728.11744550252,50000.0,8425.67062585315,0.0
72051,0,152442.69277807744,225615.34866841056,261533.51737290455,50000.0,18922.224400882595,0.0
72052,0,151943.70333112156,225193.56768763482,261062.70324557438,50000.0,18694.014220632595,0.0
72053,0,147965.21457684162,222090.27704385476,256917.96480875334,50000.0,16648.771475248846,0.0
72054,0,156728.82243945726,231436.65153184434,262065.2298827452,50000.0,15961.47184423755,0.0
72055,0,229558.89553924275,309366.12453965767,306636.14340550866,50000.0,12748.587640711825,0.0
72056,0,238283.83665986935,318120.38520068803,313508.9847142371,50000.0,13101.778898042909,0.0
72057,0,238829.1757839395,319986.06655066437,310872.91009883926,50000.0,8754.057733423411,0.0
72058,0,238672.11311741997,319795.5185769338,310827.29987724236,50000.0,8744.458933498508,0.0
72059,0,219544.84747697666,295874.76498027745,306087.63079831906,50000.0,30406.683411590537,0.0
72060,0,229614.5664054333,309371.3685378247,306793.4709393453,50000.0,12945.883500748865,0.0
72061,0,229489.61357138763,309343.82120138843,306475.6610681246,50000.0,12570.502399351675,0.0
72062,0,250985.76310334055,333795.2769470758,316548.6168114981,50000.0,19124.044009259673,0.0
72063,0,240736.35131580327,320097.34137050295,316551.647703006,50000.0,15951.175734050392,0.0
72064,0,240846.89103675523,320100.76685926603,316880.83220456535,50000.0,16395.91942191834,0.0
72065,0,222416.28355631875,303538.1956875844,298027.3752469454,50000.0,12250.392409221746,0.0
72066,0,239376.50124886323,321848.7823827027,308105.33316685096,50000.0,7248.621869255727,0.0
72067,0,218276.04285970287,285904.0187058369,300751.8042822718,50000.0,56733.492268376984,0.0
72068,0,209723.1499502965,278524.3517539555,308770.92592013825,50000.0,50185.83923030502,0.0
72069,0,209776.83713821773,278680.5143096246,308966.88095700945,50000.0,49901.7021001122,0.0
72070,0,209833.0686474792,278838.32524937915,309160.34611436015,50000.0,49621.01845176652,0.0
72071,0,208965.51779287917,277737.1006875617,309181.0162474881,50000.0,50042.841945145694,0.0
72072,0,210443.88247557965,279254.9126101799,308341.4797863904,50000.0,50385.9414929072,0.0
72073,0,207302.82982481367,276758.98732286924,308711.367257755,50000.0,47537.050995445796,0.0
72074,0,207364.75925509242,276698.0198512017,308958.47014726576,50000.0,47920.86920840437,0.0
72075,0,207694.4919225144,277051.7614898468,309182.08299956704,50000.0,47940.781667560244,0.0
72076,0,208888.79683581137,277565.8635065101,309020.01171445305,50000.0,50298.63550240598,0.0
72077,0,202743.61094329544,271684.98358525865,305917.53560687084,50000.0,48057.746870332,0.0
72078,0,202890.46165383427,271711.1670525195,306223.83299766644,50000.0,48448.28207565421,0.0
72079,0,205724.55443196883,273608.2963359766,309344.01917393634,50000.0,51822.81925205823,0.0
72080,0,206222.29624695398,274098.7209884378,309004.76406476786,50000.0,51958.89723195689,0.0
72081,0,207620.62685423222,274742.6806755289,306522.15118178603,50000.0,54515.91505831373,0.0
72082,0,187861.62426796957,282144.90448519815,232456.9272827495,50000.0,9742.74273764287,0.0
72083,0,184163.02113273737,278647.43826596113,229157.16307385667,50000.0,10037.830333125738,0.0
72084,0,189401.21877276176,284654.4246050972,229070.96174457166,50000.0,11937.748825416224,0.0
72085,0,193533.12354428184,288122.9729458597,234877.7764103536,50000.0,6167.071456663213,0.0
72086,0,257933.3923659048,357648.29380084027,248337.6078274413,50000.0,15542.225257709355,0.0
72087,0,258309.16200448573,358003.5644990036,248838.9962001215,50000.0,15155.78419938735,0.0
72088,0,258630.9721504775,358295.6557115361,249391.10130108517,50000.0,14630.06240472653,0.0
72089,0,259184.88563903407,358835.0683942745,249967.30047366215,50000.0,14347.113528798975,0.0
72090,0,258903.4541660344,358588.65049434185,249393.5522219582,50000.0,14947.636661811726,0.0
72091,0,258606.42314861098,358317.3807674556,248899.2765716265,50000.0,15402.591413171696,0.0
72092,0,250333.44396374092,350707.0103825371,234803.2886507993,50000.0,29252.4212648068,0.0
72093,0,255962.6921882116,356759.40341279213,232525.81797835935,50000.0,31173.848769838973,0.0
72094,0,267792.3791940117,368795.21505223797,237508.93807299822,50000.0,18062.72138983746,0.0
72095,0,281376.8620588303,397045.68016810255,252575.35672659086,50000.0,16988.023851799,0.0
72096,0,281788.0497849206,397260.2620100915,252959.27290159574,50000.0,17236.515109753876,0.0
72097,0,282473.1014049288,398030.3121341525,253707.17921999758,50000.0,18023.31610399482,0.0
72098,0,282581.27084908274,398551.3780773505,253930.305986768,50000.0,18504.864242111922,0.0
72099,0,275336.00774193095,424276.34841549175,255718.35619642248,50000.0,15102.494290625076,0.0
72100,0,317336.62579185236,471397.3283523418,301275.9573645851,50000.0,20006.769767116104,0.0
72101,0,294718.9214065143,454710.2779134665,279557.67699027475,50000.0,30471.403920096596,0.0
72102,0,309430.6123003123,473633.76912025834,296256.6935799907,50000.0,33255.29910216607,0.0
72103,0,309582.7046108172,474004.2471340196,296485.78672854154,50000.0,33383.29350845775,0.0
72104,0,309882.07223925844,474091.5005521336,296728.2921591276,50000.0,32975.72321216095,0.0
72105,0,343652.75947343605,521233.0256012092,336098.41162938764,50000.0,28866.833761777558,0.0
72106,0,347916.072609017,515254.53682152927,337126.9048810228,50000.0,34452.13083068011,0.0
72107,0,354929.17021033395,524700.1551148585,345139.42170418904,50000.0,25434.653950112806,0.0
72108,0,354006.3719921922,524077.73569130816,344285.86940292956,50000.0,25783.438565351124,0.0
72109,0,353618.14948827296,523901.12168194633,343954.4111696271,50000.0,25817.285801552473,0.0
72110,0,354316.0510781513,524079.90413962264,344505.50879616773,50000.0,25971.29902213311,0.0
72111,0,353740.1063787165,523692.9506248347,343973.2242982182,50000.0,26190.55415918652,0.0
72112,0,353250.9566125357,523231.10004897864,343478.08381274785,50000.0,26580.034791029877,0.0
72113,0,343111.9999578846,513156.80843583646,333044.2905730124,50000.0,35866.26018165371,0.0
72114,0,343670.38140729384,513724.43896862696,333623.5179413491,50000.0,35321.599328871765,0.0
72115,0,343002.6414369236,512833.0360192379,332861.6430387125,50000.0,36230.591428879125,0.0
72116,0,340214.53184791724,514880.81185540324,331577.2961931847,50000.0,34159.628804247484,0.0
72117,0,340193.63305303326,514568.2228548089,331458.58884206665,50000.0,34407.52933867056,0.0
72118,0,340635.8665040909,514831.68827705405,331855.30503204325,50000.0,34097.99981112268,0.0
72119,0,339803.66285748716,514327.0553685385,331105.85427160916,50000.0,34691.244477684275,0.0
72120,0,340404.6143003152,514440.8909586046,331563.726937154,50000.0,34465.37115984287,0.0
72121,0,341207.5025892969,514908.67602920474,332280.7331459114,50000.0,33930.64086799341,0.0
72122,0,336183.0563814511,513554.9563535808,328327.3552016339,50000.0,36683.623916077915,0.0
72123,0,336549.1388578448,513681.06876340584,328623.8369048887,50000.0,36417.41480528514,0.0
72124,0,336959.97434118076,514114.5289499236,329055.2703985932,50000.0,35980.95175201947,0.0
72125,0,336113.3535435467,513257.6699878139,328178.4675956482,50000.0,36862.86859951016,0.0
72126,0,335872.7376681462,513440.20436961495,328073.46088039473,50000.0,36917.42149209928,0.0
72127,0,335606.27421945176,513404.4903023348,327876.81370687525,50000.0,37095.187604244216,0.0
72128,0,339376.21192019054,516807.43729987665,331640.4965796973,50000.0,33351.67057327762,0.0
72129,0,339811.66379482334,517052.8287263402,332025.28529949114,50000.0,32987.31460807245,0.0
72130,0,341392.3334913662,519612.34962173516,333985.4053154425,50000.0,30963.431038916133,0.0
72131,0,342895.5908710318,527773.0362827253,337822.04648541095,50000.0,30666.504852230697,0.0
72132,0,338359.779742348,520743.9595516226,332286.36084689974,50000.0,33754.90424242339,0.0
72133,0,356049.5099408712,544217.8044488402,352489.64797227754,50000.0,22205.555872376994,0.0
72134,0,356459.607323122,544541.2979549333,352880.0108530273,50000.0,21817.5528622963,0.0
72135,0,356066.0553646741,544057.7140043447,352444.5343744017,50000.0,21979.02248225413,0.0
72136,0,345135.5807526772,525833.3142728688,338683.4983567645,50000.0,26870.89929923666,0.0
72137,0,345156.58306530793,526069.1139739867,338778.55469406804,50000.0,26877.87093201927,0.0
72138,0,345341.74986496364,526435.431239998,339031.1302400964,50000.0,26727.00595109496,0.0
72139,0,354444.0413724194,539080.3762354928,349609.2076574917,50000.0,20524.871196259362,0.0
72140,0,354923.23552397446,539437.5800221225,350059.1897046487,50000.0,20027.173785419993,0.0
72141,0,354724.527703848,539448.5575588321,349927.6503278488,50000.0,20304.04004253997,0.0
72142,0,355344.1186525446,539766.874891748,350459.80617952097,50000.0,19596.632519460247,0.0
72143,0,355080.4945322141,539744.7270260177,350272.5513115735,50000.0,19948.029785598686,0.0
72144,0,355498.33740671177,540044.7815080385,350660.9445106642,50000.0,19508.083679929103,0.0
72145,0,345526.18293933553,526244.1436705361,339092.4677104155,50000.0,26489.072517041415,0.0
72146,0,345878.14147879195,527349.044159713,339712.3831477633,50000.0,26292.94153162754,0.0
72147,0,346174.5074038808,527944.3010254574,340119.87376695167,50000.0,26098.497284105753,0.0
72148,0,356645.55415001477,544861.8462564549,353118.1231121477,50000.0,21861.900286376305,0.0
72149,0,356303.65723570867,521768.9087077199,345179.6817583293,50000.0,31468.239389190257,0.0
72150,0,357987.03681069444,522695.8719335061,346675.88481303945,50000.0,31666.635859754188,0.0
72151,0,375276.90715385036,538877.7402645724,364127.0834333385,50000.0,26858.292768228686,0.0
72152,0,343517.7489772443,468594.94486588694,320215.25073746016,50000.0,29217.8304250494,0.0
72153,0,360899.53881348774,501330.04754195927,342441.6455970798,50000.0,22109.15318733322,0.0
72154,0,369537.04757436115,504260.712433625,349782.1549085029,50000.0,33649.52303038027,0.0
72155,0,369368.36072795506,503915.84808049566,349559.57580615516,50000.0,33723.44053222675,0.0
72156,0,369199.0109595185,503569.08603951155,349335.99880438007,50000.0,33802.49970462098,0.0
72157,0,326921.70471874415,426151.1336228941,309506.41357989644,50000.0,9480.218422575233,0.0
72158,0,380824.3471425942,532072.0515369144,366107.65936904907,50000.0,40706.69409022688,0.0
72159,0,379384.7773165239,532574.1708618867,365197.7718937745,50000.0,40553.492615607756,0.0
72160,0,379266.25677839125,532731.8094115057,365157.54119525064,50000.0,40645.815615335254,0.0
72161,0,372699.146652412,526397.4514820037,358464.7245718292,50000.0,34119.021033187084,0.0
72162,0,376655.726893078,526925.7552030067,361529.110971997,50000.0,35828.060941604745,0.0
72163,0,376441.4561870729,526962.8558081028,361381.96684786276,50000.0,35742.349664328816,0.0
72164,0,374816.79455305735,525410.2490527786,359729.42585933715,50000.0,34097.54361211947,0.0
72165,0,322158.51331883937,470752.2406821024,304633.75798808323,50000.0,15952.885430604496,0.0
72166,0,321521.5357621632,470197.61235027335,303995.5539478347,50000.0,16572.79323283453,0.0
72167,0,328474.7560533665,476415.134840562,311007.15683200484,50000.0,9817.911759850043,0.0
72168,0,328256.1721850261,475981.42559295835,310716.0636909422,50000.0,10224.1581283239,0.0
72169,0,327815.2407467751,474892.3895513521,310065.50323580916,50000.0,11272.049974191012,0.0
72170,0,327592.837163437,475118.7281156963,309967.37584749167,50000.0,11077.608840315506,0.0
72171,0,319214.1946670226,419666.92607159587,289492.94159132097,50000.0,19837.872211636564,0.0
72172,0,310737.95573683555,420099.10671759804,281916.71644384036,50000.0,10148.61055825445,0.0
72173,0,306261.0062882782,406841.57061155245,276683.5195991461,50000.0,11844.144807322238,0.0
72174,0,370736.4763651735,495462.1415900035,348341.38032004796,50000.0,46530.29822870285,0.0
72175,0,371075.2354184067,495629.03658710193,348646.6775508051,50000.0,46904.80580684149,0.0
72176,0,370987.2602810959,494906.5703963533,348389.7142358078,50000.0,47730.99063886599,0.0
72177,0,412852.5978259028,537774.7208540399,391808.7425855334,50000.0,18153.55566835457,0.0
72178,0,406940.31171117484,531548.2500602074,385648.1406014619,50000.0,21291.97058742288,0.0
72179,0,408989.98598919995,529528.4238928538,386713.9652829443,50000.0,16627.83342682774,0.0
72180,0,411592.392219452,530049.9822534596,388865.1371290786,50000.0,13646.394287867777,0.0
72181,0,411858.6929088686,530140.116527686,389094.7605495418,50000.0,13377.758133955675,0.0
72182,0,417422.4925017343,539515.2991010785,395779.0845382627,50000.0,11946.677202092938,0.0
72183,0,410023.80270663055,530141.3181185885,387670.675775744,50000.0,15510.206272591005,0.0
72184,0,410343.03759659716,530298.9046375022,387958.1065002285,50000.0,15154.696238884946,0.0
72185,0,411242.76946880145,531486.6668710735,388956.4674689836,50000.0,14455.448268263952,0.0
72186,0,407450.4549684488,529745.6273753565,385577.99028356903,50000.0,18940.828957571175,0.0
72187,0,405568.915558928,529552.1914836786,384075.94059075176,50000.0,21735.546804750265,0.0
72188,0,403759.80933108594,527628.7517075776,382184.808880063,50000.0,23092.11559511013,0.0
72189,0,403397.80061604484,528961.8213428356,382251.2211644402,50000.0,24774.242044643426,0.0
72190,0,403520.2973723047,529202.8646862695,382408.09602512873,50000.0,24795.57527029742,0.0
72191,0,410667.57734816184,531781.8145123995,388585.8850509778,50000.0,15453.676996154589,0.0
72192,0,410873.7873986971,531770.777070999,388742.72440811264,50000.0,15140.45541060577,0.0
72193,0,408407.88509969617,528559.8504823962,386017.0456802257,50000.0,17031.09611374242,0.0
72194,0,407182.82238345424,531085.7960658357,385715.62523639644,50000.0,20437.67417509535,0.0
72195,0,407260.1016528427,531304.6154051853,385831.61304056447,50000.0,20512.587953703012,0.0
72196,0,296148.8573081151,435827.4217464445,274819.56415001745,50000.0,2347.5319617490927,0.0
72197,0,329486.047448318,496463.2065299722,317965.037571649,50000.0,30108.27888931565,0.0
72198,0,329513.56555041077,496160.21357044176,317886.52929640585,50000.0,29537.277143818977,0.0
72199,0,365504.774281925,554051.0198433697,362318.5368540892,50000.0,18033.406172059127,0.0
72200,0,365277.46191164915,553658.6433236627,362027.7684771779,50000.0,17779.799021830822,0.0
72201,0,372030.2981151851,525346.8305736242,357662.16953764897,50000.0,33115.05239015523,0.0
72202,0,371640.2233679719,525038.5954667985,357284.5904089486,50000.0,32784.52363881489,0.0
72203,0,371288.05195177277,524913.1904163929,356989.1796054271,50000.0,32617.88522322416,0.0
72204,0,368136.53286771616,519711.4683676347,353132.8254921619,50000.0,27784.927900566963,0.0
72205,0,346578.50750880444,492016.7463189989,329054.87725692865,50000.0,8276.541273516,0.0
72206,0,355674.42564710596,496887.55797913985,337258.3069894849,50000.0,17977.379773972545,0.0
72207,0,351679.3570526442,451006.333494178,330049.8521634768,50000.0,31914.323394116705,0.0
72208,0,350948.303860092,450278.80157705804,329377.98391537153,50000.0,31182.7446613816,0.0
72209,0,352082.1422109972,451396.97446196905,330513.77416206856,50000.0,32343.883752041627,0.0
72210,0,414033.22386274434,571142.295705295,401930.74989131815,50000.0,44472.04187759165,0.0
72211,0,463627.5695739218,582707.6567158849,442381.6203273981,50000.0,16132.96691932841,0.0
72212,0,463293.1647093376,582187.4001809299,441993.4326475022,50000.0,15561.225383464704,0.0
72213,0,387485.8568289166,518271.52744043653,367239.5155813333,50000.0,41389.31152706141,0.0
72214,0,387053.78765916656,518319.9790361734,366922.76566501515,50000.0,42117.58046177876,0.0
72215,0,387213.9097950196,518342.7533227845,367051.0263777633,50000.0,41880.37479297218,0.0
72216,0,395330.3063456187,517242.45191400894,373000.2743983957,50000.0,29981.72531137312,0.0
72217,0,395578.4232545634,517293.08968117496,373205.31816738093,50000.0,29713.899586480053,0.0
72218,0,408037.8547366581,526318.674375717,385163.76230535354,50000.0,17234.806717448228,0.0
72219,0,391395.80161335826,516212.3564311573,369695.4768360135,50000.0,34467.33498811797,0.0
72220,0,411737.46710865176,529415.9433009819,388818.7752819345,50000.0,13553.602333402197,0.0
72221,0,391293.4655970535,516022.4423838479,369567.1988143553,50000.0,34530.16127110763,0.0
72222,0,410022.5496274363,528994.4081795886,387379.8198220275,50000.0,15234.764234959104,0.0
72223,0,392255.33868067013,517371.13977608166,370659.3636085546,50000.0,33799.38007316148,0.0
72224,0,390807.8806714687,513457.526217043,368528.08250467305,50000.0,34496.58258026532,0.0
72225,0,390438.6718482562,512987.318647655,368121.3284023025,50000.0,34847.24900591197,0.0
72226,0,390336.99774764996,513156.6831295341,368086.382750787,50000.0,34978.33055813925,0.0
72227,0,390528.7943416688,513957.3981474188,368441.4921260467,50000.0,34892.16378981959,0.0
72228,0,390144.61648585496,513711.01761028136,368081.0179977594,50000.0,35289.584983258836,0.0
72229,0,391198.2021195883,512612.7804913472,368613.0163329656,50000.0,34038.375196623856,0.0
72230,0,391549.8876454938,512755.8068162292,368922.19255287707,50000.0,33688.79753756945,0.0
72231,0,391902.50774073176,512900.2937068787,369232.5100267584,50000.0,33340.89221362058,0.0
72232,0,392610.01353020995,514903.91063838114,370294.50074072834,50000.0,32689.73819325416,0.0
72233,0,392292.86290210934,514845.065112377,370034.03774382366,50000.0,33033.439097274866,0.0
72234,0,391972.73233125417,514779.18703382317,369769.5319555765,50000.0,33383.669766046165,0.0
72235,0,394521.4970453705,514098.1167387106,371570.3057381279,50000.0,30826.22471368867,0.0
72236,0,394664.4346584448,514034.69940648176,371665.2489470949,50000.0,30715.93052141193,0.0
72237,0,409640.67528533755,522604.04010268627,385491.19011097617,50000.0,19015.5808738907,0.0
72238,0,412698.10203518736,511112.46635360917,392087.049027175,50000.0,41569.278362030855,0.0
72239,0,413035.6138635017,511432.3094686843,392526.30639287556,50000.0,41299.417120494465,0.0
72240,0,413319.92460598913,511699.66065606126,392911.5669394319,50000.0,41036.47171473184,0.0
72241,0,414801.93600863445,513379.25303720124,392755.1552376734,50000.0,45093.98769907838,0.0
72242,0,415230.0259972203,513779.787816781,393357.25217795925,50000.0,44660.338645417374,0.0
72243,0,415172.73056298617,513741.80778360745,393156.08317902725,50000.0,45018.28265955541,0.0
72244,0,431428.6142632882,530342.4926492737,405247.40101688803,50000.0,32080.54236099268,0.0
72245,0,420346.5806190711,519046.0238739396,396847.72192606196,50000.0,42426.1470852116,0.0
72246,0,417276.83875553677,515889.2679522999,394734.1644334135,50000.0,45494.41127297508,0.0
72247,0,418231.89939263376,516759.12639417726,396262.3125738994,50000.0,45018.38276605956,0.0
72248,0,434118.2417231655,533029.3091390192,407737.31843035767,50000.0,30032.41323808435,0.0
72249,0,512443.8004004274,617337.876729595,488815.1374056941,50000.0,2412.0809126311515,0.0
72250,0,512665.87466715224,617688.5129809617,489071.4021993306,50000.0,2010.1326022767914,0.0
72251,0,512616.32386574795,617797.2204873593,489057.69870456116,50000.0,1736.6533745634713,0.0
72252,0,538438.2176301908,637580.9864402583,513974.2291273902,50000.0,19707.049772691575,0.0
72253,0,538409.4940190086,637339.2628930194,513896.81030084565,50000.0,19850.921646618415,0.0
72254,0,538383.3843110331,637098.4874747366,513821.71558346535,50000.0,20009.121269508993,0.0
72255,0,489153.8188431212,606842.096700253,468116.35931116465,50000.0,21599.149640883705,0.0
72256,0,488718.708564644,606256.5211855995,467635.3181772766,50000.0,21027.719130459336,0.0
72257,0,532739.8011282706,639074.2722710582,509825.18517746794,50000.0,11071.3462344839,0.0
72258,0,532359.6007038648,638627.0696950043,509422.54220836324,50000.0,11483.254597830482,0.0
72259,0,531980.1746096928,638180.861236246,509020.7316500644,50000.0,11896.822510056907,0.0
72260,0,497100.54119119205,594915.9058431234,474298.4858467216,50000.0,30825.641929151865,0.0
72261,0,497402.3377732478,595203.0848824254,474679.81206989277,50000.0,30796.156715857167,0.0
72262,0,496962.2453892382,594754.6731493428,474323.8985075387,50000.0,31244.14499232488,0.0
72263,0,496710.3234726819,594521.22927348,473963.31892653386,50000.0,31185.548130221905,0.0
72264,0,496373.01134283526,594181.6396493035,473662.9582125354,50000.0,31476.286839932673,0.0
72265,0,496574.920226623,594366.3938142669,473967.74463941145,50000.0,31552.34436039873,0.0
72266,0,584537.3805218026,735143.9946239006,573631.5215289986,50000.0,59238.010459247045,0.0
72267,0,584430.1902040605,734919.3802142225,573490.7277030927,50000.0,59200.74512775392,0.0
72268,0,584027.6804249346,734601.6011612142,573106.1506491419,50000.0,59635.45521360224,0.0
72269,0,584272.6972966526,734632.139017966,573295.6053562108,50000.0,59195.93031572796,0.0
72270,0,583774.8472145254,734269.2494724385,572828.1834510353,50000.0,59765.66101476926,0.0
72271,0,583920.498031235,734296.6895243694,572943.3548471285,50000.0,59515.432889722826,0.0
72272,0,583256.7684571153,733882.1305777181,572339.1852468036,50000.0,60348.467866777035,0.0
72273,0,583387.8476845114,733804.8262502331,572414.8548509636,50000.0,60015.48206907221,0.0
72274,0,669472.3320511881,810693.1841354088,657058.6569970656,50000.0,16399.88393130568,0.0
72275,0,669224.4508782512,810345.0059530233,656782.0269288222,50000.0,16161.450256019429,0.0
72276,0,669535.092232348,810313.2054635595,657006.8034947548,50000.0,16538.217392280243,0.0
72277,0,690701.6535572347,852049.6674520453,683939.6339185679,50000.0,11723.62718942318,0.0
72278,0,690251.7525516187,851767.9042369953,683532.8259839031,50000.0,11089.864961420555,0.0
72279,0,690136.7844910176,851522.1677246253,683380.0907890624,50000.0,11475.721266136548,0.0
72280,0,690087.1234024938,851341.4385287714,683293.1935419289,50000.0,11880.864003987566,0.0
72281,0,689623.9375776865,850816.6639352327,682808.487155759,50000.0,11998.486360301284,0.0
72282,0,689564.3140853519,850932.0318312541,682797.4217386761,50000.0,11426.471998915373,0.0
72283,0,689571.9380203588,851125.8598839318,682857.4038299642,50000.0,10831.016484064061,0.0
72284,0,689595.2497651695,851302.054396008,682923.8888062463,50000.0,10347.942463884696,0.0
72285,0,689166.1132545135,850962.768688089,682516.0875889751,50000.0,9984.596688614694,0.0
72286,0,688798.3855561439,850524.4373366062,682125.1406891007,50000.0,10161.717555834759,0.0
72287,0,689070.1278312523,850577.0446623272,682337.7936610403,50000.0,10906.643452782582,0.0
72288,0,657760.5616346096,828913.8943137155,653505.8750087721,50000.0,18053.21040540338,0.0
72289,0,657299.3919924053,828454.5203308103,653040.8476481643,50000.0,18501.447016423677,0.0
72290,0,657511.3813061051,828578.4566170009,653229.0013857762,50000.0,18414.591421097484,0.0
72291,0,657383.0058811485,828349.3649254639,653069.8453899294,50000.0,18681.57713801752,0.0
72292,0,657292.7486424074,828150.7106034841,652946.9284985575,50000.0,18927.088447659746,0.0
72293,0,681538.4970442635,846936.4174045902,675839.1800045717,50000.0,4888.125981570883,0.0
72294,0,680817.4256816078,846364.2573851977,675154.0369819999,50000.0,5698.52916954244,0.0
72295,0,681022.9515886212,846428.9991378499,675321.2226347561,50000.0,5366.306526361235,0.0
72296,0,680519.9404533302,845961.1590442378,674823.6352987704,50000.0,5862.56799540316,0.0
72297,0,680572.7713986507,845859.6815603868,674832.8766036688,50000.0,5699.228689136379,0.0
72298,0,680011.0026945537,845494.6727214741,674322.1441374922,50000.0,6371.750509566644,0.0
72299,0,679961.1906397124,845301.3888636598,674230.8809020434,50000.0,6316.718812751774,0.0
72300,0,679876.7590094337,845029.190095229,674092.0574496717,50000.0,6322.51782812702,0.0
72301,0,679371.5240104087,844669.8114465865,673623.8030048234,50000.0,6865.775778102674,0.0
72302,0,663375.9184867127,782070.603478308,645262.0215219025,50000.0,11375.628865820932,0.0
72303,0,664534.5536235054,783230.061343538,646434.1458188888,50000.0,11113.679309930874,0.0
72304,0,665262.9996091637,783727.7498041135,647115.6024428387,50000.0,10372.854405128024,0.0
72305,0,666125.6663872213,783946.147401232,647833.923212246,50000.0,8496.486744734148,0.0
72306,0,666016.6073391978,783697.0480180111,647690.1486095822,50000.0,8121.383785489844,0.0
72307,0,668351.6869654246,786505.587501457,650165.0290458418,50000.0,9548.876591520166,0.0
72308,0,669151.0452137794,787079.008543061,650919.4074272602,50000.0,9070.530722417618,0.0
72309,0,734380.2768630532,863303.654928144,719487.3490450251,50000.0,15224.491627123936,0.0
72310,0,734003.1939411359,863136.1876741285,719158.5911880783,50000.0,15690.120997146189,0.0
72311,0,734441.5488576274,863498.1558320927,719582.1017765049,50000.0,15660.040211248692,0.0
72312,0,686417.5451677414,809343.5831577939,669580.2131522166,50000.0,6493.66356493048,0.0
72313,0,687187.2619799154,810131.9104587483,670362.6408606265,50000.0,7254.4137575752375,0.0
72314,0,686988.0719395827,809711.155894531,670107.5169339658,50000.0,6760.505864242758,0.0
72315,0,686670.0904760764,809324.0694578283,669769.3740919774,50000.0,6363.036045912672,0.0
72316,0,707174.8950028195,832201.3969711807,691063.5828411572,50000.0,22404.77692206703,0.0
72317,0,707769.228497142,832681.436202125,691635.9457264171,50000.0,21846.22143675558,0.0
72318,0,751920.8127843606,879240.7222450469,736791.5903021744,50000.0,12711.54621351721,0.0
72319,0,763294.8085218377,901109.7511985523,750883.5772225994,50000.0,8398.566221783196,0.0
72320,0,763626.4797150698,901324.7875849036,751188.3554745788,50000.0,8638.53217043462,0.0
72321,0,763298.856549156,901240.9495338693,750919.9991881315,50000.0,8525.744705180761,0.0
72322,0,924326.3868084226,1063130.9582656482,913279.6377010902,50000.0,50658.33579578181,0.0
72323,0,874235.4229588729,1029137.2824458918,867068.5888881936,50000.0,5423.544471734454,0.0
72324,0,874113.8436718716,1028906.4339738786,866917.0410459092,50000.0,5326.684714103903,0.0
72325,0,874117.2606343543,1028787.8923072933,866887.8611774377,50000.0,5141.590769360795,0.0
72326,0,873515.5641143603,1028328.4080283705,866320.571606297,50000.0,5881.116178670353,0.0
72327,0,941745.6762862974,1086832.6283174786,932392.7914370084,50000.0,47243.505152624355,0.0
72328,0,941323.6625702645,1086394.1238449896,931964.2488133471,50000.0,47090.29717993177,0.0
72329,0,940973.4236397085,1086032.810335796,931609.2603849098,50000.0,46956.87288536238,0.0
72330,0,940690.3931419397,1085707.97588395,931313.9558108028,50000.0,46964.02681899359,0.0
72331,0,940898.9165176594,1085779.980017578,931488.5765979991,50000.0,47534.9591395911,0.0
72332,0,941112.7275191494,1086046.06166285,931716.9656180465,50000.0,47457.46313565217,0.0
72333,0,928502.9783621595,1083041.2743314903,921548.0590519614,50000.0,8837.151243819388,0.0
72334,0,928132.4287981907,1082766.6582004009,921201.0327304987,50000.0,8585.091476421969,0.0
72335,0,927750.4757225055,1082291.6558454041,920792.2719838645,50000.0,9127.33871346138,0.0
72336,0,926682.7623063236,1081338.9539559593,919749.396646637,50000.0,9196.438887397206,0.0
72337,0,927179.5055762798,1081713.2571993137,920216.2478636963,50000.0,9420.54698092672,0.0
72338,0,927244.0433143319,1081641.1820558761,920244.8091245871,50000.0,9936.683620792473,0.0
72339,0,920622.8653945437,1101976.0708119771,921137.8318687071,50000.0,9430.660524220806,0.0
72340,0,921574.2887445212,1102918.8446271901,922091.2144151945,50000.0,10076.474563282396,0.0
72341,0,921050.116038008,1102400.8412606292,921566.3779621464,50000.0,9719.58467093736,0.0
72342,0,921112.6888777891,1102365.4808226605,921600.3319966465,50000.0,9409.463999862492,0.0
72343,0,921729.0392571384,1102964.719689013,922214.5554256042,50000.0,9812.378602750581,0.0
72344,0,921911.1781153951,1102973.2384507346,922346.3316385444,50000.0,9382.744582801566,0.0
72345,0,922205.8759640554,1103183.201003445,922617.4406471747,50000.0,9364.463536606147,0.0
72346,0,918839.9628822166,1100468.4490608347,919427.8100066322,50000.0,9479.033123156474,0.0
72347,0,918483.6029654973,1100155.7628211943,919082.6714081661,50000.0,9494.098539447494,0.0
72348,0,918088.9221844197,1099722.848398105,918674.8024785252,50000.0,9145.171557833932,0.0
72349,0,918466.1239346914,1100055.511744632,919040.629792496,50000.0,9124.532013763466,0.0
72350,0,751931.6219215714,947406.5355104285,755872.7579768336,50000.0,24089.699880837947,0.0
72351,0,751570.9715698538,947026.4544336512,755503.6077487709,50000.0,24374.781726298035,0.0
72352,0,751283.9865424784,946599.0021251853,755169.7104592867,50000.0,25061.400769976324,0.0
72353,0,751624.4260780762,946879.962044162,755493.1917907066,50000.0,25080.98576764642,0.0
72354,0,752050.4122444519,947343.7116819842,755933.9691715011,50000.0,24695.15041444092,0.0
72355,0,768102.6117172086,959138.0122773037,770734.783369634,50000.0,38262.13789239298,0.0
72356,0,768074.2050849347,959198.022711811,770733.9660309368,50000.0,37893.64821007006,0.0
72357,0,768443.0156893745,959531.2957521769,771093.910938946,50000.0,38049.270524379746,0.0
72358,0,768305.5507027748,959478.7528842302,770982.2644604228,50000.0,37692.63313513519,0.0
72359,0,768557.3635864052,959772.0961485707,771248.6910327001,50000.0,37526.55915028066,0.0
72360,0,768890.986428449,960071.8452818656,771573.7442558963,50000.0,37678.89931342321,0.0
72361,0,769109.3510760976,960332.4245382047,771806.7269910644,50000.0,37512.74760604306,0.0
72362,0,1030096.3449342616,1169885.0668372316,1016909.7090621976,50000.0,13201.123562418154,0.0
72363,0,1030407.7637371781,1170107.621280278,1016924.7732074232,50000.0,13288.37279736675,0.0
72364,0,1030709.9678491725,1170421.7775259288,1017215.9769313772,50000.0,13033.64833310321,0.0
72365,0,1030369.0541733872,1170307.7186453936,1017564.52614046,50000.0,12486.590079690795,0.0
72366,0,1030437.3124898885,1170278.5040528022,1017348.0748252608,50000.0,12770.727115447924,0.0
72367,0,1031473.7878528631,1171223.818783799,1017974.687681486,50000.0,12372.41490529115,0.0
72368,0,1031739.6079455487,1171482.8961566864,1018182.3042666689,50000.0,12221.23004324769,0.0
72369,0,1032167.8969271325,1171922.0340589609,1018578.0248894541,50000.0,11903.332651559795,0.0
72370,0,1030205.5380144115,1170252.2469545028,1017729.6295886365,50000.0,12159.199717014155,0.0
72371,0,1030847.6602767105,1170858.4052236471,1018175.551643777,50000.0,11885.47555924247,0.0
72372,0,1031064.104586846,1170934.1173889623,1017963.4879791954,50000.0,12219.649032874151,0.0
72373,0,1031517.2616658291,1171331.9411223712,1018193.8784613679,50000.0,12105.295054917375,0.0
72374,0,1031420.8143583578,1171352.341004023,1018440.8911959828,50000.0,11748.928672663325,0.0
72375,0,1032064.2499166011,1171888.8373654762,1018688.1401663789,50000.0,11704.10179943939,0.0
72376,0,1030509.9386197256,1170617.4350923114,1018160.3713017197,50000.0,11816.089012012744,0.0
72377,0,1030305.3196690044,1170530.9527259984,1018318.9658989264,50000.0,11358.692679601827,0.0
72378,0,1030723.3819316549,1170953.5286108,1018688.0208408226,50000.0,11251.617820874146,0.0
72379,0,1031767.0400552175,1171867.5483011787,1019212.3205448268,50000.0,10903.807191483138,0.0
72380,0,1029819.562004662,1170096.116451396,1018048.5380194498,50000.0,11124.235191060166,0.0
72381,0,1030081.2318765776,1170414.778756338,1018432.2076999871,50000.0,10868.853691510765,0.0
72382,0,1030897.6911022405,1171197.6316012726,1019033.3738128758,50000.0,10891.120594997119,0.0
72383,0,1031884.9142243795,1172111.4194020864,1019668.0243401988,50000.0,10379.717658529986,0.0
72384,0,1030967.0493370022,1171510.8205200713,1019780.1069635078,50000.0,9990.102287654152,0.0
72385,0,1032299.6122080775,1172884.1476072276,1021031.4271311917,50000.0,8876.576921026946,0.0
72386,0,1033269.727186231,1173031.0995979048,1019538.0564329891,50000.0,11205.580273454538,0.0
72387,0,1032683.2075324088,1172515.975571311,1019238.9952067734,50000.0,11277.763560119263,0.0
72388,0,1030772.9801318754,1170419.997315713,1017087.1873522417,50000.0,13224.512347621334,0.0
72389,0,1031148.4534366849,1171511.0203439712,1019423.7331948491,50000.0,10493.663061129288,0.0
72390,0,1030656.588820492,1171053.4156241596,1019101.0303529676,50000.0,10612.189809724281,0.0
72391,0,1030674.4943614592,1171148.575171817,1019334.1496216517,50000.0,10269.685970629984,0.0
72392,0,1031265.109970479,1171748.9177482184,1019865.1032686682,50000.0,10022.089867593477,0.0
72393,0,1031550.343288378,1172110.367523016,1020323.2888194753,50000.0,9557.112091901108,0.0
72394,0,1031668.5459594765,1172274.2724013757,1020553.0082252733,50000.0,9322.147352556583,0.0
72395,0,1032043.6280741396,1172567.0655296242,1020640.7470020294,50000.0,9273.518181516727,0.0
72396,0,1032218.2694215674,1172635.3700010178,1020489.7584534558,50000.0,9484.43819349542,0.0
72397,0,1031738.9946149725,1172154.9042036338,1020077.6780370829,50000.0,9857.956528124469,0.0
72398,0,1031638.5427430255,1171652.7755064159,1018859.5896899917,50000.0,11300.54075093137,0.0
72399,0,1031952.4130793647,1172107.5514314638,1019524.3819082739,50000.0,10578.640828460699,0.0
72400,0,1032768.8550125852,1172744.2748603206,1019714.0527968671,50000.0,10678.578558414743,0.0
72401,0,1033274.5468148867,1173235.0325951178,1020103.2889235219,50000.0,10418.725899993668,0.0
72402,0,1141482.6313620717,1275600.7132904427,1097330.636146211,50000.0,59370.39936994134,0.0
72403,0,1142014.960668648,1276185.893595076,1097946.6529580618,50000.0,59845.73726837426,0.0
72404,0,1141104.962593807,1275356.2780612393,1097374.1836154605,50000.0,58900.159944610416,0.0
72405,0,1141513.7150607733,1275772.0802835778,1097752.7875200352,50000.0,59292.333870891394,0.0
72406,0,1141890.9899842096,1276157.272622382,1098106.2389319206,50000.0,59653.54725161009,0.0
72407,0,1142240.9196321394,1276515.3341352253,1098436.3191111,50000.0,59988.266500704594,0.0
72408,0,1140229.5961231843,1274378.4951280495,1096317.7348200087,50000.0,58130.89002875151,0.0
72409,0,1140736.4521102437,1274917.7849770635,1096853.7881023705,50000.0,58596.359136557614,0.0
72410,0,1139882.7789996867,1274116.9552297648,1096253.452388753,50000.0,57726.3676957263,0.0
72411,0,1063281.913743876,1257114.552393198,1068123.997057431,50000.0,51693.11638289595,0.0
72412,0,1062905.9834911826,1256671.6931399035,1067726.239105384,50000.0,51332.83101926686,0.0
72413,0,1063131.6423142515,1256905.224155911,1067955.0671053987,50000.0,51366.26195744082,0.0
72414,0,1185403.0116435597,1323745.8928570256,1148036.3474279703,50000.0,41291.681431226454,0.0
72415,0,1185273.2086033113,1323596.4623835303,1147865.4401966182,50000.0,41349.57936589085,0.0
72416,0,1185438.2922475624,1323730.3729717957,1147923.3082468626,50000.0,41543.67833847753,0.0
72417,0,1375377.401162901,1560793.8405476203,1378540.1127431588,50000.0,7590.0027758413025,0.0
72418,0,1249164.613239799,1392745.7436690538,1219953.0971747597,50000.0,29356.55433032575,0.0
72419,0,1249221.072386974,1392745.6273570196,1219841.0968934756,50000.0,29660.584363719456,0.0
72420,0,1352758.6030735758,1488149.4377748612,1290398.021845719,50000.0,21466.297494105136,0.0
72421,0,1353011.5950023786,1488340.9343180317,1290454.3854190875,50000.0,21086.925074053604,0.0
72422,0,1352894.2964218783,1488366.3020480608,1290752.413430582,50000.0,21579.729994491423,0.0
72423,0,1353183.2288006754,1488584.8887692455,1290816.4368730953,50000.0,21141.727498072218,0.0
72424,0,1353479.5620379227,1488809.2351699339,1290882.5939809026,50000.0,20694.793108467136,0.0
72425,0,1447968.4809497807,1624943.023364633,1448875.5615905006,50000.0,77764.99843591897,0.0
72426,0,1448182.9294760744,1625151.9888563599,1449088.9174240765,50000.0,77980.59893651986,0.0
72427,0,1448087.262379366,1625086.3024582313,1449001.4544844548,50000.0,77869.28932529525,0.0
72428,0,1448434.4795547104,1625369.4679271777,1449331.4408557003,50000.0,78249.15816937035,0.0
72429,0,1448591.4598419887,1625506.9937027665,1449483.2951257308,50000.0,78415.93910452155,0.0
72430,0,1448528.919816995,1625487.6663466461,1449432.7337277231,50000.0,78329.2694228934,0.0
72431,0,471042.06877324206,568299.5838200486,453641.31424466975,50000.0,25928.523733243797,0.0
72432,0,471217.4330666956,568479.540727206,453775.1759980839,50000.0,26090.410339813327,0.0
72433,0,471388.33904629713,568655.6751481243,453900.87891086616,50000.0,26260.689456842912,0.0
72434,0,480820.3805892875,576524.4914248541,471718.7568899474,50000.0,21772.04479507736,0.0
72435,0,347288.77539231884,439398.74734112935,367624.317062332,50000.0,42297.44159149766,0.0
72436,0,284110.22739021684,377555.6566856259,308366.576942267,50000.0,29104.107997238967,0.0
72437,0,299045.98027784075,448533.46107812173,280788.27149445366,50000.0,14752.690717006266,0.0
72438,0,591329.5254125291,723475.4744437381,575634.221464244,50000.0,26879.381473642803,0.0
