turbine_idx,phase,acidification - accumulated exceedance (AE)[mol H+-Eq],climate change - global warming potential (GWP100)[kg CO2-Eq],climate change: biogenic - global warming potential (GWP100)[kg CO2-Eq],climate change: fossil - global warming potential (GWP100)[kg CO2-Eq],climate change: land use and land use change - global warming potential (GWP100)[kg CO2-Eq],ecotoxicity: freshwater - comparative toxic unit for ecosystems (CTUe)[CTUe],"ecotoxicity: freshwater, inorganics - comparative toxic unit for ecosystems (CTUe)[CTUe]","ecotoxicity: freshwater, organics - comparative toxic unit for ecosystems (CTUe)[CTUe]","energy resources: non-renewable - abiotic depletion potential (ADP): fossil fuels[MJ, net calorific value]",eutrophication: freshwater - fraction of nutrients reaching freshwater end compartment (P)[kg P-Eq],eutrophication: marine - fraction of nutrients reaching marine end compartment (N)[kg N-Eq],eutrophication: terrestrial - accumulated exceedance (AE)[mol N-Eq],human toxicity: carcinogenic - comparative toxic unit for human (CTUh)[CTUh],"human toxicity: carcinogenic, inorganics - comparative toxic unit for human (CTUh)[CTUh]","human toxicity: carcinogenic, organics - comparative toxic unit for human (CTUh)[CTUh]",human toxicity: non-carcinogenic - comparative toxic unit for human (CTUh)[CTUh],"human toxicity: non-carcinogenic, inorganics - comparative toxic unit for human (CTUh)[CTUh]","human toxicity: non-carcinogenic, organics - comparative toxic unit for human (CTUh)[CTUh]",ionising radiation: human health - human exposure efficiency relative to u235[kBq U235-Eq],land use - soil quality index[dimensionless],material resources: metals/minerals - abiotic depletion potential (ADP): elements (ultimate reserves)[kg Sb-Eq],ozone depletion - ozone depletion potential (ODP)[kg CFC-11-Eq],particulate matter formation - impact on human health[disease incidence],photochemical oxidant formation: human health - tropospheric ozone concentration increase[kg NMVOC-Eq],water use - user deprivation potential (deprivation-weighted water consumption)[m3 world eq. deprived]
3418,Input,0.00012870125674088807,0.025514926317117468,2.9639130540616753e-05,0.025435731137310784,4.955604926605468e-05,0.14166558670329932,0.13128495905816312,0.010380627645136226,0.2900504930592238,1.177879848058561e-05,3.133829016520193e-05,0.00028032101254199515,2.1376031693416737e-10,1.4532919032540568e-10,6.843112660876227e-11,7.093739924818378e-10,6.883228324745902e-10,2.1051160007246873e-11,0.0010534094350763425,0.6541941973149301,3.388147182088551e-07,4.0052639532282257e-10,2.3377810663765045e-09,0.00012549626292206707,0.010749019568475609
3419,Input,0.0001293877013358855,0.025678322843597754,2.9780003507131007e-05,0.025598879273979365,4.966356611124414e-05,0.1425019829517873,0.13206511177828845,0.010436871173498908,0.2917702121226337,1.1854409883356689e-05,3.152490877876213e-05,0.00028200732062248676,2.1509624536384204e-10,1.4611847969350405e-10,6.897776567033852e-11,7.12414052597151e-10,6.913001394297583e-10,2.111391316739189e-11,0.0010586574911293336,0.6547473316840945,3.3929766992790314e-07,4.033124645579884e-10,2.351935262597761e-09,0.00012626716435805023,0.01080324877122277
3421,Input,0.000127272812687836,0.02518704906254457,2.935474266269262e-05,0.025108354898450463,4.9339421431404297e-05,0.13993008335829465,0.12966228876030456,0.010267794597990147,0.2865911589073183,1.1623260975593755e-05,3.096203159004974e-05,0.00027690788357537493,2.1107852604004236e-10,1.4374096797281045e-10,6.733755806723245e-11,7.025786965833333e-10,6.816876111852178e-10,2.089108539811497e-11,0.0010428257481125617,0.6530701160460947,3.371546334008134e-07,3.94872786606225e-10,2.3093327150933107e-09,0.00012394256069786573,0.010639829907999719
3425,Input,0.00012934166628720935,0.025677424429467077,2.9777814282728725e-05,0.02559798437004672,4.9662245137613835e-05,0.14245001815910024,0.13201343368752058,0.010436584471579717,0.2917537254564288,1.185083454560478e-05,3.1522405165287856e-05,0.00028197375004239915,2.150880136132933e-10,1.4611048859558953e-10,6.897752501770437e-11,7.118214285698194e-10,6.907361601109532e-10,2.1085268458865643e-11,0.001058584922993626,0.6547325714873483,3.3872244264091195e-07,4.03244954954938e-10,2.3518192869353465e-09,0.00012625730406447356,0.010802642823213561
3426,Input,0.00012668007526483893,0.025025481313265385,2.9218325997051535e-05,0.024947028393759067,4.923459350925809e-05,0.13919946464032568,0.12898732997131418,0.01021213466901157,0.2849049994666351,1.1554927392642831e-05,3.078050923564865e-05,0.0002752899104747059,2.0975935384473074e-10,1.42967944975842e-10,6.67914088688893e-11,7.007449591125629e-10,6.798583188091952e-10,2.0886640303367056e-11,0.0010377254089615844,0.6525470269649233,3.3784259219172384e-07,3.922241373188303e-10,2.29541459446355e-09,0.00012319173049570842,0.010586834149681425
3427,Input,0.00013006836861042647,0.02584160662062985,2.9920601729699347e-05,0.02576191510172365,4.977091717648557e-05,0.14333185770701218,0.13283877898575477,0.01049307872125746,0.29348786213742384,1.1929572587309649e-05,3.171121319308162e-05,0.0002836894156521691,2.1643114072279756e-10,1.4690676619238041e-10,6.952437453041776e-11,7.153797394031142e-10,6.942066679378674e-10,2.1173071465246135e-11,0.0010638964400044905,0.6552986136736253,3.3970843159898013e-07,4.060900614525805e-10,2.366074904070273e-09,0.00012703682834392903,0.010857401928523473
3429,Input,0.00012724798534774086,0.025186564535346057,2.9353561983615637e-05,0.02510787226435042,4.9338709012008224e-05,0.13990205802502975,0.12963441804936024,0.010267639975669578,0.28658226741962195,1.1621332746366797e-05,3.0960681356586754e-05,0.0002768897784960279,2.11074086542826e-10,1.4373665826289675e-10,6.733742827992985e-11,7.02259086227784e-10,6.81383449318178e-10,2.0875636909605475e-11,0.00104278661111071,0.6530621556673174,3.368444053485612e-07,3.9483637774117934e-10,2.3092701678103962e-09,0.00012393724290481227,0.010639503111835988
3431,Input,0.00012730233892534144,0.025187625292824832,2.9356146800659524e-05,0.02510892887733871,4.934026868544808e-05,0.13996341285082095,0.12969543436622263,0.010267978484598346,0.28660173322484456,1.1625554147310971e-05,3.09636373727781e-05,0.0002769294152767495,2.110838057699172e-10,1.4374609335144563e-10,6.733771241847215e-11,7.029587973605805e-10,6.820493396463374e-10,2.0909457714242392e-11,0.0010428722923016493,0.6530795830302141,3.3752357615168975e-07,3.949160863230905e-10,2.309407100263997e-09,0.00012394888495250193,0.010640218554592922
3433,Input,0.00012732234582807464,0.025188015744983423,2.935709824094116e-05,0.02510931780395986,4.934084278261306e-05,0.1399859968293924,0.12971789374370046,0.010268103085691984,0.2866088983552537,1.162710799457947e-05,3.096472544703242e-05,0.0002769440051023242,2.1108738330132614e-10,1.4374956629485082e-10,6.73378170064759e-11,7.032163526714384e-10,6.822944459229533e-10,2.0921906748484445e-11,0.0010429038305246855,0.6530859978343495,3.37773570812524e-07,3.9494542610007836e-10,2.30945750346469e-09,0.00012395317025120763,0.01064048190052673
3435,Input,0.0001300444237682226,0.02584113931614748,2.9919463018339875e-05,0.025761449623048795,4.977023008032639e-05,0.14330482854560517,0.13281189895055512,0.010492929595050101,0.2934792867012704,1.1927712897774026e-05,3.170991095421569e-05,0.00028367195412522375,2.164268590293136e-10,1.4690260967285666e-10,6.952424935645755e-11,7.15071489727514e-10,6.939133176279758e-10,2.1158172099537602e-11,0.0010638586941432713,0.6552909362497461,3.394092307288943e-07,4.060549467554361e-10,2.3660145800559434e-09,0.00012703169957399031,0.01085708674846216
3439,Input,0.00012936605102721523,0.025677900318938778,2.9778973913692506e-05,0.025598458400168448,4.9662944856620454e-05,0.14247754388125267,0.13204080754382383,0.010436736337428884,0.2917624584344647,1.1852728400048744e-05,3.152373132797044e-05,0.0002819915323602379,2.150923739670389e-10,1.4611472147576692e-10,6.897765249127254e-11,7.121353411916863e-10,6.910348996464426e-10,2.1100441545243154e-11,0.001058623362295263,0.6547403899554599,3.390271402189732e-07,4.032807147546042e-10,2.351880719180045e-09,0.0001262625270565668,0.010802963793541313
3464,Input,0.00012679008179992826,0.025027628186754882,2.922355742393069e-05,0.02494916687918916,4.923775014178467e-05,0.1393236410440556,0.12911082126477177,0.01021281977928387,0.2849443964277882,1.1563471111595496e-05,3.078649193473181e-05,0.00027537013159540784,2.0977902464733922e-10,1.4298704070873286e-10,6.679198393860694e-11,7.021611087144887e-10,6.812060182796618e-10,2.0955090434826276e-11,0.0010378988196431559,0.6525822983102998,3.3921717009596046e-07,3.923854600007954e-10,2.295691732886205e-09,0.0001232152929065785,0.010588282138612775
30895,Input,0.00010646097353931819,0.02055250799339453,2.464147548134625e-05,0.020486187468798298,4.1679049114882936e-05,0.11463117733493586,0.1061272995639121,0.008503877771023776,0.23666533897996353,9.381254836323602e-06,2.542287095544346e-05,0.0002264986837453208,1.7566999721462986e-10,1.2358212533901874e-10,5.208787187561168e-11,6.014479948093615e-10,5.832448787359917e-10,1.8203116073369765e-11,0.000871915531300879,0.5560946933710157,3.089215902505166e-07,3.156399096467934e-10,1.8791046688852684e-09,0.00010029260066379998,0.008974082262425614
30896,Input,0.00010661233876756752,0.020555462017857684,2.4648673745731093e-05,0.02048912995157872,4.168339253323073e-05,0.11480203981759195,0.10629721935827553,0.00850482045931642,0.23671954785048593,9.393010701266694e-06,2.543110294467512e-05,0.00022660906526252435,1.7569706356595404e-10,1.236084004140883e-10,5.2088663151866304e-11,6.033965682059932e-10,5.850992670938563e-10,1.8297301112136853e-11,0.0008721541384652223,0.5561432255353934,3.108129624135639e-07,3.158618841372871e-10,1.8794860018721464e-09,0.00010032502173493509,0.008976074645650103
30897,Input,0.00010178246491619558,0.01952543861285117,2.3463309841886762e-05,0.01946222664796118,3.974865504810113e-05,0.1095551967180286,0.1014693047761112,0.00808589194191742,0.2250316765058064,8.952116091811176e-06,2.41811826802752e-05,0.0002155631596574817,1.6694136126212767e-10,1.1757650016853334e-10,4.936486109359487e-11,5.798560333922744e-10,5.62148969337142e-10,1.7707064055132558e-11,0.0008299778661085286,0.5309276045723682,3.020534366780581e-07,3.003557019309923e-10,1.786189153212628e-09,9.536934351055256e-05,0.008540493007953566
30898,Input,0.00010188297363143181,0.019580616069291994,2.350648621170766e-05,0.019517326888002506,3.9782695077776e-05,0.10969048149794544,0.10158552660456294,0.008104954893382522,0.22559056509602146,8.96783299284035e-06,2.4239611616947426e-05,0.00021605711802484665,1.6738973794892865e-10,1.178316917258867e-10,4.955804622304248e-11,5.790933794764027e-10,5.614530466846406e-10,1.7640332791762116e-11,0.0008316142776217097,0.5310779842292511,3.0043763846945146e-07,3.0113438294281326e-10,1.7908503630437757e-09,9.561220424235779e-05,0.008557849485982141
30899,Input,0.00010677748357563705,0.020558684962840777,2.4656527306314443e-05,0.02049234030417846,4.168813135599545e-05,0.1149884568185827,0.1064826078530568,0.008505848965525925,0.2367786916421059,9.405836764968197e-06,2.544008433556269e-05,0.0002267294953948859,1.7572659391084416e-10,1.236370674486481e-10,5.2089526462196624e-11,6.055225305773911e-10,5.871224702626942e-10,1.8400060314696833e-11,0.0008724144673057045,0.5561961758401898,3.128765162195939e-07,3.1610406614337204e-10,1.8799020496240447e-09,0.00010036039426819084,0.008978248406090428
74744,Input,0.0001216053960766252,0.023871191153091886,2.8541895929439795e-05,0.02379416389355895,4.84853636034922e-05,0.13093268003042113,0.12102958034108582,0.009903099689335292,0.27475490347969367,1.0749218077606947e-05,2.9484753890619112e-05,0.00026186698890933,2.0238583141935425e-10,1.4168402094416152e-10,6.070181047519337e-11,6.706173441300815e-10,6.507571733535665e-10,1.986017077651496e-11,0.0010089828116220502,0.6481197694545237,3.309318073744936e-07,3.6463909238648666e-10,2.18106917974862e-09,0.00011630536596537757,0.010445263901907502
74751,Input,0.00012174194207993534,0.02395099880476186,2.860404992135367e-05,0.02387386030881916,4.8534446021339504e-05,0.13111845904132344,0.12118778234222483,0.009930676699098582,0.2755618008655512,1.0771290696383673e-05,2.956895578136722e-05,0.00026257636534902435,2.030341700131955e-10,1.420523625615653e-10,6.098180745163085e-11,6.693939527089231e-10,6.496362123808629e-10,1.9757740328059995e-11,0.001011340555759936,0.6483348278263587,3.284751408758458e-07,3.6575445993590505e-10,2.1878030979824626e-09,0.00011665546092450412,0.010470303698424818
74771,Input,0.00012052238676737962,0.023678767150195713,2.8365321094498375e-05,0.023602048117150637,4.835371195057533e-05,0.12959892660434466,0.11978954218638793,0.009809384417956746,0.27267175572402796,1.0639877543600336e-05,2.9255753380267486e-05,0.0002597253258880391,2.0081533428505408e-10,1.407363220703469e-10,6.007901221470778e-11,6.633068175380231e-10,6.437050740541789e-10,1.960174348384443e-11,0.0010024628372114301,0.6473933822250805,3.2663685493823446e-07,3.6087927925054365e-10,2.1642078725553765e-09,0.00011536234933878842,0.010379105894126835
74772,Input,0.00012011772767154834,0.023670869874961843,2.8346077288036268e-05,0.023594181697397597,4.83421002762049e-05,0.1291421436394407,0.11933527939997253,0.009806864239468178,0.2725268339821897,1.0608449469044466e-05,2.9233746018617097e-05,0.0002594302324543312,2.0074297522755474e-10,1.4066607840709928e-10,6.007689682045607e-11,6.580975104999299e-10,6.387475608598179e-10,1.9349949640112107e-11,0.0010018249459301976,0.6472636365629955,3.2158046941144446e-07,3.602858536820712e-10,2.1631884187252893e-09,0.00011527567499829987,0.010373779466099103
74774,Input,0.00012054481025289744,0.023756347601383423,2.8422047921502365e-05,0.02367952603383396,4.839951962795938e-05,0.12965588305181885,0.11981963236832123,0.009836250683497645,0.27343778207984615,1.065308677333026e-05,2.93337487244499e-05,0.00026035147966948694,2.0144326607743707e-10,1.4108485347270458e-10,6.03584126047331e-11,6.606142901422507e-10,6.411859883548658e-10,1.9428301787385008e-11,0.0010046406823680698,0.6475718495458744,3.227541796010593e-07,3.6182728810051833e-10,2.1706542830102982e-09,0.00011568800028055209,0.010402643524046077
74778,Input,0.00012075653926519643,0.02376047967774683,2.8432116821910308e-05,0.023683641965742564,4.840559518234805e-05,0.12989488473741162,0.12005731542569656,0.009837569311715073,0.27351360920835044,1.0669530825256249e-05,2.9345263594604922e-05,0.0002605058808479073,2.0148112637004644e-10,1.4112160693158614e-10,6.035951943846093e-11,6.633399459975129e-10,6.437798985941623e-10,1.9560047403350692e-11,0.0010049744450150013,0.6476397361229125,3.2539982262359125e-07,3.6213778503677894e-10,2.171187689906999e-09,0.0001157333507315672,0.010405430460894925
74779,Input,0.00012082147738233521,0.023761747001747446,2.8435204993092194e-05,0.023684904338175678,4.8407458578669076e-05,0.12996818749024114,0.12013021375008845,0.009837973740152706,0.27353686568557883,1.0674574280371876e-05,2.9348795250370212e-05,0.0002605532362939171,2.014927382700392e-10,1.4113287936134053e-10,6.035985890869927e-11,6.641759153211647e-10,6.445754610215215e-10,1.96004542996433e-11,0.0010050768113257285,0.6476605572019133,3.2621125169813863e-07,3.6223301566294203e-10,2.171351287890876e-09,0.00011574725989247217,0.010406285225339268
74780,Input,0.000120241857417359,0.023673292375228056,2.8351980352687918e-05,0.02359659473270174,4.8345662173621476e-05,0.12928226245527427,0.11947462514751628,0.009807637307758021,0.27257128892997695,1.0618090075041285e-05,2.9240496807702942e-05,0.00025952075277944903,2.007651714700389e-10,1.406876257494266e-10,6.00775457206129e-11,6.596954727480289e-10,6.40268284992819e-10,1.9427187755209892e-11,0.0010020206199763515,0.6473034362270103,3.231315227712405e-07,3.604678878084035e-10,2.1635011376190395e-09,0.00011530226247394045,0.010375413355375217
74783,Input,0.00012119295662516403,0.023846139580515752,2.8508531376382883e-05,0.023769167766744214,4.8463282395150904e-05,0.1304191613350354,0.12055214744317452,0.009867013891860867,0.27442790039749054,1.0714893120334061e-05,2.9445773971835952e-05,0.0002614339353532087,2.0218308641701282e-10,1.4154200239582458e-10,6.064108402118887e-11,6.659768952553384e-10,6.463326872604887e-10,1.9644207994849756e-11,0.0010078048964906776,0.6479509421116196,3.266901747965167e-07,3.636929087466946e-10,2.1786770712114293e-09,0.00011614767543948094,0.010434417390234088
74784,Input,0.00012050621427410382,0.02367845152988239,2.8364552001862593e-05,0.023601733729998905,4.835324788161553e-05,0.12958067094296322,0.11977138724576153,0.00980928369720172,0.2726659638218576,1.0638621497882691e-05,2.9254873840150943e-05,0.0002597135322656504,2.0081244240301581e-10,1.4073351473156904e-10,6.007892767144738e-11,6.630986238166587e-10,6.435069434557901e-10,1.9591680360868574e-11,0.0010024373434252712,0.6473881968459075,3.2643477283560964e-07,3.6085556256873743e-10,2.164167129346137e-09,0.00011535888533611758,0.010378893019580457
74785,Input,0.00012018737191942018,0.023672229043208808,2.8349389262093075e-05,0.023595535555231976,4.834409871473351e-05,0.12922075871657385,0.11941346073933198,0.009807297977241893,0.272551775879739,1.061385842843041e-05,2.92375336170316e-05,0.00025948101979719393,2.007554286536316e-10,1.4067816776118781e-10,6.007726089244438e-11,6.589940633621764e-10,6.39600778497313e-10,1.9393284864863393e-11,0.0010019347308305325,0.6472859665665556,3.224507035680251e-07,3.603879857675969e-10,2.1633638728197796e-09,0.00011529059217010028,0.01037469617618336
74786,Input,0.00012083509677153907,0.023762012796007773,2.8435852671329683e-05,0.02368516909395001,4.840784938642353e-05,0.1299835611839127,0.12014550262349513,0.009838058560417598,0.2735417432371439,1.0675632037836649e-05,2.934953594006866e-05,0.0002605631680917355,2.0149517361914332e-10,1.4113524351378077e-10,6.035993010536315e-11,6.643512421104676e-10,6.447423133235528e-10,1.960892878691483e-11,0.001005098280482652,0.6476649239804874,3.263814316920239e-07,3.6225298826176364e-10,2.1713855990891924e-09,0.00011575017704320289,0.010406464494005467
74787,Input,0.00012056745232746525,0.02367964664391087,2.836746421428817e-05,0.023602924174591804,4.8355005104774575e-05,0.12964979702926047,0.11984013194726757,0.009809665081992902,0.2726878951844572,1.0643377585479698e-05,2.925820426816053e-05,0.0002597581894786629,2.0082339267664114e-10,1.4074414487739444e-10,6.00792477992473e-11,6.638869610260808e-10,6.44257176085339e-10,1.9629784940741882e-11,0.0010025338770772298,0.6474078315751401,3.2719996805770016e-07,3.609453671153361e-10,2.1643214057943616e-09,0.00011537200197662459,0.01037969908099647
74788,Input,0.00012018750593160783,0.02367223165857355,2.8349395635123186e-05,0.023595538160378213,4.834410256020714e-05,0.12922090999078226,0.1194136111789252,0.009807298811857096,0.27255182387391447,1.0613868836561766e-05,2.9237540905276713e-05,0.0002594811175241869,2.0075545261700146e-10,1.4067819102399612e-10,6.007726159300597e-11,6.589957885442848e-10,6.39602420292086e-10,1.9393368252198996e-11,0.0010019349420829348,0.6472860095348224,3.2245237810665016e-07,3.6038818229415337e-10,2.1633642104354157e-09,0.00011529062087430611,0.010374697940152784
74790,Input,0.00012036608611489987,0.023675716806623604,2.8357888123048563e-05,0.023599009691590095,4.834922691045347e-05,0.12942249296874464,0.11961408197643483,0.009808410992309861,0.2726157793156359,1.0627738366179467e-05,2.9247252978272946e-05,0.00025961134526408623,2.0078738540656234e-10,1.4070919026851354e-10,6.007819513804944e-11,6.612947088336614e-10,6.417902213919305e-10,1.9504487441731013e-11,0.001002216450006756,0.6473432676178735,3.246838125745064e-07,3.606500670457374e-10,2.1638141058009476e-09,0.00011532887114415206,0.010377048547128589
74792,Input,0.00012036451589061171,0.02367568616232693,2.8357813450088995e-05,0.023598979167023897,4.8349181852938857e-05,0.12942072048490996,0.11961231927180817,0.009808401213101847,0.2726152169666333,1.0627616413833639e-05,2.9247167581715353e-05,0.0002596102001943679,2.007871046271341e-10,1.4070891769758342e-10,6.00781869295513e-11,6.612744948300222e-10,6.417709844398715e-10,1.950351039015077e-11,0.0010022139747568647,0.6473427641575732,3.2466419196188125e-07,3.6064776433896405e-10,2.16381014994976e-09,0.00011532853481622567,0.010377027878652965
74793,Input,0.00012046527827628628,0.023677652628177056,2.8362605265887917e-05,0.023600937949686145,4.835207322501796e-05,0.12953446200648552,0.11972543325479763,0.009809028751687904,0.27265130329360376,1.0635442180761976e-05,2.9252647538264312e-05,0.0002596836801153276,2.0080512243850645e-10,1.4072640876391622e-10,6.007871367459085e-11,6.625716415154104e-10,6.430054330451867e-10,1.9566208470223636e-11,0.0010023728132655257,0.647375071555522,3.2592326033281e-07,3.607955306356211e-10,2.1640639996742886e-09,0.00011535011721339497,0.01037835418912202
74794,Input,0.00012048310616262664,0.023772145849153582,2.8432864293519117e-05,0.023695304989551146,4.8407995308911955e-05,0.1296341840911243,0.11976480053118296,0.009869383559941313,0.27359497875300764,1.0650587107770621e-05,2.9346942373989173e-05,0.0002604387689829617,2.0156122717116858e-10,1.4114456674329152e-10,6.04166604278777e-11,6.591509362989631e-10,6.398017013637046e-10,1.9349234935258574e-11,0.0010050711732244432,0.6475886524603668,3.210711892884782e-07,3.6207814843314035e-10,2.171851886210504e-09,0.00011574413352230538,0.010407249001041497
74797,Input,0.00012083078575772052,0.023778931119728106,2.8449398405584654e-05,0.02370206374936342,4.8417971959097416e-05,0.13002664806368705,0.12015509918818632,0.009871548875500746,0.27371949426011394,1.0677589837596127e-05,2.936585090876948e-05,0.00026069231070883255,2.016233974475121e-10,1.4120491949119077e-10,6.041847795632194e-11,6.636267278488934e-10,6.440611538209569e-10,1.9565574027936462e-11,0.0010056192438959233,0.6477001288110127,3.254155919985707e-07,3.625880145488173e-10,2.1727277921236866e-09,0.00011581860336597511,0.0104118254219327
74800,Input,0.00012073195477865159,0.023777002346962634,2.844469843898745e-05,0.023700142512514996,4.841513600864311e-05,0.12991508673191784,0.1200441533663859,0.009870933365531936,0.2736840996334225,1.0669914074439914e-05,2.9360475991657673e-05,0.00026062023924603686,2.0160572500033164e-10,1.4118776369243655e-10,6.041796130789573e-11,6.623544447835944e-10,6.428503670431649e-10,1.9504077740429385e-11,0.0010054634499930724,0.6476684406790865,3.241806573651702e-07,3.6244308062655815e-10,2.1724788081735395e-09,0.00011579743465873762,0.010410524534093175
74801,Input,0.00012083555574127063,0.023779024210117877,2.8449625245018664e-05,0.023702156476039297,4.841810883355868e-05,0.13003203246564662,0.12016045388314052,0.009871578582506117,0.2737212025482304,1.0677960301031119e-05,2.936611032405048e-05,0.00026069578916968774,2.0162425039142841e-10,1.4120574749956038e-10,6.041850289186864e-11,6.636881333853933e-10,6.441195912974157e-10,1.9568542087977597e-11,0.0010056267631410104,0.6477016582086715,3.2547519494839734e-07,3.625950096472322e-10,2.1727398090980975e-09,0.00011581962505356993,0.010411888208051523
74802,Input,0.00012108271104495561,0.023938133336075803,2.8572699793352948e-05,0.023861045106865708,4.85155294167409e-05,0.13037431289505638,0.12044774182435085,0.00992657107070553,0.2753257085329007,1.07200911500734e-05,2.9533103539449472e-05,0.00026209562797842523,2.0291628971133927e-10,1.4193792845319964e-10,6.097836125814029e-11,6.609074590019307e-10,6.415599165859284e-10,1.9347542416002196e-11,0.0010103013656518585,0.6481234588790608,3.202377719437706e-07,3.6478770901959646e-10,2.1861423034755656e-09,0.00011651425956322226,0.01046162640265255
74806,Input,0.00012035109874210794,0.02376956960919385,2.8426586601313024e-05,0.023692738815230555,4.8404207361977516e-05,0.12948517288254147,0.11961661145230129,0.009868561430240164,0.2735477025506086,1.0640334677770333e-05,2.933976315801746e-05,0.0002603425039455584,2.0153762228342467e-10,1.4112165193700487e-10,6.041597034642042e-11,6.574515622038972e-10,6.381844671640617e-10,1.926709503983547e-11,0.001004863081071136,0.6475463269810886,3.1942170107132013e-07,3.618845618330345e-10,2.171519321165423e-09,0.00011571585871956174,0.010405511419873142
74807,Input,0.00012044077311060522,0.023771319682716827,2.843085111979229e-05,0.02369448205103312,4.8406780563907466e-05,0.12958639814681958,0.11971727823311323,0.00986911991370635,0.27357981789365843,1.0647299287655334e-05,2.9344640093390024e-05,0.00026040789804540203,2.015536573926145e-10,1.4113721826482885e-10,6.041643912778628e-11,6.586059692684155e-10,6.392830755225562e-10,1.9322893745859382e-11,0.0010050044407944284,0.6475750792331264,3.205422200060596e-07,3.6201606774418564e-10,2.171745236953223e-09,0.00011573506616313163,0.010406691781502607
74808,Input,0.00012054473566165501,0.023773348602585707,2.8435795121378608e-05,0.02369650304369974,4.840976376458663e-05,0.1297037520449445,0.1198339846623255,0.009869767382619,0.2736170503051853,1.0655373597213852e-05,2.9350294090748843e-05,0.00026048371165365245,2.0157224744109405e-10,1.4115526483909727e-10,6.04169826019974e-11,6.599443127146919e-10,6.405567296276e-10,1.9387583087091844e-11,0.0010051683239384686,0.6476084126986459,3.2184127578874633e-07,3.621685270280424e-10,2.172007148824092e-09,0.00011575733400695517,0.010408060214960426
74811,Input,0.00012102910787668455,0.02393708722348967,2.8570150662475645e-05,0.023860003081550923,4.851399127626266e-05,0.13031380513832153,0.12038756790306661,0.00992623723525493,0.27530651147395924,1.071592803008868e-05,2.9530188334226358e-05,0.0002620565384258965,2.0290670466858347e-10,1.4192862362614934e-10,6.097808104243476e-11,6.602174081304313e-10,6.409032195866497e-10,1.931418854378175e-11,0.0010102168673814904,0.6481062721195666,3.195679778206975e-07,3.6470910089999437e-10,2.186007261521086e-09,0.0001165027782464649,0.010460920837348826
74812,Input,0.00012160767341996289,0.024025521272049863,2.8653325159222466e-05,0.023948292189465908,4.857575742472754e-05,0.1309985399322327,0.12104197283142146,0.009956567100811236,0.27627171060644407,1.0772330343169531e-05,2.963842943223023e-05,0.00026308825301431634,2.0363408292232085e-10,1.4237369420389097e-10,6.126038871843053e-11,6.646842767930126e-10,6.451974778049444e-10,1.948679898806824e-11,0.0010132713965752041,0.6484630550157197,3.226345313051867e-07,3.664726824633414e-10,2.1938547553983193e-09,0.00011694754981734807,0.010491778828219726
74815,Input,0.00012101251249657094,0.0238596205128627,2.8513700994526267e-05,0.02378263846103207,4.846835083609839e-05,0.13026342751063347,0.12036402024403145,0.009899407266602007,0.2745425723545222,1.0703171443418185e-05,2.9452509951221108e-05,0.0002614346347296523,2.022798150280226e-10,1.4158110390863357e-10,6.069871111938969e-11,6.629849626065622e-10,6.43493705903759e-10,1.949125670280315e-11,0.0010080482094584054,0.647929673461561,3.2352347778511536e-07,3.637696388658413e-10,2.179575533756947e-09,0.00011617837563248479,0.010437459921345798
74816,Input,0.00012043688295417619,0.023771243762920783,2.8430666121065713e-05,0.023694406427863666,4.840666893604547e-05,0.12958200690192756,0.11971291121574665,0.009869095686180883,0.2735784247005942,1.0646997156484816e-05,2.9344428527456398e-05,0.0002604050611893172,2.0155296177485716e-10,1.4113654298323754e-10,6.041641879162027e-11,6.585558900301784e-10,6.392354168834113e-10,1.9320473146767273e-11,0.0010049983084798597,0.6475738319340376,3.204936108660025e-07,3.6201036289703375e-10,2.1717354365189507e-09,0.00011573423292659659,0.010406640576331515
74817,Input,0.00012051071944903288,0.0237726847465245,2.8434177459947e-05,0.02369584178139364,4.840878767091085e-05,0.12966535422659223,0.11979579869372081,0.009869555532871409,0.2736048679797793,1.0652731709072922e-05,2.9348444120982033e-05,0.0002604589056846583,2.0156616483697023e-10,1.411493600579889e-10,6.041680477898195e-11,6.595064110398078e-10,6.401399940972894e-10,1.9366416942518366e-11,0.0010051147019003736,0.6475975060958442,3.214162289111386e-07,3.6211864284028906e-10,2.171921452101592e-09,0.00011575004804001334,0.010407612467930458
74818,Input,0.00012063903485705231,0.023775188933639814,2.8440279576280162e-05,0.023698336184387814,4.841246967571435e-05,0.12981019785700057,0.1199398431879319,0.009870354669068701,0.2736508219509773,1.0662697396861596e-05,2.9355422547066343e-05,0.0002605524783603751,2.0158910953803484e-10,1.4117163397794585e-10,6.041747556008963e-11,6.611582566673431e-10,6.417119971360183e-10,1.9446259531324923e-11,0.001005316974086682,0.6476386478068318,3.230195838799443e-07,3.6230681516789056e-10,2.172244715894528e-09,0.00011577753204687041,0.010409301452047472
74819,Input,0.00012043790183923179,0.023771263647351406,2.8430714574756775e-05,0.023694426234603733,4.840669817290585e-05,0.1295831570288897,0.11971405499718926,0.009869102031700421,0.2735787895968698,1.0647076288761392e-05,2.9344483939461542e-05,0.0002604058042006388,2.015531439666405e-10,1.411367198487015e-10,6.041642411793964e-11,6.585690064660768e-10,6.392478993313747e-10,1.932110713470209e-11,0.0010049999146167295,0.6475741586186902,3.205063422631259e-07,3.620118570743538e-10,2.1717380033864278e-09,0.00011573445116261584,0.010406653987664593
74821,Input,0.00012065979749911281,0.0237755941347106,2.844126695619963e-05,0.023698739802295615,4.841306545878499e-05,0.12983363492117964,0.11996315094434441,0.009870483976835228,0.27365825773651525,1.0664309939046799e-05,2.9356551722160513e-05,0.00026056761930098806,2.0159282220686196e-10,1.4117523810806934e-10,6.041758409879323e-11,6.614255408542783e-10,6.419663620397733e-10,1.9459178814505036e-11,0.0010053497036323221,0.6476453049233244,3.2327902182139725e-07,3.623372632235371e-10,2.1722970230221556e-09,0.00011578197921814602,0.01040957474559194
74822,Input,0.00012045589678250338,0.0237716148343661,2.8431570335097227e-05,0.02369477604949401,4.8407214536985486e-05,0.1296034698888391,0.11973425578633783,0.00986921410250126,0.27358523417837083,1.0648473876075245e-05,2.9345462593416282e-05,0.0002604189268257178,2.0155636172981033e-10,1.4113984354157865e-10,6.041651818823227e-11,6.588006611739544e-10,6.394683569205399e-10,1.9332304253414553e-11,0.0010050282812530847,0.6475799283291773,3.2073119664463187e-07,3.620382463475731e-10,2.1717833378766924e-09,0.00011573830551769217,0.010406890850671471
74825,Input,0.00012107152413180887,0.02393791501370755,2.8572167792976033e-05,0.023860827637505796,4.8515208408776394e-05,0.13036168500306547,0.12043518360339454,0.00992650139967093,0.27532170213107826,1.0719222312219393e-05,2.9532495139821465e-05,0.00026208747003845286,2.0291428932508833e-10,1.4193598654761057e-10,6.09783027774784e-11,6.607634462613542e-10,6.414228647561279e-10,1.9340581505226354e-11,0.0010102837309701384,0.64811987202418,3.200979867608664e-07,3.647713036048611e-10,2.1861141203911573e-09,0.00011651186342699529,0.010461479152069672
74826,Input,0.00012153998470047822,0.024024200267645155,2.865010618149319e-05,0.023946976346363655,4.857381509999715e-05,0.13092213227379804,0.12096598673191508,0.009956145541882941,0.27624746904797776,1.0767073260987343e-05,2.963474818511458e-05,0.00026303889172017567,2.036219791737688e-10,1.4236194430461495e-10,6.12600348691545e-11,6.638128980783277e-10,6.443682175129811e-10,1.9444680565346635e-11,0.0010131646943054619,0.648441352012338,3.2178873229793566e-07,3.6637341812638926e-10,2.193684227847986e-09,0.00011693305150214822,0.010490887858274064
74827,Input,0.00012049953311486679,0.023772466435455556,2.8433645487103862e-05,0.023695624323288887,4.840846667956017e-05,0.12965272698816008,0.11978324112271742,0.009869485865442647,0.2736008617853088,1.065186291618577e-05,2.934783575284186e-05,0.00026045074816690155,2.0156416455424963e-10,1.411474182529035e-10,6.041674630134674e-11,6.593624057526357e-10,6.400029493606301e-10,1.9359456392005662e-11,0.0010050970681313393,0.6475939194266018,3.2127645096284074e-07,3.621022382746188e-10,2.171893270475804e-09,0.0001157476520277988,0.010407465224968557
74837,Input,0.0001226084233364077,0.023890766104993827,2.8589595493498337e-05,0.02381366236407518,4.85141454251422e-05,0.13206490656461473,0.12215556011658898,0.009909346448025734,0.27511412055672557,1.0827118749621395e-05,2.9539303470447264e-05,0.00026259843609843553,2.025651875932589e-10,1.4185813369682219e-10,6.070705389643736e-11,6.835296375089086e-10,6.630453461041644e-10,2.0484291404744322e-11,0.0010105639507844836,0.648441369629215,3.434650546722503e-07,3.661100145230742e-10,2.183596096830681e-09,0.00011652020538732384,0.010458466502724147
74839,Input,0.00012240017163733598,0.023809559054123144,2.8524031494134544e-05,0.023732572017213394,4.8463005415612755e-05,0.13179818549495756,0.12191686263297087,0.009881322861986688,0.2742815430009755,1.0799477067957685e-05,2.9451201869559747e-05,0.0002618367690264616,2.0190402695583556e-10,1.4147734488424127e-10,6.042668207159491e-11,6.838299383843456e-10,6.632878344649561e-10,2.0542103919389554e-11,0.0010080931721476523,0.6482033202927194,3.4502572835627384e-07,3.6488949181043725e-10,2.1766815311161905e-09,0.0001161547517127911,0.010432482861791648
74844,Input,0.00012209019363983018,0.02380350956311215,2.850929030419721e-05,0.023726546162196892,4.845411061105723e-05,0.13144827943770007,0.12156888708929701,0.009879392348403055,0.27417052967693845,1.077540245375365e-05,2.9434343733995633e-05,0.00026161072079821166,2.0184859828519374e-10,1.414235366533247e-10,6.042506163186964e-11,6.798394916584567e-10,6.594902675044512e-10,2.0349224154005553e-11,0.0010076045330338406,0.6481039321881827,3.4115242295832657e-07,3.6443491443585494e-10,2.175900606480971e-09,0.00011608835721239172,0.010428402697745162
74846,Input,0.00012292663131485395,0.023974119048569897,2.8660388529800584e-05,0.02389689021941498,4.8568440625112785e-05,0.13245574730888182,0.12251769247753254,0.009938054831349252,0.2759860770754031,1.0863300247099628e-05,2.9633385037263777e-05,0.0002634402876426545,2.0324601004682236e-10,1.4225800951854217e-10,6.098800052828086e-11,6.846448392773744e-10,6.641499415267791e-10,2.049489775059536e-11,0.0010132080608814314,0.6487146741976201,3.4327833092617914e-07,3.674917862185393e-10,2.1907876743590795e-09,0.0001169092107084044,0.010485897471084396
74847,Input,0.00012210026343790226,0.02380370608400528,2.850976917949548e-05,0.023726741915262323,4.845439956345541e-05,0.13145964631976634,0.12158019125761546,0.009879455062150867,0.27417413600308216,1.0776184530241815e-05,2.943489137938456e-05,0.00026161806409364345,2.018503989146747e-10,1.4142528464197008e-10,6.042511427270528e-11,6.799691234164217e-10,6.596136334619232e-10,2.0355489954498616e-11,0.0010076204067321218,0.6481071608629646,3.412782493187223e-07,3.644496816206456e-10,2.175925975227945e-09,0.00011609051407261242,0.010428535244017411
74848,Input,0.00012203095040174235,0.02380235337964378,2.8506472956410653e-05,0.023725394496058334,4.845241062903183e-05,0.13138140511750548,0.12150238173037319,0.009879023387132296,0.27414931272334897,1.0770801294598357e-05,2.9431121793899957e-05,0.0002615675182834742,2.0183800471417208e-10,1.4141325278201474e-10,6.042475193215797e-11,6.790768343493546e-10,6.587644735274401e-10,2.031236082191452e-11,0.0010075111439430294,0.6480849370556653,3.404121537917282e-07,3.643480352513695e-10,2.1757513555519846e-09,0.00011607566784338316,0.010427622893591353
74849,Input,0.00012196881128373206,0.02380114068055269,2.850351789331425e-05,0.023724186535109507,4.845062754986362e-05,0.13131126190102116,0.12143262551042523,0.009878636390595899,0.27412705865983944,1.0765975225312429e-05,2.9427742361541273e-05,0.0002615222039784453,2.0182689331680232e-10,1.4140246622284684e-10,6.042442709395614e-11,6.78276897444126e-10,6.580032018778085e-10,2.0273695566317573e-11,0.0010074131898824125,0.6480650134184835,3.3963569938803014e-07,3.642569093090405e-10,2.17559480906012e-09,0.00011606235820292884,0.010426804971683263
74850,Input,0.00012230310974409777,0.02388480764391893,2.857507612215295e-05,0.02380772718333129,4.850538446548185e-05,0.131720265731485,0.1218128207475695,0.009907444983915492,0.27500477770972115,1.0803406399050539e-05,2.952269900829143e-05,0.0002623757893391249,2.0251059298755528e-10,1.4180513514721813e-10,6.07054578403378e-11,6.795992371753181e-10,6.593049231706704e-10,2.0294314004647783e-11,0.001010082664485516,0.6483434770707975,3.396500329782073e-07,3.6566227741807553e-10,2.182826923187324e-09,0.00011645480996058496,0.010454447735094602
74853,Input,0.00012189699100087579,0.023799739045084877,2.850010243660617e-05,0.023722790375978152,4.844856667010999e-05,0.13123019049528406,0.12135200139460149,0.009878189100682583,0.2741013374525366,1.076039726295477e-05,2.9423836419589303e-05,0.0002614698297847195,2.0181405078334552e-10,1.4138999913681003e-10,6.042405164653613e-11,6.773523317817813e-10,6.571233254495984e-10,2.022900633218291e-11,0.001007299974752142,0.6480419857138149,3.3873827475948337e-07,3.641515861058285e-10,2.1754138729012886e-09,0.00011604697494399707,0.010425859618986372
74854,Input,0.00012260051412966305,0.02396775458723323,2.864487983109485e-05,0.02389055062469483,4.855908270729986e-05,0.1320876231859046,0.12215159938146992,0.009936023804434655,0.275869283777024,1.0837972173875237e-05,2.9615649172905753e-05,0.0002632024700797713,2.0318769544967665e-10,1.4220139973027392e-10,6.098629571940336e-11,6.804466275837307e-10,6.601546519975259e-10,2.029197558620486e-11,0.0010126939804832977,0.6486101113926671,3.3920335959296507e-07,3.670135410042239e-10,2.1899660904210806e-09,0.0001168393593390923,0.010481604870884818
74857,Input,0.00012169062067936997,0.023795711548246615,2.8490288371958938e-05,0.02371877861499154,4.8442644883110184e-05,0.1309972377498825,0.12112033390399907,0.00987690384588343,0.2740274294475901,1.0744369396740419e-05,2.941261298152483e-05,0.0002613193363757837,2.017771487042527e-10,1.413541758783747e-10,6.042297282587861e-11,6.746956600812098e-10,6.545950649895489e-10,2.0100595091660854e-11,0.001006974659369021,0.6479758172913715,3.36159590831281e-07,3.6384894759697737e-10,2.174893966103584e-09,0.00011600277227637586,0.010423143217264815
74858,Input,0.00012276818845557738,0.024048169735271643,2.8708514149095186e-05,0.023970852162771596,4.8609058350950064e-05,0.1323085401379482,0.12234474545950794,0.009963794678440269,0.27668732923981537,1.0862462391202647e-05,2.970154397568816e-05,0.0002639345465247231,2.0384160025000723e-10,1.4257514482787377e-10,6.126645542213409e-11,6.796239610979474e-10,6.594150467675161e-10,2.0208914330431316e-11,0.0010151007942844957,0.6488351504244391,3.3713565457204134e-07,3.681745577006089e-10,2.196778429943435e-09,0.00011719612170508066,0.010507054401846964
74865,Input,0.0001214508412701298,0.023791032043918914,2.8478885518068944e-05,0.023714117393976983,4.8435764423855676e-05,0.13072657251436948,0.12085116199191655,0.009875410522452933,0.2739415565486438,1.0725746795078437e-05,2.9399572592145655e-05,0.0002611444797373588,2.0173427258398478e-10,1.4131255322797617e-10,6.042171935600926e-11,6.716089024202241e-10,6.516575069381171e-10,1.995139548210697e-11,0.0010065966789994975,0.6478989369283038,3.3316344630618706e-07,3.6349731523852504e-10,2.174289892107363e-09,0.00011595141368250579,0.010419987059948677
74886,Input,0.0001225069102632128,0.023794639694598368,2.8515356766519797e-05,0.023717668515833228,4.84558219986134e-05,0.13187071985984572,0.12202224940348408,0.009848470456361658,0.27414047467735597,1.0805474365863158e-05,2.944045742064898e-05,0.00026178232067933195,2.017941187060533e-10,1.414254490352475e-10,6.036866967080639e-11,6.858730363275597e-10,6.652238434037241e-10,2.0649192923835698e-11,0.00100773367225111,0.6482009567809219,3.472714441244048e-07,3.647046738457446e-10,2.1755973829952914e-09,0.00011610826446370935,0.010428470163298282
74887,Input,0.00012284885919619957,0.02384707419887002,2.8564141747586673e-05,0.023770017728849402,4.8492328273027464e-05,0.13226182701518452,0.12240458157837408,0.009857245436810394,0.2747085033778074,1.0838912946406294e-05,2.9504721715528663e-05,0.00026239412237851205,2.0222821411437338e-10,1.4169109155570634e-10,6.053712255866766e-11,6.885105995088421e-10,6.67760005504992e-10,2.0750594003850135e-11,0.0010095251212522706,0.6484125851482155,3.4907298624609787e-07,3.657024367371533e-10,2.1802677799154605e-09,0.00011637228897184838,0.010446660245382787
74891,Input,0.000122503157973394,0.02376318470064829,2.849204125352822e-05,0.023686255415239093,4.843724415565906e-05,0.1318399516400327,0.1220115858118654,0.00982836582816727,0.2738267006233665,1.080059617075834e-05,2.940914493019911e-05,0.0002615322216720097,2.0154247546030944e-10,1.4128644325705887e-10,6.025603220325122e-11,6.870414683395144e-10,6.663185879941773e-10,2.072288034533712e-11,0.0010068376717097247,0.6481304654333598,3.4891617034535286e-07,3.642803466741261e-10,2.1730069389167666e-09,0.00011597739484498717,0.010418867390217482
74892,Input,0.00012261890534154437,0.02376544361150263,2.849754568917326e-05,0.02368850550029232,4.844056552112951e-05,0.1319706083497131,0.12214152165790941,0.009829086691803664,0.27386815356580213,1.0809585754715187e-05,2.9415439844158066e-05,0.00026161662923546755,2.015631728091487e-10,1.4130653552542479e-10,6.025663728372454e-11,6.885315215367814e-10,6.677366189015003e-10,2.079490263528124e-11,0.0010070201320516012,0.6481675774594332,3.503624823722142e-07,3.644500881885302e-10,2.173298540165816e-09,0.00011600218689068952,0.010420390944320682
74897,Input,0.00012258829084616226,0.023764846142920633,2.84960897984491e-05,0.023687910366082598,4.843968703957539e-05,0.13193605042153664,0.12210715439390805,0.009828896027628571,0.2738571895073095,1.0807208062842515e-05,2.9413774876587687e-05,0.0002615943039333636,2.0155769848259953e-10,1.4130122123908779e-10,6.025647724351237e-11,6.881374112649385e-10,6.673615581000524e-10,2.077585316488603e-11,0.0010069718723686115,0.648157761547685,3.4997994138165e-07,3.64405192560302e-10,2.173221413357361e-09,0.00011599562954099944,0.010419987973257045
74901,Input,0.00012293939137632569,0.023848841013335193,2.8568447059813402e-05,0.02377177764018555,4.849492608982313e-05,0.13236402058523705,0.12250621132259093,0.009857809262646086,0.27474092593143695,1.0845944178710275e-05,2.9509645302937325e-05,0.0002624601420285575,2.0224440261302514e-10,1.4170680678869965e-10,6.053759582432611e-11,6.896760494590927e-10,6.688691229871224e-10,2.0806926471970242e-11,0.0010096678332015838,0.6484416124400062,3.5020422389777633e-07,3.658352006142287e-10,2.180495856779978e-09,0.00011639168015095756,0.010447851898175481
74907,Input,0.0001228923321365561,0.023847922611221945,2.8566209129388236e-05,0.023770862826365473,4.8493575727075936e-05,0.13231089967608287,0.12245338349392096,0.009857516182161852,0.2747240724686896,1.0842289296585401e-05,2.9507085988889346e-05,0.00026242582456777544,2.022359877218947e-10,1.4169863790426058e-10,6.053734981763473e-11,6.890702406895269e-10,6.682925962156307e-10,2.0777644473896363e-11,0.0010095936505647427,0.648426523857335,3.4961619891248864e-07,3.6576618905264556e-10,2.1803773008826355e-09,0.00011638160048485605,0.010447232468991124
74910,Input,0.00012246724491231872,0.023810868047591555,2.852722120403071e-05,0.02373387589630733,4.8464930080191116e-05,0.13187389843389327,0.12199215784590828,0.00988174058798497,0.274305564148508,1.0804686351299097e-05,2.9454849645761563e-05,0.0002618856815141052,2.019160206537683e-10,1.4148898795019316e-10,6.042703270357577e-11,6.846933942834844e-10,6.641095548936864e-10,2.0583839389798128e-11,0.0010081989042509364,0.64822482596641,3.458638371257321e-07,3.6498785360866686e-10,2.1768505081830155e-09,0.0001161691182053114,0.010433365730792891
74912,Input,0.00012250963266787016,0.023888838118923537,2.8584897443892674e-05,0.02381174191084824,4.851131063139677e-05,0.13195339073574966,0.12204465954664255,0.009908731189107093,0.27507874036656227,1.0819446117205107e-05,2.953393074562139e-05,0.0002625263940316753,2.0254752235420028e-10,1.4184098489546259e-10,6.070653745873832e-11,6.822578733740799e-10,6.618350531741403e-10,2.0422820199939576e-11,0.0010104082204258277,0.6484096944220362,3.422306237358868e-07,3.6596513971551247e-10,2.1833472144344736e-09,0.0001164990453142398,0.010457166145482217
75085,Input,0.00013000425950631875,0.024763609433569377,2.9137869835598297e-05,0.02468533342871835,4.913813501542553e-05,0.14274086852930154,0.13267309989594786,0.010067768633353714,0.2828619699567458,1.1764970410392762e-05,3.063680166780321e-05,0.00027513513215984153,2.077270761602452e-10,1.4209561912914343e-10,6.563145703110237e-11,7.561878389148869e-10,7.324402229562533e-10,2.3747615958632648e-11,0.00103378649597083,0.652889578042659,3.970015214247419e-07,3.9296071062348073e-10,2.2768278530457436e-09,0.00012254732118399008,0.010531589944999488
75086,Input,0.00013021759350804495,0.024767772832701464,2.9148015062242895e-05,0.024689480561014304,4.91442566249129e-05,0.14298168194194244,0.1329125846846493,0.010069097257293148,0.2829383718847933,1.178153911471851e-05,3.064840382521591e-05,0.000275290703760096,2.0776522344880614e-10,1.421326511937403e-10,6.563257225506642e-11,7.589341563166343e-10,7.350537960583007e-10,2.388036025833284e-11,0.001034122788670274,0.652957979226728,3.996672194649267e-07,3.9327356124899006e-10,2.2773653033771168e-09,0.00012259301540931182,0.010534398007928922
75087,Input,0.00013056614230736656,0.024924575027987148,2.9272819191152026e-05,0.024846060131230398,4.9242077565596694e-05,0.14343665826198343,0.13331342185931175,0.010123236402671702,0.28453707934170874,1.1830907651907137e-05,3.081664599536437e-05,0.00027673060484860684,2.0904073109081042e-10,1.4286328615686233e-10,6.617744493394867e-11,7.576243748870779e-10,7.338915127197156e-10,2.3732862167361314e-11,0.0010388381969112,0.65340277422041,3.95928021160858e-07,3.955641121411876e-10,2.290668241918462e-09,0.00012329154260350532,0.010584179571527273
75098,Input,0.00013583592478831616,0.024877419468431302,2.941519818233431e-05,0.024798698795863213,4.9305474385748657e-05,0.14932370673874842,0.13921961904683997,0.010104087691908487,0.284950481247338,1.2217889949717586e-05,3.09539564487215e-05,0.0002793878133673759,2.087698645413889e-10,1.431079219204597e-10,6.566194262092978e-11,8.312607467285789e-10,8.038844531204338e-10,2.737629360814425e-11,0.001042979341199752,0.6547593822330634,4.6987063083744646e-07,4.015127469443274e-10,2.2915195121948055e-09,0.0001237964114613971,0.010608350719009948
75414,Input,0.00012658208147899635,0.02510194575196511,2.9603428364648407e-05,0.025023049093710704,4.929322988974417e-05,0.13720666684022462,0.12675089566813946,0.010455771172085116,0.28773320353824666,1.1303159202132551e-05,3.088191115124904e-05,0.00027444747777743956,2.1240464788624062e-10,1.4758662285924896e-10,6.481802502699228e-11,6.908187805438823e-10,6.706127932438675e-10,2.020598730001487e-11,0.00104857157008748,0.652226976569996,3.3196921056637903e-07,3.860369853078982e-10,2.2872500423842117e-09,0.0001220798823011508,0.01085370041881578
75415,Input,0.0001269383237186317,0.02510889813001694,2.962036967842041e-05,0.025029974308093884,4.930345224462573e-05,0.13760879640587886,0.12715080659089578,0.010457989814983045,0.2878607856102084,1.1330826954525985e-05,3.0901285364960206e-05,0.00027470726372271734,2.1246834929062527e-10,1.476484619731434e-10,6.481988731748249e-11,6.954048017783397e-10,6.74977147391778e-10,2.0427654386561718e-11,0.0010491331386300164,0.6523411983574716,3.364206071198733e-07,3.8655940839376804e-10,2.2881475200867435e-09,0.00012215618618630411,0.010858389547688464
75416,Input,0.00012767288427712188,0.025354662231987603,2.982228354120491e-05,0.02527537992531045,4.9460023135936686e-05,0.13853290904458165,0.1279901646134778,0.010542744431103828,0.29039784322746026,1.1422280101959757e-05,3.117156193131809e-05,0.00027707233942835495,2.1447146605051886e-10,1.4880988923992468e-10,6.566157681059479e-11,6.959174602658999e-10,6.755949184073726e-10,2.0322541858527262e-11,0.0010567185682559383,0.6530905532421293,3.33110651470196e-07,3.903820043423716e-10,2.309167849089513e-09,0.0001232760665525691,0.010937785812732201
75417,Input,0.00012704436627875457,0.02526525331769349,2.9736733525439873e-05,0.025186119760563997,4.939682360404245e-05,0.13779178745305534,0.12727968398666276,0.010512103466392548,0.28941475447659004,1.1361998203571277e-05,3.106060417191751e-05,0.0002760041975319957,2.1373515555577353e-10,1.483561475524272e-10,6.537900800334696e-11,6.908075375399208e-10,6.706886883892455e-10,2.011884915067547e-11,0.0010535852956559703,0.6527177541129914,3.294199210586548e-07,3.885451683671921e-10,2.301194510464967e-09,0.0001228205956148727,0.010906270309996175
75418,Input,0.00012742331737837655,0.025349791716264714,2.98104152373702e-05,0.025270528439202224,4.94528618251155e-05,0.13825119559954815,0.12771000544743163,0.010541190152116513,0.2903084651063605,1.1402897349462046e-05,3.1157989249885154e-05,0.00027689034536508236,2.1442683978173536e-10,1.487665676060511e-10,6.566027217568491e-11,6.927047050961725e-10,6.725374529848691e-10,2.0167252111303485e-11,0.0010563251592100675,0.6530105347207473,3.299922081489371e-07,3.900160187997617e-10,2.308539117563619e-09,0.00012322261156643547,0.010934500825101957
75419,Input,0.00012675842607425835,0.0251825301078728,2.9667475002517546e-05,0.025103519178543896,4.934345432637939e-05,0.13743737087324567,0.12695377482953932,0.010483596043706318,0.2885543541098791,1.1328322800768541e-05,3.09682774861312e-05,0.000275185876926068,2.130601030595264e-10,1.4796187300513903e-10,6.509823005438798e-11,6.901077292314644e-10,6.699794082252223e-10,2.012832100624204e-11,0.0010509920514159368,0.6524547955462905,3.30009844206058e-07,3.8721071680439393e-10,2.294084224834071e-09,0.00012243850176088872,0.010879264074398222
75420,Input,0.00012644315430664305,0.025099234467012312,2.959682159948574e-05,0.02502034840203197,4.928924338084522e-05,0.13704984455117436,0.1265949386043488,0.01045490594682551,0.2876834491449475,1.1292369345743468e-05,3.0874355604971836e-05,0.00027434616658303563,2.1237980564407654e-10,1.4756250687220885e-10,6.481729877186833e-11,6.890303262519163e-10,6.689107845726378e-10,2.0119541679278623e-11,0.0010483525698651115,0.6521824324138303,3.3023325714088617e-07,3.8583325101135243e-10,2.2869000444738276e-09,0.00012205012534977193,0.010851871754658075
75421,Input,0.00012702895093606292,0.025110666799218022,2.9624679510203286e-05,0.025031736066919295,4.9306052788512546e-05,0.13771109725492856,0.12725254302222647,0.010458554232702063,0.28789324219982515,1.1337865567955316e-05,3.090621412096724e-05,0.00027477335267772824,2.1248455478335894e-10,1.47664193703402e-10,6.482036107995756e-11,6.965714751744667e-10,6.760874291840616e-10,2.0484045990405176e-11,0.0010492760003930097,0.6523702561210304,3.375530323026337e-07,3.8669231164140844e-10,2.288375836377844e-09,0.0001221755977215497,0.010859582451433796
75422,Input,0.0001269414288662361,0.02510895872968102,2.962051734558062e-05,0.025030034670988733,4.930354134669516e-05,0.13761230152548154,0.12715429237193357,0.010458009153547968,0.28786189766577347,1.1331068117547956e-05,3.0901454238234064e-05,0.00027470952811928766,2.1246890453714354e-10,1.4764900098720464e-10,6.481990354993953e-11,6.954447753448221e-10,6.750151888206695e-10,2.0429586524152903e-11,0.0010491380334825087,0.6523421939595376,3.3645940724463815e-07,3.8656396203904955e-10,2.2881553428557133e-09,0.00012215685128100608,0.01085843041998171
75423,Input,0.00012685023706433254,0.02510717904212148,2.9616180664643895e-05,0.02502826193685474,4.930092460208256e-05,0.137509363368209,0.1270519221485586,0.010457441219650377,0.28782923887987355,1.132398565535043e-05,3.089649477733298e-05,0.00027464302744692676,2.1245259808831935e-10,1.4763317125227503e-10,6.481942683604496e-11,6.942708338707109e-10,6.738979902557246e-10,2.0372843614986338e-11,0.001048994281727134,0.6523129551735161,3.3531992734153625e-07,3.864302308380408e-10,2.2879256042122947e-09,0.0001221373188168421,0.01085723008475
75424,Input,0.00012675325247569132,0.025105286303275784,2.9611568504252976e-05,0.025026376593137802,4.9298141633717695e-05,0.13739988625919078,0.12694304905036463,0.01045683720882612,0.2877945055063694,1.131645329313743e-05,3.089122027605837e-05,0.00027457230244513214,2.1243525580317531e-10,1.4761633596337405e-10,6.481891983980188e-11,6.930223199848252e-10,6.72709823764988e-10,2.0312496219837325e-11,0.0010488413984133878,0.6522818590489141,3.341080641327784e-07,3.8628800461542427e-10,2.287681271856076e-09,0.00012211654558983538,0.010855953500492984
75425,Input,0.00012628760091319677,0.025019055869543946,2.9533763699712387e-05,0.024940282490297422,4.92396155468015e-05,0.13684260982085067,0.12641539926001236,0.010427210560838287,0.2868697445870414,1.1268820507402013e-05,3.0789119998404496e-05,0.0002736229292019245,2.1172806824652637e-10,1.4719086581405187e-10,6.45372024324751e-11,6.900090294102087e-10,6.697988843830422e-10,2.021014502716671e-11,0.001045964863102953,0.6519612797111299,3.3245241830880865e-07,3.8469000945289063e-10,2.280118241101917e-09,0.00012169595917855248,0.010826581768545127
75426,Input,0.00012581493202096393,0.024932688486501136,2.9455625181839385e-05,0.024854051973221356,4.918088809792728e-05,0.13627741215519457,0.12587987194560848,0.01039754020958606,0.285942470530954,1.1220642716835447e-05,3.068663808367645e-05,0.0002726684386440456,2.110196258870786e-10,1.467641775456954e-10,6.425544834138379e-11,6.869054024868709e-10,6.668019750942658e-10,2.0103427392605272e-11,0.0010430772659048607,0.6516384504100993,3.3070908799957506e-07,3.8308172349760816e-10,2.272537531655366e-09,0.0001212738697183246,0.010797117669213999
75427,Input,0.00012610118645707354,0.025015417828825857,2.952489864823491e-05,0.02493665866378516,4.923426639245221e-05,0.13663218344258277,0.12620613385330579,0.010426049589276992,0.2868029834343489,1.125434252461184e-05,3.077898185893098e-05,0.00027348698840010664,2.1169473457260606e-10,1.47158506639588e-10,6.453622793301869e-11,6.876092560002223e-10,6.675151049366614e-10,2.009415106356109e-11,0.0010456710054892685,0.6519015097287395,3.301230913082885e-07,3.8441663587563505e-10,2.2796486089269915e-09,0.0001216560308778953,0.010824128040965298
75428,Input,0.00012639590963649708,0.025098312446063524,2.95945748508076e-05,0.025019429983515522,4.92878876971818e-05,0.13699651432648027,0.1265419026149818,0.010454611711498472,0.28766652927347874,1.1288700062064907e-05,3.087178620630351e-05,0.0002743117138990818,2.1237135759524027e-10,1.4755430579941903e-10,6.481705179582186e-11,6.884221303773168e-10,6.68331986077745e-10,2.009014429957193e-11,0.0010482780949219277,0.6521672843767019,3.2964291512508826e-07,3.8576396751932797e-10,2.286781021423493e-09,0.00012204000596615078,0.01085124988469934
75429,Input,0.0001259291382043763,0.025012060157099076,2.9516716790194006e-05,0.024933314110833216,4.9229329475657544e-05,0.13643797376885197,0.1260129956797832,0.010424978089068768,0.2867413672919763,1.1240980301029865e-05,3.076962502460442e-05,0.0002733615240026054,2.1166396978926661e-10,1.471286412549981e-10,6.453532853426918e-11,6.853944233598578e-10,6.654073270772231e-10,1.9987096282634724e-11,0.0010453997942858693,0.651846345975628,3.279732760593297e-07,3.841643300873472e-10,2.2792151693923834e-09,0.00012161917968886145,0.010821863412183368
75430,Input,0.0001262188043393775,0.025094856081703646,2.9586152501980412e-05,0.02501598712353293,4.928280566872718e-05,0.13679659621379756,0.12634308749730055,0.010453508716496977,0.28760310203704254,1.1274945080305063e-05,3.086215434490693e-05,0.0002741825617045722,2.123396885372363e-10,1.4752356257634954e-10,6.48161259608874e-11,6.861421967732706e-10,6.661622539345494e-10,1.9979942838721314e-11,0.0010479989119601297,0.6521104991857343,3.2742990998002e-07,3.8550424566281874e-10,2.2863348417247356e-09,0.00012200207160366393,0.010848918691287018
75431,Input,0.00012612841136400962,0.02509309198394076,2.9581853809719608e-05,0.025014229918284628,4.928021184640572e-05,0.1366945597793756,0.12624161402176026,0.010452945757615321,0.2875707293372189,1.1267924659416332e-05,3.085723832814104e-05,0.00027411664356814775,2.123235249304632e-10,1.4750787150752862e-10,6.481565342293518e-11,6.849785388507648e-10,6.650548418618189e-10,1.9923696988946145e-11,0.001047856419448616,0.6520815165271019,3.2630041175031937e-07,3.853716859271147e-10,2.286107115557448e-09,0.00012198271024096254,0.010847728870812279
75432,Input,0.0001274474054272298,0.02535026181554977,2.9811560759007933e-05,0.025270996701760168,4.945355303058297e-05,0.13827838641395782,0.12773704624375648,0.010541340170201308,0.29031709182952886,1.1404768161222029e-05,3.115929927703647e-05,0.0002769079113239861,2.1443114708269555e-10,1.4877074898442456e-10,6.566039809827161e-11,6.930147983171523e-10,6.728325577316709e-10,2.01822405854815e-11,0.0010563631308175359,0.6530182580609093,3.302931984463129e-07,3.9005134350698165e-10,2.3085998023571045e-09,0.00012322777100995104,0.01093481789015713
75433,Input,0.00012735180438649672,0.02527125324054023,2.9751353929393263e-05,0.025192096241084254,4.940564552657661e-05,0.13813882645903747,0.12762480829725398,0.010514018161783507,0.28952485818250057,1.1385875555819068e-05,3.107732417572293e-05,0.0002762283935720721,2.1379013005639586e-10,1.4840951489084167e-10,6.53806151655548e-11,6.947652874457996e-10,6.744551389430136e-10,2.0310148502786084e-11,0.001054069930971147,0.6528163278538267,3.332614894661996e-07,3.8899602103734446e-10,2.301969036379944e-09,0.000122886446093718,0.010910317042099176
75434,Input,0.00012701098687255524,0.025110316214848855,2.962382521836857e-05,0.025031386852319946,4.930553731052634e-05,0.13769081925234494,0.12723237689812744,0.010458442354217468,0.28788680867738403,1.1336470378935568e-05,3.090523714640668e-05,0.00027476025257139574,2.1248134254194967e-10,1.476610753708584e-10,6.482026717109187e-11,6.963402179917485e-10,6.758673499055256e-10,2.0472868086222996e-11,0.0010492476824344981,0.6523644963115078,3.373285637767603e-07,3.866659676528291e-10,2.2883305796826768e-09,0.0001221717499806412,0.010859345994889648
75435,Input,0.0001273211473347849,0.02519351210412622,2.969423555020137e-05,0.02511445826698862,4.935960158738469e-05,0.1380725758851824,0.12758547526680952,0.010487100618372864,0.2887558831156151,1.1372026861574765e-05,3.099888104951665e-05,0.000275596235548177,2.1316072598006868e-10,1.4805955424629713e-10,6.510117173377217e-11,6.973518214887353e-10,6.768733545186499e-10,2.0478466970085537e-11,0.0010518791066917279,0.6526352206084439,3.370412829322735e-07,3.8803593780488444e-10,2.295501883179639e-09,0.0001225590315960944,0.010886671035775704
75436,Input,0.00012762788050390387,0.02527664110678894,2.976448289505084e-05,0.025197463056375664,4.941356751822294e-05,0.13845046375756245,0.12793472621989077,0.010515737537671667,0.2896237301273716,1.140731716158143e-05,3.109233855948794e-05,0.00027642971920713056,2.1383949656726746e-10,1.4845743818731922e-10,6.538205837994888e-11,6.983193043362495e-10,6.778373710707318e-10,2.0481933265517895e-11,0.001054505128276891,0.6529048460139467,3.367111766194866e-07,3.8940088189084245e-10,2.302664552329507e-09,0.00012294557911617424,0.010913950964046546
75437,Input,0.0001271722916825264,0.025190607056227592,2.9687156630210784e-05,0.02511156456941617,4.935533018120593e-05,0.1379045462353319,0.1274183726758503,0.010486173559481594,0.28870257300685936,1.1360465904251832e-05,3.0990785543430895e-05,0.0002754876841131436,2.1313410837821113e-10,1.4803371480164492e-10,6.510039357656685e-11,6.954355546731404e-10,6.750497111908984e-10,2.038584348224214e-11,0.0010516444555403858,0.652587493088276,3.3518126897629283e-07,3.878176435641968e-10,2.295126872543802e-09,0.00012252714805357573,0.010884711685481977
75438,Input,0.000126670534429428,0.02510367198844911,2.960763479785761e-05,0.025024768585608103,4.929576804313821e-05,0.13730651335638822,0.12685019130771286,0.010456322048675373,0.2877648814512835,1.13100289499017e-05,3.0886721659870366e-05,0.0002745119811708721,2.1242046458773632e-10,1.4760197716445892e-10,6.481848742327799e-11,6.919574638997505e-10,6.716964379051701e-10,2.026102599458048e-11,0.0010487110044075307,0.6522553371993142,3.330744673688876e-07,3.861667000305715e-10,2.2874728810650395e-09,0.00012209882812795145,0.010854864703220031
75439,Input,0.0001259479330074626,0.02501242695407576,2.9517610588348585e-05,0.024933679474695724,4.9229868791678226e-05,0.13645918951802702,0.1260340943767063,0.010425095141320706,0.28674809832960485,1.1242440009902703e-05,3.077064717888918e-05,0.0002733752299171289,2.116673305792531e-10,1.47131903793348e-10,6.453542678590572e-11,6.85636374921075e-10,6.656375838173921e-10,1.9998791103682982e-11,0.0010454294217949126,0.6518523721448043,3.2820812502549297e-07,3.8419189234115723e-10,2.279262518961909e-09,0.00012162320536671944,0.010822110803548016
75440,Input,0.00012638646208838628,0.025098128068921168,2.9594125566980155e-05,0.025019246326753963,4.928761660021797e-05,0.13698584984597909,0.12653129697291463,0.010454552873064432,0.287663145795528,1.128796631296732e-05,3.087127240194293e-05,0.0002743048243729575,2.123696682332958e-10,1.4755266582543883e-10,6.48170024078576e-11,6.883005090437713e-10,6.682162433577712e-10,2.008426568600024e-11,0.001048263202118007,0.6521642552136424,3.2952486403956164e-07,3.8575011285334847e-10,2.286757220304957e-09,0.00012203798238627782,0.010851125528950093
75441,Input,0.00012683114860031323,0.025183949351403653,2.9670933365943083e-05,0.025104932876941738,4.934554109596061e-05,0.13751946073952784,0.1270354117868231,0.010484048952704744,0.28858039844016925,1.1333970836347845e-05,3.097223249652762e-05,0.0002752389090712552,2.1307310692746982e-10,1.479744967090996e-10,6.509861021837087e-11,6.910439097614668e-10,6.708703381120294e-10,2.017357164943756e-11,0.0010511066888126924,0.6524781125367861,3.309185427426871e-07,3.8731736313165915e-10,2.2942674340056524e-09,0.00012245407827220255,0.010880221303100152
75442,Input,0.00012736314040535652,0.02527147447283654,2.9751893020581965e-05,0.025192316609002823,4.940597081312277e-05,0.1381516226629492,0.12763753390151486,0.010514088761434351,0.28952891798398683,1.1386755974051509e-05,3.107794068445656e-05,0.0002762366602458337,2.1379215710496324e-10,1.4841148267928273e-10,6.538067442568111e-11,6.949112196723054e-10,6.745940174796585e-10,2.031720219264686e-11,0.0010540878006982065,0.6528199625164045,3.3340313778767484e-07,3.8901264511303033e-10,2.301997595104964e-09,0.0001228888741670483,0.010910466255323837
75443,Input,0.00012715985108803979,0.025190364267174425,2.968656501026441e-05,0.025111322728965237,4.9354973198912335e-05,0.13789050317614132,0.12740440709550285,0.010486096080638458,0.2886981176204833,1.1359499698536766e-05,3.099010896241534e-05,0.00027547861193910324,2.1313188381511331e-10,1.480315552729485e-10,6.510032854216545e-11,6.952754028883792e-10,6.748973004037729e-10,2.037810248460642e-11,0.00105162484459666,0.6525835042661169,3.350258185179815e-07,3.877993996474496e-10,2.2950955310718604e-09,0.0001225244833900762,0.010884547933000352
75444,Input,0.0001272397521813347,0.02519192360670673,2.969036475476866e-05,0.025112875975994802,4.935726595715437e-05,0.13798069627613666,0.1274941025790635,0.010486593697073153,0.2887267328319894,1.13657052615478e-05,3.099445437877819e-05,0.0002755368789797315,2.1314617131751605e-10,1.4804542508471928e-10,6.51007462327974e-11,6.963039954294602e-10,6.758761755318353e-10,2.0427819897624944e-11,0.0010517507980505646,0.652609122917366,3.360242162702455e-07,3.8791657321947247e-10,2.295296825139946e-09,0.00012254159748595838,0.010885599651415077
75445,Input,0.0001273331493102225,0.02519374633314605,2.9694806311355304e-05,0.02511469158085116,4.93599459835246e-05,0.13808612382709592,0.12759894846155778,0.010487175365538145,0.28876018141807225,1.1372959001696555e-05,3.099953377626046e-05,0.00027560498786384133,2.131628721115649e-10,1.4806163763631513e-10,6.510123447525039e-11,6.975063267890296e-10,6.7702039174629e-10,2.0485935042739664e-11,0.0010518980262108197,0.6526390687963768,3.371912526611661e-07,3.8805353849437895e-10,2.295532119642762e-09,0.00012256160231133675,0.010886829014822802
75446,Input,0.00012741953777574042,0.025195432279406134,2.9698914566743883e-05,0.025116370939942758,4.936242489661784e-05,0.13818363993341676,0.12769592654870468,0.010487713384712065,0.2887911199711075,1.1379668410092495e-05,3.100423200798851e-05,0.00027566798575313895,2.131783196524903e-10,1.480766335732478e-10,6.510168607924312e-11,6.986184333648325e-10,6.780787442263344e-10,2.0539689138498226e-11,0.0010520342061447951,0.6526667674908349,3.3827071285673874e-07,3.881802256856161e-10,2.2957497572862874e-09,0.00012258010594402835,0.010887966124920531
75447,Input,0.00012759093248356572,0.02519877719663466,2.970706534506568e-05,0.02511970278822961,4.936734305997209e-05,0.1383771118795952,0.12788833106489042,0.01048878081470478,0.2888525020575496,1.1392979875747185e-05,3.1013553299314795e-05,0.00027579297355984474,2.1320896757229828e-10,1.4810638551077482e-10,6.510258206152412e-11,7.008248527113006e-10,6.801785154516473e-10,2.0646337259653293e-11,0.0010523043871215666,0.6527217216981509,3.4041236178776293e-07,3.884315730616474e-10,2.2961815503514855e-09,0.00012261681714962594,0.01089022215125225
75448,Input,0.00012714545084747885,0.02511294039661062,2.963021973349553e-05,0.025034000781128933,4.930939574817781e-05,0.1378426034424722,0.1273833236593656,0.010459279783106576,0.28793496465277457,1.1346913598604947e-05,3.09125499619484e-05,0.00027485830902552956,2.1250538669811302e-10,1.4768441660369062e-10,6.482097009442301e-11,6.980712161038772e-10,6.775146795632975e-10,2.0556536540579612e-11,0.0010494596470193235,0.652407609434709,3.3900874767397816e-07,3.868631567475019e-10,2.2886693335020195e-09,0.00012220055095525423,0.010861115911078686
75449,Input,0.00012746137281552074,0.02519624872669959,2.9700904057199332e-05,0.0251171841972912,4.936362535118369e-05,0.13823086371685472,0.12774288978748072,0.010487973929374002,0.2888061024758808,1.1382917551809087e-05,3.100650720422056e-05,0.0002756984935204553,2.1318580037905779e-10,1.480838956031306e-10,6.510190477592777e-11,6.99156989323198e-10,6.785912688769211e-10,2.056572044627681e-11,0.0010521001535247028,0.6526801810406366,3.3879345926683346e-07,3.882415760482286e-10,2.295855151906043e-09,0.00012258906663345715,0.01088851678924693
75450,Input,0.00012738357058540858,0.025194730348313106,2.9697204125394942e-05,0.025115671751367977,4.9361392819725326e-05,0.13814303983321316,0.12765555044875293,0.010487489384460244,0.2887782389363659,1.1376874998178716e-05,3.100227593441118e-05,0.0002756417570539568,2.1317188818457044e-10,1.480703901272666e-10,6.51014980573045e-11,6.981554161247255e-10,6.776381071012309e-10,2.0517309023494758e-11,0.0010519775086496456,0.6526552353469365,3.3782128769242953e-07,3.88127480422779e-10,2.295659145484109e-09,0.00012257240209520017,0.010887492697651416
75451,Input,0.0001257705304207853,0.024931821950542724,2.945351363706195e-05,0.02485318882290963,4.917961399602739e-05,0.13622729121441993,0.12583002753379063,0.010397263680629265,0.2859265688564221,1.1217194241772883e-05,3.0684223305204765e-05,0.00027263605923927303,2.1101168622138595e-10,1.4675646999362819e-10,6.425521622775839e-11,6.863338063688151e-10,6.662580072927163e-10,2.0075799076098815e-11,0.0010430072726836076,0.6516242139452029,3.3015427133828554e-07,3.8301660931854104e-10,2.2724256711242908e-09,0.00012126435929473159,0.010796533221885115
75452,Input,0.00012539488710817392,0.02484734810632035,2.937998922893056e-05,0.024768844446399655,4.912367069175235e-05,0.13577161692878315,0.12540341933329394,0.010368197595489235,0.28503404285405815,1.117655199700668e-05,3.058701812104341e-05,0.00027175232357543445,2.103205934768784e-10,1.4634662412968456e-10,6.397396934719444e-11,6.844792210214706e-10,6.644497666786815e-10,2.0029454342789128e-11,0.0010402726234160938,0.6513324939116938,3.296233164373409e-07,3.8155060969843897e-10,2.265089397302147e-09,0.00012086305184140988,0.010768346246365183
75453,Input,0.00012581725599234317,0.02493273384082977,2.94557356996948e-05,0.02485409715034589,4.9180954784180416e-05,0.13628003547578194,0.1258824807927224,0.010397554683059505,0.28594330282159997,1.1220823209369843e-05,3.068676447272623e-05,0.00027267013337598466,2.1102004144768354e-10,1.4676458095751698e-10,6.425546049016717e-11,6.869353197198873e-10,6.668304462664069e-10,2.0104873453480538e-11,0.0010430809293368606,0.651639195543987,3.3073812699898885e-07,3.8308513156146004e-10,2.272543386414466e-09,0.00012127436749210179,0.010797148259076966
75454,Input,0.00012623217197144367,0.025017974125395706,2.9531127743080042e-05,0.024939204972636783,4.9238025015836135e-05,0.13678004111396555,0.126353175759322,0.010426865354643518,0.28684989365851943,1.1264515587700678e-05,3.0786105498595584e-05,0.0002735825082230877,2.117181567283503e-10,1.471812440559874e-10,6.453691267236352e-11,6.892954747678863e-10,6.691198196766728e-10,2.0175655091213698e-11,0.0010458774867433541,0.6519435075547135,3.3175981037849683e-07,3.846087238680403e-10,2.2799785994935853e-09,0.00012168408679752875,0.010825852171034671
75455,Input,0.000126720631081347,0.02510464966830995,2.9610017174242717e-05,0.025025742445571403,4.929720556428904e-05,0.13736306292473122,0.12690642887885667,0.010456634045874538,0.2877828227113,1.1313919734336624e-05,3.088944616340337e-05,0.00027454851363284904,2.1242942261327946e-10,1.4761067330494726e-10,6.481874930833281e-11,6.926023742554425e-10,6.723101762727003e-10,2.029219798274225e-11,0.001048789975120922,0.6522713996660633,3.33700446095953e-07,3.862401659045623e-10,2.287599089086061e-09,0.0001221095583804294,0.010855524113112521
75456,Input,0.0001262867391894925,0.025096181889562304,2.9589383184599716e-05,0.025017307751321535,4.928475505616482e-05,0.13687328170678542,0.1264193498984819,0.010453931808303505,0.2876274317429891,1.1280221278360046e-05,3.086584897782276e-05,0.0002742321024869131,2.1235183629760133e-10,1.47535355200767e-10,6.481648109683493e-11,6.870167440069342e-10,6.669945295939172e-10,2.0022214413016958e-11,0.0010481060022220975,0.6521322811058681,3.2827878449297403e-07,3.856038709460853e-10,2.286505989349637e-09,0.00012201662263783211,0.010849812900989558
75457,Input,0.00012628994474586696,0.025096244448791116,2.9589535626759327e-05,0.02501737006612489,4.928484703945934e-05,0.13687690016874504,0.1264229483965403,0.010453951772204729,0.2876285797582398,1.1280470239685189e-05,3.08660233118218e-05,0.00027423444010553393,2.1235240949869927e-10,1.475359116445114e-10,6.481649785418845e-11,6.870580101678938e-10,6.670338011392384e-10,2.0024209028655497e-11,0.0010481110553556704,0.6521333089019523,3.2831883926753376e-07,3.8560857183909223e-10,2.286514065077471e-09,0.00012201730923918994,0.010849855094938719
75458,Input,0.00012555017321624177,0.02492752148748141,2.9443034417787125e-05,0.024848905162207564,4.917329085605427e-05,0.13597854994487654,0.1255826586280281,0.01039589131684846,0.28584765168827236,1.120008007648002e-05,3.067223919131082e-05,0.0002724753660414656,2.1097228307983242e-10,1.4671821879050531e-10,6.42540642893277e-11,6.834970770123055e-10,6.635583923322446e-10,1.9938684680060964e-11,0.0010426599088383779,0.6515535609148048,3.2740081542624437e-07,3.8269345928751403e-10,2.271870527304533e-09,0.00012121716076250415,0.010793632714266518
75459,Input,0.00012560114558831818,0.024928516257785003,2.9445458439570536e-05,0.02484989604583947,4.9174753505955236e-05,0.13603608803430814,0.12563987926635836,0.01039620876794975,0.28586590657250216,1.1204038874209786e-05,3.067501132083422e-05,0.0002725125371132522,2.1098139769714844e-10,1.467270669448554e-10,6.425433075229368e-11,6.841532607959926e-10,6.641828592223254e-10,1.9970401573667192e-11,0.0010427402600082052,0.65156990416331,3.2803773664484164e-07,3.827682093899767e-10,2.271998941519059e-09,0.0001212280785863672,0.010794303651047785
75460,Input,0.00012566307143398967,0.02492972479468037,2.944840336037272e-05,0.024851099860854705,4.9176530465283365e-05,0.13610599050698555,0.12570939607073933,0.010396594436246237,0.2858880842561672,1.1208848379580478e-05,3.0678379154389024e-05,0.00027255769589164795,2.1099247095825591e-10,1.467378164826626e-10,6.425465447559391e-11,6.849504521776265e-10,6.649415180542932e-10,2.0008934123333407e-11,0.0010428378778733261,0.6515897594190786,3.28811526121004e-07,3.8285902257210787e-10,2.2721549507159403e-09,0.00012124134254580383,0.0107951187657046
75461,Input,0.00012612022148635727,0.02501578931402633,2.9525803870490653e-05,0.024937028697554077,4.92348126017527e-05,0.136653670361332,0.12622750222369708,0.010426168137634915,0.2868098005048859,1.1255820890786391e-05,3.078001707790366e-05,0.0002735008694970842,2.1169813831860518e-10,1.4716181087814503e-10,6.453632744046074e-11,6.878543000707487e-10,6.677483047085218e-10,2.0105995362227008e-11,0.0010457010116829836,0.6519076129215323,3.303609420017828e-07,3.844445504170106e-10,2.279696563696102e-09,0.00012166010801004517,0.010824378594368226
75462,Input,0.00012657954471131792,0.025101896244731074,2.9603307727137108e-05,0.025022999779906612,4.9293157097310885e-05,0.13720380331318824,0.12674804793985173,0.010455755373336493,0.28773229503824166,1.1302962182654797e-05,3.0881773189284765e-05,0.00027444562786601423,2.1240419427449633e-10,1.4758618250870112e-10,6.481801176579583e-11,6.907861239154821e-10,6.70581715086064e-10,2.020440882941829e-11,0.0010485675712103972,0.6522261632073276,3.3193751258774417e-07,3.860332651819523e-10,2.2872436515294094e-09,0.00012207933894831932,0.01085366702796753
75463,Input,0.0001262836810652575,0.02501897937029218,2.95335772889882e-05,0.024940206289936234,4.923950306694296e-05,0.1368381850599047,0.12641099891150775,0.010427186148396909,0.28686834076046996,1.1268516070223777e-05,3.078890681769979e-05,0.00027362007069361483,2.117273673194859e-10,1.471901853783927e-10,6.453718194109389e-11,6.899585679435851e-10,6.697508619906654e-10,2.0207705952919666e-11,0.0010459586839836647,0.6519600228920657,3.3240343816084834e-07,3.8468426106365223e-10,2.2801083658661044e-09,0.00012169511958236287,0.010826530172551996
75464,Input,0.00012688324052886963,0.025262108808136646,2.9729071093583544e-05,0.025182987536935077,4.9392200107969756e-05,0.13760990720246163,0.12709880721196518,0.010511099990496424,0.2893570500419959,1.1349484282267096e-05,3.105184135727813e-05,0.0002758866982559826,2.1370634387818947e-10,1.4832817817516112e-10,6.537816570302895e-11,6.88733313800629e-10,6.687147230459856e-10,2.0018590754643525e-11,0.0010533313023265419,0.6526660924369951,3.2740658707431e-07,3.8830888024045525e-10,2.300788587888314e-09,0.00012278608392774922,0.010904149451429007
75465,Input,0.00012735780447570579,0.025348513174823065,2.9807299731916947e-05,0.025269254893155787,4.945098193534974e-05,0.13817724402344445,0.12763646187947536,0.010540782143969073,0.2902850027795137,1.1397809253307235e-05,3.1154426334441776e-05,0.000276842570762706,2.1441512510155112e-10,1.487551954008517e-10,6.565992970070003e-11,6.918613363730064e-10,6.71734848810795e-10,2.012648756221149e-11,0.001056221886826344,0.6529895293485223,3.2917359688751964e-07,3.8991994526055253e-10,2.3083740715279905e-09,0.0001232085792916368,0.010933638494897204
75466,Input,0.0001275406044237082,0.025352080675262286,2.9815992893288785e-05,0.02527280845499744,4.9456227371552706e-05,0.13838359031120379,0.12784166970648733,0.010541920604716435,0.2903504694578742,1.1412006513306611e-05,3.116436789909905e-05,0.0002769758757220987,2.1444781244772634e-10,1.4878692714275853e-10,6.566088530496841e-11,6.942145790543202e-10,6.739743466090312e-10,2.0240232445289038e-11,0.0010565100466483812,0.6530481404128157,3.3145775908948014e-07,3.901880182241349e-10,2.308834597706818e-09,0.0001232477333971485,0.01093604464559674
75467,Input,0.00012763139289575774,0.025353852491487902,2.982031039363194e-05,0.025274573348551627,4.945883254263347e-05,0.13848607318597198,0.12794358715925802,0.01054248602671393,0.2903829837980776,1.1419057650665886e-05,3.116930542492922e-05,0.0002770420822703616,2.144640467751812e-10,1.4880268686476434e-10,6.566135991041748e-11,6.953833283331515e-10,6.750866039454364e-10,2.0296724387715233e-11,0.0010566531626078478,0.6530772498793693,3.325921992164902e-07,3.903211579488853e-10,2.3090633202451525e-09,0.00012326717947168365,0.010937239671896906
75468,Input,0.00012743199227951133,0.025272818177219238,2.975516731283052e-05,0.025193655063391874,4.940794651452357e-05,0.13822934330123368,0.12771482573685403,0.010514517564379669,0.2895535761064265,1.1392103393290422e-05,3.108168518967204e-05,0.0002762868697584108,2.1380446884284886e-10,1.4842343448738968e-10,6.53810343554598e-11,6.957975720521614e-10,6.754375276789726e-10,2.036004437318897e-11,0.001054196336526691,0.6528420384615397,3.3426347090153583e-07,3.891136151961982e-10,2.302171052979849e-09,0.00012290362161952183,0.010911372535587984
75469,Input,0.0001275204979977127,0.025274545443512295,2.9759376255442717e-05,0.025195375581074753,4.941048618208638e-05,0.13832924938214836,0.12781418061254574,0.010515068769602594,0.2895852729173385,1.1398977239297859e-05,3.108649856806548e-05,0.0002763514116321902,2.138202949800056e-10,1.4843879795241214e-10,6.538149702759408e-11,6.969369347045458e-10,6.76521818802735e-10,2.041511590181093e-11,0.0010543358540281173,0.6528704160097638,3.35369387059511e-07,3.892434073018934e-10,2.3023940245980196e-09,0.00012292257874870442,0.010912537514561393
75470,Input,0.00012799450310896753,0.02536093890403488,2.983757831801424e-05,0.025281632073743152,4.9469251973704736e-05,0.1388959553843102,0.12835120794160998,0.010544747442700219,0.2905130255174402,1.1447258808060636e-05,3.1189053152988185e-05,0.0002773068766138826,2.1452897627526388e-10,1.4886571817136597e-10,6.566325810389855e-11,7.000577632062676e-10,6.795350982250394e-10,2.0522664981228255e-11,0.0010572255575979005,0.6531936737420925,3.371294139871899e-07,3.908536527992717e-10,2.3099781003685058e-09,0.00012334495441503434,0.010942019202214453
75471,Input,0.00012666435559782125,0.02510355140316059,2.9607340959807683e-05,0.025024648471458927,4.929559074184598e-05,0.13729953863359062,0.1268432550660927,0.010456283567497858,0.2877626686083048,1.130954906749598e-05,3.088638562446885e-05,0.0002745074753222358,2.1241935972085919e-10,1.476009045980169e-10,6.48184551228429e-11,6.918779218078817e-10,6.716207405106677e-10,2.0257181297214076e-11,0.0010487012643007327,0.6522533560833429,3.3299726027029376e-07,3.86157638880837e-10,2.2874573147930547e-09,0.00012209750467776827,0.01085478337278118
75472,Input,0.0001268865187454042,0.025185029948083738,2.9673566526464835e-05,0.025106009251617503,4.934712993975842e-05,0.13758196307619186,0.12709756928347238,0.010484393792719475,0.28860022831167115,1.1338271189573597e-05,3.0975243798683445e-05,0.0002752792871732381,2.1308300793192927e-10,1.4798410826081264e-10,6.509889967111726e-11,6.917567074953964e-10,6.715486824954619e-10,2.0208024999934547e-11,0.0010511939724871678,0.6524958658412554,3.316104159839867e-07,3.873985624922209e-10,2.2944069274881096e-09,0.00012246593805950983,0.01088095012668462
75473,Input,0.0001264302257836684,0.025098982155609087,2.9596206775806922e-05,0.025020097076435804,4.9288872397465825e-05,0.13703525071375164,0.12658042528454164,0.010454825429210004,0.2876788190153194,1.1291365244790022e-05,3.087365248799352e-05,0.000274336738592224,2.1237749383211696e-10,1.4756026264534363e-10,6.481723118677394e-11,6.888638932063783e-10,6.687523961318722e-10,2.0111497074506116e-11,0.0010483321897669753,0.6521782871473817,3.3007170981098523e-07,3.8581429155591264e-10,2.286867473768264e-09,0.0001220473561763767,0.010851701579693916
75474,Input,0.00012674408002574846,0.025182250132222264,2.9666792767560105e-05,0.025103240296787527,4.934304266716917e-05,0.13742117691976602,0.12693767022188984,0.010483506697876153,0.2885492163176981,1.1327208606903146e-05,3.096749727710819e-05,0.0002751754152195141,2.130575377729439e-10,1.4795938271390168e-10,6.509815505904285e-11,6.899230479225766e-10,6.698036535578802e-10,2.011939436469637e-11,0.0010509694367771979,0.6524501957792732,3.29830584298646e-07,3.871896785722622e-10,2.2940480829698428e-09,0.00012243542896626721,0.01087907524089452
75475,Input,0.00012745080237284038,0.02535032810990647,2.9811722302797668e-05,0.025271062737097883,4.9453650505782936e-05,0.13828222091787382,0.12774085959181727,0.01054136132605655,0.2903183083875647,1.1405031986899025e-05,3.115948401972811e-05,0.00027691038851121523,2.1443175450703196e-10,1.4877133865090184e-10,6.566041585613073e-11,6.930585282934694e-10,6.728741740028938e-10,2.0184354290575613e-11,0.001056368485650802,0.6530193472220374,3.3033564470984083e-07,3.900563250689947e-10,2.3086083602500303e-09,0.00012322849860516268,0.010934862603315675
75476,Input,0.00012720328422335318,0.02519121190269621,2.968863049911323e-05,0.025112167052686325,4.93562195107569e-05,0.13793953090473537,0.12745316432664747,0.01048636657808788,0.2887136724558693,1.136287295723498e-05,3.099247107098104e-05,0.0002755102851009532,2.131396503049016e-10,1.480390947118544e-10,6.510055559304784e-11,6.958345316459071e-10,6.754294034594234e-10,2.0405128186483794e-11,0.0010516933111617726,0.6525974302125633,3.355685338036235e-07,3.8786309358953414e-10,2.2952049517585666e-09,0.00012253378637720145,0.01088511963266471
75477,Input,0.0001268485554173038,0.025107146223312834,2.9616100692908942e-05,0.02502822924627262,4.930087634729747e-05,0.1375074651093446,0.1270500343628325,0.010457430746512095,0.28782863662672004,1.1323855049295258e-05,3.089640332105605e-05,0.0002746418011233346,2.1245229738484997e-10,1.4763287933977682e-10,6.481941804507376e-11,6.942491854862e-10,6.738773882541407e-10,2.0371797232059252e-11,0.001048991630834101,0.6523124159877931,3.35298914454924e-07,3.8642776473174465e-10,2.2879213676548518e-09,0.00012213695862316635,0.01085720794964428
75478,Input,0.0001269023440885746,0.025108195956151824,2.9618658645492865e-05,0.025029274877695545,4.930241981077586e-05,0.13756818226359727,0.12711041652633945,0.010457765737257794,0.2878479001203917,1.1328032576473998e-05,3.089932861484913e-05,0.0002746810259519951,2.1246191559829776e-10,1.4764221636778436e-10,6.481969923051402e-11,6.949416243976373e-10,6.74536357866536e-10,2.040526653110147e-11,0.0010490764215252933,0.6523296622250299,3.3597102651596697e-07,3.86506644888289e-10,2.288056876945282e-09,0.0001221484796729986,0.010857915956678307
75479,Input,0.0001261887477598306,0.024939983826719594,2.9473402213927255e-05,0.024861318809782092,4.9191614723570885e-05,0.13669937885083133,0.12629951055226002,0.010399868298571294,0.28607634625143374,1.1249675324856097e-05,3.070696803113246e-05,0.00027294103988072265,2.1108646969417813e-10,1.4682906719515128e-10,6.425740249902746e-11,6.917176530441649e-10,6.713816236843568e-10,2.0336029359808115e-11,0.0010436665367332372,0.6517583067806509,3.353800728141108e-07,3.83629917816298e-10,2.2734792821081806e-09,0.00012135393768902955,0.010802038113729442
75480,Input,0.00012624222601242187,0.02494102750146728,2.947594540436434e-05,0.024862358406783303,4.919314927959937e-05,0.13675974560158072,0.12635954424552182,0.010400201356058882,0.28609549857395866,1.1253828743194818e-05,3.070987644282352e-05,0.0002729800383397921,2.1109603240015478e-10,1.468383503384311e-10,6.425768206172427e-11,6.924060958358346e-10,6.720367903309583e-10,2.0369305504876307e-11,0.001043750838090639,0.6517754534884874,3.360483060632486e-07,3.8370834274921517e-10,2.2736140093637697e-09,0.00012136539224997129,0.010802742034798833
75481,Input,0.000126682552644232,0.025026763697086216,2.9552545866608467e-05,0.024947960202550815,4.925094866878013e-05,0.13728843502175372,0.12685876473897456,0.010429670282779128,0.28701118980202184,1.129949465405241e-05,3.081059942557884e-05,0.00027391094364089474,2.1179869148299837e-10,1.472594244024531e-10,6.45392670805459e-11,6.950933704107797e-10,6.746374718209955e-10,2.0455898589784175e-11,0.001046587452013793,0.6520879129052497,3.3738750623135925e-07,3.852691993387061e-10,2.281113239259753e-09,0.00012178055428876982,0.010831780420920568
75482,Input,0.0001279688314356317,0.025283295061628557,2.9780697021486742e-05,0.025204091013517345,4.942335108971881e-05,0.13883533235210493,0.1283174714043514,0.010517860947753508,0.2897458358786481,1.1433797306010712e-05,3.111088115629813e-05,0.0002766783541252776,2.139004636586476e-10,1.4851662292498846e-10,6.538384073365975e-11,7.027084756327592e-10,6.820143900975698e-10,2.0694085535189505e-11,0.001055042592104883,0.6530141649563138,3.4097150185199524e-07,3.899008805380152e-10,2.3035235067847577e-09,0.00012301860774064087,0.010918438817198855
75483,Input,0.00012764974009212685,0.02519992487841282,2.9709861976228323e-05,0.025120845985894955,4.936903054162801e-05,0.13844349445711343,0.12795434739419728,0.010489147062916145,0.28887356299786654,1.1397547201492119e-05,3.1016751547723715e-05,0.00027583585839628417,2.1321948324628934e-10,1.4811659376234934e-10,6.510288948394063e-11,7.015819020210206e-10,6.808989724940664e-10,2.0682929526953988e-11,0.0010523970895003286,0.6527405771549712,3.411471875802806e-07,3.8851781340296286e-10,2.2963297038031275e-09,0.00012262941321070612,0.010890996221321876
75484,Input,0.00012772921446164935,0.025201475890058486,2.9713641427627157e-05,0.025122390937575793,4.937131105505079e-05,0.13853320586733092,0.12804356384557528,0.01048964202175564,0.2889020253855438,1.140371962276317e-05,3.1021073756738754e-05,0.000275893814253043,2.1323369444414268e-10,1.4813038950031016e-10,6.510330494383312e-11,7.026050012093657e-10,6.818726197926942e-10,2.0732381416671587e-11,0.0010525223702809218,0.652766058985971,3.4214025323960734e-07,3.886343611919505e-10,2.2965299228300522e-09,0.00012264643590619245,0.01089204232287667
75485,Input,0.00012691440015347527,0.025185574078082824,2.9674892443579605e-05,0.02510655125564374,4.934792999549632e-05,0.137613435869898,0.1271288684344121,0.010484567435485882,0.28861021356163635,1.1340436614694662e-05,3.097676012745763e-05,0.000275299619399868,2.1308799354186755e-10,1.4798894811801488e-10,6.509904542385325e-11,6.921156338528981e-10,6.718902600104953e-10,2.0225373842402706e-11,0.0010512379238212667,0.6525048054444604,3.3195880589957103e-07,3.8743945009515595e-10,2.2944771688555697e-09,0.00012247191000646802,0.01088131712279303
75486,Input,0.00012768268703681777,0.025354853541393885,2.9822749717332727e-05,0.025275570487250865,4.946030442568081e-05,0.13854397449123604,0.12800116900947406,0.010542805481761945,0.2904013539183717,1.1423041438763376e-05,3.1172095053840286e-05,0.0002770794879888304,2.1447321892957135e-10,1.4881159087411024e-10,6.56616280554617e-11,6.960436543527312e-10,6.757150128548572e-10,2.0328641497874152e-11,0.0010567340210037115,0.6530936962965178,3.332331410738141e-07,3.9039637991999987e-10,2.3091925450892334e-09,0.0001232781662155703,0.010937914844044066
75487,Input,0.00012808827792044303,0.025439911838587466,2.9897698300199194e-05,0.025360497033213112,4.951710707414551e-05,0.13903345387459656,0.12846139579706123,0.010572058077535326,0.29130460513165973,1.1466009578348917e-05,3.127092893492861e-05,0.00027798506260711905,2.1516966674464393e-10,1.4922663525481786e-10,6.594303148982669e-11,6.982837644394515e-10,6.778901437228609e-10,2.0393620716590726e-11,0.0010595158786365893,0.6533950184061178,3.341383034649574e-07,3.9190629713527373e-10,2.316604265543583e-09,0.000123685888169378,0.010966496012066413
75488,Input,0.00012775089508348044,0.025356184680921472,2.9825993391978018e-05,0.02527689642587701,4.946226165248096e-05,0.13862096837103718,0.12807773809602652,0.010543230275010676,0.2904257814649944,1.142833885478073e-05,3.1175804544534644e-05,0.0002771292279969101,2.1448541554153739e-10,1.488234309219676e-10,6.566198461957039e-11,6.969217185336551e-10,6.765506354684975e-10,2.0371083065157813e-11,0.001056841541923726,0.6531155658115366,3.3408542929248687e-07,3.9049640584128074e-10,2.309364380975611e-09,0.000123292775765983,0.010938812649765485
75489,Input,0.00012741121498163635,0.02527241269012745,2.9754179235944988e-05,0.025193251160580594,4.9407350310905e-05,0.13820588969343442,0.1276915015280963,0.010514388165338118,0.289546135072159,1.1390489712853205e-05,3.108055521752224e-05,0.00027627171813019764,2.1380075355334443e-10,1.484198278132035e-10,6.538092574014152e-11,6.955300991962001e-10,6.751829832255806e-10,2.0347115970619474e-11,0.001054163583878107,0.6528353766459597,3.3400384982951947e-07,3.890831456480531e-10,2.3021187089299668e-09,0.00012289917130910253,0.010911099049132641
75490,Input,0.00012786949689107025,0.02535849929865136,2.983163357220584e-05,0.02527920200015319,4.946566492596145e-05,0.13875484719860326,0.12821087828277794,0.010543968915825307,0.29046825667614906,1.1437550130369968e-05,3.1182254697018325e-05,0.00027721571713061843,2.1450662330655077e-10,1.488440186846516e-10,6.566260462189977e-11,6.984485178503463e-10,6.780036363575385e-10,2.0444881492807858e-11,0.0010570285019099943,0.6531535930552307,3.3556740874019017e-07,3.906703333417765e-10,2.309663173386923e-09,0.00012331817920695218,0.010940373776152099
75491,Input,0.00012793835256798576,0.025359843077248253,2.983490804529697e-05,0.02528054052846647,4.9467640736482296e-05,0.13883257212947955,0.1282881743870257,0.01054439774245386,0.2904929161604825,1.1442897844952414e-05,3.118599940904672e-05,0.0002772659294163192,2.1451893572442646e-10,1.4885597115286936e-10,6.566296457155776e-11,6.993349191843679e-10,6.788471931447996e-10,2.0487726039568228e-11,0.0010571370437330258,0.6531756702196433,3.364277893711452e-07,3.907713090016272e-10,2.3098366408420673e-09,0.00012333292747394292,0.01094128010647105
75492,Input,0.00012762497709043873,0.025276584444142564,2.976434482147884e-05,0.025197406615116165,4.941348420490547e-05,0.13844718635733935,0.1279314669018515,0.01051571945548784,0.28962269031944193,1.140709166635399e-05,3.1092180657513654e-05,0.00027642760192308146,2.1383897739381002e-10,1.4845693419173423e-10,6.53820432020764e-11,6.982819277583984e-10,6.778018011040352e-10,2.0480126654363304e-11,0.0010545005514314566,0.6529039150938062,3.366748972476036e-07,3.893966240851887e-10,2.302657237787445e-09,0.00012294495723111135,0.010913912747130095
75493,Input,0.00012770232056590923,0.02527809386953205,2.9768022936930574e-05,0.02519891014302269,4.941570357242023e-05,0.1385344923944589,0.12801829125113767,0.010516201143321177,0.2896503895638194,1.1413098590549044e-05,3.109638697797824e-05,0.0002764840038475325,2.1385280755615268e-10,1.484703600336375e-10,6.538244752251576e-11,6.992775952604261e-10,6.787493426373722e-10,2.0528252623053887e-11,0.0010546224731407944,0.652928713697214,3.376413364898931e-07,3.8951004695488703e-10,2.302852088473153e-09,0.00012296152350824822,0.010914930800251235
75494,Input,0.00012777640875951977,0.0252795397652565,2.9771546245497362e-05,0.025200350389481225,4.941782952976991e-05,0.13861812383902652,0.1281014612814588,0.010516662557567683,0.2896769229846131,1.1418852691461366e-05,3.110041626012612e-05,0.00027653803189157,2.1386605562574188e-10,1.4848322080008568e-10,6.538283482565684e-11,7.002313564692832e-10,6.796570034342119e-10,2.0574353035071222e-11,0.0010547392633309405,0.6529524685610777,3.38567099616776e-07,3.896186960100136e-10,2.303038738158082e-09,0.00012297739253327533,0.01091590600489889
75495,Input,0.00012793430235777338,0.0252826211965549,2.9779054970440655e-05,0.02520341978130505,4.9422360279398385e-05,0.13879635560668638,0.1282787097027565,0.010517645903929843,0.2897334698793197,1.1431115585904937e-05,3.110900329438495e-05,0.00027665317415464814,2.1389428934660102e-10,1.4851062911700956e-10,6.538366022959207e-11,7.022639716782971e-10,6.815913714113842e-10,2.0672600266912973e-11,0.0010549881616029081,0.6530030939137645,3.405400465076456e-07,3.8985024424225914e-10,2.303436518005722e-09,0.00012301121192257602,0.010917984319450081
75496,Input,0.00012877561385504703,0.025453325798905222,2.9930384973589793e-05,0.02537385858378406,4.9536830147561974e-05,0.13980932509392133,0.12923298635334232,0.010576338740578992,0.291550762753957,1.1519391907376488e-05,3.1308309660195807e-05,0.00027848629518323706,2.1529257262004805e-10,1.4934594801567186e-10,6.594662460437678e-11,7.071320615827833e-10,6.863107550469631e-10,2.08213065358203e-11,0.0010605993723834949,0.6536153986146159,3.4272685493353346e-07,3.9291426340101647e-10,2.318335864458095e-09,0.00012383310934749954,0.010975543245711369
75497,Input,0.00012708391895172367,0.02526602522260775,2.9738614476570137e-05,0.025186888649564976,4.939795856619635e-05,0.13783643487953065,0.1273240850828403,0.010512349796690345,0.2894289195906826,1.1365070083995472e-05,3.1062755241761825e-05,0.0002760330409070712,2.1374222816125084e-10,1.4836301339251133e-10,6.53792147687401e-11,6.913167118542904e-10,6.71173251568812e-10,2.01434602854785e-11,0.0010536476451879502,0.6527304358685591,3.2991414833590387e-07,3.886031716783325e-10,2.3012941551396178e-09,0.00012282906744184874,0.010906790932090292
75498,Input,0.00012775748609639693,0.025202027635671552,2.971498590220602e-05,0.025122940527461005,4.937212230832543e-05,0.13856511915255226,0.12807530105773546,0.010489818094816795,0.28891215038852647,1.1405915355056889e-05,3.1022611307968285e-05,0.0002759144310484151,2.1323874983240744e-10,1.4813529709589154e-10,6.51034527365165e-11,7.029689510807171e-10,6.822189780081183e-10,2.0749973072598815e-11,0.001052566936755511,0.652775123707378,3.4249351920157134e-07,3.886758210555605e-10,2.296601147291885e-09,0.00012265249143619665,0.010892414455442725
75499,Input,0.00012683300028057924,0.025029699813943,2.9559700494359017e-05,0.024950884847691757,4.925526575687e-05,0.13745826171810493,0.12702765446170852,0.01043060725639639,0.28706507005268095,1.1311179253708235e-05,3.0818781511627685e-05,0.00027402065601375453,2.1182559375525973e-10,1.4728554019525958e-10,6.45400535600008e-11,6.970301313509441e-10,6.764806186819843e-10,2.0549512668959885e-11,0.0010468246127164598,0.6521361508625527,3.3926741269782166e-07,3.854898281965384e-10,2.281492260566037e-09,0.00012181277881996854,0.010833760726108815
75500,Input,0.000126740578681601,0.02502789612582081,2.9555305329683426e-05,0.024949088206767826,4.92526137232862e-05,0.1373539353544142,0.126923903690975,0.010430031663439197,0.28703197083596893,1.1304001278634442e-05,3.0813755168283434e-05,0.0002739532585246773,2.1180906740045013e-10,1.4726949698322673e-10,6.453957041722402e-11,6.958403583024965e-10,6.753483537678908e-10,2.0492004534605917e-11,0.0010466789223494493,0.6521065177672537,3.3811256596324776e-07,3.8535429351937976e-10,2.2812594237064883e-09,0.00012179298294432689,0.010832544203361057
75501,Input,0.00012767552945461134,0.025200428180317418,2.9711088404858115e-05,0.02512134732134634,4.936977056621284e-05,0.13847260573023196,0.127983298053611,0.010489307676620957,0.2888827990174461,1.1399550146724933e-05,3.101815410071901e-05,0.00027585466502044536,2.132240947673996e-10,1.4812107046709264e-10,6.510302430030759e-11,7.019138968010276e-10,6.812149201796816e-10,2.0698976621345955e-11,0.0010524377430026148,0.6527488459865503,3.4146943650673504e-07,3.885556330572115e-10,2.2963946746999423e-09,0.00012263493706030692,0.01089133568034941
75502,Input,0.00012834989412920686,0.025367874669797695,2.9854479151536372e-05,0.025288540740743267,4.94794499028844e-05,0.13929712408556402,0.12875016330127956,0.010546960784284442,0.2906403027397177,1.1474860450024536e-05,3.120838107318146e-05,0.0002775660418162759,2.1459252546897577e-10,1.489274095244187e-10,6.566511594455768e-11,7.046328264189328e-10,6.83889024011323e-10,2.0743802407609824e-11,0.001057785784306195,0.6533076226034799,3.415701741964666e-07,3.913748275866129e-10,2.3108734336020697e-09,0.0001234210759766454,0.010946697126695845
75503,Input,0.00012749572751283024,0.02519691918858473,2.9702537815473635e-05,0.025117852039611588,4.936461115766219e-05,0.1382696436198819,0.12778145573270974,0.010488187887172139,0.2888184060237948,1.1385585728552203e-05,3.100837558245762e-05,0.0002757235463258846,2.1319194350927182e-10,1.4808985914086806e-10,6.510208436840439e-11,6.995992484206196e-10,6.790121512120881e-10,2.0587097208531575e-11,0.0010521543091389196,0.6526911961716296,3.392227356529136e-07,3.8829195661792447e-10,2.2959417013698127e-09,0.00012259642510077608,0.010888968991667481
75504,Input,0.00012741088058969172,0.025195263326868843,2.9698502869059225e-05,0.02511620264752072,4.936217647905749e-05,0.13817386762098932,0.1276862081524113,0.010487659468578025,0.2887880195478265,1.1378996044905634e-05,3.100376118742322e-05,0.0002756616725903219,2.1317677161902328e-10,1.4807513079605152e-10,6.510164082297237e-11,6.985069866169942e-10,6.779726842995847e-10,2.0534302317409646e-11,0.0010520205592416184,0.6526639917412044,3.381625376774572e-07,3.881675300719372e-10,2.2957279473194138e-09,0.00012257825165260382,0.010887852172512476
75505,Input,0.000126295459219444,0.02501920923124505,2.953413740618804e-05,0.024940435252798317,4.923984104054224e-05,0.13685148035030056,0.12642422084867588,0.010427259501624654,0.2868725589051698,1.1269430827143163e-05,3.078954737193774e-05,0.0002736286597899615,2.117294734284176e-10,1.471922299158932e-10,6.453724351252505e-11,6.901101919207342e-10,6.698951571650143e-10,2.0215034755719958e-11,0.0010459772506783021,0.6519637993162924,3.3255061114911045e-07,3.847015335231513e-10,2.2801380384584678e-09,0.00012169764235710537,0.010826685205495084
75506,Input,0.0001262135778547826,0.025017611244989666,2.953024348868901e-05,0.024938843510042462,4.923749145850331e-05,0.13675905190150073,0.1263323023492531,0.01042674955224761,0.28684323449330545,1.1263071465251077e-05,3.078509425863053e-05,0.000273568948657051,2.1171483182407782e-10,1.4717801635424394e-10,6.453681546983451e-11,6.890561067077399e-10,6.688920215630643e-10,2.0164085144675657e-11,0.001045848175589787,0.6519375457315346,3.315274690735883e-07,3.8458145591740353e-10,2.279931755511472e-09,0.0001216801041048989,0.010825607421256019
75507,Input,0.0001261233382780068,0.025015850140934107,2.9525952091390434e-05,0.024937089286804756,4.923490203794749e-05,0.13665718862484155,0.12623100107612367,0.010426187548717849,0.2868109167305669,1.1256062958149628e-05,3.078018658443825e-05,0.00027350314238495325,2.116986956472517e-10,1.4716235191346416e-10,6.453634373378815e-11,6.878944235347794e-10,6.677864887896061e-10,2.0107934745173382e-11,0.0010457059248907656,0.6519086122570232,3.3039988762378694e-07,3.84449121138083e-10,2.2797044157998053e-09,0.00012166077559879691,0.010824419619929172
75508,Input,0.00012886512877142365,0.025455072760580975,2.9934641909227644e-05,0.025375598719897714,4.953939877402057e-05,0.13991037036715717,0.1293334741361647,0.010576896230992483,0.29158282099195404,1.1526344133323535e-05,3.1313177923773964e-05,0.00027855157300428143,2.1530857921683003e-10,1.4936148666463932e-10,6.594709255219135e-11,7.082844159687317e-10,6.874074099438897e-10,2.0877006024842157e-11,0.001060740480751712,0.6536440997415928,3.4384538144698995e-07,3.9304553547838927e-10,2.3185613785396766e-09,0.00012385228263785868,0.010976721508511837
75509,Input,0.00012674600185821295,0.025028001963842954,2.9555563232105995e-05,0.02494919363126975,4.92527693410927e-05,0.1373600570867996,0.12692999164833058,0.01043006543846904,0.2870339130540211,1.130442247267319e-05,3.081405010743153e-05,0.00027395721331977403,2.1181003714498902e-10,1.472704383775895e-10,6.453959876740012e-11,6.95910172603928e-10,6.75414793568419e-10,2.0495379035509085e-11,0.0010466874712665823,0.6521082565979074,3.381803308349936e-07,3.8536224651412777e-10,2.2812730862639972e-09,0.00012179414454000343,0.010832615587299298
75510,Input,0.00012600103582606907,0.024936320464593625,2.946447546012103e-05,0.024857669760795332,4.918622833815971e-05,0.13648748786769324,0.12608878862125097,0.010398699246442263,0.28600912042929166,1.12350965727409e-05,3.069675932841221e-05,0.00027280415290684195,2.1105290401198218e-10,1.467964827951006e-10,6.42564212168822e-11,6.893011767861206e-10,6.690819487284534e-10,2.0219228057667238e-11,0.001043370633818504,0.6516981207885949,3.3303453328502224e-07,3.833546415105161e-10,2.2730063812101216e-09,0.00012131373148032642,0.010799567307770977
75511,Input,0.0001264669267461235,0.025022555569597038,2.9542291647454206e-05,0.024943768516656147,4.924476129343021e-05,0.1370450344950814,0.12661670710995507,0.010428327385126291,0.2869339670704405,1.1282747948314808e-05,3.079887262351322e-05,0.0002737537006990588,2.1176013436931845e-10,1.472219944938455e-10,6.453813987547357e-11,6.923175486877949e-10,6.719958205003379e-10,2.0321728187457137e-11,0.001046247546444319,0.6520187768714846,3.346931699823317e-07,3.8495298768677337e-10,2.2805700149755157e-09,0.00012173436915984688,0.01082894219032345
75512,Input,0.0001278435207853256,0.025280849514981024,2.9774737798212207e-05,0.0252016550218765,4.9419755306301386e-05,0.13869388052025303,0.12817679999535062,0.010517080524902413,0.28970095801009077,1.1424064984407081e-05,3.110406614378923e-05,0.00027658697263784797,2.1387805625289745e-10,1.4849487059268675e-10,6.538318566021133e-11,7.01095311220264e-10,6.804791986025902e-10,2.061611261767396e-11,0.0010548450565197466,0.652973986659427,3.3940569259406003e-07,3.8971711463565537e-10,2.303207812849489e-09,0.00012299176732587358,0.010916789383967672
75513,Input,0.00012707228789750037,0.02518865539513085,2.9682400890121543e-05,0.025109620533663578,4.935246057713798e-05,0.13779166102925006,0.1273061102838616,0.010485550745388464,0.28866675835975103,1.1352699054466308e-05,3.098534684333457e-05,0.000275414757393811,2.1311622621590364e-10,1.480163554187193e-10,6.509987079718495e-11,6.941481736985406e-10,6.738245562670134e-10,2.032361743152714e-11,0.0010514868128648214,0.6525554289201086,3.339316796393944e-07,3.8767098974227656e-10,2.2948749339547073e-09,0.0001225057281418456,0.01088339536028645
75514,Input,0.00012747401559770635,0.025196495461622077,2.9701505292303217e-05,0.025117429968194518,4.936398813524412e-05,0.13824513500740737,0.12775708233998437,0.010488052667422964,0.28881063027232695,1.1383899460544653e-05,3.10071947812025e-05,0.0002757077131377707,2.1318806109631963e-10,1.4808609022903551e-10,6.510197086728476e-11,6.99319743935411e-10,6.787461566828403e-10,2.0573587252570743e-11,0.001052120083190463,0.6526842346901458,3.389514361454461e-07,3.882601164697411e-10,2.2958870027475415e-09,0.00012259177460374415,0.010888683203075449
75515,Input,0.00012728886200773028,0.025270024865114808,2.9748360666748922e-05,0.025190872665050174,4.94038393978775e-05,0.13806777651431304,0.1275541503516978,0.010513626162615267,0.2895023164448744,1.1380987100838137e-05,3.107390105807422e-05,0.0002761824934974975,2.1377887502407056e-10,1.4839858889584088e-10,6.53802861282303e-11,6.939550099058155e-10,6.736840264771537e-10,2.0270983428661893e-11,0.0010539707106767097,0.6527961466675136,3.324749979816511e-07,3.889037171270029e-10,2.3018104662408584e-09,0.00012287296440203094,0.010909488547067562
76874,Input,0.0001241601980112585,0.024306764527906474,2.894169339400254e-05,0.0242290383398011,4.8784494711366245e-05,0.13397478734202664,0.12392214351743494,0.010052643824591687,0.27945984098332877,1.1004976681987107e-05,3.0007575867941155e-05,0.0002667790600684509,2.0596227865692838e-10,1.438506968639656e-10,6.211158179296343e-11,6.886001725453603e-10,6.680872816806737e-10,2.0512890864686717e-11,0.001023722604872772,0.6497953028824278,3.420408005430749e-07,3.7296129123791087e-10,2.2194550639821674e-09,0.00011845682173615347,0.0105951045061384
76875,Input,0.00012326034165736715,0.02413491737161136,2.8787579255017305e-05,0.024057461447455134,4.866834490120182e-05,0.13289573187412004,0.12290214549799465,0.00999358637612537,0.277621581268494,1.0912153441546973e-05,2.98050855434707e-05,0.00026490324581254234,2.0455352669344095e-10,1.430052153241184e-10,6.154831136932319e-11,6.82978415821656e-10,6.626506599992081e-10,2.0327755822447972e-11,0.0010180191059069395,0.6491642269707922,3.3912244952066705e-07,3.6981141705902065e-10,2.2044082260266367e-09,0.00011762238452925394,0.010536774968346615
76876,Input,0.00012280279707091056,0.024048845152588504,2.8710159982593695e-05,0.023971524941162312,4.861005144359471e-05,0.13234760666601092,0.12238359644839511,0.009964010217615789,0.2766997237241316,1.0865150288630809e-05,2.9703426163242333e-05,0.00026395978449722827,2.038477887845358e-10,1.425811524425449e-10,6.126663634199155e-11,6.800694889639738e-10,6.598390398741098e-10,2.0230449089864066e-11,0.0010151553501667283,0.6488462469690527,3.375681037705785e-07,3.682253106366968e-10,2.1968656191004783e-09,0.00011720353455935756,0.010507509946527932
76877,Input,0.00012313422838348658,0.024132456161064655,2.8781581862496388e-05,0.02405500985311562,4.8664726086537385e-05,0.13275337403328472,0.12276057307867397,0.00999280095461074,0.2775764159540158,1.0902358783735411e-05,2.9798226880324872e-05,0.0002648112790202252,2.0453097576667283e-10,1.4298332366659042e-10,6.154765210008304e-11,6.813549189770505e-10,6.611056354941675e-10,2.0249283482883182e-11,0.0010178203050924149,0.6491237913290734,3.375466111437345e-07,3.6962647412306433e-10,2.204090510049393e-09,0.00011759537219973248,0.010535114970378975
76878,Input,0.00012342737739421043,0.024138177219718896,2.879552273985475e-05,0.024060708558994958,4.8673137984081775e-05,0.13308428337316258,0.12308965671430254,0.009994626658860027,0.277681402263949,1.0925126365287193e-05,2.9814169772410868e-05,0.0002650250548850303,2.0458339516448536e-10,1.4303421059982088e-10,6.154918456466513e-11,6.851287207289589e-10,6.646970290981881e-10,2.043169163077086e-11,0.0010182824155453099,0.6492177835632225,3.412096312766981e-07,3.7005637207946276e-10,2.2048290375774965e-09,0.00011765816208245379,0.010538973618616733
76879,Input,0.0001235214107033854,0.02414001236177145,2.8799994550377227e-05,0.02406253653095545,4.867583626561644e-05,0.1331904290503688,0.12319521676097324,0.009995212289395539,0.2777150786871329,1.093242951473306e-05,2.9819283768521458e-05,0.0002650936276969928,2.046002097170199e-10,1.4305053358420893e-10,6.154967613281162e-11,6.863392418425248e-10,6.658490392117545e-10,2.0490202630770475e-11,0.0010184306465592327,0.6492479334204297,3.4238461700776543e-07,3.7019427030176235e-10,2.2050659348032893e-09,0.00011767830317193049,0.01054021135590891
76880,Input,0.0001245074074554879,0.024313540623076776,2.8958205147761198e-05,0.024235787960058406,4.8794457870594006e-05,0.1343667206039047,0.12431191439180857,0.010054806212096104,0.27958418811393515,1.1031942897283289e-05,3.0026458833593743e-05,0.00026703225894169746,2.0602436486331327e-10,1.4391096799966498e-10,6.211339686364893e-11,6.930699116915945e-10,6.723409742794723e-10,2.0728937412122147e-11,0.0010242699344139023,0.6499066284888155,3.463793285204577e-07,3.734704678854728e-10,2.220329785448727e-09,0.00011853119087773463,0.010599674738549555
76881,Input,0.00012466028335373809,0.024316524129582726,2.8965475252965692e-05,0.024238759809692204,4.879884463754885e-05,0.13453928834495996,0.12448353003626164,0.010055758308698304,0.2796389380051095,1.1043816089255243e-05,3.0034772980526504e-05,0.0002671437420992752,2.0605170134487447e-10,1.4393750530779915e-10,6.211419603707593e-11,6.95037932430319e-10,6.742138699847279e-10,2.0824062445591043e-11,0.0010245109229487185,0.6499556450186293,3.482895771402724e-07,3.7369465774740703e-10,2.2207149242522405e-09,0.00011856393552080316,0.01060168700635125
76882,Input,0.0001231216333583343,0.024055067520854213,2.872532243383102e-05,0.023977722997984,4.861920043637699e-05,0.1327075120436207,0.12274151614383139,0.009965995899789295,0.2768139094933647,1.088991288686596e-05,2.9720766056394094e-05,0.0002641922925411986,2.0390480144900386e-10,1.4263649835972712e-10,6.126830308927735e-11,6.841739713126628e-10,6.637451305020668e-10,2.0428840810595926e-11,0.001015657953197238,0.648948475303062,3.415520972251998e-07,3.686928785403056e-10,2.1976688603416452e-09,0.00011727182642582234,0.010511706710063183
76883,Input,0.0001233280422160702,0.024136238607068743,2.8790798795767732e-05,0.024058777520707314,4.867028756565803e-05,0.13297215289677494,0.12297814488798772,0.009994008008787195,0.2776458270669741,1.0917411443228665e-05,2.9808767434461567e-05,0.0002649526157403098,2.0456563255902113e-10,1.430169672785319e-10,6.154866528048988e-11,6.83849946946417e-10,6.634800653344484e-10,2.0369881611968776e-11,0.0010181258268396362,0.6491859337701771,3.399683964639292e-07,3.6991069875798193e-10,2.204578783403401e-09,0.00011763688538030794,0.01053766609412899
76884,Input,0.00012316893754944717,0.0240559907034066,2.87275720130645e-05,0.023978642573565533,4.862055782799185e-05,0.13276090945613786,0.12279461895033057,0.009966290505807274,0.2768308506812509,1.0893586793273642e-05,2.9723338692106784e-05,0.00026422678863019815,2.0391326014107322e-10,1.4264470976459846e-10,6.126855037647539e-11,6.847829334198642e-10,6.643246581934164e-10,2.045827522644785e-11,0.0010157325219673152,0.6489636424243711,3.4214318298050286e-07,3.687622493187991e-10,2.1977880333425887e-09,0.00011728195855829951,0.010512329363481746
76885,Input,0.00012374678787407145,0.024144410793850882,2.8810712497158454e-05,0.02406691777790043,4.868230345328996e-05,0.13344483690455572,0.12344822098750609,0.009996615917049603,0.2777957936703938,1.0949933558498497e-05,2.9831540892985298e-05,0.00026525798165285896,2.0464051050309076e-10,1.430896561894944e-10,6.1550854313597e-11,6.89240594842063e-10,6.686101542068065e-10,2.0630440635256664e-11,0.001018785923713881,0.649320196000292,3.4520079950722184e-07,3.7052478202635445e-10,2.205633725376236e-09,0.00011772657693577673,0.010543177940105633
76886,Input,0.0001231695653505521,0.023978860118184658,2.8671941403847397e-05,0.02390161276517458,4.857541160623018e-05,0.13272997351618931,0.12279040571469502,0.009939567801494282,0.2760730797499206,1.088216785458636e-05,2.9646596990821416e-05,0.00026361744475958876,2.032894502611626e-10,1.423001797719005e-10,6.098927048926272e-11,6.877722074620809e-10,6.671261471767694e-10,2.0646060285311626e-11,0.0010135910141002838,0.6487925660271362,3.463138938351148e-07,3.6784804478215656e-10,2.1913996957758785e-09,0.00011696124499490204,0.010489095151971746
76887,Input,0.00012359521666482405,0.024064309912180757,2.8747843972547587e-05,0.023986929278320364,4.863278988784091e-05,0.13324209730092978,0.1232731519692017,0.00996894533172807,0.2769835152637256,1.0926693998715681e-05,2.974652185727656e-05,0.00026453764823812596,2.0398948517923026e-10,1.4271870638777706e-10,6.127077879145376e-11,6.902705619417519e-10,6.695470400964357e-10,2.0723521845316186e-11,0.001016404494335839,0.6491003201035024,3.474697197408757e-07,3.69387380272178e-10,2.198861954283287e-09,0.00011737326371261329,0.010517940370502646
76888,Input,0.00012239124383616192,0.023809384820295633,2.852360692718499e-05,0.02373239846413568,4.846274923276367e-05,0.13178810770965046,0.12190684044916315,0.009881267260487301,0.27427834566151066,1.079878368529606e-05,2.945071633160643e-05,0.0002618302585203812,2.0190243053236415e-10,1.4147579513170716e-10,6.042663540065764e-11,6.837150079207287e-10,6.631784592091595e-10,2.0536548711569315e-11,0.0010080790986556978,0.6482004577758843,3.4491417172723075e-07,3.6487639934435527e-10,2.1766590393911927e-09,0.00011615283945803951,0.010432365347343339
76889,Input,0.00012488199735821227,0.02432085107177821,2.8976018995676517e-05,0.02424306984607169,4.880520671083434e-05,0.13478956118293092,0.12473242206043045,0.010057139122500456,0.27971834108797444,1.106103563117208e-05,3.0046830883906626e-05,0.0002673054247293098,2.060913471024107e-10,1.439759920341029e-10,6.211535506830842e-11,6.978921283098867e-10,6.769301072172e-10,2.0962021092686723e-11,0.001024860425608706,0.650026733079173,3.5105998683786485e-07,3.740197975020766e-10,2.221273486245221e-09,0.00011861142466737826,0.01060460537319321
76890,Input,0.00012339179293002124,0.02398319708324415,2.8682509569925712e-05,0.023905932785257693,4.8581788416526815e-05,0.13298082608240883,0.12303987426861598,0.009940951813792818,0.2761526667608959,1.0899427283591853e-05,2.9658682824948097e-05,0.0002637795019088428,2.03329187853537e-10,1.4233875564827986e-10,6.09904322052578e-11,6.9063301475818e-10,6.698486762604314e-10,2.078433849774848e-11,0.0010139413263429914,0.6488638187549972,3.4909072086818307e-07,3.681739376856777e-10,2.191959551613483e-09,0.00011700884414462406,0.010492020278874895
76891,Input,0.0001239938025865625,0.024072088664124656,2.876679896556634e-05,0.02399467763786633,4.864422729275667e-05,0.13369202481022413,0.12372059712316,0.009971427687064103,0.2771262620020186,1.0957650396815625e-05,2.976819892970325e-05,0.0002648283128728397,2.0406075826298548e-10,1.427878958253809e-10,6.127286243760518e-11,6.95401687051226e-10,6.744301503155341e-10,2.0971536735691866e-11,0.0010170328120653013,0.6492281185265366,3.5245021840412784e-07,3.6997189963583353e-10,2.199866108023364e-09,0.00011745863723380828,0.010523186858835366
76892,Input,0.00012419459300232625,0.02407600726423509,2.8776347674443048e-05,0.023998580927596026,4.864998896461471e-05,0.13391867890593512,0.12394600071519585,0.00997267819073925,0.2771981716590526,1.097324489653585e-05,2.97791189049149e-05,0.0002649747371935921,2.0409666257204275e-10,1.4282275048327335e-10,6.127391208877002e-11,6.979865268257306e-10,6.768900508730767e-10,2.1096475952654006e-11,0.0010173493314686464,0.6492924978663362,3.549591790642122e-07,3.702663553093768e-10,2.2003719574173456e-09,0.00011750164473578226,0.01052582981363174
76894,Input,0.0001232109974597053,0.02382538302731922,2.8562590803342963e-05,0.023748334164490122,4.848627202574826e-05,0.1327134532523812,0.12282708064403625,0.009886372608344948,0.2745719264168327,1.086245030804982e-05,2.9495298585269802e-05,0.000262428055317878,2.020490146576003e-10,1.4161809391621841e-10,6.043092074138252e-11,6.942679606768124e-10,6.732213309664176e-10,2.1046629710394953e-11,0.0010093713312895468,0.6484632950078381,3.551573378893642e-07,3.660785538617503e-10,2.1787242369361354e-09,0.00011632842331471217,0.010443155562418838
76942,Input,0.00014051837009697296,0.02685437968290556,3.111429079993895e-05,0.026772819524019494,5.044586808611115e-05,0.15436161292714276,0.1434994897660406,0.010862123161102102,0.30661942482920534,1.2731201453646429e-05,3.314023515331625e-05,0.00029676547978866046,2.232835963599421e-10,1.5187899766018425e-10,7.140459869975844e-11,8.160690225822549e-10,7.904400026442474e-10,2.5629019938006567e-11,0.0011032520679362823,0.6598288310726701,4.263468909471259e-07,4.27238965370987e-10,2.4505469754757974e-09,0.00013193743423671158,0.011432205772612196
76943,Input,0.0001406296067112377,0.02685655056246315,3.1119580723972455e-05,0.026774981921723458,5.044906001570378e-05,0.15448717785572877,0.1436243619235378,0.0108628159321909,0.3066592623222001,1.2739840707384869e-05,3.31462847501846e-05,0.00029684659793179763,2.2330348711897985e-10,1.5189830691914744e-10,7.140518019983298e-11,8.17501007390091e-10,7.918027719199034e-10,2.56982354701867e-11,0.0011034274176741834,0.6598644968177739,4.277368392078018e-07,4.274020919427977e-10,2.4508272128252756e-09,0.0001319612601194828,0.011433669952772814
76944,Input,0.00013969000173881383,0.026681691652935383,3.0961962968745736e-05,0.026600399229454195,5.033046051243248e-05,0.15336233654115997,0.14255960029253306,0.010802736248626864,0.3047847964269032,1.2643597971278385e-05,3.293940731259287e-05,0.0002949241219983037,2.2186954281232531e-10,1.5103593599017235e-10,7.083360682215357e-11,8.114539652484334e-10,7.859601661576026e-10,2.549379909082965e-11,0.0010975991589170732,0.6592157117539433,4.2444247527481707e-07,4.2416740173398273e-10,2.4354950215025925e-09,0.00013110900917285081,0.011374143518773241
76956,Input,0.0001397990184214871,0.02668381920859155,3.0967147322598446e-05,0.026602518472527755,5.033358874118895e-05,0.1534853955902422,0.14268198039605004,0.01080341519419215,0.3048238388893245,1.2652064812790622e-05,3.294533617860931e-05,0.00029500362127943426,2.218890366146177e-10,1.5105485989729557e-10,7.083417671732271e-11,8.128573721609922e-10,7.872957388614558e-10,2.5561633299535276e-11,0.001097771009227872,0.6592506657233893,4.25804684556967e-07,4.243272728144917e-10,2.4357696661994237e-09,0.00013113235956623204,0.011375578478520996
76957,Input,0.00014306995521973334,0.027373741188947986,3.157443579216259e-05,0.027291372754706694,5.079399844911232e-05,0.15743448538419033,0.14639378745422385,0.011040697929966443,0.3121471187296366,1.299917511080919e-05,3.374633418908826e-05,0.000302338033042978,2.2753764462297896e-10,1.5441972275957512e-10,7.311792186340441e-11,8.307700136842441e-10,8.046939648618729e-10,2.6076048822370414e-11,0.0011203155919541474,0.6616895044965336,4.3289083411649553e-07,4.365511481235298e-10,2.4958703199518272e-09,0.0001344369488569882,0.01160726759463334
76958,Input,0.00014147652818793645,0.027029600672725262,3.12727908598664e-05,0.026947762881895102,5.056499997027604e-05,0.1555073971751141,0.14458507878338447,0.010922318391729632,0.3085005352069394,1.2828885128060523e-05,3.334812160119256e-05,0.00029870148539073776,2.24720858239796e-10,1.527445891741513e-10,7.197626906564525e-11,8.223549050020196e-10,7.965099042486632e-10,2.5845000753355372e-11,0.0011091095732188702,0.6604835648144706,4.298730838962548e-07,4.305008634074024e-10,2.465925907494415e-09,0.00013279365909454435,0.011491976416742242
76959,Input,0.00014130306182559912,0.02702621532535186,3.126454156276942e-05,0.026944390761428186,5.056002236088968e-05,0.1553115867259834,0.14439034866631437,0.010921238059668999,0.30843841119282667,1.2815412766201771e-05,3.33386876430548e-05,0.00029857498685154196,2.2468983987738703e-10,1.5271447762379608e-10,7.197536225359153e-11,8.201218165789361e-10,7.943847530067309e-10,2.573706357220427e-11,0.0011088361265541046,0.6604279463735092,4.2770554877115024e-07,4.30246477985843e-10,2.465488895329613e-09,0.00013275650415917428,0.011489693121732345
76970,Input,0.00014047314289184713,0.026853497034546443,3.111213999302214e-05,0.02677194032425989,5.044457029351482e-05,0.15431056003579666,0.14344871854544064,0.01086184149035596,0.3066032274783665,1.2727688857514793e-05,3.3137775474367e-05,0.0002967324983200735,2.2327550906382064e-10,1.5187114679361723e-10,7.140436227020394e-11,8.154867981854668e-10,7.898859202858743e-10,2.5600877899591473e-11,0.001103180773258561,0.6598143298944346,4.257817580049252e-07,4.2717264045653753e-10,2.4504330350059927e-09,0.000131927746975961,0.011431610458048701
76971,Input,0.00014142135357423692,0.027028523892010835,3.127016699795746e-05,0.026946690308275623,5.0563416737242625e-05,0.15544511555611004,0.14452314078664416,0.01092197476946587,0.3084807753616648,1.282459996088943e-05,3.3345120933000207e-05,0.0002986612498779869,2.2471099219925392e-10,1.527350115641965e-10,7.197598063505796e-11,8.216446244067484e-10,7.958339553370313e-10,2.5810669069716063e-11,0.0011090225977736451,0.6604658742031425,4.291836539018955e-07,4.3041995079024595e-10,2.4657869066123415e-09,0.00013278184118830331,0.011491250166889328
76972,Input,0.00014314038855105002,0.027375115756846684,3.1577785291556784e-05,0.027292741952024756,5.0796019530354526e-05,0.1575139911860822,0.1464728546040051,0.011041136582077048,0.3121723432239406,1.3004645354801341e-05,3.3750164701760524e-05,0.0003023893958167296,2.275502391488975e-10,1.544319490884959e-10,7.311829006040216e-11,8.316767246721453e-10,8.055568496281426e-10,2.6119875044001907e-11,0.0011204266207396555,0.6617120875035601,4.33770928202461e-07,4.3665443738628594e-10,2.4960477619767716e-09,0.0001344520350433687,0.011608194691228663
76973,Input,0.00014231216825221553,0.027202430616383385,3.142546450141372e-05,0.027120324535676723,5.0680616205231456e-05,0.15651488193084723,0.14553313133914592,0.01098175059170125,0.3103377678465561,1.2917053371543391e-05,3.3549344913235e-05,0.00030054814599709433,2.2613621207648737e-10,1.5358891311969634e-10,7.254729895679161e-11,8.270635733537573e-10,8.010788270289481e-10,2.5984746324808368e-11,0.0011147739451162933,0.6610990156570274,4.3186836259366025e-07,4.335830908757216e-10,2.4809961810080225e-09,0.00013362364169248426,0.011550134386258138
76974,Input,0.00014292348985157,0.027370882789528497,3.156747054356847e-05,0.027288525523352883,5.078979563202707e-05,0.15726915390933996,0.14622936815180199,0.011039785757537925,0.31209466466029306,1.2987799796234743e-05,3.373836867846553e-05,0.00030223122469774156,2.2751145443942502e-10,1.5439429823778703e-10,7.311715620163854e-11,8.288845177666425e-10,8.028996051090169e-10,2.5984912657624722e-11,0.0011200847087679878,0.6616425433720695,4.3106068776519257e-07,4.363363591931455e-10,2.495501331136087e-09,0.00013440557729183433,0.01160533970706053
76975,Input,0.00013811641732122096,0.0263379383826373,3.0661261663891465e-05,0.02625717508955689,5.01020314165093e-05,0.15145764686022986,0.14077316657191952,0.010684480288310304,0.3011453191974852,1.2474849076237892e-05,3.254227386412929e-05,0.00029130204436593834,2.190563045833218e-10,1.4936424682975829e-10,6.969205775356411e-11,8.032942969378501e-10,7.780191991081866e-10,2.527509782966251e-11,0.001086424419425802,0.6580161342002593,4.2167266686117027e-07,4.1814621586855535e-10,2.405600598355337e-09,0.0001294699695199867,0.011259113524326502
76979,Input,0.00014132876262386242,0.027026716898848432,3.1265763779674455e-05,0.026944890375224614,5.056075984412821e-05,0.15534059802698236,0.14441919990517807,0.010921398121804237,0.3084476154946435,1.2817408833044915e-05,3.3340085379490014e-05,0.00029859372889116665,2.2469443556189894e-10,1.52718938954919e-10,7.197549660698051e-11,8.204526712431632e-10,7.946996156844973e-10,2.5753055558664917e-11,0.0011088766404466672,0.6604361868087822,4.280266910504277e-07,4.302841677621923e-10,2.465553643107423e-09,0.00013276200903911505,0.011490031415010846
76980,Input,0.00014305148923181882,0.0273733808090862,3.157355763101109e-05,0.02729101378288674,5.079346856842805e-05,0.15741364080465073,0.14637305787910646,0.011040582925544221,0.3121405054515442,1.2997740939550214e-05,3.3745329917397705e-05,0.0003023245669134961,2.275343426300297e-10,1.5441651729934955e-10,7.311782533068072e-11,8.305322950667721e-10,8.044677364644978e-10,2.6064558602273512e-11,0.0011202864827785193,0.6616835837552165,4.3266009383414235e-07,4.3652406807148475e-10,2.495823798763252e-09,0.000134432993608384,0.011607024531381824
76981,Input,0.00014320739885635066,0.02737642352140682,3.158097200689188e-05,0.02729404460701189,5.079794238802072e-05,0.15758963304425286,0.14654807912834672,0.011041553915906117,0.3121963418199572,1.3009849747567238e-05,3.37538090533598e-05,0.00030243826238438785,2.2756222158691569e-10,1.5444358122371328e-10,7.311864036320295e-11,8.325393699422587e-10,8.063777986099109e-10,2.6161571332347185e-11,0.0011205322535796048,0.6617335729873102,4.346082501392676e-07,4.367527068405653e-10,2.496216580404673e-09,0.0001344663880483492,0.011609076731375486
76982,Input,0.00014395938005863643,0.027547620789398635,3.1729667200986456e-05,0.027464979964161893,5.0911158035732024e-05,0.15850268289560474,0.14740221779918888,0.011100465096415813,0.31400361346740746,1.3091520578835551e-05,3.395048258300487e-05,0.0003042239156364059,2.289626159763398e-10,1.5527338305671943e-10,7.368923291962092e-11,8.361710707846281e-10,8.099218095163992e-10,2.624926126822796e-11,0.0011260647484002166,0.6623222003269472,4.355581761847035e-07,4.3971225003402816e-10,2.51107609293908e-09,0.00013527845167013363,0.011666133519892655
76983,Input,0.00014223235293175785,0.027200872950782815,3.142166883588829e-05,0.02711877295603867,5.067832590823708e-05,0.15642478565203125,0.14544353214257957,0.010981253509451653,0.31030918335312624,1.2910854470127643e-05,3.354500416162296e-05,0.0003004899415054148,2.2612193991154208e-10,1.535750581969972e-10,7.25468817145454e-11,8.260360849940708e-10,8.001010027112509e-10,2.5935082282818933e-11,0.0011146481268718667,0.6610734245070844,4.308710366090574e-07,4.3346604308808173e-10,2.4807951030266336e-09,0.00013360654596837273,0.011549083796850145
76988,Input,0.00013755153556875932,0.02617039252361316,3.052146409656143e-05,0.02608987687493758,4.9994184579010424e-05,0.15075579661442995,0.14012906226899216,0.010626734345437741,0.29940505402151874,1.24077094281779e-05,3.2355775727300765e-05,0.0002896528314402648,2.1768936635486724e-10,1.4856692307739495e-10,6.912244327747285e-11,8.020711876502813e-10,7.767673595644982e-10,2.5303828085782238e-11,0.0010811868620204017,0.6574874964722317,4.2306062710052865e-07,4.1546105078376873e-10,2.3912124436940027e-09,0.0001286979809183522,0.011204519479792558
76989,Input,0.00014236735405349576,0.027203507615433206,3.142808889535477e-05,0.02712139732677854,5.0682199759291994e-05,0.1565771761784968,0.14559508189485657,0.010982094283640201,0.3103575316984716,1.2921339407604185e-05,3.355234618986328e-05,0.000300588389668272,2.2614608011753508e-10,1.535984926716726e-10,7.254758744586305e-11,8.277739979703628e-10,8.017549130005882e-10,2.6019084969773828e-11,0.0011148609381972524,0.6611167098554245,4.325579323815441e-07,4.336640198992719e-10,2.4811352100748623e-09,0.00013363546199500449,0.011550860783370422
76990,Input,0.00013768691018521432,0.026173034477338746,3.0527901917793625e-05,0.026092508506273468,4.999806914747927e-05,0.15090860874521875,0.14028103129950273,0.01062757744571598,0.29945353612761605,1.2418223373330123e-05,3.236313806802979e-05,0.0002897515519702569,2.1771357334726387e-10,1.4859042238599445e-10,6.912315096126997e-11,8.038139087445137e-10,7.7842584556956e-10,2.5388063174952715e-11,0.0010814002621105678,0.6575309015740135,4.247521898465275e-07,4.156595753185046e-10,2.3915534916839368e-09,0.0001287269769441947,0.01120630138253182
77002,Input,0.00013703846637341672,0.026003857831836598,3.0384130506519375e-05,0.02592358587682959,4.988782450048413e-05,0.15011243286678091,0.1395431217805216,0.010569311086259265,0.2976833446277011,1.234459383128799e-05,3.217209541341084e-05,0.00028804140228257504,2.1633169298129513e-10,1.477785933248002e-10,6.85530996564955e-11,8.015150781194021e-10,7.761502800897103e-10,2.5364798029691006e-11,0.0010760309802248795,0.6569754713808581,4.2509600702381744e-07,4.1285186791828494e-10,2.37695481991742e-09,0.00012793709010066367,0.011150607431188696
77003,Input,0.00013949579404282474,0.026521379821457334,3.083979302890949e-05,0.026440306778278272,5.0233250150143646e-05,0.15307890663058243,0.14233160780194298,0.010747298828639406,0.3031772818315406,1.260524693072223e-05,3.277306826300407e-05,0.0002935452192701217,2.2056888661148888e-10,1.5030295653122965e-10,7.02659300802598e-11,8.150026626275461e-10,7.892494861842805e-10,2.575317644326473e-11,0.001092945919895317,0.6588059230802684,4.304621636863896e-07,4.2202582374496684e-10,2.4220407024833532e-09,0.00013041641562179583,0.011324428565563049
77004,Input,0.00013701484957736693,0.026003396929461072,3.0383007395591884e-05,0.025923126775247874,4.988714681759444e-05,0.15008577400693499,0.1395166100038427,0.010569164003092256,0.29767488667567327,1.234275961964004e-05,3.2170811015316135e-05,0.0002880241799798731,2.163274699473366e-10,1.4777449374990912e-10,6.855297619742805e-11,8.012110514877342e-10,7.758609487013108e-10,2.535010278642259e-11,0.0010759937514848213,0.6569678991382681,4.2480090522834197e-07,4.128172342951545e-10,2.3768953223466615e-09,0.00012793203159526209,0.011150296569118123
77038,Input,0.00013802306068408696,0.02617959474754384,3.0543887756760514e-05,0.0260990431448163,5.000771497077246e-05,0.1512880585663418,0.14065838760718472,0.010629670959157065,0.29957392268587774,1.2444330689462138e-05,3.2381419593575265e-05,0.00028999668622270994,2.1777368204993961e-10,1.486487738296827e-10,6.912490822025748e-11,8.081412825207996e-10,7.825440540828984e-10,2.5597228437900304e-11,0.0010819301586941902,0.6576386813557747,4.2895253165234116e-07,4.1615253421388283e-10,2.39240035245413e-09,0.0001287989773590991,0.011210726048768603
77039,Input,0.00013896614943742524,0.026354521646095003,3.070167118528202e-05,0.02627369356046873,5.0126414440978824e-05,0.1524168324053282,0.14172706006594976,0.010689772339378385,0.301449636237791,1.2540843995357965e-05,3.2588486496391634e-05,0.0002919217026671745,2.1920824930837278e-10,1.4951174949863745e-10,6.969649980973591e-11,8.142331724976435e-10,7.88429339943156e-10,2.580383255448652e-11,0.0010877639091688817,0.6582885834226974,4.322904268924816e-07,4.1939233332718287e-10,2.407741320433098e-09,0.00012965197450028412,0.011270298338918442
77040,Input,0.00013738437984493662,0.026010608634969012,3.0400580629517086e-05,0.025930310303867655,4.989775047183388e-05,0.15050290322256643,0.1399314378199979,0.0105714654025685,0.2978072276278224,1.2371459394140286e-05,3.219090789766217e-05,0.0002882936560812124,2.1639354744850808e-10,1.478386394961493e-10,6.855490795235931e-11,8.059681337910118e-10,7.803880956159973e-10,2.558003817501349e-11,0.001076576266837281,0.6570863814601045,4.2941834127734956e-07,4.1335914404427255e-10,2.3778262764521986e-09,0.0001280111816565411,0.011155160605030218
77208,Input,0.0001255061495720083,0.024955420943314453,2.9459713493905553e-05,0.02487677275443265,4.918847538788093e-05,0.13588601445954343,0.12551726912653685,0.01036874533300658,0.2860981559653609,1.1201249264311831e-05,3.0698962966840535e-05,0.00027267341487708204,2.1120836615608778e-10,1.4684643707477924e-10,6.436192908130915e-11,6.818349079261817e-10,6.61994316280527e-10,1.9840591645654704e-11,0.001043315164217688,0.6516048480010598,3.252914396906476e-07,3.827838517526576e-10,2.274215493433282e-09,0.00012132916371127485,0.010801324661625554
77209,Input,0.0001267149422209814,0.02513329726088909,2.962851928404338e-05,0.025054355251494034,4.931349011099715e-05,0.13731380010128688,0.1268840732938543,0.010429726807432581,0.2880470559363063,1.1318066214555766e-05,3.091825477394868e-05,0.00027477451771059047,2.1267236051834926e-10,1.4774554601927456e-10,6.492681449907527e-11,6.914337012045343e-10,6.712157429370015e-10,2.0217958267532754e-11,0.0010495056601919136,0.6523349780166567,3.3207007960126766e-07,3.8638677566753367e-10,2.290040631672975e-09,0.0001222297722952793,0.010863720651791349
77210,Input,0.00012544035689452993,0.024722708429899022,2.928960328956553e-05,0.02464436773184891,4.9051094760532187e-05,0.13571681324793602,0.12542865750808416,0.010288155739851878,0.2838006061392352,1.1161736347658822e-05,3.0465057303223287e-05,0.0002707960311877474,2.093248350277897e-10,1.4580109939132519e-10,6.352373563646512e-11,6.899315140400978e-10,6.695696777763124e-10,2.0361836263785323e-11,0.0010367839582700682,0.6510699198583114,3.369579311729955e-07,3.799419923402001e-10,2.254879985023353e-09,0.00012035252741297663,0.010730731223509876
77211,Input,0.00012769312091025423,0.025229530108570576,2.9730697624075713e-05,0.02515041268780596,4.9386723140531164e-05,0.13844962194482188,0.12798707651904168,0.010462545425780208,0.2891553696899021,1.14055047056818e-05,3.104822880991134e-05,0.00027609764602632087,2.1347119553879814e-10,1.4825998434766298e-10,6.521121119113579e-11,7.010449187657052e-10,6.804056959866167e-10,2.063922277908847e-11,0.0010531901263976008,0.6528198886942906,3.401299673479485e-07,3.8873638300114966e-10,2.298894867166631e-09,0.00012276013740955847,0.010899838652094887
77212,Input,0.0001256303921879713,0.024803559971723902,2.935430099681334e-05,0.024725103958675946,4.910171205112968e-05,0.13596297146886588,0.12564690559302236,0.010316065875843508,0.284626659800524,1.1187963242010971e-05,3.055216820593843e-05,0.0002715444141355224,2.0998273830128368e-10,1.461787260679851e-10,6.380401223329921e-11,6.893967075004205e-10,6.691040186720566e-10,2.0292688828363813e-11,0.0010392260211645706,0.6513021284769444,3.3516963584218776e-07,3.8113580100889725e-10,2.261748658319555e-09,0.00012071407929718675,0.010756475086381003
77213,Input,0.0001248383127797156,0.02463381617653526,2.9205312255241028e-05,0.02455562220938448,4.898865489552375e-05,0.13500557562330043,0.12474789597132266,0.010257679651977734,0.2828269985574707,1.1103510558214038e-05,3.0355539324456934e-05,0.00026974719509541354,2.0859325845669017e-10,1.4535195323270695e-10,6.324130522398381e-11,6.851623981545901e-10,6.649877815699592e-10,2.0174616584631022e-11,0.001033692418228871,0.6507056090384318,3.3359800306644204e-07,3.7814397985758245e-10,2.2469733418030707e-09,0.00011990272694314009,0.010699564189983643
77214,Input,0.00012483496465304732,0.0246337508349228,2.9205153033065426e-05,0.024555557123068547,4.8988558821181114e-05,0.1350017962266622,0.12474413742649995,0.010257658800162234,0.28282579948310493,1.1103250524087444e-05,3.0355357236780667e-05,0.00026974475350889,2.0859265976190582e-10,1.4535137204057606e-10,6.324128772133041e-11,6.851192966402607e-10,6.649467633837738e-10,2.0172533256486925e-11,0.0010336871403521788,0.650704535530099,3.3355616681612227e-07,3.781390698877044e-10,2.2469649068992452e-09,0.00011990200980450702,0.010699520119416812
77215,Input,0.00012490742649330338,0.024635164990942895,2.9208598999421166e-05,0.02455696575383307,4.899063811039518e-05,0.13508359182838112,0.12482548174274691,0.010258110085634221,0.2828517504532299,1.1108878313358668e-05,3.0359298069794912e-05,0.0002697975955516717,2.0860561701535598e-10,1.4536395049280334e-10,6.324166652255327e-11,6.86052121277907e-10,6.658344995865622e-10,2.0217621691344692e-11,0.0010338013668124205,0.6507277689370252,3.3446160797409906e-07,3.782453339237522e-10,2.247147459327561e-09,0.00011991753047926629,0.010700473916775768
77216,Input,0.00012519172707775873,0.024717856202148263,2.9277779549227197e-05,0.024639534462259787,4.9043960339235676e-05,0.13543615758978267,0.12514955029286037,0.010286607296922268,0.28371156361803507,1.1142426374155706e-05,3.045153558493962e-05,0.00027061472048175067,2.0928037632318346e-10,1.457579404229429e-10,6.352243590024118e-11,6.867308222288207e-10,6.665236926252245e-10,2.0207129603596014e-11,0.001036392026409382,0.6509902017930972,3.3385119708496586e-07,3.7957738101210543e-10,2.2542536142792075e-09,0.00012029927314137755,0.010727458570458894
77217,Input,0.0001251249079921653,0.02471655216940751,2.9274601927460178e-05,0.02463823552451143,4.904204296861029e-05,0.1353607315822025,0.1250745404282111,0.010286191153991407,0.28368763350408976,1.11372368325751e-05,3.0447901632813117e-05,0.00027056599335907356,2.092684280780894e-10,1.457463414810303e-10,6.352208659705975e-11,6.858706385916632e-10,6.65705086292444e-10,2.0165552299219114e-11,0.001036286695001886,0.650968777620035,3.3301626451879175e-07,3.7947939197822093e-10,2.2540852775893046e-09,0.00012028496109393929,0.010726579047289988
77218,Input,0.00012547468153559102,0.024800521142518378,2.934689608317278e-05,0.02472207700249416,4.909724394103386e-05,0.13578720383088586,0.12547210770622452,0.01031509612466131,0.28457089469058783,1.1175869887277162e-05,3.054369989106535e-05,0.0002714308637630011,2.0995489492357412e-10,1.4615169668265174e-10,6.3803198240923e-11,6.873921940576067e-10,6.671963941514906e-10,2.019579990611592e-11,0.0010389805640166365,0.6512522030412012,3.3322396577774687e-07,3.8090745402903716e-10,2.261356377946793e-09,0.00012068072747526765,0.010754425505408775
77219,Input,0.00012585581284621806,0.02488510208980914,2.9420681476347547e-05,0.024806528063609612,4.9153344723162635e-05,0.13624907301991362,0.1259048766313809,0.01034419638853274,0.28546538612568223,1.1216938360472618e-05,3.064120353968311e-05,0.00027231860149227023,2.1064696900365044e-10,1.4656249519312791e-10,6.408447381052314e-11,6.893174281732168e-10,6.690718686986149e-10,2.0245559474601665e-11,0.0010417238643836107,0.6515456826890215,3.338234955211286e-07,3.8238150170335517e-10,2.2687064776303945e-09,0.00012108321040842787,0.01078268471809512
77220,Input,0.00012779986779044766,0.02530875620435955,2.979143450078346e-05,0.025229529819384863,4.9434950473894456e-05,0.1386017634273725,0.1281118265779429,0.01048993684942958,0.28995159502891377,1.1425262958927985e-05,3.113081007706281e-05,0.000276785291765649,2.1411420560676354e-10,1.486231532169663e-10,6.549105238979785e-11,6.994379136228234e-10,6.789196634078291e-10,2.0518250214994166e-11,0.0010555008961785023,0.6530253925868166,3.3730094827798645e-07,3.8980805065167116e-10,2.3055537127516506e-09,0.0001231038496644041,0.010924486210092902
77221,Input,0.0001280752881718814,0.02539127411065687,2.9860192747198683e-05,0.025311925900023943,4.948801788571268e-05,0.1389443051327057,0.12842592637705064,0.010518378755655021,0.2908082279007191,1.1458121333800474e-05,3.122256464287698e-05,0.0002775959409001048,2.1478737700237633e-10,1.4901560165700454e-10,6.577177534537237e-11,7.000022968564861e-10,6.795000643197314e-10,2.0502232536754694e-11,0.0010580775573156703,0.6532849781874274,3.365795755187357e-07,3.9112707507581014e-10,2.3126374958918745e-09,0.00012348369026686013,0.010951353975850479
77222,Input,0.00012610775385420506,0.0249671617756529,2.948832314704974e-05,0.02488846771411041,4.920573839542652e-05,0.1365651109893181,0.12619261892187195,0.010372492067446115,0.28631361026101726,1.124797319670033e-05,3.073168118112293e-05,0.00027311212853802695,2.1131594193850755e-10,1.4695086791308809e-10,6.436507402542005e-11,6.895795538606978e-10,6.693646217981817e-10,2.0214932062515895e-11,0.0010442635134091896,0.6517977401087891,3.3280873811960195e-07,3.8366609403223534e-10,2.2757311094073223e-09,0.00012145802194016842,0.010809243430642013
77223,Input,0.0001260872199830788,0.024966761039246454,2.9487346646469515e-05,0.024888068543423042,4.9205149176927444e-05,0.13654193216390523,0.1261695679794619,0.010372364184443282,0.2863062564058811,1.1246378422137434e-05,3.073056444772286e-05,0.00027309715442623664,2.1131227017732188e-10,1.4694730349468399e-10,6.436496668263847e-11,6.893152147157751e-10,6.691130595867097e-10,2.0202155129065384e-11,0.0010442311444905212,0.6517911563430172,3.3255215876715127e-07,3.83635981465209e-10,2.2756793786201443e-09,0.0001214536237695703,0.010808973148353017
77224,Input,0.0001257269202537116,0.024882586638435088,2.9414551911659275e-05,0.02480402244036734,4.91496461560765e-05,0.13610357785826824,0.12576018420058305,0.010343393657685178,0.285419225445721,1.1206927845328578e-05,3.063419372345367e-05,0.0002722246079107739,2.1062392109342555e-10,1.4654012108129798e-10,6.40838000121282e-11,6.876581522636451e-10,6.674927945233678e-10,2.0165357740277242e-11,0.0010415206823426722,0.6515043559156339,3.322129283895009e-07,3.821924829446816e-10,2.268381759742043e-09,0.00012105560277384249,0.010780988136640841
77225,Input,0.00012540242294335123,0.02479911095306061,2.9343459782398593e-05,0.02472067232279419,4.909517048401239e-05,0.13570563765742502,0.12539099155242628,0.010314646104998703,0.28454501651026753,1.1170257883376572e-05,3.0539770111682785e-05,0.0002713781699367196,2.099419740138885e-10,1.4613915351169048e-10,6.380282050219863e-11,6.864619858972186e-10,6.663111479575337e-10,2.015083793968497e-11,0.0010388666579498787,0.651229034801594,3.3232106428918165e-07,3.808014880526915e-10,2.26117433755928e-09,0.00012066525033440629,0.010753474383353409
77226,Input,0.00012569601067679426,0.024881983411079535,2.941308198815539e-05,0.02480342156988419,4.914875920717114e-05,0.1360686868393002,0.12572548568352993,0.010343201155770254,0.2854081557088178,1.1204527235783762e-05,3.0632512707890975e-05,0.00027220206742353185,2.1061839400191447e-10,1.4653475557256612e-10,6.408363842934898e-11,6.87260243312039e-10,6.67114118652793e-10,2.014612465924598e-11,0.001041471957502862,0.6514944453920273,3.3182670023109745e-07,3.821471545844831e-10,2.2683038895374694e-09,0.00012104898222034031,0.01078058128149162
77227,Input,0.0001256171776275559,0.02488044491535863,2.940933303512804e-05,0.024801889085227083,4.914649709640478e-05,0.13597969935740623,0.12563698916639351,0.010342710191012697,0.28537992299904374,1.119840462301056e-05,3.06282253770427e-05,0.00027214457924291496,2.106042974816547e-10,1.465210711596355e-10,6.408322632201982e-11,6.862454000465291e-10,6.661483282238196e-10,2.009707182270936e-11,0.0010413476876784586,0.651469169187259,3.30841648138341e-07,3.820315472806053e-10,2.2681052861826668e-09,0.00012103209688989346,0.010779543621477794
77228,Input,0.0001255661533674082,0.024879449132414067,2.9406906545776218e-05,0.024800897192910704,4.9145032957577976e-05,0.13592210269623536,0.12557971027947792,0.01034239241675742,0.28536164953198767,1.119444179536477e-05,3.062545042558953e-05,0.0002721073703322924,2.1059517358598074e-10,1.4651221399817738e-10,6.408295958780397e-11,6.855885482909671e-10,6.655232256485394e-10,2.0065322642427638e-11,0.0010412672547139836,0.6514528093019049,3.3020407855647857e-07,3.8195672108518317e-10,2.267976741247014e-09,0.00012102116795207203,0.010778872001706625
77229,Input,0.0001259470541322391,0.02496402558040251,2.9480680975207104e-05,0.02488534377230309,4.920112712420561e-05,0.13638371164301633,0.1260122203982048,0.010371491244811485,0.28625605840104396,1.1235492363092278e-05,3.0722941535987415e-05,0.00027299493993843945,2.1128720644104402e-10,1.4692297248884074e-10,6.436423395220388e-11,6.875108145161954e-10,6.673958757593962e-10,2.0114938756799135e-11,0.0010440101916561523,0.6517462150299311,3.3080072753321287e-07,3.8343043066807665e-10,2.2753262601187733e-09,0.00012142360150439524,0.010807128179775428
77230,Input,0.00012638053142210152,0.02504962810513875,2.9556955712879132e-05,0.02497081241945403,4.925872997183036e-05,0.13690466946205954,0.12650375194758015,0.010400917514479371,0.287169296654305,1.1280626315984246e-05,3.082329201767489e-05,0.00027392085042821866,2.1198864075980117e-10,1.4734285759436853e-10,6.464578316543325e-11,6.901099153034214e-10,6.699126453753937e-10,2.0197269928027525e-11,0.0010468360085020734,0.6520564783452959,3.3205434229412725e-07,3.849812428160097e-10,2.2828082345324155e-09,0.00012183729647572334,0.010836076409695814
77231,Input,0.00012706679296251754,0.025217306772332988,2.970091222216031e-05,0.02513823710942229,4.9368750688526144e-05,0.13774261711058808,0.12728397239589265,0.010458644714695407,0.28893106103582006,1.135686059600855e-05,3.101416600050068e-05,0.00027564090288961925,2.133591987977126e-10,1.4815126179602227e-10,6.520793700169096e-11,6.92981997111623e-10,6.727324987277654e-10,2.024949838385737e-11,0.001052202803633404,0.6526190694489097,3.323037363238955e-07,3.878178838934692e-10,2.2973169650960027e-09,0.00012262598359376914,0.010891594451557336
77232,Input,0.0001265928947050255,0.02513091539715479,2.9622715241083684e-05,0.025051982693950623,4.9309987963071655e-05,0.13717603172595116,0.12674706501887825,0.010428966707072886,0.288003346703568,1.1308587326102904e-05,3.0911617226813716e-05,0.0002746855158299211,2.126505366094944e-10,1.4772436012552023e-10,6.492617648397479e-11,6.898625441728489e-10,6.697205283800486e-10,2.014201579280008e-11,0.0010493132685043761,0.6522958459770545,3.305450445789057e-07,3.862077950952869e-10,2.2897331585211898e-09,0.0001222036308145546,0.010862114170394047
77233,Input,0.00012541193176678956,0.024876439363352557,2.9399572444886958e-05,0.0247978991833319,4.914060757575481e-05,0.13574801591378433,0.12540658397453588,0.010341431939248434,0.2853064177005004,1.1182464088667206e-05,3.061706309271087e-05,0.0002719949058352694,2.1056759647284584e-10,1.4648544309325773e-10,6.408215337958871e-11,6.836032038916814e-10,6.63633843628467e-10,1.9969360263214224e-11,0.0010410241448582413,0.6514033613001519,3.282770148198176e-07,3.817305577739895e-10,2.267588212228261e-09,0.00012098813507165387,0.010776842020756043
77234,Input,0.0001250674256853846,0.02479257318935776,2.9327528786495963e-05,0.024714160102818336,4.90855577529146e-05,0.13532748962540223,0.12501492985156956,0.010312559773832658,0.284425042965534,1.114424013434325e-05,3.052155130507764e-05,0.00027113387667319363,2.0988207152781802e-10,1.4608100225593e-10,6.380106927188861e-11,6.821494581630212e-10,6.622070678971736e-10,1.9942390265847468e-11,0.0010383385792972666,0.6511216247829407,3.2813513271332694e-07,3.803102203651651e-10,2.260330382137986e-09,0.00012059349693333646,0.010749064896942676
77235,Input,0.00012477680012581746,0.02470975854074589,2.925804744869781e-05,0.02463146843926798,4.903205402920065e-05,0.13496778417305036,0.12468376100185113,0.0102840231711992,0.2835629646189506,1.1110200840823599e-05,3.04289698065253e-05,0.0002703121393208484,2.092061812204838e-10,1.45685914390698e-10,6.352026682978641e-11,6.813893337677692e-10,6.61440387047429e-10,1.9948946720340138e-11,0.0010357379492176957,0.6508571639529717,3.286665103793303e-07,3.789688978101538e-10,2.2532082927364056e-09,0.00012021039951841708,0.010721996989169731
77236,Input,0.0001255135398731098,0.024878422334178786,2.9404404479439378e-05,0.024799874406483582,4.914352321574941e-05,0.13586271209271955,0.12552064734781704,0.010342064744902502,0.2853428069078715,1.1190355538961566e-05,3.062258904372849e-05,0.00027206900248920714,2.1058576551163274e-10,1.4650308096591923e-10,6.40826845457141e-11,6.849112378116751e-10,6.648786532297483e-10,2.0032584581926682e-11,0.0010411843165330952,0.6514359398611269,3.2954665082576655e-07,3.818795643053529e-10,2.267844192568807e-09,0.00012100989861458253,0.010778179463237687
77237,Input,0.00012499523070164437,0.024791164241275348,2.9324095510662197e-05,0.02471275665964354,4.9083486121136134e-05,0.1352459952538095,0.12493388510349174,0.010312110150317756,0.28439918756551114,1.1138633070632286e-05,3.051762498503965e-05,0.00027108122923274845,2.0986916199227702e-10,1.4606847012659384e-10,6.380069186568378e-11,6.812200688553612e-10,6.613226009763856e-10,1.989746787897563e-11,0.0010382247735008544,0.6510984769380975,3.272330260397059e-07,3.8020434766958445e-10,2.260148501998764e-09,0.00012057803341684386,0.010748114612150323
77238,Input,0.0001256687914230919,0.024958595040908662,2.9467448024865404e-05,0.024879934450495373,4.9193142388408635e-05,0.13606960609932314,0.12569984784828586,0.01036975825103725,0.28615640336569775,1.1213880934461885e-05,3.070780823455639e-05,0.0002727920197541138,2.1123744893508768e-10,1.4687466962789663e-10,6.436277930719166e-11,6.839286489251275e-10,6.63986855509247e-10,1.9941793415880458e-11,0.0010435715474791504,0.6516569957838947,3.273237179968598e-07,3.830223632155926e-10,2.2746252355093352e-09,0.00012136400013364551,0.010803465476259448
77239,Input,0.00012680725223896918,0.025212241608719033,2.968856960709382e-05,0.025133191735932675,4.936130317925535e-05,0.1374496451190103,0.12699261679933757,0.010457028319672703,0.2888381109597633,1.1336703220840184e-05,3.100005089317954e-05,0.0002754516355184223,2.133127890608943e-10,1.4810620883324002e-10,6.52065802276549e-11,6.896408456787732e-10,6.695528431245178e-10,2.008800255425525e-11,0.001051793672178355,0.6525358530246116,3.2906066586858616e-07,3.8743727190920864e-10,2.2966631066076825e-09,0.0001225703923040262,0.01088817818092735
77240,Input,0.00012652060389278688,0.025129504578895644,2.9619277408068083e-05,0.025050577387906066,4.930791358149877e-05,0.13709442918225484,0.12666591269550764,0.01042851648674718,0.28797745698420557,1.130297281981812e-05,3.090768569514836e-05,0.0002746327985075409,2.1263760993839436e-10,1.4771181136157767e-10,6.492579857681728e-11,6.889319212340251e-10,6.688348874561299e-10,2.0097033777895146e-11,0.0010491993116470725,0.6522726674067636,3.296417404879092e-07,3.8610178186886995e-10,2.289551036962139e-09,0.0001221881467724591,0.010861162624234767
77241,Input,0.00012780258179770595,0.025385952007886712,2.9847224031705375e-05,0.025306624591266293,4.9480192588695284e-05,0.13863647163179754,0.12811979126558926,0.01051668036620827,0.2907105627718167,1.1436941441027173e-05,3.120773352240379e-05,0.0002773970726152238,2.1473861305165166e-10,1.489682633050179e-10,6.577034974663439e-11,6.964916597573579e-10,6.761591152045663e-10,2.03325445527916e-11,0.0010576476719622579,0.653197540466549,3.3317199472381654e-07,3.907271558925069e-10,2.3119504693045408e-09,0.00012342527901311053,0.01094776440900344
77242,Input,0.00012690183825072075,0.025214087537244485,2.9693067701719446e-05,0.025135030452222186,4.936401732056534e-05,0.13755641469204455,0.1270987972996571,0.010457617392387467,0.2888719853239325,1.1344049296240182e-05,3.100519494798796e-05,0.000275520611382986,2.1332970244485993e-10,1.481226277597534e-10,6.520707468510713e-11,6.908584819108479e-10,6.707116244446245e-10,2.014685746622336e-11,0.00105194277445443,0.6525661800945949,3.302425578507127e-07,3.87575980660282e-10,2.2969013962518455e-09,0.00012259065177742606,0.010889423193307438
77243,Input,0.00012712717677517695,0.02529562805241715,2.975944427533189e-05,0.025216452960506036,4.9415647635772905e-05,0.13784242352970283,0.12735667613614757,0.010485747393555237,0.2897106822342769,1.1373018035735136e-05,3.1094225814891164e-05,0.000276294738844522,2.1399391846048486e-10,1.4850638262751667e-10,6.548753583296881e-11,6.907781452488712e-10,6.706784682430897e-10,2.0099677005781445e-11,0.0010544404882004655,0.6528097079721519,3.2889539123341014e-07,3.8882156090695596e-10,2.303859008643803e-09,0.0001229597652963476,0.010915631743914696
77244,Input,0.0001252213579929241,0.02487272014992061,2.9390509594554906e-05,0.024794194501256073,4.913513906997188e-05,0.1355328944588214,0.12519264939497085,0.010340245063850532,0.2852381669592178,1.1167663070142875e-05,3.0606698748981187e-05,0.00027185593189428054,2.1053351905112702e-10,1.464523619142279e-10,6.408115713689971e-11,6.811498862430715e-10,6.612991080246709e-10,1.985077821840046e-11,0.001040723730632952,0.6513422577176031,3.2589571539547237e-07,3.8145108462916933e-10,2.2671081015235148e-09,0.0001209473158825281,0.010774333545101041
77245,Input,0.00012614436739415082,0.02504501915813057,2.9545724790618852e-05,0.02496622148008416,4.92519532557777e-05,0.136638085302696,0.12623863859539514,0.010399446707300822,0.2870847185424011,1.1262284504928197e-05,3.081044825059918e-05,0.0002737486302689681,2.1194641112341388e-10,1.47301862528098e-10,6.464454859531647e-11,6.870696996116899e-10,6.670193796693704e-10,2.005031994231952e-11,0.0010464637273006313,0.6519807571802887,3.291033734782025e-07,3.8463491235171734e-10,2.2822132687320574e-09,0.00012178671226402364,0.01083296784075327
77246,Input,0.000125839136970033,0.024961919482847365,2.947554890971092e-05,0.024883245903491502,4.919803044613898e-05,0.1362618937429015,0.12589107459594606,0.010370819146955434,0.2862174097130934,1.1227110916450869e-05,3.0717072467328346e-05,0.00027291624247116516,2.1126790924934443e-10,1.4690423944446157e-10,6.436366980488346e-11,6.861215620851921e-10,6.660737733748306e-10,2.0047788710361307e-11,0.0010438400745932323,0.651711613599233,3.294522572215541e-07,3.832721720153247e-10,2.2750543854334483e-09,0.0001214004866184135,0.010805707692744816
77247,Input,0.000124905871901485,0.02478942032634375,2.9319845999224876e-05,0.024711019558370087,4.9080921974425304e-05,0.13514512620601707,0.12483357257383579,0.010311553632181267,0.2843671852378702,1.1131692969538394e-05,3.0512765211832994e-05,0.0002710160652578306,2.0985318331139376e-10,1.4605295857741264e-10,6.38002247339817e-11,6.800697242038233e-10,6.602278586725898e-10,1.984186553123348e-11,0.0010380839112291043,0.6510698258665927,3.261164502640177e-07,3.8007330453394545e-10,2.259923381219291e-09,0.000120558893565175,0.010746938404269178
77248,Input,0.00012703511406203283,0.02529383136826507,2.975506617768779e-05,0.02521466329618697,4.9413005900401827e-05,0.1377385022796919,0.12725332824398689,0.010485174035705,0.289677711546395,1.1365867933729977e-05,3.108921898953236e-05,0.0002762276030692039,2.1397745627979358e-10,1.4849040171349204e-10,6.548705456630216e-11,6.895929922535026e-10,6.695506000700463e-10,2.004239218345621e-11,0.001054295363569273,0.652780189946255,3.277450289282143e-07,3.886865525296688e-10,2.3036270759219393e-09,0.00012294004629082527,0.010914419945092796
77249,Input,0.00012719199532772307,0.02529689304301045,2.9762526760547725e-05,0.025217713008648696,4.941750760119338e-05,0.13791559131690398,0.12742944023954805,0.010486151077355921,0.289733895891489,1.1378052204799935e-05,3.109775096814296e-05,0.00027634200709929707,2.1400550898055226e-10,1.4851763430238113e-10,6.548787467817177e-11,6.916125753789635e-10,6.714725658743975e-10,2.0140009504565953e-11,0.001054542666033504,0.6528304907152118,3.2970532629810556e-07,3.8891661619371096e-10,2.3040223054097343e-09,0.00012297364884759167,0.01091648493455975
77250,Input,0.00012735837868533984,0.02530014015936832,2.9770439221099034e-05,0.02522094743818313,4.942228196408108e-05,0.13810340640418564,0.12761621910705104,0.010487187297134597,0.28979348324846954,1.1390974461143373e-05,3.1106799717476414e-05,0.00027646334043102437,2.1403526079649996e-10,1.4854651633336188e-10,6.54887444631387e-11,6.937544819980994e-10,6.735109426196742e-10,2.0243539378425217e-11,0.0010548049472827315,0.6528838381355868,3.3178435630143186e-07,3.8916061451129536e-10,2.304441473427783e-09,0.00012300928666702604,0.010918674997722762
77251,Input,0.00012541839580383033,0.024876565514673897,2.939987984605267e-05,0.024798024841766828,4.9140793061004014e-05,0.1357553125791383,0.12541384038247994,0.010341472196658359,0.2853087326849328,1.1182966121712161e-05,3.061741463899351e-05,0.0002719996196669998,2.1056875233869125e-10,1.4648656516772928e-10,6.40821871709626e-11,6.836864175250774e-10,6.637130350991357e-10,1.997338242594153e-11,0.001041034334553499,0.6514054338614119,3.283577856802139e-07,3.817400371725624e-10,2.267604497015596e-09,0.00012098951961027706,0.010776927105283786
77252,Input,0.0001256712219236769,0.024958642474247672,2.946756360878121e-05,0.024879981698507365,4.9193212131512505e-05,0.13607234967107243,0.12570257628310794,0.01036977338796449,0.2861572738079588,1.121406970064651e-05,3.070794041719091e-05,0.00027279379217136736,2.112378835446971e-10,1.4687509153183102e-10,6.436279201286669e-11,6.839599375429641e-10,6.640166317797998e-10,1.994330576316438e-11,0.0010435753788402844,0.6516577750741932,3.2735408812348627e-07,3.8302592750268314e-10,2.274631358646455e-09,0.0001213645207250209,0.010803497468340119
77253,Input,0.00012751746695208665,0.025380387742972577,2.9833665223896293e-05,0.025301082066517513,4.947201123115356e-05,0.13831463133248934,0.12779972663451167,0.010514904697977643,0.29060845376085725,1.1414797837392856e-05,3.1192227567924874e-05,0.00027718915558169694,2.1468763028190643e-10,1.4891877100048577e-10,6.576885928142128e-11,6.928212844037571e-10,6.726661488444199e-10,2.0155135559337095e-11,0.0010571982263028273,0.653106124223108,3.296093648615101e-07,3.9030903990034323e-10,2.311232182172543e-09,0.00012336420997632836,0.010944011512502473
77254,Input,0.00012795809434652277,0.02546612980823651,2.9910279989087823e-05,0.025386689708996706,4.9529819250704215e-05,0.1388436602563222,0.12829928475850316,0.010544375497819012,0.29152425270191656,1.1460487107147682e-05,3.1292966907638304e-05,0.0002781202802108141,2.1539034314557535e-10,1.4933989727306758e-10,6.605044587250839e-11,6.955124307929785e-10,6.752705150031128e-10,2.024191578986563e-11,0.0010600353143382867,0.6534186800732544,3.309523231850772e-07,3.9187033755302576e-10,2.318732169776963e-09,0.00012377943643577757,0.010973053857488589
77255,Input,0.00012770814880117912,0.025384109065586847,2.9842733213810708e-05,0.02530478884953487,4.9477482838150214e-05,0.1385298747837774,0.12801378253731954,0.010516092246457819,0.2906767432074361,1.1429607249640017e-05,3.120259778931956e-05,0.0002773282083354201,2.1472172702908127e-10,1.4895187093999799e-10,6.57698560890839e-11,6.952759933396168e-10,6.750022084870656e-10,2.0273784852551045e-11,0.0010574988108943474,0.6531672624577676,3.319920147312529e-07,3.905886715356153e-10,2.3117125651501856e-09,0.0001234050523141962,0.010946521410725073
77256,Input,0.00013015463807909317,0.02589471146173399,3.029304026957393e-05,0.025814599751308658,4.9818670155746424e-05,0.14148136236506606,0.13078967393011146,0.01069168843495459,0.29610088615108787,1.1688421388287173e-05,3.179630503324852e-05,0.0002827710953050403,2.1890272849473594e-10,1.5144438413358535e-10,6.74583443611512e-11,7.088832858393476e-10,6.8821157145418e-10,2.0671714385167578e-11,0.001074210361149647,0.6549793453365654,3.37584729502093e-07,3.996671569445311e-10,2.3562154975129162e-09,0.0001258541565203714,0.011118178797229816
77257,Input,0.0001262193639955639,0.02504648278222568,2.9549291299064546e-05,0.02496767938564675,4.925410527984802e-05,0.1367227421664712,0.12632282838744618,0.010399913779025006,0.2871115772939297,1.126810915783957e-05,3.081452693645315e-05,0.0002738033207599403,2.119598216298125e-10,1.473148809825666e-10,6.464494064724651e-11,6.880351550471391e-10,6.679381694478969e-10,2.0096985599242098e-11,0.0010465819494749414,0.6520048033065335,3.3004048754248556e-07,3.847448935711822e-10,2.2824022069601654e-09,0.00012180277586183552,0.010833955002549129
77258,Input,0.00012691105823286412,0.025214267473238475,2.9693506163510565e-05,0.02513520968518742,4.9364281887534064e-05,0.13756682229395734,0.1271091474803951,0.010457674813562235,0.2888752873030198,1.1344765371299879e-05,3.1005696376186484e-05,0.0002755273349589971,2.1333135111462892e-10,1.4812422823118107e-10,6.520712288344848e-11,6.909771737143071e-10,6.708245792344667e-10,2.015259447984033e-11,0.0010519573085308487,0.6525691362932814,3.303577654038039e-07,3.875895016047043e-10,2.2969246240655934e-09,0.00012259262661471458,0.010889544553661893
77259,Input,0.00012881956357913054,0.025637227806375198,3.006256860545358e-05,0.025557520370225566,4.964486754416742e-05,0.13987938398337663,0.12927619010844368,0.010603193874932939,0.2933487647250823,1.1550328990385879e-05,3.1493369550725814e-05,0.0002799681010580821,2.1679223092154097e-10,1.5017871529775287e-10,6.661351562378874e-11,7.006400177250368e-10,6.802368527784033e-10,2.0403164946633406e-11,0.0010656783011094577,0.6540374479396296,3.333910109885608e-07,3.9496391768217275e-10,2.333682299421173e-09,0.00012460565146639392,0.01103087811505607
77260,Input,0.0001281258269487798,0.025469403256280464,2.9918256613778767e-05,0.02538995036733657,4.953463233010557e-05,0.1390329983835491,0.1284875782629837,0.010545420120565406,0.291584323267814,1.1473514153329246e-05,3.130208903556391e-05,0.0002782425974651516,2.154203362265076e-10,1.493690135157271e-10,6.605132271078113e-11,6.976717066734833e-10,6.773254214598814e-10,2.034628521360185e-11,0.001060299722492361,0.6534724601013258,3.330482125674253e-07,3.9211631451454994e-10,2.319154736934264e-09,0.00012381536325128432,0.010975261680426538
77261,Input,0.00012824620014819708,0.025471752444267026,2.9923981033609364e-05,0.025392290376799808,4.953808643359406e-05,0.13916887677474618,0.12862270698130576,0.010546169793440419,0.2916274328726886,1.1482863005053546e-05,3.1308635525090235e-05,0.0002783303783679125,2.1544186074269354e-10,1.4938990876946293e-10,6.605195197323126e-11,6.992213096884215e-10,6.788001238217119e-10,2.0421185866709307e-11,0.0010604894748424093,0.6535110553055768,3.3455232630073117e-07,3.922928397305378e-10,2.319457991996241e-09,0.00012384114610845836,0.010976846123207557
77262,Input,0.00013108007976879923,0.026067057938175278,3.0448371134578074e-05,0.02598667401290472,4.9935554135959655e-05,0.14258929879888174,0.13183839357241478,0.010750905226466958,0.2979483088168361,1.1783231728114928e-05,3.200018681473557e-05,0.0002846655674007847,2.2031605549633424e-10,1.5229430696174552e-10,6.802174853458938e-11,7.148344108419431e-10,6.939616412730784e-10,2.087276956886449e-11,0.0010799541919968376,0.6556186246628014,3.408227800519408e-07,4.0285455157608565e-10,2.3713267923628037e-09,0.00012669407387619323,0.011176845108496328
77263,Input,0.00012867788101908419,0.025557319910319967,3.000017034149755e-05,0.025477724102245403,4.9595637733057926e-05,0.1396878067792803,0.12911222190409907,0.010575584875181223,0.2925400277691843,1.1527857438063042e-05,3.1408888308635066e-05,0.0002792549788378521,2.1614297383505234e-10,1.4980948203954492e-10,6.633349179550807e-11,7.017972845948553e-10,6.812948853551913e-10,2.0502399239664007e-11,0.0010633124598725785,0.6538207426359416,3.35783494051309e-07,3.938410174610992e-10,2.326935440708561e-09,0.00012425445630299153,0.011005770707307355
77264,Input,0.0001293683813721389,0.02572508130164031,3.014432843006088e-05,0.02564523119312795,4.97057800822898e-05,0.1405305392390851,0.12989720076476455,0.010633338474320547,0.29430331020902867,1.1604420927837007e-05,3.159999281904238e-05,0.00028097812240924944,2.1751428983563064e-10,1.5061862204506572e-10,6.689566779056558e-11,7.047239340051183e-10,6.84166668763754e-10,2.0557265241364316e-11,0.0010686859369286523,0.6543846928281263,3.360858538270541e-07,3.9668387468401454e-10,2.341454850072709e-09,0.0001250440513365981,0.011061344543615797
77265,Input,0.00012818963488883388,0.025470648523889434,2.992129103871026e-05,0.025391190769554664,4.95364632960465e-05,0.13910502538193512,0.1285592078715678,0.010545817510367294,0.2916071749914278,1.1478469832610735e-05,3.130555922671345e-05,0.0002782891287412859,2.1543174603404894e-10,1.493800897611392e-10,6.605165627291034e-11,6.984931268630557e-10,6.781071379911094e-10,2.0385988871946294e-11,0.0010604003072291264,0.6534929188121613,3.338455196041569e-07,3.9220988775555636e-10,2.3193154876737094e-09,0.0001238290303384179,0.01097610156862823
77266,Input,0.0001274567751045141,0.02530206045131839,2.9775118521939322e-05,0.025222860227351575,4.942510544485895e-05,0.13821447720068908,0.1277266770999835,0.010487800100705578,0.28982872224495887,1.1398616473962796e-05,3.111215100107334e-05,0.00027653509499554003,2.1405285553791591e-10,1.4856359669805517e-10,6.548925883986137e-11,6.950211708337342e-10,6.747164055670277e-10,2.030476526670652e-11,0.001054960056159666,0.6529153869347714,3.3301386092625325e-07,3.893049111589814e-10,2.304689362595301e-09,0.00012303036229544074,0.010919970165557409
77267,Input,0.00012714815123506884,0.02521889454998956,2.9704781263699722e-05,0.02513981868346539,4.937108526046073e-05,0.13783445508813089,0.12737530368182648,0.010459151406304377,0.2889601981111819,1.1363179331659917e-05,3.101859066547357e-05,0.0002757002325630531,2.1337374686541263e-10,1.4816538455554597e-10,6.52083623098673e-11,6.94029348391193e-10,6.737292258835332e-10,2.0300122507659725e-11,0.001052331054136732,0.6526451553148819,3.333203421435865e-07,3.8793719439368046e-10,2.2975219302219965e-09,0.00012264340980434817,0.010892665350463774
77268,Input,0.00012770182990779047,0.02530684290956236,2.978677225036269e-05,0.025227624000030677,4.943213728130566e-05,0.13849109735023646,0.12800177107144642,0.010489326278790043,0.28991648443615264,1.1417648792047292e-05,3.1125478292453736e-05,0.00027671379866015656,2.1409667497700284e-10,1.4860613508964424e-10,6.549053988735922e-11,6.981758403433962e-10,6.777185929220126e-10,2.0457247421383608e-11,0.0010553463524867338,0.6529939587450326,3.3607592371767954e-07,3.896642797915892e-10,2.3053067268417867e-09,0.00012308285083128818,0.010923195761586135
77269,Input,0.00012876936511703615,0.025559105302291857,3.0004520922748506e-05,0.025479502518504005,4.959826286509236e-05,0.13979107488306086,0.12921492025358997,0.010576154629470895,0.29257279123592034,1.1534962601596325e-05,3.141386366603993e-05,0.0002793216926640639,2.1615933255075198e-10,1.4982536251334435e-10,6.633397003740828e-11,7.029749888902594e-10,6.824156648640255e-10,2.0559324026233773e-11,0.0010634566723938244,0.6538500751407124,3.3692662631642094e-07,3.9397517730920985e-10,2.327165915730648e-09,0.00012427405137434137,0.01100697488995997
77270,Input,0.000128345151396183,0.025473683564185324,2.9928686719667197e-05,0.025394213951630485,4.954092583515946e-05,0.13928057386719161,0.12873378781475897,0.010546786052432642,0.2916628705716379,1.149054810896233e-05,3.131401698302017e-05,0.0002784025375355641,2.1545955469574294e-10,1.494070854453688e-10,6.605246925037477e-11,7.004951410142743e-10,6.80012384024293e-10,2.0482756989981113e-11,0.001060645458333223,0.6535427819992712,3.3578876374481225e-07,3.924379500250845e-10,2.3197072789387326e-09,0.00012386234057621664,0.010978148594117224
77271,Input,0.00012949410383792347,0.02572753488522613,3.0150307237467954e-05,0.02564767519030591,4.970938768273367e-05,0.1406724559320934,0.13003833447017402,0.010634121461919402,0.294348335562264,1.1614185233319649e-05,3.1606830228112396e-05,0.0002810698042088304,2.1753677088010584e-10,1.5064044586328754e-10,6.689632501681891e-11,7.063423998510736e-10,6.857069054453841e-10,2.0635494405689348e-11,0.0010688841216861561,0.6544250031652229,3.3765680889252606e-07,3.9686824450665427e-10,2.341771581490815e-09,0.0001250709799585387,0.011062999397472708
77272,Input,0.00012953231074721457,0.025728280526388318,3.0152124189997846e-05,0.025648417918170047,4.971048402825997e-05,0.1407155842479662,0.1300812248370376,0.010634359410928584,0.29436201871408674,1.1617152594256596e-05,3.160890810867649e-05,0.00028109766619975114,2.1754360284304633e-10,1.506470780959437e-10,6.689652474710329e-11,7.068342497156245e-10,6.861749815590256e-10,2.0659268156598806e-11,0.0010689443498005631,0.6544372534291938,3.3813422028684065e-07,3.969242742786259e-10,2.341867835795769e-09,0.00012507916353503317,0.011063502305610935
77273,Input,0.00012923055387282438,0.02564524864045798,3.008211349583446e-05,0.02556550986607016,4.965666089197288e-05,0.14034331366353014,0.12973756018000854,0.010605753483521621,0.2934959538772706,1.158224878095778e-05,3.1515721234207786e-05,0.0002802678114519324,2.1686572209126738e-10,1.5025005797628323e-10,6.661566411498478e-11,7.059308283149461e-10,6.852719300192987e-10,2.065889829564725e-11,0.0010663261726826393,0.6541692235708094,3.38526507494368e-07,3.955666278428596e-10,2.3347177033781114e-09,0.00012469368189254793,0.011036287879082155
77274,Input,0.00012855268951055698,0.025477733851520055,2.9938556319406002e-05,0.02539824841406872,4.954688113192257e-05,0.13951484482808418,0.12896676624794912,0.010548078580135074,0.29173719680164917,1.150666667246164e-05,3.132530393143261e-05,0.00027855388254529397,2.15496665593548e-10,1.4944311141776707e-10,6.605355417578157e-11,7.031668460890359e-10,6.825549512146538e-10,2.0611894874381886e-11,0.001060972614586589,0.6536093248506113,3.3838203973585874e-07,3.9274230108198847e-10,2.3202301277459563e-09,0.0001239067933745719,0.010980880367208727
77275,Input,0.00012888410122768404,0.025561344477573928,3.000997726743535e-05,0.025481732945093906,4.9601555212574715e-05,0.1399205900758323,0.12934372088074086,0.010576869195091427,0.2926138820137581,1.1543873645674761e-05,3.142010358281778e-05,0.00027940536277851376,2.1617984907172766e-10,1.4984527924029232e-10,6.633456983143597e-11,7.04452023843579e-10,6.838213067691904e-10,2.0630717074388502e-11,0.0010636375386226544,0.653886862927752,3.383603022556418e-07,3.9414343583196874e-10,2.3274549693282424e-09,0.00012429862681777779,0.011008485133129698
77276,Input,0.00012924916748009965,0.02564561190124036,3.008299867711337e-05,0.025565871707554644,4.965719500858799e-05,0.14036432487718223,0.129758455469879,0.010605869407303228,0.29350262002271504,1.1583694417156812e-05,3.151673353416878e-05,0.0002802813852312967,2.1686905048075117e-10,1.5025328906134896e-10,6.661576141940284e-11,7.061704472840547e-10,6.854999669140887e-10,2.067048036996574e-11,0.0010663555145605695,0.6541751916432551,3.3875909234269517e-07,3.955939243761452e-10,2.3347645964627455e-09,0.0001246976687598921,0.011036532885410962
77277,Input,0.00012964905695271226,0.02573055893042476,3.0157676125953144e-05,0.02565068742024347,4.9713834055322715e-05,0.1408473684545685,0.13021228195933918,0.010635086495229294,0.2944038293730538,1.1626219753473563e-05,3.161525734434713e-05,0.000281182802154948,2.175644787988409e-10,1.5066734374974687e-10,6.689713504909468e-11,7.083371612681758e-10,6.876052493081229e-10,2.0731911960052774e-11,0.001069128384676762,0.654474685712032,3.395930132062819e-07,3.970954805707324e-10,2.3421619534062937e-09,0.0001251041695227159,0.01106503900716417
77278,Input,0.00012970021598408672,0.025731557343547373,3.0160109024431636e-05,0.025651681932461527,4.971530206140375e-05,0.14090511724675822,0.1302697121379312,0.010635405108826993,0.29442215110612224,1.1630193048201907e-05,3.1618039625325707e-05,0.00028122010934608486,2.1757362679361222e-10,1.5067622430577283e-10,6.689740248784006e-11,7.089957479772019e-10,6.882320029772295e-10,2.0763744999972304e-11,0.0010692090300901634,0.6544910888090233,3.402322668112825e-07,3.9717050440582873e-10,2.3422908378698224e-09,0.0001251151273273225,0.011065712400895811
77279,Input,0.00013207682941606102,0.026240796051609238,3.060709309235277e-05,0.02616013447422209,5.00544842947753e-05,0.14377772832085267,0.13296716220367344,0.01081056611717924,0.2998212692093335,1.1883580240269899e-05,3.220794667539257e-05,0.00028661204008236196,2.2174213342001513e-10,1.531566079427979e-10,6.85855254772179e-11,7.21703506178071e-10,7.005853109791101e-10,2.111819519896093e-11,0.001085810430361556,0.6562807674270776,3.449518535103165e-07,4.06146518094656e-10,2.3866177326752417e-09,0.00012754926475547318,0.011236450028847964
77280,Input,0.00012942938750035838,0.025649129052139223,3.0091569148471066e-05,0.025569375116576858,4.966236641388157e-05,0.14056775891842063,0.12996076711791543,0.010606991800505167,0.29356716274403055,1.1597691305627874e-05,3.152653478960412e-05,0.00028041280880523563,2.1690127649752128e-10,1.5028457296067053e-10,6.661670353685139e-11,7.084904777235297e-10,6.877078577968705e-10,2.0782619926659112e-11,0.0010666396074694177,0.6542329755064878,3.4101101726286036e-07,3.958582139202921e-10,2.3352186230540263e-09,0.00012473627026807435,0.011038905077156937
77281,Input,0.00013015885848698217,0.025817650989367228,3.0237580508931244e-05,0.02573763978183461,4.977362702367318e-05,0.14145448179319264,0.13078949368813655,0.010664988105056079,0.29534440185050004,1.1677281471411144e-05,3.171975871567646e-05,0.00028216437130553423,2.182795610262861e-10,1.5110047777165147e-10,6.717908325463524e-11,7.119188086672658e-10,6.910570737705274e-10,2.0861734896738326e-11,0.001072074516549716,0.6548094208352119,3.418003314888541e-07,3.9875822090362984e-10,2.349836210766473e-09,0.00012553421246104993,0.011094991874318205
77282,Input,0.00012978029131926412,0.025733120083562006,3.0163917055113314e-05,0.025653238566687372,4.97175998195087e-05,0.14099550703261704,0.1303596032221934,0.010635903810423617,0.2944508287193817,1.1636412143806003e-05,3.162239451782332e-05,0.0002812785034507924,2.175879454530519e-10,1.506901243637144e-10,6.689782108933817e-11,7.100265835902267e-10,6.892130127574974e-10,2.081357083272927e-11,0.0010693352582132373,0.6545167633273679,3.412328417891218e-07,3.9728793350056007e-10,2.3424925709038333e-09,0.00012513227874424952,0.011066766412813529
77283,Input,0.00013057544281121962,0.025902923833143784,3.0313051891471977e-05,0.025822780036123885,4.983074512841682e-05,0.141956370674941,0.1312620615080055,0.01069430916693545,0.2962515901767277,1.17211034226983e-05,3.1819190474400116e-05,0.00028307796277596324,2.1897797463184642e-10,1.5151743047358118e-10,6.746054415826587e-11,7.143004408602328e-10,6.933668862197627e-10,2.093355464046991e-11,0.001074873703880578,0.6551142677666818,3.428428615422438e-07,4.0028425980951177e-10,2.3572756268917056e-09,0.00012594428911100698,0.011123717746292104
77284,Input,0.00013101405301188393,0.02598862653111169,3.038957072780156e-05,0.02590834846511919,4.988849526468383e-05,0.14248312257161358,0.13175935516772833,0.010723767403885235,0.29716666669430003,1.1766636025972854e-05,3.19198201091463e-05,0.00028400761638751847,2.196803267913038e-10,1.5193820658702545e-10,6.774212020427897e-11,7.169656192635104e-10,6.959465395650228e-10,2.1019079698487595e-11,0.001077707612078162,0.6554261768449056,3.4416061418157574e-07,4.0184259928240033e-10,2.364770532598949e-09,0.0001263590835056846,0.011152733539453352
77285,Input,0.00013112121596992808,0.02599071790971474,3.039466692666562e-05,0.025910431672487164,4.9891570300896284e-05,0.14260408911902978,0.13187965431440052,0.010724434804629259,0.2972050452769151,1.1774958896927033e-05,3.192564816045541e-05,0.00028408576385925775,2.196994891200956e-10,1.5195680871117148e-10,6.774268040892475e-11,7.183451625811156e-10,6.972594021298915e-10,2.1085760451223987e-11,0.001077876540238462,0.6554605364554658,3.454996603951526e-07,4.019997519077871e-10,2.3650405072248673e-09,0.00012638203684791504,0.01115414409908031
77286,Input,0.00013070183502356757,0.025905390487417992,3.0319062549079332e-05,0.025825237052921692,4.98343719472079e-05,0.14209904338412221,0.13140394705846978,0.010695096325652416,0.2962968553882525,1.1730919744421633e-05,3.1826064307598455e-05,0.00028317013298125433,2.1900057543695614e-10,1.5153937055127314e-10,6.746120488568364e-11,7.159275285696832e-10,6.949153280238257e-10,2.1012200545857375e-11,0.001075072944404523,0.6551547928443148,3.44422185372596e-07,4.0046961180390843e-10,2.3575940455959895e-09,0.00012597136118664052,0.011125381415858098
77287,Input,0.0001306852664590044,0.025905067137428007,3.031827462103547e-05,0.02582491496629396,4.98338965130005e-05,0.14208034063377425,0.1313853474955713,0.010694993138202958,0.2962909216399172,1.1729632937606368e-05,3.182516322716773e-05,0.00028315805052800196,2.1899761273148808e-10,1.5153649445956615e-10,6.746111827192256e-11,7.157142360949085e-10,6.947123451222189e-10,2.100189097268959e-11,0.0010750468262646213,0.6551494804729849,3.442151541927218e-07,4.0044531429040643e-10,2.357552304568105e-09,0.0001259678123490606,0.011125163327922901
77288,Input,0.00012954939542213413,0.02565147111141398,3.0097276197303933e-05,0.025571708025180925,4.966581003574473e-05,0.140703224980806,0.13009548578234034,0.010607739198465657,0.2936101415309583,1.1607011787860248e-05,3.153306141352692e-05,0.0002805003233330784,2.169227356966388e-10,1.5030540480686183e-10,6.661733088977759e-11,7.10035378401591e-10,6.891780851110719e-10,2.0857293290519064e-11,0.001066828784007813,0.6542714535919348,3.425105666984675e-07,3.960342034629333e-10,2.3355209578754982e-09,0.0001247619748860614,0.011040484711878315
77289,Input,0.00012958900918777524,0.02565224420860503,3.0099160053732926e-05,0.025572478101800335,4.9666946750950066e-05,0.14074794136925983,0.130139955460017,0.010607985909242824,0.2936243285243476,1.1610088413080917e-05,3.153521580589269e-05,0.00028052921125934905,2.169298192263934e-10,1.503122812518555e-10,6.661753797453854e-11,7.105453391816292e-10,6.896633967421887e-10,2.0881942439440324e-11,0.0010668912298442705,0.6542841549356182,3.4300555735433773e-07,3.960922963654211e-10,2.3356207564603394e-09,0.00012477045979853853,0.011041006138120226
77290,Input,0.00013008909488446574,0.025739146654502144,3.0178602394216694e-05,0.02565924159118413,4.972646092378261e-05,0.14134408737972612,0.13070626036997193,0.010637827009754193,0.2945614214405535,1.1660395545069575e-05,3.1639188781954126e-05,0.0002815036952365086,2.1764316411775172e-10,1.5074372872814646e-10,6.689943538960588e-11,7.140019114703243e-10,6.929961916473922e-10,2.1005719822932085e-11,0.0010698220459906154,0.6546157748742083,3.4509147216168045e-07,3.9774078859047133e-10,2.3432705368028645e-09,0.00012519842169180734,0.011070831118096812
77291,Input,0.0001308383764535759,0.025908055212527873,3.0325555858831188e-05,0.02582789136667169,4.9838289997338656e-05,0.14225317262494233,0.13155722593220748,0.010695946692734857,0.29634575536868973,1.1741524310799788e-05,3.183349010541546e-05,0.0002832697043978854,2.1902499107294898e-10,1.5156307240383907e-10,6.746191866911056e-11,7.176852704310703e-10,6.965881087615296e-10,2.1097161669540712e-11,0.001075288183821174,0.6551985720609961,3.4612832794448876e-07,4.006698474505489e-10,2.357938033128265e-09,0.00012600060713345665,0.011127178677076827
77292,Input,0.0001316193076162564,0.02607758143997965,3.0474014438886186e-05,0.025997156398286203,4.995102725454428e-05,0.1431979842268326,0.13244372074044858,0.010754263486384003,0.2981414240580507,1.1825111159881246e-05,3.202951269020261e-05,0.00028505879369594597,2.2041247744562775e-10,1.5238791004572592e-10,6.80245673999025e-11,7.217760648164423e-10,7.005677677535527e-10,2.1208297062889637e-11,0.0010808042130294408,0.6557915170425939,3.4756065870489296e-07,4.036453198924535e-10,2.372685263975188e-09,0.00012680957163352252,0.011183942831863029
77293,Input,0.00013194726279357736,0.02616112460864411,3.0545271009088014e-05,0.026080573735485064,5.000560214994374e-05,0.14359982770018045,0.13281679512584235,0.010783032574338113,0.2990168713694808,1.1862049679000908e-05,3.212412435786925e-05,0.00028590775328348974,2.2109504284314358e-10,1.5278947785698085e-10,6.830556498616339e-11,7.230167454193711e-10,7.017917769432796e-10,2.1224968476091366e-11,0.0010834636882899116,0.6560679468509467,3.474957303066209e-07,4.0504138568656316e-10,2.3799013975294564e-09,0.00012720066471697585,0.011211502100201736
77469,Input,0.00013694624880863481,0.02516829663705492,3.005265211741448e-05,0.025088829507598238,4.9414477339255604e-05,0.1481108697402155,0.1376494157253838,0.010461454014831688,0.29114309443588476,1.2005292029022974e-05,3.135878661193928e-05,0.00028026194425562504,2.1133569310296572e-10,1.4764171910783e-10,6.369397399513633e-11,8.278262473031696e-10,8.008496274162448e-10,2.6976619886924608e-11,0.0010600773222399305,0.6547350966362305,4.6860009159751617e-07,3.9726788644123975e-10,2.2959779004305383e-09,0.00012328759020213022,0.011094251253749306
77470,Input,0.00013793779091288545,0.025358967199033397,3.0223416936049533e-05,0.025279200551215835,4.9543230881501414e-05,0.14930040845392,0.1387734244184417,0.01052698403547826,0.2931815645357659,1.2107768301695237e-05,3.1583216302411494e-05,0.0002823392710324378,2.12898609450209e-10,1.4857921660920304e-10,6.431939284100659e-11,8.33970020711581e-10,8.067925944906994e-10,2.717742622088171e-11,0.0010663984411573768,0.6554333899086793,4.717448830410578e-07,4.007542869800442e-10,2.312666693430852e-09,0.00012421251282695222,0.01115891985015412
77471,Input,0.00013894811364042523,0.025550004281257453,3.0395074878510388e-05,0.025469936683046045,4.967252333287927e-05,0.15051114691051207,0.1399185158904457,0.01059263102006634,0.2952267605950234,1.2211703181958476e-05,3.1808667376001004e-05,0.0002844302933833045,2.1446488405188038e-10,1.4951997418749387e-10,6.494490986438717e-11,8.403555631401078e-10,8.129656445874145e-10,2.7389918552693224e-11,0.0010727491652313009,0.6561377048038424,4.7512434626823524e-07,4.0426822897823126e-10,2.329402800277663e-09,0.00012514145809244709,0.011223835651278406
77472,Input,0.00013749852163880857,0.025179074723075973,3.0078915783714414e-05,0.025099565482509217,4.943032478302662e-05,0.14873428046643297,0.13826938694876847,0.010464893517664471,0.2913408815147944,1.20481846066536e-05,3.1388821938041004e-05,0.00028066468346865257,2.1143444768895067e-10,1.47737586634603e-10,6.369686105434827e-11,8.34935833547022e-10,8.076155690957443e-10,2.7320264451277517e-11,0.0010609479069539742,0.6549121716229059,4.755009727938064e-07,3.9807778499924555e-10,2.297369236144412e-09,0.00012340588207748456,0.011101520685011067
77473,Input,0.00013807257601874064,0.025275937771492864,3.0168021003726285e-05,0.025196272802598438,4.949694789068439e-05,0.1494174167744955,0.1389192707053631,0.010498146069132354,0.29238815240116994,1.21055026613411e-05,3.1505294217556945e-05,0.0002817604341590436,2.1222990408447408e-10,1.4821992437358365e-10,6.400997971089105e-11,8.390154867754705e-10,8.115461083776676e-10,2.746937839780281e-11,0.0010642318696743272,0.6552864182069658,4.780515516079353e-07,3.999357864155496e-10,2.3059108510913724e-09,0.00012388511097495366,0.01113488540737947
77474,Input,0.0001381690769209282,0.02536348094722805,3.0234415881141884e-05,0.0252836966637239,4.9549867622994435e-05,0.14956148625887467,0.1390330617960634,0.010528424462811246,0.29326439566817747,1.2125731258612257e-05,3.15957947786551e-05,0.0002825079339464437,2.129399668241743e-10,1.4861936491336872e-10,6.432060191080623e-11,8.369474400799373e-10,8.096260991576032e-10,2.732134092233419e-11,0.001066763032808773,0.6555075470363791,4.746348989474443e-07,4.010934639124706e-10,2.3132493700818255e-09,0.0001242620522106405,0.011161964210921868
77475,Input,0.00013892096162677238,0.025549474386026675,3.0393783648185468e-05,0.025469408858171397,4.967174420708107e-05,0.15048049746403422,0.13988803554413495,0.010592461919899225,0.2952170365652079,1.2209594405662043e-05,3.1807190715300305e-05,0.0002844104930599621,2.144600288684992e-10,1.4951526094386937e-10,6.494476792463048e-11,8.400060265121727e-10,8.126330029457856e-10,2.7373023566387095e-11,0.0010727063636905584,0.6561289990660384,4.7478507044255443e-07,4.042284110196012e-10,2.329334396466657e-09,0.00012513564237521613,0.011223478256009105
77476,Input,0.00013825499768368928,0.025365157765860867,3.023850189464482e-05,0.02528536693085083,4.955233311537832e-05,0.14965847441795752,0.13912951484878075,0.010528959569176731,0.2932951667214608,1.2132404342612518e-05,3.160046757439561e-05,0.000282570590768374,2.129553307328991e-10,1.4863427966306183e-10,6.432105106983791e-11,8.380535257673233e-10,8.1067872177117e-10,2.7374803996153348e-11,0.0010668984754715147,0.6555350957715148,4.757085150004415e-07,4.0121946522570024e-10,2.313465829446222e-09,0.00012428045566560618,0.011163095164763385
77477,Input,0.00013822960876278573,0.02545032215537556,3.0299100228279665e-05,0.025370421299922515,4.9601755224752454e-05,0.14966495353217882,0.13910647468758666,0.010558478844592139,0.2941277572307354,1.2143166298735178e-05,3.168433916447617e-05,0.00028322920367098505,2.1364359776157126e-10,1.490125616825647e-10,6.463103607900718e-11,8.344163520712071e-10,8.072654299029269e-10,2.715092216828011e-11,0.0010692374955002652,0.6557171431223175,4.707687977562302e-07,4.0219839340423455e-10,2.3204972725590313e-09,0.00012463128919696232,0.011188569562580826
77479,Input,0.00013815742692059184,0.02544891346376189,3.0295667577400027e-05,0.025369018112214405,4.9599683970070065e-05,0.14958347399488625,0.13902544469196468,0.010558029302921542,0.29410190653713286,1.2137560255669746e-05,3.168041355914043e-05,0.00028317656581387573,2.1363069057593398e-10,1.4900003183443354e-10,6.463065874150104e-11,8.334871319389108e-10,8.063811239803467e-10,2.7106007958564035e-11,0.001069123710419754,0.6556939994910427,4.698668552917554e-07,4.0209253998050433e-10,2.3203154255271836e-09,0.0001246158284952708,0.011187619450767412
77480,Input,0.00013765759529434373,0.02535349893712666,3.0210092065040084e-05,0.02527375365438065,4.9535190680957195e-05,0.14898412102405836,0.1384588820203308,0.010525239003727548,0.2930812172619425,1.208600675257778e-05,3.156797787981423e-05,0.0002821349412940551,2.1284850631133977e-10,1.4853057821981538e-10,6.431792809152506e-11,8.303629721545383e-10,8.03359894002232e-10,2.7003078152306472e-11,0.0010659567500056182,0.6553435509147817,4.6824372098919786e-07,4.003433849493484e-10,2.3119607992610715e-09,0.0001241524974443868,0.011155231704227777
77483,Input,0.0001371522310977217,0.025257976437554598,3.01242534479715e-05,0.025178381645471624,4.94705386349888e-05,0.14837852283614536,0.13788610858793562,0.010492414248209734,0.29205854659119296,1.2034023559319479e-05,3.145524131196647e-05,0.0002810892822048755,2.120653327409771e-10,1.4806016422147112e-10,6.400516851950657e-11,8.271675898075584e-10,8.00270884031254e-10,2.6896705776304352e-11,0.0010627810682296232,0.6549913284329949,4.665514548938476e-07,3.985861164993837e-10,2.3035922348427815e-09,0.00012368798136666587,0.01112277113382675
77484,Input,0.00013820509319822902,0.025449843712748638,3.029793437587575e-05,0.025369944726621005,4.9601051751741295e-05,0.14963728013405214,0.13907895397007206,0.010558326163980069,0.2941189774001217,1.2141262283729447e-05,3.168300588690791e-05,0.00028321132595070426,2.136392140144526e-10,1.490083060929121e-10,6.463090792154111e-11,8.341007553027077e-10,8.069650876246753e-10,2.713566767803239e-11,0.0010691988499711117,0.6557092827079896,4.7046246547040556e-07,4.0216244175262614e-10,2.32043551072928e-09,0.00012462603818342636,0.011188246870241728
77485,Input,0.00013707421405923659,0.025256453866995338,3.0120543300825854e-05,0.025176865023754887,4.946829993961392e-05,0.1482904564748072,0.1377985281093174,0.01049192836548979,0.29203060612172915,1.2027964322476917e-05,3.1450998359816074e-05,0.00028103238909160693,2.120513821355617e-10,1.4804662145761043e-10,6.400476067795191e-11,8.26163251311628e-10,7.993150906198136e-10,2.6848160691814348e-11,0.0010626580847377164,0.6549663138653837,4.6557659919851537e-07,3.984717058611687e-10,2.3033956872561457e-09,0.00012367127081838652,0.01112174421476152
77486,Input,0.00013771434710044535,0.025354606498126573,3.0212790931281445e-05,0.025274856888023826,4.953681917145493e-05,0.1490481829925692,0.1385225905439731,0.010525592448596075,0.2931015419517306,1.209041441327716e-05,3.157106432352464e-05,0.0002821763269579489,2.1285865437731235e-10,1.4854042961027604e-10,6.431822476703697e-11,8.310935564562267e-10,8.040551652328827e-10,2.703839122334402e-11,0.0010660462116850401,0.6553617472205931,4.689528586656955e-07,4.004266104918968e-10,2.3121037735490357e-09,0.0001241646531710616,0.011155978714275884
77487,Input,0.00012878313450657977,0.024904446832695007,2.958737567918692e-05,0.024825740748042308,4.9118708973501766e-05,0.13880788423053297,0.1284641643756508,0.010343719854882196,0.2871788412001576,1.1356019663376758e-05,3.081120716504834e-05,0.00027348505900726746,2.0903996355624825e-10,1.4576381767130897e-10,6.327614588493994e-11,7.267930590845717e-10,7.046425839287648e-10,2.2150475155806976e-11,0.0010442441882373655,0.651886946712375,3.7223367751009223e-07,3.839016245979233e-10,2.2668147995464985e-09,0.00012110584656127181,0.010954977787683529
77488,Input,0.00012881953023271265,0.024905157127037992,2.958910649981338e-05,0.024826448267190965,4.9119753347209635e-05,0.13884896806594918,0.12850502154193488,0.010343946524014363,0.28719187570767507,1.135884635776273e-05,3.081318654452056e-05,0.000273511600211722,2.0904647165273518e-10,1.4577013550564523e-10,6.327633614709057e-11,7.27261593004243e-10,7.050884710826205e-10,2.2173121921622532e-11,0.0010443015612622486,0.6518986162575128,3.7268845740939786e-07,3.839549983011043e-10,2.266906490954865e-09,0.00012111364219861611,0.010955456855663863
77492,Input,0.00012911386280021374,0.024996561160287693,2.9664909380950106e-05,0.024917717901056565,4.917834985016798e-05,0.13921635178091094,0.12884089478635988,0.010375456994551077,0.28813896900579117,1.139443966174884e-05,3.0914446169357315e-05,0.000274403366681905,2.0979190963296028e-10,1.462039171019422e-10,6.35879925310187e-11,7.27740297134509e-10,7.055921145152648e-10,2.2148182619244357e-11,0.0010471445797232029,0.652183175763913,3.717437945782153e-07,3.8540279251518286e-10,2.2747434053872944e-09,0.00012153295719852929,0.010985139668699077
77493,Input,0.0001292206610147496,0.024998645420603014,2.9669988234217464e-05,0.024919794017948707,4.9181414420082034e-05,0.13933690660245007,0.128960784478743,0.010376122123707107,0.2881772169617501,1.1402734204694851e-05,3.0920254384111705e-05,0.00027448124816823735,2.0981100674019458e-10,1.4622245591126243e-10,6.35885508289328e-11,7.291151449913069e-10,7.069005085762162e-10,2.2214636415090677e-11,0.0010473129329138403,0.6522174184269278,3.730782831683129e-07,3.8555941025052025e-10,2.2750124611183447e-09,0.00012155583241597924,0.010986545427297056
77497,Input,0.0001290876867645418,0.024910390435666008,2.9601858844819908e-05,0.024831661128734465,4.91274480867076e-05,0.1391516656623437,0.12880604908486945,0.010345616577474294,0.28728791138827225,1.1379672884490517e-05,3.082777022207946e-05,0.00027370715057142934,2.090944220240609e-10,1.4581668406297043e-10,6.327773796109113e-11,7.307136585155812e-10,7.083736796900442e-10,2.2339978825536912e-11,0.001044724274393923,0.6519845951645064,3.760391860113829e-07,3.8434824521926243e-10,2.267582055167439e-09,0.00012117107891703768,0.010958986534056536
77498,Input,0.00012959489739246675,0.025005948969955557,2.968778527003863e-05,0.024927069031569573,4.9192153115938344e-05,0.139759348119148,0.12938089528675684,0.010378452832391227,0.2883112433268478,1.1431799481866624e-05,3.0940607207987415e-05,0.00027475415615141785,2.0987792576376912e-10,1.4628741857826334e-10,6.359050718550643e-11,7.339328105681744e-10,7.114853104488433e-10,2.2447500119331164e-11,0.0010479028668234573,0.652337409666723,3.7775452404212856e-07,3.861082214288126e-10,2.275955271282634e-09,0.0001216359904837445,0.010991471408578103
77499,Input,0.00012995238659495808,0.02509858556002778,2.9766591602903177e-05,0.025019566406529203,4.925256189566842e-05,0.14019802363325967,0.12978766699679609,0.01041035663646363,0.2892809550947961,1.147229788116288e-05,3.104530160278528e-05,0.0002756919789402965,2.1063465708851512e-10,1.467321633617117e-10,6.390249372680403e-11,7.352245504278882e-10,7.127626912186705e-10,2.246185920921751e-11,0.0010508454433253089,0.652642219056312,3.775990299170868e-07,3.8764863375628093e-10,2.283951295627826e-09,0.00012206883306710171,0.011021985536846841
77502,Input,0.00012988717461583714,0.025097312891371695,2.9763490408050174e-05,0.02501829871032275,4.9250690640890246e-05,0.1401244117424682,0.12971446124002872,0.010409950502439532,0.2892576005385777,1.1467233156403542e-05,3.104175505305185e-05,0.00027564442378328675,2.1062299621793179e-10,1.467208433930065e-10,6.390215282492591e-11,7.343850555906234e-10,7.119637736847445e-10,2.2421281905878968e-11,0.0010507426453075658,0.6526213101690683,3.7678417882193735e-07,3.8755300151625546e-10,2.283787007706049e-09,0.00012205486524742218,0.01102112716762467
77503,Input,0.0001293773987229183,0.02500170429369814,2.9677441990113194e-05,0.02492284093970652,4.918591200149704e-05,0.13951383359059177,0.12913673531929643,0.010377098271295395,0.28823334989417043,1.1414907326289769e-05,3.092877855535476e-05,0.0002745955475105022,2.0983903377073593e-10,1.4624966358039485e-10,6.358937019034171e-11,7.311328800544981e-10,7.088207156450927e-10,2.2312164409405332e-11,0.0010475600090787188,0.6522676731671018,3.750367867266194e-07,3.857892633899388e-10,2.2754073289430344e-09,0.00012158940422401513,0.010988608527151706
77504,Input,0.00012973689260826219,0.025094380006904886,2.975634365687541e-05,0.025015377284942488,4.924637830551048e-05,0.1399547720094213,0.12954575744907876,0.010409014560342567,0.2892037796050337,1.145556142039877e-05,3.103358197471425e-05,0.0002755348321934852,2.105961235625553e-10,1.466947563512446e-10,6.390136721131129e-11,7.324504268430577e-10,7.101226559560116e-10,2.2327770887046233e-11,0.0010505057456966446,0.6525731253172433,3.7490634195661723e-07,3.873326155501543e-10,2.283408403666763e-09,0.0001220226761924175,0.011019149042567164
77505,Input,0.0001288024147189219,0.024904823102856733,2.9588292561270337e-05,0.024826115548077135,4.911926221831899e-05,0.13882964791420732,0.12848580798399037,0.010343839930216966,0.2871857460788182,1.1357517071830402e-05,3.081225571828756e-05,0.0002734991189014383,2.0904341114462038e-10,1.4576716447052106e-10,6.327624667409995e-11,7.270412594756775e-10,7.048787874592448e-10,2.2162472016432653e-11,0.0010442745809295848,0.6518931285181004,3.724745918689797e-07,3.8392989869601543e-10,2.266863372002968e-09,0.00012110997620942862,0.010955231568370674
77506,Input,0.00012971880748962602,0.025094027060039287,2.9755483608191306e-05,0.025015025717077238,4.924585935385287e-05,0.13993435735867854,0.12952545543074045,0.010408901927938105,0.2891973027287665,1.1454156829564893e-05,3.10325984165775e-05,0.00027552164380896017,2.1059288967469077e-10,1.4669161700507308e-10,6.39012726696183e-11,7.322176112786315e-10,7.099010936207419e-10,2.2316517657889466e-11,0.0010504772369108125,0.6525673266938699,3.746803607960198e-07,3.873060940363217e-10,2.2833628419985557e-09,0.00012201880252258874,0.011018910992604169
77507,Input,0.00012920670795705066,0.024998373114510957,2.966932468817419e-05,0.024919522775785043,4.918101403772528e-05,0.1393211562606665,0.12894512103528005,0.01037603522538646,0.28817221991251407,1.1401650532680157e-05,3.0919495547871346e-05,0.000274471073046142,2.0980851172620696e-10,1.4622003383822275e-10,6.358847788798484e-11,7.289355227798638e-10,7.067295684729131e-10,2.2205954306950722e-11,0.0010472909377728826,0.6522129446643758,3.7290393384630337e-07,3.8553894833261897e-10,2.2749773093121478e-09,0.00012155284379645653,0.010986361766634622
77512,Input,0.00012912471818801675,0.024996773012649676,2.9665425615440086e-05,0.0249179289256892,4.917866134502781e-05,0.13922860544399904,0.1288530808431218,0.01037552460087726,0.2881428566774757,1.1395282751501971e-05,3.091503653899857e-05,0.00027441128286047117,2.0979385073755504e-10,1.4620580145895558e-10,6.358804927860005e-11,7.278800420424233e-10,7.057251047997237e-10,2.2154937242699728e-11,0.001047161691799282,0.6521866563219734,3.7187943721257206e-07,3.85418711753733e-10,2.2747707532630416e-09,0.00012153528232500801,0.010985282555495498
77513,Input,0.0001290577681463566,0.024995466424187054,2.9662241765978624e-05,0.02491662744220444,4.917674021662404e-05,0.13915303161198828,0.1287779239696239,0.01037510764236443,0.28811887966385236,1.1390083039145348e-05,3.091139546483391e-05,0.00027436246023944546,2.0978187907557094e-10,1.4619417978473837e-10,6.358769929083322e-11,7.270181725655877e-10,7.049048941129692e-10,2.211327845261861e-11,0.0010470561539569522,0.6521651901605271,3.710428682952888e-07,3.8532053067504054e-10,2.2746020866567597e-09,0.00012152094222795755,0.010984401308584133
77517,Input,0.00012927460788286118,0.02508535811724389,2.9734359428971836e-05,0.02500639064474859,4.9233113066317594e-05,0.13943294069591852,0.1290268052010228,0.010406135494895746,0.28903822022846093,1.1419657819156108e-05,3.100844064651439e-05,0.0002751977158692147,2.1051346018646674e-10,1.4661450961291572e-10,6.389895057355165e-11,7.264992864919747e-10,7.044591662449524e-10,2.2040120247022084e-11,0.0010497770152694329,0.6524249031757251,3.691298999617282e-07,3.8665468299212395e-10,2.2822437741335185e-09,0.00012192365896012286,0.0110130641025682
77524,Input,0.00012853198485479289,0.024985205304618445,2.9637237825604866e-05,0.02490640641390387,4.916165288895997e-05,0.1385595225242361,0.12818768941036918,0.010371833113866993,0.2879305793606396,1.1349247786317161e-05,3.08828007707658e-05,0.00027397903824673075,2.0968786121258855e-10,1.461029105043631e-10,6.35849507082261e-11,7.202495946948046e-10,6.984634780366864e-10,2.1786116658118224e-11,0.001046227326479796,0.6519966085025836,3.644729850205058e-07,3.8454947856746705e-10,2.273277485786787e-09,0.00012140832417363561,0.010977480552595825
3418,Assembly,1.9101088954560893e-05,0.004306783787270077,7.467059107104816e-06,0.004294479029454708,4.837698708265801e-06,0.01854783300382789,0.0175616931908282,0.0009861398129996858,0.0594329674710838,1.6596082302252273e-06,4.270191424112835e-06,4.435849062882924e-05,1.7136859984027354e-11,1.0080876483202331e-11,7.0559835008250254e-12,4.089891139530991e-11,3.929861799403735e-11,1.6002934012725667e-12,0.0006515196933053577,0.015472453779074484,1.650004891102556e-08,7.966758203736236e-11,2.579044466017679e-10,1.8153706959646694e-05,0.0034148377898906962
3419,Assembly,1.9235952444313618e-05,0.004337541260749044,7.518953410539313e-06,0.004325151213268969,4.871094069537284e-06,0.018658848810972396,0.017665134781632803,0.0009937140293395906,0.059820177763257244,1.6719466311214369e-06,4.301000925053666e-06,4.467519844236884e-05,1.7256595987324643e-11,1.0142594654776597e-11,7.114001332548048e-12,4.1121947061876647e-11,3.9512653913639715e-11,1.6092931482369391e-12,0.0006539678785887047,0.01555791196401113,1.652892643873003e-08,8.015970739127141e-11,2.5985496074391863e-10,1.8288550409314628e-05,0.003441292258293037
3421,Assembly,1.8829021538733944e-05,0.004245200288538618,7.361807488450511e-06,0.004233067687212851,4.770793837317676e-06,0.018323250641283116,0.017352278420220243,0.0009709722210628721,0.05865765555245245,1.6347472914771484e-06,4.208424343967992e-06,4.3723201063240453e-05,1.6896979411349176e-11,9.957051197866452e-12,6.9399282134827246e-12,4.0424280067756196e-11,3.884336395501216e-11,1.580916112744043e-12,0.0006466147057501104,0.015300732687160286,1.6414849979058044e-08,7.868261975134609e-11,2.5399571990556644e-10,1.7883390233567256e-05,0.0033618803292649276
3425,Assembly,1.9234013062339577e-05,0.004337484455924813,7.517741098690369e-06,0.004325095715344659,4.870999481465263e-06,0.01865673515586368,0.0176630370026739,0.0009936981531897772,0.05981943916694157,1.6717940476525848e-06,4.3008782213032025e-06,4.467364561970387e-05,1.725625743263273e-11,1.014227236125373e-11,7.113985071379001e-12,4.109828107368091e-11,3.9490129622821604e-11,1.6081514508593159e-12,0.0006539607381969254,0.01555724513816934,1.6506185311784277e-08,8.015911774825574e-11,2.598485815226041e-10,1.82880285089228e-05,0.0034412520494554524
3426,Assembly,1.8698105780230386e-05,0.004214558444771962,7.312380920322349e-06,0.004202508472835758,4.737591015882444e-06,0.01821653730906842,0.017253106987466377,0.0009634303216020417,0.05827194871849145,1.6227194836132324e-06,4.177864614055549e-06,4.340965411570918e-05,1.677793255694298e-11,9.895989074573881e-12,6.881943482369099e-12,4.024941797524205e-11,3.8675177614254084e-11,1.5742403609879708e-12,0.0006441810551732502,0.01521663186722374,1.6432263413467634e-08,7.819169465204909e-11,2.520581910606217e-10,1.774960914423543e-05,0.0033355077084236922
3427,Assembly,1.937057254492103e-05,0.004368291605319006,7.5706955708948725e-06,0.004355816432187945,4.904477560166306e-06,0.018769599357989046,0.017768313104739395,0.0010012862532496464,0.06020729536284696,1.6842658830513422e-06,4.331795026882122e-06,4.499171137930017e-05,1.7376289502582845e-11,1.0204272379060889e-11,7.17201712352196e-12,4.1342012687101874e-11,3.972386307298324e-11,1.618149614118646e-12,0.0006564151677650056,0.015643286463436684,1.655494999360975e-08,8.065175874598302e-11,2.6180467430462427e-10,1.8423328361369406e-05,0.0034677416805545223
3429,Assembly,1.882797560314294e-05,0.004245169652909228,7.361153671859878e-06,0.00423303775641271,4.770742824658832e-06,0.018322110717774027,0.017351147058938896,0.0009709636588351315,0.05865725721721767,1.6346650010966005e-06,4.208358168133898e-06,4.372236360444504e-05,1.6896796824109265e-11,9.956877380500496e-12,6.939919443608772e-12,4.0411516672158276e-11,3.8831216292641315e-11,1.5803003795169662e-12,0.0006466108548378116,0.015300373058737281,1.6402585373956806e-08,7.868230174869146e-11,2.5399227950305413e-10,1.788310876544902e-05,0.0033618586440812633
3431,Assembly,1.8830265431255535e-05,0.0042452367223598025,7.362585048344807e-06,0.004233103282806672,4.770854504786483e-06,0.01832460631016018,0.01735362390635647,0.0009709824038037084,0.05865812927781746,1.6348451563837854e-06,4.208503044440418e-06,4.372419702201812e-05,1.6897196555601858e-11,9.957257912432336e-12,6.9399386431695206e-12,4.0439459102173727e-11,3.8857810720671426e-11,1.5816483815023138e-12,0.0006466192854977075,0.015301160379945366,1.6429435820382228e-08,7.868299794014409e-11,2.5399981144905446e-10,1.78837249731921e-05,0.003361906118651982
3433,Assembly,1.883110828963481e-05,0.0042452614098235026,7.36311192093301e-06,0.004233127402289664,4.770895612907601e-06,0.018325524907910975,0.017354535604308212,0.000970989303602758,0.058658450272908634,1.6349114693932814e-06,4.208556371678492e-06,4.3724871881129025e-05,1.6897343691990012e-11,9.957397981691497e-12,6.93994571029852e-12,4.0449744376927026e-11,3.8867599811994017e-11,1.5821445649330189e-12,0.0006466223887229221,0.015301450183478548,1.643931914901834e-08,7.868325419990271e-11,2.540025838684181e-10,1.7883951791902537e-05,0.0033619235934744425
3435,Assembly,1.9369563787535585e-05,0.004368262058645509,7.570064994480607e-06,0.004355787565290256,4.9044283607731475e-06,0.01876849995352425,0.01776722195815448,0.0010012779953697698,0.060206911186599946,1.6841865177158066e-06,4.33173120329494e-06,4.4990903688317924e-05,1.7376113405480567e-11,1.0204104740103826e-11,7.17200866537674e-12,4.132970297158638e-11,3.9712147204207095e-11,1.617555767379305e-12,0.0006564114537349492,0.015642939618152094,1.6543121338880078e-08,8.065145204686195e-11,2.618013561926171e-10,1.8423056898149796e-05,0.003467720766179522
3439,Assembly,1.9235040351906307e-05,0.004337514545409016,7.518383259611073e-06,0.004325125112564692,4.871049584715074e-06,0.018657854757814153,0.017664148195036537,0.0009937065627776158,0.059819830401004415,1.671874871032252e-06,4.300943217412446e-06,4.467446814901685e-05,1.7256436764867134e-11,1.014244307995582e-11,7.113993684911316e-12,4.111081693463317e-11,3.9502060727299845e-11,1.6087562073333355e-12,0.0006539645204585302,0.01555759835545158,1.6518231274240264e-08,8.015943008183738e-11,2.5985196059263157e-10,1.8288304959273774e-05,0.0034412733480546427
3464,Assembly,1.8702740177223856e-05,0.004214694187039422,7.31527789186436e-06,0.004202641092101589,4.737817045969582e-06,0.01822158815362208,0.01725811989396454,0.0009634682596575396,0.05827371368722407,1.6230841009907091e-06,4.178157830090266e-06,4.341336478064589e-05,1.6778741575933212e-11,9.896759235456767e-12,6.8819823404764485e-12,4.0305970828681856e-11,3.8729002238306835e-11,1.5769685903750275e-12,0.0006441981180369034,0.015218225331387957,1.648660619470213e-08,7.819310367814899e-11,2.520734350117756e-10,1.7750856290820867e-05,0.0033356037924950656
30895,Assembly,1.5136841169635149e-05,0.003425860879180958,5.9347757807349164e-06,0.0034160386475101377,3.88745589008575e-06,0.015130393132520202,0.014367455331050416,0.0007629378014697958,0.048734122521803314,1.2950098858509001e-06,3.3671005894808346e-06,3.50790958004323e-05,1.3687020721582959e-11,8.34710953859019e-12,5.339911182992769e-12,3.379658573680672e-11,3.248190196410843e-11,1.3146837726982968e-12,0.0006046441497797256,0.013257482282119447,1.4440550961190731e-08,6.639920723947577e-11,2.0003221962137658e-10,1.4192907980113677e-05,0.0026399299985882785
30896,Assembly,1.5143267317492944e-05,0.003426052984459772,5.938762585443361e-06,0.0034162264543750325,3.88776749929676e-06,0.015137376143307514,0.014374384916103804,0.0007629912272037177,0.04873662132336675,1.2955117504315495e-06,3.367526949395644e-06,3.508445033141178e-05,1.3688135597864604e-11,8.348170056354593e-12,5.339965541510009e-12,3.387441192770619e-11,3.2555972804883936e-11,1.3184391228222722e-12,0.0006046676608048574,0.013259679534126679,1.4515326676885235e-08,6.640123073175774e-11,2.0005457158955505e-10,1.4194697693244204e-05,0.002640062380734381
30897,Assembly,1.4386617071304865e-05,0.003250997789132489,5.64701942283411e-06,0.003241660306909731,3.690462799924211e-06,0.01439953685599932,0.013676013758712545,0.0007235230972867877,0.04628143011560243,1.2300706136004397e-06,3.195752337811865e-06,3.3300533212820905e-05,1.2991982398558584e-11,7.932734106996415e-12,5.0592482915621686e-12,3.2423318302241e-11,3.115945825542127e-11,1.2638600468197402e-12,0.000575855938471448,0.012610249954915363,1.406209325302891e-08,6.307724853600133e-11,1.8975595643058757e-10,1.346707978518847e-05,0.002503167201739629
30898,Assembly,1.4428384432492565e-05,0.0032617274838324,5.661662945626997e-06,0.0032523638048291338,3.702016057639247e-06,0.014432319679343792,0.01370616009870374,0.0007261595806400597,0.04641643144223815,1.2339737174895226e-06,3.206276806242718e-06,3.340780005130657e-05,1.303340784391488e-11,7.953627871626557e-12,5.079779972288324e-12,3.242890672512013e-11,3.1165402385548505e-11,1.2635043395716348e-12,0.0005767022688759889,0.012638491429817999,1.4001683227630265e-08,6.324991808744503e-11,1.9042664285007503e-10,1.3513217716692745e-05,0.002512427424176098
30899,Assembly,1.5150278471685202e-05,0.0034262625781013626,5.943112330137051e-06,0.0034164313582952786,3.888107475947541e-06,0.015144994854616284,0.014381945338050638,0.0007630495165656576,0.048739347604094305,1.2960593024076987e-06,3.367992123115619e-06,3.509029231375566e-05,1.3689351967249321e-11,8.34932711867784e-12,5.340024848571481e-12,3.3959323049682666e-11,3.263678670729003e-11,1.32253634239265e-12,0.0006046933121633482,0.013262076813642,1.4596909622714048e-08,6.640343843327809e-11,2.000789583759888e-10,1.4196650333456618e-05,0.0026402068143296176
74744,Assembly,1.7507742820473745e-05,0.003982445570207068,6.837012256405492e-06,0.003971095686985225,4.51287096543832e-06,0.01741549441337277,0.016528525129527107,0.0008869692838456705,0.05664536521562178,1.4994014966442792e-06,3.911531851574449e-06,4.073648169251584e-05,1.5834972739103186e-11,9.60823930271452e-12,6.2267334363886675e-12,3.814882514281209e-11,3.667325762628195e-11,1.4755675165301644e-12,0.0007022324812758128,0.015376703741132597,1.5720188364785805e-08,7.727261460755156e-11,2.3247183302735532e-10,1.649466570194378e-05,0.003071054627914969
74751,Assembly,1.7568003194377815e-05,0.003997998953063791,6.85800008426707e-06,0.0039866113517950915,4.529601184432744e-06,0.017462663513689223,0.016571873029917503,0.0008907904837717236,0.0568410600505058,1.505029499925921e-06,3.926809954015649e-06,4.0892168956182914e-05,1.5894959937966378e-11,9.638464830386479e-12,6.2564951075799025e-12,3.8152243531500044e-11,3.6677415850042925e-11,1.4748276814571271e-12,0.0007034579846610084,0.015417519976095272,1.562809897061602e-08,7.75229726834603e-11,2.334455713278909e-10,1.6561592428288033e-05,0.0030844707762287342
74771,Assembly,1.732374810959645e-05,0.003939650169706848,6.766195370740809e-06,0.0039284185318900445,4.465442446063521e-06,0.017267409586274426,0.016389447418781334,0.0008779621674930971,0.05600012344484045,1.4837335507990145e-06,3.87047282563952e-06,4.03068691329687e-05,1.5694937394524038e-11,9.5348979774284e-12,6.160039417095638e-12,3.77045896214144e-11,3.624777059139892e-11,1.456819030015475e-12,0.0006926062665764398,0.015190441169161021,1.553148138007307e-08,7.633269443867935e-11,2.3009940243614599e-10,1.632087653205663e-05,0.0030391983273136206
74772,Assembly,1.7306736828855095e-05,0.003939154764621105,6.7555393534221924e-06,0.0039279346138320235,4.464611435659932e-06,0.017248854509825187,0.0163710309961768,0.0008778235136483927,0.0559936827358768,1.4823924259914342e-06,3.869411092847163e-06,4.029340260536715e-05,1.5691962664761057e-11,9.532065531207565e-12,6.159897133553492e-12,3.749656831343294e-11,3.604978404605164e-11,1.4467842673813074e-12,0.0006925435251984244,0.015184583070459974,1.5331582836165753e-08,7.632757370715899e-11,2.30044341170551e-10,1.6316343147830708e-05,0.0030388450099244737
74774,Assembly,1.7379210938581666e-05,0.0039550638377362154,6.784177973862434e-06,0.003943797721459999,4.481938302354756e-06,0.017309345758271633,0.01642760149420151,0.0008817442640701282,0.05619400186207596,1.4889833282078377e-06,3.8854514967303945e-06,4.0458758547899296e-05,1.5754085655985843e-11,9.564324694700287e-12,6.189760961285559e-12,3.7649341553161526e-11,3.6196092375853824e-11,1.4532491773077004e-12,0.0006938140755514449,0.01522960529502711,1.538301632211929e-08,7.658160835880344e-11,2.3105761228241654e-10,1.6386524747112464e-05,0.0030525148325687107
74778,Assembly,1.7388111718785085e-05,0.003955323047600946,6.78975350162186e-06,0.003944050920988971,4.482373110354315e-06,0.01731905429577938,0.0164372374841207,0.0008818168116586864,0.05619737182202849,1.4896850424008559e-06,3.886007025168448e-06,4.046580461363104e-05,1.5755642118205674e-11,9.565806710171843e-12,6.189835408033835e-12,3.775818414815022e-11,3.6299684500995e-11,1.458499647155221e-12,0.0006938469036038336,0.015232670416915386,1.5487608858645756e-08,7.658428766945832e-11,2.3108642188412936e-10,1.6388896741154893e-05,0.003052699698157061
74779,Assembly,1.739084162292623e-05,0.003955402548281446,6.791463537817753e-06,0.003944128578275958,4.482506467670357e-06,0.017322031942248697,0.016440192879960534,0.000881839062288172,0.05619840540194167,1.4899002608915547e-06,3.88617740791568e-06,4.046796566958122e-05,1.5756119491263132e-11,9.56626125012009e-12,6.189858241143042e-12,3.779156659822789e-11,3.633145661141118e-11,1.4601099868167051e-12,0.0006938569720960459,0.01523361050180061,1.5519687799151123e-08,7.658510942452754e-11,2.3109525790178432e-10,1.6389624241015716e-05,0.003052756397156886
74780,Assembly,1.7311955063107312e-05,0.003939306730826734,6.758808101696333e-06,0.00392808305637577,4.46486634926802e-06,0.017254546305578374,0.016376680259668448,0.0008778660459099337,0.05599565843239452,1.4828038179091749e-06,3.869736780871952e-06,4.02975334816167e-05,1.569287516729254e-11,9.53293438806272e-12,6.1599407792298205e-12,3.7560379141730014e-11,3.611051669682131e-11,1.4498624449087165e-12,0.0006925627712042231,0.015186380050461626,1.539290199517826e-08,7.632914449874265e-11,2.3006123129108144e-10,1.631773376980714e-05,0.003038953390529672
74783,Assembly,1.746097824904878e-05,0.003971243548846177,6.818637937771294e-06,0.003959925191761399,4.499719147007819e-06,0.017379973577433747,0.01649423281685129,0.0008857407605824657,0.05639783952413498,1.496306882024345e-06,3.902071921372921e-06,4.063147120543615e-05,1.581783373125084e-11,9.598131213252118e-12,6.219702517998726e-12,3.7915756076152324e-11,3.645056003462209e-11,1.4651960415302382e-12,0.0006951189012908694,0.015277827777588598,1.554365365489174e-08,7.683844044743579e-11,2.3210096316322967e-10,1.645918291769335e-05,0.003066377671216411
74784,Assembly,1.732306824146489e-05,0.003939630370484489,6.765769495305887e-06,0.003928399191755052,4.4654092341320405e-06,0.017266668019231452,0.016388711393139493,0.0008779566260919664,0.055999866037250996,1.4836799517766372e-06,3.870430392720992e-06,4.0306330933458734e-05,1.569481850729875e-11,9.534784776667729e-12,6.160033730631025e-12,3.769627589947113e-11,3.623985791599804e-11,1.456417983473096e-12,0.0006926037590719143,0.015190207046011863,1.5523492290267634e-08,7.633248978494258e-11,2.3009720187286501e-10,1.632069535207905e-05,0.0030391842067287655
74785,Assembly,1.7309664571898e-05,0.0039392400267959675,6.757373317662983e-06,0.003928017899020791,4.46475445751494e-06,0.01725204794933223,0.016374200572528835,0.0008778473768034002,0.05599479122036697,1.4826232415828503e-06,3.8695938234036395e-06,4.029572027521794e-05,1.5692474633524635e-11,9.532553012123525e-12,6.159921621401114e-12,3.753237002327941e-11,3.6083858713299967e-11,1.4485113099794565e-12,0.0006925543233644049,0.01518559128424337,1.5365986569788756e-08,7.632845501564546e-11,2.3005381754330215e-10,1.6317123370338942e-05,0.003038905817957904
74786,Assembly,1.7391414162270234e-05,0.003955419221858651,6.791822181547055e-06,0.003944144865240574,4.482534436531642e-06,0.017322656440277962,0.01644081271139341,0.0008818437288845614,0.05619862217335007,1.4899453983935004e-06,3.886213142073836e-06,4.0468418905113356e-05,1.5756219610110914e-11,9.566356580208747e-12,6.189863029902168e-12,3.779856785727602e-11,3.6338120135958134e-11,1.4604477213178968e-12,0.0006938590837481875,0.015233807664615006,1.552641567478473e-08,7.658528177017922e-11,2.310971110685954e-10,1.638977681864172e-05,0.0030527682885664324
74787,Assembly,1.7325642600298085e-05,0.00393970534135105,6.767382096539617e-06,0.003928472424261536,4.465534992974392e-06,0.01726947600445514,0.016391498395536823,0.0008779776089183216,0.05600084072553372,1.4838829074827538e-06,3.8705910673482616e-06,4.03083688561061e-05,1.5695268680449034e-11,9.535213417700642e-12,6.160055262748396e-12,3.772775627416113e-11,3.6269819705449276e-11,1.4579365687118592e-12,0.0006926132538785169,0.015191093566454742,1.555374342714996e-08,7.633326471780167e-11,2.3010553442922023e-10,1.6321381400231664e-05,0.0030392376751157434
74788,Assembly,1.7309670205575756e-05,0.003939240190860782,6.757376846648756e-06,0.0039280180592814115,4.464754732723192e-06,0.01725205409427352,0.016374206671551712,0.000877847422721817,0.05599479335335621,1.4826236857272454e-06,3.86959417502093e-06,4.0295724734968984e-05,1.569247561867497e-11,9.532553950153383e-12,6.159921668521588e-12,3.753243891433078e-11,3.608392428110837e-11,1.4485146332224204e-12,0.0006925543441426586,0.015185593224287792,1.5366052770799552e-08,7.632845671149374e-11,2.3005383577810949e-10,1.631712487167363e-05,0.0030389059349671013
74790,Assembly,1.731717745714657e-05,0.0039394588181743085,6.762079455698017e-06,0.003928231617252528,4.465121466083986e-06,0.01726024263862465,0.016382334026548005,0.0008779086120766506,0.05599763570386583,1.4832155377736282e-06,3.870062728523419e-06,4.030166765085094e-05,1.569378839723794e-11,9.533803937539045e-12,6.159984459698897e-12,3.7624240837704495e-11,3.617129776145692e-11,1.4529430762475815e-12,0.0006925820325522393,0.015188178462950543,1.545427003559982e-08,7.633071654250438e-11,2.3007813487580318e-10,1.631912550033696e-05,0.003039061857531957
74792,Assembly,1.731711144719778e-05,0.003939456895822615,6.762038106479917e-06,0.003928229739474674,4.465118241461748e-06,0.017260170638187716,0.016382262564138356,0.0008779080740493659,0.055997610711575406,1.4832103337221982e-06,3.8700586086145e-06,4.0301615395831996e-05,1.569377685420586e-11,9.533792946618791e-12,6.159983907587067e-12,3.762343363946377e-11,3.617052950174044e-11,1.452904137723336e-12,0.0006925817890929013,0.015188155731399571,1.545349435663437e-08,7.633069667220594e-11,2.3007792121809114e-10,1.631910790915937e-05,0.0030390604865321415
74793,Assembly,1.7321347351564045e-05,0.003939580254469014,6.764691514590286e-06,0.003928350237786709,4.465325167715597e-06,0.01726479095634851,0.01638684835671374,0.0008779425996347766,0.05599921448425048,1.4835442813252332e-06,3.870322986037888e-06,4.030496863677447e-05,1.569451757861004e-11,9.53449824162253e-12,6.16001933698751e-12,3.7675232112497714e-11,3.621982926256672e-11,1.4554028499310022e-12,0.0006925974120481109,0.015189614430849837,1.5503270215831602e-08,7.633197176309035e-11,2.3009163178220982e-10,1.6320236747271472e-05,0.0030391484645447392
74794,Assembly,1.7406043204065172e-05,0.003965685387474533,6.790066519053613e-06,0.003954401204538785,4.4941164166969685e-06,0.017323125405750088,0.016440315080661353,0.0008828103250887422,0.056433980903578256,1.4905065320459028e-06,3.893667382866864e-06,4.0547990155528075e-05,1.5767739140047805e-11,9.571113975573566e-12,6.19662516447424e-12,3.7638669750684474e-11,3.618680694082947e-11,1.4518628098550064e-12,0.0007008541407692872,0.015321617259480155,1.5325327695452555e-08,7.700978250111576e-11,2.3136396625217482e-10,1.6416695714885634e-05,0.0030567778033715565
74797,Assembly,1.7420659149341363e-05,0.003966111035239264,6.799222076965983e-06,0.003954816982748651,4.494830413648019e-06,0.01733906776694564,0.0164561383116728,0.0008829294552728445,0.05643951470501177,1.4916588148806974e-06,3.894579614498742e-06,4.055956047956642e-05,1.5770295002130633e-11,9.573547588867645e-12,6.19674741326299e-12,3.781739985924985e-11,3.63569152681339e-11,1.4604845911159555e-12,0.000700908047618605,0.01532665048721526,1.549707879538219e-08,7.701418218934698e-11,2.3141127441532902e-10,1.642059075940165e-05,0.0030570813706163407
74800,Assembly,1.741650443850401e-05,0.003965990041123071,6.796619529203127e-06,0.0039546987941401265,4.494627453742635e-06,0.017334536010731413,0.016451640419259894,0.0008828955914715239,0.05643794167334306,1.491331268362771e-06,3.894320304643955e-06,4.055627151331994e-05,1.5769568475881824e-11,9.572855812910922e-12,6.196712662970903e-12,3.776659425584986e-11,3.6308560481794674e-11,1.4580337740551856e-12,0.000700892724123146,0.01532521974801757,1.5448257036493445e-08,7.701293153931855e-11,2.313978266543777e-10,1.6419483558782266e-05,0.003056995078960349
74801,Assembly,1.742085967252282e-05,0.003966116874905625,6.799347686467516e-06,0.0039548226870098424,4.4948402093155225e-06,0.017339286487864917,0.016456355398187798,0.0008829310896771251,0.05643959062589462,1.491674623602994e-06,3.894592129843154e-06,4.0559719218405605e-05,1.5770330067231557e-11,9.573580976778654e-12,6.196749090452908e-12,3.7819851943553315e-11,3.635924906607438e-11,1.460602877478939e-12,0.0007009087871925924,0.015326719540486831,1.5499435131310255e-08,7.701424255078546e-11,2.314119234587679e-10,1.6420644197390332e-05,0.0030570855354013454
74802,Assembly,1.754029007900494e-05,0.00399719188753438,6.840640342701687e-06,0.003985822999808147,4.528247383531985e-06,0.01743243539728761,0.016541870794803352,0.0008905646024842646,0.05683056747717718,1.502844670512605e-06,3.9250802827570825e-06,4.087023060605113e-05,1.5890113799079013e-11,9.633850485934763e-12,6.256263313144251e-12,3.781335555500039e-11,3.6354875527717474e-11,1.4584800272829172e-12,0.0007033557725422366,0.015407976534444041,1.530244380717468e-08,7.751463048832667e-11,2.3335587089738184e-10,1.6554207081940945e-05,0.0030838951860825514
74806,Assembly,1.7400493803808214e-05,0.003965523777002523,6.786590325453311e-06,0.003954243341351624,4.493845325447737e-06,0.01731707239024933,0.016434307296656864,0.0008827650935924703,0.056431879822976434,1.4900690318679353e-06,3.893321025627789e-06,4.0543597120525674e-05,1.5766768727157558e-11,9.570189978255275e-12,6.196578748902283e-12,3.757080928106339e-11,3.6122219999826676e-11,1.4485892812367197e-12,0.0007008336733497804,0.01531970623732191,1.5260117024498926e-08,7.700811202202327e-11,2.3134600423002686e-10,1.6415216839545754e-05,0.0030566625445829954
74807,Assembly,1.74042635840344e-05,0.003965633561111349,6.788951749263098e-06,0.003954350579880806,4.4940294812814345e-06,0.017321184282902045,0.016438388462962163,0.0008827958199398865,0.056433307114528604,1.4903662314649162e-06,3.893556310633484e-06,4.0546581366699716e-05,1.5767427941334857e-11,9.570817661727047e-12,6.19661027960781e-12,3.761690778624807e-11,3.6166094754176376e-11,1.4508130320717037e-12,0.000700847577135733,0.015321004419685836,1.5304415486767725e-08,7.700924680033435e-11,2.3135820606676242e-10,1.641622145891994e-05,0.003056740841386594
74808,Assembly,1.7408634018705744e-05,0.003965760837569601,6.791689428351216e-06,0.0039544749051618365,4.494242979414545e-06,0.017325951340166935,0.016443119898125497,0.0008828314420414452,0.05643496182225994,1.4907107850847622e-06,3.893829084557914e-06,4.055004110497734e-05,1.57681921907933e-11,9.571545356564165e-12,6.196646834229135e-12,3.767035135411362e-11,3.621696025192469e-11,1.4533911021889323e-12,0.0007008636962685588,0.015322509446735856,1.535577220354448e-08,7.701056238749793e-11,2.3137235207186712e-10,1.6417386148392815e-05,0.003056831613538968
74811,Assembly,1.7538036679653537e-05,0.003997126263698299,6.839228793337511e-06,0.003985758897601226,4.528137303736528e-06,0.017429977499033408,0.01653943126333108,0.0008905462357023346,0.05682971430864614,1.5026670184111848e-06,3.9249396403197474e-06,4.086844676243439e-05,1.5889719751492564e-11,9.633475285938128e-12,6.256244465554439e-12,3.778580001185168e-11,3.632864923942942e-11,1.4571507724222687e-12,0.0007033474615054208,0.015407200541383077,1.527596424599198e-08,7.751395217061138e-11,2.333485772066794e-10,1.6553606567186668e-05,0.0030838483838936006
74812,Assembly,1.7616878913115514e-05,0.004013220790274152,6.871856463035314e-06,0.004001803158554345,4.545775256771993e-06,0.017497414786672622,0.016602895895882888,0.0008945188907897383,0.05703244449561419,1.5097599668197093e-06,3.941377500802423e-06,4.103884386061831e-05,1.595295632419885e-11,9.66679476747994e-12,6.28616155671891e-12,3.801644542646042e-11,3.6549073259748154e-11,1.4673721667122657e-12,0.0007046414989118037,0.015454415728252683,1.5402229173591992e-08,7.776990375328727e-11,2.343824603440396e-10,1.6625485225739252e-05,0.0030976504698803915
74815,Assembly,1.7482818855755924e-05,0.003981719730744078,6.82139966357843e-06,0.003970386677664422,4.5116534160783335e-06,0.01738830856665207,0.01650154243056382,0.0008867661360882532,0.05663592865376566,1.4974365565616045e-06,3.909976260842699e-06,4.071675129925998e-05,1.5830614333596578e-11,9.60408936299237e-12,6.22652497060421e-12,3.784404410842004e-11,3.6383178957552304e-11,1.460865150867733e-12,0.000702140556163543,0.015368120786823723,1.5427308344095933e-08,7.726511200185812e-11,2.323911603806644e-10,1.648802364422825e-05,0.0030705369672946316
74816,Assembly,1.740410004750742e-05,0.003965628798575923,6.788849308530376e-06,0.003954345927774962,4.494021492432309e-06,0.017321005905223934,0.016438211418221212,0.0008827944870027279,0.05643324519731078,1.4903533386735618e-06,3.893546103753938e-06,4.054645190736106e-05,1.5767399344018667e-11,9.57079043224181e-12,6.196608911776858e-12,3.7614907990773436e-11,3.616419142705442e-11,1.450716563719016e-12,0.0007008469739767344,0.015320948103343121,1.530249377880726e-08,7.700919757260947e-11,2.313576767398832e-10,1.641617787760922e-05,0.0030567374447993756
74817,Assembly,1.7407204026525578e-05,0.003965719193121461,6.7907936685510565e-06,0.0039544342263294,4.494173123511463e-06,0.0173243915743487,0.016441571787744417,0.000882819786604286,0.05643442040720762,1.490598048247564e-06,3.8937398338063945e-06,4.0548909089730705e-05,1.5767942130826396e-11,9.571307257151893e-12,6.196634873674505e-12,3.765286479044776e-11,3.62003172245166e-11,1.4525475659311471e-12,0.0007008584221400967,0.01532201700672146,1.5338968450848813e-08,7.701013193160562e-11,2.3136772354445476e-10,1.6417005065739995e-05,0.0030568019131824056
74818,Assembly,1.7412598219938615e-05,0.003965876283636334,6.794172639206075e-06,0.003954587674364307,4.494436632821159e-06,0.01733027529778391,0.016447411544727772,0.0008828637530561463,0.056436462724326196,1.4910233123245674e-06,3.894076504050217e-06,4.055317925936632e-05,1.5768885402996023e-11,9.572205411910463e-12,6.196679991085563e-12,3.7718827323566e-11,3.6263097783783173e-11,1.4557295397828311e-12,0.0007008783171223241,0.01532387458099271,1.54023552954501e-08,7.701175569037234e-11,2.313851832008264e-10,1.6418442579569907e-05,0.003056913948387881
74819,Assembly,1.7404142879955532e-05,0.003965630045948943,6.788876139156229e-06,0.003954347146224967,4.494023584820914e-06,0.017321052624772054,0.0164382577886549,0.0008827948361171597,0.05643326141427508,1.4903567154715582e-06,3.893548777074979e-06,4.0546485814528506e-05,1.576740683404603e-11,9.570797564015581e-12,6.19660927003045e-12,3.761543176449836e-11,3.616468993440133e-11,1.4507418300970358e-12,0.000700847131952307,0.015320962853361798,1.5302997100346604e-08,7.70092104660224e-11,2.313578153778163e-10,1.641618929214923e-05,0.00305673833441192
74821,Assembly,1.7413471051259255e-05,0.0039659017023618145,6.7947193884961715e-06,0.003954612503702209,4.4944792711103665e-06,0.017331227339674703,0.01644835647243238,0.0008828708672423281,0.05643679319047957,1.4910921240592476e-06,3.8941309804679195e-06,4.055387021304874e-05,1.5769038033320985e-11,9.572350741813199e-12,6.1966872915077866e-12,3.772950068295189e-11,3.6273256269817934e-11,1.4562444131339598e-12,0.0007008815363179076,0.015324175154012661,1.54126118841647e-08,7.701201842984056e-11,2.3138800833773973e-10,1.6418675182852462e-05,0.00305693207673977
74822,Assembly,1.7404899361238346e-05,0.003965652076311058,6.78935000574943e-06,0.003954368665765963,4.494060539346896e-06,0.017321877757708753,0.016439076755739662,0.0008828010019690964,0.0564335478286758,1.4904163544740697e-06,3.893595991684918e-06,4.054708466280043e-05,1.57675391184649e-11,9.570923521172083e-12,6.19661559729282e-12,3.762468234523403e-11,3.617349427536083e-11,1.451188069873198e-12,0.0007008499220231341,0.015321223359439359,1.531188646671633e-08,7.700943818183101e-11,2.3136026391872655e-10,1.641639088898176e-05,0.0030567540462207977
74825,Assembly,1.7539819797421926e-05,0.003997178191923126,6.84034575414193e-06,0.003985809621758966,4.528224410018465e-06,0.01743192243704328,0.016541361667683083,0.0008905607693602,0.0568303894219882,1.5028075947446418e-06,3.925050930859015e-06,4.086985832015366e-05,1.5890031561848128e-11,9.633772182171938e-12,6.256259379676191e-12,3.780760474813843e-11,3.634940213465689e-11,1.4582026134815395e-12,0.0007033540380394075,0.015407814585677663,1.5296917556382625e-08,7.75144889242809e-11,2.333543487133946e-10,1.6554081755274328e-05,0.003083885418525152
74826,Assembly,1.7614033377646178e-05,0.004013137922160657,6.870073994348625e-06,0.004001722211915508,4.545636250802088e-06,0.017494311015182673,0.016599815317498684,0.0008944956976839947,0.05703136713606188,1.5095356322580266e-06,3.941199901104579e-06,4.103659126820496e-05,1.5952458730914668e-11,9.666320974453483e-12,6.2861377564611845e-12,3.7981648986425226e-11,3.65159553689907e-11,1.4656936174345236e-12,0.0007046310039455954,0.015453435823923894,1.536879145625578e-08,7.776904719090423e-11,2.34373250056665e-10,1.6624726910959365e-05,0.0030975913692648624
74827,Assembly,1.740673376928207e-05,0.003965705498219027,6.79049909523778e-06,0.003954420848972603,4.494150151186941e-06,0.017323878640652712,0.016441062686974112,0.0008828159536786054,0.05643424236123391,1.4905609743984636e-06,3.893710483427439e-06,4.054853682310093e-05,1.5767859897851715e-11,9.57122895744169e-12,6.196630940410024e-12,3.7647114281219794e-11,3.619484411473244e-11,1.452270166487369e-12,0.000700856687727037,0.01532185506633677,1.5333442486068825e-08,7.700999037488651e-11,2.313662014392484e-10,1.6416879745559682e-05,0.0030567921461305283
74837,Assembly,1.754990862987522e-05,0.003983673529273733,6.86342529385206e-06,0.003972295173191505,4.5149307883770585e-06,0.01746148682446068,0.016574173859755383,0.0008873129647053,0.05666132978117685,1.5027257385917146e-06,3.914163565390618e-06,4.076986113318115e-05,1.5842346192643447e-11,9.615260078475237e-12,6.2270861141682125e-12,3.866444692092233e-11,3.716400626902662e-11,1.5004406518957259e-12,0.0007023879981370773,0.015391224192416602,1.6215676272497302e-08,7.728530734906624e-11,2.3260831321751747e-10,1.6505902587521073e-05,0.0030719303946438545
74839,Assembly,1.74866338526526e-05,0.003968032360508518,6.840549216983479e-06,0.003956693757977411,4.4980533141255845e-06,0.01741102975982955,0.01652756256454722,0.0008834671952823368,0.05646449365100949,1.4968600876495565e-06,3.8986973236257915e-06,4.061178759736274e-05,1.5781831870901874e-11,9.584532640605127e-12,6.197299230296749e-12,3.8624167103007405e-11,3.7124764778555945e-11,1.4994023244514795e-12,0.0007011513769635756,0.015349369900858816,1.6272343593321243e-08,7.70340418782163e-11,2.3162481804657004e-10,1.6438172544327097e-05,0.003058451638397944
74844,Assembly,1.7473602827788613e-05,0.0039676528690352885,6.832386467291602e-06,0.003956323065826591,4.497416741406809e-06,0.017396816152621522,0.016513455169312605,0.0008833609833089234,0.056459559922625184,1.495832755787894e-06,3.897884012351558e-06,4.060147193338215e-05,1.5779553160786253e-11,9.582362922893052e-12,6.197190237893201e-12,3.846481808762406e-11,3.6973102617759164e-11,1.4917154698649153e-12,0.0007011033156524168,0.015344882465080778,1.611921679848811e-08,7.703011928233547e-11,2.3158263987480747e-10,1.64346998697258e-05,0.003058180989306153
74846,Assembly,1.761780580940384e-05,0.003999449312336693,6.8891968845726105e-06,0.003988028081382603,4.5320340695189294e-06,0.017516985780379777,0.016625789370437377,0.0008911964099424031,0.05685991601754837,1.508955807621931e-06,3.929918307250315e-06,4.0931593870748407e-05,1.590366882493643e-11,9.646757164800506e-12,6.2569116601359235e-12,3.876125147605905e-11,3.7257045793736204e-11,1.5042056823228707e-12,0.0007036416677559507,0.015434670279992346,1.6213326525074965e-08,7.75379642543148e-11,2.336067699498504e-10,1.6574864467754156e-05,0.003085505156307533
74847,Assembly,1.7474026147476165e-05,0.003967665197015133,6.832651638503016e-06,0.003956335107955826,4.497437420805952e-06,0.017397277889117702,0.016513913455457035,0.00088336443366067,0.0564597201973833,1.4958661292030499e-06,3.897910433195512e-06,4.060180704314511e-05,1.5779627185881304e-11,9.582433407312622e-12,6.19719377856868e-12,3.846999462409055e-11,3.69780294427167e-11,1.4919651813738582e-12,0.0007011048769493552,0.015345028241789157,1.612419120285166e-08,7.703024670992311e-11,2.3158401005487223e-10,1.6434812681384328e-05,0.0030581897814840647
74848,Assembly,1.747111232809264e-05,0.003967580340327181,6.830826396166108e-06,0.003956252218851887,4.497295079129349e-06,0.01739409963686012,0.016510758952866893,0.0008833406839932321,0.056458616984585444,1.4956364113164623e-06,3.897728571662713e-06,4.059950039558865e-05,1.577911765192111e-11,9.581948244741588e-12,6.19716940717952e-12,3.8434363178780925e-11,3.694411682659561e-11,1.4902463521853297e-12,0.00070109413013692,0.015344024822834096,1.6089951085318398e-08,7.702936959273312e-11,2.3157457874952777e-10,1.643403616943139e-05,0.0030581292626393826
74849,Assembly,1.746850008981014e-05,0.003967504266329579,6.829190066908956e-06,0.003956177908792817,4.497167469855103e-06,0.017391250334578157,0.016507930942155313,0.0008833193924228525,0.056457627954613086,1.4954304692937987e-06,3.897565532848167e-06,4.0597432486683494e-05,1.5778660854864785e-11,9.581513296628999e-12,6.1971475582357865e-12,3.840241959778033e-11,3.691371417549368e-11,1.4887054222866733e-12,0.0007010844956225033,0.015343125258014597,1.60592548292898e-08,7.702858325741156e-11,2.3156612358685913e-10,1.6433340026677398e-05,0.0030580750075116323
74850,Assembly,1.7537073689832006e-05,0.003983299748212255,6.85538537343317e-06,0.003971930059044313,4.5143037945094295e-06,0.017447487097024268,0.016560278746063854,0.0008872083509604208,0.05665647029324993,1.5017138655436191e-06,3.913362492447375e-06,4.0759700694529634e-05,1.58401017715012e-11,9.613123009669379e-12,6.2269787618318225e-12,3.8507495715645814e-11,3.701462625011259e-11,1.4928694655332361e-12,0.0007023406600302469,0.015386804281491705,1.6064853658680873e-08,7.728144377858966e-11,2.325667697233291e-10,1.6502482168117193e-05,0.003071663818154119
74853,Assembly,1.7465480869416534e-05,0.003967416340137501,6.827298800443361e-06,0.003956092021357777,4.497019979281291e-06,0.01738795711603264,0.016504662332369236,0.0008832947836634093,0.05645648483551771,1.4951924418677053e-06,3.897377092874248e-06,4.059504240122293e-05,1.5778132889633806e-11,9.581010584368601e-12,6.197122305265205e-12,3.836549926327341e-11,3.6878574845042276e-11,1.486924418231146e-12,0.0007010733600677553,0.015342085542584885,1.602377615078267e-08,7.70276744124356e-11,2.3155635112477884e-10,1.6432535426111743e-05,0.0030580122995307966
74854,Assembly,1.760409631652696e-05,0.003999050062415572,6.88060913649258e-06,0.0039876380889258154,4.531364353265237e-06,0.01750203213331002,0.01661094746533022,0.0008910846679798061,0.056854725411679144,1.5078749871195786e-06,3.929062650443795e-06,4.092074111562451e-05,1.5901271472431565e-11,9.644474479453113e-12,6.256796992978454e-12,3.859360585998985e-11,3.709748725288173e-11,1.496118607108137e-12,0.0007035911041042148,0.015429949203217753,1.6052227093147217e-08,7.753383742616058e-11,2.335623957466411e-10,1.657121098629686e-05,0.003085220415710782
74857,Assembly,1.745680536079215e-05,0.003967163690665702,6.821864384801482e-06,0.00395584523010498,4.496596175922043e-06,0.017378494293790802,0.016495270221594912,0.000883224072195894,0.05645320016653771,1.494508487495813e-06,3.896835624413588e-06,4.058817466574056e-05,1.577661582021932e-11,9.579566077515146e-12,6.197049742704174e-12,3.825941138671152e-11,3.677760455316434e-11,1.4818068335471946e-12,0.0007010413628669358,0.015339097996463219,1.592183076712596e-08,7.70250629129757e-11,2.3152827067088463e-10,1.6430223465328334e-05,0.0030578321127416124
74858,Assembly,1.7665665279908655e-05,0.004014641554212606,6.902416676423369e-06,0.004003190979038608,4.548158497574071e-06,0.017550628579290038,0.016655712045464025,0.0008949165338260196,0.05705091569685327,1.5136061561674e-06,3.944422426474495e-06,4.107746428932019e-05,1.5961487501805863e-11,9.674917892502242e-12,6.286569609303621e-12,3.8613026247521014e-11,3.711687555331304e-11,1.4961506942079873e-12,0.0007048214338577672,0.01547121607128887,1.597551485576683e-08,7.778458941335012e-11,2.345403696243726e-10,1.6638486442345025e-05,0.0030986637428963046
74865,Assembly,1.744672538263621e-05,0.003966870140020189,6.815550196973177e-06,0.0039555584860597615,4.496103763455111e-06,0.017367499544592678,0.016484357631274014,0.0008831419133186697,0.05644938374573734,1.4937138084254753e-06,3.896206498158069e-06,4.058019511933698e-05,1.5774853153934132e-11,9.5778877208724e-12,6.196965433061732e-12,3.813614904848409e-11,3.666028828035611e-11,1.4758607681279967e-12,0.0007010041856708454,0.015335626799447562,1.5803381545892947e-08,7.702202864044488e-11,2.3149564430001496e-10,1.6427537223494782e-05,0.0030576227556909077
74886,Assembly,1.7461694773646653e-05,0.0039574659444325914,6.835846580613567e-06,0.003946144130168997,4.485967682982181e-06,0.01739931510794772,0.016516898542889118,0.0008824165650586085,0.05622523139640297,1.4954861376736223e-06,3.890599597796934e-06,4.052405468041709e-05,1.5768509444697774e-11,9.578058582845573e-12,6.1904508618522035e-12,3.8657989609614464e-11,3.715608414836098e-11,1.5019054612534897e-12,0.0006941182942375426,0.015258009884569679,1.6352278941205735e-08,7.66064376224291e-11,2.3132459184843856e-10,1.6408506097162608e-05,0.003054227988309017
74887,Assembly,1.7502607857077762e-05,0.003964576356707713,6.853941503800863e-06,0.003953228880364394,4.493534839519209e-06,0.017436730346565503,0.01655204274053161,0.0008846876060338976,0.05627936794826556,1.4994938340618936e-06,3.898650756971466e-06,4.060576807605364e-05,1.5805643099789163e-11,9.59755819732052e-12,6.208084902468645e-12,3.8782240926811585e-11,3.7274654326338335e-11,1.5075866004732647e-12,0.0006926243233145112,0.015257884747425697,1.6423906833713664e-08,7.663353324392649e-11,2.3190297608479527e-10,1.6445647532522193e-05,0.0030619522211329446
74891,Assembly,1.743355490148206e-05,0.003948766914959654,6.827445924688461e-06,0.003937463093936884,4.4763750980819285e-06,0.01737997072640784,0.016499175985994957,0.0008807947404128884,0.056080344118899825,1.4931726466744454e-06,3.882823879135078e-06,4.044312039912671e-05,1.5744118359170638e-11,9.565868669661583e-12,6.178249689509057e-12,3.867130304139466e-11,3.716816325061419e-11,1.5031397907804843e-12,0.0006913663909370468,0.015214040650412557,1.641267512560633e-08,7.638052842725216e-11,2.3090077839409683e-10,1.637637764626235e-05,0.003048353454469956
74892,Assembly,1.743842075275036e-05,0.00394890861901483,6.830493937132271e-06,0.0039376015122801105,4.476612797587789e-06,0.017385278159966,0.016504443759459538,0.0008808344005064678,0.056082186398288186,1.493556257640905e-06,3.88312757372062e-06,4.044697232076659e-05,1.574496924117124e-11,9.566678853341787e-12,6.178290387829456e-12,3.873080477795785e-11,3.722479467639756e-11,1.5060101015603092e-12,0.0006913843372762104,0.01521571628186134,1.6469853453222648e-08,7.638199314459717e-11,2.3091652793894908e-10,1.637767436070265e-05,0.0030484545162237555
74897,Assembly,1.7437133763822978e-05,0.003948871139129006,6.829687755839541e-06,0.003937564901445693,4.476549927472115e-06,0.01738387437513051,0.016503050464484605,0.0008808239106459107,0.056081699126268716,1.4934547948055174e-06,3.8830472482960755e-06,4.0445953510238624e-05,1.574474418790658e-11,9.566464564542545e-12,6.178279623364036e-12,3.871506691999745e-11,3.720981599868909e-11,1.5052509213083658e-12,0.0006913795905754757,0.015215273087237819,1.6454730123208847e-08,7.638160573550865e-11,2.3091236227733744e-10,1.637733138739035e-05,0.00304842778598665
74901,Assembly,1.7506413698459107e-05,0.003964687190994944,6.856325516638469e-06,0.003953337144721346,4.493720756960134e-06,0.017440881572969805,0.016556162946664843,0.0008847186263049684,0.056280808893075754,1.4997938766258748e-06,3.8988882926784195e-06,4.06087808690813e-05,1.5806308619910926e-11,9.598191885118728e-12,6.208116734792198e-12,3.882878040341859e-11,3.731894878004167e-11,1.5098316233769343e-12,0.0006926383601020056,0.015259195348008419,1.646862904846283e-08,7.663467887735758e-11,2.3191529464248048e-10,1.644666176193542e-05,0.0030620312669120842
74907,Assembly,1.7504435396358792e-05,0.003964629578582538,6.855086290635269e-06,0.0039532808681760866,4.493624115816426e-06,0.017438723737397684,0.016554021235639507,0.0008847025017581828,0.05628005988021399,1.4996379124710317e-06,3.89876482001078e-06,4.0607214798880986e-05,1.580596267804873e-11,9.59786248991369e-12,6.208100188135038e-12,3.8804588868592534e-11,3.729592422331075e-11,1.5086646452817994e-12,0.0006926310636848932,0.015258514088958008,1.6445382138646054e-08,7.663408336934877e-11,2.3190889137284842e-10,1.6446134558624156e-05,0.0030619901783812643
74910,Assembly,1.7489453515728824e-05,0.003968114475162275,6.842315478973374e-06,0.003956773968627088,4.498191056214884e-06,0.017414105310973284,0.016530615133463322,0.0008834901775099678,0.05646556121491167,1.497082382499547e-06,3.898873308538212e-06,4.0614019708584734e-05,1.5782324939930713e-11,9.585002125774746e-12,6.1973228141559684e-12,3.86586471642151e-11,3.715758155231877e-11,1.5010656118963487e-12,0.000701161776506657,0.01535034089562725,1.6305477285711396e-08,7.703489065249795e-11,2.3163394459147217e-10,1.6438923964299908e-05,0.0030585102016543807
74912,Assembly,1.7545755613634063e-05,0.003983552584507826,6.860823807599314e-06,0.003972177032788975,4.514727911253629e-06,0.01745695691662945,0.01656967780191333,0.0008872791147161244,0.05665975739110598,1.502398325671313e-06,3.9139043613014336e-06,4.076657350841665e-05,1.5841619962725398e-11,9.614568584675554e-12,6.227051378049847e-12,3.861366203977857e-11,3.7115671205320444e-11,1.4979908344581413e-12,0.0007023726808916651,0.01538979403677943,1.61668744267073e-08,7.728405720914473e-11,2.325948709415506e-10,1.6504795838499413e-05,0.0030718441381839367
75085,Assembly,1.8574107951377762e-05,0.004139728071481847,7.319340837109654e-06,0.004127750283707191,4.658446937547085e-06,0.01818135050331667,0.017233250651369592,0.0009480998519470689,0.05713269116382979,1.61071284490845e-06,4.113776441135998e-06,4.277059888388629e-05,1.6550456329660854e-11,9.793834142366838e-12,6.756622187294016e-12,4.217392400961148e-11,4.050175544807051e-11,1.6721685615409957e-12,0.0006268588076998172,0.014941886453542897,1.873520012412378e-08,7.647800452036092e-11,2.4826549846363787e-10,1.7478778358663165e-05,0.0032794868310906194
75086,Assembly,1.8583076203005926e-05,0.004139989246259594,7.324958629568695e-06,0.004128005402588463,4.6588850415627855e-06,0.01819113263536814,0.017242959685893174,0.0009481729494749639,0.057136086669408,1.6114198783718335e-06,4.114336180698733e-06,4.277769836157551e-05,1.655202459047824e-11,9.795327392100235e-12,6.756697198378008e-12,4.228359167440184e-11,4.060613284238093e-11,1.6774588320209452e-12,0.0006268918846017915,0.01494497481026409,1.8840585513332393e-08,7.648070414124739e-11,2.482945264534952e-10,1.7481168333356037e-05,0.003279673098033048
75087,Assembly,1.870374014601075e-05,0.004170333600394558,7.367955084338601e-06,0.004158274058750319,4.69158655990196e-06,0.018286658136368126,0.017331026621883353,0.0009556315144847691,0.05751792614299418,1.6226384388874557e-06,4.144261487090703e-06,4.308318714876201e-05,1.666927682937041e-11,9.854680515871314e-12,6.814596313499099e-12,4.233292792467703e-11,4.065484836301831e-11,1.6780795616587424e-12,0.0006292876834103397,0.015025541889490755,1.8702545261449398e-08,7.696856236914396e-11,2.501992059568696e-10,1.7612233959359322e-05,0.0033058325596092898
75098,Assembly,1.8820042622417774e-05,0.004146951673232241,7.472918541826494e-06,0.004134808322339006,4.6704323514100515e-06,0.01844927810945456,0.01749916073661825,0.0009501173728363088,0.05722662006408171,1.6300427856413828e-06,4.1294391908847e-06,4.296859881079494e-05,1.6593352820137855e-11,9.834666066039365e-12,6.7586867540984924e-12,4.517196240049768e-11,4.3355157711761855e-11,1.816804688735852e-12,0.000627763515750571,0.01502638353258444,2.161602896742664e-08,7.655313916070687e-11,2.490807508366606e-10,1.754527419799944e-05,0.0032845813399533237
75414,Assembly,1.859938689048244e-05,0.004248736336115737,7.240819808168515e-06,0.004236690188616434,4.805327691135971e-06,0.01828027768444992,0.01733494590617049,0.0009453317782794346,0.06049385545710272,1.5946891954737686e-06,4.167590296489671e-06,4.339371975458426e-05,1.674349716784048e-11,1.007679298243509e-11,6.666704185405392e-12,3.989279789383613e-11,3.834953472094869e-11,1.5432631728874508e-12,0.0007523615955384995,0.01641311373440187,1.58712576107023e-08,8.273532718249197e-11,2.476716709364996e-10,1.7588202211539497e-05,0.003277269836980699
75415,Assembly,1.8614362796900457e-05,0.004249172466723179,7.250200848936617e-06,0.004237116206601857,4.8060592723864225e-06,0.018296612673726027,0.01735115883132724,0.0009454538423987895,0.06049952554486223,1.5958698567019599e-06,4.168524994539806e-06,4.340557503227926e-05,1.6746115975632006e-11,1.0079286530697694e-11,6.666829444934312e-12,4.007592976313207e-11,3.8523832471966234e-11,1.552097291165854e-12,0.0007524168300043801,0.0164182709203462,1.6047238592508978e-08,8.273983522613704e-11,2.477201442039357e-10,1.759219318311633e-05,0.0032775808804721435
75416,Assembly,1.880880319070044e-05,0.004296230402677069,7.321720621853111e-06,0.004284051764862907,4.856917192310266e-06,0.018453018843354523,0.017495990068549565,0.000957028774804964,0.06109178164108993,1.6138307277737924e-06,4.215211824217004e-06,4.388344982245343e-05,1.6928466142714185e-11,1.0172237437098895e-11,6.756228705615292e-12,4.025321642370665e-11,3.8695281187222246e-11,1.5579352364844304e-12,0.0007561437185862886,0.016545423407700176,1.593147970043415e-08,8.34950211645679e-11,2.506855707566047e-10,1.7796613460126536e-05,0.003318113022944806
75417,Assembly,1.8727861028567654e-05,0.004280074721661463,7.287777538188291e-06,0.0042679477674666694,4.83917665660635e-06,0.018383291055804267,0.017430252051975178,0.0009530390038290953,0.060888256391738345,1.6065722264902445e-06,4.198642899932295e-06,4.371139037163208e-05,1.6864862359542557e-11,1.0138568309042038e-11,6.726294050500517e-12,3.99968921718951e-11,3.845041705393788e-11,1.5464751179572275e-12,0.0007548419361770136,0.016497485077781805,1.5780538636452287e-08,8.323843746188303e-11,2.496448906747915e-10,1.7724175185654576e-05,0.0033042673222927446
75418,Assembly,1.8798311760699127e-05,0.004295924869668803,7.315148696935123e-06,0.004283753316291674,4.856404680194796e-06,0.018441575302524417,0.017484632040217208,0.0009569432623072134,0.06108780943886258,1.6130036109178852e-06,4.214557017830556e-06,4.3875144561148265e-05,1.6926631526640557e-11,1.0170490572079723e-11,6.756140954560833e-12,4.012492267412658e-11,3.8573176213864065e-11,1.5517464602625341e-12,0.0007561050238644954,0.0165418105208519,1.580819553314224e-08,8.349186303690438e-11,2.5065161261891027e-10,1.779381756932922e-05,0.00331789512020645
75419,Assembly,1.8661320339396512e-05,0.0042643384425154664,7.262855665073463e-06,0.0042522534472096305,4.82213964076317e-06,0.018329271693495342,0.017380105078557497,0.0009491666149378505,0.06069018374160043,1.6004490996060854e-06,4.182972821321472e-06,4.355073146354996e-05,1.6803776934094904e-11,1.0107297083781853e-11,6.69647985031305e-12,3.991667536830501e-11,3.837316510241331e-11,1.5435102658917145e-12,0.0007535932695955712,0.016454506118726363,1.5798828421042187e-08,8.29861888870263e-11,2.486508245628349e-10,1.7655574800366094e-05,0.003290720734382635
75420,Assembly,1.8593546593907248e-05,0.004248566254117234,7.237161394531275e-06,0.004236524050333262,4.805042389441888e-06,0.018273907373414167,0.01732862319763961,0.0009452841757745629,0.06049164423908369,1.59422876179216e-06,4.167225783406544e-06,4.3389096439254444e-05,1.6742475886473664e-11,1.0075820549717385e-11,6.666655336756278e-12,3.982138021805713e-11,3.8281562170245014e-11,1.5398180478121383e-12,0.0007523400552288239,0.016411102537578947,1.580262863448829e-08,8.273356913786174e-11,2.476527673556482e-10,1.7586645814418596e-05,0.0032771485363938023
75421,Assembly,1.8618172633512093e-05,0.0042492834173601095,7.252587364421957e-06,0.004237224584610692,4.806245384996543e-06,0.01830076825793293,0.017355283362699155,0.0009454848952337834,0.060500968002322526,1.5961702142394306e-06,4.168762779602883e-06,4.340859098802463e-05,1.674678219439196e-11,1.0079920883717712e-11,6.666861310674249e-12,4.01225180951453e-11,3.8568173424334505e-11,1.5543446708108091e-12,0.0007524308815271703,0.016419582896748514,1.6092007754970662e-08,8.274098206221136e-11,2.477324756931832e-10,1.7593208477229758e-05,0.003277660009230593
75422,Assembly,1.8614493332796436e-05,0.004249176268209248,7.250282617781035e-06,0.004237119919942331,4.806065649136608e-06,0.018296755055923236,0.017351300149565534,0.0009454549063577073,0.060499574967579316,1.595880147810022e-06,4.168533141735979e-06,4.340567836754678e-05,1.6746138802191674e-11,1.0079308265445999e-11,6.6668305367456784e-12,4.007752601259934e-11,3.852535171978081e-11,1.552174292818542e-12,0.0007524173114497292,0.016418315872409144,1.6048772512025756e-08,8.273987452002015e-11,2.4772056671601744e-10,1.7592227969995742e-05,0.0032775835916496643
75423,Assembly,1.8610659761873474e-05,0.00424906462637812,7.247881234912318e-06,0.004237010866766117,4.805878377092349e-06,0.018292573583485582,0.017347149923414122,0.0009454236600714637,0.060498123523976585,1.5955779191216253e-06,4.168293875332548e-06,4.340264362316559e-05,1.6745468433058604e-11,1.0078669960568304e-11,6.666798472490301e-12,4.003064744714859e-11,3.8480734534577565e-11,1.549912912571041e-12,0.0007524031723895322,0.01641699572272814,1.6003724449089322e-08,8.273872053944931e-11,2.4770815840473415e-10,1.759120635085869e-05,0.003277503969939212
75424,Assembly,1.8606582670608364e-05,0.004248945892710827,7.24532730873879e-06,0.004236894886193143,4.805679208945682e-06,0.018288126490920077,0.017342736061996097,0.0009453904289239849,0.060496579880164214,1.5952564919274274e-06,4.168039409983383e-06,4.3399416102387446e-05,1.6744755479994275e-11,1.007799110858053e-11,6.666764371413746e-12,3.998079100949273e-11,3.84332831270723e-11,1.5475078824204453e-12,0.0007523881351722789,0.01641559171303555,1.5955814793157815e-08,8.273749325444533e-11,2.476949618789454e-10,1.759011983529823e-05,0.0032774192904101987
75425,Assembly,1.853248717692445e-05,0.00423298960140735,7.215673038989585e-06,0.004220985655231607,4.7882731367543865e-06,0.018225866715827137,0.017284410252738996,0.0009414564630881461,0.06029564687530735,1.5885377640475206e-06,4.1518978099267015e-06,4.323277663440261e-05,1.668234896049266e-11,1.0045461978179826e-11,6.636886982312837e-12,3.9808190784560944e-11,3.826810424817529e-11,1.540086536385675e-12,0.0007511116047954539,0.016370011139723323,1.5885328521166867e-08,8.248297053420313e-11,2.4667644275230285e-10,1.7519506148828673e-05,0.003263715792279951
75426,Assembly,1.845809668488893e-05,0.0042170247191173444,7.185833979653313e-06,0.004205068032483961,4.770852653731657e-06,0.01816328517090101,0.017225765078091752,0.0009375200928092639,0.06009460217994601,1.5817957792704082e-06,4.135737798003897e-06,4.306590363882484e-05,1.661989085519984e-11,1.0012883729374762e-11,6.607007125825077e-12,3.963198319203077e-11,3.8099492017880123e-11,1.5324911741506642e-12,0.0007498339863992508,0.01632432897914752,1.5811375741166464e-08,8.222835901363011e-11,2.456569687896997e-10,1.744881384741565e-05,0.0032500061671538005
75427,Assembly,1.852465058390077e-05,0.004232761382962316,7.21076412752966e-06,0.004220762728519904,4.787890314882806e-06,0.018217318941860745,0.017275926352490794,0.0009413925893699564,0.0602926798315145,1.5879199475838008e-06,4.15140870108651e-06,4.322657300412574e-05,1.6680978590626787e-11,1.004415715412621e-11,6.636821436500577e-12,3.97123615312737e-11,3.817689771272151e-11,1.5354638185522079e-12,0.0007510827017015171,0.016367312487216748,1.5793241184625586e-08,8.248061156490982e-11,2.466510776586102e-10,1.751741775303187e-05,0.0032635530294269337
75428,Assembly,1.859156049658319e-05,0.004248508414691145,7.235917285530699e-06,0.004236467552038118,4.80494536749722e-06,0.018271741035191677,0.017326473047500433,0.0009452679876912478,0.060490892274841127,1.5940721830822993e-06,4.167101824212064e-06,4.338752419817276e-05,1.6742128581475768e-11,1.0075489856576448e-11,6.6666387248993235e-12,3.9797093359859306e-11,3.825844688845688e-11,1.5386464714024438e-12,0.0007523327300611966,0.01641041859412218,1.5779290123462955e-08,8.273297128333659e-11,2.4764633885482453e-10,1.7586116533736153e-05,0.0032771072859593526
75429,Assembly,1.8517417925206468e-05,0.004232550752383991,7.206233525896664e-06,0.00422055698186256,4.787536995534784e-06,0.018209429910044476,0.01726809627190522,0.0009413336381392615,0.06028994144571089,1.587349743720425e-06,4.150957285873957e-06,4.32208474623855e-05,1.6679713829589065e-11,1.0042952887551767e-11,6.636760942037297e-12,3.962391744851193e-11,3.809272009374425e-11,1.5311973547676888e-12,0.0007510560260513944,0.016364821808875336,1.5708250644315772e-08,8.247843439177896e-11,2.4662766734945236e-10,1.751549030139935e-05,0.003263402810044553
75430,Assembly,1.8584115247085228e-05,0.0042482915930113435,7.231253515130462e-06,0.004236255757833243,4.804581662971724e-06,0.018263620119681627,0.017318412815984927,0.0009452073036967049,0.06048807339918401,1.5934852191169074e-06,4.1666371404731125e-06,4.338163036458143e-05,1.6740826645095367e-11,1.0074250192783678e-11,6.666576452311689e-12,3.9706049624683714e-11,3.8171795021983e-11,1.534254602700721e-12,0.0007523052703290182,0.016407854706836086,1.5691801441317435e-08,8.273073011617457e-11,2.476222404423498e-10,1.7584132428180245e-05,0.0032769526511523582
75431,Assembly,1.8580315257669764e-05,0.004248180929145947,7.228873168016251e-06,0.004236147659946529,4.804396031402545e-06,0.01825947527631667,0.017314298945193426,0.0009451763311232519,0.060486634670009996,1.5931856379065857e-06,4.166399970007563e-06,4.337862220410682e-05,1.6740162148295562e-11,1.0073617479361175e-11,6.66654466893439e-12,3.965958170844984e-11,3.812756867664413e-11,1.5320130318057198e-12,0.0007522912551248725,0.016406546121468694,1.5647147992669825e-08,8.272958624430082e-11,2.476099408260161e-10,1.7583119758273923e-05,0.003276873726916172
75432,Assembly,1.8799324387292168e-05,0.00429595435953331,7.315783015225252e-06,0.004283782122370526,4.856454147559809e-06,0.01844267982628921,0.017485728310366502,0.0009569515159227118,0.06108819283346254,1.6130834437456065e-06,4.214620219354097e-06,4.387594618003709e-05,1.6926808602694437e-11,1.0170659178453942e-11,6.756149424240495e-12,4.013730551064451e-11,3.858496171337646e-11,1.5523437972680591e-12,0.0007561087586560627,0.016542159234544863,1.582009484775282e-08,8.34921678575109e-11,2.5065489023819335e-10,1.7794087427048544e-05,0.0033179161520493473
75433,Assembly,1.8740785280154413e-05,0.004280451103667194,7.295873404151153e-06,0.004268315422249653,4.839808013391913e-06,0.018397388199922197,0.017444243854396635,0.0009531443455255659,0.060893149694265576,1.6075911406264547e-06,4.199449547117475e-06,4.3721621511389795e-05,1.6867122398421693e-11,1.0140720248576786e-11,6.7264021498449066e-12,4.0154935517404185e-11,3.8600836529212325e-11,1.5540989881918817e-12,0.0007548896036846343,0.016501935744523688,1.593241074488229e-08,8.324232791689836e-11,2.496867232481324e-10,1.7727619405943808e-05,0.0033045357537469498
75434,Assembly,1.8617417450369707e-05,0.004249261424802636,7.25211431099545e-06,0.004237203101997756,4.806208493885432e-06,0.01829994454094459,0.017354465800981995,0.0009454787399625997,0.06050068207941594,1.5961106775789097e-06,4.168715646014372e-06,4.340799316739104e-05,1.6746650136976394e-11,1.0079795142706778e-11,6.6668549942696175e-12,4.011328338863301e-11,3.855938419183998e-11,1.5538991967930454e-12,0.0007524280962441734,0.016419322837705773,1.608313364297161e-08,8.274075473716867e-11,2.4773003135402917e-10,1.7593007226342337e-05,0.003277644324383564
75435,Assembly,1.8684976324003217e-05,0.004265027355670249,7.277673983899105e-06,0.004252926386437752,4.823295248598594e-06,0.01835507448927146,0.017405715061501594,0.0009493594277698682,0.06069914022844093,1.6023140754586478e-06,4.18444927303456e-06,4.356945809410128e-05,1.6807913610371787e-11,1.0111235899748631e-11,6.696677710623156e-12,4.020595099277412e-11,3.864848632838563e-11,1.5574646643885123e-12,0.0007536805181158386,0.01646265242439279,1.607680848318281e-08,8.299330980566038e-11,2.4872739307470327e-10,1.7661878950482427e-05,0.0032912120595712576
75436,Assembly,1.875239111921148e-05,0.0042807890906642115,7.303143404797754e-06,0.004268645572294413,4.8403749650015806e-06,0.018410047283869826,0.0174568083426327,0.0009532389412371263,0.06089754382735773,1.6085061145727947e-06,4.200173907622546e-06,4.373080896496119e-05,1.6869151889051606e-11,1.0142652667156942e-11,6.726499221894667e-12,4.029685674353529e-11,3.873591160178927e-11,1.5609451417460291e-12,0.0007549324085943019,0.016505932395436605,1.6068790266424756e-08,8.324582150370015e-11,2.4972428844951195e-10,1.7730712278756262e-05,0.0033047768023085995
75437,Assembly,1.8678718648550983e-05,0.004264845118701081,7.2737541204269115e-06,0.004252748375022938,4.822989557717222e-06,0.01834824892168627,0.01739894049835126,0.0009493084233350136,0.06069677098493778,1.6018207367198201e-06,4.184058709893984e-06,4.356450437189304e-05,1.680681934276796e-11,1.0110193971780044e-11,6.696625370987918e-12,4.01294294273324e-11,3.8575656095111047e-11,1.5537733322213714e-12,0.0007536574384202521,0.016460497496671847,1.6003274912714756e-08,8.299142612174383e-11,2.487071385427065e-10,1.7660211324886366e-05,0.0032910820901946697
75438,Assembly,1.8603105324066896e-05,0.004248844624899912,7.243149067985956e-06,0.00423679596649327,4.805509338658032e-06,0.018284333570686824,0.017338971484571048,0.0009453620861157817,0.06049526330809773,1.5949823470360332e-06,4.1678223767740915e-06,4.3396663353556075e-05,1.6744147403129846e-11,1.0077412116485834e-11,6.666735286644015e-12,3.993826851004905e-11,3.8392811875131436e-11,1.5454566349176322e-12,0.0007523753099466439,0.016414394234752328,1.591495270165107e-08,8.273644650444967e-11,2.476837065769845e-10,1.758919314740219e-05,0.003277347067335412
75439,Assembly,1.8518208031434335e-05,0.004232573761976831,7.20672845545404e-06,0.004220579457928721,4.787575592657792e-06,0.018210291719433436,0.017268951641375405,0.0009413400780580357,0.060290240590986394,1.5874120336255139e-06,4.151006599132865e-06,4.3221472928950164e-05,1.6679851993937043e-11,1.0043084443395987e-11,6.636767550541059e-12,3.963357920963764e-11,3.810191578011798e-11,1.5316634295196714e-12,0.0007510589401384798,0.016365093894224903,1.5717535135406382e-08,8.247867222936019e-11,2.4663022472590877e-10,1.75157008590384e-05,0.003263419220229878
75440,Assembly,1.8591163335380372e-05,0.0042484968485026415,7.235668500226417e-06,0.0042364562540364616,4.804925965954417e-06,0.018271307831096525,0.017326043080547072,0.0009452647505494608,0.060490741904051404,1.5940408719335504e-06,4.167077036009501e-06,4.338720979607798e-05,1.6742059130664352e-11,1.0075423727649115e-11,6.66663540301524e-12,3.9792236700672673e-11,3.8253824510184084e-11,1.5384121904885997e-12,0.0007523312652425544,0.01641028182549425,1.5774623105891135e-08,8.273285172996956e-11,2.4764505334323934e-10,1.758601069312607e-05,0.00327709903708254
75441,Assembly,1.8664377488783948e-05,0.004264427473281429,7.264770690597608e-06,0.004252340413606643,4.822288984189153e-06,0.018332606283139888,0.017383414750294753,0.0009491915328451409,0.06069134122114368,1.600690117254686e-06,4.183163628574912e-06,4.355315157448894e-05,1.6804311531895678e-11,1.0107806111371289e-11,6.696505420524389e-12,3.995405951497438e-11,3.840874587114151e-11,1.5453136438328894e-12,0.0007536045450408644,0.016455558895594122,1.5834752800890294e-08,8.29871091493786e-11,2.486607197915919e-10,1.765638950873638e-05,0.003290784230133262
75442,Assembly,1.8741261829925073e-05,0.004280464981821555,7.2961719191593125e-06,0.0042683289786092865,4.839831293109841e-06,0.018397907997200303,0.01744475976746056,0.000953148229739747,0.06089333012267813,1.6076287105619107e-06,4.199479290234786e-06,4.372199875933118e-05,1.6867205731758428e-11,1.0140799596017904e-11,6.7264061357405254e-12,4.0160762974379245e-11,3.860638287485281e-11,1.5543800995264508e-12,0.0007548913613059302,0.016502099851837825,1.5938010652772975e-08,8.324247136779242e-11,2.4968826572067694e-10,1.7727746403037445e-05,0.0033045456514920603
75443,Assembly,1.867819566402504e-05,0.004264829888266767,7.273426518275695e-06,0.004252733497738857,4.822964009636006e-06,0.01834767847563884,0.01739837431499377,0.000949304160645076,0.06069657297567702,1.6017795059899072e-06,4.1840260686232e-06,4.356409036511361e-05,1.6806727889475377e-11,1.0110106892766619e-11,6.696620996708757e-12,4.0123034146060256e-11,3.856956931651186e-11,1.553464829548412e-12,0.0007536555095372751,0.016460317398828615,1.5997129352788302e-08,8.299126869307121e-11,2.4870544577246043e-10,1.7660071953263714e-05,0.0032910712280185598
75444,Assembly,1.8681554589954506e-05,0.004264927707414743,7.275530579305579e-06,0.004252829048740426,4.823128095011745e-06,0.018351342228436537,0.017402010690194133,0.0009493315382424056,0.0606978447120425,1.602044314910489e-06,4.18423571079304e-06,4.356674936941955e-05,1.680731525835641e-11,1.0110666167356207e-11,6.696649091000205e-12,4.016410854697595e-11,3.8608662324908066e-11,1.5554462220679057e-12,0.0007536678980014168,0.01646147409713508,1.6036599890756683e-08,8.299227979612354e-11,2.48716317776487e-10,1.7660967082916572e-05,0.00329114099154535
75445,Assembly,1.8685480869621305e-05,0.004265042049123904,7.277990035754701e-06,0.004252940739192221,4.8233198959290375e-06,0.01835562482305632,0.017406261282886522,0.0009493635401698009,0.060699331256473116,1.6023538525133714e-06,4.184480763469414e-06,4.356985750421012e-05,1.6808001839288218e-11,1.0111319908610217e-11,6.696681930678001e-12,4.021212079509568e-11,3.865435850493799e-11,1.5577622901577054e-12,0.000753682378992032,0.01646282617251175,1.608273736860441e-08,8.299346168385751e-11,2.4872902616281135e-10,1.7662013408268475e-05,0.0032912225387787437
75446,Assembly,1.8689112515258036e-05,0.004265147810456363,7.280264930831001e-06,0.004253044048221721,4.823497303812204e-06,0.018359586045227104,0.01741019290460348,0.0009493931406236287,0.060700706248336504,1.6026401619412042e-06,4.18470742701823e-06,4.3572732399813196e-05,1.6808636898137014e-11,1.0111924592120856e-11,6.696712306016158e-12,4.025653013069859e-11,3.8696625573742176e-11,1.5599045569564317e-12,0.0007536957733069678,0.016464076786084633,1.612541261956334e-08,8.299455488092866e-11,2.4874078089239297e-10,1.7662981215765985e-05,0.003291297966583045
75447,Assembly,1.8696317699875002e-05,0.004265357640930461,7.28477832245798e-06,0.004253249013326967,4.823849281036466e-06,0.01836744510965802,0.017417993241736658,0.0009494518679213635,0.06070343423206994,1.603208199820299e-06,4.1851571274787136e-06,4.35784361924314e-05,1.680989685483597e-11,1.0113124284151636e-11,6.696772570684334e-12,4.03446382485445e-11,3.87804834344519e-11,1.5641548140926178e-12,0.000753722347626597,0.01646655800330086,1.6210080313631402e-08,8.299672378381958e-11,2.487641022748266e-10,1.766490134575408e-05,0.003291447615340002
75448,Assembly,1.862307012060643e-05,0.004249426042718587,7.2556551938281266e-06,0.004237363902894829,4.806484629929874e-06,0.018306110198309217,0.017360585385127737,0.0009455248131814879,0.06050282225947738,1.5965563192915358e-06,4.1690684486896054e-06,4.341246795332413e-05,1.674763860848828e-11,1.008073633488937e-11,6.66690227359891e-12,4.018240668828982e-11,3.8625173045082253e-11,1.5572336432075847e-12,0.0007524489445462801,0.016421269422485285,1.6149557833289156e-08,8.274245630256493e-11,2.4774832763530027e-10,1.7594513622390646e-05,0.0032777617280476453
75449,Assembly,1.8690871199577407e-05,0.0042651990271265995,7.281366586305984e-06,0.004253094077323789,4.8235832165067425e-06,0.01836150433242089,0.01741209685728911,0.000949407475131783,0.060701372110832826,1.602778812005551e-06,4.184817192581544e-06,4.357412461544289e-05,1.6808944435862602e-11,1.0112217420087768e-11,6.696727015774835e-12,4.0278036084189356e-11,3.871709409918965e-11,1.5609419849997191e-12,0.0007537022597249728,0.016464682416341605,1.6146078813953994e-08,8.299508427964741e-11,2.487464733141382e-10,1.7663449892514844e-05,0.003291334493741787
75450,Assembly,1.8687600506808168e-05,0.004265103777518036,7.2793177953111865e-06,0.004253001036281357,4.82342344136932e-06,0.018357936820056715,0.017408556003360255,0.0009493808166964661,0.06070013378077665,1.602520959156169e-06,4.184613057348012e-06,4.35715354585697e-05,1.680837249614365e-11,1.011167283667194e-11,6.696699659471712e-12,4.023804063656805e-11,3.867902799634182e-11,1.5590126402262358e-12,0.0007536901966843045,0.01646355610249409,1.6107645098581268e-08,8.299409973651912e-11,2.4873588689880683e-10,1.7662578276365928e-05,0.003291266562781885
75451,Assembly,1.8456230106097582e-05,0.0042169703603280075,7.184664738122969e-06,0.0042050149341195525,4.7707614703329275e-06,0.018161249197672508,0.017223744318786868,0.0009375048788856447,0.06009389546709261,1.5816486230885521e-06,4.135621298373892e-06,4.3064426011408285e-05,1.6619564450176608e-11,1.001257293654712e-11,6.606991513629489e-12,3.9609157858210824e-11,3.8077767757835505e-11,1.5313901003753312e-12,0.0007498271020424924,0.016323686193753562,1.5789441685280166e-08,8.222779713654411e-11,2.4565092714050536e-10,1.7448316417564377e-05,0.003249967399070714
75452,Assembly,1.8385918428528454e-05,0.004201124261888623,7.157380684388812e-06,0.0041892133409646,4.753540239636194e-06,0.018103116624895912,0.01716951487109638,0.0009336017537995381,0.05989439506797176,1.575228201358312e-06,4.119715859351197e-06,4.29007819007351e-05,1.655781959928099e-11,9.980673826649729e-12,6.577145772631261e-12,3.9482827775388055e-11,3.7956626990600154e-11,1.526200784787916e-12,0.0007485645272190916,0.01627940863628147,1.57634188104466e-08,8.197441341969273e-11,2.4464465528126297e-10,1.737871109093259e-05,0.0032363424892637694
75453,Assembly,1.8458194381270833e-05,0.004217027564246126,7.185895177534494e-06,0.00420507081164234,4.770857426253549e-06,0.018163391733355808,0.017225870844252655,0.0009375208891031568,0.06009463916916347,1.5818034813972128e-06,4.13574389557256e-06,4.3065980977565145e-05,1.6619907939177195e-11,1.0012899996212745e-11,6.607007942964449e-12,3.9633177865698066e-11,3.8100629061553674e-11,1.5325488041444036e-12,0.0007498343467251852,0.01632436262241381,1.5812523765514808e-08,8.222838842217083e-11,2.45657285008479e-10,1.744883988280025e-05,0.003250008196267959
75454,Assembly,1.8530157024707256e-05,0.004232921742362725,7.214213410948703e-06,0.004220919369644238,4.788159307539298e-06,0.0182233250992854,0.01728188762856877,0.0009414374707166383,0.06029476464706715,1.588354060951238e-06,4.151752377077889e-06,4.323093203142264e-05,1.6681941491281016e-11,1.0045073998524332e-11,6.636867492756686e-12,3.9779696674130004e-11,3.82409846682548e-11,1.5387120058752148e-12,0.0007511030106770384,0.016369208715621086,1.585794704164272e-08,8.248226911235917e-11,2.466689006317501e-10,1.7518885179986527e-05,0.003263667395965163
75455,Assembly,1.8605211314563035e-05,0.004248905955873058,7.244468279134189e-06,0.004236855875376474,4.805612217449979e-06,0.018286630682541678,0.017341251431129318,0.0009453792514123656,0.060496060665573156,1.5951483778094855e-06,4.167953818915581e-06,4.3398330504876193e-05,1.6744515673614865e-11,1.0077762772319018e-11,6.666752901295849e-12,3.996402147387722e-11,3.841732253892001e-11,1.5466989349572275e-12,0.0007523830773068928,0.016415119465284782,1.5939700070180296e-08,8.273708044918782e-11,2.476905231420516e-10,1.7589754378754506e-05,0.003277390807902332
75456,Assembly,1.858697112952883e-05,0.004248374762450985,7.233042465253716e-06,0.004236336998811336,4.804721174397003e-06,0.018266735177147126,0.0173215045960096,0.0009452305811375307,0.06048915467624559,1.5937103694069346e-06,4.166815385961361e-06,4.338389114790154e-05,1.6741326047734927e-11,1.00747257086227e-11,6.6666003391122304e-12,3.974097259200122e-11,3.8205033336459364e-11,1.5359392555418774e-12,0.0007523158034571633,0.016408838174306148,1.5725360745330253e-08,8.273158979320124e-11,2.4763148422029495e-10,1.758489350035451e-05,0.003277011966670339
75457,Assembly,1.8587105886463694e-05,0.004248378686862784,7.233126878194371e-06,0.0042363408322272445,4.8047277573472536e-06,0.01826688216344795,0.017321650483947085,0.0009452316795008699,0.060489205697107064,1.5937209932906434e-06,4.1668237966071515e-06,4.338399782464213e-05,1.6741349612419505e-11,1.0074748146190844e-11,6.666601466228661e-12,3.974262045815989e-11,3.8206601711022126e-11,1.5360187471377897e-12,0.0007523163004706402,0.016408884579949382,1.5726944266022772e-08,8.273163035770044e-11,2.4763192039482486e-10,1.7584929412110488e-05,0.0032770147655171228
75458,Assembly,1.8446966609222093e-05,0.004216700587373598,7.178862001419192e-06,0.004204751416428756,4.770308943424802e-06,0.018151145026486026,0.017213715651583698,0.0009374293749023337,0.06009038817753178,1.5809183132633517e-06,4.135043131535421e-06,4.3057092810677707e-05,1.6617944560393835e-11,1.0011030527300241e-11,6.606914033093595e-12,3.949587980667433e-11,3.7969954138620205e-11,1.5259256680541433e-12,0.0007497929362105338,0.01632049616474643,1.5680586886805287e-08,8.222500864100635e-11,2.4562094351554767e-10,1.7445847762132097e-05,0.0032497750000044603
75459,Assembly,1.8449109413721927e-05,0.004216762990449716,7.180204273186247e-06,0.00420481237255593,4.770413620601042e-06,0.018153482293262975,0.017216035453004166,0.0009374468402588151,0.06009119947330422,1.5810872463564095e-06,4.1351768713660464e-06,4.305878910482395e-05,1.6618319268472482e-11,1.0011387312812151e-11,6.6069319556603314e-12,3.952208294808271e-11,3.7994893263823443e-11,1.5271896842592813e-12,0.0007498008393489971,0.016321234072752763,1.570576685449301e-08,8.222565366748678e-11,2.4562787923834696e-10,1.744641880415218e-05,0.0032498195051832786
75460,Assembly,1.845171268634502e-05,0.004216838803348032,7.181834986274729e-06,0.00420488642756986,4.770540791897904e-06,0.018156321816240356,0.017218853757487565,0.0009374680587527953,0.06009218510875245,1.5812924815499738e-06,4.135339350602819e-06,4.3060849916303485e-05,1.6618774497721285e-11,1.0011820768106622e-11,6.6069537296146625e-12,3.955391689311731e-11,3.802519156770074e-11,1.5287253254165798e-12,0.0007498104407960723,0.016322130550108213,1.5736357755593442e-08,8.222643730396776e-11,2.4563630538141616e-10,1.744711255762229e-05,0.0032498735740979254
75461,Assembly,1.852545078888912e-05,0.004232784686652784,7.21126538304028e-06,0.00422078549186441,4.787929405335809e-06,0.01821819176648575,0.01727679265488506,0.000941399111600697,0.060292982800322054,1.5879830336487091e-06,4.151458644643944e-06,4.3227206465105325e-05,1.6681118520925482e-11,1.0044290391454405e-11,6.636828129471078e-12,3.972214678441606e-11,3.8186210933966976e-11,1.5359358504490919e-12,0.0007510856530350722,0.01636758805023132,1.5802644345647416e-08,8.248085244241746e-11,2.4665366772223114e-10,1.7517631001918114e-05,0.003263569649359411
75462,Assembly,1.8599280248453143e-05,0.0042487332304704615,7.240753006654369e-06,0.004236687154982194,4.805322481614293e-06,0.01828016136451867,0.017334830455446423,0.0009453309090722541,0.06049381508093796,1.5946807880955592e-06,4.1675836405922536e-06,4.33936353342603e-05,1.6743478519555067e-11,1.007677522611107e-11,6.666703293443999e-12,3.98914938289184e-11,3.8348293562961204e-11,1.5432002659572142e-12,0.0007523612022190323,0.016413077010562976,1.587000446658575e-08,8.273529508113469e-11,2.476713257628946e-10,1.7588173792204072e-05,0.0032772676220690806
75463,Assembly,1.8532322392209498e-05,0.004232984802522005,7.2155698163808326e-06,0.004220980967618694,4.788265086930592e-06,0.018225686976686382,0.017284231856709006,0.0009414551199773819,0.060295584485508084,1.588524772852296e-06,4.1518875251434336e-06,4.3232646186969176e-05,1.6682320144908258e-11,1.0045434540866304e-11,6.636885604041953e-12,3.980617572570322e-11,3.8266186393962257e-11,1.539989331740981e-12,0.0007511109970328611,0.016369954393547693,1.5883392145824097e-08,8.2482920930749e-11,2.46675909385351e-10,1.7519462234884815e-05,0.003263712369768375
75464,Assembly,1.8721087536029883e-05,0.004279877462989263,7.2835345623131985e-06,0.0042677550826591745,4.83884576777716e-06,0.018375902860066535,0.017422919064942578,0.0009529837951239591,0.060885691852667685,1.6060382220837285e-06,4.1982201428656485e-06,4.370602831655782e-05,1.6863677892002586e-11,1.0137440495467497e-11,6.726237396535092e-12,3.9914062971746496e-11,3.8371583460637136e-11,1.5424795111093794e-12,0.000754816954033561,0.01649515252043704,1.5700943730221874e-08,8.3236398506835e-11,2.4962296657176257e-10,1.772237009850729e-05,0.0033041266396048713
75465,Assembly,1.879555769340892e-05,0.004295844665305429,7.313423524728089e-06,0.004283674971638206,4.856270142495657e-06,0.01843857130006904,0.017481650485337893,0.0009569208147311509,0.061086766710443,1.612786487467817e-06,4.214385126977725e-06,4.3872964377084296e-05,1.6926149928219955e-11,1.01700320088706e-11,6.7561179193493565e-12,4.009124474659789e-11,3.854112287956594e-11,1.5501218670319628e-12,0.0007560948662532279,0.016540862115011053,1.5775832652915546e-08,8.349103400825e-11,2.506426983911788e-10,1.7793083630162597e-05,0.003317837919347837
75466,Assembly,1.8803242337760203e-05,0.004296068458678286,7.318237254190302e-06,0.004283893575882506,4.856645541591168e-06,0.01844695333582468,0.017489969885863373,0.0009569834499613074,0.061089676224341936,1.6133923246962789e-06,4.214864752176404e-06,4.3879047721239156e-05,1.6927493727115362e-11,1.0171311532863071e-11,6.756182194252291e-12,4.0185215905714635e-11,3.8630560953657194e-11,1.554654952057456e-12,0.0007561232089267448,0.01654350844163259,1.5866134449683387e-08,8.349334723799153e-11,2.506675716649824e-10,1.7795131532728755e-05,0.0033179975262886663
75467,Assembly,1.880705895328182e-05,0.004296179606731657,7.320628016045049e-06,0.004284002146730258,4.856831985354762e-06,0.018451116314136404,0.017494101756087246,0.0009570145580491626,0.06109112124839242,1.613693216665253e-06,4.215102960334668e-06,4.388206904332818e-05,1.6928161131290195e-11,1.017194701459869e-11,6.7562141166915054e-12,4.023188713317483e-11,3.8674980802669906e-11,1.556906330504947e-12,0.0007561372854516592,0.01654482275245783,1.5910983270711343e-08,8.349449611465165e-11,2.5067992509586773e-10,1.779614863337304e-05,0.0033180767958423223
75468,Assembly,1.87441562627276e-05,0.004280549273930569,7.29798501756973e-06,0.004268411316225258,4.839972687741319e-06,0.018401065103519614,0.017447893282126637,0.0009531718213929806,0.0608944259954451,1.6078569000612416e-06,4.199659941784099e-06,4.3724290060016814e-05,1.6867711875624696e-11,1.0141281530645733e-11,6.726430344978965e-12,4.019615735218072e-11,3.8640069859391216e-11,1.5560874927895178e-12,0.0007549020366163531,0.016503096594722655,1.597202295975093e-08,8.324334264923858e-11,2.4969763427650233e-10,1.7728517748605687e-05,0.0033046057676853324
75469,Assembly,1.8747876914592466e-05,0.00428065762731584,7.30031566693772e-06,0.004268517157205275,4.8401544436275945e-06,0.018405123409348738,0.01745192126203888,0.0009532021473098657,0.06089583468631212,1.608150226506922e-06,4.199892160519062e-06,4.3727235415031276e-05,1.686836249882047e-11,1.0141901034049028e-11,6.7264614647714424e-12,4.024165509448715e-11,3.868337283112887e-11,1.5582822633582916e-12,0.0007549157592060078,0.016504377858972418,1.6015744117580277e-08,8.324446263894251e-11,2.497096770970067e-10,1.7729509275624184e-05,0.0033046830441128285
75470,Assembly,1.8822323579335205e-05,0.0042966241454759045,7.330189913356616e-06,0.004284436377891831,4.857577670717911e-06,0.01846776622472785,0.017510627249292227,0.0009571389754356284,0.061096900649446555,1.6148966397931108e-06,4.216055678374559e-06,4.3894152878237545e-05,1.6930830426925964e-11,1.0174488635834314e-11,6.7563417910916534e-12,4.041854959120795e-11,3.885263882996826e-11,1.5659107612397049e-12,0.0007561935847796193,0.01655007936349229,1.609035697970806e-08,8.349909106860995e-11,2.5072933287662877e-10,1.780021654666053e-05,0.003318393835923283
75471,Assembly,1.860284557495907e-05,0.004248837060447182,7.242986358838212e-06,0.0042367885774385735,4.80549664977151e-06,0.01828405024901184,0.017338690280033094,0.0009453599689787474,0.060495164963450296,1.5949618690968619e-06,4.167806164935033e-06,4.339645773008873e-05,1.6744101981305723e-11,1.007736886722142e-11,6.6667331140843065e-12,3.9935092185469006e-11,3.838978877362031e-11,1.5453034118487114e-12,0.0007523743519342983,0.01641430478611326,1.5911900405399837e-08,8.273636831483749e-11,2.476828658340192e-10,1.75891239261292e-05,0.0032773416724519813
75472,Assembly,1.8666705169274848e-05,0.004264495260344068,7.2662287703271935e-06,0.004252406628881083,4.822402692659055e-06,0.018335145203642978,0.017385934698572632,0.0009492105050703491,0.06069222251355371,1.600873625486543e-06,4.18330890715475e-06,4.355499422079258e-05,1.6804718568881326e-11,1.010819367947448e-11,6.696524889406849e-12,3.998252340006581e-11,3.843583668376594e-11,1.5466867162998897e-12,0.000753613130043005,0.016456360468519022,1.586210523530643e-08,8.298780982718413e-11,2.4866825391178415e-10,1.7657009818881213e-05,0.003290832575111299
75473,Assembly,1.8593003097576242e-05,0.004248550426335037,7.236820943603219e-06,0.004236508589552087,4.805015839347733e-06,0.018273314554088857,0.01732803480818981,0.0009452797458990571,0.060491438463766464,1.5941859139652726e-06,4.167191861923151e-06,4.338866619485051e-05,1.6742380846321397e-11,1.007573005540645e-11,6.6666507909149454e-12,3.981473410954961e-11,3.82752366640929e-11,1.5394974454567305e-12,0.0007523380506937584,0.0164109153761771,1.5796242041565696e-08,8.273340553473064e-11,2.4765100819381393e-10,1.7586500976547112e-05,0.0032771372481958353
75474,Assembly,1.8660717252350538e-05,0.004264320879323473,7.26247788599238e-06,0.0042522362912578516,4.822110179629873e-06,0.018328613875520688,0.017379452176164382,0.0009491616993563087,0.060689955404404534,1.6004015538033453e-06,4.182935180575717e-06,4.3550254045742676e-05,1.680367147342956e-11,1.0107196667378751e-11,6.696474806050808e-12,3.990930055872791e-11,3.836614604708224e-11,1.5431545116456881e-12,0.0007535910452767264,0.016454298436336404,1.5791741581187366e-08,8.298600734591291e-11,2.486488725207447e-10,1.765541408199676e-05,0.0032907082085097306
75475,Assembly,1.8799467189952578e-05,0.004295958518253944,7.315872468079838e-06,0.004283786184662317,4.85646112354817e-06,0.01844283558847557,0.01748588290861123,0.0009569526798643457,0.061088246900548315,1.6130947019332395e-06,4.21462913216141e-06,4.387605922596215e-05,1.6926833574319478e-11,1.017068295566754e-11,6.756150618651938e-12,4.013905176341959e-11,3.8586623728472874e-11,1.5524280349467236e-12,0.0007561092853439611,0.016542208410858635,1.5821772913285715e-08,8.349221084393241e-11,2.506553524547267e-10,1.7794125482932634e-05,0.003317919118002582
75476,Assembly,1.868002152995986e-05,0.00426488306141015,7.274570256911177e-06,0.004252785437949051,4.82305320418934e-06,0.018349670041266482,0.017400350998536068,0.0009493190427304184,0.06069726427407317,1.601923452476814e-06,4.184140027223196e-06,4.356553576328097e-05,1.6807047175120126e-11,1.0110410906740962e-11,6.696636268379164e-12,4.0145361625439076e-11,3.85908197381702e-11,1.5545418872688921e-12,0.0007536622437359851,0.01646094616411817,1.601858499432934e-08,8.299181831478323e-11,2.4871135564431e-10,1.7660558533430925e-05,0.0032911091505121587
75477,Assembly,1.861058906787448e-05,0.004249062567616809,7.247836951563575e-06,0.004237008855741594,4.8058749236516875e-06,0.018292496473914833,0.01734707339004895,0.000945423083865891,0.06049809675823919,1.5955723457919482e-06,4.1682894630758755e-06,4.340258766014298e-05,1.6745456070935724e-11,1.0078658189734978e-11,6.666797881200747e-12,4.002978297031343e-11,3.847991175933504e-11,1.5498712109784122e-12,0.0007524029116543777,0.01641697137815174,1.600289372812969e-08,8.273869925915922e-11,2.4770792958592186e-10,1.7591187511415335e-05,0.0032775025016535766
75478,Assembly,1.8612850265502602e-05,0.0042491284185554815,7.249253385837541e-06,0.0042370731797852475,4.805985384397241e-06,0.018294962878149447,0.017349521363940214,0.0009454415142092345,0.06049895287930694,1.5957506126890755e-06,4.1684305922305986e-06,4.340437767705792e-05,1.6745851482191738e-11,1.0079034688175847e-11,6.666816794015891e-12,4.005743387416709e-11,3.850622880821256e-11,1.5512050659545399e-12,0.0007524112514529685,0.016417750056670396,1.6029464926396357e-08,8.273937992430985e-11,2.4771524851769765e-10,1.759179010435439e-05,0.0032775494658095657
75479,Assembly,1.8473811355694328e-05,0.004217482364132798,7.195677788993991e-06,0.004205515066019777,4.771620324028021e-06,0.018180425968387228,0.017242777790011776,0.0009376481783754574,0.06010055197424168,1.5830346827474896e-06,4.136718604891331e-06,4.307834373968308e-05,1.6622638849290996e-11,1.0015500284859982e-11,6.6071385644310136e-12,3.982414899219239e-11,3.828238791098396e-11,1.5417610812084488e-12,0.0007498919455921171,0.01632974057008133,1.5996037899162884e-08,8.223308943994832e-11,2.4570783325288204e-10,1.7453001694399534e-05,0.003250332554481404
75480,Assembly,1.8476059503771956e-05,0.004217547835040491,7.197086048913644e-06,0.004205579018844283,4.771730147295872e-06,0.018182878138807774,0.01724521163645195,0.0009376665023558307,0.06010140315456699,1.5832119208522424e-06,4.13685891957853e-06,4.308012342626872e-05,1.6623031978597356e-11,1.0015874610498552e-11,6.6071573680988055e-12,3.9851640320491206e-11,3.8308553082089294e-11,1.543087238401928e-12,0.0007499002372610699,0.01633051475478462,1.602245575294112e-08,8.223376617692649e-11,2.457151099465232e-10,1.745360080972704e-05,0.0032503792476035313
75481,Assembly,1.854909037414685e-05,0.0042334731222232495,7.226073429168096e-06,0.0042214579645820285,4.789084212054032e-06,0.01824397667465078,0.017302384883884244,0.0009415917907665421,0.06030193307813953,1.5898467166195613e-06,4.152934072817015e-06,4.324592011354854e-05,1.6685252329479927e-11,1.0048226476864047e-11,6.6370258526158824e-12,4.0011221870543843e-11,3.8461341295388963e-11,1.5498805751549027e-12,0.0007511728410709017,0.016375728708527257,1.6080431700017777e-08,8.248796842452357e-11,2.467301831535041e-10,1.752393078172565e-05,0.003264060633940218
75482,Assembly,1.8766724201251156e-05,0.004281206500843068,7.312121774666906e-06,0.004269053303924473,4.841075143928232e-06,0.01842568111162465,0.017472325345736787,0.0009533557658878673,0.06090297053281119,1.609636097211066e-06,4.201068484782751e-06,4.3742155367847455e-05,1.687165828738733e-11,1.0145039182591814e-11,6.726619104795517e-12,4.047212787794489e-11,3.890272781277066e-11,1.5694000651742513e-12,0.0007549852721812388,0.01651086821482347,1.623721745735747e-08,8.325013604450989e-11,2.497706810550412e-10,1.773453194224988e-05,0.0033050744945988908
75483,Assembly,1.8698789886338293e-05,0.004265429636317842,7.286326922011899e-06,0.004253319339347128,4.823970048702454e-06,0.01837014165023721,0.017420669632265826,0.0009494720179713905,0.060704370236463495,1.603403100524443e-06,4.1853114251754474e-06,4.3580393233041696e-05,1.6810329161301532e-11,1.0113535913076679e-11,6.696793248224855e-12,4.0374869215247515e-11,3.880925608624473e-11,1.5656131290028062e-12,0.0007537314655988283,0.016467409339101468,1.6239130829097745e-08,8.299746796077716e-11,2.4877210412474756e-10,1.766556016570342e-05,0.0032914989616483715
75484,Assembly,1.8702130873420054e-05,0.0042655269330479865,7.288419745988284e-06,0.004253414380044243,4.8241332577556355e-06,0.018373785836213595,0.017424286586859045,0.0009494992493545555,0.060705635180930174,1.6036664951932678e-06,4.1855199477198395e-06,4.358303803653634e-05,1.6810913393250964e-11,1.0114092200776438e-11,6.696821192474525e-12,4.041572425216472e-11,3.8848140312566356e-11,1.567583939598377e-12,0.0007537437879005192,0.01646855985988714,1.6278390568738248e-08,8.299847366388199e-11,2.4878291806520596e-10,1.766645051478211e-05,0.003291568352592583
75485,Assembly,1.8667877263180677e-05,0.00426452939423973,7.266962980358139e-06,0.004252439971309283,4.822459950089847e-06,0.018336423666585246,0.017387203608129186,0.0009492200584560623,0.06069266628471006,1.6009660302994325e-06,4.183382061584123e-06,4.3555922077734945e-05,1.6804923530675778e-11,1.0108388837793507e-11,6.696534692882271e-12,3.999685627194503e-11,3.8449478150670486e-11,1.5473781212745505e-12,0.0007536174529854061,0.0164567640972576,1.5875878440784597e-08,8.298816265060168e-11,2.486720476869168e-10,1.765732217349488e-05,0.0032908569190254902
75486,Assembly,1.880921528448245e-05,0.004296242403734397,7.321978761057606e-06,0.004284063487650023,4.856937323317762e-06,0.018453468335179725,0.017496436201522008,0.0009570321336577231,0.0610919376655631,1.6138632161679648e-06,4.215237544413415e-06,4.388377604552707e-05,1.6928538204756847e-11,1.0172306052360333e-11,6.756232152396513e-12,4.0258255684938576e-11,3.8700077358980274e-11,1.5581783259583142e-12,0.0007561452384795964,0.01654556531859365,1.5936322189852193e-08,8.349514521293622e-11,2.5068690460121794e-10,1.7796723280161804e-05,0.00331812158196522
75487,Assembly,1.888078591444703e-05,0.004312125165575491,7.350051433751924e-06,0.00429990089408721,4.874220054530191e-06,0.018512974111908376,0.017552028591821353,0.0009609455200870281,0.06129191472168005,1.6203828904068655e-06,4.2312215590038525e-06,4.4048416772353976e-05,1.699050320622301e-11,1.0204414782862364e-11,6.786088423360648e-12,4.039998078286752e-11,3.883587049950381e-11,1.5641102833637187e-12,0.0007574124565987812,0.016590276415874097,1.5977138939087465e-08,8.374890789932625e-11,2.5169725137482285e-10,1.7866664108571353e-05,0.003331772639701894
75488,Assembly,1.8812082651712177e-05,0.004296325907635714,7.323774905352876e-06,0.004284145055334581,4.857077395781148e-06,0.018456595919690535,0.017499540414982945,0.0009570555047075944,0.061093023290925426,1.6140892718884426e-06,4.215416506706838e-06,4.38860459204724e-05,1.6929039615718746e-11,1.0172783480462136e-11,6.75625613525661e-12,4.0293319093194556e-11,3.87334493396493e-11,1.5598697535452664e-12,0.0007561558139661812,0.016546552741028165,1.59700164509008e-08,8.349600834711035e-11,2.5069618555254635e-10,1.7797487412949146e-05,0.003318181136017542
75489,Assembly,1.8743282815297802e-05,0.004280523837262663,7.297437882343386e-06,0.004268386469360967,4.839930019354841e-06,0.018400112389606964,0.01744694768742189,0.0009531647021850779,0.06089409529602418,1.6077880397541295e-06,4.199605426912895e-06,4.372359861860798e-05,1.686755913756192e-11,1.0141136098158358e-11,6.726423039403561e-12,4.018547645874523e-11,3.86299042027427e-11,1.555572256002546e-12,0.0007548988151484223,0.016502795809535946,1.5961759131174414e-08,8.324307972430936e-11,2.496948071453976e-10,1.7728284981134465e-05,0.003304587626537106
75490,Assembly,1.8817068499469283e-05,0.0042964711062467515,7.326898084662855e-06,0.0042842868872049085,4.8573209571813664e-06,0.018462034239573905,0.017504938096717364,0.0009570961428565464,0.06109491100266383,1.6144823430637136e-06,4.215727690687745e-06,4.388999283413863e-05,1.692991148127327e-11,1.0173613644037237e-11,6.756297837236036e-12,4.035428819878975e-11,3.87914773498894e-11,1.5628108489003625e-12,0.0007561742028790215,0.016548269695131363,1.602860485008968e-08,8.349750918576875e-11,2.5071232349605244e-10,1.7798816105592493e-05,0.003318284690049659
75491,Assembly,1.881996309213435e-05,0.004296555403011305,7.328711283212588e-06,0.004284369229368473,4.857462359622217e-06,0.018465191520263487,0.01750807178445072,0.0009571197358127716,0.061096006935957,1.6147105451661883e-06,4.215908352214631e-06,4.3892284261375194e-05,1.6930417653094396e-11,1.0174095605282818e-11,6.756322047811577e-12,4.0389684531459576e-11,3.882516619499506e-11,1.5645183364645378e-12,0.0007561848787790529,0.01654926649306734,1.606261903560278e-08,8.34983805153367e-11,2.507216925693129e-10,1.779958749376295e-05,0.0033183448095632107
75492,Assembly,1.8752269063925755e-05,0.004280785536151755,7.303066948282909e-06,0.004268642100200939,4.840369002533862e-06,0.018409914151909207,0.017456676205508094,0.0009532379464011179,0.060897497615518374,1.608496492053828e-06,4.200166289730552e-06,4.373071234314305e-05,1.6869130545479852e-11,1.0142632344464133e-11,6.726498201015718e-12,4.0295364198642925e-11,3.873449105593326e-11,1.5608731427096754e-12,0.0007549319584273253,0.0165058903638035,1.6067356002052535e-08,8.324578476264825e-11,2.4972389338704684e-10,1.7730679751898613e-05,0.003304774267269907
75493,Assembly,1.8755520471316062e-05,0.004280880224128603,7.3051036587450875e-06,0.004268734592634289,4.840527835569936e-06,0.01841346062872139,0.0174601961810743,0.0009532644476470982,0.06089872864386019,1.608752824494459e-06,4.20036922129697e-06,4.373328623325933e-05,1.6869699112801886e-11,1.0143173716787304e-11,6.726525396014583e-12,4.033512381629875e-11,3.877233270504312e-11,1.5627911112556529e-12,0.0007549439503392369,0.016507010036431288,1.6105563096089368e-08,8.324676350049651e-11,2.4973441738042495e-10,1.7731546228632458e-05,0.0033048417976803248
75494,Assembly,1.8758635031384308e-05,0.004280970926817078,7.307054646829508e-06,0.004268823192186711,4.840679983539197e-06,0.018416857839140214,0.017463568005648595,0.0009532898334916205,0.06089990785989068,1.6089983682507306e-06,4.200563611749312e-06,4.3735751791835633e-05,1.687024374989738e-11,1.0143692303484509e-11,6.726551446412873e-12,4.037321000563595e-11,3.8808581650526074e-11,1.5646283551098873e-12,0.0007549554375278599,0.016508082583558546,1.614216210541856e-08,8.324770104459775e-11,2.49744498433212e-10,1.773237623653714e-05,0.003304906485827466
75495,Assembly,1.8765272648961243e-05,0.004281164228518157,7.311212509422546e-06,0.004269012011773933,4.841004234801952e-06,0.01842409782908885,0.017470753894368127,0.0009533439347207232,0.06090242095479958,1.6095216606312985e-06,4.200977888390306e-06,4.3741006285113794e-05,1.6871404457245734e-11,1.0144797493335112e-11,6.726606963910621e-12,4.045437766792003e-11,3.8885833857069136e-11,1.5685438108509107e-12,0.0007549799185343079,0.016510368350250465,1.6220160353099978e-08,8.324969909859869e-11,2.4976598274294026e-10,1.773414511398255e-05,0.0033050443464476094
75496,Assembly,1.8909680518986074e-05,0.004312966638610755,7.3681512706227645e-06,0.0043007228557683085,4.875631571825368e-06,0.018544490939144617,0.01758330990780647,0.0009611810313381481,0.06130285462334208,1.622660865330783e-06,4.233024971082443e-06,4.40712904169359e-05,1.6995555949835838e-11,1.0209225849981502e-11,6.786330099854336e-12,4.0753316520558676e-11,3.917216163588799e-11,1.581154884670694e-12,0.0007575190263117591,0.016600226721667707,1.6316677711150072e-08,8.375760574603638e-11,2.5179077599057495e-10,1.7874364313301564e-05,0.0033323727688980087
75497,Assembly,1.872952376550074e-05,0.004280123144137432,7.288819091368481e-06,0.004267995067163847,4.839257882218391e-06,0.018385104688262485,0.017432052131963596,0.0009530525562988952,0.06088888592721142,1.6067033123140192e-06,4.198746677087806e-06,4.37127066330673e-05,1.6865153119134267e-11,1.0138845161385727e-11,6.7263079577485436e-12,4.0017224839194436e-11,3.846976889147489e-11,1.5474559477195645e-12,0.0007548480687197685,0.01649805766706629,1.5800077358837657e-08,8.323893797854328e-11,2.4965027253881926e-10,1.7724618293113616e-05,0.0033043018566632576
75498,Assembly,1.8703319371888673e-05,0.004265561544679803,7.289164231983038e-06,0.004253448189131263,4.824191316558327e-06,0.018375082192453922,0.01742557325600499,0.0009495089364489373,0.060706085163083574,1.6037601932989115e-06,4.185594126014641e-06,4.358397887971419e-05,1.6811121223679582e-11,1.0114290090520726e-11,6.696831133158859e-12,4.0430257726142074e-11,3.8861972704702496e-11,1.5682850214395967e-12,0.0007537481713465879,0.01646896913779167,1.6292356543253933e-08,8.299883142539699e-11,2.487867649378098e-10,1.7666767241094025e-05,0.0032915930372228778
75499,Assembly,1.8555414974298293e-05,0.004233657308183611,7.230035214866171e-06,0.004221637879796502,4.789393172243703e-06,0.018250875240438103,0.01730923189975357,0.0009416433406845376,0.06030432766027043,1.590345331526345e-06,4.153328812959244e-06,4.325092681491355e-05,1.668635830007647e-11,1.0049279548062482e-11,6.637078752013987e-12,4.008856182019056e-11,3.853495043474334e-11,1.553611385447243e-12,0.0007511961675996286,0.016377906682807686,1.6154751698628793e-08,8.248987225409651e-11,2.467506543040316e-10,1.7525616242273724e-05,0.003264191993315616
75500,Assembly,1.8551529704492223e-05,0.004233544160769805,7.2276014473579865e-06,0.004221527355947767,4.789203374680622e-06,0.018246637377376904,0.017305025704360696,0.0009416116730162111,0.060302856642747024,1.5900390270334451e-06,4.1530863198499376e-06,4.324785114448765e-05,1.6685678890459696e-11,1.0048632635114162e-11,6.637046255345534e-12,4.004105105840798e-11,3.848973154979627e-11,1.5513195086117259e-12,0.0007511818378624797,0.016376568729813423,1.6109096125204982e-08,8.248870271114067e-11,2.467380786563803e-10,1.7524580845755374e-05,0.003264111297840367
75501,Assembly,1.8699874033685737e-05,0.004265461209020554,7.2870060415376974e-06,0.004253350179969122,4.824023009895585e-06,0.018371324185357283,0.01742184333082619,0.0009494808545310965,0.060704780709822014,1.6034885718610718e-06,4.185379090556322e-06,4.3581251469432044e-05,1.681051874405141e-11,1.01137164279423e-11,6.69680231610911e-12,4.038812663852379e-11,3.882187398322915e-11,1.566252655294651e-12,0.0007537354641748075,0.016467782682076892,1.625187057982139e-08,8.299779431054348e-11,2.4877561323884366e-10,1.766584908319048e-05,0.0032915214789482772
75502,Assembly,1.8837263701725955e-05,0.004297059233975502,7.3395485386922736e-06,0.0042848613779329124,4.858307503898984e-06,0.018484062182529983,0.01752680143463987,0.0009572607478901148,0.06110255718887254,1.6160744799023397e-06,4.216988143019946e-06,4.3905979828459844e-05,1.6933442977233848e-11,1.0176976225913383e-11,6.7564667513204665e-12,4.0601243877921527e-11,3.90265201069975e-11,1.574723770924043e-12,0.0007562486872660675,0.016555224226651122,1.6265917465547736e-08,8.350358834055598e-11,2.507776903201091e-10,1.780419798205092e-05,0.0033187041361950206
75503,Assembly,1.8692315421162283e-05,0.004265241085965613,7.282271259531614e-06,0.0042531351609385575,4.8236537675240565e-06,0.018363079618980697,0.017413660372432152,0.0009494192465485501,0.06070191891333692,1.602892670651738e-06,4.1849073314393644e-06,4.357526789501902e-05,1.6809196984097986e-11,1.0112457888752786e-11,6.696739095345201e-12,4.029569665117833e-11,3.87339027361555e-11,1.5617939150228443e-12,0.0007537075863346371,0.01646517975647249,1.6163049775534466e-08,8.29955190188716e-11,2.487511478985785e-10,1.766383476720189e-05,0.0032913644896373035
75504,Assembly,1.8688748579728544e-05,0.004265137211870934,7.280036958383537e-06,0.00425303369538719,4.8234795253617845e-06,0.018359189082078065,0.017409798907783734,0.0009493901742943349,0.06070056845725172,1.6026114702174954e-06,4.184684712544708e-06,4.357244429993832e-05,1.6808573257434832e-11,1.0111863995400903e-11,6.6967092620339314e-12,4.025207976943439e-11,3.8692389893941895e-11,1.5596898754925191e-12,0.0007536944310319813,0.01646395145923329,1.6121136034894174e-08,8.29944453291456e-11,2.487396029240111e-10,1.7662884229559376e-05,0.0032912904077899686
75505,Assembly,1.853281752870722e-05,0.004232999221961836,7.215879974279879e-06,0.004220995052712937,4.788289274620341e-06,0.01822622704746105,0.017284767891774657,0.0009414591556863978,0.060295771951115615,1.5885638081166203e-06,4.151918428322584e-06,4.323303814859832e-05,1.6682406728470006e-11,1.0045516983071751e-11,6.636889745398257e-12,3.981223046922616e-11,3.827194906204997e-11,1.5402814071761997e-12,0.0007511128232061307,0.016370124901489938,1.5889210465234317e-08,8.248306997661505e-11,2.4667751201848726e-10,1.7519594185207814e-05,0.003263722653552254
75506,Assembly,1.852937535504527e-05,0.0042328989784608285,7.2137237661311115e-06,0.004220897133572152,4.788121122547166e-06,0.018222472492091576,0.0172810413925298,0.0009414310995617811,0.06029446869599356,1.5882924361629012e-06,4.151703590374199e-06,4.323031324344079e-05,1.6681804802218995e-11,1.0044943847402043e-11,6.63686095481695e-12,3.977013807898548e-11,3.8231887171227205e-11,1.5382509077582858e-12,0.0007511001277058798,0.016368939535533988,1.5848761688133846e-08,8.248203381435089e-11,2.4666637056234964e-10,1.7518676870631725e-05,0.0032636511610038845
75507,Assembly,1.852558181428385e-05,0.004232788502394109,7.211347458511061e-06,0.004220789219129601,4.787935805998276e-06,0.01821833468260435,0.017276934503054987,0.0009414001795493723,0.060293032408370216,1.5879933633475703e-06,4.151466822391425e-06,4.32273101878715e-05,1.668114143308285e-11,1.0044312207706207e-11,6.636829225376645e-12,3.972374901968599e-11,3.818773587883444e-11,1.53601314085157e-12,0.0007510861362858012,0.016367633170860766,1.5804184017234748e-08,8.248089188364936e-11,2.4665409181869796e-10,1.7517665919245428e-05,0.003263572370703622
75508,Assembly,1.8913443596076667e-05,0.0043130762275098555,7.370508495528889e-06,0.00430082990361412,4.875815400207212e-06,0.018548595520343523,0.017587383817293207,0.0009612117030503174,0.06130427937699331,1.6229575364701146e-06,4.233259837722292e-06,4.4074269356751054e-05,1.699621399184878e-11,1.0209852417354412e-11,6.786361574494368e-12,4.079933305689839e-11,3.9215958375496805e-11,1.583374681401598e-12,0.0007575329053750601,0.016601522595702797,1.6360897405272886e-08,8.375873850657125e-11,2.518029561309353e-10,1.7875367146338225e-05,0.0033324509264802053
75509,Assembly,1.8551757686961433e-05,0.0042335508001096886,7.22774425760121e-06,0.004221533841340339,4.789214511749408e-06,0.018246886049549774,0.017305272518316872,0.0009416135312329063,0.060302942960100504,1.5900570005740502e-06,4.1531005490233504e-06,4.3248031620741083e-05,1.6685718757313163e-11,1.0048670595106306e-11,6.637048162206855e-12,4.0043838926773853e-11,3.849238493387504e-11,1.551453992898832e-12,0.0007511826787124132,0.016376647239117165,1.6111775133583257e-08,8.248877133836715e-11,2.467388165786731e-10,1.7524641601447166e-05,0.003264116032943621
75510,Assembly,1.8465920218594938e-05,0.004217252557246958,7.190734710640681e-06,0.00420529058769867,4.771234837648398e-06,0.018171818700399776,0.01723423484031491,0.0009375838600848738,0.06009756427929843,1.582412566171735e-06,4.136226091766964e-06,4.3072096931040495e-05,1.662125894140809e-11,1.0014186378999801e-11,6.60707256240829e-12,3.972765275032593e-11,3.819054656188601e-11,1.5371061884399368e-12,0.0007498628413275263,0.016327023134475246,1.5903309618445823e-08,8.223071405181084e-11,2.456822916136438e-10,1.7450898762998023e-05,0.0032501686587700957
75511,Assembly,1.8540025774523072e-05,0.004233209141584629,7.2203952834690185e-06,0.004221200104899777,4.788641401385849e-06,0.018234089450898598,0.01729257154296356,0.0009415179079350462,0.06029850109386178,1.5891320873326154e-06,4.152368319843064e-06,4.3238744364533135e-05,1.668366722047489e-11,1.0046717184804376e-11,6.636950035670514e-12,3.99003760207377e-11,3.835584255065864e-11,1.544533470079078e-12,0.0007511394088161406,0.016372607172877536,1.5973914131267585e-08,8.24852398009873e-11,2.467008433092569e-10,1.7521515130983443e-05,0.003263872365889068
75512,Assembly,1.876145632348886e-05,0.0042810530889116445,7.308821929257214e-06,0.004268903449177181,4.840817805207423e-06,0.018419935167148703,0.017466622338151733,0.0009533128289969723,0.06090097604056579,1.6092207915290467e-06,4.200739698335016e-06,4.3737985192634536e-05,1.687073710379125e-11,1.0144162059893854e-11,6.726575043897399e-12,4.0407709987307517e-11,3.884141738380735e-11,1.566292603500193e-12,0.0007549658430791593,0.016509054139308182,1.617531494042329e-08,8.32485503092491e-11,2.497536302508718e-10,1.773312809063431e-05,0.0033049650829181584
75513,Assembly,1.8674514634654344e-05,0.004264722688773753,7.271120688789905e-06,0.004252628783895634,4.8227841893303225e-06,0.018343663388096423,0.017394389230417178,0.0009492741576792512,0.060695179286440824,1.601489303277864e-06,4.183796322864963e-06,4.3561176376192004e-05,1.680608419498853e-11,1.0109493986666937e-11,6.696590208321594e-12,4.0078020924771814e-11,3.85267274929298e-11,1.5512934318420338e-12,0.0007536419330841707,0.016459049779200038,1.5953873796521253e-08,8.299016063052069e-11,2.486935312000703e-10,1.7659090985355536e-05,0.0032909947745341683
75514,Assembly,1.8691402683780595e-05,0.004265214505089797,7.281699512730506e-06,0.004253109196397265,4.823609179801858e-06,0.018362084049502257,0.017412672242402224,0.0009494118071000394,0.06070157333819034,1.6028207128277508e-06,4.184850364346547e-06,4.357454535076558e-05,1.6809037375477308e-11,1.011230591433142e-11,6.696731461145891e-12,4.028453530319584e-11,3.872327980165944e-11,1.5612555015364163e-12,0.0007537042199566457,0.01646486544118069,1.61523242530801e-08,8.299524426689075e-11,2.487481935957158e-10,1.7663591529240477e-05,0.003291345532452741
75515,Assembly,1.8738139273956218e-05,0.0042803740462752544,7.2942159223717496e-06,0.004268240151598347,4.8396787545364465e-06,0.01839450206524256,0.01744137928651953,0.0009531227787230384,0.06089214787928776,1.6073825364297828e-06,4.199284400730668e-06,4.3719526871013e-05,1.6866659696435262e-11,1.0140279677971298e-11,6.726380018463963e-12,4.012257900770665e-11,3.8570040868726036e-11,1.552538138980637e-12,0.0007548798446266516,0.01650102455119802,1.5901317684093358e-08,8.324153141676716e-11,2.4967815878715737e-10,1.772691426428264e-05,0.003304480797273312
76874,Assembly,1.7887743874800753e-05,0.004062504374030914,6.99124926393453e-06,0.004050912758208185,4.6003665587949295e-06,0.017737181152471613,0.016830464415555788,0.0009067167369158303,0.05765363600281446,1.533745950606914e-06,3.992834251751223e-06,4.1577218125729805e-05,1.614867070766002e-11,9.772470669828054e-12,6.3762000378319675e-12,3.9128284800327024e-11,3.76099926977155e-11,1.5182921026115342e-12,0.0007086502582579574,0.015607886202398112,1.6184530813894786e-08,7.854809499623635e-11,2.375952541287407e-10,1.685027210158416e-05,0.0031397699195759776
76875,Assembly,1.7740874864022765e-05,0.004030630290225772,6.932768822311307e-06,0.004019131902409767,4.5656189936945295e-06,0.01761410354995925,0.016715243969680608,0.0008988595802786472,0.05725227051193884,1.520412716018135e-06,3.960633560763276e-06,4.124498569733981e-05,1.6024088840146324e-11,9.707632523411499e-12,6.3164563167348245e-12,3.8799250052712425e-11,3.729502082309106e-11,1.5042292296213814e-12,0.0007061020732473047,0.01551718029894208,1.605909273785835e-08,7.803944749681798e-11,2.3556249478338907e-10,1.6709397025918288e-05,0.003112390380232121
76876,Assembly,1.7667120175838504e-05,0.004014683923911503,6.903328036153482e-06,0.004003232366305311,4.548229570038997e-06,0.017552215508905424,0.01665728711665926,0.0008949283922461696,0.05705146654081376,1.5137208563509804e-06,3.944513231555058e-06,4.10786160189574e-05,1.596174191664331e-11,9.675160138488354e-12,6.286581778154955e-12,3.863081734502309e-11,3.7133808424116296e-11,1.4970089209068148e-12,0.000704826799836784,0.015471717087296213,1.599261125093754e-08,7.7785027365763e-11,2.3454507875900066e-10,1.6638874161668398e-05,0.0030986939604936287
76877,Assembly,1.7735573245130975e-05,0.004030475895680082,6.9294478411584726e-06,0.004018981087832223,4.565360006701021e-06,0.017608320802302707,0.016709504433928782,0.0008988163683739306,0.057250263244829604,1.519994750273861e-06,3.9603026684151e-06,4.124078881185984e-05,1.6023161756304187e-11,9.706749782680645e-12,6.316411973623539e-12,3.8734419560931274e-11,3.7233317696495684e-11,1.5011018644356083e-12,0.000706082519700453,0.015515354604144865,1.5996793730926797e-08,7.803785160481075e-11,2.355453347676135e-10,1.6707984182533872e-05,0.0031122802677618386
76878,Assembly,1.7747896803829756e-05,0.004030834784216851,6.937167427762081e-06,0.00401933165476978,4.565962019309221e-06,0.017621762739876916,0.016722845925873996,0.0008989168140029226,0.05725492911662269,1.5209663073564757e-06,3.961071824282196e-06,4.125054442908171e-05,1.6025316753179758e-11,9.70880170444917e-12,6.3165150487305906e-12,3.888511737366416e-11,3.7376745980953145e-11,1.5083713927110367e-12,0.0007061279717194146,0.015519598412962278,1.6141607133109653e-08,7.804156123940154e-11,2.3558522304815546e-10,1.6711268322479693e-05,0.0031125362230688294
76879,Assembly,1.775184982759196e-05,0.004030949904771595,6.9396436369500575e-06,0.0040194441060079555,4.566155126690256e-06,0.01762607450565332,0.01672712547173991,0.0008989490339134145,0.0572564257867421,1.5212779533937762e-06,3.961318546149943e-06,4.125367373512356e-05,1.6026008010799807e-11,9.709459898701932e-12,6.316548112097871e-12,3.89334566601646e-11,3.742275342332356e-11,1.510703236841063e-12,0.0007061425513481879,0.015520959698083526,1.618805887922509e-08,7.804275117763651e-11,2.3559801799843484e-10,1.6712321774941075e-05,0.003112618325766218
76880,Assembly,1.7902340055617358e-05,0.004062929446212068,7.000392441213901e-06,0.004051327974180614,4.601079590241279e-06,0.01775310195555733,0.016846266249551583,0.0009068357060057534,0.05765916232114697,1.5348966752634933e-06,3.993745249814906e-06,4.1588772803759797e-05,1.6151223113570026e-11,9.774900992260634e-12,6.3763221213093944e-12,3.9306773220521165e-11,3.777987099548048e-11,1.5269022250407018e-12,0.0007087040922115625,0.015612912623934628,1.635604966284034e-08,7.855248873497482e-11,2.3764249831927724e-10,1.6854161879013546e-05,0.003140073076320966
76881,Assembly,1.790876673637287e-05,0.00406311660497919,7.004418171108855e-06,0.004051510793270958,4.601393537124501e-06,0.01776011186589544,0.016853223777943325,0.000906888087952121,0.0576615955524232,1.5354033379376717e-06,3.994146361160247e-06,4.159386031451789e-05,1.6152346934804372e-11,9.775971060287563e-12,6.376375874516813e-12,3.938536145600247e-11,3.7854668204472505e-11,1.530693251529985e-12,0.0007087277952362082,0.01561512575125633,1.6431569204532473e-08,7.855442329282596e-11,2.376632998792158e-10,1.6855874543309966e-05,0.003140206555869035
76882,Assembly,1.76805235903466e-05,0.004015074260172163,6.91172405402529e-06,0.004003613651783943,4.5488843341963345e-06,0.017566835300598937,0.016671797661143115,0.0008950376394558282,0.057056541261128954,1.5147775464366003e-06,3.945349784953309e-06,4.108922647528769e-05,1.5964085745815788e-11,9.677391860564251e-12,6.286693885251537e-12,3.87947201022454e-11,3.728980465830127e-11,1.5049154439441477e-12,0.0007048762346035801,0.015476332761231249,1.615011397423575e-08,7.778906205828237e-11,2.34588462263002e-10,1.664244607543717e-05,0.0030989723439670226
76883,Assembly,1.7743720897195643e-05,0.0040307131728334646,6.934551602763918e-06,0.004019212863206724,4.565758023977528e-06,0.017617207864319986,0.01671832508687897,0.000898882777441023,0.05725334805992868,1.5206370898174616e-06,3.960811191524518e-06,4.1247238683746914e-05,1.6024586520462963e-11,9.708106399307585e-12,6.316480121155377e-12,3.883405257888215e-11,3.732814450639333e-11,1.5059080724888328e-12,0.0007061125700491539,0.015518160374662813,1.609253630367923e-08,7.804030420901961e-11,2.3557170668170563e-10,1.67101554733326e-05,0.003112449491184751
76884,Assembly,1.7682512189845672e-05,0.004015132172466971,6.912969730410513e-06,0.004003670221258188,4.548981478373627e-06,0.017569004368072055,0.01667395052013844,0.0008950538479336211,0.05705729417272999,1.5149343224113839e-06,3.9454739003171735e-06,4.109080069714964e-05,1.5964433488364185e-11,9.677722970327325e-12,6.28671051803686e-12,3.8819037558122904e-11,3.731294906176426e-11,1.5060884963586597e-12,0.0007048835689997838,0.015477017566350837,1.6173481888170204e-08,7.778966066601163e-11,2.34594898862741e-10,1.6642976022931293e-05,0.003099013646370631
76885,Assembly,1.7761324356554072e-05,0.004031225823434288,6.945578566026884e-06,0.00401971362690563,4.5666179626316725e-06,0.01763640886036096,0.016737382602405027,0.0008990262579559387,0.05726001297600437,1.522024900435825e-06,3.961909884229901e-06,4.1261173993788375e-05,1.6027664803355424e-11,9.71103744563452e-12,6.316627357720902e-12,3.9049315303447934e-11,3.75330231488381e-11,1.5162921546098558e-12,0.000706177495513308,0.015524222399266924,1.629939350314488e-08,7.804560319800078e-11,2.3562868468153187e-10,1.6714846668909844e-05,0.0031128151078831665
76886,Assembly,1.7628018403474916e-05,0.003999746725042906,6.895594144187801e-06,0.0039883185979383735,4.5325329603461234e-06,0.017528125180558688,0.01663684553082654,0.0008912796497321572,0.05686378264859018,1.5097609417835913e-06,3.930555710523186e-06,4.093967839901131e-05,1.5905454681510212e-11,9.648457602523058e-12,6.256997078987156e-12,3.888613549912872e-11,3.737590552275414e-11,1.5102299763745925e-12,0.0007036793340689622,0.015438187145357846,1.633333410800556e-08,7.754103844685558e-11,2.3363982556530405e-10,1.6577586050777295e-05,0.0030857172677369116
76887,Assembly,1.7700432344812054e-05,0.004015654045925097,6.924195074614599e-06,0.0040041799939627,4.549856887782089e-06,0.017588550800256616,0.016693350890517215,0.0008951999097394055,0.057064078994195036,1.5163471004818012e-06,3.946592359089395e-06,4.110498671083949e-05,1.5967567151205112e-11,9.680706747738508e-12,6.2868604034666045e-12,3.90381729737342e-11,3.752151358008749e-11,1.5166593936467159e-12,0.0007049496625076117,0.015483188650005695,1.638406055880873e-08,7.779505498662635e-11,2.346529019271257e-10,1.6647751615615102e-05,0.0030993858407081477
76888,Assembly,1.7486258540856226e-05,0.003968021430621727,6.840314118341416e-06,0.003956683081523449,4.498034979938282e-06,0.017410620388002708,0.01652715625177421,0.0008834641362285054,0.05646435155271084,1.4968304990507707e-06,3.8986738991201575e-06,4.061149049176901e-05,1.578176624085391e-11,9.584470149691279e-12,6.197296091162629e-12,3.861957762782507e-11,3.7120396695569036e-11,1.4991809322560495e-12,0.0007011499927303923,0.015349240656413306,1.626793332681946e-08,7.703392890195219e-11,2.3162360325605455e-10,1.643807252642701e-05,0.003058443843324427
76889,Assembly,1.791808727114709e-05,0.004063388038999897,7.0102566368589035e-06,0.004051775933512673,4.6018488503652945e-06,0.017770278251243665,0.01686331419440944,0.000906964056834229,0.057665124437330746,1.5361381444813812e-06,3.994728087931002e-06,4.1601238667782806e-05,1.6153976798694184e-11,9.777522966572504e-12,6.376453832121682e-12,3.9499336991666095e-11,3.796314566180182e-11,1.5361913298642894e-12,0.0007087621714365935,0.01561833542214967,1.6541094251948513e-08,7.85572289578979e-11,2.376934681216012e-10,1.685835839893289e-05,0.0031404001395892705
76890,Assembly,1.763736052819611e-05,0.0040000187878093075,6.901446134072354e-06,0.003988584352346968,4.532989328267679e-06,0.01753831511516947,0.01664695932058203,0.0008913557945874446,0.05686731970775381,1.5104974504221587e-06,3.931138784797109e-06,4.094707384338309e-05,1.5907088320792295e-11,9.650013103620442e-12,6.257075217171855e-12,3.900037504601387e-11,3.748463425563879e-11,1.5157407903750965e-12,0.0007037137898978624,0.01544140425108471,1.6443112857598886e-08,7.754385061092803e-11,2.3367006368895364e-10,1.6580075659966137e-05,0.0030859112998715735
76891,Assembly,1.7717188318134033e-05,0.004016142015909631,6.934691165098553e-06,0.004004656649318256,4.550675426278076e-06,0.017606827399808282,0.01671149091715834,0.0008953364826499453,0.05707042304019665,1.5176680975212906e-06,3.947638157263811e-06,4.111825113111814e-05,1.5970497235853436e-11,9.683496684253803e-12,6.2870005515996345e-12,3.92430722720255e-11,3.771652871871163e-11,1.5265435533138793e-12,0.0007050114622552141,0.015488958829632067,1.658095900048046e-08,7.780009886557048e-11,2.347071368263912e-10,1.6652216962246125e-05,0.003099733855465929
76892,Assembly,1.7725629255624184e-05,0.004016387834165448,6.9399786432989274e-06,0.004004896767751441,4.551087770708633e-06,0.017616034363282355,0.016720629081083828,0.0008954052821985338,0.057073618897262375,1.5183335589194878e-06,3.948164985329715e-06,4.112493317460577e-05,1.5971973286267347e-11,9.684902134076058e-12,6.287071152191289e-12,3.934629171117219e-11,3.781476894404067e-11,1.5315227671315396e-12,0.0007050425943056416,0.015491865597540871,1.6680147952749692e-08,7.780263975448557e-11,2.3473445803213e-10,1.6654466411505802e-05,0.0030999091703079627
76894,Assembly,1.7520719792740837e-05,0.0039690250164013206,6.86190095254202e-06,0.003957663397017768,4.499718431012439e-06,0.0174482090430239,0.016564464023472163,0.0008837450195517412,0.05647739906496381,1.4995473338679378e-06,3.9008247448882e-06,4.0638770824551953e-05,1.578779241332201e-11,9.59020808583788e-12,6.197584327484131e-12,3.904098474000606e-11,3.752147550396172e-11,1.5195092360443493e-12,0.0007012770934739668,0.015361107923667967,1.6672885439343813e-08,7.704430241946917e-11,2.3173514571847132e-10,1.6447256202722435e-05,0.0030591595895241245
76942,Assembly,2.0217512902568815e-05,0.00451987902399088,7.951193250633063e-06,0.004506847691717801,5.0801390224466415e-06,0.019581661652071335,0.018550299810643232,0.0010313618414281092,0.06263877272533708,1.7525351983717875e-06,4.483256834803175e-06,4.662069785507844e-05,1.7890556005523247e-11,1.0520347616768959e-11,7.370208388754292e-12,4.579478993855341e-11,4.397406986758632e-11,1.820720070967106e-12,0.0006992782237456933,0.016456328093179543,2.0110952014165337e-08,8.424783326863533e-11,2.7009661272443916e-10,1.904979791178161e-05,0.003571904688402774
76943,Assembly,2.0222189128294294e-05,0.0045200152057423715,7.954122479952953e-06,0.004506980715803778,5.080367458640629e-06,0.019586762251323643,0.01855536229538286,0.0010313999559407906,0.0626405432098411,1.7529038597572317e-06,4.483548694203575e-06,4.6624399664704705e-05,1.789137372807192e-11,1.0521126227038538e-11,7.370247501033385e-12,4.5851972851857875e-11,4.4028494328079824e-11,1.8234785237780634e-12,0.0006992954707037789,0.016457938424127856,2.0165902063354337e-08,8.424924090494638e-11,2.7011174849878604e-10,1.905104409237571e-05,0.0035720018117110955
76944,Assembly,2.0072068848295487e-05,0.004487646482298637,7.894091205881082e-06,0.004474707329633231,5.045061459524952e-06,0.01946067629315353,0.018437256516743668,0.0010234197764098676,0.06223293574543012,1.7392888765693545e-06,4.450811252900348e-06,4.6286463492021703e-05,1.7764789996127364e-11,1.045516145783747e-11,7.309628538289895e-12,4.550444022141204e-11,4.3695890667812016e-11,1.80854955360003e-12,0.0006967062145877698,0.016365531311874362,2.0025452877730378e-08,8.373288373787833e-11,2.6804589486739544e-10,1.8907828148704605e-05,0.0035442021487444536
76956,Assembly,2.0076651751320653e-05,0.004487779946292363,7.89696197703278e-06,0.004474837698978476,5.045285336853794e-06,0.019465675100549886,0.01844221797027267,0.0010234571302772224,0.062234670896653736,1.7396501806375924e-06,4.45109728770866e-06,4.629009142521627e-05,1.7765591399515923e-11,1.0455924529504529e-11,7.309666870011396e-12,4.55604819443218e-11,4.374922898791912e-11,1.811252956402686e-12,0.0006967231173510292,0.01636710950570156,2.007930629744216e-08,8.373426328221322e-11,2.680607285794775e-10,1.8909049459468864e-05,0.003544297333778208
76957,Assembly,2.0656639790076055e-05,0.0046166580374618375,8.124250025250594e-06,0.0046033482792015405,5.185508235047015e-06,0.019947666078388483,0.018892455262943354,0.0010552108154451394,0.06385734178693707,1.7924944925518239e-06,4.58076800893308e-06,4.762561331365884e-05,1.8268342741811885e-11,1.071637142639162e-11,7.55197131542027e-12,4.670001419376484e-11,4.484113399412602e-11,1.858880199638835e-12,0.0007070045587842334,0.016729680843941996,2.040029006634114e-08,8.579352312824027e-11,2.7625781212113816e-10,1.947645197508375e-05,0.003655070352673963
76958,Assembly,2.0368413128728122e-05,0.00455227046114444,8.011713089905888e-06,0.004539143264932174,5.115483122360457e-06,0.019708598337523798,0.018669249959457655,0.001039348378066146,0.06304667548827986,1.7662116704716594e-06,4.516042955240412e-06,4.695925145137921e-05,1.8017276125144456e-11,1.0586442250122426e-11,7.43083387502203e-12,4.6151860088421166e-11,4.4315750965833206e-11,1.8361091225879795e-12,0.0007018703564762051,0.016549003792005627,2.0260566300535124e-08,8.476442521490363e-11,2.721649908466866e-10,1.9193221705506734e-05,0.0035997205505342686
76959,Assembly,2.0361120854763938e-05,0.004552058094441227,8.007145144738447e-06,0.004538935822405714,5.115126890773771e-06,0.01970064428027487,0.0186613553393456,0.0010392889409292752,0.06304391453130075,1.7656367666965858e-06,4.5155878192329395e-06,4.6953478716797386e-05,1.8016000939299785e-11,1.0585228057367325e-11,7.430772881932462e-12,4.606268700432166e-11,4.42308795118935e-11,1.8318074924281735e-12,0.000701843460951739,0.016546492584220227,2.017487522474972e-08,8.476223009639898e-11,2.7214138757779466e-10,1.9191278366832653e-05,0.003599569092966955
76970,Assembly,2.0215611616544437e-05,0.004519823654452263,7.950002268183742e-06,0.004506793606040498,5.080046143580524e-06,0.019579587821883557,0.018548241477267313,0.0010313463446162483,0.06263805287183952,1.7523853059626052e-06,4.483138168974869e-06,4.661919275260468e-05,1.78902235313133e-11,1.0520031045048324e-11,7.37019248626498e-12,4.577154018965727e-11,4.3951941665870806e-11,1.819598523786479e-12,0.0006992712113809582,0.016455673355810906,2.008861011565673e-08,8.424726094398663e-11,2.70090458736603e-10,1.9049291232701827e-05,0.003571865199464559
76971,Assembly,2.0366093668092967e-05,0.004552202913461682,8.010260159166936e-06,0.00453907728348708,5.115369815435022e-06,0.019706068382838983,0.01866673891000047,0.0010393294728385154,0.06304579730802225,1.7660288102716952e-06,4.515898189690165e-06,4.695741531210558e-05,1.801687052554908e-11,1.0586056050658065e-11,7.430814474891019e-12,4.6123496719285565e-11,4.4288755820364407e-11,1.8347408989211687e-12,0.0007018618017907163,0.016548205049715704,2.0233310457152866e-08,8.476372701143704e-11,2.7215748333211363e-10,1.9192603585894466e-05,0.0035996723762792963
76972,Assembly,2.0659600705041075e-05,0.004616744265674423,8.126104768677964e-06,0.004603432508028377,5.185652877368629e-06,0.019950895700212433,0.01889566075123791,0.00105523494897453,0.06385846283078118,1.7927279233306757e-06,4.5809528098638e-06,4.762795724317882e-05,1.8268860511285335e-11,1.0716864430565166e-11,7.551996080720169e-12,4.6736221544240655e-11,4.487559473426099e-11,1.860626809979682e-12,0.0007070154792956233,0.016730700480991914,2.0435083601239508e-08,8.579441442213053e-11,2.762673958631134e-10,1.947724103767115e-05,0.0036551318496747375
76973,Assembly,2.051416287496674e-05,0.004584511905244244,8.069006622819506e-06,0.0045712923230029215,5.15057561850248e-06,0.019829917130347725,0.018782624195659868,0.0010472929346878668,0.06345262820744309,1.7794820922277853e-06,4.5485076164347314e-06,4.7293727807343536e-05,1.814309559030309e-11,1.0651679307987684e-11,7.491416282315408e-12,4.644594793930011e-11,4.459748797510274e-11,1.84845996419739e-12,0.0007044434930939267,0.01663990584308632,2.0349657604995175e-08,8.52794667649804e-11,2.742166981522467e-10,1.9335272933298504e-05,0.0036274294392905017
76974,Assembly,2.0650482598696e-05,0.004616478726804989,8.120393105893523e-06,0.004603173126246227,5.185207452867735e-06,0.019940950113934864,0.01888578948390907,0.0010551606300258048,0.06385501058810993,1.7920090757139994e-06,4.580383717350547e-06,4.7620739136991705e-05,1.8267266045663424e-11,1.0715346229422586e-11,7.55191981624084e-12,4.662472139107438e-11,4.4769473249181914e-11,1.855248141892485e-12,0.0007069818496962016,0.01672756051947178,2.0327937278203364e-08,8.579166969201428e-11,2.7623788283097766e-10,1.9474811127771737e-05,0.0036549424703107274
76975,Assembly,1.978467634163318e-05,0.004423283198359917,7.782076792438845e-06,0.004410526044471726,4.975077095752745e-06,0.019222518407590008,0.018214954269614603,0.0010075641379754098,0.061422585269410995,1.7130718170592907e-06,4.3861382616829915e-06,4.562076196609585e-05,1.7513869246476532e-11,1.0325371171656734e-11,7.188498074819799e-12,4.496648652081155e-11,4.3180215985822016e-11,1.7862705349895504e-12,0.000691575088827313,0.016185141514058046,1.9895531213811016e-08,8.270403692157881e-11,2.639557735432527e-10,1.8624820175364497e-05,0.003488869671658655
76979,Assembly,2.0362201279000136e-05,0.004552089558718932,8.007821932074299e-06,0.004538966557116767,5.115179670090874e-06,0.019701822754406538,0.01866252500726353,0.0010392977471430187,0.06304432359503724,1.7657219445128777e-06,4.51565525224158e-06,4.69543340058858e-05,1.80161898709964e-11,1.0585407952320047e-11,7.430781918676355e-12,4.607589889978127e-11,4.42434540772826e-11,1.8324448224986892e-12,0.0007018474457960579,0.01654686464508448,2.0187571225415512e-08,8.476255532543527e-11,2.7214488464110985e-10,1.9191566292137287e-05,0.0035995915329393537
76980,Assembly,2.0655863506760505e-05,0.004616635430421935,8.123763754488242e-06,0.004603326196354267,5.185470313180862e-06,0.019946819346358995,0.018891614858166227,0.0010552044881927758,0.06385704787520961,1.792433292408929e-06,4.580719558409877e-06,4.762499878963479e-05,1.8268206994649848e-11,1.0716242172117537e-11,7.551964822532313e-12,4.6690521465197206e-11,4.4832099186330316e-11,1.858422278866915e-12,0.0007070016956791157,0.016729413518726942,2.0391168007467506e-08,8.579328945162866e-11,2.7625529948599533e-10,1.947624510115162e-05,0.003655054229584911
76981,Assembly,2.0662417720963305e-05,0.0046168263032373615,8.12786937246709e-06,0.0046035126433747525,5.1857904901430024e-06,0.01995396836396953,0.018898710454343534,0.001055257909626003,0.06385952939243382,1.7929500094859801e-06,4.581128629558195e-06,4.76301872588518e-05,1.826935311741147e-11,1.0717333474973067e-11,7.552019642438406e-12,4.677066923490293e-11,4.490838069900468e-11,1.8622885358982695e-12,0.0007070258690754135,0.016731670564171762,2.04681861870812e-08,8.579526239956655e-11,2.7627651383983937e-10,1.947799175219642e-05,0.0036551903579508612
76982,Assembly,2.0804650570133426e-05,0.004648965327729832,8.18295988982653e-06,0.004635561656656072,5.220711183932413e-06,0.02007145109677174,0.019008277295696707,0.0010631738010750428,0.0642641505651475,1.8059431682907748e-06,4.6133737890582135e-06,4.7961879556862765e-05,1.8394557589581506e-11,1.0781984955422832e-11,7.61257263415868e-12,4.702175094536548e-11,4.5149186145770416e-11,1.8725647995950706e-12,0.0007095860345963806,0.01682136151713104,2.0515950644153694e-08,8.630924529415779e-11,2.7831683782826404e-10,1.961910575216055e-05,0.003682826202183931
76983,Assembly,2.0510807554802795e-05,0.004584414191103915,8.06690482047316e-06,0.004571196874574172,5.150411709270364e-06,0.019826257310543428,0.018778991724063384,0.00104726558648005,0.06345135783627089,1.7792175675763106e-06,4.548298199313171e-06,4.72910716574459e-05,1.8142508851955297e-11,1.0651120633772464e-11,7.491388218182837e-12,4.640491763124671e-11,4.455843693256842e-11,1.8464806986783047e-12,0.0007044311179286486,0.016638750386481205,2.0310229438162022e-08,8.527845674733472e-11,2.7420583781918226e-10,1.9334378764556277e-05,0.0036273597506539966
76988,Assembly,1.9650308881627178e-05,0.00439137323091803,7.731913224697417e-06,0.004378700777062791,4.940540630542183e-06,0.019113614858181575,0.01811390250322832,0.0009997123549532593,0.061020942043111946,1.7006987449304875e-06,4.3543840082897604e-06,4.529529609405987e-05,1.7390040179697755e-11,1.0262029309933039e-11,7.128010869764718e-12,4.4811586195312273e-11,4.303095221966762e-11,1.7806339756446602e-12,0.0006890439326068382,0.016098159130003495,1.9940192475006098e-08,8.219242166448795e-11,2.619409078544327e-10,1.8485802245161924e-05,0.0034613971883627383
76989,Assembly,2.0516482805911544e-05,0.00458457946662343,8.070459848164596e-06,0.004571358317826862,5.1506889484027995e-06,0.019832447598023398,0.018785135754274554,0.0010473118437488503,0.06345350656576648,1.77966498950573e-06,4.548652411338627e-06,4.729556431892529e-05,1.8143501272140602e-11,1.0652065585760482e-11,7.491435686380122e-12,4.647431705958575e-11,4.4624488594291216e-11,1.8498284652945553e-12,0.0007044520495140218,0.016640704747334676,2.0376918974957992e-08,8.528016511001947e-11,2.7422420718909433e-10,1.933589117824492e-05,0.003627477623313615
76990,Assembly,1.9655999833911445e-05,0.004391538963689549,7.735478087744625e-06,0.004378862666965119,4.940818636685663e-06,0.019119822271739022,0.0181200635315414,0.0009997587401976299,0.06102309671729234,1.7011474046994507e-06,4.354739200279817e-06,4.529980118495693e-05,1.7391035345517255e-11,1.0262976876229522e-11,7.128058469287734e-12,4.488117762442522e-11,4.3097186620217984e-11,1.78399100420725e-12,0.0006890649221016307,0.016100118897800587,2.000706651537772e-08,8.219413475353668e-11,2.6195932804512717e-10,1.8487318843101147e-05,0.003461515387129393
77002,Assembly,1.951811954628008e-05,0.004359526695151265,7.683114053584334e-06,0.004346937470529765,4.906110567917021e-06,0.019007087101059233,0.018015208775887633,0.0009918783251716082,0.060620123485291874,1.6884973904435523e-06,4.3227656991802864e-06,4.497155447643392e-05,1.726659199736553e-11,1.0199050114668876e-11,7.067541882696655e-12,4.4683320921422584e-11,4.290703865395424e-11,1.7762822674683572e-12,0.0006865208097934105,0.01601192681700056,2.0010448748968474e-08,8.168146206594306e-11,2.599330922109425e-10,1.834736476954833e-05,0.0034339699438309937
77003,Assembly,1.99532839873294e-05,0.004456190313658312,7.853688716553618e-06,0.004443325338728926,5.011286212832501e-06,0.019368769483782456,0.01835307448130588,0.0010156950024765815,0.061837192309207964,1.7281442957256433e-06,4.420029563339456e-06,4.597333316974623e-05,1.7643685828305547e-11,1.0394414161122281e-11,7.249271667183266e-12,4.5540090665329684e-11,4.372798567166155e-11,1.8121049936681398e-12,0.0006942325304501846,0.016283915037790163,2.0253224329494306e-08,8.32259591508955e-11,2.660814661584503e-10,1.8772962869308305e-05,0.0035170533096992324
77004,Assembly,1.9517126730470545e-05,0.004359497782219387,7.682492144944914e-06,0.004346909228006122,4.906062068319659e-06,0.01900600418593214,0.018014133952904292,0.0009918702330278615,0.060619747591331805,1.6884191194461022e-06,4.322703734116175e-06,4.4970768540224555e-05,1.7266418385585046e-11,1.019888480686928e-11,7.067533578715771e-12,4.467118033974478e-11,4.289548372312422e-11,1.7756966166205684e-12,0.0006865171480684085,0.01601158492545855,1.9998782229691528e-08,8.168116320877369e-11,2.5992987871421596e-10,1.834710019126062e-05,0.00343394932345002
77038,Assembly,1.967013111272509e-05,0.004391950496924393,7.744330046280955e-06,0.004379264657920698,4.941508957413931e-06,0.019135235982364305,0.018135362062353482,0.000999873920010831,0.06102844701722017,1.7022614777000646e-06,4.355621182203606e-06,4.531098783569079e-05,1.7393506454913137e-11,1.026532979062085e-11,7.1281766642922864e-12,4.505398102159205e-11,4.3261654135403436e-11,1.792326886188636e-12,0.0006891170413934918,0.016104985223112656,2.0173122328655117e-08,8.219838854758925e-11,2.6200506746403306e-10,1.8491084727483398e-05,0.0034618088880486743
77039,Assembly,1.9820397845814385e-05,0.0044243234853971365,7.804453059869225e-06,0.004411542210226424,4.9768221108434825e-06,0.019261481684432098,0.018253626391195158,0.001007855293236948,0.06143610993082083,1.7158880068659185e-06,4.3883677641500965e-06,4.564903994406467e-05,1.752011579682638e-11,1.033131894484671e-11,7.1887968519796694e-12,4.540330454385276e-11,4.3595962296459915e-11,1.807342247392858e-12,0.000691706837660995,0.016197442768762206,2.031529247579768e-08,8.271478979993033e-11,2.640713951274872e-10,1.8634339699852003e-05,0.0034896115927865
77040,Assembly,1.9532661246285997e-05,0.004359950180734027,7.69222310360009e-06,0.004347351136692481,4.906820937945857e-06,0.019022948479130292,0.018030951628925512,0.0009919968502047915,0.06062562917642699,1.6896438199757452e-06,4.323673296908384e-06,4.4983066026180264e-05,1.726913487632154e-11,1.0201471365828769e-11,7.0676635104927705e-12,4.486114312666958e-11,4.3076282874387785e-11,1.7848602522818026e-12,0.0006865744428096972,0.016016934477223847,2.018132739716173e-08,8.168583940488139e-11,2.599801600607065e-10,1.8351240028232676e-05,0.00343427196903168
77208,Assembly,1.8442227750186034e-05,0.004212641380436299,7.179279566631732e-06,0.004200697322235602,4.764778634066764e-06,0.018154253030638157,0.017215772069318982,0.0009384809613191835,0.05989742029480236,1.5819191117838619e-06,4.1337038035249845e-06,4.303467650233364e-05,1.6638133770906877e-11,1.0020607309480347e-11,6.617526461426533e-12,3.9400667765953936e-11,3.787877610640741e-11,1.5218916595465339e-12,0.0007411894889250372,0.016221878215118717,1.5588754505844892e-08,8.181826502568159e-11,2.4583205918973155e-10,1.7447802920873056e-05,0.003252845384981211
77209,Assembly,1.8602083994170867e-05,0.004244893680407419,7.245895326463923e-06,0.004232847624448318,4.800160632639447e-06,0.018291496474551937,0.017345052501554818,0.0009464439729971237,0.06030370293392801,1.5962762258147791e-06,4.166715072598575e-06,4.3377189928204486e-05,1.6764986690773807e-11,1.008760788212307e-11,6.67737880865074e-12,3.988851602560347e-11,3.834490047068484e-11,1.5436155549186406e-12,0.0007437855737335,0.016317056474015587,1.5866804783567048e-08,8.233082193882695e-11,2.4790685496419267e-10,1.759213900097789e-05,0.0032804946638819318
77210,Assembly,1.8275901386916676e-05,0.004166402185523566,7.125370672095611e-06,0.004154561520751503,4.715294099969242e-06,0.018028512276137616,0.01710137709819801,0.0009271351779396157,0.05931580856399288,1.5661746772260664e-06,4.088771667606211e-06,4.257905743610455e-05,1.646069984997032e-11,9.932337501506694e-12,6.528362348463629e-12,3.956717164605229e-11,3.803453378232063e-11,1.5326378637316847e-12,0.0007375662911259612,0.016104407230776576,1.6034879691433073e-08,8.107154196576594e-11,2.429576307297711e-10,1.725087483122207e-05,0.003212897159499662
77211,Assembly,1.869772538397081e-05,0.004261477434550119,7.289046136870371e-06,0.004249369769179564,4.818619233684936e-06,0.0183772574636733,0.017426703910706432,0.0009505535529668725,0.06051279351659188,1.6046935756986427e-06,4.1842014264568595e-06,4.356088563135223e-05,1.683116089945891e-11,1.0123724490324899e-11,6.707436409134008e-12,4.0324588799124276e-11,3.876084221707442e-11,1.5637465820498581e-12,0.0007451415701560302,0.01637005671125373,1.6190475593880343e-08,8.259183039938778e-11,2.4899511277345207e-10,1.7668494514125332e-05,0.0032946456615202007
77212,Assembly,1.8338410372900527e-05,0.004182021052800723,7.147767050531908e-06,0.004170141151585294,4.732134164898275e-06,0.018078134052985563,0.017147159347357586,0.0009309747056279843,0.059512354754879905,1.5719799551931756e-06,4.104190113694589e-06,4.27365247536722e-05,1.652108025927903e-11,9.962937432075432e-12,6.5581428272036004e-12,3.95980870370583e-11,3.8064862577496556e-11,1.5332244595617623e-12,0.0007388000878914525,0.016145997810228886,1.596921360350309e-08,8.132257691832665e-11,2.4393864722580696e-10,1.7318400796547077e-05,0.0032263600105726905
77213,Assembly,1.819607214840299e-05,0.0041502789152376,7.092124733668693e-06,0.004138489182572738,4.697607931195125e-06,0.017959998411462924,0.017036843933392724,0.0009231544780702086,0.05911270468309899,1.5590039159250167e-06,4.072272204728892e-06,4.240787900164304e-05,1.6397290681599538e-11,9.89885367967968e-12,6.498437001919859e-12,3.932445670622895e-11,3.780262245993457e-11,1.5218342462944007e-12,0.0007362686134259408,0.016056852153389662,1.5897016526424282e-08,8.081529327507358e-11,2.419205529036558e-10,1.717873314290704e-05,0.0031990745738189777
77214,Assembly,1.8195931398020017e-05,0.0041502748162837,7.0920365663789175e-06,0.00413848517866186,4.697601055461643e-06,0.017959844887800832,0.017036691556944764,0.0009231533308560723,0.05911265139303416,1.55899281953356e-06,4.072263420011303e-06,4.240776758034878e-05,1.6397266068852283e-11,9.898830244178474e-12,6.498435824673809e-12,3.932273554959118e-11,3.780098433036015e-11,1.5217512192310493e-12,0.0007362680943072972,0.016056803683809493,1.589536257708099e-08,8.08152509064281e-11,2.4192009732983173e-10,1.717869563394016e-05,0.0031990716504907107
77215,Assembly,1.819897758855504e-05,0.004150363527904309,7.093944727180594e-06,0.004138571833313587,4.69774986354167e-06,0.017963167524062948,0.01703998936462191,0.0009231781594410451,0.05911380472340254,1.5592329732149464e-06,4.07245354328491e-06,4.2410179016003934e-05,1.639779875029973e-11,9.89933744707519e-12,6.49846130322454e-12,3.9359985686667285e-11,3.7836437553998516e-11,1.5235481326687931e-12,0.000736279329333911,0.016057852686826236,1.593115818010895e-08,8.081616786994936e-11,2.419299570875215e-10,1.717950742185493e-05,0.003199134918630426
77216,Assembly,1.8265449350480726e-05,0.004166097799740657,7.118823423656786e-06,0.004154264192804751,4.714783512251067e-06,0.018017111703889827,0.01709006171736284,0.0009270499865269955,0.05931185127672069,1.5653506660556489e-06,4.0881193199082524e-06,4.257078335966684e-05,1.6458872122573276e-11,9.930597195673571e-12,6.528274926899705e-12,3.9439359618049605e-11,3.791288729271996e-11,1.5264723253296622e-12,0.000737527741696378,0.016100807909714295,1.591205843557472e-08,8.106839569634372e-11,2.429238000992056e-10,1.7248089438527197e-05,0.0032126800749496527
77217,Assembly,1.826264037315729e-05,0.004166015996279007,7.117063855317329e-06,0.004154184286131523,4.714646292166659e-06,0.018014047808244758,0.017087020716849036,0.0009270270913957292,0.05931078775859406,1.5651292136424142e-06,4.087944001930576e-06,4.2568559707536635e-05,1.6458380922141366e-11,9.930129489724493e-12,6.52825143241687e-12,3.9405010226854714e-11,3.7880194885564905e-11,1.5248153412898367e-12,0.0007375173815647238,0.01609984059475078,1.587905031082736e-08,8.106755013868472e-11,2.4291470814141546e-10,1.724734086623081e-05,0.00321262173363196
77218,Assembly,1.8331864523198026e-05,0.004181830423577537,7.143666672150327e-06,0.004169954942508842,4.731814396546567e-06,0.01807099415896454,0.01714007280659326,0.0009309213523712891,0.059509876404572566,1.571463897551415e-06,4.103781564603626e-06,4.273134290598921e-05,1.65199355992014e-11,9.961847521942626e-12,6.5580880772587735e-12,3.951804155208471e-11,3.798867841542993e-11,1.5293631366547913e-12,0.000738775945345288,0.016143743645229643,1.5892293714632845e-08,8.132060648826856e-11,2.4391745994576056e-10,1.7316656374581577e-05,0.0032262240559340137
77219,Assembly,1.840240690823404e-05,0.004197683240714599,7.1710952430904534e-06,0.00418576309857408,4.749046897429719e-06,0.01812937837620875,0.017194552018324025,0.0009348263578847294,0.05970946415276916,1.5779025076539379e-06,4.119701402876252e-06,4.289516965008771e-05,1.6581720793465558e-11,9.993785045555164e-12,6.587935747910393e-12,3.964719282572507e-11,3.811250428175038e-11,1.5346885439747071e-12,0.0007400393710690186,0.016188100650400744,1.592102761912964e-08,8.157405965262457e-11,2.4492447854743245e-10,1.738632318309748e-05,0.0032398537574413067
77220,Assembly,1.875673304601345e-05,0.004276994335742906,7.309249254897711e-06,0.004264849798230992,4.835288257017177e-06,0.01842306016690824,0.0174686956244938,0.0009543645424144476,0.060708014057233306,1.6102228184589778e-06,4.199401342823603e-06,4.3715581219018224e-05,1.689092903902167e-11,1.015374143646607e-11,6.737187602555601e-12,4.031268848465862e-11,3.875042069827917e-11,1.5622677863794606e-12,0.0007463624532619158,0.016410441555432854,1.6083665657451372e-08,8.284181138428188e-11,2.499647963586746e-10,1.773508740174935e-05,0.0033080357915175923
77221,Assembly,1.8822831497099967e-05,0.004292717735964642,7.333894106149206e-06,0.004280531538189207,4.852303669287129e-06,0.01847659715745494,0.017518363830699175,0.0009582333267557681,0.06090591926984321,1.6163110804511186e-06,4.215043819827963e-06,4.3875890041091896e-05,1.6951937131150763e-11,1.0184939027317973e-11,6.766998103832792e-12,4.0387497409429864e-11,3.882252564224289e-11,1.564971767186986e-12,0.000747609488771174,0.016453268222936093,1.6060179159543966e-08,8.309392683673976e-11,2.5095743105644174e-10,1.780356993376227e-05,0.0033215731943223702
77222,Assembly,1.8467518320557693e-05,0.004213377896244482,7.19512180449586e-06,0.004201416760347673,4.766014092314211e-06,0.018181838752949472,0.017243151655780206,0.000938687097169277,0.05990699565868972,1.5839129540958532e-06,4.135282275381938e-06,4.305469710919724e-05,1.664255628403515e-11,1.0024818290508824e-11,6.617737993526325e-12,3.970993181304702e-11,3.817312153129792e-11,1.5368102817491114e-12,0.0007412827661603046,0.016230587415777712,1.588594248767561e-08,8.182587798691826e-11,2.4591391844732985e-10,1.7454542676364165e-05,0.003253370659852023
77223,Assembly,1.846665510643491e-05,0.004213352757592489,7.1945810795039e-06,0.0042013922045891555,4.765971923830399e-06,0.01818089720102967,0.017242217139659687,0.0009386800613699891,0.05990666883374204,1.583844900555857e-06,4.1352283992067735e-06,4.305401376871352e-05,1.6642405335450976e-11,1.002467456190796e-11,6.617730773543016e-12,3.969937605692142e-11,3.81630749754469e-11,1.536301081474522e-12,0.0007412795824350808,0.01623029015458919,1.5875798910078557e-08,8.182561814241657e-11,2.4591112443888315e-10,1.7454312635995816e-05,0.003253352731245424
77224,Assembly,1.8396988450823356e-05,0.004197525443579925,7.167701073251843e-06,0.004185608960303863,4.748782202810416e-06,0.018123468186786746,0.01718868599312245,0.0009347821936643053,0.0597074126489615,1.5774753306669269e-06,4.119363218232522e-06,4.28908802725042e-05,1.658077327829759e-11,9.992882850744026e-12,6.587890427553562e-12,3.9580933581935606e-11,3.8049441324871135e-11,1.5314922570644929e-12,0.0007400193865957836,0.016186234720445097,1.5857355649741317e-08,8.157242858991527e-11,2.449069403545626e-10,1.7384879203086337e-05,0.00323974121828246
77225,Assembly,1.832882687691445e-05,0.004181741960783909,7.141763863543631e-06,0.00416986853091451,4.731666005857914e-06,0.018067680842355736,0.017136784248927794,0.000930896593427946,0.05950872630917737,1.5712244174764285e-06,4.103591974606266e-06,4.2728938234163296e-05,1.651940441187068e-11,9.961341741697919e-12,6.558062670172759e-12,3.9480895897815544e-11,3.7953324634440966e-11,1.5275712633746024e-12,0.0007387647418317695,0.016142697584558573,1.5856598514593283e-08,8.131969209673576e-11,2.4390762784367805e-10,1.731584686364849e-05,0.0032261609652549286
77226,Assembly,1.839568905709675e-05,0.004197487602439664,7.166887121482723e-06,0.004185571996591469,4.748718726713491e-06,0.01812205087140048,0.017187279268704534,0.0009347716026959521,0.05970692068031143,1.5773728898696667e-06,4.119282118581608e-06,4.288985164204711e-05,1.6580546055829678e-11,9.992666496496144e-12,6.587879559333534e-12,3.9565044032718154e-11,3.803431827335676e-11,1.5307257593614052e-12,0.000740014594143397,0.016185787254036323,1.5842086551672785e-08,8.157203744673713e-11,2.449027345417152e-10,1.7384532923984075e-05,0.003239714230402714
77227,Assembly,1.8392375030188405e-05,0.00419739109084776,7.164811185598375e-06,0.004185477722827482,4.748556834679583e-06,0.018118436092268084,0.017183691501211025,0.0009347445910570706,0.05970566594334372,1.5771116206702838e-06,4.119075278714767e-06,4.2887228180856145e-05,1.6579966538353634e-11,9.992114697772991e-12,6.58785184058064e-12,3.952451867647713e-11,3.7995747824209113e-11,1.5287708522680416e-12,0.0007400023712768078,0.016184646017405047,1.5803143619419774e-08,8.157103985917704e-11,2.448920078646023e-10,1.73836497595981e-05,0.003239645399410349
77228,Assembly,1.839023004438941e-05,0.004197328624247518,7.163467547446152e-06,0.004185416704649128,4.748452050945682e-06,0.018116096446236254,0.017181369338314788,0.0009347271079214744,0.05970485382170087,1.5769425156093143e-06,4.118941402741725e-06,4.288553015994247e-05,1.657959144883542e-11,9.991757549066056e-12,6.5878338997693645e-12,3.949828886119792e-11,3.797078331185881e-11,1.5275055493391298e-12,0.0007399944600932294,0.016183907358234467,1.5777938019415852e-08,8.157039417608247e-11,2.4488506508148257e-10,1.7383078136277446e-05,0.0032396008489268342
77229,Assembly,1.8460762737614953e-05,0.004213181159138213,7.190890047350137e-06,0.004201224585012485,4.765684078378571e-06,0.018174470092125663,0.017235838057685797,0.0009386320344398757,0.05990443790044238,1.5833803616348903e-06,4.134860636114981e-06,4.3049349231777185e-05,1.6641374948311428e-11,1.0023693458953422e-11,6.6176814893580045e-12,3.9627321619182623e-11,3.8094496379613267e-11,1.5328252395693663e-12,0.0007412578500714124,0.016228261025880125,1.5806558036026705e-08,8.182384442301209e-11,2.458920523131854e-10,1.745274236199542e-05,0.0032532303491391618
77230,Assembly,1.8533505671601008e-05,0.004229098060993988,7.219697061693707e-06,0.004217095339855009,4.783024077286058e-06,0.018235254560980494,0.01729269958501302,0.0009425549759674838,0.06010485880726841,1.589992457251647e-06,4.150917818248833e-06,4.3214917981878924e-05,1.670354494831456e-11,1.0055997382759577e-11,6.647547565554982e-12,3.9783382158375875e-11,3.8243933432481616e-11,1.539448725894281e-12,0.0007425293919079516,0.016273375824255736,1.586115045979653e-08,8.207795999606863e-11,2.469061935420148e-10,1.7522995601012947e-05,0.0032669057551540427
77231,Assembly,1.867139546660365e-05,0.004260710650721834,7.272552842818731e-06,0.004248620764876251,4.817333002766146e-06,0.01834853807228368,0.017398199126572388,0.0009503389457112981,0.060502824641386246,1.602617793992402e-06,4.182558085363748e-06,4.3540042253104424e-05,1.682655663773166e-11,1.0119340453868419e-11,6.707216183863239e-12,4.0002615166860115e-11,3.845440030608239e-11,1.5482148607777287e-12,0.0007450444595784221,0.01636098959531623,1.5881074307585697e-08,8.258390457417565e-11,2.489098894093039e-10,1.7661477780119415e-05,0.0032940987998345884
77232,Assembly,1.8596953293837925e-05,0.004244744263377802,7.242681410214127e-06,0.004232701671972479,4.799909995111373e-06,0.018285900156534297,0.01733949800233601,0.0009464021541982922,0.06030176037897718,1.5958717348419126e-06,4.166394847868053e-06,4.3373128345852195e-05,1.6764089495129494e-11,1.0086753600015258e-11,6.6773358951142375e-12,3.982577559997959e-11,3.828518658731671e-11,1.5405890126628902e-12,0.0007437666505722186,0.016315289637678403,1.580651423041151e-08,8.232927749668201e-11,2.478902481690892e-10,1.7590771706162706e-05,0.003280388101320672
77233,Assembly,1.8383746792260562e-05,0.004197139818000321,7.1594063807405815e-06,0.004185232276279063,4.748135340519813e-06,0.01810902483059958,0.01717435056572077,0.0009346742648788181,0.059702399171710975,1.5764313929962675e-06,4.1185367605815635e-06,4.288039786596248e-05,1.6578457735074426e-11,9.990678061679404e-12,6.587779673395022e-12,3.941900884646409e-11,3.789532769442931e-11,1.5236811520348008e-12,0.0007399705484208061,0.016181674749681824,1.5701753710894647e-08,8.156844258913053e-11,2.4486408041414255e-10,1.7381350396116055e-05,0.003239466194414326
77234,Assembly,1.8314744078673755e-05,0.004181331839407629,7.132942273668703e-06,0.00416946791908053,4.73097805343225e-06,0.018052320011978037,0.0171215382032127,0.0009307818087653472,0.05950339436467295,1.5701141665571763e-06,4.102713018522499e-06,4.271778996178457e-05,1.6516941780178824e-11,9.958996899515715e-12,6.55794488066311e-12,3.930868534209019e-11,3.778942136255384e-11,1.519263979536371e-12,0.0007387128013470187,0.016137847954284683,1.5691112393632834e-08,8.131545289629328e-11,2.4386204534427426e-10,1.7312093898990986e-05,0.0032258684712574487
77235,Assembly,1.824800642397952e-05,0.004165589824201936,7.107897019601135e-06,0.004153767995766621,4.713931415715132e-06,0.017998085809270297,0.01707117799480308,0.0009269078144672275,0.05930524714063143,1.5639755114271858e-06,4.087030646613011e-06,4.2556975131188826e-05,1.6455821911751085e-11,9.927692878708857e-12,6.5281290330422286e-12,3.9226059958783894e-11,3.7709877019053496e-11,1.516182939730418e-12,0.0007374634083130222,0.016094801167092575,1.5707087648125657e-08,8.10631450309235e-11,2.4286734170413005e-10,1.724344102380424e-05,0.003212317792453455
77236,Assembly,1.838801824949461e-05,0.004197264212022703,7.162082059483044e-06,0.00418535378595967,4.748344003550772e-06,0.018113683928096848,0.017178974847851868,0.0009347090802449858,0.05970401640519936,1.5767681434942571e-06,4.118803356982239e-06,4.28837792513864e-05,1.6579204676539835e-11,9.991389276377696e-12,6.587815400162138e-12,3.947124207536219e-11,3.7945041238884044e-11,1.5262008364781621e-12,0.000739986302502881,0.016183145692314233,1.575194734971764e-08,8.156972838213042e-11,2.448779060540116e-10,1.7382488708812253e-05,0.003239554910845542
77237,Assembly,1.831170910639913e-05,0.004181243454486894,7.13104114008496e-06,0.00416938158355344,4.730829793370404e-06,0.01804900961204794,0.017118252540430902,0.0009307570716170485,0.059502245281694975,1.5698748972940501e-06,4.102523595419275e-06,4.271538740676666e-05,1.6516411060446877e-11,9.958491564504183e-12,6.557919495942694e-12,3.927157238676051e-11,3.7754098703136627e-11,1.5174736836239008e-12,0.0007387016076958386,0.01613680281445012,1.565544861571272e-08,8.131453930968999e-11,2.438522218972906e-10,1.7311285100662097e-05,0.003225805436116444
77238,Assembly,1.844906497741651e-05,0.00421284049519984,7.183562466484306e-06,0.004200891820096987,4.765112636370683e-06,0.01816171074507431,0.01722317405556764,0.0009385366895066749,0.05990000896471966,1.5824581408665787e-06,4.134130538493959e-06,4.304008901128092e-05,1.6639329383609297e-11,1.0021745735135908e-11,6.617583648473387e-12,3.948427634152648e-11,3.795835147875578e-11,1.5259248627707264e-12,0.0007412147061361788,0.016224232720494683,1.5669098354642386e-08,8.182032316613105e-11,2.458541895860371e-10,1.7449624992858518e-05,0.0032529873914127552
77239,Assembly,1.8660484751491644e-05,0.00426039290722928,7.265718273984103e-06,0.0042483103889469544,4.816800008342827e-06,0.01833663719567731,0.017386387179930893,0.0009502500157464263,0.06049869369194805,1.6017576217968085e-06,4.181877109945224e-06,4.353140507590169e-05,1.6824648702081627e-11,1.0117523776202846e-11,6.707124925878783e-12,3.9869194217366625e-11,3.8327415464368364e-11,1.5417787529982708e-12,0.0007450042184401052,0.016357232321128772,1.5752863146001916e-08,8.258062023341182e-11,2.48874574150462e-10,1.765857015284935e-05,0.003293872188714843
77240,Assembly,1.8593914293072387e-05,0.004244655761138747,7.2407777531479e-06,0.004232615221847344,4.799761538255533e-06,0.01828258536252254,0.017336207978307573,0.0009463773842149729,0.06030060977075616,1.595632147983117e-06,4.166205173332795e-06,4.337072260178668e-05,1.6763558070943133e-11,1.008624759424389e-11,6.6773104766992404e-12,3.9788613382518417e-11,3.824981704212936e-11,1.53879634038907e-12,0.0007437554420630701,0.016314243110570434,1.5770803113935318e-08,8.232836269742339e-11,2.4788041168288695e-10,1.75899618342699e-05,0.003280324982509547
77241,Assembly,1.8811367317154808e-05,0.004292383874385667,7.326712842028252e-06,0.004280205417905837,4.851743637802851e-06,0.01846409258836667,0.01750595270270155,0.0009581398856651208,0.06090157877087337,1.6154072745380433e-06,4.214328300757393e-06,4.386681472818583e-05,1.694993241217578e-11,1.0183030195546022e-11,6.7669022166297536e-12,4.02473084522675e-11,3.8689099275522367e-11,1.5582091767451393e-12,0.0007475672063317439,0.016449320354538267,1.5925464265764235e-08,8.30904758921288e-11,2.5092032437021477e-10,1.780051481208644e-05,0.003321335087962918
77242,Assembly,1.8664461010067536e-05,0.0042605087044317765,7.268209037665698e-06,0.004248423501143354,4.816994250757268e-06,0.018340974304856764,0.017390691879819863,0.0009502824250369122,0.0605001991590931,1.6020710996059491e-06,4.182125281977954e-06,4.353455277516533e-05,1.682534402272861e-11,1.0118185839144939e-11,6.70715818358367e-12,3.991781762923112e-11,3.8373693326148305e-11,1.5441243030828179e-12,0.0007450188837640271,0.01635860160751894,1.579958792302516e-08,8.258181716578465e-11,2.488874443060282e-10,1.765962979722182e-05,0.0032939547739898717
77243,Assembly,1.872845409261577e-05,0.004276170791793118,7.291535067368883e-06,0.004264045349911132,4.833906814618254e-06,0.018392214861949946,0.01743808081279891,0.0009541340491510407,0.060697307249709516,1.6079933798581656e-06,4.19763635565936e-06,4.3693194938275276e-05,1.688598395313325e-11,1.0149032877722124e-11,6.736951075411127e-12,3.9966881195744176e-11,3.842129484500752e-11,1.545586350736671e-12,0.0007462581542069547,0.016400703258670567,1.5751361365178114e-08,8.283329886072601e-11,2.498732644518504e-10,1.7727551263629727e-05,0.0033074484491455395
77244,Assembly,1.8375735347559177e-05,0.004196906507498334,7.154387940637036e-06,0.004185004375580651,4.747743977047782e-06,0.0181002863369398,0.017165677370942736,0.0009346089659970718,0.059699365926625884,1.575799791684353e-06,4.118036738644183e-06,4.2874055819009045e-05,1.6577056789233837e-11,9.989344124122737e-12,6.587712665111098e-12,3.9321041431138813e-11,3.780208613996997e-11,1.5189552911688561e-12,0.0007399410004350842,0.016178915884284665,1.560761170273252e-08,8.156603098602847e-11,2.4483814936925476e-10,1.7379215403602067e-05,0.003239299799963007
77245,Assembly,1.852357767882421e-05,0.00422880893648963,7.213478078856544e-06,0.004216812919321387,4.782539089388337e-06,0.018224425590031047,0.017281951534153576,0.000942474055877478,0.06010109993025964,1.58920976031043e-06,4.1502981779258235e-06,4.3207058750655275e-05,1.670180885941868e-11,1.0054344332289794e-11,6.647464527128883e-12,3.9661978363184886e-11,3.812838604824894e-11,1.5335923149359506e-12,0.0007424927752676635,0.016269956965765654,1.57444872096757e-08,8.207497147413902e-11,2.468740591098447e-10,1.752034986219212e-05,0.0032666995547779103
77246,Assembly,1.84562260568335e-05,0.004213049041235646,7.18804823022236e-06,0.0042010955305463935,4.765462459031711e-06,0.01816952170170136,0.01723092664438521,0.0009385950573161594,0.05990272024960712,1.5830227016072542e-06,4.134577486196562e-06,4.3045757889191535e-05,1.664058162771723e-11,1.0022938083474648e-11,6.617643544242585e-12,3.9571845121886444e-11,3.804169601913954e-11,1.5301491027469218e-12,0.0007412411177860441,0.016226698749400362,1.5753247771139928e-08,8.182247879248557e-11,2.458773682109579e-10,1.7451533369127367e-05,0.003253136124122628
77247,Assembly,1.83079525922076e-05,0.004181134056713531,7.128688026237086e-06,0.004169274722401706,4.7306462855897816e-06,0.018044912189339665,0.017114185735942578,0.0009307264533971002,0.059500823012849174,1.5695787435564871e-06,4.102289138392626e-06,4.271241366229586e-05,1.65157541660754e-11,9.95786608988019e-12,6.557888076195209e-12,3.922563610439271e-11,3.77103783461196e-11,1.5152577582731283e-12,0.0007386877528379653,0.01613550920045124,1.5611306041824778e-08,8.131340852471737e-11,2.4384006299939476e-10,1.7310284016590928e-05,0.0032257274148429953
77248,Assembly,1.8724583909848992e-05,0.0042760580837463485,7.289110750516083e-06,0.004263935255241768,4.8337177540653255e-06,0.018387993455096348,0.01743389095064371,0.0009541025044526444,0.06069584194435034,1.6076882647879188e-06,4.1973948041842915e-06,4.3690131211102445e-05,1.688530718175786e-11,1.0148388476826132e-11,6.736918704931726e-12,3.991955492481181e-11,3.8376251551236354e-11,1.5433033735754611e-12,0.0007462438801141541,0.01639937050113258,1.5705883078651867e-08,8.2832133859267e-11,2.4986073763717594e-10,1.7726519887699066e-05,0.003307368067021968
77249,Assembly,1.8731178970435078e-05,0.004276250146096315,7.293241955032141e-06,0.004264122864214888,4.834039926395715e-06,0.01839518702595222,0.01744103076713974,0.0009541562588124847,0.060698338926586916,1.6082082020868186e-06,4.197806424696484e-06,4.369535201527157e-05,1.6886460447247527e-11,1.0149486580767701e-11,6.736973866479825e-12,4.0000202181781603e-11,3.845300845635402e-11,1.5471937254275933e-12,0.0007462682041609768,0.016401641612663807,1.5783381241675717e-08,8.283411910277306e-11,2.498820842005574e-10,1.7728277424011854e-05,0.003307505043750703
77250,Assembly,1.8738173485166776e-05,0.00427645384141021,7.297623381172213e-06,0.004264321836416759,4.834381612280421e-06,0.01840281630193357,0.017448603032930374,0.000954213269003201,0.060700987147753425,1.608759631304071e-06,4.198242976521721e-06,4.370088903668259e-05,1.6887683564511086e-11,1.0150651195420742e-11,6.737032369090342e-12,4.0085734137035645e-11,3.853441442626099e-11,1.5513197107746674e-12,0.0007462940014833235,0.016404050282433427,1.5865573366505327e-08,8.283622458986724e-11,2.4990472369720707e-10,1.7730141411987522e-05,0.00330765031697974
77251,Assembly,1.8384018530990658e-05,0.0041971477316166406,7.159576600294186e-06,0.0041852400064012404,4.748148615105966e-06,0.01810932122997055,0.01717464475023089,0.0009346764797396659,0.05970250205579721,1.5764528161658484e-06,4.118553720734363e-06,4.288061298069516e-05,1.657850525350061e-11,9.990723307263838e-12,6.58778194623677e-12,3.94223317853376e-11,3.789849033769095e-11,1.523841447646664e-12,0.0007399715506535389,0.016181768327133517,1.5704946896481037e-08,8.156852438785584e-11,2.4486495996451963e-10,1.7381422812537327e-05,0.0032394718383173407
77252,Assembly,1.8449167152131524e-05,0.004212843470747315,7.183626469633113e-06,0.0042008947266500216,4.7651176276616064e-06,0.01816182219227673,0.01722328466997462,0.0009385375223021171,0.05990004764949672,1.5824661960534332e-06,4.1341369155708605e-06,4.3040169895174434e-05,1.6639347250704105e-11,1.0021762747634252e-11,6.61758450306985e-12,3.9485525778190465e-11,3.7959540643707827e-11,1.5259851344826538e-12,0.0007412150829791994,0.016224267905944525,1.56702990036156e-08,8.182035392273849e-11,2.4585452030006184e-10,1.744965222168675e-05,0.0032529895135400707
77253,Assembly,1.879938150308977e-05,0.004292034821699108,7.319204821662437e-06,0.004279864458753241,4.851158124205435e-06,0.018451019046188132,0.017492976853296847,0.0009580421928912905,0.06089704077392541,1.614462344357532e-06,4.213580224699547e-06,4.385732647751336e-05,1.6947836476051097e-11,1.0181034509608656e-11,6.766801966442444e-12,4.010074072718321e-11,3.8549601846963575e-11,1.5511388802196409e-12,0.0007475229999899338,0.016445192853330515,1.5784619680599092e-08,8.308686792534409e-11,2.5088152928466885e-10,1.7797320678661488e-05,0.0033210861474747408
77254,Assembly,1.8872425017088697e-05,0.004307960477091394,7.348200121995257e-06,0.004295743764162788,4.8685128066115715e-06,0.018512131373080384,0.017550163788724,0.0009619675843563874,0.06109757548455097,1.6210981369150455e-06,4.229656167070282e-06,4.40231331737816e-05,1.7010059037899758e-11,1.0213388481188077e-11,6.796670556711678e-12,4.0260476888946036e-11,3.870253721364223e-11,1.557939675303819e-12,0.0007487956504322562,0.016490411161101434,1.5842744202146497e-08,8.334107397892176e-11,2.5189664341590174e-10,1.786765402009515e-05,0.003334767796414361
77255,Assembly,1.8807397491116754e-05,0.004292268264512508,7.3242261077454805e-06,0.004280092488695143,4.851549709621415e-06,0.018459762495486174,0.017501654966681858,0.0009581075288043205,0.06090007573917716,1.6150943038533338e-06,4.2140805302015705e-06,4.386367212106956e-05,1.694923821637425e-11,1.018236920364719e-11,6.7668690127270615e-12,4.019876370026144e-11,3.864289627911935e-11,1.5558674211421086e-12,0.0007475525647324489,0.0164479532832924,1.587881507710892e-08,8.30892808960769e-11,2.5090747503516643e-10,1.7799456881939135e-05,0.003321252636289087
77256,Assembly,1.9237365416864823e-05,0.004387580682259879,7.493003001773193e-06,0.004375132406579382,4.955272678724913e-06,0.018817390683767695,0.017835798401217105,0.0009815922825505922,0.06210014409715497,1.6542552483287166e-06,4.310018579773208e-06,4.485194724069696e-05,1.7321123378922973e-11,1.0375112189136228e-11,6.946011189786745e-12,4.105576834029446e-11,3.946398818915536e-11,1.5917801511391067e-12,0.0007551578803786013,0.01671640725208697,1.61301097992015e-08,8.461202081309946e-11,2.5697131694131867e-10,1.821924686338954e-05,0.0034031702843996393
77257,Assembly,1.852673042703728e-05,0.004228900751299025,7.215452988333998e-06,0.004216902605207822,4.782693102869438e-06,0.018227864454218187,0.017285364701236084,0.0009424997529821097,0.0601022936048562,1.5894583147199945e-06,4.150494951832195e-06,4.3209554539859954e-05,1.6702360174401196e-11,1.0054869277465711e-11,6.647490896935488e-12,3.970053153369515e-11,3.816507944814907e-11,1.5354520855460825e-12,0.0007425044033026383,0.016271042663573626,1.5781534965613757e-08,8.207592051362618e-11,2.468842637681156e-10,1.7521190046963315e-05,0.003266765036077302
77258,Assembly,1.866484860472755e-05,0.004260519992021976,7.268451830402618e-06,0.004248434527006606,4.817013184969202e-06,0.018341397074232997,0.017391111490028324,0.0009502855842046796,0.060500345907855815,1.6021016565535262e-06,4.182149473099535e-06,4.353485960416114e-05,1.6825411800657185e-11,1.0118250375204666e-11,6.707161425452522e-12,3.992255730458941e-11,3.837820436378845e-11,1.5443529408009683e-12,0.0007450203132991368,0.016358735081759293,1.580414252472395e-08,8.258193383943331e-11,2.488886988531045e-10,1.765973308841691e-05,0.003293962824173477
77259,Assembly,1.901768028903384e-05,0.004339787565350638,7.405669703283389e-06,0.004327478714107672,4.903181539684027e-06,0.018633448787875675,0.0176636371999831,0.0009698115878925827,0.06149832999131998,1.6343041485619074e-06,4.261756139043408e-06,4.435408812877823e-05,1.7134358714024765e-11,1.0277957933640433e-11,6.856400780384333e-12,4.056977813925064e-11,3.8998727517292346e-11,1.5710506219583028e-12,0.00075133788361602,0.01658056134852972,1.5949219329546827e-08,8.384923571107587e-11,2.539241794918343e-10,1.8008099045944038e-05,0.0033621138190583363
77260,Assembly,1.8879476252105695e-05,0.004308165824222001,7.352617078225724e-06,0.004295944349880463,4.8688572633133545e-06,0.018519822516786213,0.01755779745992909,0.000962025056857129,0.0611002451808113,1.6216540378109954e-06,4.230096259004452e-06,4.402871509629674e-05,1.7011292073729904e-11,1.0214562539995275e-11,6.796729533734629e-12,4.034670244441259e-11,3.8784603325105176e-11,1.5620991193074267e-12,0.0007488216569516011,0.016492839363382143,1.592560284366076e-08,8.334319653994219e-11,2.519194665019437e-10,1.7869533123619772e-05,0.0033349142477006777
77261,Assembly,1.8884536566602805e-05,0.004308313191464682,7.35578690416292e-06,0.0042960883000980644,4.869104462454705e-06,0.018525342061362464,0.017563275759400337,0.0009620663019621334,0.06110216108669963,1.6220529797489608e-06,4.2304120907118285e-06,4.403272095957558e-05,1.7012176961139237e-11,1.0215405102580157e-11,6.796771858559077e-12,4.0408582161553894e-11,3.884349801980139e-11,1.5650841417525206e-12,0.0007488403205143021,0.016494581961263695,1.5985066297063552e-08,8.334471979456024e-11,2.519358454756821e-10,1.787088166111487e-05,0.003335019348376727
77262,Assembly,1.9385309998005352e-05,0.004419486088987484,7.552157190222703e-06,0.0044069438590112345,4.990072786028021e-06,0.01894164146604275,0.01795218326020371,0.000989458205839051,0.06250191681402258,1.6676732780671038e-06,4.3422864008227745e-06,4.518503111573549e-05,1.744589332934579e-11,1.0440129422316144e-11,7.005763907029643e-12,4.139795562809942e-11,3.979147813714498e-11,1.6064774909544486e-12,0.0007577100323314099,0.016807483544900477,1.6268186838324218e-08,8.512099208044226e-11,2.590075576392091e-10,1.8360408570837553e-05,0.0034305721629029106
77263,Assembly,1.8957203981743902e-05,0.004324227894049254,7.384546612831394e-06,0.004311956906664199,4.8864407722251545e-06,0.018586044157939578,0.017620055529981287,0.000965988627958297,0.061302553401034056,1.628659121657825e-06,4.246464559453706e-06,4.419822992719384e-05,1.7074333755308006e-11,1.0247696452196853e-11,6.826637303111154e-12,4.0563719223606075e-11,3.899205614324349e-11,1.5716630803625943e-12,0.000750111583820584,0.01653967075355227,1.6038771303397036e-08,8.359881263495274e-11,2.529497422688783e-10,1.7941114774902225e-05,0.0033486931858958827
77264,Assembly,1.9095271970274256e-05,0.004355845673155914,7.4375140159645554e-06,0.004343487400737394,4.920758402556903e-06,0.018699522034063356,0.017725747983959275,0.0009737740501040849,0.061700586701715326,1.6412985067094745e-06,4.27811594824221e-06,4.452349526058248e-05,1.7197376605082663e-11,1.0311069193240124e-11,6.886307411842541e-12,4.0785131259717435e-11,3.920459693011931e-11,1.5805343295981423e-12,0.0007526273087083243,0.0166273458883213,1.606078909268683e-08,8.410481085283139e-11,2.549540149040961e-10,1.8079644441304917e-05,0.003375889931583598
77265,Assembly,1.888215864524345e-05,0.004308243941279888,7.354297353107191e-06,0.004296020655627091,4.868988299690796e-06,0.01852274834056719,0.017560701420328513,0.0009620469202386822,0.06110126077239367,1.6218655106586557e-06,4.230263676425847e-06,4.403083854142571e-05,1.7011761138630088e-11,1.0215009169171606e-11,6.7967519694584804e-12,4.0379503909365166e-11,3.8815822476601274e-11,1.5636814327638991e-12,0.0007488315502126904,0.01649376308711552,1.5957123485203075e-08,8.33440039932609e-11,2.5192814873835105e-10,1.7870247962139177e-05,0.0033349699599162664
77266,Assembly,1.874230992773723e-05,0.004276574303515177,7.3002144855304535e-06,0.0042644395053498775,4.834583679770938e-06,0.01840732813201207,0.017453081148106713,0.00095424698390536,0.06070255326280062,1.6090857375996938e-06,4.198501146190868e-06,4.370416354134183e-05,1.6888406896223394e-11,1.0151339929638025e-11,6.737066966585369e-12,4.0136316348156516e-11,3.858255659656568e-11,1.5537597515908443e-12,0.0007463092576013605,0.01640547473066971,1.5914180456080858e-08,8.28374697407865e-11,2.4991811232834267e-10,1.773124374424489e-05,0.0033077362292112506
77267,Assembly,1.867481565023293e-05,0.004260810253825791,7.274695276215757e-06,0.004248718058468962,4.817500080614154e-06,0.018352268641996603,0.01740190181939485,0.0009503668226017571,0.06050411957077418,1.6028874323095544e-06,4.182771550838235e-06,4.3542749750437886e-05,1.682715471862819e-11,1.0119909928109813e-11,6.707244790518373e-12,4.004443865345804e-11,3.849420626493465e-11,1.5502323885234007e-12,0.0007450570739745532,0.016362167388662932,1.5921264681125698e-08,8.258493411700561e-11,2.489209596891999e-10,1.766238923450962e-05,0.0032941698356589145
77268,Assembly,1.8752611675797506e-05,0.0042768743125773225,7.306667591996179e-06,0.004264732558059508,4.835086925819452e-06,0.018418564777019898,0.017464233826657377,0.0009543309503625275,0.06070645364879047,1.609897900428298e-06,4.199144113872166e-06,4.371231864598724e-05,1.6890208342982848e-11,1.015305521185604e-11,6.737153131126804e-12,4.0262290584816075e-11,3.870245394824088e-11,1.5598366365752032e-12,0.0007463472527340666,0.016409022297595915,1.6035235682213405e-08,8.284057077043906e-11,2.499514565129848e-10,1.7733989086166287e-05,0.003307950192332761
77269,Assembly,1.8961049840368266e-05,0.0043243398937246776,7.386955692825385e-06,0.004312066309387323,4.886628644530372e-06,0.018590239033203414,0.017624219058805513,0.0009660199743979076,0.06130400949693251,1.6289623190764091e-06,4.246704592775026e-06,4.420127439880677e-05,1.707500627316766e-11,1.0248336803025933e-11,6.826669470141725e-12,4.0610748048390985e-11,3.903681633940444e-11,1.5739317089865551e-12,0.00075012576820055,0.016540995134694075,1.608396375837869e-08,8.359997031436444e-11,2.5296219035238107e-10,1.7942139668623508e-05,0.0033487730628169008
77270,Assembly,1.888869633337078e-05,0.004308434332820449,7.358392619005608e-06,0.0042962066325321,4.869307669345077e-06,0.018529879332339547,0.017567779125366723,0.0009621002069728274,0.06110373603261443,1.6223809248632115e-06,4.23067171612471e-06,4.4036013928214955e-05,1.701290437150885e-11,1.021609772036953e-11,6.796806651139322e-12,4.045944959106303e-11,3.889191164981331e-11,1.5675379412497333e-12,0.0007488556626571549,0.01649601444154961,1.6033947467890974e-08,8.334597196652364e-11,2.519493096014176e-10,1.7871990209103477e-05,0.0033351057450423435
77271,Assembly,1.9100557160161225e-05,0.004355999589253645,7.4408247058428775e-06,0.004343637747960819,4.921016586984507e-06,0.018705286861761667,0.017731469733660757,0.0009738171281009132,0.06170258774857341,1.641715177234049e-06,4.278445815199445e-06,4.452767914047809e-05,1.7198300816016505e-11,1.0311949198476022e-11,6.8863516175404826e-12,4.0849760850512706e-11,3.9266108847013443e-11,1.583652003499278e-12,0.0007526468016613606,0.016629165925535566,1.6122895043364018e-08,8.410640179938368e-11,2.549711217432877e-10,1.808105290647746e-05,0.003375999702830125
77272,Assembly,1.910216332314361e-05,0.004356046364174482,7.4418308205979655e-06,0.004343683438304957,4.921095048927997e-06,0.018707038786110054,0.017733208566656642,0.0009738302194534172,0.06170319586435699,1.6418418029157628e-06,4.278546061379271e-06,4.4528950616651095e-05,1.7198581682630873e-11,1.0312216631030848e-11,6.886365051600025e-12,4.086940170704242e-11,3.9284802246116216e-11,1.5845994609262114e-12,0.0007526527255468322,0.01662971903270156,1.6141768968633883e-08,8.410688528616728e-11,2.549763204915717e-10,1.8081480937384673e-05,0.00337603306218267
77273,Assembly,1.9034957724139148e-05,0.004340290721423946,7.416492442059067e-06,0.004327970203430014,4.9040255518744175e-06,0.018652294172541297,0.017682341761459663,0.0009699524110816421,0.06150487147005068,1.6356662562822719e-06,4.262834483448982e-06,4.436776535039765e-05,1.7137379985686623e-11,1.0280834695626422e-11,6.856545290060198e-12,4.078105409805799e-11,3.9199811712008274e-11,1.5812423860497347e-12,0.0007514016066303868,0.016586511101619253,1.615224543748755e-08,8.385443656031703e-11,2.539801022326083e-10,1.8012703358397735e-05,0.003362472664365482
77274,Assembly,1.8897420934311464e-05,0.004308688411966095,7.363857786510365e-06,0.004296454820308695,4.8697338708909274e-06,0.018539395702088825,0.01757722438351175,0.0009621713185770815,0.06110703928863244,1.6230687495447095e-06,4.231216248606407e-06,4.404292052632281e-05,1.7014430025601743e-11,1.0217550401289824e-11,6.79687962431192e-12,4.056613778972909e-11,3.899345330479176e-11,1.5726844849373459e-12,0.0007488878409213299,0.016499018893372776,1.613646973242428e-08,8.334859824374045e-11,2.5197754895487434e-10,1.787431525263684e-05,0.0033352869514589913
77275,Assembly,1.8965873179839715e-05,0.004324480359744888,7.389977075502135e-06,0.004312203518402075,4.8868642673116165e-06,0.018595500096964222,0.017629440808973638,0.0009660592879905876,0.061305835680759625,1.6293425785241773e-06,4.24700563405248e-06,4.420509266711422e-05,1.7075849721212565e-11,1.0249139908322084e-11,6.826709812890481e-12,4.066972993229167e-11,3.909295298975477e-11,1.5767769425369192e-12,0.0007501435577467739,0.016542656126545423,1.6140642532409425e-08,8.360142223481889e-11,2.5297780229716815e-10,1.7943425053975064e-05,0.0033488732416179522
77276,Assembly,1.9035740213158254e-05,0.004340313509187284,7.4169826001292325e-06,0.0043279924628102625,4.904063776892595e-06,0.018653147673449957,0.01768318888453513,0.0009699587889148333,0.061505167731344346,1.6357279456665776e-06,4.262883321291581e-06,4.436838478700175e-05,1.713751681802804e-11,1.0280964983174945e-11,6.856551834853093e-12,4.079062271265617e-11,3.920891874516e-11,1.5817039674961851e-12,0.0007514044926235161,0.016586780563864697,1.616144041921297e-08,8.385467210496797e-11,2.539826349540631e-10,1.8012911886105325e-05,0.0033624889163444767
77277,Assembly,1.9107071164083475e-05,0.004356189291059211,7.444905135744918e-06,0.0043438230511238145,4.921334799652366e-06,0.018712392019956732,0.017738521798164524,0.0009738702217922097,0.06170505404162266,1.6422287242379245e-06,4.278852376685258e-06,4.453283577829681e-05,1.7199439907284136e-11,1.031303380615916e-11,6.886406101124975e-12,4.092941691149398e-11,3.934192237055432e-11,1.5874945409396792e-12,0.0007526708267532213,0.01663140912394583,1.619944071437273e-08,8.410836264323284e-11,2.549922059464999e-10,1.8082788841771087e-05,0.003376134996044887
77278,Assembly,1.910922181546913e-05,0.004356251922653523,7.446252322870936e-06,0.0043438842304705,4.921439860153286e-06,0.01871473784573453,0.01774085009462823,0.0009738877511063027,0.0617058683083359,1.6423982759589035e-06,4.278986606267134e-06,4.4534538284221346e-05,1.719981598753253e-11,1.0313391898208916e-11,6.886424089323614e-12,4.095571600802045e-11,3.93669528220862e-11,1.588763185934257e-12,0.0007526787588327409,0.016632149734149157,1.622471289034706e-08,8.410901003178092e-11,2.549991670677081e-10,1.8083361974929925e-05,0.0033761796642003358
77279,Assembly,1.9536252262127847e-05,0.004451478794691416,7.613189153911907e-06,0.0044388405862057145,5.02501933179056e-06,0.019069161974903763,0.018071813412561793,0.0009973485623419739,0.0629048244956201,1.6813276372784749e-06,4.374741317622005e-06,4.552048802671595e-05,1.7571187478794063e-11,1.0505645781691355e-11,7.065541697102704e-12,4.1776799881614645e-11,4.015385675146554e-11,1.6229431301491223e-12,0.0007602732404042131,0.01689959213640154,1.6441489471116382e-08,8.563086570957469e-11,2.6105350108795935e-10,1.8502369139285596e-05,0.003458036302063729
77280,Assembly,1.904331640109377e-05,0.004340534144076029,7.421728391529505e-06,0.004328207981806669,4.904433877832653e-06,0.01866141141022996,0.017691390870080675,0.0009700205401492898,0.06150803618212641,1.6363252324753542e-06,4.263356177350715e-06,4.437438227452191e-05,1.713884165135978e-11,1.0282226448740798e-11,6.856615202618979e-12,4.088326761975173e-11,3.929709454444641e-11,1.58617307530533e-12,0.0007514324352857064,0.01658938954183518,1.6250467751117266e-08,8.385695268718605e-11,2.54007157181546e-10,1.8014930885815087e-05,0.003362646270689618
77281,Assembly,1.918302265846608e-05,0.004372199633095214,7.475722020813292e-06,0.004359785079535905,4.938831538496757e-06,0.01877667623020994,0.01779885691487713,0.000977819315332809,0.061906689754319025,1.6490937743505745e-06,4.295109816156643e-06,4.4700944499832703e-05,1.7262170982038374e-11,1.0345871968092809e-11,6.916299013945565e-12,4.112471311674764e-11,3.952870239589542e-11,1.596010720852237e-12,0.0007539542024724519,0.016677628839921535,1.6291736739714984e-08,8.43634440563462e-11,2.5601673248369367e-10,1.8153897139106138e-05,0.003389877042555535
77282,Assembly,1.9112588066274295e-05,0.004356349955117634,7.448360972268007e-06,0.004343979989842014,4.921604303353226e-06,0.018718409588149867,0.017744494399743373,0.0009739151884064961,0.06170714281800183,1.6426636623534961e-06,4.27919670560777e-06,4.453720308707017e-05,1.720040463730041e-11,1.031395239241958e-11,6.886452244880834e-12,4.099687998068845e-11,3.940613108137315e-11,1.590748899315309e-12,0.0007526911743126492,0.016633308954890322,1.6264269502492332e-08,8.411002333976551e-11,2.550100627805272e-10,1.8084259056609587e-05,0.003376249579861818
77283,Assembly,1.925505543670928e-05,0.004388095853688243,7.504084187293274e-06,0.004375635632655045,4.956136845906322e-06,0.01883668609577065,0.017854949627176594,0.0009817364685940548,0.06210684178624209,1.6556498831490277e-06,4.311122675017526e-06,4.486595107404317e-05,1.7324216798480213e-11,1.0378057648129983e-11,6.946159150350231e-12,4.1272089563970166e-11,3.966987426965568e-11,1.6022152943144966e-12,0.0007552231250970348,0.01672249908513869,1.6337984165768208e-08,8.461734585849673e-11,2.5702857511581154e-10,1.822396112671506e-05,0.0034035376989241797
77284,Assembly,1.9328014150811415e-05,0.0044040190395251335,7.533026368217711e-06,0.004391512525771126,4.973487385790944e-06,0.018897705927065904,0.01791204475818527,0.0009856611688806392,0.06230734439043993,1.6622789903048368e-06,4.327193324733782e-06,4.503169064073028e-05,1.7386424531534925e-11,1.0410397500187726e-11,6.9760270313471956e-12,4.143078875587075e-11,3.982182268897472e-11,1.6089660668960408e-12,0.0007564954627785214,0.016767688190748246,1.6395112208793544e-08,8.487152638563044e-11,2.5804341477096535e-10,1.829427186958485e-05,0.0034172175866043985
77285,Assembly,1.9332519125945156e-05,0.004404150234091042,7.535848324646213e-06,0.004391640678310097,4.973707456299507e-06,0.018902619734514,0.01791692184693287,0.000985697887581135,0.06230905003707324,1.6626341507422696e-06,4.327474495793208e-06,4.503525688438385e-05,1.738721230782382e-11,1.0411147596549462e-11,6.976064711274359e-12,4.148587754277595e-11,3.987425404186145e-11,1.6116235009145176e-12,0.0007565120781264258,0.016769239548895847,1.644804990250784e-08,8.487288247213071e-11,2.580579962499327e-10,1.8295472413125336e-05,0.0034173111531075107
77286,Assembly,1.9260368781769162e-05,0.00438825058972517,7.507412513821931e-06,0.00437578678080562,4.956396405729581e-06,0.018842481633760195,0.01786070185768495,0.0009817797760752489,0.062108853493042675,1.6560687733536742e-06,4.311454299236357e-06,4.4870157242231994e-05,1.732514593285469e-11,1.0378942341314683e-11,6.946203591540008e-12,4.133706344841301e-11,3.9731713871778464e-11,1.6053495766345658e-12,0.0007552427218925962,0.01672432881802399,1.640042096620063e-08,8.461894528031218e-11,2.5704577308626353e-10,1.8225377095039113e-05,0.003403648054942209
77287,Assembly,1.9259672263375857e-05,0.0043882303056113755,7.506976208515197e-06,0.0043757669670224375,4.9563623804236715e-06,0.018841721905422708,0.01785994780645988,0.0009817740989628313,0.062108589781431106,1.6560138616682814e-06,4.3114108271174796e-06,4.48696058619855e-05,1.7325024134030336e-11,1.0378826368218895e-11,6.946197765811441e-12,4.132854611985841e-11,3.972360741156784e-11,1.604938708290587e-12,0.0007552401529782108,0.016724088961098626,1.6392236220163958e-08,8.461873561451774e-11,2.5704351863024525e-10,1.8225191477886277e-05,0.0034036335885381827
77288,Assembly,1.9048361359849292e-05,0.004340681064126485,7.424888598493806e-06,0.0043283514952011555,4.904680326837596e-06,0.018666914205511233,0.017696852545416985,0.0009700616600942524,0.06150994627411607,1.6367229638068816e-06,4.263671050653217e-06,4.437837598183665e-05,1.7139723853540274e-11,1.0283066454533344e-11,6.85665739900693e-12,4.094495956023473e-11,3.9355810520663084e-11,1.5891490395716607e-12,0.000751451042213025,0.01659112685172865,1.6309750760117816e-08,8.385847131942258e-11,2.540234864525854e-10,1.8016275331115266e-05,0.003362751052433153
77289,Assembly,1.9050026665029592e-05,0.004340729561395338,7.425931760446857e-06,0.004328398867956982,4.904761677909923e-06,0.018668730639288415,0.017698655405791356,0.0009700752334970646,0.061510576781963484,1.6368542521045383e-06,4.2637749881019074e-06,4.437969427635641e-05,1.714001506223641e-11,1.0283343734500453e-11,6.8566713277359545e-12,4.0965323633173235e-11,3.937519224885919e-11,1.5901313843140604e-12,0.0007514571842280454,0.01659170032542895,1.632931966182278e-08,8.385897260917596e-11,2.5402887662938766e-10,1.8016719122993753e-05,0.0033627856401451175
77290,Assembly,1.912556971970973e-05,0.004356728008788668,7.4564927952586135e-06,0.00434434927752916,4.922238464250612e-06,0.01873256934340841,0.0177585483454402,0.0009740209979682105,0.06171205785367232,1.6436871019010746e-06,4.280006935440606e-06,4.454747966747349e-05,1.720267471392981e-11,1.0316113889591509e-11,6.886560824338301e-12,4.1155625260862164e-11,3.955721863060913e-11,1.5984066302530441e-12,0.0007527390535310244,0.01663777938885022,1.6416816136617496e-08,8.411393107387111e-11,2.550520811493107e-10,1.8087718574079513e-05,0.0033765192035290987
77291,Assembly,1.9266108785200762e-05,0.004388417750971606,7.511008102943407e-06,0.004375950066060615,4.956676808048536e-06,0.018848742549919976,0.017866915988799175,0.0009818265611208025,0.062111026738673934,1.6565213001865888e-06,4.311812552677955e-06,4.487470116316422e-05,1.7326149676153456e-11,1.0379898074823204e-11,6.946251601330251e-12,4.1407254696198114e-11,3.979851915628243e-11,1.6087355399157044e-12,0.000755263892298904,0.016726305477345407,1.646787140367472e-08,8.462067313472516e-11,2.570643520432667e-10,1.822690676475706e-05,0.003403767272481264
77292,Assembly,1.9407978353643836e-05,0.004420146240262364,7.5663568494923885e-06,0.004407588703265225,4.9911801476461284e-06,0.01896636700424565,0.017976724035441944,0.0009896429688037091,0.06251049937071373,1.6694603918391973e-06,4.343701211200435e-06,4.520297591610231e-05,1.7449857300855098e-11,1.0443903794113128e-11,7.005953506741969e-12,4.167515409783265e-11,4.005530479957001e-11,1.6198492982626473e-12,0.000757793638256897,0.016815289745194258,1.6534561331450416e-08,8.512781570324865e-11,2.5908092944286047e-10,1.8366449524922172e-05,0.0034310429754391466
77293,Assembly,1.947628529125824e-05,0.004435933956362154,7.592385116316573e-06,0.004423333267800143,5.008303445695451e-06,0.019022312904326263,0.018028783150470254,0.0009935297538560123,0.06270924074723114,1.6757227651234138e-06,4.359481527477674e-06,4.536503302775146e-05,1.751125158675205e-11,1.0475469106797078e-11,7.035782479954974e-12,4.177696935229618e-11,4.015311331193338e-11,1.6238560403628116e-12,0.000759048819154512,0.016858876939330202,1.6537026626819167e-08,8.538059595377482e-11,2.600807124597414e-10,1.8435520602744242e-05,0.003444626247611777
77469,Assembly,1.8802460235999482e-05,0.0042094336607344796,7.4225723801253415e-06,0.004197239649748299,4.77143860605604e-06,0.018563519592081155,0.017630388128422127,0.000933131463659036,0.0602126995893661,1.6053821136131211e-06,4.140159088150799e-06,4.3193042736621253e-05,1.655666726928761e-11,1.0010662357021134e-11,6.546004912266471e-12,4.514166707845721e-11,4.3343110118839696e-11,1.7985569596175502e-12,0.0007619584764746547,0.016550290875464255,2.1314342645735254e-08,8.254735315266667e-11,2.451744325963641e-10,1.7452890768568758e-05,0.003231975738747864
77470,Assembly,1.8965222302131847e-05,0.004244817455030202,7.487307603526355e-06,0.004232520140651247,4.810006775428264e-06,0.01869983429547702,0.017757980823203973,0.0009418534722730525,0.06065825629417445,1.6201620188432478e-06,4.175894823323981e-06,4.3561700605163516e-05,1.66949473951933e-11,1.0082605385819322e-11,6.612342009373974e-12,4.550308953352658e-11,4.3689107123287633e-11,1.8139824102389726e-12,0.0007647868083682153,0.01665090031616373,2.14498439542098e-08,8.311206145241856e-11,2.474305781458176e-10,1.7609233452567326e-05,0.003262371454506611
77471,Assembly,1.9128773878393998e-05,0.004280224241559106,7.552537383083609e-06,0.004267823090663219,4.848613512803779e-06,0.01883701015806709,0.017886428242119872,0.0009505819159472264,0.06110411191856722,1.6350041669836523e-06,4.2116798345515304e-06,4.3930983468385256e-05,1.6833365581208453e-11,1.0154679871209015e-11,6.678685709999433e-12,4.587416646037616e-11,4.404429287639535e-11,1.8298735839808423e-12,0.0007676180521503195,0.016751781636937146,2.159462274906199e-08,8.36770074103144e-11,2.4968927914230696e-10,1.776578653534909e-05,0.003292783568069968
77472,Assembly,1.8825676983767405e-05,0.004210109782367736,7.437115557094692e-06,0.00419790009405371,4.772572756930743e-06,0.018588843289707824,0.017655522593304447,0.0009333206964033835,0.06022148977499227,1.607212461184024e-06,4.141608125575544e-06,4.321142165702053e-05,1.6560727137067994e-11,1.0014528038299056e-11,6.546199098768931e-12,4.542557152464136e-11,4.361331926738397e-11,1.812252257257429e-12,0.0007620441049919981,0.016558285923104092,2.158716126201896e-08,8.25543418523362e-11,2.4524957940832603e-10,1.7459077865220002e-05,0.003232457941165811
77473,Assembly,1.8910348934251254e-05,0.004227897518109426,7.471544628689369e-06,0.004215633955875996,4.792017604739457e-06,0.018660590213831332,0.01772288168984059,0.0009377085239907492,0.060445514114787574,1.6148618611067675e-06,4.159681390685836e-06,4.3398355758469444e-05,1.6630442676384945e-11,1.005104750359876e-11,6.57939517278618e-12,4.564652551555703e-11,4.3824619257923466e-11,1.8219062576336118e-12,0.0007634704085724381,0.016609723921973112,2.1693583290264627e-08,8.283768663335908e-11,2.4638830406051805e-10,1.7538126213091858e-05,0.003247724150062817
77474,Assembly,1.8974945230035595e-05,0.00424510060760437,7.493398131906036e-06,0.00423279672772667,4.810481745794353e-06,0.018710439591651213,0.017768506870710406,0.0009419327209408121,0.06066193753075237,1.6209285490071014e-06,4.176501664839918e-06,4.3569397502238735e-05,1.6696647624791435e-11,1.0084224292168299e-11,6.612423332623129e-12,4.562198570664243e-11,4.380226785090079e-11,1.8197178557416745e-12,0.0007648226686837496,0.016654248557380208,2.1564097499255918e-08,8.31149882457708e-11,2.474620488342278e-10,1.7611824543071253e-05,0.0032625733957686504
77475,Assembly,1.9127632447170283e-05,0.0042801910006267,7.551822380429029e-06,0.00426779062049301,4.8485577532618425e-06,0.018835765140484958,0.017885192528001134,0.000950572612483834,0.06110367975673144,1.6349141795362905e-06,4.211608593886065e-06,4.3930079884739016e-05,1.683316598133792e-11,1.0154489818349085e-11,6.678676162988829e-12,4.586020854505292e-11,4.403100827847645e-11,1.829200266576507e-12,0.0007676138422986938,0.01675138856736933,2.158120985892986e-08,8.367666381696981e-11,2.4968558461461544e-10,1.7765482352120136e-05,0.003292759861007226
77476,Assembly,1.8978557214127632e-05,0.004245205796350357,7.4956607108161426e-06,0.004232899477446341,4.810658193200267e-06,0.01871437936796672,0.017772417206827436,0.000941962161139289,0.06066330507847978,1.6212133083702595e-06,4.176727101243813e-06,4.357225683330329e-05,1.6697279245463935e-11,1.008482570195318e-11,6.612453543510752e-12,4.5666154612361955e-11,4.3844306087945033e-11,1.8218485244169527e-12,0.0007648359904825459,0.016655492400194837,2.1606541708577493e-08,8.311607552432862e-11,2.4747373992430154e-10,1.7612787110908213e-05,0.003262648415210658
77477,Assembly,1.903802943875806e-05,0.004262259661871637,7.514304450359625e-06,0.004249916485400712,4.828872020566124e-06,0.01875863965855456,0.0178124950652316,0.0009461445933229694,0.0608777884493937,1.6268760279248353e-06,4.193227564417334e-06,4.373924224253342e-05,1.6762588157457827e-11,1.0117149312199708e-11,6.645438845258114e-12,4.5578955442295584e-11,4.376231795154841e-11,1.8166374907472043e-12,0.0007661693518824591,0.016698252482125496,2.1416843263500103e-08,8.339183469010923e-11,2.4853089935990396e-10,1.7685119912701063e-05,0.003277391236040585
77479,Assembly,1.903499501893496e-05,0.0042621712930394785,7.5124036628364215e-06,0.0042498301655891505,4.8287237874918365e-06,0.01875532986121168,0.017809210000534148,0.0009461198606775373,0.0608766395755816,1.6266368022155397e-06,4.193038175794518e-06,4.3736840124849045e-05,1.676205753433201e-11,1.0116644069173561e-11,6.64541346515844e-12,4.554184924258237e-11,4.3727001721862744e-11,1.8148475207196567e-12,0.0007661581602688426,0.016697207532536194,2.1381185977404838e-08,8.339092126980476e-11,2.485210777010679e-10,1.768431126159654e-05,0.003277328212373774
77480,Assembly,1.8953443285229436e-05,0.00424447442472183,7.479929122739588e-06,0.0042321850642351045,4.8094313639857765e-06,0.01868698631757082,0.017745228852529982,0.0009417574650408405,0.060653796593526405,1.6192333920092713e-06,4.175159654191383e-06,4.3552376059960406e-05,1.66928876212885e-11,1.0080644132435895e-11,6.6122434888526e-12,4.535905061370448e-11,4.355201651267733e-11,1.8070341010271792e-12,0.0007647433647402276,0.016646844028770397,2.1311429430150617e-08,8.310851573566461e-11,2.473924524110201e-10,1.7606094429102006e-05,0.003262126809111478
77483,Assembly,1.887165897029981e-05,0.004226770783138664,7.44730889169863e-06,0.004214533346668205,4.790127578759229e-06,0.018618389085659246,0.017680995911954878,0.0009373931737043772,0.06043086555296475,1.61181164570861e-06,4.157266616390657e-06,4.3367727878336434e-05,1.6623677037216154e-11,1.0044605469995016e-11,6.579071567221131e-12,4.5173407880894316e-11,4.337432439660039e-11,1.7990834842939562e-12,0.0007633277114004505,0.01659640043204819,2.1238939834824062e-08,8.282604018998188e-11,2.4626307431365886e-10,1.752781561538051e-05,0.0032469205752316587
77484,Assembly,1.9036998840025686e-05,0.004262229648619776,7.513658874161824e-06,0.004249887168070361,4.828821675252238e-06,0.018757515531655566,0.017811379338433613,0.0009461361932219561,0.06087739825029027,1.626794778220732e-06,4.193163241190498e-06,4.373842639647887e-05,1.67624079386507e-11,1.0116977713392476e-11,6.645430225258221e-12,4.556635283467467e-11,4.375032328249531e-11,1.8160295521793986e-12,0.0007661655508056542,0.016697897579447254,2.140473275935367e-08,8.339152445953378e-11,2.485275635692961e-10,1.76848452655356e-05,0.003277369830923656
77485,Assembly,1.8868379247298516e-05,0.004226675270550318,7.445254444086284e-06,0.0042144400487437415,4.789967362490013e-06,0.0186148117235578,0.017677445281891458,0.0009373664416663485,0.060429623803936336,1.6115530809393902e-06,4.1570619175491495e-06,4.336513157292041e-05,1.6623103518397988e-11,1.0044059383009465e-11,6.579044135388515e-12,4.513330200768474e-11,4.333615319499634e-11,1.7971488126884397e-12,0.0007633156150542824,0.01659527100850003,2.1200400005733864e-08,8.28250529285754e-11,2.462524586697225e-10,1.7526941592739564e-05,0.003246852456717505
77486,Assembly,1.895582904874277e-05,0.004244543903287016,7.481423586190211e-06,0.004232252931790983,4.809547909843212e-06,0.01868958859220568,0.017747811681522355,0.0009417769106833356,0.060654699876981605,1.6194214793544513e-06,4.175308557933283e-06,4.355426468614273e-05,1.6693304815139952e-11,1.0081041371594421e-11,6.6122634435455225e-12,4.538822476314826e-11,4.357978332713432e-11,1.8084414360139793e-12,0.000764752163965443,0.016647665603486076,2.1339464394694095e-08,8.310923389760717e-11,2.474001745314443e-10,1.760673021795545e-05,0.003262176360450291
77487,Assembly,1.8366080177944223e-05,0.00417047688093425,7.1799552218627665e-06,0.004158574180252642,4.722745459745807e-06,0.0181253442102415,0.017200408154316442,0.00092493605592506,0.059600320142940394,1.5706625300346194e-06,4.092871125980226e-06,4.265219114267475e-05,1.6415498445036953e-11,9.913004165988914e-12,6.502494279048031e-12,4.099606669815995e-11,3.939551738971484e-11,1.6005493084451205e-12,0.0007515275535567431,0.016285826353516893,1.748919332517893e-08,8.169165890486627e-11,2.4265357739355855e-10,1.725455278452734e-05,0.003205289890654625
77488,Assembly,1.8367610201416846e-05,0.004170521438508789,7.180913642152812e-06,0.004158617704664405,4.722820202232444e-06,0.018127013085321237,0.017202064558633972,0.000924948526687267,0.05960089943124,1.570783153076853e-06,4.0929666200302425e-06,4.265340234503149e-05,1.6415765997282503e-11,9.913258921011108e-12,6.5025070762713886e-12,4.101477648779051e-11,3.941332463575647e-11,1.6014518520340426e-12,0.0007515331966228079,0.01628635324086029,1.750717253961736e-08,8.169211947215348e-11,2.426585296972724e-10,1.7254960524801665e-05,0.0032053216686204885
77492,Assembly,1.8440523053119114e-05,0.004187966724000629,7.2079767098484885e-06,0.0041760170566791715,4.7416906116098084e-06,0.01818593375725458,0.01725669324786554,0.0009292405093890468,0.05982047161166656,1.577505496458085e-06,4.11030595916666e-06,4.2831027668927476e-05,1.6483425245737922e-11,9.947820449374098e-12,6.5356047963638215e-12,4.1091935126291573e-11,3.9487765833618326e-11,1.6041692926732498e-12,0.0007529161300377092,0.016333741811450204,1.747541410045204e-08,8.19719245321702e-11,2.4375919308464765e-10,1.7330875157244442e-05,0.0032203436458136388
77493,Assembly,1.8445012694965454e-05,0.004188097472028226,7.210789061369596e-06,0.004176144773033778,4.741909933078863e-06,0.018190830839899624,0.01726155373678711,0.0009292771031125179,0.05982217145290266,1.5778594480593086e-06,4.110586173222653e-06,4.283458177439221e-05,1.648421034072451e-11,9.948567992682205e-12,6.535642348042297e-12,4.114683641111798e-11,3.954001872935955e-11,1.6068176817584338e-12,0.0007529326888330473,0.016335287889342166,1.7528171613621886e-08,8.197327600304809e-11,2.437737249335946e-10,1.7332071614573886e-05,0.0032204368938506013
77497,Assembly,1.8378883112597067e-05,0.0041708497299299185,7.187975093820916e-06,0.004158938383945966,4.723370890132545e-06,0.018139309027757008,0.017214268618953404,0.0009250404088036058,0.05960516751317861,1.5716718798615853e-06,4.093670201356501e-06,4.266232624511088e-05,1.6417737269458484e-11,9.915135905769381e-12,6.502601363689098e-12,4.115262652766242e-11,3.9544524912473604e-11,1.6081016151888276e-12,0.0007515747736205921,0.016290235242888588,1.763963984556478e-08,8.169551284108816e-11,2.4269501729429464e-10,1.725796467472439e-05,0.0032055558024054066
77498,Assembly,1.8460745048817274e-05,0.004188555632012027,7.22064394752758e-06,0.004176592309597298,4.742678467201753e-06,0.018207990925191573,0.017278585592383666,0.0009294053328079167,0.05982812794224718,1.5790997456214444e-06,4.111568083770095e-06,4.284703587356346e-05,1.6486961427015793e-11,9.951187492465318e-12,6.5357739345504714e-12,4.133921844722925e-11,3.972312042738341e-11,1.6160980198458512e-12,0.0007529907132449124,0.01634070556970763,1.7713041564040614e-08,8.197801175231257e-11,2.438246466323802e-10,1.7336264173962732e-05,0.0032207636484478937
77499,Assembly,1.853631291373824e-05,0.004206078237199618,7.249370139080287e-06,0.004194067188485106,4.761678575432481e-06,0.018269807556223806,0.017336088600498064,0.0009337189557257457,0.060048705347835574,1.5860314032892476e-06,4.1290731314525824e-06,4.302676296800429e-05,1.6555084952497908e-11,9.986191091138703e-12,6.5688938613591965e-12,4.1448843737175226e-11,3.982846211433914e-11,1.620381622836105e-12,0.0007543834389376866,0.016389008435330598,1.7712482026624176e-08,8.225861602375155e-11,2.4493390363420546e-10,1.7412886348373002e-05,0.003235840769186838
77502,Assembly,1.8533571496837064e-05,0.004205998401242783,7.24765289118928e-06,0.004193989203695883,4.761544655711792e-06,0.018266817352196613,0.017333120740937413,0.0009336966112592081,0.060047667409030316,1.5858152771627093e-06,4.128902030154229e-06,4.3024592798284066e-05,1.6554605566226364e-11,9.985734634269903e-12,6.568870931956459e-12,4.1415320504082144e-11,3.9796556012154815e-11,1.6187644919273374e-12,0.0007543733279838607,0.01638806438584767,1.768026780036341e-08,8.225779080311415e-11,2.4492503035262274e-10,1.741215578044426e-05,0.003235783831071666
77503,Assembly,1.84516017206018e-05,0.004188289358627476,7.21491648553955e-06,0.004176332210331339,4.742231810598643e-06,0.018198017828126283,0.017268687019842993,0.0009293308082832943,0.05982466615022281,1.5783789095785822e-06,4.110997417072788e-06,4.283979780115399e-05,1.6485362550894188e-11,9.949665091780528e-12,6.535697459113655e-12,4.122740987010893e-11,3.961670539644714e-11,1.610704473661791e-12,0.0007529569906216363,0.016337556922644738,1.7605598860311932e-08,8.19752594299151e-11,2.437950519633516e-10,1.7333827542615886e-05,0.003220573745235882
77504,Assembly,1.8527253859478683e-05,0.004205814418053932,7.243695467046604e-06,0.004193809486551228,4.761236035658385e-06,0.018259926381084816,0.01732628126299197,0.0009336451180928494,0.06004527546311033,1.5853172111842893e-06,4.1285077245839665e-06,4.301959160882886e-05,1.6553500813199985e-11,9.984682722404333e-12,6.568818090795642e-12,4.133806569848435e-11,3.972302790957626e-11,1.615037788908088e-12,0.0007543500271354594,0.01638588880931316,1.7606029621117754e-08,8.225588906947944e-11,2.449045817389168e-10,1.741047217543056e-05,0.00323565261631065
77505,Assembly,1.8366890690072295e-05,0.0041705004847907975,7.1804629338572365e-06,0.004158597236803233,4.722785053708244e-06,0.01812622827739247,0.01720128561522627,0.0009249426621662034,0.0596006270141753,1.5707264286874208e-06,4.0929217128418536e-06,4.265283276302715e-05,1.6415640177725238e-11,9.91313911949706e-12,6.50250105822817e-12,4.1005977991470515e-11,3.940495057106305e-11,1.6010274204074678e-12,0.0007515305429053163,0.016286105465955096,1.7498717604783955e-08,8.169190288502655e-11,2.426562008188156e-10,1.7254768780192346e-05,0.0032053067246622063
77506,Assembly,1.852649358735449e-05,0.004205792277294362,7.243219225836704e-06,0.004193787859172578,4.76119889594772e-06,0.018259097113282993,0.017325458191940094,0.0009336389213429019,0.06004498761344401,1.5852572733217751e-06,4.128460273374523e-06,4.301898975963827e-05,1.655336786588401e-11,9.984556134057594e-12,6.568811731826411e-12,4.132876876169865e-11,3.971417944874131e-11,1.6145893129573573e-12,0.0007543472230831682,0.016385626997800502,1.7597095708797467e-08,8.22556602125527e-11,2.4490212092800016e-10,1.7410269568366013e-05,0.0032356368257675364
77507,Assembly,1.844442612868247e-05,0.004188080389956387,7.210421631041158e-06,0.004176128087046352,4.741881278993907e-06,0.018190191041968548,0.017260918719781797,0.0009292723221867578,0.05982194937069886,1.5778132047102418e-06,4.110549563594783e-06,4.2834117434807196e-05,1.6484107769013036e-11,9.94847032705216e-12,6.5356374419608735e-12,4.113966362458539e-11,3.9533191951661244e-11,1.606471672924154e-12,0.0007529305254464422,0.016335085896133503,1.7521278908266194e-08,8.19730994350107e-11,2.4377182636508654e-10,1.7331915298869318e-05,0.003220424711107231
77512,Assembly,1.8440979397858122e-05,0.0041879800137410075,7.208262568245399e-06,0.004176030038268461,4.741712904300847e-06,0.018186431515868302,0.01725718728695023,0.0009292442289180778,0.05982064439017134,1.5775414734817783e-06,4.110334441218152e-06,4.2831388922093367e-05,1.6483505045859854e-11,9.947896432596704e-12,6.535608613263143e-12,4.109751550738938e-11,3.949307702210184e-11,1.6044384852875452e-12,0.0007529178131383652,0.016333898960847915,1.7480776580222622e-08,8.197206190095064e-11,2.437606701585528e-10,1.733099676984216e-05,0.0032203531239084504
77513,Assembly,1.843816491533182e-05,0.004187898049956007,7.206499551397977e-06,0.004175949974989325,4.741575415284256e-06,0.01818336161541609,0.017254140326500543,0.0009292212889155548,0.05981957878769786,1.577319587052772e-06,4.110158779641747e-06,4.2829160911915844e-05,1.648301288274376e-11,9.947427810009349e-12,6.535585072734406e-12,4.1063098796189674e-11,3.946032054239904e-11,1.6027782537906424e-12,0.0007529074327023014,0.016332929750082298,1.744770376416518e-08,8.197121468611685e-11,2.437515603817965e-10,1.733024673044872e-05,0.0032202946682499305
77517,Assembly,1.850782008095436e-05,0.004205248464622059,7.231521975604668e-06,0.004193256655961547,4.760286684908121e-06,0.018238728962048652,0.017305242242853014,0.0009334867191956413,0.06003791756258291,1.583785102997948e-06,4.127294795337053e-06,4.300420737533819e-05,1.655010246593487e-11,9.981446920622289e-12,6.568655545312574e-12,4.1100421038501583e-11,3.949684701634578e-11,1.6035740221558032e-12,0.0007542783510480912,0.01637919648588022,1.7377664450458693e-08,8.225003911827575e-11,2.4484167945324467e-10,1.740529321293199e-05,0.0032352489846268354
77524,Assembly,1.8416061749298865e-05,0.00418725435821814,7.192653931916149e-06,0.004175321208622736,4.7404956634886734e-06,0.018159252558505718,0.01723021142586395,0.0009290411326417737,0.05981121021970125,1.5755770313484977e-06,4.108779244699676e-06,4.281166352885631e-05,1.6479147744847675e-11,9.943747544540193e-12,6.535400200307477e-12,4.079281170971954e-11,3.920307186426374e-11,1.5897398454558077e-12,0.0007528259113214896,0.016325318181606333,1.7187970780334746e-08,8.19645611965457e-11,2.4368001795568915e-10,1.7324356395337557e-05,0.0032198355944721598
3418,Transport,9.231465240116845e-06,0.0013315325407664582,5.286361790965923e-07,0.0013289086449701538,2.095259617210878e-06,0.007740108865651198,0.007297493526935364,0.0004426153387158567,0.01769671879375553,1.1634752911320504e-07,4.031319596765441e-06,4.357505113638593e-05,6.561458754365956e-13,3.2158816632885946e-13,3.3455770910773497e-13,7.887920290638412e-12,7.433621520854246e-12,4.542987697841892e-13,4.15847511071247e-05,0.013901325627428905,2.3701840632762135e-09,2.653941600846271e-11,5.961346570755588e-11,1.3052212203818824e-05,0.00010618780881739738
3419,Transport,9.231484401074443e-06,0.001331540287195135,5.286385277918341e-07,0.0013289163852739563,2.095263393390676e-06,0.0077401649414853835,0.007297547416503539,0.00044261752498186735,0.017696837161639594,1.1634810039052542e-07,4.031324844127831e-06,4.357510473125643e-05,6.561494809089148e-13,3.2159000965651106e-13,3.3455947125240264e-13,7.888004761618986e-12,7.433701711542876e-12,4.543030500761328e-13,4.158489929944527e-05,0.013901444870273416,2.370206238061424e-09,2.6539591684820024e-11,5.961423209988732e-11,1.305224349155555e-05,0.00010618841674329036
3421,Transport,9.231457853663776e-06,0.0013315295545570484,5.286352736863542e-07,0.0013289056611218526,2.0952581615125018e-06,0.007740087248698316,0.007297472752777066,0.0004426144959212727,0.01769667316352979,1.1634730888866275e-07,4.031317573933553e-06,4.3575030475832106e-05,6.561444855450965e-13,3.215874557352933e-13,3.34557029809802e-13,7.887887727498986e-12,7.433590607745902e-12,4.542971197531089e-13,4.158469397972825e-05,0.0139012796599103,2.3701755150077124e-09,2.653934828610791e-11,5.961317026715526e-11,1.305220014255321e-05,0.00010618757446501411
3425,Transport,9.231480910905938e-06,0.0013315388761831201,5.286380999769862e-07,0.0013289149753775867,2.0952627055595104e-06,0.007740154727271959,0.007297537600518477,0.0004426171267535046,0.01769681560092903,1.1634799633235917e-07,4.0313238883207495e-06,4.357509496895055e-05,6.561488241721172e-13,3.215896738943719e-13,3.3455915027774427e-13,7.88798937522953e-12,7.433687104808615e-12,4.5430227042093785e-13,4.158487230621347e-05,0.0139014231501888,2.3702021989242076e-09,2.6539559685370827e-11,5.961409250152104e-11,1.3052237792494178e-05,0.00010618830600958648
3426,Transport,9.231451481207077e-06,0.0013315269782880354,5.286344925688839e-07,0.0013289030868898204,2.095256905649264e-06,0.007740068599274174,0.007297454830450483,0.00044261376882371434,0.017696633797323176,1.1634711889607141e-07,4.031315828791671e-06,4.3575012651514624e-05,6.561432864549093e-13,3.2158684269048164e-13,3.3455644376442644e-13,7.88785963455722e-12,7.4335639383225e-12,4.54295696234742e-13,4.158464469465775e-05,0.013901240002713661,2.3701681402271023e-09,2.6539289860532134e-11,5.96129153841766e-11,1.3052189737032168e-05,0.00010618737228402138
3427,Transport,9.231461519544842e-06,0.0013315310366064745,5.286357230395442e-07,0.0013289071419994658,2.095258883972533e-06,0.007740097977146398,0.007297483062947976,0.00044261491419844565,0.017696695809714502,1.163474181856382e-07,4.031318577860749e-06,4.357504072962136e-05,6.561451753453136e-13,3.215878084013803e-13,3.345573669439322e-13,7.887903888516345e-12,7.433605949856317e-12,4.54297938660051e-13,4.158472233193451e-05,0.01390130247349275,2.3701797574953243e-09,2.6539381896569645e-11,5.961331689360243e-11,1.3052206128533873e-05,0.00010618769077360721
3429,Transport,9.23143492882142e-06,0.0013315202864578241,5.28632463624911e-07,0.001328896400350644,2.0952536435584206e-06,0.007740020157601635,0.0072974082774057945,0.00044261188019586404,0.017696531544037743,1.1634662539242077e-07,4.031311295804972e-06,4.3574966353047475e-05,6.56140171831436e-13,3.2158525031337713e-13,3.3455492151805777e-13,7.887786663452298e-12,7.433494664790762e-12,4.54291998661559e-13,4.158451667723333e-05,0.013901136993584856,2.3701489843161942e-09,2.653913810074653e-11,5.96122533284641e-11,1.305216270880657e-05,0.00010618684712113324
3431,Transport,9.23145975979642e-06,0.0013315303251720085,5.286355073346283e-07,0.00132890643112751,2.0952585371669827e-06,0.0077400928271240035,0.007297478113712944,0.00044261471341108187,0.017696684938770493,1.1634736571934796e-07,4.031318095941323e-06,4.357503580745145e-05,6.561448442175924e-13,3.215876391095842e-13,3.3455720510800713e-13,7.8878961306747e-12,7.433598585118044e-12,4.5429754555668144e-13,4.15847087219048e-05,0.013901291522192095,2.370177720956019e-09,2.653936576239728e-11,5.961324650788768e-11,1.305220325505821e-05,0.00010618763494150041
3433,Transport,9.231475627753042e-06,0.0013315367402999372,5.286374523832528e-07,0.0013289128411831845,2.095261664372757e-06,0.007740139265768833,0.007297522741823302,0.0004426165239455527,0.0176967829639574,1.1634783881698375e-07,4.03132244149234e-06,4.3575080191510864e-05,6.561478300536642e-13,3.2158916564306077e-13,3.345586644106023e-13,7.887966084477835e-12,7.433664994239939e-12,4.543010902379192e-13,4.158483144590241e-05,0.013901390271968803,2.3701960847840295e-09,2.653951124702681e-11,5.961388118808094e-11,1.305222916568646e-05,0.00010618813838928745
3435,Transport,9.231464005564444e-06,0.0013315320416592458,5.286360277686986e-07,0.001328908146257571,2.095259373909268e-06,0.007740105252650361,0.007297490054797006,0.00044261519785337934,0.01769671116723922,1.1634749230545236e-07,4.031319258674622e-06,4.3575047683235116e-05,6.561456431337741e-13,3.215880475621137e-13,3.345575955716593e-13,7.887914848120653e-12,7.433616354118355e-12,4.5429849400232006e-13,4.158474155900143e-05,0.01390131794453835,2.3701826345410256e-09,2.6539404689525866e-11,5.961341632842182e-11,1.3052210187930506e-05,0.00010618776964835439
3439,Transport,9.23148190753348e-06,0.0013315392791016134,5.286382221407326e-07,0.001328915377977504,2.0952629019716557e-06,0.007740157643969645,0.007297540403500922,0.0004426172404687459,0.01769682175765124,1.1634802604646442e-07,4.03132416125418e-06,4.3575097756604754e-05,6.561490117051773e-13,3.215897697722054e-13,3.3455924193297067e-13,7.88799376885679e-12,7.433691275803116e-12,4.5430249305369565e-13,4.158488001420757e-05,0.013901429352420724,2.3702033523113252e-09,2.6539568822904537e-11,5.961413236423148e-11,1.3052239419877358e-05,0.00010618833762991049
3464,Transport,9.231851009924122e-06,0.0013316885005238209,5.286834656534441e-07,0.001329064481414689,2.095335643481774e-06,0.007741237846999644,0.0072985784919337255,0.00044265935506594104,0.017699101908252232,1.1635903070651792e-07,4.031425242528039e-06,4.3576130168201526e-05,6.562184648337909e-13,3.216252782607266e-13,3.3459318657306295e-13,7.88962095480038e-12,7.435236009396355e-12,4.5438494540404927e-13,4.158773468050039e-05,0.013903726357606928,2.3706305108283847e-09,2.6542952921174762e-11,5.962889557427739e-11,1.305284212349299e-05,0.00010620004826072238
30895,Transport,1.0334514593535003e-05,0.001485039905068425,5.903966701763836e-07,0.0014821032472572937,2.3462611409584965e-06,0.008620033415424447,0.008125954140892514,0.0004940792745319625,0.01971959908786626,1.2987936445622724e-07,4.516517331251108e-06,4.882312413883806e-05,7.320282484719501e-13,3.586938089023291e-13,3.733344395696197e-13,8.75396754716211e-12,8.249132858178998e-12,5.048346889831362e-13,4.648414983876041e-05,0.015460873968939767,2.6340176354668056e-09,2.9575152559610376e-11,6.601495176299564e-11,1.46070830777471e-05,0.00011844085036916004
30896,Transport,1.0334560087734383e-05,0.0014850582975505819,5.904022467248976e-07,0.001482121625197052,2.346270106808756e-06,0.008620166557266024,0.008126082091844162,0.0004940844654218896,0.019719880130819902,1.2988072085003908e-07,4.516529790156126e-06,4.882325139008383e-05,7.320368090084326e-13,3.586981855476651e-13,3.733386234607661e-13,8.75416810810028e-12,8.24932325634456e-12,5.04844851755748e-13,4.648450169439936e-05,0.015461157089327422,2.634070285450212e-09,2.957556967108226e-11,6.601677142181762e-11,1.4607157364771924e-05,0.00011844229377832388
30897,Transport,9.870679285822865e-06,0.0014184088290264951,5.639035976748135e-07,0.0014156039719306454,2.2409534981786324e-06,0.008233314086901571,0.007761404885372064,0.0004719092015295351,0.018834880392314988,1.2405146968030657e-07,4.313793317194858e-06,4.663168378522781e-05,6.99182570502109e-13,3.4259974620936874e-13,3.5658282429273907e-13,8.36135375900875e-12,7.879163262972003e-12,4.821904960367689e-13,4.439809821667661e-05,0.014767332437700313,2.515868990303169e-09,2.824825733971307e-11,6.305473053744607e-11,1.3951503128861602e-05,0.0001131265808505504
30898,Transport,9.870687023810807e-06,0.0014184119573550974,5.639045461751881e-07,0.0014156070977857694,2.2409550231563693e-06,0.008233336732644958,0.007761426648210725,0.00047191008443426175,0.018834928194167006,1.2405170038573944e-07,4.3137954362970325e-06,4.663170542905534e-05,6.991840265410983e-13,3.426004906213883e-13,3.5658353591970865e-13,8.361387871887805e-12,7.87919564729197e-12,4.8219222459586e-13,4.439815806287082e-05,0.014767380592897584,2.515877945399474e-09,2.8248328285099156e-11,6.305504003839818e-11,1.3951515764145006e-05,0.00011312682635619413
30899,Transport,1.0334593821239681e-05,0.0014850719353967838,5.90406381681252e-07,0.001482135252260207,2.3462767548993098e-06,0.008620265280643484,0.008126176966227352,0.0004940883144161621,0.01972008852143,1.298817266028264e-07,4.516539028312728e-06,4.882334574564194e-05,7.320431565627734e-13,3.5870143078751177e-13,3.733417257752603e-13,8.75431682208057e-12,8.249464434728037e-12,5.048523873525574e-13,4.648476259192522e-05,0.015461367020334583,2.6341093248995975e-09,2.957587895517202e-11,6.601812068109336e-11,1.4607212447876573e-05,0.00011844336405214634
74744,Transport,1.2210782733581374e-05,0.0017675491361275194,7.008239888103623e-07,0.0017640775611830794,2.770750955633776e-06,0.010288576057884417,0.00970151452339574,0.0005870615344887063,0.023511033462548868,1.5431289393230007e-07,5.328432573264132e-06,5.7591771045507306e-05,8.707368319877826e-13,4.268589533074374e-13,4.438778786803432e-13,1.0519517577327663e-11,9.9143914737397e-12,6.051261035879903e-13,5.5083651870422646e-05,0.018501773153355053,3.1568885181143614e-09,3.5256710032197744e-11,7.966336731365222e-11,1.7269911349693177e-05,0.00014094709497142774
74751,Transport,1.2209719464685403e-05,0.0017671192757395383,7.006936563578228e-07,0.00176364804067316,2.7705414100249803e-06,0.010285464329777937,0.009698524114311838,0.0005869402154661284,0.02350446505965138,1.5428119293809832e-07,5.328141389632746e-06,5.758879698961787e-05,8.705367591807381e-13,4.2675666442406864e-13,4.437800947566675e-13,1.0514830162004312e-11,9.909941577927884e-12,6.048885840764581e-13,5.507542846695928e-05,0.01849515619765307,3.1556580076209225e-09,3.5246961500292054e-11,7.962083910889256e-11,1.7268175148508254e-05,0.0001409133602956029
74771,Transport,1.1883093992629057e-05,0.0017212726654968432,6.823073848235503e-07,0.0017178940961264286,2.696261985595111e-06,0.010021766301900813,0.009450164696516189,0.000571601605384651,0.022899055584623088,1.5024836165195318e-07,5.184713864144372e-06,5.603767697271825e-05,8.478909183728977e-13,4.1567691298499965e-13,4.3221400538789617e-13,1.0253035344039268e-11,9.663373130683561e-12,5.896622133557359e-13,5.3619800886708836e-05,0.018026257163191336,3.076178686936181e-09,3.433857433480805e-11,7.76748128723938e-11,1.6807430602748787e-05,0.00013725465989776234
74772,Transport,1.1880378492464848e-05,0.0017201748378837434,6.819745265996211e-07,0.0017167971365335774,2.695726823570481e-06,0.01001381920759933,0.009442527440889551,0.0005712917667098058,0.022882280430930272,1.5016739995422413e-07,5.183970205412478e-06,5.603008148178768e-05,8.473799490946262e-13,4.154156757000223e-13,4.3196427339460223e-13,1.0241064075878887e-11,9.652008467564492e-12,5.890556083144224e-13,5.35987989994725e-05,0.018009358009681467,3.073036065667326e-09,3.43136773966102e-11,7.756619938106924e-11,1.680299648959018e-05,0.0001371685043466229
74774,Transport,1.1880874866282993e-05,0.0017203755128426925,6.820353706789881e-07,0.001716997652824694,2.695824647323539e-06,0.010015271879042175,0.009443923476060349,0.000571348402981852,0.02288534680787188,1.501821991678478e-07,5.18410614085782e-06,5.603146988267367e-05,8.474733505883742e-13,4.154634279890094e-13,4.3200992259936303e-13,1.0243252337239765e-11,9.65408584590484e-12,5.891664913349543e-13,5.3602637992779564e-05,0.018012447052894082,3.0736105141386477e-09,3.4318228377102215e-11,7.758605314285552e-11,1.6803807013451543e-05,0.00013718425295913898
74778,Transport,1.1882406032610333e-05,0.0017209945357013752,6.822230566570545e-07,0.0017176161862400715,2.696126404650821e-06,0.010019752940525801,0.009448229831406195,0.0005715231091196322,0.02289480567324369,1.5022785036205536e-07,5.184525461476658e-06,5.6035752688510255e-05,8.477614665544516e-13,4.156107296682635e-13,4.3215073688618615e-13,1.025000247592299e-11,9.66049394328551e-12,5.895085326375091e-13,5.361448015098332e-05,0.01802197583700388,3.075382517664876e-09,3.4332266805059194e-11,7.764729612225316e-11,1.6806307239689624e-05,0.00013723283276795533
74779,Transport,1.188273327802931e-05,0.0017211268351068208,6.82263169462196e-07,0.0017177483810402387,2.6961908971238015e-06,0.010020710646306346,0.009449150198471647,0.0005715604478347244,0.022896827250068082,1.5023760707098269e-07,5.184615079925774e-06,5.603666802250457e-05,8.478230435551661e-13,4.1564221142101807e-13,4.32180832134146e-13,1.0251445135627618e-11,9.661863500906215e-12,5.895816347214323e-13,5.361701109223625e-05,0.018024012357068787,3.0757612355259036e-09,3.433526713961235e-11,7.766038515385898e-11,1.6806841595473322e-05,0.0001372432153891024
74780,Transport,1.1880557399865594e-05,0.001720247166910754,6.819964565558199e-07,0.0017168694083721375,2.695762082064686e-06,0.01001434279216901,0.009443030612117816,0.0005713121800512215,0.02288338564137504,1.5017273401646854e-07,5.184019200456751e-06,5.6030581901400116e-05,8.474136136793832e-13,4.154328869984227e-13,4.3198072668095864e-13,1.0241852788212037e-11,9.65275721446783e-12,5.890955737442351e-13,5.3600182683077326e-05,0.018010471389702232,3.073243113418655e-09,3.4315317700874646e-11,7.757335524785013e-11,1.6803288625702072e-05,0.0001371741805995347
74783,Transport,1.1882291929881704e-05,0.0017209484060314634,6.822090702717475e-07,0.0017175700930435432,2.696103917652633e-06,0.010019419011197999,0.009447908921204187,0.0005715100899938368,0.022894100797274698,1.5022444842868514e-07,5.184494213645559e-06,5.603543353322096e-05,8.477399961124072e-13,4.1559975272654626e-13,4.3214024338585913e-13,1.0249499454645263e-11,9.660016410973436e-12,5.894830436718566e-13,5.361359767169952e-05,0.018021265750680762,3.0752504677145375e-09,3.433122065944655e-11,7.764273228687228e-11,1.6806120922481058e-05,0.00013722921259381532
74784,Transport,1.1882644392530759e-05,0.0017210909003070372,6.822522741326466e-07,0.0017177124746530525,2.6961733798560833e-06,0.01002045051690244,0.0094489002109066,0.0005715503059958665,0.02289627815494413,1.5023495698060117e-07,5.184590738009685e-06,5.603641940200844e-05,8.478063181799875e-13,4.156336604341239e-13,4.321726577458619e-13,1.0251053284375775e-11,9.66149150544088e-12,5.895617789349251e-13,5.3616323644950435e-05,0.01802345920310304,3.075658369224542e-09,3.433445219701235e-11,7.765682994717808e-11,1.6806696455228464e-05,0.00013724039529016926
74785,Transport,1.1880164471925567e-05,0.0017200883132497582,6.819482925755806e-07,0.001716710680312095,2.6956846450920466e-06,0.010013192862062497,0.00944192551510461,0.0005712673469579108,0.022880958307114112,1.5016101900590475e-07,5.183911594389383e-06,5.6029482847662564e-05,8.473396773531866e-13,4.1539508643792303e-13,4.3194459091526184e-13,1.0240120567459576e-11,9.65111276836272e-12,5.890077990968849e-13,5.359714374815213e-05,0.018008026112893073,3.072788381830815e-09,3.4311715159152145e-11,7.755763907299306e-11,1.680264701758427e-05,0.00013716171404781904
74786,Transport,1.1882003588297293e-05,0.0017208318347428514,6.821737261870975e-07,0.0017174536139244463,2.696047092222044e-06,0.010018575160112099,0.009447097969904337,0.0005714771902077889,0.022892319551057805,1.5021585162412322e-07,5.184415249283913e-06,5.603462701664691e-05,8.476857395547305e-13,4.155720136110604e-13,4.321137259436682e-13,1.0248228302290264e-11,9.658809670125761e-12,5.894186321645301e-13,5.3611367615696915e-05,0.01801947133771684,3.0749167728734177e-09,3.4328577012908986e-11,7.763119931530802e-11,1.680565009238116e-05,0.0001372200642871982
74787,Transport,1.1882682582943792e-05,0.0017211063400004454,6.822569554039725e-07,0.0017177279021387457,2.6961809062996575e-06,0.01002056228372087,0.00944900762019741,0.0005715546635234862,0.022896514078350323,1.5023609561455048e-07,5.1846011967216754e-06,5.603652622392642e-05,8.478135043801739e-13,4.1563733443862037e-13,4.3217616994155154e-13,1.0251221646610336e-11,9.661651336467311e-12,5.895703101430548e-13,5.361661901254372e-05,0.018023696870425248,3.0757025666088214e-09,3.4334802344055474e-11,7.765835747207003e-11,1.6806758815973352e-05,0.00013724160696974367
74788,Transport,1.1880548837088124e-05,0.00172024370513466,6.819954069551099e-07,0.0017168659493331689,2.695760394540086e-06,0.010014317732623467,0.009443006529585515,0.0005713112030379775,0.022883332744339718,1.5017247872022128e-07,5.184016855480189e-06,5.60305579505643e-05,8.474120024416887e-13,4.1543206323977675e-13,4.319799392019101e-13,1.0241815039252692e-11,9.652721378314109e-12,5.89093660938613e-13,5.360011645789746e-05,0.01801041810165871,3.073233203801652e-09,3.4315239193443756e-11,7.757301275729581e-11,1.680327464362807e-05,0.0001371739089255271
74790,Transport,1.1881716483093385e-05,0.0017207157633005181,6.821385336544239e-07,0.0017173376342564137,2.6959905104533407e-06,0.01001773492737708,0.009446290495884302,0.0005714444314928041,0.02289054594265038,1.5020729168181802e-07,5.184336623513724e-06,5.6033823958337e-05,8.476317156438637e-13,4.155443934381873e-13,4.320873222056746e-13,1.0246962600512171e-11,9.657608103664757e-12,5.893544968474438e-13,5.360914712195621e-05,0.018017684619020112,3.0745845088831233e-09,3.432594470206908e-11,7.761971579599723e-11,1.6805181281154654e-05,0.0001372109552076246
74792,Transport,1.188186824080828e-05,0.0017207771162004758,6.821571356799781e-07,0.0017173989386464253,2.696020418374918e-06,0.01001817905656077,0.009446717309506792,0.0005714617470540034,0.022891483434396828,1.5021181628557363e-07,5.184378183426444e-06,5.6034248437908876e-05,8.47660271536098e-13,4.155589928751293e-13,4.3210127866096697e-13,1.0247631623598359e-11,9.658243226184072e-12,5.893883974143178e-13,5.361032082780144e-05,0.018018629040587122,3.0747601365736773e-09,3.432733608568914e-11,7.762578574048381e-11,1.6805429084815062e-05,0.00013721577007368084
74793,Transport,1.1882336450149229e-05,0.0017209664047705823,6.822145274384871e-07,0.0017175880775515842,2.69611269156354e-06,0.010019549302762339,0.009448034133004263,0.0005715151697581012,0.02289437582370999,1.5022577578505572e-07,5.1845064058325185e-06,5.6035558060294354e-05,8.477483733864232e-13,4.156040356774252e-13,4.3214433770899623e-13,1.0249695722009986e-11,9.6602027331284e-12,5.894929888816113e-13,5.361394199487455e-05,0.018021542810076722,3.0753019905763165e-09,3.433162884146906e-11,7.764451299075675e-11,1.6806193619182263e-05,0.0001372306251027285
74794,Transport,1.2207020506748499e-05,0.001766028135849812,7.00362825832685e-07,0.001762557763515894,2.770009508089218e-06,0.010277565647419893,0.009690933383159857,0.0005866322642600652,0.02348779209649021,1.5420072444115223e-07,5.327402261105617e-06,5.758124776874065e-05,8.700289026144667e-13,4.2649701853893934e-13,4.435318840755256e-13,1.0502931820165815e-11,9.898646145826751e-12,6.042856743390928e-13,5.505455451858189e-05,0.018478359990054347,3.1525345305068175e-09,3.522221622874342e-11,7.951288726697081e-11,1.726376804698778e-05,0.00014082772958505432
74797,Transport,1.2209109475565699e-05,0.0017668726681686283,7.006188856405618e-07,0.0017634016280876578,2.7704211953342922e-06,0.010283679155495475,0.00969680853981177,0.0005868706156837347,0.023500696817848696,1.5426300632357395e-07,5.327974339841623e-06,5.758709079681865e-05,8.70421978962951e-13,4.2669798208495576e-13,4.437239968779934e-13,1.0512141028185379e-11,9.907388707210693e-12,6.047523209747151e-13,5.507071076416689e-05,0.018491360101482984,3.154952073293753e-09,3.524136884314004e-11,7.959644100763876e-11,1.7267179103353136e-05,0.000140894006973703
74800,Transport,1.2208750771408535e-05,0.0017667276505641892,7.00574916713495e-07,0.0017632567251444054,2.7703505030745303e-06,0.010282629383596772,0.009695799696071414,0.0005868296875253858,0.023498480902914867,1.5425231168325342e-07,5.327876106196802e-06,5.758608746998833e-05,8.703544824454716e-13,4.2666347393011837e-13,4.436910085153514e-13,1.0510559682799271e-11,9.905887491353924e-12,6.04672191445377e-13,5.506793651861196e-05,0.018489127806785882,3.154536948548637e-09,3.52380800805946e-11,7.958209370198376e-11,1.7266593378909333e-05,0.00014088262625100456
74801,Transport,1.2209233909501275e-05,0.0017669229745586933,7.00634138395593e-07,0.001763451894701928,2.770445718373463e-06,0.0102840433197969,0.009697158506196285,0.0005868848136006461,0.023501465515424702,1.542667162783042e-07,5.3280084169460745e-06,5.758743884939533e-05,8.704453934039042e-13,4.2670995291225204e-13,4.4373544049165033e-13,1.0512689594534465e-11,9.90790947674591e-12,6.047801177885857e-13,5.507167314580022e-05,0.018492134481174368,3.1550960794468957e-09,3.524250970994778e-11,7.960141806651e-11,1.726738229028657e-05,0.00014089795492938396
74802,Transport,1.2206835686692574e-05,0.0017659534164432271,7.003401711201672e-07,0.0017624831031877633,2.7699730843479763e-06,0.010277024759066207,0.009690413582781773,0.0005866111762844621,0.023486650360288335,1.5419521409513956e-07,5.327351646839327e-06,5.7580730810915684e-05,8.699941254592923e-13,4.264792384296778e-13,4.435148870296128e-13,1.0502117041923457e-11,9.897872653819299e-12,6.04244388104189e-13,5.5053125106046856e-05,0.018477209814282688,3.15232064009859e-09,3.522052171457224e-11,7.95054949081687e-11,1.726346625616016e-05,0.00014082186573942106
74806,Transport,1.2207173327034407e-05,0.0017660899183280173,7.003815581051474e-07,0.0017626194971444977,2.770039625418868e-06,0.01027801288628929,0.009691363185228662,0.0005866497010606589,0.023488736152328347,1.542052807250949e-07,5.327444112010847e-06,5.758167522041638e-05,8.700576584481896e-13,4.265117201976269e-13,4.435459382505607e-13,1.0503605527590719e-11,9.899285715321166e-12,6.043198122695811e-13,5.505573644243311e-05,0.018479311024233988,3.1527113879002133e-09,3.522361735449691e-11,7.951899971174855e-11,1.726401758570981e-05,0.00014083257816364445
74807,Transport,1.2207589807523e-05,0.0017662582938585073,7.004326090892575e-07,0.0017627877395453703,2.770121704051906e-06,0.010279231744517028,0.009692534523016376,0.0005866972215006814,0.02349130898377144,1.542176979467441e-07,5.327558168108536e-06,5.758284015268762e-05,8.701360266020474e-13,4.265517865668063e-13,4.4358424003523925e-13,1.0505441579629388e-11,9.901028731400083e-12,6.04412848229335e-13,5.505895753458138e-05,0.018481902873722107,3.153193376617711e-09,3.522743583667626e-11,7.953565793203914e-11,1.726469765254947e-05,0.00014084579197467875
74808,Transport,1.2208038485945586e-05,0.0017664396864314892,7.00487606803795e-07,0.0017629689886965393,2.7702101281500536e-06,0.010280544832169291,0.009693796416443091,0.0005867484157262308,0.023494080719747287,1.5423107513865366e-07,5.327681041835876e-06,5.758409514539003e-05,8.702204533654065e-13,4.2659495045038453e-13,4.4362550291502005e-13,1.0507419576090357e-11,9.902906499329801e-12,6.045130767605857e-13,5.5062427648028896e-05,0.01848469509802016,3.1537126276832356e-09,3.5231549524130645e-11,7.955360399243772e-11,1.7265430295074703e-05,0.00014086002733996867
74811,Transport,1.220685798376363e-05,0.0017659624307458657,7.003429042312045e-07,0.001762492110363056,2.7699774785829115e-06,0.010277090012947852,0.009690476292566742,0.0005866137203811409,0.02348678810168817,1.5419587887459746e-07,5.327357753048344e-06,5.758079317776921e-05,8.699983210467038e-13,4.2648138345856866e-13,4.435169375881333e-13,1.0502215338443678e-11,9.897965969483362e-12,6.042493689603446e-13,5.5053297553310234e-05,0.01847734857384955,3.1523464442766396e-09,3.522072614424136e-11,7.950638673751401e-11,1.72635026648253e-05,0.00014082257316579903
74812,Transport,1.2207685011478646e-05,0.0017662967830962394,7.004442789171605e-07,0.0017628261983507858,2.7701404665407937e-06,0.010279510365311589,0.009692802281035879,0.0005867080842757405,0.023491897111516436,1.5422053641973744e-07,5.327584240378338e-06,5.758310644645964e-05,8.701539409064342e-13,4.2656094540362734e-13,4.43592995502805e-13,1.050586128576602e-11,9.901427170294604e-12,6.044341154714467e-13,5.5059693849300575e-05,0.018482495348833096,3.1533035552064776e-09,3.5228308709759135e-11,7.953946586184403e-11,1.7264853110139948e-05,0.00014084881254134167
74815,Transport,1.2207573473109539e-05,0.0017662516901505126,7.004306068636912e-07,0.001762781141058735,2.770118484918321e-06,0.010279183940754812,0.009692488583011376,0.0005866953577434669,0.023491208077021396,1.5421721094185903e-07,5.327553694815049e-06,5.758279446390772e-05,8.701329529938894e-13,4.2655021515912203e-13,4.435827378347654e-13,1.0505369569453739e-11,9.90096037010565e-12,6.044091993481144e-13,5.505883120297068e-05,0.018481801221082114,3.153174472963851e-09,3.5227286075358695e-11,7.953500459469147e-11,1.7264670980248494e-05,0.00014084527372746486
74816,Transport,1.2206838789647492e-05,0.0017659546709117913,7.00340551471484e-07,0.0017624843566644553,2.7699736958683355e-06,0.010277033840072967,0.009690422309741256,0.0005866115303317396,0.023486669528965373,1.541953066086667e-07,5.327352496605257e-06,5.758073949015137e-05,8.699947093350203e-13,4.264795369409903e-13,4.435151723940281e-13,1.0502130721283858e-11,9.897885640022645e-12,6.042450812612437e-13,5.505314910453898e-05,0.01847722912465217,3.152324231117382e-09,3.52205501638715e-11,7.950561901892057e-11,1.7263471322944327e-05,0.00014082196418787438
74817,Transport,1.2207123366881462e-05,0.0017660697203415914,7.00375434132851e-07,0.0017625993151280297,2.7700297794328676e-06,0.010277866674533533,0.009691222673928307,0.0005866440006052557,0.023488427520697536,1.5420379118042297e-07,5.32743043007318e-06,5.7581535477508746e-05,8.700482575637302e-13,4.265069139174122e-13,4.435413436463163e-13,1.0503385278519803e-11,9.899076626654893e-12,6.04308651864938e-13,5.505535004676564e-05,0.018479000111237143,3.15265356951327e-09,3.522315929713546e-11,7.951700142549913e-11,1.726393600627391e-05,0.0001408309930617289
74818,Transport,1.2207818756720534e-05,0.0017663508538790745,7.004606730254212e-07,0.001762880226381431,2.7701668246222174e-06,0.010279901779778682,0.009693178435165647,0.0005867233446130661,0.023492723330206435,1.542245239878434e-07,5.327620867449215e-06,5.7583480543572634e-05,8.701791074339938e-13,4.265738119997449e-13,4.4360529543424704e-13,1.0506450900959913e-11,9.90198690865805e-12,6.044639923018925e-13,5.506072824529347e-05,0.01848332767482729,3.153458337241592e-09,3.5229534946849995e-11,7.95448153506274e-11,1.726507150141268e-05,0.00014085305591984674
74819,Transport,1.2207114757709866e-05,0.0017660662398091898,7.003743788452817e-07,0.0017625958373475837,2.7700280827650624e-06,0.010277841479212445,0.009691198460914034,0.0005866430182984399,0.023488374337059897,1.5420353450095085e-07,5.327428072391261e-06,5.75815113969045e-05,8.700466375961618e-13,4.2650608569554566e-13,4.4354055190061413e-13,1.0503347325032189e-11,9.899040596336708e-12,6.043067286955115e-13,5.5055283462769994e-05,0.018478946534472775,3.152643606204805e-09,3.522308036434214e-11,7.951665707929098e-11,1.7263921948443394e-05,0.0001408307199157598
74821,Transport,1.2208093624860567e-05,0.0017664619780977612,7.004943655738927e-07,0.0017629912627374414,2.7702209947497935e-06,0.010280706199921283,0.009693951492842728,0.0005867547070785846,0.023494421343469376,1.5423271908632363e-07,5.327696142013786e-06,5.7584249373747004e-05,8.70230828725336e-13,4.266002549392724e-13,4.4363057378606174e-13,1.050766265570641e-11,9.90313726167766e-12,6.045253940287784e-13,5.506285409664047e-05,0.01848503823958977,3.1537764393998566e-09,3.5232055062733314e-11,7.955580941674328e-11,1.7265520330859523e-05,0.0001408617767501407
74822,Transport,1.2207384169390368e-05,0.0017661751580799548,7.004074025565892e-07,0.0017627046694998515,2.7700811775511717e-06,0.010278629930658369,0.009691956172476687,0.0005866737581817126,0.023490038642739807,1.5421156691697833e-07,5.3275018526661895e-06,5.758226496488539e-05,8.700973321583491e-13,4.265320037112702e-13,4.4356532844707717e-13,1.0504535025005607e-11,9.900168113480554e-12,6.043669115250823e-13,5.5057367113439086e-05,0.018480623142490035,3.1529553936568503e-09,3.5225550452927534e-11,7.952743290011722e-11,1.7264361868091847e-05,0.00014083926762719915
74825,Transport,1.220702906458895e-05,0.0017660315956299572,7.00363874828229e-07,0.0017625612205604923,2.770011194640845e-06,0.010277590692516906,0.00969095745180694,0.0005866332407099947,0.023487844963026798,1.542009795902038e-07,5.327404604730139e-06,5.7581271705767196e-05,8.700305129231733e-13,4.2649784182263254e-13,4.43532671100539e-13,1.0502969547360319e-11,9.898681961318494e-12,6.042875860418527e-13,5.505462070557846e-05,0.0184784132473737,3.1525444344102537e-09,3.522229469090946e-11,7.951322956005605e-11,1.726378202100017e-05,0.0001408280011024234
74826,Transport,1.2207351440843471e-05,0.0017661619265202612,7.004033907851537e-07,0.0017626914484019662,2.7700747275145817e-06,0.010278534148359414,0.00969186412450621,0.0005866700238532327,0.023489836460316257,1.5421059112667794e-07,5.327492889724481e-06,5.758217342028362e-05,8.700911737046665e-13,4.265288551507047e-13,4.4356231855395977e-13,1.0504390741379124e-11,9.900031140957124e-12,6.043596004220288e-13,5.505711398833882e-05,0.01848041946555955,3.152917517235801e-09,3.522525038275257e-11,7.952612383676625e-11,1.7264308425973752e-05,0.00014083822923801652
74827,Transport,1.2207725257467874e-05,0.0017663130538219328,7.004492121551221e-07,0.001762842456211691,2.7701483980907024e-06,0.01027962814791233,0.009692915471567677,0.0005867126763446841,0.02349214573335919,1.5422173633997963e-07,5.32759526202426e-06,5.7583219018003624e-05,8.701615138995575e-13,4.2656481715922365e-13,4.435966967403319e-13,1.0506038709997397e-11,9.901595604130663e-12,6.044431058667633e-13,5.506000511487833e-05,0.018482745808457112,3.1533501314885947e-09,3.522867770325792e-11,7.954107560485181e-11,1.7264918827414716e-05,0.00014085008943884618
74837,Transport,1.2203231060639263e-05,0.0017644961313108664,6.998983263941575e-07,0.0017610269702882193,2.7692626962573584e-06,0.01026647557790805,0.00968027568959715,0.0005861998883109276,0.02346438258183395,1.5408774341669846e-07,5.326364494757701e-06,5.757064835728268e-05,8.693158514539452e-13,4.2613246521421726e-13,4.4318338623972604e-13,1.0486226066967592e-11,9.88278690228592e-12,6.034391646817016e-13,5.5025246650763123e-05,0.018454777435222846,3.1481490423020904e-09,3.518747286660731e-11,7.936131851454148e-11,1.7257580298197245e-05,0.00014070750060390464
74839,Transport,1.220314473499812e-05,0.0017644612314151441,6.99887744844589e-07,0.0017609920979868258,2.769245683478092e-06,0.010266222940099427,0.009680032901547557,0.0005861900385519001,0.023463849300371896,1.5408516964757982e-07,5.326340853876484e-06,5.7570406896931106e-05,8.69299607761114e-13,4.2612416049142143e-13,4.4317544726969065e-13,1.0485845500833643e-11,9.882425620101869e-12,6.034198807318046e-13,5.502457900161149e-05,0.018454240211811582,3.1480491384981887e-09,3.518668139394207e-11,7.935786569601513e-11,1.7257439337918043e-05,0.00014070476172239467
74844,Transport,1.2204409865612211e-05,0.001764972700845576,7.000428209277339e-07,0.001761503163013309,2.7694950113440154e-06,0.010269925430132899,0.009683591040128526,0.000586334390004403,0.02347166471528977,1.5412288907905536e-07,5.3266873187526634e-06,5.7573945577661804e-05,8.695376644128207e-13,4.2624586893067067e-13,4.4329179548214816e-13,1.0491422822477297e-11,9.887720329128317e-12,6.037024933490096e-13,5.50343636191367e-05,0.018462113397289287,3.14951326154562e-09,3.519828068571395e-11,7.940846788517687e-11,1.7259505157090964e-05,0.00014074490093017562
74846,Transport,1.220478099021658e-05,0.0017651227398122267,7.000883123176056e-07,0.0017616530833485277,2.769568151385501e-06,0.010271011551307696,0.009684634815971462,0.0005863767353362633,0.023473957358228825,1.541339540307113e-07,5.326788953823909e-06,5.757498364556685e-05,8.696074980566342e-13,4.262815719607464e-13,4.4332592609588593e-13,1.049305892333944e-11,9.88927352590563e-12,6.03785397433838e-13,5.503723392538609e-05,0.018464422987155334,3.149942760350464e-09,3.5201683324557594e-11,7.942331197891994e-11,1.7260111162759235e-05,0.00014075667572041578
74847,Transport,1.2205013839018377e-05,0.0017652168763722823,7.001168542560786e-07,0.0017617471454775533,2.7696140404772584e-06,0.010271692999024128,0.00968528969563051,0.0005864033033936469,0.02347539579468661,1.541408963371623e-07,5.326852721098517e-06,5.757563494398529e-05,8.696513126679418e-13,4.2630397254447435e-13,4.433473401234655e-13,1.0494085436054803e-11,9.890248023430977e-12,6.038374126238556e-13,5.5039034795937656e-05,0.018465872056353718,3.150212233947483e-09,3.520381818807342e-11,7.943262537232247e-11,1.7260491379247388e-05,0.00014076406338958827
74848,Transport,1.2205289466766826e-05,0.0017653283076869157,7.001506399151715e-07,0.0017618584886866984,2.769668360306014e-06,0.010272499642211963,0.009686064889681479,0.0005864347525305153,0.02347709850047289,1.5414911408310455e-07,5.32692820368717e-06,5.7576405898850676e-05,8.697031768930128e-13,4.263304885600572e-13,4.4337268833295366e-13,1.0495300539530993e-11,9.891401555494305e-12,6.038989840367168e-13,5.5041166522154597e-05,0.018467587348326084,3.150531215192994e-09,3.520634526839151e-11,7.944364982095245e-11,1.7260941449051246e-05,0.00014077280832022385
74849,Transport,1.2205553748257105e-05,0.0017654351519145403,7.001830347824711e-07,0.0017619652484357116,2.7697204440507597e-06,0.010273273079810338,0.009686808172751483,0.000586464907058883,0.023478731114116608,1.541569935442857e-07,5.327000579023589e-06,5.7577145117241826e-05,8.697529061193734e-13,4.263559130398272e-13,4.433969930795443e-13,1.0496465623087851e-11,9.892507602234875e-12,6.039580208530067e-13,5.50432104955377e-05,0.018469232030043626,3.1508370655270364e-09,3.5208768321064106e-11,7.945422044647848e-11,1.7261372991663197e-05,0.0001407811932644603
74850,Transport,1.2205771314942396e-05,0.001765523110191233,7.002097034829214e-07,0.0017620531371663622,2.769763321392226e-06,0.01027390980338254,0.009687420071956393,0.0005864897314261762,0.023480075144447485,1.541634802197213e-07,5.327060161183596e-06,5.757775367024679e-05,8.697938451307662e-13,4.263768434492288e-13,4.4341700168153543e-13,1.0497424764673152e-11,9.893418142442845e-12,6.040066222303363e-13,5.504489317302419e-05,0.01847058599527693,3.1510888532829725e-09,3.521076307119854e-11,7.946292259188685e-11,1.726172825413559e-05,0.00014078809607298448
74853,Transport,1.220652970811587e-05,0.0017658297148375535,7.003026651435727e-07,0.0017623594993893385,2.769912783075762e-06,0.010276129292133326,0.009689553028016452,0.0005865762641169043,0.02348476016056803,1.541860914497555e-07,5.327267852463863e-06,5.7579874962135065e-05,8.69936550190263e-13,4.2644980259546486e-13,4.434867475947963e-13,1.05007681369809e-11,9.896592100243315e-12,6.04176036737613e-13,5.505075864418864e-05,0.018475305642444824,3.1519665341421142e-09,3.521771636408307e-11,7.949325649922876e-11,1.7262966626791294e-05,0.0001408121578582506
74854,Transport,1.2206772619568138e-05,0.0017659279195452343,7.003324405328872e-07,0.0017624576264494236,2.769960655282257e-06,0.010276840188874741,0.009690236208551672,0.0005866039803230995,0.02348626075961022,1.541933337706481e-07,5.32733437546575e-06,5.758055440666501e-05,8.699822582668388e-13,4.264731712290285e-13,4.4350908703780846e-13,1.0501839010837804e-11,9.897608711053775e-12,6.042302997840596e-13,5.505263734005324e-05,0.018476817333725574,3.152247653144203e-09,3.521994348654628e-11,7.950297237450686e-11,1.726336327448112e-05,0.00014081986478838585
74857,Transport,1.2208061656160372e-05,0.0017664490537303492,7.004904469422871e-07,0.0017629783485889495,2.7702146944613436e-06,0.010280612641364926,0.009693861581916312,0.0005867510594486431,0.0234942238550412,1.542317659505897e-07,5.3276873871614164e-06,5.758415995450277e-05,8.702248132502195e-13,4.265971794776859e-13,4.43627633772532e-13,1.0507521721860104e-11,9.903003469195204e-12,6.0451825266493e-13,5.5062606848253075e-05,0.01848483929135208,3.1537394423418198e-09,3.5231761959177836e-11,7.955453074543728e-11,1.7265468129487534e-05,0.00014086076246885986
74858,Transport,1.2208340761309173e-05,0.0017665618908950646,7.005246588511443e-07,0.0017630910965366123,2.770269699604958e-06,0.010281429461399335,0.009694646556042335,0.0005867829053570275,0.023495948042662074,1.5424008737402016e-07,5.327763822060504e-06,5.75849406359604e-05,8.702773318095351e-13,4.266240300270828e-13,4.436533017824506e-13,1.0508752155437423e-11,9.904171554556696e-12,6.045806008807584e-13,5.506476546895193e-05,0.01848657622395005,3.1540624479480926e-09,3.5234320921880925e-11,7.956569428173813e-11,1.7265923877503775e-05,0.0001408696177281001
74865,Transport,1.2209730846261678e-05,0.0017671238771050186,7.006950514788082e-07,0.0017636526384004745,2.7705436530693684e-06,0.01028549763872822,0.009698556124623824,0.0005869415141044262,0.023504535369973517,1.5428153227585658e-07,5.3281445065570946e-06,5.7588828824879935e-05,8.705389008251732e-13,4.2675775935756353e-13,4.437811414676078e-13,1.0514880337623335e-11,9.909989211060758e-12,6.048911265626043e-13,5.507551649294604e-05,0.018495227027700224,3.155671179405683e-09,3.524706585174998e-11,7.962129434463603e-11,1.726819373337074e-05,0.00014091372140255103
74886,Transport,1.187560542025929e-05,0.0017182451711005668,6.81389457094574e-07,0.0017148689954816,2.694786161876219e-06,0.00999985049000346,0.009429103331018845,0.0005707471589846423,0.022852794511212592,1.5002509245808078e-07,5.18266306617146e-06,5.601673078230103e-05,8.464818113253278e-13,4.1495649531019337e-13,4.3152531601513254e-13,1.0220022012219769e-11,9.632032641978423e-12,5.879893702413746e-13,5.356188369173163e-05,0.017979654133769906,3.0675122367872263e-09,3.426991570390916e-11,7.737528794478093e-11,1.6795202587548643e-05,0.000137017067542487
74887,Transport,1.1765713073780465e-05,0.0017025517365158252,6.751360157899343e-07,0.001699206774610663,2.669825889376617e-06,0.009908974274822579,0.009343456047184225,0.0005655182276383786,0.02264470761031656,1.4865048822087252e-07,5.134575326644715e-06,5.5496845609914215e-05,8.38741795637459e-13,4.111653889256237e-13,4.2757640671183353e-13,1.0128272799994637e-11,9.545586112590936e-12,5.82686687403729e-13,5.306880747933291e-05,0.017817024264431543,3.039841947056464e-09,3.3957793930417823e-11,7.668592740806722e-11,1.663996011430661e-05,0.0001357652280551106
74891,Transport,1.1765388276663086e-05,0.0017024204269144437,6.750962030905822e-07,0.0016990755688319505,2.669761879407028e-06,0.009908023734161714,0.009342542565887147,0.0005654811682745941,0.02264270115801182,1.486408045072101e-07,5.13448637868013e-06,5.54959371240331e-05,8.386806793278967e-13,4.1113414270504496e-13,4.275465366228501e-13,1.0126840933614695e-11,9.544226801378324e-12,5.826141322363964e-13,5.306629547343292e-05,0.017815002980684815,3.0394660625904677e-09,3.3954816043005105e-11,7.667293630265114e-11,1.6639429756330197e-05,0.00013575492311201942
74892,Transport,1.1764537393764614e-05,0.001702076430344762,6.749919043046385e-07,0.0016987318442503148,2.6695941901464373e-06,0.009905533567995345,0.009340149485492742,0.0005653840825026298,0.02263744478145747,1.486154357280301e-07,5.13425335844113e-06,5.5493557130312796e-05,8.385205706944095e-13,4.110522858371425e-13,4.2746828485726524e-13,1.0123089820841822e-11,9.540665764033392e-12,5.82424056808457e-13,5.3059714679618e-05,0.017809707749658964,3.0384813442946297e-09,3.3947014762336404e-11,7.663890302821808e-11,1.6638040358124197e-05,0.00013572792687536317
74897,Transport,1.1764730511857698e-05,0.0017021545044977203,6.75015576166758e-07,0.0016988098566723194,2.669632249238111e-06,0.009906098741114205,0.009340692623829637,0.000565406117284597,0.02263863777924663,1.486211934771492e-07,5.134306245182993e-06,5.549409729847183e-05,8.385569092717168e-13,4.110708642364306e-13,4.2748604503528435e-13,1.0123941180937254e-11,9.54147398422761e-12,5.824671967096725e-13,5.306120826981097e-05,0.017810909565937085,3.0387048379385376e-09,3.3948785356679136e-11,7.664662728859721e-11,1.6638355698734002e-05,0.00013573405399550263
74901,Transport,1.1764946429979988e-05,0.0017022417962902015,6.750420427910825e-07,0.0016988970794457286,2.6696748016860908e-06,0.00990673064005564,0.009341299886504879,0.0005654307535507872,0.02263997162548763,1.4862763100124933e-07,5.134365375872481e-06,5.549470124030222e-05,8.38597538076887e-13,4.1109163605032605e-13,4.2750590202655915e-13,1.0124893054841246e-11,9.542377625020363e-12,5.825154298209119e-13,5.306287819718433e-05,0.017812253271801002,3.038954717828946e-09,3.39507649920396e-11,7.665526349544084e-11,1.66387082692843e-05,0.0001357409044995357
74907,Transport,1.1765150756754557e-05,0.0017023244019104015,6.750670885812396e-07,0.0016989796197520758,2.6697150697486034e-06,0.009907328616136519,0.009341874548892796,0.0005654540672437497,0.022641233865531706,1.4863372293332824e-07,5.1344213321902404e-06,5.54952727601215e-05,8.386359857654231e-13,4.111112927502373e-13,4.275246930151841e-13,1.012579382834992e-11,9.543232754763973e-12,5.82561073585977e-13,5.3064458476182446e-05,0.01781352484216404,3.039191183168194e-09,3.395263835266233e-11,7.66634360761866e-11,1.663904191243841e-05,0.00013574738724113434
74910,Transport,1.2202586500451376e-05,0.001764235547282224,6.998193180544844e-07,0.0017607665922957615,2.76913566841192e-06,0.010264589229063864,0.009678462885095593,0.0005861263439683031,0.023460400775329713,1.5406852607773905e-07,5.3261879774375135e-06,5.756884546618886e-05,8.691945660795788e-13,4.260704570598051e-13,4.431241090197718e-13,1.048338452677679e-11,9.880089347893595e-12,6.032951788832261e-13,5.502026157266905e-05,0.01845076619570791,3.147403099222354e-09,3.5181563246208764e-11,7.933553765350595e-11,1.7256527802289378e-05,0.00014068705043455388
74912,Transport,1.2204015796215119e-05,0.0017648133857141289,6.999945170309602e-07,0.0017613439738476855,2.7694173494166947e-06,0.010268772159475319,0.009682482732804554,0.0005862894266707965,0.023469230329614156,1.5411114003634407e-07,5.326579400089286e-06,5.757284333116921e-05,8.694635133013328e-13,4.2620795855940783e-13,4.432555547419231e-13,1.048968556961737e-11,9.886071105901403e-12,6.036144637159959e-13,5.5031315856094686e-05,0.018459661016942273,3.149057208960894e-09,3.519466767859489e-11,7.939270605477574e-11,1.7258861685099287e-05,0.0001407323981630827
75085,Transport,8.680074476347515e-06,0.001270449239601675,5.016945249888743e-07,0.0012679795549517209,1.967990124968084e-06,0.007425935124783006,0.007005063785938122,0.00042087133884490425,0.01694196266558596,1.1061918386368654e-07,3.7789786819196764e-06,4.0835897110333934e-05,6.252614593042089e-13,3.067334165621844e-13,3.1852804274202336e-13,7.668915453201916e-12,7.2293951475238376e-12,4.395203056781034e-13,3.933002089426314e-05,0.013405673562809745,2.2925018433826335e-09,2.540071957275133e-11,5.843223539819326e-11,1.2288147335673264e-05,0.00010128006795643907
75086,Transport,8.68040211598776e-06,0.001270581698383651,5.017346861165289e-07,0.0012681119090024045,1.968054695132923e-06,0.00742689398427867,0.0070059852617380325,0.00042090872254065887,0.016943986677734228,1.1062895232618463e-07,3.7790684083290487e-06,4.0836813546999556e-05,6.253231104846124e-13,3.0676493623992077e-13,3.185581742446906e-13,7.670359850828934e-12,7.230766355003373e-12,4.395934958255859e-13,3.933255488445371e-05,0.013407712536200139,2.2928810174720062e-09,2.540372352170403e-11,5.844534019770401e-11,1.2288682335176943e-05,0.0001012904630851717
75087,Transport,8.679782115327564e-06,0.0012703310433279554,5.016586882133407e-07,0.001267861452132345,1.9679325074000864e-06,0.007425079510548016,0.007004241530106933,0.00042083798044110403,0.01694015658908187,1.1061046722104486e-07,3.778898616807468e-06,4.083507935104791e-05,6.252064464188013e-13,3.06705290767868e-13,3.1850115565093213e-13,7.667626581186521e-12,7.228171584901872e-12,4.3945499628467306e-13,3.9327759751636743e-05,0.013403854136016281,2.2921634968888326e-09,2.539803907420411e-11,5.842054165885109e-11,1.2287669942277123e-05,0.00010127079212389177
75098,Transport,8.685467469329118e-06,0.0012726295291448297,5.023555826051396e-07,0.0012701581206035755,1.969052958651872e-06,0.007441718082323177,0.007020231402768361,0.00042148667955483796,0.016975278180467204,1.1077997408325136e-07,3.780455590805441e-06,4.08509817823293e-05,6.262762461077057e-13,3.0725223473902925e-13,3.1902401136867555e-13,7.692690434334592e-12,7.2519654088875625e-12,4.4072502544705375e-13,3.93717307169908e-05,0.01343923534176856,2.2987431003967766e-09,2.5450164980538132e-11,5.864794217816014e-11,1.2296953500172595e-05,0.00010145117318734468
75414,Transport,1.3767585632756247e-05,0.00199465964181767,7.906165603162201e-07,0.0019907452220013617,3.1238032559967987e-06,0.01161442866167701,0.010952072911094601,0.0006623557505824473,0.026537361420574977,1.7410326101241197e-07,6.006675261605897e-06,6.492137826234462e-05,9.825424103683596e-13,4.816959109518456e-13,5.00846499416512e-13,1.1884726300652196e-11,1.1201272426680691e-11,6.834538739715391e-13,6.212833016789836e-05,0.020892538774351408,3.565462610905572e-09,3.9794289697248116e-11,9.004677283557378e-11,1.9473204270773675e-05,0.00015905377661887092
75415,Transport,1.3770069944145997e-05,0.0019956640039897502,7.90921080083068e-07,0.0019917487900535896,3.124292856082512e-06,0.011621699166443991,0.010959059955834937,0.0006626392106090933,0.02655270839272148,1.7417732989683077e-07,6.007355607673294e-06,6.492832709809809e-05,9.830098773987632e-13,4.819349073514966e-13,5.010749700472646e-13,1.1895678374319e-11,1.1211669539669131e-11,6.840088346498996e-13,6.214754402336237e-05,0.02090799918937739,3.568337679710502e-09,3.981706699181438e-11,9.014613933060661e-11,1.9477260878086233e-05,0.00015913259716906174
75416,Transport,1.3769655081609339e-05,0.00199549628256797,7.908702274228667e-07,0.001991581201244242,3.1242110963102285e-06,0.011620485043261665,0.01095789316848425,0.0006625918747774497,0.02655014555626668,1.7416496091385856e-07,6.007241994663069e-06,6.492716669137961e-05,9.829318136911148e-13,4.818949966329689e-13,5.010368170581438e-13,1.1893849455012898e-11,1.1209933294894783e-11,6.839161601181478e-13,6.214433544457886e-05,0.020905417408759244,3.567857563432647e-09,3.98132633437528e-11,9.012954582451142e-11,1.947658345318416e-05,0.0001591194346913112
75417,Transport,1.3768394169759459e-05,0.001994986518707622,7.90715668463742e-07,0.0019910718404392977,3.123962599864765e-06,0.011616794899726068,0.010954346895039995,0.0006624480046861077,0.02654235620299996,1.7412736726337803e-07,6.006896685125006e-06,6.492363981090054e-05,9.826945508743454e-13,4.817736940484208e-13,5.009208568259223e-13,1.1888290731769023e-11,1.1204656241854751e-11,6.836344899143042e-13,6.21345834553007e-05,0.02089757047757713,3.566398322718977e-09,3.980170273152628e-11,9.007911237579604e-11,1.9474524522789277e-05,0.0001590794293336255
75418,Transport,1.3768543320524778e-05,0.0019950468176650068,7.907339509368923e-07,0.001991132091720058,3.1239919940171186e-06,0.01161723139949607,0.01095476637670185,0.0006624650227942587,0.026543277590170024,1.741318141418341e-07,6.006937531106331e-06,6.492405699860694e-05,9.827226162230105e-13,4.817880426908911e-13,5.009345735321171e-13,1.188894826213175e-11,1.1205280454006949e-11,6.836678081248314e-13,6.213573699879729e-05,0.020898498675524773,3.5665709334127762e-09,3.980307021344923e-11,9.008507804855443e-11,1.94747680695877e-05,0.0001590841614881502
75419,Transport,1.3768925740305298e-05,0.00199520142306713,7.9078082685707e-07,0.001991286574880202,3.124067360075534e-06,0.011618350576765371,0.010955841919859247,0.0006625086569061593,0.026545640009689637,1.7414321585525852e-07,6.007042259440647e-06,6.492512666010537e-05,9.827945752535512e-13,4.818248323425737e-13,5.009697429109754e-13,1.1890634157718425e-11,1.120688092232324e-11,6.837532353952181e-13,6.213869466280827e-05,0.020900878557751048,3.56701350401238e-09,3.980657641159526e-11,9.010037392224337e-11,1.9475392519036563e-05,0.00015909629464409388
75420,Transport,1.3769084119404616e-05,0.0019952654528730784,7.908002405129412e-07,0.0019913505540596526,3.124098572918224e-06,0.011618814083876966,0.010956287355909426,0.0006625267279675802,0.026546618405407594,1.741479378732995e-07,6.007085632665849e-06,6.492556966026731e-05,9.82824377076117e-13,4.818400687717399e-13,5.009843083043751e-13,1.189133237114294e-11,1.1207543756055514e-11,6.83788615087457e-13,6.213991957895016e-05,0.020901864185646563,3.5671967945651174e-09,3.9808028503073466e-11,9.010670870622035e-11,1.9475651134689612e-05,0.00015910131958895324
75421,Transport,1.3769193228628071e-05,0.0019953095637591438,7.908136148087016e-07,0.0019913946300685274,3.1241200758124972e-06,0.011619133399375233,0.010956594222041026,0.0006625391773342398,0.02654729243371991,1.7415119092704083e-07,6.007115512990595e-06,6.492587484828685e-05,9.82844907902039e-13,4.81850565326915e-13,5.009943425751218e-13,1.1891813378579427e-11,1.1208000390006086e-11,6.838129885733709e-13,6.214076343808067e-05,0.020902543196291017,3.5673230655816986e-09,3.9809028865963884e-11,9.011107281337506e-11,1.947582929805334e-05,0.00015910478133254107
75422,Transport,1.3769037470991157e-05,0.0019952465937630413,7.90794522484175e-07,0.001991331709860963,3.1240893795991725e-06,0.011618677564150083,0.010956156158768337,0.0006625214053817815,0.026546330232232126,1.741465470669943e-07,6.007072857671225e-06,6.492543918058404e-05,9.828155993538869e-13,4.818355810883874e-13,5.009800182654973e-13,1.189112672185809e-11,1.120734852737868e-11,6.837781944794428e-13,6.213955879653073e-05,0.02090157388233138,3.567142808821265e-09,3.980760080924298e-11,9.010484288160453e-11,1.947557496296012e-05,0.00015909983955966642
75423,Transport,1.3768853652753775e-05,0.0019951722793735784,7.907719905717019e-07,0.0019912574542297183,3.1240531532931023e-06,0.011618139607685905,0.01095563917597223,0.0006625004317137135,0.026545194684820174,1.7414106658985487e-07,6.007022517759959e-06,6.492492502493296e-05,9.827810107085511e-13,4.818178973563457e-13,5.009631133522034e-13,1.1890316360127506e-11,1.1206579228090644e-11,6.83737132036895e-13,6.213813713213741e-05,0.020900429941096404,3.566930077807652e-09,3.980591548019897e-11,9.009749059314058e-11,1.9475274807992018e-05,0.0001590940074990538
75424,Transport,1.3768657249381892e-05,0.001995092877041809,7.907479160095272e-07,0.001991178114679055,3.1240144467492673e-06,0.011617564819977163,0.010955086797895893,0.0006624780220813073,0.026543981392038042,1.741352108912853e-07,6.006968731321498e-06,6.492437566756244e-05,9.827440539480606e-13,4.817990029057737e-13,5.009450510422849e-13,1.1889450516897817e-11,1.1205757258647845e-11,6.83693258250001e-13,6.21366181333454e-05,0.020899207679807286,3.5667027821433433e-09,3.980411476492889e-11,9.008963492949186e-11,1.9474954102883203e-05,0.00015908777614581245
75425,Transport,1.3768501963058163e-05,0.0019950300975891057,7.907288814572199e-07,0.001991115384864233,3.1239838434208276e-06,0.011617110364081836,0.010954650060176168,0.0006624603039057021,0.026543022102113754,1.7413058108327835e-07,6.006926205074546e-06,6.492394131816373e-05,9.827148340858025e-13,4.817840640086455e-13,5.009307700771548e-13,1.1888765937958185e-11,1.120510736851732e-11,6.836585694408964e-13,6.213541713696793e-05,0.020898241298933057,3.566523070828964e-09,3.980269102942124e-11,9.008342384911804e-11,1.9474700537392594e-05,0.0001590828493264436
75426,Transport,1.3768286393644847e-05,0.0019949429467733563,7.907024575766412e-07,0.0019910283029560888,3.123941359695288e-06,0.011616479485660714,0.010954043778233532,0.0006624357074272191,0.026541690410041875,1.7412415395581557e-07,6.0068671698814494e-06,6.492333835170276e-05,9.82674270896379e-13,4.817633257413453e-13,5.009109451550316e-13,1.1887815601335853e-11,1.1204205187109484e-11,6.836104142264003e-13,6.213374990653658e-05,0.0208968997631616,3.5662735944959723e-09,3.9800714591182914e-11,9.00748015897966e-11,1.9474348536245702e-05,0.00015907600988601274
75427,Transport,1.3768144699564579e-05,0.001994885662418901,7.906850891225639e-07,0.0019909710638947005,3.123913435082403e-06,0.01161606480838222,0.010953645268255131,0.0006624195401271239,0.026540815086959525,1.7411992939584394e-07,6.006828365965531e-06,6.492294202099516e-05,9.826476086545998e-13,4.817496944489174e-13,5.008979142056805e-13,1.1887190943729872e-11,1.12036121819941e-11,6.835787617358031e-13,6.213265403361598e-05,0.020896017969801606,3.566109613349446e-09,3.979941547553347e-11,9.006913416654965e-11,1.947411716539399e-05,0.00015907151431214406
75428,Transport,1.3768008059363717e-05,0.001994830421256502,7.90668340158533e-07,0.0019909158664098764,3.1238865064717912e-06,0.01161566492162252,0.01095326097214769,0.0006624039494748662,0.02653997098449903,1.74115855515538e-07,6.0067909460898725e-06,6.492255982642927e-05,9.826218973894202e-13,4.817365493511699e-13,5.008853480382483e-13,1.1886588566124607e-11,1.1203040327912933e-11,6.835482382117091e-13,6.213159724778762e-05,0.020895167627842347,3.5659514810071727e-09,3.979816269614459e-11,9.006366888635318e-11,1.9473894046971602e-05,0.00015906717908434025
75429,Transport,1.3767851216907208e-05,0.0019947670126874532,7.90649114859931e-07,0.0019908525079761325,3.123855596465716e-06,0.011615205911599695,0.01095281985785528,0.0006623860537444499,0.02653900208147771,1.7411117931197066e-07,6.006747993685062e-06,6.492212112439139e-05,9.825923847133169e-13,4.817214607505327e-13,5.008709239627819e-13,1.1885897126981808e-11,1.1202383925197699e-11,6.835132017841425e-13,6.213038421615945e-05,0.020894191562812282,3.565769968795838e-09,3.9796724693305195e-11,9.005739556440168e-11,1.9473637940487282e-05,0.0001590622028930438
75430,Transport,1.376769846826954e-05,0.0019947052591753364,7.906303913699047e-07,0.0019907908032907153,3.1238254932562695e-06,0.011614758882413704,0.010952390257294818,0.0006623686251189234,0.026538058468250574,1.741066251641955e-07,6.006706162401204e-06,6.492169387312204e-05,9.82563642361475e-13,4.817067659845688e-13,5.008568763769043e-13,1.1885223735417802e-11,1.1201744655558954e-11,6.834790798588767e-13,6.212920284644124e-05,0.02089324097451537,3.565593194320237e-09,3.979532422445532e-11,9.005128598538166e-11,1.947338851875895e-05,0.00015905735658766057
75431,Transport,1.3767504983045333e-05,0.001994627036597904,7.906066745059048e-07,0.0019907126425615916,3.1237873618115773e-06,0.011614192634860864,0.010951846086413619,0.0006623465484472809,0.02653686320248843,1.7410085646918898e-07,6.006653175117914e-06,6.492115267806523e-05,9.825272347019684e-13,4.816881522664327e-13,5.008390824355336e-13,1.1884370756826754e-11,1.1200934898881116e-11,6.834358579456648e-13,6.212770641682792e-05,0.020892036873499702,3.5653692757991415e-09,3.97935502640878e-11,9.004354704063848e-11,1.947307257866439e-05,0.00015905121781943337
75432,Transport,1.3766836412188643e-05,0.001994356745490041,7.905247230072962e-07,0.0019904425651650175,3.12365560202088e-06,0.011612236017175712,0.010949965752689339,0.000662270264486408,0.026532733068738736,1.7408092326044786e-07,6.006470082307971e-06,6.491928262703544e-05,9.824014312965337e-13,4.816238342311335e-13,5.007775970653981e-13,1.1881423365729106e-11,1.119813685723205e-11,6.83286508497085e-13,6.212253563837362e-05,0.020887876210323043,3.564595545411768e-09,3.9787420502978134e-11,9.001680581045923e-11,1.9471980875974706e-05,0.00015903000585583527
75433,Transport,1.376628629487872e-05,0.0019941343430091877,7.904572912048065e-07,0.001990220338531314,3.1235471866735925e-06,0.01161062606178095,0.01094841856570114,0.00066220749607985,0.026529334688379695,1.740645217032142e-07,6.006319428831133e-06,6.491774390091297e-05,9.822979170163576e-13,4.815709116961407e-13,5.00727005320215e-13,1.187899817646801e-11,1.1195834556541508e-11,6.831636199265333e-13,6.211828098876542e-05,0.02088445270956568,3.5639589001331875e-09,3.978237677775682e-11,8.999480243794752e-11,1.9471082594901168e-05,0.00015901255210619007
75434,Transport,1.3763558836469332e-05,0.0019930316808937963,7.901229671734708e-07,0.001989118548258671,3.1230096679565243e-06,0.011602643970868754,0.010940747677900027,0.0006618962929687621,0.02651248566196041,1.7398320347454303e-07,6.0055724952500725e-06,6.491011496172705e-05,9.817846975832193e-13,4.813085240008094e-13,5.004761735824079e-13,1.1866974190446767e-11,1.1184419846867553e-11,6.825543435792446e-13,6.209718661554058e-05,0.02086747913727147,3.560802439706395e-09,3.9757370200938715e-11,8.988571064550676e-11,1.9466628955243166e-05,0.00015892601715194175
75435,Transport,1.3763687319149744e-05,0.001993083624118187,7.901387162120353e-07,0.0019891704504130703,3.1230349889092846e-06,0.0116030199840949,0.01094110903124732,0.0006619109528476178,0.02651327937088343,1.7398703414119962e-07,6.005607681131645e-06,6.491047433899637e-05,9.81808873866965e-13,4.813208843265572e-13,5.004879895404056e-13,1.1867540605666131e-11,1.1184957560839652e-11,6.825830448265092e-13,6.209818031047806e-05,0.020868278713190587,3.5609511314315763e-09,3.9758548188477034e-11,8.989084964445743e-11,1.9466838753331705e-05,0.0001589300935634584
75436,Transport,1.3763855633618418e-05,0.0019931516706143083,7.90159347716994e-07,0.0019892384431068138,3.123068159782561e-06,0.011603512567734727,0.010941582410199694,0.0006619301575350701,0.026514319142899614,1.739920523788398e-07,6.0056537752273035e-06,6.49109451292534e-05,9.818405452046115e-13,4.813370765608268e-13,5.005034686437825e-13,1.1868282619114077e-11,1.1185661975171763e-11,6.826206439423436e-13,6.209948206753109e-05,0.020869326171070172,3.5611459200882203e-09,3.976009137193162e-11,8.989758181937083e-11,1.9467113592350368e-05,0.00015893543373099155
75437,Transport,1.3764039095442511e-05,0.0019932258409123245,7.901818359413486e-07,0.0019893125547605405,3.1231043158478485e-06,0.011604049481131393,0.01094209839059506,0.0006619510905363683,0.02651545248854861,1.739975222296404e-07,6.005704017532296e-06,6.49114582879854e-05,9.818750667844973e-13,4.813547260051006e-13,5.005203407793945e-13,1.1869091409598566e-11,1.1186429782831486e-11,6.826616267671108e-13,6.210090097539662e-05,0.020870467894267046,3.561358238628291e-09,3.976177343321682e-11,8.990491985215848e-11,1.9467413165334768e-05,0.0001589412544835646
75438,Transport,1.3764331012963844e-05,0.0019933438578875725,7.902176183540934e-07,0.0019894304784232107,3.1231618460125677e-06,0.011604903797437779,0.010942919399100855,0.0006619843983369589,0.026517255825315264,1.7400622564952424e-07,6.005783961189303e-06,6.49122748067671e-05,9.819299962178132e-13,4.813828091338425e-13,5.005471870839687e-13,1.1870378326452643e-11,1.1187651489363568e-11,6.827268370891066e-13,6.210315868797057e-05,0.02087228456107128,3.5616960718655622e-09,3.976444986556738e-11,8.991659585262003e-11,1.9467889834546435e-05,0.000158950516245088
75439,Transport,1.3765901486204267e-05,0.0019939787718204443,7.904101224608602e-07,0.001990064890348169,3.123471349819656e-06,0.011609499893252506,0.010947336303857481,0.0006621635893950579,0.026526957511334586,1.7405304876574377e-07,6.006214046281487e-06,6.491666755746974e-05,9.822255084732648e-13,4.815338922274345e-13,5.006916162458281e-13,1.1877301749455014e-11,1.1194224090444643e-11,6.830776590104033e-13,6.211530484886493e-05,0.020882057960728135,3.5635135648904485e-09,3.977884867714677e-11,8.997941101423282e-11,1.9470454244651206e-05,0.0001590003431570366
75440,Transport,1.376573385751256e-05,0.00199391100257155,7.903895750164755e-07,0.001989997174682441,3.1234383140970953e-06,0.011609009316585204,0.010946864853630455,0.0006621444629547845,0.026525921975743858,1.740480509743065e-07,6.0061681399906515e-06,6.491619868539072e-05,9.82193966176657e-13,4.815177659664669e-13,5.006762002101879e-13,1.1876562759251212e-11,1.1193522546163619e-11,6.830402130876237e-13,6.211400839566372e-05,0.02088101477058913,3.563319569876651e-09,3.977731178120672e-11,8.997270626875271e-11,1.9470180525430916e-05,0.00015899502474737086
75441,Transport,1.3765586038731661e-05,0.0019938512421113796,7.903714558141561e-07,0.0019899374614731217,3.12340918244794e-06,0.011608576714957394,0.010946449118131325,0.0006621275968261075,0.026525008816981815,1.7404364380850493e-07,6.006127658782584e-06,6.491578522336097e-05,9.821661514643666e-13,4.815035454639238e-13,5.006626060004408e-13,1.1875911100934774e-11,1.119290390851088e-11,6.830071924239255e-13,6.211286515383711e-05,0.020880094861872867,3.563148500675141e-09,3.977595651152158e-11,8.996679387217525e-11,1.9469939153616572e-05,0.00015899033485314618
75442,Transport,1.3765282880594621e-05,0.00199372868075846,7.903342955589683e-07,0.001989814997025887,3.123349437018888e-06,0.01160768950223133,0.010945596495760544,0.0006620930064708253,0.02652313604068479,1.7403460525355342e-07,6.0060446368042666e-06,6.491493726359622e-05,9.82109106910834e-13,4.814743809624141e-13,5.006347259484179e-13,1.1874574629885595e-11,1.1191635158781208e-11,6.829394711044178e-13,6.211052050547627e-05,0.02087820824225003,3.5627976587853693e-09,3.977317702010355e-11,8.995466827405475e-11,1.9469444129715524e-05,0.0001589807164569762
75443,Transport,1.3764918288777942e-05,0.0019935812828797417,7.902896049394796e-07,0.0019896677156903695,3.1232775844381556e-06,0.011606622499700122,0.010944571093169864,0.0006620514065302955,0.026520883754405984,1.740237350747018e-07,6.0059447907826665e-06,6.491391746846843e-05,9.820405025263126e-13,4.814393064013552e-13,5.006011961249553e-13,1.1872967328783538e-11,1.1190109302429895e-11,6.828580263536736e-13,6.210770072430956e-05,0.020875939307355557,3.5623757203105888e-09,3.9769834276822974e-11,8.994008547614516e-11,1.9468848791371167e-05,0.00015896914893460184
75444,Transport,1.3764788039177904e-05,0.001993528625321698,7.902736393169741e-07,0.001989615099767119,3.123251915266567e-06,0.011606241315464578,0.010944204770418771,0.0006620365450458418,0.026520079130238457,1.74019851727948e-07,6.005909121017786e-06,6.491355314897075e-05,9.82015993765458e-13,4.814267760939255e-13,5.005892176715303e-13,1.1872393124108331e-11,1.1189564193707271e-11,6.828289304010926e-13,6.210669336387976e-05,0.020875128735507825,3.562224983746942e-09,3.976864008936346e-11,8.993487580464892e-11,1.9468636108097186e-05,0.0001589650164634554
75445,Transport,1.3764610525198033e-05,0.0019934568596295496,7.902518801623104e-07,0.0019895433908180093,3.1232169313832592e-06,0.011605721808835021,0.010943705518141255,0.0006620162906938022,0.026518982527728836,1.7401455921006478e-07,6.005860507571576e-06,6.491305662687809e-05,9.81982591377429e-13,4.814096988457787e-13,5.005728925316481e-13,1.1871610554663753e-11,1.1188821278421624e-11,6.827892762421599e-13,6.210532045709917e-05,0.02087402402705097,3.562019548587698e-09,3.9767012560614115e-11,8.992777567135974e-11,1.9468346247288352e-05,0.0001589593844200579
75446,Transport,1.3764447438131536e-05,0.0019933909264776024,7.902318894173216e-07,0.00198947750979748,3.1231847907095634e-06,0.011605244523540075,0.010943246841086968,0.0006619976824531422,0.026517975048281087,1.7400969682561153e-07,6.0058158450366e-06,6.491260045812112e-05,9.819519036677531e-13,4.81394009499474e-13,5.005578941682772e-13,1.1870891586190743e-11,1.1188138741335368e-11,6.827528448554069e-13,6.21040591291768e-05,0.02087300910044241,3.561830809551478e-09,3.9765517304355625e-11,8.99212525799913e-11,1.9468079944042608e-05,0.0001589542101040026
75447,Transport,1.3762285255898617e-05,0.001992516795298699,7.89966855318872e-07,0.0019886040697685847,3.1227586748003697e-06,0.011598916751467559,0.010937165774091717,0.0006617509773758784,0.026504618046964294,1.7394523211053476e-07,6.005223716294113e-06,6.490655264573028e-05,9.815450509230517e-13,4.811860026565363e-13,5.003590482665135e-13,1.1861359617213888e-11,1.1179089773854892e-11,6.82269843359029e-13,6.208733664540063e-05,0.020859553365859144,3.559328537608405e-09,3.974569343612871e-11,8.983477047835398e-11,1.946454933822028e-05,0.00015888560984965674
75448,Transport,1.3762428315808708e-05,0.0019925746318334536,7.899843911924525e-07,0.0019886618605736792,3.122786868586595e-06,0.011599335425939106,0.010937568125421931,0.0006617673005172095,0.026505501807536525,1.739494973922499e-07,6.005262894252091e-06,6.490695279678309e-05,9.815719701698157e-13,4.811997653448959e-13,5.003722048249176e-13,1.1861990296073438e-11,1.1179688495116421e-11,6.823018009570486e-13,6.208844308175417e-05,0.02086044365907789,3.5594940994161674e-09,3.974700507432597e-11,8.984049253151682e-11,1.9464782939321894e-05,0.0001588901487576495
75449,Transport,1.3762594248438033e-05,0.001992641715394997,7.900047307383738e-07,0.0019887288910942083,3.1228195700546464e-06,0.011599821038965508,0.010938034805528843,0.0006617862334366993,0.02650652686560732,1.7395444461617414e-07,6.005308336064368e-06,6.490741692482762e-05,9.816031933223547e-13,4.812157284408093e-13,5.003874648815437e-13,1.1862721809195178e-11,1.1180382941192171e-11,6.823388680030363e-13,6.208972641747841e-05,0.020861476294248456,3.5596861315938795e-09,3.97485264199962e-11,8.984712943857105e-11,1.9465053889058825e-05,0.00015889541335579606
75450,Transport,1.3762818784847104e-05,0.0019927324914049836,7.900322537675807e-07,0.0019888195953302545,3.122863820966823e-06,0.011600478159904231,0.01093866630685452,0.0006618118530497483,0.02650791395179552,1.739611390915125e-07,6.005369826932032e-06,6.490804497275822e-05,9.81645443810277e-13,4.812373293534728e-13,5.00408114456802e-13,1.1863711676771032e-11,1.1181322650451154e-11,6.823890263199081e-13,6.209146299934497e-05,0.020862873633602542,3.5599459853416666e-09,3.9750585071722136e-11,8.985611035620836e-11,1.946542053232373e-05,0.00015890253729499869
75451,Transport,1.3765020486997833e-05,0.0019936225997720354,7.903021321042393e-07,0.001989708999914602,3.12329772533411e-06,0.011606921589680535,0.010944858522329393,0.0006620630673511786,0.026521515089608393,1.740267820792634e-07,6.0059727784806996e-06,6.491420332580791e-05,9.820597329249505e-13,4.814491381022868e-13,5.006105948226617e-13,1.1873417869097242e-11,1.1190537013079946e-11,6.828808560173269e-13,6.210849113320668e-05,0.020876575309308035,3.5624939932916415e-09,3.9770771276495487e-11,8.99441731597388e-11,1.946901566982604e-05,0.00015897239141054656
75452,Transport,1.3764889954164428e-05,0.001993569827707862,7.902861317637996e-07,0.0019896562695757595,3.1232720003438017e-06,0.011606539576543439,0.010944491402993691,0.0006620481735497865,0.026520708715750938,1.740228902880047e-07,6.0059370311503786e-06,6.491383821408178e-05,9.820351708687389e-13,4.814365805471636e-13,5.005985903215734e-13,1.1872842415789217e-11,1.1189990718994906e-11,6.828516967943431e-13,6.21074815822282e-05,0.020875762974836884,3.5623429289448413e-09,3.9769574492223874e-11,8.99389521595873e-11,1.9468802524063114e-05,0.00015896824995316347
75453,Transport,1.3764648894134276e-05,0.001993472371496662,7.902565833164991e-07,0.0019895588904203405,3.1232244930096115e-06,0.01160583409811365,0.010943813429522761,0.0006620206685909266,0.026519219553972087,1.7401570316662175e-07,6.005871015173397e-06,6.491316394814107e-05,9.819898111699065e-13,4.814133900246131e-13,5.005764211452915e-13,1.1871779703916931e-11,1.1188981856587065e-11,6.827978473298956e-13,6.210561720540467e-05,0.02087426280536227,3.5620639525751047e-09,3.976736434443902e-11,8.992931033675158e-11,1.9468408899542e-05,0.00015896060176369574
75454,Transport,1.376451772334836e-05,0.0019934193415198243,7.902405047776696e-07,0.001989505902372758,3.1231986422936777e-06,0.011605450217965524,0.010943444515966433,0.0006620057019991281,0.026518409239127422,1.7401179235502973e-07,6.005835093135313e-06,6.491279705200608e-05,9.819651290716719e-13,4.81400771097009e-13,5.005643579746607e-13,1.1871201438198628e-11,1.1188432892601482e-11,6.827685455971766e-13,6.210460272045239e-05,0.020873446500772636,3.5619121499322233e-09,3.97661617111292e-11,8.992406382003032e-11,1.9468194712072777e-05,0.00015895644006578722
75455,Transport,1.3764203191161127e-05,0.001993292181844084,7.902019503240219e-07,0.0019893788432384612,3.1231366553034537e-06,0.011604529718314764,0.010942559904450526,0.0006619698138642743,0.026516466199001068,1.7400241468670752e-07,6.0057489562937155e-06,6.491191727803038e-05,9.819059442898691e-13,4.813705123860306e-13,5.005354319038366e-13,1.1869814824709122e-11,1.1187116541236408e-11,6.826982834727452e-13,6.210217010431207e-05,0.020871489097939115,3.5615481449675516e-09,3.976327793725579e-11,8.991148328719158e-11,1.9467681115598508e-05,0.00015894646080145155
75456,Transport,1.3766111084043324e-05,0.0019940635084367032,7.904358143629886e-07,0.0019901495599656586,3.123512656686578e-06,0.011610113295458975,0.010947925790942325,0.0006621875045166849,0.026528252313673492,1.7405929785278647e-07,6.006271446117163e-06,6.491725382091638e-05,9.822649480056067e-13,4.815540560157246e-13,5.007108919898801e-13,1.1878225760423706e-11,1.1195101280165632e-11,6.831244802581049e-13,6.211692589468143e-05,0.02088336233408237,3.5637561303800833e-09,3.9780770365281513e-11,8.99877944249114e-11,1.9470796494873998e-05,0.0001590069931354015
75457,Transport,1.3766231300742753e-05,0.0019941121098744517,7.90450550181305e-07,0.001990198122975669,3.123536348606434e-06,0.011610465117734496,0.010948263896487745,0.0006622012212467869,0.02652899495903802,1.7406288207208032e-07,6.00630436830197e-06,6.491759007751552e-05,9.82287568899154e-13,4.815656211353225e-13,5.007219477638295e-13,1.187875573510946e-11,1.119560440010953e-11,6.831513349999617e-13,6.211785565988586e-05,0.020884110468987627,3.563895255967874e-09,3.978187256655383e-11,8.999260280445501e-11,1.947099279552455e-05,0.0001590108072894685
75458,Transport,1.3766417822211569e-05,0.001994187517131503,7.904734134481364e-07,0.001990273470610403,3.1235731076566475e-06,0.011611010985387714,0.010948788482034084,0.0006622225033536673,0.026530147205812916,1.7406844314512955e-07,6.0063554485120915e-06,6.491811179434082e-05,9.823226662051903e-13,4.815835649243697e-13,5.007391012808184e-13,1.1879578014021584e-11,1.1196385012714725e-11,6.831930013068873e-13,6.211929823127912e-05,0.020885271233025127,3.5641111154042797e-09,3.978358268005077e-11,9.000006321569062e-11,1.9471297364572324e-05,0.00015901672511637832
75459,Transport,1.3766576564013194e-05,0.0019942516935714354,7.904928715630164e-07,0.0019903375963078976,3.12360439197954e-06,0.011611475553972062,0.010949234938172663,0.0006622406157994355,0.026531127842144595,1.7407317597701423e-07,6.006398921065858e-06,6.491855580901275e-05,9.823525362765958e-13,4.815988362463217e-13,5.00753700030272e-13,1.1880277826417304e-11,1.1197049364395547e-11,6.832284620217866e-13,6.212052595258856e-05,0.020886259118096693,3.5642948257087794e-09,3.978503809694837e-11,9.00064125068896e-11,1.947155657247836e-05,0.00015902176156881088
75460,Transport,1.376674214169647e-05,0.001994318633634709,7.905131676006689e-07,0.001990404483443618,3.123637023495966e-06,0.011611960128224921,0.010949700620005392,0.0006622595082195672,0.026532150707516376,1.7407811261834487e-07,6.0064442656736755e-06,6.49190189442422e-05,9.82383692639772e-13,4.816147651956188e-13,5.007689274441511e-13,1.1881007774761256e-11,1.1197742324983533e-11,6.832654497777544e-13,6.212180654313273e-05,0.020887289544360102,3.5644864471109684e-09,3.9786556188312095e-11,9.001303521695348e-11,1.9471826942627422e-05,0.00015902701490546947
75461,Transport,1.3766931267731778e-05,0.001994395093870895,7.905363501277925e-07,0.0019904808832249266,3.123674295845752e-06,0.011612513618317567,0.010950232530810016,0.0006622810875075859,0.026533319044146006,1.7408375134564274e-07,6.006496059162566e-06,6.491954794626726e-05,9.824192800409578e-13,4.816329595498794e-13,5.007863204910763e-13,1.1881841535891018e-11,1.119853383798237e-11,6.833076979086783e-13,6.212326925844365e-05,0.020888466517186507,3.5647053207862075e-09,3.978829018165693e-11,9.00205998045996e-11,1.947213576464587e-05,0.00015903301536830187
75462,Transport,1.3767092993307257e-05,0.0019944604765966436,7.905561739851164e-07,0.001990546214254462,3.123706168201184e-06,0.011612986919117262,0.010950687378715232,0.0006622995404020677,0.026534318112907074,1.7408857313771247e-07,6.006540348843694e-06,6.492000030681505e-05,9.824497115620712e-13,4.816485179176551e-13,5.008011936444141e-13,1.1882554502238058e-11,1.1199210677080852e-11,6.833438251572376e-13,6.212452005648971e-05,0.020889472970937656,3.564892484182446e-09,3.9789772955147725e-11,9.002706843959393e-11,1.9472399844726498e-05,0.0001590381464878917
75463,Transport,1.3767263236944328e-05,0.001994529303020664,7.905770419620062e-07,0.0019906149862594386,3.1237397192687543e-06,0.01161348514859847,0.010951166183390796,0.0006623189652077099,0.02653536980246863,1.7409364889284096e-07,6.006586971255625e-06,6.492047649312445e-05,9.824817459067976e-13,4.816648957423076e-13,5.00816850164488e-13,1.1883305020414726e-11,1.1199923165192243e-11,6.833818552225126e-13,6.212583673387962e-05,0.020890532434455596,3.5650895054464475e-09,3.979133382609393e-11,9.003387777661473e-11,1.947267783386502e-05,0.00015904354786277404
75464,Transport,1.3767165410800282e-05,0.001994489753679577,7.905650507137674e-07,0.0019905754681888606,3.1237204400074237e-06,0.011613198853792774,0.010950891050551956,0.0006623078032408515,0.026534765476008557,1.7409073224020775e-07,6.006560180881174e-06,6.492020286486264e-05,9.824633381913874e-13,4.81655484645005e-13,5.008078535463802e-13,1.188287375437434e-11,1.1199513752154461e-11,6.833600022199118e-13,6.212508013895353e-05,0.020889923640890675,3.564976292225185e-09,3.979043691159746e-11,9.002996496556513e-11,1.947251809452923e-05,0.00015904044410109238
75465,Transport,1.3766987669890148e-05,0.0019944178962436263,7.905432637426425e-07,0.001990503667568487,3.12368541140143e-06,0.0116126786830365,0.010950391160040474,0.0006622875229960598,0.02653366747162457,1.740854329564772e-07,6.006511505288522e-06,6.491970570802623e-05,9.82429893102424e-13,4.816383855656512e-13,5.007915075367709e-13,1.188209018450889e-11,1.1198769887141015e-11,6.833202973679081e-13,6.212370547707681e-05,0.02088881752019698,3.5647705944418075e-09,3.978880730224843e-11,9.002285575560982e-11,1.9472227863168227e-05,0.0001590348048578051
75466,Transport,1.376667078419553e-05,0.001994289785087408,7.905044208028081e-07,0.0019903756577060207,3.123622960589552e-06,0.011611751295687714,0.010949499929361827,0.0006622513663259216,0.026531709892575108,1.7407598511914678e-07,6.006424723922451e-06,6.491881935108498e-05,9.823702654666733e-13,4.816079004419155e-13,5.007623650247557e-13,1.188069319559449e-11,1.1197443686091926e-11,6.832495095025975e-13,6.212125465872928e-05,0.020886845470970465,3.564403865786503e-09,3.9785901950350964e-11,9.001018108812249e-11,1.9471710423675207e-05,0.00015902475092298017
75467,Transport,1.3766502006060678e-05,0.001994221551139434,7.904837324629783e-07,0.0019903074777086376,3.1235896983384385e-06,0.011611257355097548,0.010949025246363445,0.00066223210873414,0.02653066725623524,1.7407095305745987e-07,6.006378502848562e-06,6.491834726391319e-05,9.823385068820522e-13,4.815916636019059e-13,5.007468432801442e-13,1.1879949138076634e-11,1.119673733126649e-11,6.83211806810175e-13,6.211994931564632e-05,0.020885795127594475,3.56420854053361e-09,3.978435451579436e-11,9.00034303676743e-11,1.9471434827540653e-05,0.00015901939604456028
75468,Transport,1.3766184623239724e-05,0.0019940932390040277,7.90444828586823e-07,0.0019901792670258913,3.1235271495545046e-06,0.011610328512875027,0.010948132617533194,0.0006621958953418675,0.026528706606160118,1.7406149039847973e-07,6.006291585340964e-06,6.49174595164662e-05,9.82278785703208e-13,4.815611306534874e-13,5.007176550497186e-13,1.1878549957583403e-11,1.119540904968969e-11,6.831409078937416e-13,6.211749465248545e-05,0.02088381998464167,3.563841236558953e-09,3.9781444606016974e-11,8.999073581632627e-11,1.9470916576294987e-05,0.00015900932633724753
75469,Transport,1.376603217716043e-05,0.0019940316078107903,7.904261421835345e-07,0.0019901176845626397,3.123497105972288e-06,0.011609882369146516,0.01094770386790829,0.0006621785012382632,0.02652776486200421,1.740569452713778e-07,6.006249836914835e-06,6.491703311147901e-05,9.82250100283064e-13,4.815464649943265e-13,5.007036352887354e-13,1.187787789984639e-11,1.1194771046290606e-11,6.831068535558166e-13,6.211631562277699e-05,0.02088287127923193,3.563664812231143e-09,3.978004691115962e-11,8.99846383389153e-11,1.9470667648611217e-05,0.00015900448963123158
75470,Transport,1.376588056012274e-05,0.0019939703117840806,7.90407557401788e-07,0.0019900564370009086,3.1234672257749206e-06,0.011609438651664139,0.010947277449935837,0.000662161201728338,0.026526828239299024,1.740524248618642e-07,6.006208315527552e-06,6.491660902539357e-05,9.822215708617276e-13,4.815318790908507e-13,5.006896917708748e-13,1.18772094969349e-11,1.1194136512520655e-11,6.830729844142766e-13,6.211514300494005e-05,0.02088192773313001,3.563489347344912e-09,3.9778656817332e-11,8.997857402117922e-11,1.9470420074661208e-05,0.00015899967922848636
75471,Transport,1.3767433008540569e-05,0.0019945979386071138,7.905978520774844e-07,0.0019906835675777327,3.123773177308037e-06,0.011613981996620362,0.010951643660466926,0.0006623383361534747,0.026536418575971627,1.7409871057423538e-07,6.0066334643958715e-06,6.492095135909444e-05,9.82513691428711e-13,4.816812281555597e-13,5.008324632731493e-13,1.1884053457601875e-11,1.120063367776149e-11,6.834197798404187e-13,6.21271497604694e-05,0.02089158896035985,3.565285980422301e-09,3.979289036915552e-11,9.004066823313485e-11,1.9472955052212773e-05,0.00015904893426106436
75472,Transport,1.3767724127996071e-05,0.0019947156329387775,7.90633536665608e-07,0.0019908011688519246,3.1238305501925138e-06,0.011614833977333294,0.010952462424438609,0.0006623715528947231,0.026538216982642113,1.7410739020006267e-07,6.006713189496963e-06,6.492176564561636e-05,9.825684706918574e-13,4.817092345085557e-13,5.008592361832994e-13,1.188533685618695e-11,1.1201852044301396e-11,6.834848118855863e-13,6.212940130074082e-05,0.020893400660625262,3.5656228900659443e-09,3.979555948447629e-11,9.0052312312878e-11,1.9473430418270705e-05,0.0001590581707020953
75473,Transport,1.376790230216158e-05,0.001994787665532042,7.906553767439343e-07,0.00199087314449112,3.1238656641830805e-06,0.01161535541604063,0.010952963533466696,0.0006623918825739699,0.026539317663485332,1.7411270240115226e-07,6.006761983739632e-06,6.492226401430587e-05,9.826019973054648e-13,4.817263752680608e-13,5.00875622037402e-13,1.1886122336056434e-11,1.1202597722535639e-11,6.835246135208262e-13,6.213077931344792e-05,0.020894509477562242,3.565829089251446e-09,3.9797193066107256e-11,9.005943885200876e-11,1.9473721357090087e-05,0.00015906382369141586
75474,Transport,1.3768075224444073e-05,0.00199485757488397,7.906765730614994e-07,0.0019909429985677644,3.123899743149461e-06,0.01161586148475825,0.010953449871745126,0.0006624116130131593,0.02654038590052835,1.7411785801916712e-07,6.0068093397173665e-06,6.492274769302028e-05,9.826345356845993e-13,4.817430107844882e-13,5.008915249001089e-13,1.1886884663027321e-11,1.120332142106905e-11,6.835632419583046e-13,6.213211670768766e-05,0.020895585610878547,3.566029210485091e-09,3.979877849609066e-11,9.006635532841959e-11,1.9474003720162027e-05,0.000159069310052547
75475,Transport,1.3768241590001435e-05,0.00199492483347049,7.90696965674498e-07,0.001991010203974883,3.123932529937575e-06,0.011616348364777736,0.01095391776944802,0.000662430595329755,0.026541413633036234,1.7412281815069098e-07,6.00685490009002e-06,6.492321303200229e-05,9.826658403001886e-13,4.817590155290622e-13,5.009068247711245e-13,1.1887618084710027e-11,1.1204017678995653e-11,6.836004057144061e-13,6.213340339171063e-05,0.0208966209402553,3.5662217436861038e-09,3.9800303811041635e-11,9.007300955155655e-11,1.9474275376822836e-05,0.00015907458838634127
75476,Transport,1.3771229896896622e-05,0.001996132951911871,7.910632637652872e-07,0.0019922173671922767,3.1245214558339246e-06,0.011625093846369243,0.010962322285106015,0.0006627715612632649,0.026559874065522595,1.7421191348670256e-07,6.007673268855183e-06,6.493157158716621e-05,9.832281429793096e-13,4.820464974413329e-13,5.011816455379746e-13,1.190079201990595e-11,1.1216524067913546e-11,6.842679519924381e-13,6.215651518719772e-05,0.020915217829926676,3.5696800814650733e-09,3.9827701965188826e-11,9.019253465758069e-11,1.9479154953373975e-05,0.00015916939936478345
75477,Transport,1.3771364144772335e-05,0.001996187225900473,7.910797194849612e-07,0.00199227159826802,3.124547912972804e-06,0.011625486731828116,0.010962699852877024,0.0006627868789511296,0.026560703389261083,1.7421591604066212e-07,6.007710033575852e-06,6.493194709018989e-05,9.832534040862937e-13,4.820594123919663e-13,5.011939916943252e-13,1.1901383850958414e-11,1.121708590985414e-11,6.842979411043033e-13,6.215755347059932e-05,0.020916053283921484,3.569835445193304e-09,3.982893281065477e-11,9.019790425051113e-11,1.947937416539247e-05,0.00015917365869051433
75478,Transport,1.3771588760897783e-05,0.0019962780341383486,7.911072522855728e-07,0.0019923623347064727,3.1245921795952272e-06,0.011626144086062185,0.010963331578402404,0.00066281250765982,0.026562090967901634,1.7422261289271656e-07,6.0077715462744025e-06,6.493257536109414e-05,9.832956695742582e-13,4.820810209735262e-13,5.0121464860073e-13,1.1902374069963488e-11,1.1218025952734811e-11,6.843481172287067e-13,6.215929066899845e-05,0.02091745111936806,3.570095391196055e-09,3.9830992193256614e-11,9.020688835661217e-11,1.947974093882545e-05,0.00015918078515890407
75479,Transport,1.377175849198286e-05,0.001996346653346867,7.911280574353088e-07,0.001992430899659786,3.1246256296507015e-06,0.011626640815525429,0.010963808941542207,0.0006628318739832598,0.026563139491144666,1.742276733662847e-07,6.0078180283203835e-06,6.49330501137509e-05,9.833276074732814e-13,4.820973494895125e-13,5.012302579837671e-13,1.1903122328557393e-11,1.1218736295760441e-11,6.843860327969812e-13,6.216060338227177e-05,0.020918507393162457,3.5702918192887437e-09,3.983254836489348e-11,9.021367719278297e-11,1.948001809102293e-05,0.0001591861702718837
75480,Transport,1.3771923687843509e-05,0.0019964134390461565,7.91148306670238e-07,0.001992497632553572,3.1246581859187544e-06,0.011627124272348622,0.010964273549511246,0.0006628507228374146,0.026564159997785868,1.742325986237058e-07,6.0078632683634e-06,6.493351218098912e-05,9.833586919897916e-13,4.82113241706605e-13,5.012454502831846e-13,1.1903850593638292e-11,1.1219427658379251e-11,6.844229352590737e-13,6.216188101977035e-05,0.020919535443259835,3.5704829988114093e-09,3.9834062955534e-11,9.022028463085777e-11,1.9480287837697626e-05,0.0001591914114943323
75481,Transport,1.3772074661590078e-05,0.0019964744750018987,7.911668125992033e-07,0.001992558620249966,3.124687939338381e-06,0.011627566107196168,0.010964698158248406,0.0006628679489477979,0.026565092646524294,1.7423709985371716e-07,6.007904613580906e-06,6.493393446773318e-05,9.833871003645512e-13,4.821277657240134e-13,5.012593346405356e-13,1.190451616060427e-11,1.1220059499905994e-11,6.844566606983075e-13,6.216304866234425e-05,0.020920474986019923,3.5706577192232413e-09,3.983544715137662e-11,9.02263232184925e-11,1.9480534361223974e-05,0.00015919620148717234
75482,Transport,1.3772456775421658e-05,0.001996628956714396,7.912136510170366e-07,0.0019927129798182823,3.1247632451013637e-06,0.011628684389085254,0.01096577284093438,0.000662911548150912,0.026567453176027236,1.7424849244537964e-07,6.008009258128961e-06,6.493500327346571e-05,9.834590018253987e-13,4.821645259427125e-13,5.012944758826841e-13,1.1906200707416637e-11,1.122165868779272e-11,6.845420196239469e-13,6.216600396012255e-05,0.020922852964258772,3.5710999357511818e-09,3.983895054444383e-11,9.024160685495769e-11,1.948115831109185e-05,0.00015920832493617498
75483,Transport,1.3772575505836727e-05,0.0019966769572742553,7.912282046508784e-07,0.0019927609424255,3.1247866441090872e-06,0.011629031861649415,0.01096610676635354,0.0006629250952959112,0.02656818663978728,1.7425203235161974e-07,6.00804177328439e-06,6.493533537279783e-05,9.83481343048315e-13,4.821759480783788e-13,5.013053949699343e-13,1.1906724129825646e-11,1.1222155587475165e-11,6.845685423505111e-13,6.21669222302894e-05,0.020923591849690275,3.571237341276905e-09,3.9840039118786495e-11,9.024635578669313e-11,1.9481352184803495e-05,0.000159212091934418
75484,Transport,1.377275112930753e-05,0.0019967479586677733,7.912497320723615e-07,0.0019928318876802887,3.124821255416959e-06,0.011629545835576733,0.010966600701635975,0.0006629451339407923,0.026569271563571716,1.7425726850462937e-07,6.0080898690014574e-06,6.493582660697165e-05,9.835143897037e-13,4.821928434552586e-13,5.013215462484394e-13,1.1907498364970967e-11,1.1222890590775037e-11,6.846077741959613e-13,6.216828051572738e-05,0.020924684793094287,3.5714405885688524e-09,3.9841649314490525e-11,9.02533803041555e-11,1.9481638958618907e-05,0.00015921766399702348
75485,Transport,1.376949485489482e-05,0.0019954315058046046,7.908505872916214e-07,0.001991516475697972,3.124179519345487e-06,0.011620016128979609,0.010957442536076585,0.0006625735929030619,0.02654915574680277,1.741601838098097e-07,6.007198115455507e-06,6.49267185232767e-05,9.82901664207142e-13,4.818795824590226e-13,5.010220817481174e-13,1.1893143096386499e-11,1.120926272869221e-11,6.838803676943203e-13,6.214309623883879e-05,0.020904420282748814,3.5676721346532534e-09,3.981179431249968e-11,9.012313714035927e-11,1.947632182057865e-05,0.00015911435112656732
75486,Transport,1.376980599918523e-05,0.0019955572958149205,7.908887264665905e-07,0.0019916421662497987,3.1242408386599177e-06,0.011620926713721913,0.010958317619243192,0.0006626090944787556,0.026551077858007564,1.741694604691604e-07,6.007283324497838e-06,6.492758882100936e-05,9.829602114963686e-13,4.819095152466298e-13,5.010506962497366e-13,1.1894514774350708e-11,1.1210564901341108e-11,6.839498730096303e-13,6.214550265272437e-05,0.020906356601956833,3.568032218838704e-09,3.981464702459708e-11,9.01355821654535e-11,1.947682988498996e-05,0.00015912422290200573
75487,Transport,1.3769950088800605e-05,0.0019956155486409036,7.909063885584929e-07,0.0019917003730169727,3.124269235377146e-06,0.011621348401695406,0.010958722866585944,0.0006626255351095005,0.026551967979641645,1.741737564511824e-07,6.007322784447818e-06,6.492799185223772e-05,9.829873245003543e-13,4.819233769949776e-13,5.010639475053748e-13,1.1895149992660595e-11,1.1211167932031109e-11,6.839820606295173e-13,6.214661705289784e-05,0.020907253303257586,3.568198972314132e-09,3.981596810359987e-11,9.014134540435732e-11,1.947706516748708e-05,0.0001591287944797909
75488,Transport,1.3770137284506949e-05,0.0019956912284799944,7.909293344714273e-07,0.0019917759930182235,3.1243061273039177e-06,0.011621896242550202,0.01095924934840333,0.0006626468941469091,0.02655312439155645,1.741793376263902e-07,6.007374049302607e-06,6.492851545496422e-05,9.8302254867608e-13,4.819413856472067e-13,5.010811630288712e-13,1.18959752439453e-11,1.1211951366393582e-11,6.840238775517469e-13,6.214806483889601e-05,0.0209084182632232,3.568415612038906e-09,3.9817684398812517e-11,9.014883278347632e-11,1.947737083749059e-05,0.0001591347336984526
75489,Transport,1.37702547167048e-05,0.001995738704194106,7.909437289735242e-07,0.001991823431194675,3.1243292704631737e-06,0.011622239915794136,0.0109595796226289,0.0006626602931652725,0.026553849835507216,1.7418283882673302e-07,6.007406208932161e-06,6.492884392306946e-05,9.830446456165154e-13,4.819526828914268e-13,5.010919627250864e-13,1.1896492943170529e-11,1.1212442832895956e-11,6.840501102746048e-13,6.214897306855098e-05,0.020909149069564006,3.5685515151507796e-09,3.981876107051036e-11,9.015352978963765e-11,1.9477562591356266e-05,0.00015913845950773836
75490,Transport,1.3770497110377194e-05,0.001995836699572748,7.909734408948667e-07,0.0019919213490912305,3.1243770406272802e-06,0.011622949297217853,0.010960261346925126,0.0006626879502927641,0.02655534723593538,1.7419006571019798e-07,6.007472590136408e-06,6.49295219193239e-05,9.830902562636706e-13,4.819760017133905e-13,5.01114254550278e-13,1.1897561534397603e-11,1.1213457276741418e-11,6.841042576562158e-13,6.215084775986622e-05,0.02091065753858698,3.568832034931385e-09,3.982098344573267e-11,9.016322495496322e-11,1.9477958393568503e-05,0.00015914615001010434
75491,Transport,1.3770670898263533e-05,0.001995906958872659,7.909947433156695e-07,0.0019919915528391645,3.124411290184078e-06,0.01162345789918349,0.01096075011968614,0.0006627077794973864,0.02655642082029444,1.7419524713589193e-07,6.007520183165817e-06,6.49300080192078e-05,9.83122957521445e-13,4.819927205028747e-13,5.011302370185682e-13,1.189832767737849e-11,1.1214184597920946e-11,6.841430794575778e-13,6.215219184875272e-05,0.020911739058746,3.569033157919733e-09,3.9822576811965076e-11,9.017017605345111e-11,1.947824217007634e-05,0.00015915166383452843
75492,Transport,1.3770855259985956e-05,0.0019959814929832965,7.910173418469806e-07,0.0019920660280178565,3.12444762359843e-06,0.011623997446193279,0.010961268631016197,0.0006627288151771189,0.02655755972511554,1.742007438168498e-07,6.007570671914269e-06,6.493052369503396e-05,9.831576484330821e-13,4.82010456519412e-13,5.011471919136681e-13,1.1899140435060015e-11,1.1214956171752907e-11,6.841842633071394e-13,6.215361771650115e-05,0.020912886382207674,3.569246517903166e-09,3.9824267123926654e-11,9.017755008001275e-11,1.9478543212495746e-05,0.00015915751313846653
75493,Transport,1.377103607144387e-05,0.001996054591786192,7.910395051970483e-07,0.0019921390690236618,3.124483257338088e-06,0.011624526603114641,0.010961777157343144,0.0006627494457715324,0.026558676697979667,1.7420613464789984e-07,6.007620188397925e-06,6.493102944046048e-05,9.83191671299798e-13,4.820278509924381e-13,5.011638203073581e-13,1.189993754141917e-11,1.1215712887342308e-11,6.842246540768932e-13,6.215501612623068e-05,0.020914011611594122,3.5694557692008788e-09,3.982592488545159e-11,9.018478210451218e-11,1.9478838457723623e-05,0.00015916324980201542
75494,Transport,1.3771199897771076e-05,0.0019961208238078757,7.91059586558495e-07,0.0019922052486776192,3.124515543702902e-06,0.01162500605190589,0.010962237913544058,0.000662768138361868,0.026559688744251665,1.742110190731553e-07,6.007665053384621e-06,6.493148767699417e-05,9.832224981144226e-13,4.820436114573024e-13,5.011788866571179e-13,1.190065976891912e-11,1.1216398518314924e-11,6.842612506042262e-13,6.215628317165224e-05,0.02091503113878432,3.569645363776147e-09,3.982742691958783e-11,9.019133476453523e-11,1.947910596810081e-05,0.00015916844757283405
75495,Transport,1.3771543133757706e-05,0.001996259587910673,7.911016594415699e-07,0.001992343903063691,3.124583187545445e-06,0.01162601055516071,0.01096320325355939,0.0006628073016013545,0.026561809103699447,1.7422125253532392e-07,6.007759050962645e-06,6.493244773800166e-05,9.83287084022638e-13,4.820766315389933e-13,5.012104524836427e-13,1.1902172922956964e-11,1.1217834998198007e-11,6.843379247589895e-13,6.215893778518594e-05,0.020917167171661293,3.5700425873617082e-09,3.983057386292411e-11,9.020506338048139e-11,1.9479666434723085e-05,0.0001591793375318879
75496,Transport,1.3771708701387256e-05,0.0019963265239094073,7.911219542468649e-07,0.0019924107861380843,3.1246158170805154e-06,0.011626495099990657,0.010963668907116338,0.0006628261928743556,0.026562831906963767,1.742261888769062e-07,6.0078043928171794e-06,6.493291084510996e-05,9.83318238494028e-13,4.820925595210989e-13,5.012256789729271e-13,1.1902902826979114e-11,1.1218527916710051e-11,6.84374910269094e-13,6.216021829797381e-05,0.020918197535358146,3.570234197128819e-09,3.983209186211069e-11,9.02116856884203e-11,1.9479936788455518e-05,0.00015918459054956865
75497,Transport,1.3768749557800278e-05,0.001995130195666187,7.907592309107757e-07,0.001991215403796686,3.1240326385949997e-06,0.01161783496678673,0.010955346412311313,0.0006624885544754521,0.026544551632440152,1.7413796303483724e-07,6.006994010628149e-06,6.492463386226406e-05,9.827614234060128e-13,4.818078831853324e-13,5.009535402206783e-13,1.1889857458073711e-11,1.1206143579404457e-11,6.83713878669284e-13,6.213733205375663e-05,0.020899782135354417,3.5668096097557072e-09,3.9804961090411754e-11,9.009332704475363e-11,1.9475104832379745e-05,0.00015909070484482923
75498,Transport,1.3770931129486527e-05,0.001996012165650459,7.910266417128185e-07,0.001992096676433036,3.1244625757151946e-06,0.011624219483401588,0.010961482011511526,0.0006627374718900983,0.026558028413186125,1.7420300583975548e-07,6.00759144930818e-06,6.493073590864789e-05,9.831719246185375e-13,4.820177553377301e-13,5.011541692808053e-13,1.1899474905353359e-11,1.1215273693853009e-11,6.842012115003795e-13,6.215420449705694e-05,0.020913358534761273,3.5693343209198206e-09,3.9824962729948575e-11,9.018058467800334e-11,1.94786670990472e-05,0.0001591599202746259
75499,Transport,1.3769606857281156e-05,0.0019954767863441065,7.908643162229922e-07,0.001991561720435473,3.1242015924149804e-06,0.011620343911514092,0.01095775753913441,0.0006625863723797195,0.026549847647790118,1.7416352312220122e-07,6.007228788093164e-06,6.492703180372531e-05,9.829227394327176e-13,4.818903573430396e-13,5.010323820896759e-13,1.1893636858316291e-11,1.1209731470843663e-11,6.839053874726604e-13,6.214396247391366e-05,0.02090511729818086,3.5678017538983932e-09,3.981282120122073e-11,9.012761696708768e-11,1.9476504708159215e-05,0.0001591179046624687
75500,Transport,1.3769389939369512e-05,0.001995389090354868,7.908377270473554e-07,0.0019914740937848935,3.1241588429317346e-06,0.011619709086621709,0.01095714746458422,0.0006625616220375248,0.026548507625294628,1.7415705578972744e-07,6.007169383604362e-06,6.492642506539686e-05,9.828819224995363e-13,4.818694893471369e-13,5.010124331523974e-13,1.1892680576846197e-11,1.120882364582387e-11,6.838569310223574e-13,6.214228481409248e-05,0.020903767370408357,3.567550716961732e-09,3.98108323993376e-11,9.011894077106864e-11,1.9476150505062848e-05,0.00015911102243779568
75501,Transport,1.3770800368445075e-05,0.0019959593013259,7.910106133992907e-07,0.0019920438539067545,3.1244368057503802e-06,0.011623836802398261,0.010961114250348139,0.0006627225520501593,0.026557220629560736,1.7419910724455297e-07,6.007555639481486e-06,6.493037015860394e-05,9.831473196209547e-13,4.820051758284743e-13,5.011421437924783e-13,1.1898898445991371e-11,1.1214726444692514e-11,6.841720012988863e-13,6.215319318109987e-05,0.020912544780101367,3.5691829924701236e-09,3.9823763853362e-11,9.017535455007759e-11,1.9478453580645623e-05,0.00015915577157681241
75502,Transport,1.377059054135695e-05,0.0019958744720283894,7.909848933964693e-07,0.001991959091681294,3.1243954537037912e-06,0.011623222729278954,0.010960524118507784,0.0006626986107712054,0.026555924411022957,1.741928513225287e-07,6.0074981768643495e-06,6.492978325392765e-05,9.831078369513557e-13,4.819849899859034e-13,5.011228469654501e-13,1.1897973424379388e-11,1.121384829553929e-11,6.841251288401263e-13,6.215157036225347e-05,0.0209112389800799,3.5689401616728328e-09,3.9821840063367774e-11,9.016696196998648e-11,1.9478110956084326e-05,0.00015914911432498844
75503,Transport,1.3770431110534163e-05,0.0019958100170296596,7.909653508233509e-07,0.0019918946876452503,3.1243640335908275e-06,0.011622756144227716,0.01096007572451966,0.0006626804197080956,0.026554939518224623,1.741880979477165e-07,6.0074545156173125e-06,6.49293373120034e-05,9.830778372284584e-13,4.819696523785501e-13,5.011081848499062e-13,1.1897270574437499e-11,1.1213181060230068e-11,6.840895142074637e-13,6.215033731200132e-05,0.020910246807078408,3.5687556539710094e-09,3.9820378329211366e-11,9.016058511959413e-11,1.9477850623082496e-05,0.00015914405601175877
75504,Transport,1.377028072976786e-05,0.0019957492208051175,7.909469175802065e-07,0.0019918339394905085,3.1243343970338424e-06,0.011622316044776907,0.010959652783520157,0.0006626632612567841,0.02655401053265487,1.7418361439720667e-07,6.007413332791606e-06,6.49289166838769e-05,9.83049540433401e-13,4.819551854071907e-13,5.010943550262084e-13,1.1896607621621914e-11,1.1212551700390152e-11,6.840559212317906e-13,6.214917425558246e-05,0.020909310954564678,3.5685816198093314e-09,3.981899957008104e-11,9.015457024974745e-11,1.947760506782772e-05,0.00015913928483259534
75505,Transport,1.376956468251542e-05,0.001995459735848949,7.908591465611367e-07,0.0019915446834216444,3.1241932807480117e-06,0.011620220484218869,0.010957638923981605,0.000662581560237301,0.026549587110822934,1.7416226569615486e-07,6.00721723823829e-06,6.492691383722512e-05,9.82914803506256e-13,4.818863000347615e-13,5.010285034714925e-13,1.189345093108385e-11,1.1209554964868437e-11,6.838959662154462e-13,6.214363629102997e-05,0.020904854835357322,3.5677529454624535e-09,3.9812434523823366e-11,9.012593007764731e-11,1.947643584140451e-05,0.00015911656657004874
75506,Transport,1.3769408914842704e-05,0.001995396761795553,7.908400530064504e-07,0.0019914817591599947,3.1241625825568633e-06,0.011619764619623272,0.010957200832483551,0.0006625637871397573,0.02654862484733842,1.741576215368944e-07,6.007174580170547e-06,6.492647814145129e-05,9.828854930696909e-13,4.81871314830767e-13,5.010141782389217e-13,1.1892764230119737e-11,1.120890306024011e-11,6.838611698796594e-13,6.214243157186237e-05,0.020903885458942686,3.5675726770876876e-09,3.981100637508967e-11,9.011969974446883e-11,1.947618148992393e-05,0.000159111624478765
75507,Transport,1.3769190381305969e-05,0.001995308412638304,7.908132657921223e-07,0.0019913934798578455,3.124119514671429e-06,0.011619125066495133,0.010956586214040493,0.0006625388524546765,0.026547274844228832,1.7415110603511756e-07,6.007114733231502e-06,6.492586688407846e-05,9.82844372128136e-13,4.818502914080599e-13,5.009940807200742e-13,1.1891800826174936e-11,1.120798847365383e-11,6.838123525211382e-13,6.21407414166724e-05,0.020902525476780644,3.567319770404212e-09,3.98090027604223e-11,9.011095892732239e-11,1.947582464868945e-05,0.00015910469099463263
75508,Transport,1.3771895228925823e-05,0.001996401933620348,7.91144818257709e-07,0.001992486136224768,3.1246525773269345e-06,0.011627040985407407,0.010964193509733648,0.0006628474756737948,0.02656398419123488,1.7423175013092293e-07,6.007855474689544e-06,6.493343257891287e-05,9.833533369421945e-13,4.821105038940697e-13,5.012428330481227e-13,1.1903725132649692e-11,1.1219308554717806e-11,6.844165779319175e-13,6.2161660916311e-05,0.02091935833716903,3.570450063589685e-09,3.983380203125784e-11,9.021914634243132e-11,1.948024136741453e-05,0.00015919050856905536
75509,Transport,1.3772234573274251e-05,0.0019965391244041917,7.911864141149318e-07,0.0019926232185358637,3.1247194542179572e-06,0.01162803409952067,0.010965147904643497,0.0006628861948772106,0.026566080509870665,1.7424186756524528e-07,6.0079484065152e-06,6.493438175466871e-05,9.834171905700044e-13,4.821431495913246e-13,5.012740409786776e-13,1.1905221130421045e-11,1.1220728747672348e-11,6.844923827487287e-13,6.216428543161536e-05,0.020921470151527365,3.5708427834211537e-09,3.9836913294288505e-11,9.023271930218661e-11,1.948079547941957e-05,0.00015920127505684658
75510,Transport,1.3769760395740917e-05,0.0019955388591670143,7.908831365271463e-07,0.0019916237441792123,3.1242318512800207e-06,0.011620793252167692,0.010958189361043749,0.0006626038911239779,0.026550796140187287,1.7416810081824883e-07,6.007270835675332e-06,6.492746126419598e-05,9.82951630403525e-13,4.819051280916835e-13,5.010465023118394e-13,1.1894313731806844e-11,1.1210374045973655e-11,6.839396858332184e-13,6.214514995217674e-05,0.020906072801714016,3.5679794424272307e-09,3.981422891151811e-11,9.01337581370965e-11,1.9476755419580176e-05,0.00015912277602679275
75511,Transport,1.376992458057731e-05,0.0019956052361274797,7.909032618336214e-07,0.001991690068657352,3.1242642082986707e-06,0.011621273750160243,0.010958651125540052,0.0006626226246202256,0.02655181040116978,1.7417299593233162e-07,6.007315798842279e-06,6.492792050351115e-05,9.829825246779793e-13,4.819209230459459e-13,5.010616016320314e-13,1.1895037539792648e-11,1.1211061177346153e-11,6.839763624465268e-13,6.214641977033593e-05,0.020907094559985566,3.5681694519016054e-09,3.9815734232629307e-11,9.014032513662683e-11,1.947702351536344e-05,0.00015912798517214816
75512,Transport,1.3771313117646197e-05,0.0019961665965560777,7.910734647261498e-07,0.0019922509852346453,3.124537856711163e-06,0.011625337397503373,0.010962556340749365,0.0006627810567540433,0.026560388166343863,1.7421439468455363e-07,6.007696059440105e-06,6.493180436286514e-05,9.832438024319984e-13,4.820545034665064e-13,5.011892989654899e-13,1.1901158898141794e-11,1.1216872355789167e-11,6.842865423526598e-13,6.215715882287906e-05,0.02091573573091627,3.569776392008919e-09,3.982846497079873e-11,9.019586328789391e-11,1.9479290843706677e-05,0.00015917203973639548
75513,Transport,1.3765092695105048e-05,0.0019936517922040722,7.903109831669784e-07,0.001989738169265035,3.123311955875268e-06,0.011607132911574355,0.010945061605275358,0.0006620713062990335,0.02652196115921736,1.7402893493899322e-07,6.005992553176408e-06,6.491440529818512e-05,9.82073320154631e-13,4.814560846862461e-13,5.00617235468383e-13,1.1873736198157286e-11,1.1190839211851198e-11,6.828969863061177e-13,6.210904959626451e-05,0.0208770246762072,3.5625775590142693e-09,3.9771433313201065e-11,8.994706131077992e-11,1.9469133577724768e-05,0.00015897468238049598
75514,Transport,1.376338559878127e-05,0.0019929616440290997,7.901017321943955e-07,0.0019890485667700794,3.1229755268310295e-06,0.011602136979095474,0.010940260452553726,0.0006618765265417852,0.026511415476481903,1.7397803845282035e-07,6.005525052896316e-06,6.490963040079576e-05,9.817520998549612e-13,4.812918581416497e-13,5.004602417133095e-13,1.1866210473012097e-11,1.1183694828327586e-11,6.825156446845408e-13,6.209584678192994e-05,0.020866401041117096,3.560601953457032e-09,3.9755781879173885e-11,8.987878155362996e-11,1.946634607714862e-05,0.00015892052078383628
75515,Transport,1.3765424586537171e-05,0.001993785969908622,7.903516654670903e-07,0.00198987224087919,3.123377363969554e-06,0.011608104214225598,0.010945995039101227,0.0006621091751244076,0.026524011437047062,1.7403883016719486e-07,6.006083443968754e-06,6.491533362748367e-05,9.82135771384711e-13,4.814880133960205e-13,5.006477579886884e-13,1.187519933978639e-11,1.1192228213541537e-11,6.829711262448843e-13,6.211161647014067e-05,0.020879090109431623,3.5629616536599975e-09,3.9774476244511805e-11,8.996033617176462e-11,1.946967551993704e-05,0.00015898521240720337
76874,Transport,1.213588826293972e-05,0.0017372706559334726,6.91643639345286e-07,0.0017338230212995062,2.7559909946253035e-06,0.010069392340389649,0.009490876267927708,0.0005785160724619704,0.023048368693709707,1.5207994120646832e-07,5.307922198123166e-06,5.738228467536933e-05,8.566441156202103e-13,4.196539350834922e-13,4.369901805367163e-13,1.0189345698276242e-11,9.600949979777759e-12,5.883957184985122e-13,5.450441227111257e-05,0.018035688424988577,3.0702138938737402e-09,3.457004352725578e-11,7.666776818075044e-11,1.714761691489407e-05,0.0001385708939015564
76875,Transport,1.2135893875947077e-05,0.001737272925170849,6.916443273716335e-07,0.0017338252887426626,2.7559921008187117e-06,0.010069408767234087,0.009490892054327788,0.0005785167129063291,0.02304840336837566,1.520801085563403e-07,5.307923735284528e-06,5.738230037544073e-05,8.566451718066011e-13,4.196544750675517e-13,4.3699069673904757e-13,1.0189370443189582e-11,9.600973470823173e-12,5.88396972366438e-13,5.450445568254341e-05,0.01803572335596527,3.0702203897511953e-09,3.4570094989855224e-11,7.666799268757747e-11,1.714762608031785e-05,0.00013857107198725444
76876,Transport,1.2135866785084056e-05,0.0017372619728248035,6.916410066513227e-07,0.001733814345056318,2.7559867618386987e-06,0.010069329483997079,0.009490815862159309,0.0005785136218378,0.02304823601305865,1.520793008516339e-07,5.307916316262022e-06,5.7382224599932755e-05,8.566400741826324e-13,4.196518688649832e-13,4.3698820531764725e-13,1.0189251013262763e-11,9.600860092619087e-12,5.883909206437032e-13,5.45042461597241e-05,0.018035554763578904,3.0701890377654973e-09,3.456984660852526e-11,7.666690911805529e-11,1.7147581843917583e-05,0.00013857021246668988
76877,Transport,1.2135827760771055e-05,0.0017372461960007172,6.916362231629297e-07,0.0017337985807065058,2.755979071052805e-06,0.010069215276714172,0.00949070610755204,0.0005785091691621614,0.023047994938188907,1.520781373552456e-07,5.307905629180686e-06,5.738211544552378e-05,8.566327310694509e-13,4.196481146374152e-13,4.3698461643203354e-13,1.0189078974784589e-11,9.60069677163072e-12,5.883822031538964e-13,5.4503944342684274e-05,0.018035311906714174,3.0701438753170975e-09,3.456948881590869e-11,7.66653482391654e-11,1.714751812150575e-05,0.00013856897432970174
76878,Transport,1.2135592649565673e-05,0.0017371511447918024,6.916074039055127e-07,0.0017337036046518074,2.755932736093837e-06,0.010068527207921129,0.009490044864956717,0.0005784823429644405,0.02304654252560681,1.5207112759601462e-07,5.307841242331017e-06,5.738145781896507e-05,8.565884907469826e-13,4.1962549640532274e-13,4.36962994341658e-13,1.018804248827495e-11,9.599712805700654e-12,5.88329682574324e-13,5.450212597452932e-05,0.01803384875808174,3.0698717834629647e-09,3.4567333209649794e-11,7.665594435504765e-11,1.714713421076133e-05,0.0001385615148805197
76879,Transport,1.2135633692411904e-05,0.001737167737672371,6.916124348199202e-07,0.00173372018441287,2.755940824685756e-06,0.0100686473225776,0.00949016029662283,0.0005784870259547988,0.023046796070078118,1.5207235127427251e-07,5.307852482201808e-06,5.738157261938763e-05,8.565962136828129e-13,4.196294448203725e-13,4.369667688624384e-13,1.0188223425446205e-11,9.5998845744698e-12,5.883388509764327e-13,5.450244340306042e-05,0.018034104176721754,3.069919281939742e-09,3.456770950909528e-11,7.66575859704235e-11,1.714720122921595e-05,0.00013856281706016373
76880,Transport,1.2135485783109466e-05,0.0017371079406159813,6.915943045217309e-07,0.001733660434636267,2.7559116751969087e-06,0.010068214456032423,0.009489744306534842,0.0005784701494976115,0.023045882352114248,1.5206794140960275e-07,5.307811976203785e-06,5.7381158904161244e-05,8.565683819372986e-13,4.196152156094523e-13,4.369531663278445e-13,1.0187571368066065e-11,9.599265557974611e-12,5.883058100914804e-13,5.4501299461133305e-05,0.018033183704670115,3.069748107978564e-09,3.4566353409467623e-11,7.66516699532019e-11,1.71469597095899e-05,0.00013855812429393308
76881,Transport,1.2135191990364131e-05,0.0017369891655215773,6.915582922494045e-07,0.0017335417534538634,2.755853775469084e-06,0.010067354651756568,0.009488918024022708,0.0005784366277338886,0.023044067431046745,1.5205918208056408e-07,5.307731519003555e-06,5.7380337140214376e-05,8.565130996474929e-13,4.19586952079901e-13,4.3692614756758987e-13,1.0186276184296848e-11,9.598036003426402e-12,5.882401808704732e-13,5.4499027245432596e-05,0.01803135536793534,3.0694081045632455e-09,3.4563659784212134e-11,7.663991894827937e-11,1.7146479978343642e-05,0.0001385488030365718
76882,Transport,1.2135404761616134e-05,0.0017370751850913045,6.915843731393922e-07,0.0017336277050104272,2.755895707742005e-06,0.01006797734116995,0.009489516436227923,0.000578460904942056,0.023045381837321046,1.520655257818155e-07,5.307789787900583e-06,5.7380932279973946e-05,8.565531363134832e-13,4.196074211577256e-13,4.3694571515575577e-13,1.0187214185239762e-11,9.598926474225215e-12,5.882877110145737e-13,5.4500672834668985e-05,0.01803267949013479,3.0696543426120407e-09,3.456561056763728e-11,7.664842928786168e-11,1.71468274104008e-05,0.00013855555369883445
76883,Transport,1.2135569615605855e-05,0.0017371418325783617,6.91604580468764e-07,0.0017336942998012622,2.7559281966352382e-06,0.010068459797484842,0.009489980082696145,0.0005784797147887253,0.023046400232035566,1.5207044084647332e-07,5.307834934319853e-06,5.738139339096939e-05,8.565841565009461e-13,4.196232804860589e-13,4.369608760148854e-13,1.0187940943184508e-11,9.599616406077085e-12,5.883245371074479e-13,5.450194782811154e-05,0.01803370541269439,3.0698451264908965e-09,3.456712202385e-11,7.665502305191985e-11,1.7147096598837873e-05,0.0001385607840746339
76884,Transport,1.2135264091201252e-05,0.0017370183145862552,6.915671301632828e-07,0.0017335708794712266,2.755867984869797e-06,0.010067565659717228,0.009489120805275034,0.0005784448544422216,0.023044512837988727,1.520613317420732e-07,5.307751264322598e-06,5.738053881254777e-05,8.565266666924121e-13,4.1959388834423364e-13,4.369327783481768e-13,1.0186594040457246e-11,9.598337753260662e-12,5.882562871966143e-13,5.449958487885527e-05,0.01803180406726917,3.0694915461432634e-09,3.45643208374168e-11,7.664280280877417e-11,1.71465977110821e-05,0.00013855109060312832
76885,Transport,1.2135065932782324e-05,0.0017369382027207008,6.915428404724737e-07,0.0017334908309477857,2.755828932446944e-06,0.010066985735744985,0.009488563491186135,0.0005784222445588788,0.023043288703305596,1.5205542371738325e-07,5.307696997252214e-06,5.73799845461575e-05,8.564893796888474e-13,4.1957482505414863e-13,4.369145546346969e-13,1.0185720460111906e-11,9.59750843875536e-12,5.88212021356573e-13,5.449805230639436e-05,0.0180305708839371,3.0692622193805056e-09,3.45625040310787e-11,7.663487694745447e-11,1.714627414017445e-05,0.00013854480356694223
76886,Transport,1.2134888685471796e-05,0.0017368665448381456,6.915211140053734e-07,0.0017334192297230263,2.7557940011179715e-06,0.010066467009541235,0.009488064988907443,0.0005784020206338216,0.023042193748160703,1.5205013915015416e-07,5.307648456835273e-06,5.737948876996226e-05,8.564560274793611e-13,4.1955777346019825e-13,4.3689825401916097e-13,1.018493906627772e-11,9.596766639509875e-12,5.881724267678694e-13,5.449668146205499e-05,0.018029467835022094,3.0690570928350315e-09,3.456087894727494e-11,7.662778748029915e-11,1.714598471480733e-05,0.00013853917998424913
76887,Transport,1.2134755085018072e-05,0.0017368125325905473,6.915047376448305e-07,0.0017333652601813352,2.755767671570932e-06,0.010066076018806464,0.009487689241989661,0.000578386776816831,0.02304136842390766,1.5204615589885722e-07,5.307611869415648e-06,5.737911507783439e-05,8.564308881962499e-13,4.195449207930311e-13,4.368859674032169e-13,1.0184350089381686e-11,9.596207507100623e-12,5.881425822810897e-13,5.44956481858649e-05,0.01802863641007642,3.068902478361817e-09,3.4559654037667694e-11,7.662244378269494e-11,1.714576655995775e-05,0.00013853494119948494
76888,Transport,1.2135018504562316e-05,0.0017369190283489763,6.915370268572567e-07,0.0017334716717366772,2.7558195854461303e-06,0.010066846933861655,0.009488430100864564,0.0005784168329971225,0.02304299571283168,1.5205400966141563e-07,5.307684008702109e-06,5.737985188528726e-05,8.564804552322529e-13,4.1957026235163437e-13,4.369101928806166e-13,1.018551137305399e-11,9.597309946503418e-12,5.882014265506003e-13,5.449768549289106e-05,0.01803027572771461,3.0692073311743064e-09,3.456206918762776e-11,7.663297993244764e-11,1.714619669510661e-05,0.00013854329879648102
76889,Transport,1.2134858742697902e-05,0.0017368544395161035,6.91517443706005e-07,0.0017334071339723091,2.7557881000925498e-06,0.010066379379994786,0.009487980775832664,0.0005783986041621504,0.02304200877500524,1.520492464167119e-07,5.307640256797004e-06,5.737940501741068e-05,8.564503932180317e-13,4.1955489289732463e-13,4.3689550032070517e-13,1.018480706371684e-11,9.596641325749035e-12,5.881657379678341e-13,5.449644988233751e-05,0.018029281494568426,3.06902244036131e-09,3.456060441833146e-11,7.662658984118451e-11,1.7145935821550216e-05,0.00013853822998018676
76890,Transport,1.2134694926108763e-05,0.0017367882114313435,6.914973635382221e-07,0.0017333409582521622,2.7557558156468823e-06,0.01006589995970264,0.009487520047019742,0.0005783799126829282,0.023040996788890676,1.5204436228179349e-07,5.307595394477145e-06,5.737894680811522e-05,8.564195682357963e-13,4.195391333692843e-13,4.368804348665101e-13,1.0184084879147101e-11,9.595955735531281e-12,5.881291436158497e-13,5.449518291223089e-05,0.018028262027980343,3.0688328570558073e-09,3.455910247347822e-11,7.662003757066068e-11,1.7145668327074214e-05,0.00013853303251833087
76891,Transport,1.2134389344179766e-05,0.0017366646701831641,6.914599061815661e-07,0.001733217514684442,2.7556955925447195e-06,0.010065005653586008,0.00948666060781315,0.000578345045772889,0.02303910903948369,1.5203525146232348e-07,5.30751170872643e-06,5.737809206879285e-05,8.563620676030326e-13,4.1950973569348177e-13,4.3685233190954894e-13,1.0182737722823858e-11,9.594676841969021e-12,5.880608808548648e-13,5.449281951807653e-05,0.018026360324568197,3.068479210135767e-09,3.455630075963527e-11,7.660781502667725e-11,1.7145169345387434e-05,0.0001385233372217303
76892,Transport,1.2134090856960262e-05,0.0017365439971977422,6.914233184740567e-07,0.0017330969371116276,2.7556367676450486e-06,0.010064132110615012,0.009485821122245561,0.0005783109883694802,0.023037265118040225,1.5202635216916195e-07,5.307429965911583e-06,5.7377257173992066e-05,8.563059019650654e-13,4.1948102054485044e-13,4.368248814202129e-13,1.0181421843490017e-11,9.593427640536549e-12,5.879942029534949e-13,5.449051099495135e-05,0.018024502773090346,3.0681337738522933e-09,3.455356409330956e-11,7.659587625405136e-11,1.714468194858108e-05,0.00013851386702127017
76894,Transport,1.2133840137508792e-05,0.0017364426358571718,6.913925860025877e-07,0.00173299565591451,2.7555873566632224e-06,0.010063398363237532,0.00948511598196729,0.0005782823812702706,0.023035716284647536,1.5201887705547492e-07,5.307361304634445e-06,5.7376555889806985e-05,8.562587246756457e-13,4.194569007640248e-13,4.3680182391161915e-13,1.018031654810977e-11,9.592378352401383e-12,5.879381957084132e-13,5.448857191142004e-05,0.01802294249091687,3.067843618730564e-09,3.455126538356522e-11,7.658584807753863e-11,1.714427255128716e-05,0.00013850591236422123
76942,Transport,1.0579932126535197e-05,0.0015455616700770318,6.107603304656839e-07,0.0015425518343061076,2.3990754404620843e-06,0.009027539096227723,0.008515301753990987,0.0005122373422367588,0.020601681970025456,1.3463525480646453e-07,4.60795772011563e-06,4.979576082355928e-05,7.607840767550724e-13,3.73171857808114e-13,3.876122189469571e-13,9.307026669028194e-12,8.773287320634245e-12,5.337393483939762e-13,4.790167252023095e-05,0.016286188755580952,2.784030940804193e-09,3.088872933465837e-11,7.084010600779081e-11,1.4975233298525292e-05,0.00012321775671647232
76943,Transport,1.0580062772703799e-05,0.0015456144879605752,6.10776344698427e-07,0.0015426046104280923,2.3991011877881275e-06,0.00902792144104791,0.008515669192078232,0.0005122522489697012,0.020602489044017402,1.346391499767728e-07,4.6079934984835886e-06,4.979612625229384e-05,7.608086601373012e-13,3.731844262663406e-13,3.8762423387095927e-13,9.30760262197383e-12,8.773834089039387e-12,5.337685329344694e-13,4.790268294775255e-05,0.0162870017953619,2.784182136312685e-09,3.0889927158038503e-11,7.084533154107819e-11,1.4975446629352132e-05,0.00012322190176967777
76944,Transport,1.0579710281723035e-05,0.0015454719822310043,6.107331373647083e-07,0.001542462217373642,2.3990317200011555e-06,0.009026889852428815,0.008514677822693814,0.0005122120297350224,0.020600311511327258,1.346286405801567e-07,4.607896966360626e-06,4.979514030426011e-05,7.607423327386097e-13,3.7315051583318817e-13,3.8759181690542026e-13,9.306048667343129e-12,8.772358876000665e-12,5.336897913424904e-13,4.789995675538203e-05,0.016284808166625177,2.783774202014677e-09,3.088669536071473e-11,7.083123274757202e-11,1.497487105034216e-05,0.00012321071817443456
76956,Transport,1.0579837440293035e-05,0.0015455233901414984,6.10748724097615e-07,0.0015425135846374016,2.399056780002502e-06,0.009027261990556569,0.008515035452023766,0.0005122265385328283,0.020601097040484365,1.346324317689195e-07,4.607931789625291e-06,4.979549597787704e-05,7.607662598676136e-13,3.73162748776506e-13,3.8760351109110633e-13,9.306609245228716e-12,8.772891048426873e-12,5.337181968018695e-13,4.790094020954766e-05,0.016285599502314587,2.7839213613600776e-09,3.0887861208207715e-11,7.083631878528307e-11,1.4975078686303998e-05,0.0001232147525754723
76957,Transport,1.0580196901663909e-05,0.0015456687138737488,6.107927858417674e-07,0.0015426587934664192,2.399127621491503e-06,0.009028313978492252,0.008516046425402983,0.0005122675530892912,0.020603317633148124,1.3464314898530478e-07,4.608030230638388e-06,4.979650142270019e-05,7.608338988682161e-13,3.7319732977702285e-13,3.8763656909119195e-13,9.308193928787484e-12,8.77439543330527e-12,5.337984954822396e-13,4.7903720311451706e-05,0.016287836509318806,2.7843373624210734e-09,3.089115691323221e-11,7.085069637766983e-11,1.4975665647194528e-05,0.00012322615732253484
76958,Transport,1.0579985731477947e-05,0.0015455833415860688,6.107669012058637e-07,0.0015425734886801146,2.399086004751518e-06,0.009027695974706564,0.008515452516143766,0.0005122434585628212,0.020602013117548536,1.3463685301928322e-07,4.607972400204504e-06,4.979591076126205e-05,7.607941634710554e-13,3.7317701472538835e-13,3.876171487456659e-13,9.30726298613575e-12,8.773511663141711e-12,5.337513229940663e-13,4.790208710498324e-05,0.0162865223509047,2.784092977270042e-09,3.088922080910728e-11,7.084225007688755e-11,1.4975320829502144e-05,0.00012321945745781172
76959,Transport,1.0579611544195397e-05,0.001545432064434011,6.107210344016823e-07,0.0015424223311384852,2.3990122611272825e-06,0.009026600890397592,0.008514400126618355,0.0005122007637792608,0.020599701554744235,1.346256967549371e-07,4.607869926397396e-06,4.979486412677887e-05,7.607237535302929e-13,3.7314101705871357e-13,3.87582736471578e-13,9.305613383472989e-12,8.77194564872357e-12,5.336677347494468e-13,4.789919311174511e-05,0.01628419370132014,2.7836599340582703e-09,3.088579009023977e-11,7.082728348336543e-11,1.4974709822817185e-05,0.00012320758549699124
76970,Transport,1.0579377797887273e-05,0.0015453375650283758,6.10692382449457e-07,0.0015423279064507717,2.3989661951578693e-06,0.009025916816068383,0.008513742722752037,0.0005121740933163699,0.020598257573891048,1.3461872768964553e-07,4.607805913334396e-06,4.9794210317956896e-05,7.606797700373307e-13,3.7311853013283784e-13,3.875612399044915e-13,9.304582914105706e-12,8.77096739503676e-12,5.336155190689743e-13,4.7897385299810536e-05,0.016282739046742895,2.783389421786125e-09,3.088364699797852e-11,7.081793419186313e-11,1.4974328140799893e-05,0.00012320016935234547
76971,Transport,1.0579758348821595e-05,0.001545491414889774,6.107390292918262e-07,0.0015424816346675757,2.399041192910096e-06,0.009027030524033289,0.008514813009840467,0.0005122175141928463,0.020600608448509052,1.3463007368406718e-07,4.607910129872097e-06,4.979527475212941e-05,7.607513774114782e-13,3.7315513999727035e-13,3.8759623741420655e-13,9.306260570893764e-12,8.77256004202873e-12,5.337005288650625e-13,4.790032851002121e-05,0.016285107298729104,2.783829829588653e-09,3.088713606169423e-11,7.0833155316188e-11,1.4974949538628419e-05,0.00012321224321480196
76972,Transport,1.0580118965942205e-05,0.0015456372058707446,6.107832327044673e-07,0.001542627310375873,2.399112262170532e-06,0.009028085894348494,0.008515827233728119,0.0005122586606203996,0.020602836180881257,1.3464082535873094e-07,4.608008887395351e-06,4.9796283429685445e-05,7.608192338867901e-13,3.731898321835375e-13,3.8762940170325126e-13,9.307850349569158e-12,8.774069263845305e-12,5.337810857238802e-13,4.7903117550582656e-05,0.016287351498217605,2.784247168187299e-09,3.0890442363156974e-11,7.084757913579127e-11,1.4975538386731176e-05,0.0001232236846307099
76973,Transport,1.0579874220374314e-05,0.0015455382596632806,6.107532324945183e-07,0.0015425284424022872,2.3990640285024366e-06,0.009027369629944042,0.008515138894802524,0.0005122307351415395,0.020601324251487495,1.3463352835431554e-07,4.607941862108057e-06,4.9795598854974046e-05,7.607731806889909e-13,3.731662871038836e-13,3.8760689358510593e-13,9.30677139002317e-12,8.773044977061735e-12,5.337264129614627e-13,4.790122466952663e-05,0.016285828392832748,2.783963926581478e-09,3.088819842468909e-11,7.083778990028857e-11,1.4975138744132214e-05,0.0001232159195089954
76974,Transport,1.057951740076416e-05,0.001545394003947119,6.107094945698202e-07,0.0015423843007449096,2.3989937076431288e-06,0.009026325373299204,0.00851413535128915,0.0005121900220100778,0.020599119978447898,1.3462288990111197e-07,4.607844144559628e-06,4.979460079938615e-05,7.607060387822889e-13,3.7313196024674973e-13,3.8757407853553787e-13,9.30519835265261e-12,8.771551648238871e-12,5.336467044137656e-13,4.7898464999203274e-05,0.01628360782608529,2.7835509828038265e-09,3.0884926940526084e-11,7.082351797199231e-11,1.497455609694644e-05,0.0001232045985779288
76975,Transport,1.0579184252820234e-05,0.001545259318257569,6.106686582500945e-07,0.001542249721547403,2.3989280519195447e-06,0.009025350393381463,0.008513198383564827,0.0005121520098166581,0.02059706193844648,1.3461295721044575e-07,4.607752909662728e-06,4.979366895551445e-05,7.606433511173389e-13,3.7309991065768535e-13,3.8754344045965223e-13,9.303729671697851e-12,8.770157387910173e-12,5.335722837877047e-13,4.789588840736816e-05,0.01628153457331215,2.783165434009517e-09,3.0881872488944756e-11,7.081019285355027e-11,1.4974012102988573e-05,0.00012319402868546546
76979,Transport,1.0579292226223315e-05,0.0015453029699519962,6.106818933202503e-07,0.001542293338727709,2.398949330969998e-06,0.009025666384824828,0.008513502055238686,0.0005121643295861689,0.020597728950165105,1.3461617640009572e-07,4.607782478935112e-06,4.97939709665453e-05,7.60663668218613e-13,3.7311029794436014e-13,3.875533702742514e-13,9.304205671876209e-12,8.770609268329122e-12,5.335964035471145e-13,4.7896723481976493e-05,0.016282206515497142,2.783290390552503e-09,3.088286243811839e-11,7.081451153061523e-11,1.4974188411682527e-05,0.00012319745439251333
76980,Transport,1.0579660415957792e-05,0.0015454518224038189,6.107270249621859e-07,0.0015424420734862436,2.3990218926167798e-06,0.00902674391690503,0.008514537576855793,0.0005122063400492598,0.020600003462781735,1.3462715384962143e-07,4.607883310271692e-06,4.979500082536314e-05,7.607329496148625e-13,3.7314571863328477e-13,3.8758723098157634e-13,9.305828834379902e-12,8.772150182357179e-12,5.336786520227498e-13,4.7899571089716305e-05,0.016284497841023718,2.7837164928616804e-09,3.08862381687426e-11,7.082923823660421e-11,1.4974789625031e-05,0.00012320913606718816
76981,Transport,1.0580002674047802e-05,0.0015455901911606952,6.107689779774968e-07,0.0015425803328389827,2.3990893437386064e-06,0.009027745558279461,0.00851550016656878,0.0005122453917107036,0.020602117781218603,1.3463735815614067e-07,4.607977040045878e-06,4.979595815110844e-05,7.607973515145712e-13,3.731786446390991e-13,3.876187068754708e-13,9.307337677365646e-12,8.773582569636694e-12,5.337551077289825e-13,4.790221814012228e-05,0.016286627788235395,2.7841125847372312e-09,3.088937614627873e-11,7.084292773903178e-11,1.4975348494855626e-05,0.00012321999500019992
76982,Transport,1.057981442866647e-05,0.0015455140869569878,6.107459033984122e-07,0.0015425042888086477,2.3990522449452685e-06,0.009027194645480052,0.008514970732574737,0.0005122239129053379,0.02060095488487803,1.3463174568523638e-07,4.607925487730246e-06,4.97954316123494e-05,7.607619298239727e-13,3.7316053500575173e-13,3.8760139481821963e-13,9.306507798594299e-12,8.772794742270395e-12,5.33713056323932e-13,4.7900762235856985e-05,0.016285456295911962,2.7838947302340604e-09,3.0887650227169306e-11,7.083539837543178e-11,1.497504111084829e-05,0.0001232140224781608
76983,Transport,1.0579425687148701e-05,0.00154535692579081,6.106982525778095e-07,0.0015423472519052164,2.3989756330192415e-06,0.009026056967220511,0.008513877409737565,0.0005121795574829705,0.020598553412474054,1.3462015549140355e-07,4.607819028143924e-06,4.979434426840023e-05,7.60688781247005e-13,3.731231371885842e-13,3.8756564405841936e-13,9.304794033662295e-12,8.771167816797122e-12,5.336262168652004e-13,4.789775567904368e-05,0.016283037072127336,2.7834448435509632e-09,3.0884086068466483e-11,7.081984964742062e-11,1.4974406338697672e-05,0.0001232016887504168
76988,Transport,1.057922185546759e-05,0.001545274520327942,6.106732674747888e-07,0.0015422649115979428,2.3989354625281527e-06,0.009025460440064012,0.008513304139783845,0.0005121563002801908,0.02059729423089742,1.3461407832036476e-07,4.607763207410973e-06,4.9793774133400554e-05,7.6065042671904e-13,3.7310352811778833e-13,3.875468986012505e-13,9.303895442770522e-12,8.770314759073405e-12,5.335806836971411e-13,4.7896179229136466e-05,0.016281768582839543,2.783208951178438e-09,3.0882217247085325e-11,7.081169686922532e-11,1.4974073503976735e-05,0.00012319522171680829
76989,Transport,1.0579575428077586e-05,0.001545417463340653,6.107166073915174e-07,0.0015424077415897859,2.3990051434791292e-06,0.009026495194143976,0.008514298551215193,0.0005121966429288072,0.020599478445412458,1.3462461996538213e-07,4.607860035745674e-06,4.9794763106845636e-05,7.607169576453597e-13,3.731375426061301e-13,3.875794150392283e-13,9.305454165757987e-12,8.77179449884794e-12,5.336596669100757e-13,4.789891378691071e-05,0.016283968942792368,2.783618137235173e-09,3.0885458961276895e-11,7.082583892530564e-11,1.4974650849168303e-05,0.00012320643962925162
76990,Transport,1.0579359968403174e-05,0.0015453303568903586,6.106901969624191e-07,0.0015423207040120188,2.3989626813805794e-06,0.009025864636881162,0.008513692577909647,0.0005121720589715377,0.020598147431258783,1.3461819610974682e-07,4.607801030605347e-06,4.979416044733396e-05,7.606764151052479e-13,3.731168148959619e-13,3.8755960020928476e-13,9.304504312919041e-12,8.770892776709341e-12,5.33611536209728e-13,4.78972474052085e-05,0.016282628089950204,2.783368787901923e-09,3.088348352917468e-11,7.081722105527713e-11,1.4974299027212979e-05,0.00012319960367054248
77002,Transport,1.0579498187317439e-05,0.0015453862362980392,6.107071394406123e-07,0.0015423765392374828,2.3989899211189433e-06,0.009026269143852066,0.008514081314097033,0.0005121878297550564,0.020599001286309364,1.3462231705884662e-07,4.607838882822725e-06,4.9794547057699004e-05,7.607024234332151e-13,3.731301118695254e-13,3.875723115636884e-13,9.305113650274021e-12,8.771471237877568e-12,5.336424123964811e-13,4.789831640092781e-05,0.016283488256589457,2.783528747273479e-09,3.0884750782924676e-11,7.082274948022193e-11,1.4974524723500748e-05,0.00012320398898669653
77003,Transport,1.0579622231421368e-05,0.0015454363850862182,6.107223444111982e-07,0.0015424266483744793,2.399014367331349e-06,0.009026632167284896,0.008514430184092758,0.0005122019831921616,0.02059976757567863,1.3462601539088125e-07,4.607872853169051e-06,4.9794894019882543e-05,7.607257645204644e-13,3.731420451941316e-13,3.875837193263314e-13,9.305660498052347e-12,8.771990375925001e-12,5.336701221273733e-13,4.789927576757319e-05,0.016284260210272947,2.7836723022783433e-09,3.0885888075578905e-11,7.082771094676262e-11,1.4974727273881977e-05,0.00012320792457406286
77004,Transport,1.0579273318122153e-05,0.0015452953257486036,6.106795756194253e-07,0.0015422857005683653,2.398945604622332e-06,0.00902561104899205,0.008513448876820985,0.0005121621721710874,0.02059761214431577,1.346156126616025e-07,4.607777300819229e-06,4.979391807893631e-05,7.606601103256943e-13,3.7310847894207213e-13,3.875516313836209e-13,9.304122315611898e-12,8.770530135872138e-12,5.335921797397886e-13,4.7896577245267065e-05,0.016282088846233726,2.7832685083955254e-09,3.0882689080063667e-11,7.081375525193454e-11,1.4974157536832554e-05,0.00012319685448907816
77038,Transport,1.0579301385578178e-05,0.0015453066729135413,6.106830160477063e-07,0.001542297038761431,2.3989511360661478e-06,0.009025693190294325,0.008513527815625432,0.0005121653746689163,0.020597785532590517,1.346164494830914e-07,4.607784987288568e-06,4.9793996586060145e-05,7.606653917128716e-13,3.7311117909510634e-13,3.875542126177639e-13,9.30424605084383e-12,8.770647601224014e-12,5.335984496198442e-13,4.7896794321131836e-05,0.0162822635161727,2.7833009905825727e-09,3.0882946415241606e-11,7.081487788283378e-11,1.4974203367901808e-05,0.00012319774499432452
77039,Transport,1.0579665559398004e-05,0.0015454539018036903,6.107276554303392e-07,0.0015424441512419938,2.3990229062694074e-06,0.009026758969529565,0.0085145520426136,0.0005122069269159889,0.02060003523667047,1.3462730719951152e-07,4.607884718838803e-06,4.979501521201425e-05,7.607339174439084e-13,3.731462134439183e-13,3.8758770399998877e-13,9.305851509208969e-12,8.7721717082131e-12,5.336798009958941e-13,4.7899610869478716e-05,0.016284529849781022,2.783722445313763e-09,3.0886285326137305e-11,7.082944396187215e-11,1.497479802370327e-05,0.0001232092992547777
77040,Transport,1.0579228782732415e-05,0.0015452773208958482,6.106741165990483e-07,0.0015422677099515211,2.398936827731189e-06,0.009025480713171538,0.008513323622490184,0.000512157090681378,0.02059733702446217,1.3461428485436843e-07,4.607765104490944e-06,4.9793793509564774e-05,7.606517302061673e-13,3.731041945364021e-13,3.875475356697638e-13,9.303925981580986e-12,8.770343750429071e-12,5.335822311519417e-13,4.7896232805135694e-05,0.016281811692728923,2.7832169680329614e-09,3.088228075939385e-11,7.081197394319786e-11,1.4974084815438441e-05,0.00012319544150037772
77208,Transport,1.3332025778015604e-05,0.0019335068844298893,7.660942719324552e-07,0.0019297160378064751,3.024752351485963e-06,0.01126265796424675,0.010620760451385691,0.0006418975128610943,0.02572978291941169,1.6872438684810023e-07,5.815422341682863e-06,6.285305258138932e-05,9.523368116664636e-13,4.669172114215804e-13,4.854196002448812e-13,1.1535405448800721e-11,1.0872266632573915e-11,6.631388162268397e-13,6.018703534095445e-05,0.020266971489495033,3.4594216424394064e-09,3.858256380520552e-11,8.744970231571959e-11,1.88587815013063e-05,0.00015417363036049922
77209,Transport,1.3331949032100927e-05,0.0019334758574443497,7.660848646382887e-07,0.0019296850353530677,3.0247372266483277e-06,0.011262433362153464,0.010620544606004265,0.0006418887561492306,0.025729308817244063,1.687220986952111e-07,5.815401324276808e-06,6.285283791636864e-05,9.523223705682265e-13,4.66909828290234e-13,4.854125422779908e-13,1.153506711484039e-11,1.0871945442585569e-11,6.631216722548533e-13,6.0186441782144486e-05,0.020266493882824074,3.459332825157438e-09,3.858186016382119e-11,8.744663266326729e-11,1.8858656183666985e-05,0.00015417119541806613
77210,Transport,1.3328028909986321e-05,0.001931891022959396,7.656043473097127e-07,0.0019281014539504805,3.0239646616102917e-06,0.011250960860502129,0.010609519390439387,0.0006414414700627745,0.02570509204427758,1.6860522161087632e-07,5.814327771389926e-06,6.284187299272007e-05,9.515847304111625e-13,4.665327036369208e-13,4.850520267742397e-13,1.1517785277161311e-11,1.0855539305769493e-11,6.622459713918496e-13,6.0156123256044285e-05,0.02024209810253089,3.454796106914429e-09,3.854591870474794e-11,8.728983718415161e-11,1.8852255055329452e-05,0.00015404682043707033
77211,Transport,1.3329753519273481e-05,0.0019325882513087827,7.658157449711313e-07,0.001928798131021763,3.024304542052936e-06,0.011256008045849012,0.010614369797799216,0.0006416382480498288,0.025715745914320912,1.6865664023999216e-07,5.814800067717654e-06,6.284669687539628e-05,9.51909246083956e-13,4.666986149683808e-13,4.852106311155732e-13,1.1525388208113247e-11,1.086275698294694e-11,6.626312251663383e-13,6.0169461516985327e-05,0.020252830724635785,3.456791980049596e-09,3.8561730705573324e-11,8.73588174178183e-11,1.8855071152648987e-05,0.00015410153767317795
77212,Transport,1.3329925110996015e-05,0.0019326576227393791,7.658367781924716e-07,0.0019288674476023943,3.0243383587968454e-06,0.011256510220593208,0.01061485239392117,0.0006416578266720749,0.025716805931755588,1.6866175618782222e-07,5.814847059312229e-06,6.284717683241837e-05,9.519415340947524e-13,4.667151224819174e-13,4.852264116128332e-13,1.1526144669317568e-11,1.086347511294241e-11,6.62669556375192e-13,6.017078862057193e-05,0.02025389857758543,3.456990561439463e-09,3.8563303936379014e-11,8.736568067502312e-11,1.885535134306283e-05,0.00015410698181920332
77213,Transport,1.3329541457116198e-05,0.0019325025184132268,7.657897509999409e-07,0.0019287124659127053,3.0242627495261166e-06,0.011255387431649123,0.010613773379899761,0.0006416140517493963,0.02571443588851876,1.6865031768015436e-07,5.814741993011181e-06,6.284610371903652e-05,9.518693428466504e-13,4.666782141070789e-13,4.851911287395694e-13,1.1524453333210652e-11,1.0861869479786532e-11,6.62583853424154e-13,6.016782141194204e-05,0.02025151101528839,3.456546562629047e-09,3.855978642345043e-11,8.735033544032332e-11,1.8854724878465527e-05,0.0001540948095085925
77214,Transport,1.3329172786975343e-05,0.0019323534717417931,7.657445604711693e-07,0.0019285635370881239,3.024190093202394e-06,0.011254308493627276,0.010612736507155392,0.0006415719864719192,0.025712158408164952,1.6863932590747877e-07,5.814641030111952e-06,6.284507251648012e-05,9.51799971053463e-13,4.666427472019696e-13,4.851572238514915e-13,1.1522828052837986e-11,1.086032655520561e-11,6.625014976324032e-13,6.016497008870235e-05,0.020249216700087492,3.456119904350361e-09,3.8556406288242484e-11,8.733558951923192e-11,1.8854122880666267e-05,0.00015408311259190938
77215,Transport,1.3328606180800663e-05,0.0019321244031110791,7.656751075109162e-07,0.0019283346495752895,3.024078428282757e-06,0.01125265028245817,0.010611142945772953,0.0006415073366852476,0.02570865816692436,1.6862243274044803e-07,5.814485861044057e-06,6.284348766956399e-05,9.516933541023916e-13,4.665882384007268e-13,4.85105115701663e-13,1.1520330172503503e-11,1.0857955246825181e-11,6.623749256783553e-13,6.016058791294521e-05,0.020245690585505804,3.4554641766729733e-09,3.855121138562398e-11,8.731292663169117e-11,1.885319767508977e-05,0.00015406513569472404
77216,Transport,1.3328769098736566e-05,0.0019321902678865873,7.656950775243623e-07,0.0019284004622734424,3.0241105356247403e-06,0.011253127072781045,0.010611601147152976,0.0006415259256281007,0.02570966460155846,1.6862729008233127e-07,5.8145304772614345e-06,6.284394336524795e-05,9.51724009987162e-13,4.666039114762845e-13,4.851200985108757e-13,1.1521048395365202e-11,1.0858637076081551e-11,6.624113192836823e-13,6.016184793279856e-05,0.02024670445957758,3.455652719976049e-09,3.855270509121645e-11,8.731944295824181e-11,1.8853463702163863e-05,0.00015407030464471844
77217,Transport,1.3329218424890683e-05,0.0019323719223257128,7.657501546359732e-07,0.0019285819730837058,3.024199087375731e-06,0.011254442056063291,0.010612864862303478,0.0006415771937598428,0.025712440338931934,1.6864068658613217e-07,5.81465352837459e-06,6.284520016971198e-05,9.518085586326392e-13,4.666471376731072e-13,4.851614209595299e-13,1.1523029247347198e-11,1.0860517554838063e-11,6.625116925091649e-13,6.016532305585156e-05,0.02024950071485109,3.456172720654813e-09,3.855682471736751e-11,8.733741492634738e-11,1.8854197402363454e-05,0.0001540845605607958
77218,Transport,1.3329657248125184e-05,0.0019325493306243586,7.658039443298131e-07,0.0019287592411107884,3.0242855692451585e-06,0.011255726301843213,0.0106140990383352,0.0006416272635080464,0.025715151193933805,1.6865376994901924e-07,5.814773703189673e-06,6.284642759659329e-05,9.518911309684382e-13,4.666893534652022e-13,4.852017775032341e-13,1.1524963797263438e-11,1.0862354077735265e-11,6.626097195282026e-13,6.016871694851604e-05,0.020252231608150706,3.4566805664094132e-09,3.856084804798378e-11,8.735496680286785e-11,1.8854913952450264e-05,0.00015409848324734893
77219,Transport,1.3330101034789699e-05,0.0019327287455480082,7.658583424266726e-07,0.0019289385141762943,3.0243730292913837e-06,0.011257025073435694,0.010615347173851916,0.0006416778995838088,0.025717892710801382,1.6866700129485462e-07,5.8148952372748186e-06,6.28476689066215e-05,9.51974637261188e-13,4.667320467505408e-13,4.852425905106454e-13,1.1526920228434736e-11,1.0864211373126162e-11,6.627088553086056e-13,6.0172149228730195e-05,0.020254993389964657,3.4571941562920898e-09,3.8564916885579565e-11,8.737271720468027e-11,1.885563860727249e-05,0.00015411256341024994
77220,Transport,1.3330543245870513e-05,0.001932907523491657,7.659125473929993e-07,0.0019291171507654415,3.0244601788266484e-06,0.011258319233976242,0.010616590878090864,0.000641728355885409,0.02572062449441277,1.6868018566520712e-07,5.8150163398753335e-06,6.28489058096046e-05,9.520578470800583e-13,4.667745884611474e-13,4.852832586189089e-13,1.1528869713653582e-11,1.0866062074528132e-11,6.628076391254806e-13,6.017556932325875e-05,0.020257745366575416,3.457705922767452e-09,3.8568971277508713e-11,8.73904045869248e-11,1.8856360689339782e-05,0.00015412659358409765
77221,Transport,1.3331167517457205e-05,0.0019331599052057067,7.659890688141116e-07,0.0019293693329286367,3.0245832082599204e-06,0.011260146206861232,0.01061834662156342,0.0006417995852978442,0.02572448096695174,1.6869879810654256e-07,5.815187301020038e-06,6.285065195171036e-05,9.521753147960621e-13,4.668346448060323e-13,4.853406699900282e-13,1.1531621811652954e-11,1.0868674718920898e-11,6.629470927320865e-13,6.018039748774992e-05,0.020261630345672244,3.458428386051286e-09,3.857469488280156e-11,8.741537395259056e-11,1.8857380056192927e-05,0.00015414640005044264
77222,Transport,1.3330725046037456e-05,0.0019329810220117323,7.659348319361841e-07,0.0019291905911723824,3.0244960074178964e-06,0.011258851284421225,0.010617102185129696,0.0006417490992915609,0.02572174757508204,1.6868560597427466e-07,5.815066127123881e-06,6.284941432053655e-05,9.52092055989826e-13,4.667920780502281e-13,4.852999779395962e-13,1.1529671178731264e-11,1.086682292797219e-11,6.62848250759106e-13,6.017697537973998e-05,0.020258876748915123,3.457916318288264e-09,3.857063810396682e-11,8.739767615741307e-11,1.885665754902077e-05,0.0001541323616167373
77223,Transport,1.3330280817018322e-05,0.001932801428252111,7.658803796167644e-07,0.0019290111394123044,3.0244084601938486e-06,0.011257551218248136,0.010615852805505048,0.0006416984127431195,0.02571900332554416,1.6867236143978946e-07,5.814944471896829e-06,6.284817177320387e-05,9.52008466460249e-13,4.667493422093705e-13,4.852591242508764e-13,1.1527712797441977e-11,1.0864963781279185e-11,6.627490161628224e-13,6.017353967832118e-05,0.020256112214231313,3.4574022164730008e-09,3.8566565210663124e-11,8.737990806247734e-11,1.8855932171882102e-05,0.00015411826741910847
77224,Transport,1.3329831781972713e-05,0.0019326198915028906,7.658253381883997e-07,0.0019288297461988932,3.0243199658135856e-06,0.011256237086914565,0.010614589909087726,0.0006416471778268696,0.025716229386509717,1.6865897361528797e-07,5.814821500505776e-06,6.284691578299573e-05,9.51923972591975e-13,4.667061440178475e-13,4.852178285741255e-13,1.1525733228810299e-11,1.0863084520843391e-11,6.626487079669393e-13,6.017006680672376e-05,0.020253317770589935,3.45688255269121e-09,3.8562448253527005e-11,8.736194773801361e-11,1.8855198947030696e-05,0.00015410402073912476
77225,Transport,1.3329394245501002e-05,0.0019324430034191725,7.657717062222529e-07,0.0019286529979754196,3.0242337375352233e-06,0.011254956606932695,0.010613359352034377,0.0006415972548983505,0.02571352648055673,1.6864592861678823e-07,5.814701678079691e-06,6.284569195530223e-05,9.51841642383303e-13,4.666640520152563e-13,4.851775903680449e-13,1.1523804351581038e-11,1.0861253383188223e-11,6.625509683928466e-13,6.016668286598174e-05,0.020250594885097575,3.4563761960943576e-09,3.855843672053611e-11,8.734444732891743e-11,1.885448449808602e-05,0.00015409013887811044
77226,Transport,1.332961632472663e-05,0.0019325327860343256,7.657989280569589e-07,0.0019287427096020794,3.0242775041936026e-06,0.011255606536758413,0.010613983942611774,0.0006416225941466725,0.025714898387357178,1.6865254983205245e-07,5.8147624960304645e-06,6.284631313027632e-05,9.51883430508796e-13,4.6668541654129e-13,4.851980139675041e-13,1.1524783386676629e-11,1.0862182808867614e-11,6.626005778090463e-13,6.016840044380245e-05,0.020251976932859798,3.456633206168239e-09,3.856047284368881e-11,8.735332996511244e-11,1.8854847129040563e-05,0.00015409718485745995
77227,Transport,1.3330011209059757e-05,0.0019326924306296738,7.658473318462547e-07,0.001928902227971106,3.0243553267258913e-06,0.011256762192381224,0.010615094541916746,0.0006416676504645121,0.025717337807345562,1.6866432317179942e-07,5.814870637869779e-06,6.28474176562161e-05,9.519577349648797e-13,4.667234053112504e-13,4.852343296536276e-13,1.1526524232177747e-11,1.0863835442690322e-11,6.626887894874569e-13,6.017145450962243e-05,0.020254434384732588,3.4570902018703085e-09,3.8564093322511334e-11,8.73691243909995e-11,1.885549193173316e-05,0.00015410971348029157
77228,Transport,1.3330444340027984e-05,0.001932867537647997,7.659004237984165e-07,0.0019290771965374213,3.0244406867818192e-06,0.011258029779360149,0.01061631270863527,0.0006417170707249118,0.025720013498055125,1.6867723682173737e-07,5.814989253817892e-06,6.284862916133193e-05,9.520392362003244e-13,4.667650734943981e-13,4.852741627059245e-13,1.1528433687768136e-11,1.086564814283494e-11,6.627855449332271e-13,6.0174804377861516e-05,0.020257129853809872,3.4575914600219006e-09,3.856806446384644e-11,8.738644859052646e-11,1.88561991869751e-05,0.00015412345556647342
77229,Transport,1.3330894361076603e-05,0.0019330494730204046,7.659555860882031e-07,0.0019292589880588406,3.0245293754803794e-06,0.011259346796298005,0.010617578378153894,0.0006417684181441437,0.025722793528178137,1.686906540435774e-07,5.815112495232771e-06,6.284988790947651e-05,9.521239156024655e-13,4.668083665416507e-13,4.853155490608128e-13,1.153041760318888e-11,1.0867531529800416e-11,6.628860733884954e-13,6.0178284875282074e-05,0.020259930433564385,3.458112264895145e-09,3.8572190461105745e-11,8.740444835274489e-11,1.8856934021860997e-05,0.00015413773352969322
77230,Transport,1.3331333523176093e-05,0.0019332270183160388,7.660094173191419e-07,0.0019294363929745918,3.024615924132227e-06,0.011260632033789165,0.010618813507232342,0.0006418185265568562,0.025725506476537385,1.6870374750960685e-07,5.815232762848406e-06,6.285111628419278e-05,9.522065517016927e-13,4.668506149333276e-13,4.853559367683633e-13,1.1532353646989644e-11,1.086936947088441e-11,6.629841761052681e-13,6.018168138875447e-05,0.02026266343569521,3.458620502814821e-09,3.857621689859008e-11,8.742201378305195e-11,1.8857651125277078e-05,0.0001541516669675254
77231,Transport,1.3331954807256603e-05,0.00193347819223536,7.660855725403125e-07,0.0019296873682980269,3.0247383647974047e-06,0.011262450263535896,0.01062056084844121,0.000641889415094719,0.025729344493590312,1.687222708794792e-07,5.8154029058436254e-06,6.285285406998304e-05,9.523234572656856e-13,4.669103838733303e-13,4.854130733923534e-13,1.1535092574583753e-11,1.087196961223932e-11,6.631229623444634e-13,6.018648644764291e-05,0.020266529822885366,3.4593395086875306e-09,3.858191311307005e-11,8.744686365563818e-11,1.885866561386114e-05,0.00015417137864829638
77232,Transport,1.3331505581500793e-05,0.0019332965783854534,7.660305077352377e-07,0.0019295058980448902,3.0246498328325886e-06,0.011261135574076056,0.01061929741565766,0.0006418381584184274,0.025726569376432955,1.6870887736901902e-07,5.815279882225249e-06,6.285159754634183e-05,9.522389275119213e-13,4.668671673350524e-13,4.85371760176867e-13,1.1533112165207153e-11,1.0870089553660615e-11,6.630226115465683e-13,6.0183012101078125e-05,0.020263734192412532,3.458819624198723e-09,3.857779440741623e-11,8.742889570322389e-11,1.8857932077600942e-05,0.00015415712591758843
77233,Transport,1.3331068766683445e-05,0.0019331199820535458,7.65976964227414e-07,0.001929329441342547,3.0245637467755444e-06,0.011259857206064339,0.010618068888233672,0.0006417883178306996,0.025723870928540057,1.6869585388639445e-07,5.8151602574292636e-06,6.285037573717856e-05,9.521567330952537e-13,4.668251447572506e-13,4.853315883380012e-13,1.1531186469387352e-11,1.086826143620734e-11,6.629250331800429e-13,6.017963374166647e-05,0.020261015797933678,3.4583141027652734e-09,3.8573789490880136e-11,8.741142415857085e-11,1.8857218807038486e-05,0.00015414326695273534
77234,Transport,1.3330623932044911e-05,0.0019329401434529513,7.659224376729043e-07,0.001929149744935085,3.024476080197976e-06,0.011258555367505247,0.010616817805324216,0.0006417375621810609,0.025721122937754543,1.6868259129557636e-07,5.815038436349098e-06,6.284913149587557e-05,9.520730296076985e-13,4.667823506544307e-13,4.852906789532657e-13,1.1529225418228122e-11,1.0866399754931363e-11,6.628256632967919e-13,6.017619335634062e-05,0.02025824749434741,3.4577993000727137e-09,3.856971104498284e-11,8.739363184031213e-11,1.8856492440989933e-05,0.00015412915354042406
77235,Transport,1.3330184284839175e-05,0.001932762402037633,7.658685469790327e-07,0.0019289721440547158,3.024389435942952e-06,0.011257268710317944,0.010615581311900268,0.0006416873984177066,0.025718406992624395,1.6866948336627197e-07,5.814918035883721e-06,6.28479017642748e-05,9.519903022271695e-13,4.667400555944308e-13,4.852502466327369e-13,1.152728723583902e-11,1.0864559783625036e-11,6.627274522140175e-13,6.017279309101918e-05,0.02025551147329394,3.4572905007444137e-09,3.856568015982421e-11,8.737604700691905e-11,1.8855774545448698e-05,0.00015411520471146924
77236,Transport,1.3330365177768624e-05,0.001932835533777997,7.658907203156475e-07,0.0019290452179719468,3.024425085738758e-06,0.011257798105671249,0.010616090067363256,0.0006417080383080256,0.02571952446878348,1.686748766263677e-07,5.8149675746789305e-06,6.28484077375843e-05,9.520243404241928e-13,4.667574579052037e-13,4.852668825189872e-13,1.1528084701365013e-11,1.0865316840181665e-11,6.627678611833815e-13,6.0174192130855845e-05,0.020256637209695637,3.457499846328323e-09,3.856733866831718e-11,8.738328229008444e-11,1.885606992371063e-05,0.00015412094395989188
77237,Transport,1.3330800549542094e-05,0.0019330115467133592,7.659440869392906e-07,0.0019292210917390186,3.0245108874053635e-06,0.011259072250517772,0.010617314536273414,0.0006417577142443906,0.02572221400219236,1.686878570851384e-07,5.815086804287248e-06,6.284962551042793e-05,9.521062633066884e-13,4.667993416589062e-13,4.853069216477803e-13,1.1530004035533485e-11,1.0867138918339581e-11,6.628651171939361e-13,6.01775593296551e-05,0.020259346623795724,3.4580036977414782e-09,3.857133035437193e-11,8.740069611644465e-11,1.8856780837941117e-05,0.0001541347571408256
77238,Transport,1.3331221427591767e-05,0.0019331817000982755,7.65995676963829e-07,0.0019293911105886206,3.024593832695574e-06,0.011260303978504492,0.01061849824205822,0.0006418057364463046,0.025724813999814276,1.6870040541854956e-07,5.815202064687828e-06,6.285080274306128e-05,9.521854589392712e-13,4.668398310834524e-13,4.853456278558168e-13,1.1531859474197015e-11,1.0868900338689254e-11,6.629591355077912e-13,6.018081443287919e-05,0.02026196584027163,3.4584907757125797e-09,3.857518915538757e-11,8.74175302286276e-11,1.8857468085514447e-05,0.00015414811047470136
77239,Transport,1.3331689805316142e-05,0.0019333710567427554,7.660530893622956e-07,0.001929580317514329,3.0246861390686586e-06,0.011261674717491503,0.01061981553912858,0.0006418591783629576,0.025727707429325432,1.6871436993832523e-07,5.815330333206882e-06,6.285211283642988e-05,9.522735924739093e-13,4.668848900846163e-13,4.853887023892911e-13,1.1533924314926077e-11,1.0870860550336507e-11,6.630637645896044e-13,6.018443690224266e-05,0.020264880657648237,3.4590328245836778e-09,3.8579483454983164e-11,8.743626421383353e-11,1.8858232894833266e-05,0.00015416297084610428
77240,Transport,1.333212444629006e-05,0.0019335467742290738,7.66106366406625e-07,0.00192975589606596,3.0247717967116424e-06,0.011262946723603872,0.010621037952688837,0.0006419087709150655,0.02573039244817933,1.6872732860856016e-07,5.815449362680625e-06,6.285332856516339e-05,9.523553778435724e-13,4.669267035337417e-13,4.854286743098288e-13,1.153584042736858e-11,1.0872679570018929e-11,6.631608573496841e-13,6.018779844898193e-05,0.02026758552382233,3.459535830249799e-09,3.858346844073589e-11,8.74536488099651e-11,1.8858942615748448e-05,0.00015417676084072453
77241,Transport,1.3332580396705484e-05,0.0019337311067372618,7.661622555011928e-07,0.0019299400828278143,3.0248616539507116e-06,0.011264281093233422,0.01062232029835817,0.0006419607948752813,0.02573320910729643,1.6874092261241972e-07,5.815574227894115e-06,6.285460389826435e-05,9.524411729607173e-13,4.669705669995514e-13,4.854706059611639e-13,1.1537850482371629e-11,1.087458777202847e-11,6.632627103431875e-13,6.019132480458165e-05,0.02027042300332782,3.4600634971201343e-09,3.858764880112167e-11,8.747188573262947e-11,1.885968713263832e-05,0.0001541912269268808
77242,Transport,1.3332752522739772e-05,0.0019338006941804402,7.661833542169363e-07,0.0019300096152502324,3.0248955759950615e-06,0.011264784831676996,0.010622804397214507,0.0006419804344625198,0.02573427242547177,1.6874605449056983e-07,5.815621365813705e-06,6.285508534980305e-05,9.524735615117004e-13,4.669871259150928e-13,4.854864355966056e-13,1.1538609299086511e-11,1.0875308138176673e-11,6.633011609098705e-13,6.019265604057648e-05,0.0202714941814168,3.460262696863672e-09,3.858922693074009e-11,8.747877036102265e-11,1.8859968195524503e-05,0.00015419668802518793
77243,Transport,1.333229484161328e-05,0.0019336156619770611,7.661272529767675e-07,0.0019298247293464154,3.0248053776730297e-06,0.011263445397004813,0.010621517183976742,0.0006419282130281028,0.025731445074790513,1.687324088861586e-07,5.815496026632871e-06,6.285380517575217e-05,9.52387440730724e-13,4.66943095950946e-13,4.85444344779776e-13,1.1536591614252823e-11,1.0873392692953315e-11,6.631989212995384e-13,6.0189116299524165e-05,0.020268645931316453,3.4597330270586645e-09,3.8585030702409535e-11,8.746046421406779e-11,1.8859220852573768e-05,0.0001541821670282022
77244,Transport,1.3331420971279523e-05,0.0019332623720029673,7.66020136456919e-07,0.0019294717187083917,3.0246331581227453e-06,0.011260887956559348,0.010619059452170504,0.0006418285043888747,0.025726046692072832,1.6870635474455023e-07,5.815256711123776e-06,6.285136088416933e-05,9.522230066056126e-13,4.668590276395456e-13,4.85363978966065e-13,1.1532739161492677e-11,1.0869735450695051e-11,6.630037107976587e-13,6.018235771911581e-05,0.020263207644435646,3.4587217056331396e-09,3.857701866249911e-11,8.742551149737673e-11,1.8857793918413764e-05,0.00015415444146175912
77245,Transport,1.3330972568705378e-05,0.0019330810909505222,7.659651725550925e-07,0.0019292905809895839,3.02454478838792e-06,0.011259575676196145,0.010617798334558533,0.0006417773416376431,0.025723276660166113,1.6869298577696655e-07,5.8151339129394635e-06,6.285010666303907e-05,9.521386317480058e-13,4.668158902932142e-13,4.853227414547897e-13,1.153076238110811e-11,1.086785883722102e-11,6.629035438871205e-13,6.0178889739101364e-05,0.020260417136802992,3.458202773804267e-09,3.857290750414847e-11,8.740757647025401e-11,1.88570617263187e-05,0.0001541402148484018
77246,Transport,1.3331147543139322e-05,0.0019331518299501732,7.65986620419498e-07,0.0019293612640579724,3.024579271785697e-06,0.011260087750673333,0.010618290444445969,0.0006417973062273931,0.025724357574489147,1.6869820257916668e-07,5.815181830913241e-06,6.285059608180017e-05,9.521715562756511e-13,4.668327232312732e-13,4.85338833044376e-13,1.153153375497784e-11,1.086859112423113e-11,6.629426307467454e-13,6.0180243004838314e-05,0.020261506041108154,3.4584052699723243e-09,3.8574511749187907e-11,8.741457502779911e-11,1.885734744032829e-05,0.00015414576631880502
77247,Transport,1.3331579637935235e-05,0.0019333265180627658,7.660395853606284e-07,0.0019295358140497736,3.024664427636123e-06,0.011261352305224116,0.010619505696963656,0.0006418466082604911,0.025727026864186438,1.687110853359855e-07,5.815300163098309e-06,6.285180468865158e-05,9.522528625369886e-13,4.668742917322902e-13,4.853785708046964e-13,1.1533438642608034e-11,1.0870399487882061e-11,6.63039154726004e-13,6.018358485924097e-05,0.020264195061857705,3.458905328972024e-09,3.857847339042487e-11,8.743185778291949e-11,1.885805300361478e-05,0.000154159475530013
77248,Transport,1.3332482319721485e-05,0.001933691455986119,7.661502335057127e-07,0.0019299004634273631,3.0248423252546515e-06,0.011263994064327702,0.010622044460040158,0.0006419496042875752,0.025732603231258595,1.6873799848108028e-07,5.815547368825385e-06,6.285432956838133e-05,9.524227180453437e-13,4.669611317708759e-13,4.85461586274466e-13,1.1537418110504656e-11,1.0874177309198263e-11,6.632408013064244e-13,6.0190566269640084e-05,0.020269812648730845,3.459949993604301e-09,3.8586749586810673e-11,8.746796288858378e-11,1.8859526983708475e-05,0.00015418811520671906
77249,Transport,1.3332916879438594e-05,0.0019338671406217778,7.662035005898151e-07,0.0019300760091543084,3.0249279668838057e-06,0.011265265832636536,0.01062326664506829,0.0006419991875682775,0.025735287748144008,1.6875095472867152e-07,5.815666376046381e-06,6.285554506983243e-05,9.52504488125104e-13,4.670029374029114e-13,4.855015507221906e-13,1.1539333864726936e-11,1.0875995988812107e-11,6.633378759148604e-13,6.0193927187932935e-05,0.02027251700922597,3.4604529052327244e-09,3.8590733827564065e-11,8.748534423463786e-11,1.8860236571940215e-05,0.00015420190262327817
77250,Transport,1.3333362848318572e-05,0.001934047437775678,7.662581661763886e-07,0.0019302561637525118,3.0250158569940243e-06,0.011266570990629679,0.010624520917994802,0.0006420500726349093,0.02573804274576928,1.687642511365058e-07,5.815788507746507e-06,6.285679248370772e-05,9.525884050402037e-13,4.67045840622335e-13,4.855425644178669e-13,1.1541299916183589e-11,1.0877862417011717e-11,6.634374991719048e-13,6.019737634556941e-05,0.020275292371445677,3.460969020571598e-09,3.85948226727018e-11,8.750318191983295e-11,1.886096479008032e-05,0.00015421605202203424
77251,Transport,1.3331771590472435e-05,0.0019334041210025553,7.660631143522494e-07,0.0019296133556311835,3.0247022570237966e-06,0.011261914067265094,0.010620045557212642,0.0006418685100524861,0.025728212661689117,1.687168083344592e-07,5.815352730644532e-06,6.285234159664911e-05,9.522889817943862e-13,4.668927580024541e-13,4.853962237919304e-13,1.1534284864356485e-11,1.0871202830098301e-11,6.630820342582141e-13,6.018506943493502e-05,0.02026538962462573,3.4591274737297234e-09,3.858023329842213e-11,8.743953542385967e-11,1.8858366441e-05,0.0001541655656701842
77252,Transport,1.3332206067516202e-05,0.0019335797722148792,7.661163713024913e-07,0.0019297888679612207,3.0247878823599552e-06,0.011263185593624835,0.010621267509724705,0.0006419180839001573,0.025730896667855385,1.6872976211717352e-07,5.815471715224855e-06,6.285355686685566e-05,9.523707363176991e-13,4.669345556811267e-13,4.854361806365703e-13,1.153620025411379e-11,1.0873021163715252e-11,6.631790903985742e-13,6.018842971382593e-05,0.020268093470626535,3.459630289681119e-09,3.8584216781188836e-11,8.74569134631786e-11,1.8859075894235273e-05,0.00015417935046373966
77253,Transport,1.3332646747328527e-05,0.0019337579310943667,7.661703885703173e-07,0.0019299668859756832,3.0248747301177584e-06,0.011264475272804919,0.010622506907320986,0.0006419683654839633,0.025733618991970287,1.6874290083328587e-07,5.815592398476774e-06,6.285478948674718e-05,9.524536580013798e-13,4.669769500802262e-13,4.854767079211518e-13,1.1538142988743578e-11,1.0874865456592285e-11,6.632775321513254e-13,6.019183796540615e-05,0.02027083591781741,3.460140284034725e-09,3.8588257133753374e-11,8.747453959835754e-11,1.8859795475909512e-05,0.00015419333205453725
77254,Transport,1.3333086046426707e-05,0.0019339355317760944,7.662242365941629e-07,0.0019301443462337359,3.024961305768867e-06,0.011265760911231985,0.010623742421703783,0.0006420184895282316,0.02573633278664659,1.6875599838388388e-07,5.815712703610459e-06,6.285601824466074e-05,9.525363198793287e-13,4.670192116514883e-13,4.855171082278383e-13,1.154007963650235e-11,1.0876703971030677e-11,6.633756654717039e-13,6.019523553843696e-05,0.020273569772521153,3.46064868050162e-09,3.859228482730389e-11,8.749211050828352e-11,1.886051280302939e-05,0.00015420726983897116
77255,Transport,1.3333537066019488e-05,0.0019341178708418508,7.662795212826298e-07,0.0019303265411293152,3.025050191257294e-06,0.01126708085047665,0.010625010899595291,0.0006420699508813915,0.025739118985331853,1.6876944537697264e-07,5.815836218483648e-06,6.285727978582049e-05,9.526211871751758e-13,4.670626007609578e-13,4.85558586414216e-13,1.1542067953999773e-11,1.0878591537011928e-11,6.634764169878767e-13,6.019872375867491e-05,0.020276376566435148,3.46117064098007e-09,3.8596419979669363e-11,8.751015020987269e-11,1.8861249268428098e-05,0.00015422157948332427
77256,Transport,1.333398964309059e-05,0.0019343008395679292,7.663349968823236e-07,0.001930509365187363,3.025139383688532e-06,0.011268405347786626,0.01062628375784377,0.0006421215899428889,0.02574191480542631,1.6878293880573858e-07,5.81596015988318e-06,6.285854568338303e-05,9.52706347538055e-13,4.671061397033804e-13,4.856002078346729e-13,1.154406313763217e-11,1.0880485621209114e-11,6.635775164230863e-13,6.0202224024570044e-05,0.020279193052878564,3.461694403912654e-09,3.86005694117031e-11,8.752825220685788e-11,1.8861988277017637e-05,0.00015423593854229533
77257,Transport,1.3332375042583226e-05,0.001933648085778969,7.66137083781702e-07,0.0019298571275117697,3.0248211834218268e-06,0.011263680110550272,0.0106217427465884,0.0006419373639619076,0.025731940520754726,1.6873480005032503e-07,5.815517990229997e-06,6.285402950486394e-05,9.524025319585835e-13,4.669508114664587e-13,4.854517204921228e-13,1.1536945179806092e-11,1.0873728342723214e-11,6.632168370829104e-13,6.018973657999745e-05,0.02026914503955465,3.45982584284165e-09,3.858576602130899e-11,8.746367206044114e-11,1.8859351811938404e-05,0.00015418471159029014
77258,Transport,1.333283081219194e-05,0.0019338323451902754,7.661929507135027e-07,0.0019300412412345382,3.0249110050280927e-06,0.01126501395103681,0.010623024583744771,0.0006419893672920715,0.025734756062928316,1.6874838866349515e-07,5.8156428059283075e-06,6.285530433223279e-05,9.52488293053756e-13,4.669946575382526e-13,4.854936355155015e-13,1.153895443772373e-11,1.0875635788037057e-11,6.633186496867055e-13,6.0193261537224174e-05,0.020271981393860328,3.460353300466189e-09,3.8589944723976815e-11,8.748190175127112e-11,1.8860096033590804e-05,0.00015419917193993372
77259,Transport,1.3333268878368307e-05,0.0019340094474240065,7.662466476093269e-07,0.0019302182034387023,3.0249973376989418e-06,0.011266295981235054,0.010624256630575174,0.0006420393506599121,0.025737462241161337,1.6876144945495585e-07,5.815762773417719e-06,6.285652964155643e-05,9.525707229357062e-13,4.670368004996348e-13,4.855339224360696e-13,1.1540885650153166e-11,1.0877469142563732e-11,6.634165075894646e-13,6.0196649574742774e-05,0.020274707575820995,3.4608602700849553e-09,3.8593961113540425e-11,8.74994233472825e-11,1.8860811347484927e-05,0.00015421307060705866
77260,Transport,1.333370917733196e-05,0.0019341874523332646,7.663006181938151e-07,0.001930396067604675,3.0250841104003165e-06,0.011267584545835835,0.010625494957046998,0.0006420895887888702,0.025740182212562357,1.6877457681619692e-07,5.815883352371565e-06,6.285776119618098e-05,9.526535729559893e-13,4.670791582602271e-13,4.855744146957602e-13,1.1542826705813606e-11,1.0879311841547727e-11,6.635148642659102e-13,6.020005488081009e-05,0.020277447652907028,3.4613698236861948e-09,3.859799797431149e-11,8.75170342494285e-11,1.8861530307275172e-05,0.00015422704011454753
77261,Transport,1.333416706013522e-05,0.0019343725660709125,7.663567441549433e-07,0.0019305810349782937,3.025174348468155e-06,0.011268924570728665,0.010626782737494083,0.0006421418332346137,0.02574301080911308,1.6878822843353115e-07,5.816008746782994e-06,6.285904193433937e-05,9.527397316860079e-13,4.671232076261368e-13,4.856165240598692e-13,1.1544845279738247e-11,1.0881228130810247e-11,6.636171489280319e-13,6.0203596181646015e-05,0.020280297158086144,3.4618997268897108e-09,3.860219605170616e-11,8.753534846297e-11,1.886227797954188e-05,0.00015424156751019712
77262,Transport,1.3334780871178623e-05,0.0019346207187764637,7.664319833526529e-07,0.0019308289914767443,3.0252953163712537e-06,0.011270720930128495,0.010628509061029875,0.0006422118690986509,0.025746802661062544,1.688065289973881e-07,5.816176843234681e-06,6.286075881739269e-05,9.52855231066187e-13,4.671822576429923e-13,4.856729734231928e-13,1.154755126248766e-11,1.0883796996693216e-11,6.63754265794475e-13,6.0208343443490414e-05,0.02028411703892623,3.4626100842910766e-09,3.860782374998958e-11,8.755989943200189e-11,1.8863280265478125e-05,0.00015426104209150516
77263,Transport,1.3334333579123008e-05,0.0019344398866865803,7.663771555750038e-07,0.0019306483023655157,3.025207165493844e-06,0.011269411899772645,0.01062725106671505,0.0006421608330576273,0.025744039489445987,1.6879319313953013e-07,5.816054349173643e-06,6.285950770247968e-05,9.527710651722403e-13,4.671392271310665e-13,4.856318380411718e-13,1.1545579377818186e-11,1.0881925030859855e-11,6.636543469583612e-13,6.020488405231174e-05,0.02028133344229413,3.462092437654229e-09,3.860372277337696e-11,8.754200882295602e-11,1.8862549886737707e-05,0.00015424685071192815
77264,Transport,1.3333897099475137e-05,0.00193426342585763,7.663236531512929e-07,0.0019304719810589923,3.0251211454909195e-06,0.011268134512656987,0.010626023481944271,0.0006421110307127494,0.025741343112081195,1.6878017964986744e-07,5.815934816166166e-06,6.285828683081467e-05,9.52688933823624e-13,4.670972367973295e-13,4.855916970262926e-13,1.1543655159591241e-11,1.0880098316127231e-11,6.635568434640434e-13,6.020150828512661e-05,0.020278617133648466,3.461587304109069e-09,3.859972092982675e-11,8.752455068427772e-11,1.886183716347015e-05,0.00015423300238110525
77265,Transport,1.3333443001387577e-05,0.0019340798422121026,7.662679911097633e-07,0.0019302885425676946,3.0250316533026586e-06,0.011266805563989813,0.01062474634588663,0.0006420592181032151,0.025738537895822772,1.6876664087252224e-07,5.815810458225628e-06,6.285701667883638e-05,9.526034872546561e-13,4.670535515296685e-13,4.855499357249858e-13,1.1541653270565821e-11,1.0878197866310983e-11,6.634554042548718e-13,6.0197996255573155e-05,0.020275791181585817,3.461061780919304e-09,3.859555755242369e-11,8.750638785028367e-11,1.886109567122799e-05,0.0001542185950643536
77266,Transport,1.3332999516113754e-05,0.00193390054913526,7.662136299565108e-07,0.0019301093912526541,3.0249442526535393e-06,0.011265507674437509,0.0106234990580214,0.0006420086164161424,0.025735798240813002,1.6875341851254603e-07,5.8156890066784355e-06,6.285577621182423e-05,9.52520037673884e-13,4.670108872387991e-13,4.855091504350828e-13,1.1539698168073798e-11,1.0876341832272862e-11,6.633563358009656e-13,6.019456630633779e-05,0.02027303127539229,3.4605485398330718e-09,3.859149147811458e-11,8.748864950337577e-11,1.8860371508543623e-05,0.0001542045244637725
77267,Transport,1.3332559263064802e-05,0.0019337225627884846,7.66159665000115e-07,0.0019299315456344883,3.024857489000886e-06,0.011264219244209192,0.010622260860683174,0.0006419583835260537,0.025733078553052603,1.6874029252023577e-07,5.815568440298652e-06,6.285454478562712e-05,9.524371962932622e-13,4.669685338953055e-13,4.854686623979549e-13,1.1537757314828071e-11,1.0874499325446878e-11,6.632579893812267e-13,6.019116135537829e-05,0.020270291484043516,3.4600390393684565e-09,3.858745503831033e-11,8.747104043770768e-11,1.885965262372704e-05,0.00015419055641303418
77268,Transport,1.3332743046742859e-05,0.0019337968632062387,7.661821926764054e-07,0.0019300057873050706,3.0248937084961158e-06,0.011264757099533182,0.010622777746282314,0.0006419793532509016,0.025734213886972414,1.6874577196700096e-07,5.815618770745607e-06,6.285505884461274e-05,9.524717784356514e-13,4.669862143026617e-13,4.854855641329877e-13,1.1538567524204069e-11,1.0875268480100396e-11,6.632990441037018e-13,6.0192582752487144e-05,0.02027143521020825,3.4602517303869112e-09,3.858914005049879e-11,8.747839134388165e-11,1.8859952722263565e-05,0.00015419638737717198
77269,Transport,1.3333182468971511e-05,0.0019339745136673892,7.66236055793231e-07,0.0019301832973031864,3.0249803084133813e-06,0.011266043098309874,0.010624013606965547,0.0006420294913443615,0.02573692844229407,1.6875887318869138e-07,5.815739109599432e-06,6.285628794693298e-05,9.525544634827713e-13,4.67028487719355e-13,4.855259757634142e-13,1.154050471478287e-11,1.0877107509853183e-11,6.633972049297181e-13,6.019598127781849e-05,0.020274169831179932,3.460760269351473e-09,3.859316887296536e-11,8.749596717873106e-11,1.8860670250441962e-05,0.00015421032906820612
77270,Transport,1.333362407814986e-05,0.0019341530482727552,7.662901869800795e-07,0.001930361690746452,3.025067339327647e-06,0.011267335497342287,0.010625255618373453,0.0006420798789688671,0.02573965650761942,1.687720396135302e-07,5.815860047364745e-06,6.285752316634237e-05,9.52637560043071e-13,4.670709715255774e-13,4.855665885174915e-13,1.154245154651788e-11,1.0878955692227971e-11,6.634958542899382e-13,6.019939671718707e-05,0.02027691806201956,3.4612713392511155e-09,3.8597217746379494e-11,8.75136304863212e-11,1.8861391349668723e-05,0.0001542243401452999
77271,Transport,1.3334073506300129e-05,0.0019343347439470815,7.663452765940865e-07,0.0019305432427593123,3.0251559111797104e-06,0.011268650779123153,0.010626519620384812,0.0006421311587383742,0.025742432875079827,1.687854391583111e-07,5.81598312641026e-06,6.285878025609853e-05,9.52722127880924e-13,4.671142075346618e-13,4.856079203462604e-13,1.1544432848149378e-11,1.0880836597849462e-11,6.635962502999454e-13,6.020287262908617e-05,0.02027971495203752,3.4617914579690112e-09,3.860133830767759e-11,8.753160653402818e-11,1.886212521641681e-05,0.0001542385992974422
77272,Transport,1.3334510320217256e-05,0.001934511339915047,7.66398819991564e-07,0.0019307196990980004,3.0252419970593423e-06,0.01126992914450032,0.010627748145276963,0.0006421809992233871,0.025745131317411577,1.6879846261409598e-07,5.816102750959713e-06,6.286000206274382e-05,9.528043221281996e-13,4.671562300258606e-13,4.856480921023371e-13,1.1546358540000567e-11,1.0882664711535223e-11,6.636938284653744e-13,6.020625098153545e-05,0.020282433340914115,3.462296978360647e-09,3.860534321596006e-11,8.754907804267463e-11,1.886283848550931e-05,0.00015425245823373374
77273,Transport,1.3334964182800168e-05,0.001934694828350305,7.664544531656094e-07,0.0019309030424543086,3.0253314428351067e-06,0.011271257403947271,0.010629024618985471,0.000642232784961832,0.025747935078826917,1.6881199436995164e-07,5.816227044405653e-06,6.286127155599506e-05,9.528897243828122e-13,4.671998926374397e-13,4.856898317453708e-13,1.1548359390805002e-11,1.0884564175738954e-11,6.637952150660776e-13,6.020976118967785e-05,0.02028525782737967,3.4628222290032338e-09,3.8609504434149616e-11,8.756723145704792e-11,1.8863579593198274e-05,0.00015426685807855338
77274,Transport,1.3333357499643896e-05,0.001934045275403225,7.662575105511834e-07,0.0019302540030897838,3.02501480289445e-06,0.011266555337372653,0.010624505875021764,0.0006420494623509199,0.025738009704033216,1.687640916676212e-07,5.815787042974501e-06,6.28567775229979e-05,9.52587398592672e-13,4.670453260676801e-13,4.855420725249899e-13,1.1541276336579479e-11,1.087784003222728e-11,6.634363043522303e-13,6.019733497850788e-05,0.02027525908546927,3.460962830603718e-09,3.859477363362437e-11,8.750296798567895e-11,1.8860956056282745e-05,0.00015421588232290457
77275,Transport,1.3333801117979506e-05,0.0019342246222745418,7.663118880147681e-07,0.0019304332081567647,3.0251022297669557e-06,0.011267853616339243,0.010625753537118927,0.0006421000792203477,0.025740750181039586,1.6877731799478854e-07,5.815908530961594e-06,6.285801836219547e-05,9.526708732113674e-13,4.670880031593954e-13,4.8558287005197e-13,1.1543232025673687e-11,1.0879696623143424e-11,6.635354025302925e-13,6.020076595685333e-05,0.0202780198197355,3.4614762256810306e-09,3.8598840927904344e-11,8.7520711654739e-11,1.8861680436242376e-05,0.00015422995714517998
77276,Transport,1.3334239659002287e-05,0.0019344019164800913,7.663656431159044e-07,0.0019306103621809607,3.0251886560190068e-06,0.011269137036207534,0.010626986919439382,0.0006421501167681829,0.025743459292662814,1.687903929436307e-07,5.816028628491024e-06,6.285924499970596e-05,9.527533924440505e-13,4.671301918020815e-13,4.856232006419671e-13,1.1545165331461033e-11,1.0881531964953918e-11,6.636333665071491e-13,6.020415766687062e-05,0.020280748956769627,3.4619837448348183e-09,3.8602861671075435e-11,8.753825224346769e-11,1.8862396525508476e-05,0.00015424387087791062
77277,Transport,1.3334691164255948e-05,0.0019345844518897607,7.664209873352895e-07,0.0019307927532652095,3.025277637219916e-06,0.011270458396771512,0.010628256763236277,0.0006422016335352683,0.02574624849154526,1.6880385441653058e-07,5.816152276365846e-06,6.28605078993016e-05,9.528383511255635e-13,4.671736276332313e-13,4.856647234923303e-13,1.15471557899919e-11,1.0883421563478708e-11,6.637342265132212e-13,6.020764964324721e-05,0.020283558773057882,3.4625062673637655e-09,3.8607001276200334e-11,8.75563113703269e-11,1.8863133783938004e-05,0.00015425819593098343
77278,Transport,1.3335133473927744e-05,0.0019347632696919605,7.664752043866164e-07,0.0019309714296813934,3.0253648061851736e-06,0.011271752845845225,0.010629500744759152,0.0006422521010861036,0.025748980884207944,1.6881704172633916e-07,5.8162734059661915e-06,6.286174507805228e-05,9.529215794960674e-13,4.672161788285146e-13,4.857054006675507e-13,1.1549105709848576e-11,1.0885272677494654e-11,6.638330323539537e-13,6.0211070500286005e-05,0.020286311363221968,3.4630181479374902e-09,3.861105657205639e-11,8.75740026959742e-11,1.8863856026993534e-05,0.00015427222923285915
77279,Transport,1.3335595269602079e-05,0.0019349499653326314,7.665318099762622e-07,0.0019311579777072708,3.025455815389041e-06,0.011273104322019062,0.010630799530028504,0.0006423047919905903,0.02575183365273796,1.6883081000457055e-07,5.816399871944762e-06,6.286303676085254e-05,9.53008474501833e-13,4.672606046215116e-13,4.857478698803194e-13,1.1551141533644747e-11,1.0887205342547623e-11,6.639361910971577e-13,6.021464206356799e-05,0.02028918521905659,3.4635525794676998e-09,3.861529052442935e-11,8.759247341497086e-11,1.8864610088548438e-05,0.00015428688077343382
77280,Transport,1.333399480617918e-05,0.0019343029269112838,7.663356297589185e-07,0.001930511450880316,3.025140401213399e-06,0.011268420457913464,0.010626298278861997,0.0006421221790514986,0.025741946700693984,1.6878309274143822e-07,5.815961573831138e-06,6.285856012499238e-05,9.5270731906429e-13,4.671066364042324e-13,4.856006826600556e-13,1.1544085899081e-11,1.0880507229295628e-11,6.635786697854055e-13,6.020226395629452e-05,0.020279225183912033,3.4617003791036073e-09,3.8600616749243056e-11,8.752845871801377e-11,1.8861996707773547e-05,0.0001542361023532753
77281,Transport,1.3334413817961472e-05,0.0019344723257980446,7.663869910217525e-07,0.001930680715828322,3.025222978705646e-06,0.011269646724142872,0.010627476735830673,0.0006421699883122314,0.025744535169345065,1.6879558543273323e-07,5.81607632314133e-06,6.2859732137513e-05,9.527861635257292e-13,4.671469462896165e-13,4.856392172361109e-13,1.1545933110314609e-11,1.0882260839113607e-11,6.636722712010338e-13,6.0205504625663064e-05,0.02028183278619641,3.4621852972620716e-09,3.8604458439472144e-11,8.754521818397912e-11,1.8862680907937466e-05,0.00015424939647548278
77282,Transport,1.3334858576711e-05,0.0019346521337180876,7.664415082740057e-07,0.0019308603815794904,3.0253106303272544e-06,0.011270948340607682,0.010628727605304781,0.0006422207353029317,0.025747282691322027,1.6880884576094693e-07,5.816198123438761e-06,6.286097616654784e-05,9.528698527334295e-13,4.671897330917418e-13,4.856801196416858e-13,1.154789382691757e-11,1.0884122202785864e-11,6.63771624131735e-13,6.020894442405752e-05,0.020284600617508752,3.4627000121290433e-09,3.860853618958462e-11,8.756300746685981e-11,1.8863407150067623e-05,0.0001542635074800391
77283,Transport,1.3335314694129239e-05,0.0019348365337424943,7.664974178393001e-07,0.0019310446358041804,3.0254005204787007e-06,0.01127228319898223,0.010630010420664087,0.0006422727783181756,0.025750100382108333,1.688224447439376e-07,5.816323034387142e-06,6.286225196677025e-05,9.529556792751016e-13,4.672336126236019e-13,4.857220666514978e-13,1.1549904618151651e-11,1.0886031103720334e-11,6.638735144313493e-13,6.021247207126986e-05,0.020287439136309423,3.463227872270075e-09,3.861271808112802e-11,8.758125106923616e-11,1.8864151939654727e-05,0.0001542779788647477
77284,Transport,1.3335754744299378e-05,0.0019350144380690319,7.665513579273924e-07,0.0019312223994669604,3.025487244148651e-06,0.011273571035472005,0.01063124804741226,0.0006423229880597835,0.02575281881657352,1.6883556468748606e-07,5.81644354520714e-06,6.286348282549763e-05,9.530384824804934e-13,4.672759464496924e-13,4.857625360307991e-13,1.155184457700718e-11,1.0887872761476432e-11,6.639718155307763e-13,6.0215875453148965e-05,0.020290177665098788,3.4637371379450562e-09,3.861675266084717e-11,8.759885202023834e-11,1.886487049319251e-05,0.00015429194047868422
77285,Transport,1.3335930756986808e-05,0.0019350855968157943,7.665729330579334e-07,0.0019312935019505785,3.0255219321620815e-06,0.011274086148468023,0.01063174307735376,0.0006423430711142969,0.025753906144765384,1.6884081244485474e-07,5.816491747513904e-06,6.286397514834431e-05,9.530716023738555e-13,4.672928792700958e-13,4.857787231037577e-13,1.1552620528011945e-11,1.0888609393690157e-11,6.640111343218183e-13,6.0217236748818286e-05,0.020291273030683288,3.463940835673525e-09,3.8618366425065924e-11,8.760589210543195e-11,1.886515790255588e-05,0.00015429752489009137
77286,Transport,1.3335495811160508e-05,0.001934909756083171,7.665196186456732e-07,0.0019311178002500897,3.0254362144397716e-06,0.01127281325018461,0.010630519806406124,0.0006422934437785206,0.0257512192426689,1.6882784468555151e-07,5.816372634554204e-06,6.28627585669121e-05,9.52989759640837e-13,4.672510364934788e-13,4.857387231473561e-13,1.1550703071629329e-11,1.0886789098167409e-11,6.639139734619485e-13,6.021387284432723e-05,0.020288566267345917,3.4634374772047827e-09,3.8614378644288184e-11,8.758849531593658e-11,1.8864447683850285e-05,0.00015428372522332113
77287,Transport,1.333504275510467e-05,0.001934726593712224,7.664640843334036e-07,0.001930934782700283,3.025346927611765e-06,0.011271487351093507,0.010629245601028695,0.000642241750064846,0.02574842046361952,1.6881433697602134e-07,5.8162485619813476e-06,6.286149132958746e-05,9.529045091485262e-13,4.672074514716364e-13,4.856970576768878e-13,1.154870577639524e-11,1.0884893009367075e-11,6.638127670281973e-13,6.021036887392726e-05,0.020285746800075343,3.462913159947936e-09,3.8610224820704935e-11,8.757037416071108e-11,1.8863707893131336e-05,0.00015426935096744655
77288,Transport,1.3334604813741815e-05,0.0019345495419383371,7.664104027368614e-07,0.0019307578709160658,3.0252606195387604e-06,0.011270205686170404,0.010628013905232206,0.0006421917809382314,0.025745715056428902,1.6880127990583224e-07,5.8161286286729865e-06,6.286026636937808e-05,9.528221027524398e-13,4.67165320517597e-13,4.856567822348407e-13,1.1546775114205494e-11,1.088306017719848e-11,6.637149370070432e-13,6.0206981801725944e-05,0.020283021394856524,3.4624063347745967e-09,3.8606209575488214e-11,8.75528575569405e-11,1.8862992783043942e-05,0.00015425545626031998
77289,Transport,1.3334153970443701e-05,0.0019343672741453273,7.663551396580893e-07,0.0019305757472368797,3.0251717687939184e-06,0.01126888626286397,0.0106267459231637,0.0006421403397002999,0.025742929946813774,1.6878783816890804e-07,5.816005162079329e-06,6.28590053213299e-05,9.527372686295455e-13,4.67121948368075e-13,4.856153202614685e-13,1.1544787573902183e-11,1.0881173349029563e-11,6.63614224872652e-13,6.0203494944964516e-05,0.02028021569806294,3.461884578320209e-09,3.860207603947229e-11,8.75348249067151e-11,1.886225660551504e-05,0.0001542411522093248
77290,Transport,1.3334762908526275e-05,0.0019346134568009308,7.664297815422327e-07,0.0019308217352430432,3.025291776349594e-06,0.011270668361215408,0.010628458541656125,0.000642209819559316,0.025746691695775984,1.688059934471241e-07,5.816171924036575e-06,6.286070857428654e-05,9.528518510761478e-13,4.671805295950281e-13,4.856713214811179e-13,1.1547472074229464e-11,1.0883721821042205e-11,6.637502531872898e-13,6.020820451895487e-05,0.02028400525339829,3.4625892962925855e-09,3.8607659060238765e-11,8.755918096900538e-11,1.8863250934442098e-05,0.00015426047218463002
77291,Transport,1.33356636930067e-05,0.0019349776276778457,7.665401971210085e-07,0.0019311856181806757,3.0254693000532022e-06,0.011273304567725575,0.010630991968621878,0.0006423125991037308,0.02575225634213557,1.688328500247021e-07,5.816418610173166e-06,6.28632281470863e-05,9.530213495729285e-13,4.672671871084828e-13,4.857541624644438e-13,1.1551443177863339e-11,1.0887491701927444e-11,6.639514759359257e-13,6.021517125544469e-05,0.020289611032920842,3.4636317651917403e-09,3.861591786126345e-11,8.759521018698869e-11,1.886472181644401e-05,0.00015428905166490098
77292,Transport,1.3336093015216146e-05,0.001935151194883865,7.665928222064396e-07,0.0019313590481521718,3.0255539094912193e-06,0.011274561008115146,0.010632199423330574,0.0006423615847846045,0.025754908504025353,1.6884565011781485e-07,5.816536183066019e-06,6.286442899877144e-05,9.531021341231921e-13,4.673084888803827e-13,4.857936452428076e-13,1.1553335842560706e-11,1.0889288462002882e-11,6.640473805578552e-13,6.021849166645026e-05,0.02029228279925629,3.464128615504763e-09,3.861985408216907e-11,8.761238204530258e-11,1.8865422852401687e-05,0.00015430267290936225
77293,Transport,1.3336378439859977e-05,0.0019352665869061484,7.666278087408779e-07,0.0019314743489373513,3.025610160060556e-06,0.0112753963225778,0.010633002170830215,0.0006423941517476188,0.025756671730679182,1.688541599548029e-07,5.816614348603066e-06,6.286522735640814e-05,9.531558418070224e-13,4.673359473795584e-13,4.85819894427462e-13,1.1554594135598555e-11,1.0890482995137435e-11,6.64111140461149e-13,6.022069916260999e-05,0.020294059059458816,3.4644589345996344e-09,3.8622470984871315e-11,8.76237983462424e-11,1.8865888919458386e-05,0.00015431172866926324
77469,Transport,1.429802084202526e-05,0.0020788761264604995,8.22927491086457e-07,0.0020748098891543404,3.2433098150780813e-06,0.012121060157051715,0.011431311258780722,0.0006897488982710289,0.02768048248111456,1.812986476818279e-07,6.233486560311874e-06,6.736817760377299e-05,1.0237146081306312e-12,5.019930060164504e-13,5.217216021141788e-13,1.244329860234806e-11,1.1728578684842765e-11,7.147199175053303e-13,6.461348326409763e-05,0.02183111741671709,3.728342858019165e-09,4.150576310695768e-11,9.446620810783128e-11,2.0229668674122802e-05,0.00016575469862318163
77470,Transport,1.4298176968805857e-05,0.0020789392456947173,8.229466286595578e-07,0.0020748729584820222,3.2433405840410533e-06,0.012121517072600733,0.011431750360257975,0.0006897667123427956,0.027681446963008022,1.8130330254776557e-07,6.233529316723825e-06,6.736861430400291e-05,1.0237439861396814e-12,5.020080257674388e-13,5.217359603722407e-13,1.2443986886437373e-11,1.1729232092376573e-11,7.147547940608328e-13,6.461469076063321e-05,0.02183208902793888,3.7285235419859005e-09,4.150719454815543e-11,9.44724528044634e-11,2.022992361198706e-05,0.00016575965210799713
77471,Transport,1.4298361668273095e-05,0.002079013916349478,8.229692685906604e-07,0.0020749475700968757,3.2433769840170653e-06,0.012122057608043505,0.011432269821484316,0.0006897877865592252,0.02768258795426658,1.813088092984683e-07,6.233579897966059e-06,6.736913092453079e-05,1.023778740603967e-12,5.020257942757951e-13,5.217529463281699e-13,1.244480113306515e-11,1.1730005079707288e-11,7.147960533578987e-13,6.461611924052608e-05,0.02183323845326069,3.728737292838047e-09,4.1508887956714826e-11,9.447984034000744e-11,2.023022520590662e-05,0.00016576551212767423
77472,Transport,1.4298798157160745e-05,0.0020791903809139023,8.230227721469564e-07,0.0020751238951359193,3.243463005840934e-06,0.012123335022199986,0.011433497432241663,0.0006898375899583617,0.0276852843887106,1.813218230636117e-07,6.233699433503914e-06,6.737035182204025e-05,1.0238608736912098e-12,5.020677854984196e-13,5.217930881927883e-13,1.2446725392025589e-11,1.1731831833109373e-11,7.148935589162538e-13,6.461949507917236e-05,0.0218359548194075,3.729242437076306e-09,4.151288988497948e-11,9.449729884825454e-11,2.0230937944261716e-05,0.00016577936075165046
77473,Transport,1.429893561318605e-05,0.0020792459518993722,8.230396211124083e-07,0.002075179422183033,3.2434900952315997e-06,0.012123737296524918,0.011433884022828737,0.0006898532736962202,0.027686133530972087,1.8132592126744115e-07,6.233737076798809e-06,6.73707362985383e-05,1.0238867384681559e-12,5.020810090803319e-13,5.21805729387822e-13,1.2447331366188612e-11,1.1732407101504446e-11,7.149242646842034e-13,6.462055817464974e-05,0.02183681023842132,3.729401513564074e-09,4.151415014421719e-11,9.450279675947134e-11,2.023116239483571e-05,0.00016578372186337997
77474,Transport,1.4298249101229535e-05,0.0020789684075292695,8.229554704452259e-07,0.002074902097259163,3.243354799666744e-06,0.012121728173001582,0.011431953230346464,0.000689774942655156,0.027681892565077727,1.8130545315101697e-07,6.233549070693068e-06,6.736881606468665e-05,1.0237575591281692e-12,5.0201496507047e-13,5.217425940576972e-13,1.2444304881846946e-11,1.172953397440401e-11,7.147709074429724e-13,6.461524863834876e-05,0.021832537923842793,3.728607020120726e-09,4.1507855890959996e-11,9.44753379283447e-11,2.02300413963029e-05,0.00016576194067671054
77475,Transport,1.4297950928062529e-05,0.0020788478615095933,8.229189212333711e-07,0.0020747816465517058,3.2432960366595278e-06,0.012120855549126392,0.011431114628041278,0.0006897409210851493,0.027680050583711074,1.8129656322122197e-07,6.233467413883695e-06,6.736798204831812e-05,1.0237014525847215e-12,5.019862801344025e-13,5.217151724503172e-13,1.244299038701188e-11,1.1728286087315346e-11,7.14704299696571e-13,6.461294254412978e-05,0.021830682326782556,3.728261947287079e-09,4.1505122104010145e-11,9.446341171706519e-11,2.0229554512309743e-05,0.0001657524804402955
77476,Transport,1.4298525374049426e-05,0.002079080099634623,8.229893351753267e-07,0.0020750137010528288,3.2434092466241007e-06,0.012122536704034494,0.011432730238639827,0.0006898064653947013,0.027683599255828827,1.8131369012954113e-07,6.233624729939054e-06,6.736958882387316e-05,1.0238095447348165e-12,5.020415431433913e-13,5.217680015914232e-13,1.2445522829117199e-11,1.1730690206161396e-11,7.148326229558397e-13,6.461738535359789e-05,0.021834257230236336,3.728926747900989e-09,4.151038888558592e-11,9.448638817828474e-11,2.023049251943749e-05,0.00016577070607373632
77477,Transport,1.4297087204482902e-05,0.002078498673684715,8.2281304847355e-07,0.0020744327348194477,3.243125816798861e-06,0.012118327803840954,0.011428685433650027,0.000689642370190964,0.02767471488313286,1.8127081160157687e-07,6.23323087713426e-06,6.736556613809207e-05,1.023538927750467e-12,5.019031879638012e-13,5.216357397866637e-13,1.2439182666163836e-11,1.172467131032516e-11,7.145113558387111e-13,6.460626243949869e-05,0.021825307185379676,3.727262368598954e-09,4.149720309414767e-11,9.442886484619445e-11,2.0228144146683447e-05,0.00016572507680319933
77479,Transport,1.4296814516992648e-05,0.0020783884310633027,8.227796232228759e-07,0.002074322579363658,3.2430720764267185e-06,0.012117529765516945,0.01142791850897931,0.0006896112565376706,0.02767303034095554,1.8126268151841522e-07,6.233156199755897e-06,6.736480340738542e-05,1.023487616786864e-12,5.018769548077365e-13,5.216106619791255e-13,1.2437980524800394e-11,1.1723530083561717e-11,7.144504412387151e-13,6.460415345346488e-05,0.02182361019127937,3.7269467900849405e-09,4.1494702971451416e-11,9.441795800083775e-11,2.0227698877997894e-05,0.0001657164251590855
77480,Transport,1.4296546513107786e-05,0.0020782800819388594,8.227467720751219e-07,0.002074214315907705,3.2430192590844392e-06,0.012116745434079878,0.01142716475679598,0.0006895806772839356,0.02767137473201172,1.8125469107532768e-07,6.233082805015663e-06,6.736405377713181e-05,1.0234371871262712e-12,5.01851172225151e-13,5.21586014901118e-13,1.2436799031086653e-11,1.1722408458195538e-11,7.143905728911485e-13,6.460208069079561e-05,0.021821942344283377,3.726636631860758e-09,4.149224579017553e-11,9.440723848845954e-11,2.0227261257124924e-05,0.00016570792211323342
77483,Transport,1.4296252567655763e-05,0.0020781612451079025,8.227107410844476e-07,0.0020740955730375616,3.242961329261673e-06,0.012115885182897603,0.011426338044801268,0.0006895471380963738,0.027669558867590132,1.8124592719339198e-07,6.233002305995638e-06,6.7363231586051e-05,1.023381876102007e-12,5.018228940048696e-13,5.215589820971356e-13,1.2435503174110806e-11,1.1721178264553257e-11,7.143249095575871e-13,6.459980729404964e-05,0.021820113057221365,3.726296451719512e-09,4.148955076483581e-11,9.43954813756359e-11,2.0226781276525434e-05,0.0001656985960108977
77484,Transport,1.4296419738967694e-05,0.002078228829446426,8.227312324645312e-07,0.0020741631039391216,3.242994274845302e-06,0.01211637442101217,0.011426808208662608,0.0006895662123495976,0.027670591577691823,1.8125091134820956e-07,6.233048087029821e-06,6.736369917879888e-05,1.0234133323345393e-12,5.01838976264864e-13,5.215743560696733e-13,1.2436240147958299e-11,1.1721877894650257e-11,7.143622533080749e-13,6.46011002098405e-05,0.02182115340098567,3.726489917412261e-09,4.1491083467310487e-11,9.440216782702254e-11,2.0227054248894857e-05,0.00016570389990912764
77485,Transport,1.4295959539199845e-05,0.0020780427790018895,8.226748224965264e-07,0.0020739772005992406,3.2429035801575445e-06,0.012115027615366251,0.011425513911828184,0.0006895137035381032,0.027667748667963118,1.8123719065137778e-07,6.232922058101416e-06,6.736241195988832e-05,1.023326737626743e-12,5.017947040016966e-13,5.215320336250444e-13,1.2434211359707453e-11,1.1719951908639262e-11,7.142594510682259e-13,6.459754098942209e-05,0.02181828947682737,3.725957332808717e-09,4.148686414693264e-11,9.438376094045628e-11,2.0226302793279747e-05,0.0001656892990023937
77486,Transport,1.4296153175493404e-05,0.002078121062653928,8.226985578781741e-07,0.002074055422354681,3.242941741374498e-06,0.012115594305033735,0.011426058507587007,0.0006895357974467647,0.0276689448669646,1.8124296385046468e-07,6.2329750867561056e-06,6.736295357749931e-05,1.0233631737126144e-12,5.018133322530473e-13,5.215498414595648e-13,1.2435065004286942e-11,1.1720762297558744e-11,7.143027067282336e-13,6.45990385874174e-05,0.021819494517980768,3.726181426160867e-09,4.1488639492372545e-11,9.439150592761105e-11,2.0226618980053945e-05,0.000165695442563647
77487,Transport,1.3926845284912158e-05,0.002024535966170655,8.014707496156137e-07,0.0020205753388458014,3.1591565752426096e-06,0.011803405673586525,0.011131657415920513,0.0006717482576660432,0.026955793044641577,1.7656748129228788e-07,6.071899087928156e-06,6.562206101235369e-05,9.969712405028781e-13,4.888733557530169e-13,5.080978847498592e-13,1.2115177902348257e-11,1.1419261684728394e-11,6.959162176198992e-13,6.293149371136264e-05,0.02125762238202111,3.6302647138741404e-09,4.0419256729503104e-11,9.196580335368569e-11,1.9704194102815763e-05,0.00016142273348467273
77488,Transport,1.3926690499591036e-05,0.002024473389264245,8.014517764747692e-07,0.0020205128114171252,3.1591260706501506e-06,0.011802952683909095,0.011131222087254275,0.0006717305966548549,0.02695483684968883,1.7656286642150025e-07,6.071856698884274e-06,6.562162806430299e-05,9.969421149131017e-13,4.888584650534776e-13,5.080836498596222e-13,1.2114495532075973e-11,1.1418613891348187e-11,6.958816407278218e-13,6.293029658977787e-05,0.021256659118996053,3.630085582365081e-09,4.041783758741477e-11,9.195961231221404e-11,1.970394135540731e-05,0.00016141782256077545
77492,Transport,1.3925608153011253e-05,0.002024035816113674,8.0131910553445e-07,0.0020200755842428716,3.1589127652728856e-06,0.01179978512367478,0.011128178022807005,0.0006716071008678087,0.02694815059333574,1.7653059663275733e-07,6.07156029069561e-06,6.561860064646709e-05,9.967384523031705e-13,4.887543408535848e-13,5.079841114495839e-13,1.21097240128841e-11,1.1414084153357579e-11,6.956398595265542e-13,6.292192563803984e-05,0.021249923438680613,3.628832993458356e-09,4.040791414264364e-11,9.191632104587464e-11,1.9702174002462597e-05,0.00016138348260111196
77493,Transport,1.3926008908350085e-05,0.002024197834250466,8.013682289747912e-07,0.002020237474276652,3.1589917448440665e-06,0.011800957961191596,0.011129305134124001,0.0006716528270676288,0.026950626281789264,1.7654254501450783e-07,6.0716700403509406e-06,6.561972159412218e-05,9.968138614925876e-13,4.887928944276319e-13,5.080209670649539e-13,1.2111490740682932e-11,1.1415761357976824e-11,6.957293827061405e-13,6.292502511066973e-05,0.021252417427110457,3.6292967836167997e-09,4.0411588449511605e-11,9.193235029790378e-11,1.970282839186191e-05,0.00016139619749523865
77497,Transport,1.3925933788630087e-05,0.002024167464706031,8.013590210149058e-07,0.0020202071287445294,3.15897694049164e-06,0.011800738118266678,0.011129093862362067,0.000671644255904642,0.026950162225529973,1.765403053460504e-07,6.071649468289687e-06,6.561951147770994e-05,9.96799726391579e-13,4.887856677399083e-13,5.080140586516686e-13,1.2111159575793283e-11,1.1415446973789845e-11,6.957126020034719e-13,6.292444412897457e-05,0.021251949940605915,3.629209848313726e-09,4.041089971781832e-11,9.192934568933708e-11,1.9702705729619684e-05,0.0001613938141476097
77498,Transport,1.3925511840798039e-05,0.0020239968788274463,8.013072998595117e-07,0.0020200366777432194,3.1588937843721662e-06,0.011799503259489728,0.011127907147849243,0.0006715961116405175,0.026947555619267805,1.7652772511744804e-07,6.071533914921714e-06,6.561833125280193e-05,9.967203294605638e-13,4.887450753998676e-13,5.079752540606942e-13,1.210929942099981e-11,1.141368107628476e-11,6.956183447150855e-13,6.292118075197128e-05,0.021249324066639527,3.628721532294152e-09,4.0407031108552286e-11,9.191246878842597e-11,1.9702016735209378e-05,0.000161380426872403
77499,Transport,1.3925028748250137e-05,0.002023801573245896,8.012480837601691e-07,0.0020198415265840915,3.1587985780490634e-06,0.011798089456579631,0.011126548465817737,0.0006715409907619249,0.026944571288113735,1.7651332188030076e-07,6.071401616645212e-06,6.561698000078781e-05,9.966294270721957e-13,4.886986007992506e-13,5.079308262729431e-13,1.2107169710048784e-11,1.1411659281502858e-11,6.955104285459607e-13,6.291744447703029e-05,0.02124631767568655,3.628162454104478e-09,4.040260189677483e-11,9.189314624558387e-11,1.970122789820185e-05,0.00016136509963903933
77502,Transport,1.3924546817192293e-05,0.0020236067372337743,8.011890100329479e-07,0.002019646844623117,3.15870360062868e-06,0.011796679052848499,0.011125193050439136,0.0006714860024093934,0.026941594132129286,1.7649895327257776e-07,6.071269636450898e-06,6.561563199756275e-05,9.965387432386802e-13,4.886522379366161e-13,5.07886505302062e-13,1.2105045119520564e-11,1.1409642347683009e-11,6.954027718375923e-13,6.291371718514283e-05,0.021243318512941135,3.6276047200956714e-09,4.0398183334065507e-11,9.187387015955745e-11,1.9700440957779864e-05,0.00016134980925664607
77503,Transport,1.3924970643424657e-05,0.002023778082515641,8.012409614372671e-07,0.0020198180544272713,3.158787126937237e-06,0.011797919408890615,0.011126385047891579,0.0006715343609990673,0.02694421234231416,1.7651158950503562e-07,6.071385704231949e-06,6.561681747652037e-05,9.966184936238644e-13,4.886930109830347e-13,5.079254826408278e-13,1.2106913555231938e-11,1.1411416106497438e-11,6.954974487345345e-13,6.291699508983871e-05,0.021245956076604965,3.628095209969207e-09,4.040206916535835e-11,9.189082219197447e-11,1.970113301941133e-05,0.00016136325612846661
77504,Transport,1.3924489645092343e-05,0.002023583623587584,8.011820020408665e-07,0.002019623749252213,3.1586923333353966e-06,0.01179651173484362,0.011125032255773097,0.000671479479070555,0.026941240948293664,1.7649724870620146e-07,6.071253979471049e-06,6.561547208221e-05,9.965279852991176e-13,4.886467378507151e-13,5.078812474484005e-13,1.2104793076619292e-11,1.1409403076235227e-11,6.95390000384101e-13,6.291327501172223e-05,0.02124296271841522,3.627538555394356e-09,4.039765915430007e-11,9.187158341273127e-11,1.9700347602027566e-05,0.00016134799533895757
77505,Transport,1.392491472132977e-05,0.0020237554742238944,8.01234106667222e-07,0.0020197954640112418,3.158776105990925e-06,0.011797755749109826,0.011126227768824003,0.0006715279802858555,0.026943866880454533,1.7650992220712776e-07,6.071370389574738e-06,6.561666105754086e-05,9.966079708948145e-13,4.886876311504606e-13,5.079203397443516e-13,1.2106667022971396e-11,1.141118206645661e-11,6.954849565148225e-13,6.291656258405346e-05,0.021245608061134905,3.628030491886289e-09,4.040155644620678e-11,9.188858544235172e-11,1.9701041704779844e-05,0.00016136148187009263
77506,Transport,1.3923584993738777e-05,0.0020232178894037827,8.010711124718689e-07,0.0020192583042437547,3.1585140475608863e-06,0.011793864211668519,0.01112248795335279,0.0006713762583157641,0.026935652414109633,1.7647027683913893e-07,6.071006234364175e-06,6.561294169342863e-05,9.963577591819147e-13,4.885597083352795e-13,5.077980508466329e-13,1.210080492589557e-11,1.1405617012065921e-11,6.951879138296846e-13,6.290627836853797e-05,0.02123733287449244,3.6264916114014668e-09,4.038936490002709e-11,9.183539952910016e-11,1.969887040584704e-05,0.0001613192931731531
77507,Transport,1.3923106416597163e-05,0.002023024409319344,8.010124498580818e-07,0.0020190649771383708,3.1584197311195085e-06,0.011792463623399337,0.011121141970754164,0.000671321652645205,0.0269326959771297,1.7645600822726763e-07,6.0708751726633e-06,6.561160307139995e-05,9.96267706446926e-13,4.885136681270056e-13,5.077540383199183e-13,1.209869512108936e-11,1.140361411474975e-11,6.950810063396434e-13,6.290257701609669e-05,0.021234354583903808,3.6259377588464734e-09,4.038497708754424e-11,9.181625759167583e-11,1.9698088942001445e-05,0.00016130410920154367
77512,Transport,1.392265435090156e-05,0.0020228416473331325,8.009570369413303e-07,0.0020188823596567276,3.1583306394685064e-06,0.011791140622664235,0.011119870550732594,0.0006712700719316723,0.026929903316085912,1.7644253004498526e-07,6.070751371307529e-06,6.56103386041993e-05,9.961826423083712e-13,4.884701783800679e-13,5.077124639283015e-13,1.2096702191853155e-11,1.1401722170714567e-11,6.949800211386215e-13,6.2899080705219e-05,0.021231541279862355,3.6254145877236566e-09,4.0380832344033214e-11,9.179817604848366e-11,1.969735076843186e-05,0.00016128976636714827
77513,Transport,1.3922285227482529e-05,0.0020226924174095284,8.009117908510195e-07,0.002018733247724868,3.158257893814181e-06,0.011790060358093244,0.01111883240315814,0.0006712279549351374,0.026927623035580883,1.764315247579777e-07,6.0706502842748984e-06,6.560930613378429e-05,9.961131852228959e-13,4.884346678685682e-13,5.076785173543255e-13,1.209507491320603e-11,1.140017734911525e-11,6.948975640908182e-13,6.289622587629102e-05,0.021229244143811884,3.6249874048706544e-09,4.037744805296518e-11,9.178341199735273e-11,1.9696748030479185e-05,0.00016127805506916198
77517,Transport,1.3923888293169785e-05,0.0020233405078792966,8.011082900464656e-07,0.002019380825768419,3.158573820835697e-06,0.011794751837900894,0.011123340973108234,0.000671410864792693,0.026937526063257982,1.7647931960672107e-07,6.071089295036834e-06,6.561379004840492e-05,9.964148303223999e-13,4.885888864295897e-13,5.078259438928083e-13,1.210214201983844e-11,1.1406886353126172e-11,6.952556667123022e-13,6.290862410967722e-05,0.021239220373418615,3.626842616809334e-09,4.0392145686892305e-11,9.184753077864019e-11,1.9699365660465596e-05,0.0001613289160522023
77524,Transport,1.3922343465136813e-05,0.0020227159618400664,8.009189294556956e-07,0.002018756773539512,3.15826937110348e-06,0.011790230794514706,0.011118996194660974,0.0006712345998537665,0.0269279828019378,1.7643326109348766e-07,6.070666233064262e-06,6.56094690295855e-05,9.961241436653103e-13,4.884402704632167e-13,5.076838732020918e-13,1.2095331653597958e-11,1.1400421080023637e-11,6.949105735743552e-13,6.289667629079081e-05,0.021229606569516262,3.6250548027273757e-09,4.037798200221643e-11,9.178574136379556e-11,1.969684312616453e-05,0.00016127990279403705
3418,Disposal,-4.612420722564727e-08,-2.728296811007019e-05,-4.229995339335466e-09,-2.7274453701346644e-05,-4.284413384201678e-09,-0.00016445499661597133,-0.00016049742727189728,-3.957569344074027e-06,-0.0001404472626489951,-1.3713440622458916e-09,-1.893778109107893e-08,-1.8915354217029757e-07,-3.318471785806594e-13,-3.0350646192996327e-15,-3.288121139613598e-13,-8.709567525937448e-14,-8.136594122541528e-14,-5.729734033959224e-15,-1.5740323794905646e-07,-0.00024241202765632247,-1.3297214537096307e-11,-1.847481412034725e-13,-1.5078965620629702e-11,-6.512634291729759e-08,-1.0926087547699406e-06
3419,Disposal,-4.606259600041345e-08,-2.7058961826559608e-05,-4.203942050803091e-09,-2.7050479637301525e-05,-4.278247207266815e-09,-0.00016327264802982184,-0.0001593251103840505,-3.947537645771306e-06,-0.00014037689481238207,-1.3703526964227447e-09,-1.8873029895472114e-08,-1.8887867231788067e-07,-3.219501307592982e-13,-3.0064112866735203e-15,-3.189437194726246e-13,-8.619548606967931e-14,-8.049991194251456e-14,-5.695574127164776e-15,-1.5724815297622742e-07,-0.00024234270832431106,-1.3271471971537943e-11,-1.843884656692833e-13,-1.4651957681908796e-11,-6.501992507737078e-08,-1.0856372758049865e-06
3421,Disposal,-4.618716198439218e-08,-2.7511859216881212e-05,-4.256616762425862e-09,-2.750331188609407e-05,-4.290714024707357e-09,-0.00016566312824638349,-0.0001616953084464217,-3.967819799961778e-06,-0.00014051916497134887,-1.372357046421864e-09,-1.90039442923852e-08,-1.8943440600930552e-07,-3.41960047713127e-13,-3.0643427846967444e-15,-3.388957049284303e-13,-8.801549454631385e-14,-8.225085569293529e-14,-5.7646388533786e-15,-1.5756170480330842e-07,-0.00024248285860971731,-1.3323518461390155e-11,-1.851156600508155e-13,-1.5515285165685243e-11,-6.523508137223533e-08,-1.0997322582332832e-06
3425,Disposal,-4.601265570771212e-08,-2.6877388755694662e-05,-4.182824002100094e-09,-2.6868932682611513e-05,-4.2732490810356516e-09,-0.00016231427016534622,-0.00015837486392659733,-3.939406238748833e-06,-0.0001403198566615601,-1.3695491237102373e-09,-1.8820544432813425e-08,-1.8865587069638427e-07,-3.1392786755641416e-13,-2.983185716774754e-15,-3.1094468183963933e-13,-8.546581852209618e-14,-7.979793343597048e-14,-5.667885086125732e-15,-1.5712244554373816e-07,-0.0002422865200612572,-1.3250605785968852e-11,-1.840969229936305e-13,-1.430583728964935e-11,-6.493366582746268e-08,-1.0799863948372777e-06
3426,Disposal,-4.635042974594967e-08,-2.8105468649980307e-05,-4.325657137515784e-09,-2.809683593864789e-05,-4.3070541948906625e-09,-0.00016879631390060007,-0.00016480191042338965,-3.994403477210359e-06,-0.000140705637470895,-1.3749841339082031e-09,-1.917553287425118e-08,-1.9016280226101845e-07,-3.6818690552497604e-13,-3.140273192853276e-15,-3.650466323321228e-13,-9.040096689201096e-14,-8.454580538636932e-14,-5.855161505641666e-15,-1.5797267498396802e-07,-0.00024266655260585536,-1.3391735430611442e-11,-1.8606878862651265e-13,-1.6646842443724507e-11,-6.55170852189158e-08,-1.118206452846905e-06
3427,Disposal,-4.599471735322777e-08,-2.6812168430906687e-05,-4.175238483009974e-09,-2.6803721738649687e-05,-4.271453773975111e-09,-0.00016197002464869028,-0.00015803353917899854,-3.936485469691712e-06,-0.0001402993687846729,-1.3692604835883798e-09,-1.8801691863404648e-08,-1.885758412402096e-07,-3.1104630252513316e-13,-2.974843184454473e-15,-3.0807145934067867e-13,-8.52037248414974e-14,-7.954578554877063e-14,-5.657939292726791e-15,-1.5707729193403077e-07,-0.00024226633746067555,-1.3243110735114562e-11,-1.8399220202424305e-13,-1.4181512221557652e-11,-6.490268184802029e-08,-1.0779566208719174e-06
3429,Disposal,-4.616022849204226e-08,-2.7413934341984326e-05,-4.245227505927327e-09,-2.7405401096012465e-05,-4.288018465924471e-09,-0.00016514626177474397,-0.00016118282735534336,-3.963434419400562e-06,-0.00014048840350569216,-1.3719236685152838e-09,-1.8975638154584735e-08,-1.8931424600535827e-07,-3.376335299272565e-13,-3.051816912793431e-15,-3.34581713014463e-13,-8.762197471998154e-14,-8.187226895038489e-14,-5.7497057695967005e-15,-1.574939090418473e-07,-0.00024245255550031894,-1.3312265038172194e-11,-1.8495842704316517e-13,-1.53286176386681e-11,-6.518856056264769e-08,-1.0966846597695677e-06
3431,Disposal,-4.6219192990892533e-08,-2.7628317649512905e-05,-4.270161584025646e-09,-2.7619753568175773e-05,-4.293919753090998e-09,-0.00016627781842832546,-0.00016230478325742558,-3.97303517089986e-06,-0.0001405557484449515,-1.3728724467406362e-09,-1.9037607735361972e-08,-1.895773078587024e-07,-3.471054153291303e-13,-3.07923934096747e-15,-3.440261759881628e-13,-8.848349312412579e-14,-8.27010949064036e-14,-5.782398217722226e-15,-1.5764233179545056e-07,-0.00024251889697717117,-1.3336901741492225e-11,-1.8530265145262437e-13,-1.573728195294222e-11,-6.529040685082325e-08,-1.1033566543915499e-06
3433,Disposal,-4.624089711866633e-08,-2.770722958448899e-05,-4.279339520369038e-09,-2.7698654153022194e-05,-4.2960919464139235e-09,-0.00016669433091756058,-0.00016271776182470208,-3.976569092858467e-06,-0.00014058053731274658,-1.3732216806734871e-09,-1.9060417997901358e-08,-1.8967413778499234e-07,-3.505919032164112e-13,-3.089333209253683e-15,-3.4750257000715747e-13,-8.880060775899291e-14,-8.300617584158378e-14,-5.79443191740916e-15,-1.5769696443833832e-07,-0.00024254331648243925,-1.3345970217731477e-11,-1.8542935634644081e-13,-1.588770640607156e-11,-6.532789525308142e-08,-1.1058125359237463e-06
3435,Disposal,-4.59687412228068e-08,-2.671772433547596e-05,-4.16425406226126e-09,-2.6709291227383763e-05,-4.268854029924398e-09,-0.0001614715304057937,-0.0001575392744365293,-3.932255969264374e-06,-0.0001402697007478117,-1.368842510275575e-09,-1.8774391878773388e-08,-1.8845995237242492e-07,-3.0687357257187293e-13,-2.962762549757362e-15,-3.039108100221156e-13,-8.482419283728349e-14,-7.918065582580812e-14,-5.643537011475394e-15,-1.5701190600045695e-07,-0.0002422371114876132,-1.323225731939727e-11,-1.8384055792773513e-13,-1.4001479867633393e-11,-6.485781463951136e-08,-1.0750173505338676e-06
3439,Disposal,-4.603910905333374e-08,-2.6973567911629833e-05,-4.194010220902126e-09,-2.6965098004823166e-05,-4.275896585755822e-09,-0.00016282192239391253,-0.00015887820895332883,-3.9437134405836714e-06,-0.00014035006973873076,-1.3699747757348098e-09,-1.8848345953563906e-08,-1.8877388859295028e-07,-3.1817725596994766e-13,-2.9954882883969423e-15,-3.151817676815507e-13,-8.585232302138965e-14,-8.016977106542965e-14,-5.6825519559600276e-15,-1.571890327017016e-07,-0.0002423162829533438,-1.3261658593007153e-11,-1.8425135298883735e-13,-1.4489177071374064e-11,-6.497935730477394e-08,-1.0829796633829676e-06
3464,Disposal,-4.646976835249845e-08,-2.8539360325253307e-05,-4.376121369279841e-09,-2.853066520603827e-05,-4.318997845748881e-09,-0.00017108647826903325,-0.0001670726437726827,-4.0138344963504796e-06,-0.00014084193730157325,-1.376904371908104e-09,-1.9300953484322785e-08,-1.9069521474016027e-07,-3.873571117895896e-13,-3.195773611415021e-15,-3.841613381781745e-13,-9.214459921097233e-14,-8.622327126145275e-14,-5.92132794951962e-15,-1.5827306869442962e-07,-0.00024280082152288693,-1.3441597803759629e-11,-1.86765466494822e-13,-1.747394062589549e-11,-6.572321253874428e-08,-1.1317099431947175e-06
30895,Disposal,-4.808245990332078e-08,-2.7868301420639924e-05,-4.891282657246299e-09,-2.7858927806067285e-05,-4.4823319153845245e-09,-0.00019796095796652962,-0.00019372682353087302,-4.234134435656502e-06,-0.0001444317306080415,-1.0837160665556263e-09,-2.0673817459474688e-08,-1.9741528834627176e-07,-5.712350252489674e-13,-3.513576734269722e-15,-5.677214485146979e-13,-1.0392004316243471e-13,-9.726413299312304e-14,-6.655910169311703e-15,-1.648494875005829e-07,-0.0002481923664922874,-1.388494958702285e-11,-1.936185352605984e-13,-2.5422952430794715e-11,-6.848835565296034e-08,-1.2164985428215859e-06
30896,Disposal,-4.824666574258789e-08,-2.8465321519580815e-05,-4.960719713446552e-09,-2.8455862033897065e-05,-4.498765970296047e-09,-0.00020111214577618876,-0.00019685127492305595,-4.260870853132724e-06,-0.00014461927451135778,-1.0863582483397534e-09,-2.0846391927484625e-08,-1.981478697003036e-07,-5.976125731325856e-13,-3.589943411183137e-15,-5.940226297214027e-13,-1.0631922157240968e-13,-9.957226864030307e-14,-6.7469529321066546e-15,-1.652628189677703e-07,-0.0002483771159279165,-1.3953558506361135e-11,-1.9457714016954544e-13,-2.6561011229094684e-11,-6.877197979209827e-08,-1.235078883498613e-06
30897,Disposal,-4.660517903575929e-08,-2.9093765070191757e-05,-4.959741894795663e-09,-2.9084456038355955e-05,-4.349289940995312e-09,-0.00020214579584816153,-0.0001979908271532472,-4.154968694914236e-06,-0.0001387261527773968,-1.04602810906588e-09,-2.0461619919256534e-08,-1.9159212758792578e-07,-6.550076832833209e-13,-3.672625378276285e-15,-6.513350579050448e-13,-1.092069931831148e-13,-1.0247221615125221e-13,-6.734777031862626e-15,-1.591639370820603e-07,-0.00023781739764960495,-1.35462493102591e-11,-1.8890336654818898e-13,-2.9002441477454505e-11,-6.659040991776368e-08,-1.2389622347460494e-06
30898,Disposal,-4.64281647690953e-08,-2.845017605125455e-05,-4.884888590933556e-09,-2.8440959588671038e-05,-4.331573992576775e-09,-0.00019874880825175868,-0.00019462266147544298,-4.126146776315612e-06,-0.00013852398002482596,-1.0431798311179234e-09,-2.0275584251852444e-08,-1.9080240322894787e-07,-6.265726269183801e-13,-3.590301927589468e-15,-6.229823249907907e-13,-1.0662067342290855e-13,-9.998404069555512e-14,-6.63663272735348e-15,-1.5871836482421682e-07,-0.00023761823733953045,-1.3472288739809966e-11,-1.8786998828505827e-13,-2.777561151512982e-11,-6.628466245335082e-08,-1.2189325854108589e-06
30899,Disposal,-4.84258201106241e-08,-2.9116691525714835e-05,-5.036477993282227e-09,-2.9107138351617124e-05,-4.516696104419697e-09,-0.00020455020293129694,-0.00020026016170275065,-4.290041228546187e-06,-0.00014482389153123746,-1.0892409619502119e-09,-2.103467676493921e-08,-1.9894714182182164e-07,-6.263914091503892e-13,-3.673262151871717e-15,-6.227181469985175e-13,-1.0893680992227318e-13,-1.020905261216323e-13,-6.8462838006409114e-15,-1.6571377819141268e-07,-0.0002485786840848889,-1.4028413259642482e-11,-1.9562301196938711e-13,-2.7802673557958625e-11,-6.90814237414356e-08,-1.255350691168467e-06
74744,Disposal,-5.2738195430575876e-08,-2.4812607984297675e-05,-4.67910568140759e-09,-2.4803038141891053e-05,-4.890736725207269e-09,-0.0001837291451107047,-0.00017923325805630977,-4.495887054394962e-06,-0.0001622960306582719,-1.2404394256551892e-09,-2.1401207623657677e-08,-2.158985501659567e-07,-3.195746923618863e-13,-3.0703246425373223e-15,-3.165043677193489e-13,-8.876738995786831e-14,-8.23531310760161e-14,-6.414258881852235e-15,-1.8133358654713144e-07,-0.0002811310417639037,-1.492715047535585e-11,-2.088761194684741e-13,-1.4674114912134158e-11,-7.451181471749622e-08,-1.1541915277547895e-06
74751,Disposal,-5.2471662362022503e-08,-2.384354622821786e-05,-4.566397925441251e-09,-2.3834115768739687e-05,-4.8640615527292844e-09,-0.00017861424931744276,-0.00017416175986342472,-4.4524894540181005e-06,-0.0001619916160755599,-1.2361507303095038e-09,-2.112109089505688e-08,-2.1470945020991031e-07,-2.767595963232029e-13,-2.9463689730934013e-15,-2.7381322735010955e-13,-8.487312903224188e-14,-7.860664751960882e-14,-6.266481512633097e-15,-1.806626816343048e-07,-0.00028083116306159016,-1.4815786921641925e-11,-2.0732014613005732e-13,-1.2826858413468365e-11,-7.405144611880547e-08,-1.1240325806825177e-06
74771,Disposal,-5.24838717140332e-08,-2.3887937028069825e-05,-4.571560844528168e-09,-2.387850018373574e-05,-4.8652834895512235e-09,-0.00017884855256385384,-0.00017439407515171,-4.454477412143884e-06,-0.00016200556070471115,-1.2363471869496733e-09,-2.113392248763237e-08,-2.1476392052392453e-07,-2.787208710788844e-13,-2.9520471368206133e-15,-2.7576882394206374e-13,-8.505151741279269e-14,-7.877826651154377e-14,-6.27325090124894e-15,-1.806934144596569e-07,-0.00028084489991104345,-1.4820888265485804e-11,-2.0739142218713754e-13,-1.2911477575243181e-11,-7.407253469256703e-08,-1.1254141023191232e-06
74772,Disposal,-5.204488458854496e-08,-2.229186627770855e-05,-4.385928142063008e-09,-2.2282659000802747e-05,-4.821348763734382e-09,-0.00017042418175822386,-0.00016604118135996775,-4.3830003982561624e-06,-0.00016150418170755046,-1.2292835904807036e-09,-2.067256270906136e-08,-2.1280544094592623e-07,-2.082032574876792e-13,-2.747888818633305e-15,-2.054553686690459e-13,-7.863756503187216e-14,-7.260770742841485e-14,-6.029857603457321e-15,-1.795884160414259e-07,-0.0002803509916307753,-1.463746950024827e-11,-2.0482869229071133e-13,-9.868996487286163e-12,-7.331429524070015e-08,-1.0757415061385944e-06
74774,Disposal,-5.2093534889292884e-08,-2.2468749191834278e-05,-4.406500697108979e-09,-2.2459516473352224e-05,-4.8262177849428954e-09,-0.00017135780406628149,-0.00016696688230081365,-4.390921765467863e-06,-0.00016155974652388405,-1.2300664063598598e-09,-2.0723692436284025e-08,-2.1302248744899235e-07,-2.1601830013937933e-13,-2.7705144561595894e-15,-2.1324778568321975e-13,-7.934838476711513e-14,-7.329155334950686e-14,-6.056831417608296e-15,-1.7971087636486504e-07,-0.0002804057285125238,-1.465779669795753e-11,-2.0511270421943966e-13,-1.0206176352833123e-11,-7.339832635512347e-08,-1.081246420981883e-06
74778,Disposal,-5.232322529153296e-08,-2.3303858267633186e-05,-4.503628944436765e-09,-2.3294505433020426e-05,-4.84920566832092e-09,-0.0001757656716473925,-0.0001713373510993236,-4.428320548068903e-06,-0.00016182208210697085,-1.233762278562068e-09,-2.0965088839423426e-08,-2.1404721900928378e-07,-2.529150975403505e-13,-2.8773358263146847e-15,-2.5003776171403583e-13,-8.270434492354075e-14,-7.652016329170896e-14,-6.18418163183182e-15,-1.8028904259440047e-07,-0.0002806641552065602,-1.4753766551102837e-11,-2.064535965294092e-13,-1.17980879701122e-11,-7.379505854743981e-08,-1.107236519402936e-06
74779,Disposal,-5.2393672237298054e-08,-2.3559989491214943e-05,-4.533418558216997e-09,-2.3550599816514555e-05,-4.856256142166549e-09,-0.00017711758189439375,-0.00017267779099325883,-4.439790901134949e-06,-0.00016190254145753027,-1.2348958170384016e-09,-2.1039126061501495e-08,-2.1436150819136363e-07,-2.6423148977991285e-13,-2.9100983588213874e-15,-2.613213914210915e-13,-8.37336310444401e-14,-7.751039060324108e-14,-6.223240441199046e-15,-1.8046636844092282e-07,-0.0002807434156855419,-1.4783200880851385e-11,-2.0686485345140508e-13,-1.228633349657548e-11,-7.391673786430636e-08,-1.1152077843580275e-06
74780,Disposal,-5.21795445056514e-08,-2.2781463221356097e-05,-4.442871234183082e-09,-2.2772185524319348e-05,-4.834825802565555e-09,-0.00017300836933114723,-0.00016860344325852325,-4.404926072624019e-06,-0.00016165798041889418,-1.231450358615252e-09,-2.0814085468913424e-08,-2.1340620730629406e-07,-2.2983463446752684e-13,-2.810514669387167e-15,-2.2702411979813962e-13,-8.060505393027393e-14,-7.4500535090981e-14,-6.104518839292952e-15,-1.7992737585769895e-07,-0.00028050249868922297,-1.4693733464015275e-11,-2.0561481328465878e-13,-1.080228183283369e-11,-7.354688625717168e-08,-1.0909786447601255e-06
74783,Disposal,-5.238200225859094e-08,-2.3517559746490558e-05,-4.52848372172788e-09,-2.35081761745819e-05,-4.855088186923636e-09,-0.00017689362947708047,-0.0001724557387119215,-4.437890765159002e-06,-0.00016188921286112886,-1.2347080392754507e-09,-2.1026861330989743e-08,-2.1430944421580138e-07,-2.6235685838116664e-13,-2.904671039686514e-15,-2.594521873414802e-13,-8.356312333847831e-14,-7.734635323419299e-14,-6.216770104285355e-15,-1.8043699330150889e-07,-0.0002807302856897417,-1.477832489939196e-11,-2.0679672616113405e-13,-1.2205452560776384e-11,-7.389658092178022e-08,-1.113887294288737e-06
74784,Disposal,-5.246632727623789e-08,-2.3824148906799767e-05,-4.564141899388139e-09,-2.3814721237293897e-05,-4.863527606475402e-09,-0.0001785118664949864,-0.0001740602457133703,-4.451620781616158e-06,-0.000161985522730664,-1.2360648852108166e-09,-2.111548391058436e-08,-2.14685648471888e-07,-2.759025836775191e-13,-2.943887802056866e-15,-2.729586958754623e-13,-8.479517916951498e-14,-7.853165565735102e-14,-6.263523512164005e-15,-1.806492523991158e-07,-0.0002808251605095972,-1.481355780194744e-11,-2.0728900083433811e-13,-1.278988261928241e-11,-7.404223110477404e-08,-1.1234289011065549e-06
74785,Disposal,-5.2120436895400315e-08,-2.2566559588953246e-05,-4.417876639148062e-09,-2.255731280212157e-05,-4.828910192518491e-09,-0.00017187406630201856,-0.0001674787642826606,-4.39530201935802e-06,-0.0001615904720282568,-1.230499277631739e-09,-2.0751965483169025e-08,-2.1314250698147862e-07,-2.203397600669398e-13,-2.7830256848582675e-15,-2.1755673438208154e-13,-7.974144455430687e-14,-7.36696975102405e-14,-6.0717470440663995e-15,-1.797785928705892e-07,-0.0002804359961964735,-1.4669036965510138e-11,-2.0526975341592506e-13,-1.039262565865034e-11,-7.344479278017486e-08,-1.0842904566909816e-06
74786,Disposal,-5.2408446986164705e-08,-2.3613707568900646e-05,-4.539666296251025e-09,-2.3604310167775256e-05,-4.857734829132021e-09,-0.00017740111632122762,-0.00017295891975744658,-4.442196563781102e-06,-0.0001619194160953954,-1.2351335526298687e-09,-2.105465379447995e-08,-2.1442742366415387e-07,-2.666048624165866e-13,-2.916969603341147e-15,-2.6368789281324553e-13,-8.394950192121214e-14,-7.771806972530802e-14,-6.23143219590415e-15,-1.805035587665144e-07,-0.0002807600388855868,-1.4789374105614645e-11,-2.0695110584568806e-13,-1.2388732613533903e-11,-7.394225751358916e-08,-1.1168795876786964e-06
74787,Disposal,-5.2532760274513665e-08,-2.4065686207668966e-05,-4.592234151499356e-09,-2.4056223797161177e-05,-4.870176356279148e-09,-0.00017978674718899858,-0.00017532430961558,-4.462437573418603e-06,-0.0001620613976438903,-1.237133836587288e-09,-2.1185302617318023e-08,-2.1498202998941787e-07,-2.865741870802513e-13,-2.9747835810276885e-15,-2.835994034992236e-13,-8.576581831294922e-14,-7.946546149613072e-14,-6.300356816818534e-15,-1.8081647451965386e-07,-0.00028089990486091496,-1.4841315013508522e-11,-2.0767682503442416e-13,-1.3250308743728572e-11,-7.415697734053771e-08,-1.1309459769040374e-06
74788,Disposal,-5.2120582276106284e-08,-2.256708816457423e-05,-4.4179381156966144e-09,-2.2557841301716007e-05,-4.828924742515711e-09,-0.00017187685622660617,-0.00016748153053598738,-4.395325690618829e-06,-0.00016159063807146928,-1.230501616904537e-09,-2.0752118273094785e-08,-2.1314315557713701e-07,-2.2036311360022502e-13,-2.7830932965915133e-15,-2.1758002030363356e-13,-7.974356868248975e-14,-7.367174103312221e-14,-6.071827649367571e-15,-1.7977895881628742e-07,-0.0002804361597655859,-1.4669097708862344e-11,-2.052706021230053e-13,-1.0393633246396704e-11,-7.344504388864798e-08,-1.0843069069162402e-06
74790,Disposal,-5.231431176875862e-08,-2.327145045392567e-05,-4.4998597192704286e-09,-2.326210228062159e-05,-4.848313584803168e-09,-0.00017559461692465538,-0.00017116774769931133,-4.426869225344069e-06,-0.00016181190173299108,-1.2336188540187515e-09,-2.0955721045575517e-08,-2.1400745257580997e-07,-2.514832551963661e-13,-2.8731904431973286e-15,-2.486100647531688e-13,-8.257411123944955e-14,-7.639487164709232e-14,-6.179239592357252e-15,-1.8026660588044086e-07,-0.00028065412652360125,-1.475004227937307e-11,-2.06401560945744e-13,-1.1736311159601245e-11,-7.377966268676371e-08,-1.1062279298757974e-06
74792,Disposal,-5.2312608339245385e-08,-2.326525711962607e-05,-4.499139396951982e-09,-2.3255909837127002e-05,-4.848143102107283e-09,-0.000175561927305695,-0.00017113533543712956,-4.426591868565465e-06,-0.00016180995620035133,-1.233591444698532e-09,-2.095393080204124e-08,-2.1399985296361062e-07,-2.512096212394242e-13,-2.87239823476027e-15,-2.4833722300466395e-13,-8.254922277428109e-14,-7.637092763633427e-14,-6.1782951379468415e-15,-1.8026231808517673e-07,-0.0002806522099800568,-1.4749330547935303e-11,-2.063916166228093e-13,-1.172450522776917e-11,-7.377672044225261e-08,-1.1060351821585637e-06
74793,Disposal,-5.2421918596942054e-08,-2.366268769308555e-05,-4.545362981574947e-09,-2.3653283247008583e-05,-4.859083095382782e-09,-0.00017765964291107088,-0.00017321525286494212,-4.4443900461287954e-06,-0.00016193480238421693,-1.2353503198578652e-09,-2.1068811975903436e-08,-2.144875253688698e-07,-2.687689027450862e-13,-2.923234801657658e-15,-2.6584566794342857e-13,-8.414633291010311e-14,-7.790743147516375e-14,-6.238901434939392e-15,-1.8053746889220074e-07,-0.000280775195913493,-1.4795002849764705e-11,-2.070297507482094e-13,-1.2482100092064933e-11,-7.396552632075571e-08,-1.1184039373536455e-06
74794,Disposal,-5.193536198722194e-08,-2.1893663664634833e-05,-4.339614764553376e-09,-2.1884513662351602e-05,-4.810387518676176e-09,-0.00016832239117811048,-0.00016395722353175355,-4.365167646356941e-06,-0.00016137909300032087,-1.227521298570395e-09,-2.0557458369637492e-08,-2.123168211993179e-07,-1.9060986572018722e-13,-2.6969534977745523e-15,-1.8791291222241267e-13,-7.703735238613895e-14,-7.106821881209158e-14,-5.9691335740474e-15,-1.7931273073268735e-07,-0.0002802277667876555,-1.4591708476441643e-11,-2.0418931854043858e-13,-9.109929936396966e-12,-7.312512259218152e-08,-1.0633487236803198e-06
74797,Disposal,-5.231253592848144e-08,-2.3264993848346288e-05,-4.499108776906389e-09,-2.3255646603714284e-05,-4.8481358550905134e-09,-0.00017556053770884732,-0.0001711339576303889,-4.4265800784584685e-06,-0.00016180987349807122,-1.2335902795609076e-09,-2.0953854700916452e-08,-2.1399952991312875e-07,-2.5119798938515136e-13,-2.8723645589212165e-15,-2.4832562482623014e-13,-8.254816479520879e-14,-7.63699098048964e-14,-6.178254990312417e-15,-1.8026213581609644e-07,-0.00028065212851006874,-1.4749300293077833e-11,-2.0639119390146102e-13,-1.1724003371639321e-11,-7.377659537093555e-08,-1.106026988682201e-06
74800,Disposal,-5.2205320922424226e-08,-2.2875181197286434e-05,-4.453771202832701e-09,-2.286589002052473e-05,-4.837405558867509e-09,-0.0001735030309745685,-0.00016909390791940745,-4.409123055161031e-06,-0.000161687420357429,-1.2318651184018784e-09,-2.084117556163867e-08,-2.1352120517960847e-07,-2.3397528300187865e-13,-2.8225024239058972e-15,-2.3115278057797277e-13,-8.098166795864164e-14,-7.486285756791287e-14,-6.118810390728799e-15,-1.799922590811647e-07,-0.0002805314999627012,-1.470450343484634e-11,-2.057652914878931e-13,-1.098093003455352e-11,-7.35914085107644e-08,-1.0938953169516248e-06
74801,Disposal,-5.231771055914921e-08,-2.3283807786553627e-05,-4.5012969519560535e-09,-2.3274457835858995e-05,-4.848653742669424e-09,-0.00017565984132163326,-0.0001712324186964881,-4.427422625145214e-06,-0.00016181578358286474,-1.2336735428294428e-09,-2.0959293052796166e-08,-2.1402261580311986e-07,-2.520292269880794e-13,-2.874771107617144e-15,-2.4915445588046226e-13,-8.262377028057473e-14,-7.64426462529946e-14,-6.181124027580155e-15,-1.8027516116096608e-07,-0.00028065795053259677,-1.475146237098977e-11,-2.0642140248833136e-13,-1.1759867102099178e-11,-7.378553323925409e-08,-1.1066125123220063e-06
74802,Disposal,-5.175650745741349e-08,-2.124338381125783e-05,-4.263983276091039e-09,-2.1234327340588755e-05,-4.792487392973184e-09,-0.000164890088060571,-0.0001605540419691954,-4.336046091375615e-06,-0.0001611748184337416,-1.2246434095575702e-09,-2.0369488651443423e-08,-2.1151888676405912e-07,-1.6187919484221683e-13,-2.6137742018777456e-15,-1.5926542064033902e-13,-7.442414491216701e-14,-6.855417596347541e-14,-5.86996894869163e-15,-1.7886252624818918e-07,-0.00028002653598131316,-1.451697900236397e-11,-2.0314519714361724e-13,-7.870345691568744e-12,-7.281619653769862e-08,-1.0431108435275648e-06
74806,Disposal,-5.179215611671613e-08,-2.137299531715166e-05,-4.279057879835394e-09,-2.13639202040884e-05,-4.7960551834191065e-09,-0.00016557420271280592,-0.0001612323522149498,-4.341850497856145e-06,-0.00016121553372586183,-1.2252170203296253e-09,-2.0406954118212928e-08,-2.1167792826476275e-07,-1.676056916704598e-13,-2.6303532082000025e-15,-1.649753384622598e-13,-7.494500028567365e-14,-6.905526619070385e-14,-5.889734094969823e-15,-1.7895225943136089e-07,-0.00028006664460178914,-1.4531873819756144e-11,-2.0335330776841237e-13,-8.117415287558988e-12,-7.287777059834872e-08,-1.0471445870136584e-06
74807,Disposal,-5.188943773885713e-08,-2.1726692140206004e-05,-4.320194964204654e-09,-2.1717566153915452e-05,-4.805791326343637e-09,-0.0001674410831061147,-0.0001630833929641026,-4.357690142012129e-06,-0.0001613266416816976,-1.2267823466974238e-09,-2.0509193626034673e-08,-2.1211193659716158e-07,-1.8323272818556268e-13,-2.6755956565855922e-15,-1.8055713252897708e-13,-7.636636245263268e-14,-7.042269125232961e-14,-5.9436712003031115e-15,-1.7919713230427077e-07,-0.00028017609701144676,-1.4572520285170276e-11,-2.0392122082772205e-13,-8.791643478740204e-12,-7.304580004515054e-08,-1.0581522691342273e-06
74808,Disposal,-5.200221963827305e-08,-2.213674491937972e-05,-4.3678865878586405e-09,-2.2127559954023257e-05,-4.817078768594774e-09,-0.00016960542115996134,-0.0001652293675787439,-4.376053581217481e-06,-0.0001614554529208977,-1.2285970828940536e-09,-2.062772337126006e-08,-2.126150972457302e-07,-2.0134968410824129e-13,-2.7280467686338444e-15,-1.9862163733960744e-13,-7.801419604565417e-14,-7.200799372123326e-14,-6.0062023244209596e-15,-1.7948102176986972e-07,-0.00028030298891954983,-1.461964311755176e-11,-2.0457962178899728e-13,-9.573299195078499e-12,-7.32406023084254e-08,-1.0709138501029838e-06
74811,Disposal,-5.1698357026597075e-08,-2.1031960294807844e-05,-4.239393439635221e-09,-2.1022934233788813e-05,-4.786667579393893e-09,-0.00016377415375803348,-0.00015944757586950424,-4.326577888529303e-06,-0.00016110840326346803,-1.2237077302313779e-09,-2.0308374627073273e-08,-2.1125945676123363e-07,-1.525380789588895e-13,-2.586730369683023e-15,-1.4995134858920644e-13,-7.357452069193115e-14,-6.773679283711826e-14,-5.8377278548129176e-15,-1.787161526296004e-07,-0.0002799611104195739,-1.4492682435109255e-11,-2.028057251206563e-13,-7.46732342566803e-12,-7.271575634656768e-08,-1.0365309629343578e-06
74812,Disposal,-5.1911340887872386e-08,-2.180632767722813e-05,-4.32945705985194e-09,-2.179719023673015e-05,-4.8079834381178496e-09,-0.0001678614149072131,-0.0001635001584380915,-4.361256469121626e-06,-0.00016135165785700277,-1.2271347830151665e-09,-2.0532213052785396e-08,-2.1220965442884636e-07,-1.867511862655588e-13,-2.685782083034858e-15,-1.8406540418252395e-13,-7.668638494673158e-14,-7.073056970082601e-14,-5.9558152459056225e-15,-1.7925226591437202e-07,-0.000280200740437266,-1.4581671916992563e-11,-2.0404908757266323e-13,-8.943447285222005e-12,-7.308363220636713e-08,-1.060630670465261e-06
74815,Disposal,-5.209501636642424e-08,-2.2474135550976495e-05,-4.407127163325336e-09,-2.2464902057758978e-05,-4.826366054192245e-09,-0.00017138623431393565,-0.0001669950713305474,-4.391162983388263e-06,-0.00016156143855874182,-1.2300902443178006e-09,-2.072524941579799e-08,-2.130290968517255e-07,-2.1625628031198032e-13,-2.7712034419225194e-15,-2.1348507687005778e-13,-7.937003033078258e-14,-7.331237751868763e-14,-6.057652812094987e-15,-1.7971460547169244e-07,-0.00028040739533548905,-1.465841569266235e-11,-2.0512135282327096e-13,-1.0216444002822594e-11,-7.340088523291923e-08,-1.0814140541789038e-06
74816,Disposal,-5.188521757278138e-08,-2.1711348447318226e-05,-4.318410399719709e-09,-2.1702224667954976e-05,-4.805368963525516e-09,-0.000167360096120804,-0.00016300309311709663,-4.357003003707403e-06,-0.0001613218217165732,-1.226714441402575e-09,-2.0504758382326608e-08,-2.120931089172702e-07,-1.8255481299547638e-13,-2.6736329976407792e-15,-1.7988117999783562e-13,-7.630470245697936e-14,-7.036337109782144e-14,-5.941331359157966e-15,-1.791865094942437e-07,-0.00028017134886543536,-1.4570757004186008e-11,-2.0389658423784896e-13,-8.76239484084623e-12,-7.30385107734925e-08,-1.0576747457784737e-06
74817,Disposal,-5.196531776320634e-08,-2.2002576967729727e-05,-4.3522820418550474e-09,-2.1993411300134106e-05,-4.81338555376215e-09,-0.00016889725670379577,-0.00016452721158087582,-4.37004512292e-06,-0.0001614133062973635,-1.2280033070421315e-09,-2.0588940819515064e-08,-2.124504646984143e-07,-1.95421874348783e-13,-2.710884933322159e-15,-1.9271098941546084e-13,-7.747503018929481e-14,-7.148928784774284e-14,-5.9857423415520015e-15,-1.7938813404899832e-07,-0.0002802614702949828,-1.4604224678224735e-11,-2.0436419511022513e-13,-9.317543956526181e-12,-7.317686363387468e-08,-1.0667383018190684e-06
74818,Disposal,-5.210451842050672e-08,-2.2508683148636746e-05,-4.41114525833516e-09,-2.249944468633928e-05,-4.8273170391222616e-09,-0.00017156858323115487,-0.0001671758730988591,-4.392710132295784e-06,-0.0001615722911101499,-1.2302431387235085e-09,-2.073523573501541e-08,-2.1307148893520377e-07,-2.177826626116112e-13,-2.775622531385898e-15,-2.1500704008022532e-13,-7.950886292715584e-14,-7.344594176857723e-14,-6.0629211585786266e-15,-1.797385236098825e-07,-0.00028041808618020495,-1.4662385866104428e-11,-2.0517682414956e-13,-1.0282299737909445e-11,-7.341729763287536e-08,-1.0824892376362766e-06
74819,Disposal,-5.188632289186692e-08,-2.1715367169872534e-05,-4.318877801511293e-09,-2.170624281248491e-05,-4.805479586111336e-09,-0.00016738130771744205,-0.00016302412474283567,-4.357182974606412e-06,-0.00016132308413121472,-1.2267322267259624e-09,-2.05059200331791e-08,-2.1209804014356484e-07,-1.827323682348984e-13,-2.674147044801761e-15,-1.800582211900966e-13,-7.632085205128125e-14,-7.037890785579688e-14,-5.941944195484414e-15,-1.791892917531535e-07,-0.0002801725924696711,-1.4571218831538323e-11,-2.0390303689693882e-13,-8.770055458250851e-12,-7.304041993321244e-08,-1.057799815661846e-06
74821,Disposal,-5.212704239846639e-08,-2.259057589745762e-05,-4.4206698813961854e-09,-2.25813256562915e-05,-4.829571284721974e-09,-0.00017200082903366909,-0.0001676044514892969,-4.396377544372253e-06,-0.000161598016350882,-1.230605564594213e-09,-2.0758907630796984e-08,-2.1317197650827378e-07,-2.2140084884550152e-13,-2.7860976847381046e-15,-2.1861475116076344e-13,-7.983795622778859e-14,-7.376254680940306e-14,-6.075409418385545e-15,-1.7979521994235473e-07,-0.0002804434281061361,-1.467179689432309e-11,-2.0530831518506472e-13,-1.0438406313681182e-11,-7.345620211938622e-08,-1.0850378874635929e-06
74822,Disposal,-5.1905844381687616e-08,-2.1786343463019254e-05,-4.327132774609951e-09,-2.177720889690806e-05,-4.807433336581477e-09,-0.00016775593435084266,-0.00016339557283700812,-4.360361513834575e-06,-0.00016134538014952844,-1.2270463405542737e-09,-2.0526436421241814e-08,-2.1218513253631648e-07,-1.8586824351682033e-13,-2.6832258407365424e-15,-1.8318501767608377e-13,-7.660607660308404e-14,-7.065330885604338e-14,-5.9527677470406935e-15,-1.792384303590964e-07,-0.0002801945562697596,-1.45793753521983e-11,-2.040169999329405e-13,-8.905352737236327e-12,-7.307413837933956e-08,-1.0600087257286897e-06
74825,Disposal,-5.174437153634817e-08,-2.1199259991864475e-05,-4.258851408449697e-09,-2.1190209867650746e-05,-4.791272805269852e-09,-0.00016465719398877239,-0.00016032312389930705,-4.334070089465396e-06,-0.00016116095767204706,-1.2244481344704265e-09,-2.0356734232166953e-08,-2.1146474405192332e-07,-1.5992971581978348e-13,-2.6081301884420577e-15,-1.5732158563134143e-13,-7.424682941635376e-14,-6.838358914301123e-14,-5.8632402733425695e-15,-1.7883197825987164e-07,-0.00028001288174966303,-1.451190833963247e-11,-2.0307434976352568e-13,-7.786235456479024e-12,-7.279523479736004e-08,-1.0417376308036473e-06
74826,Disposal,-5.183791000073636e-08,-2.153934743036886e-05,-4.298405638905792e-09,-2.1530248390404608e-05,-4.800634325340975e-09,-0.00016645224141235895,-0.0001621029411493192,-4.349300263039792e-06,-0.0001612677904667873,-1.2259532309263428e-09,-2.0455039814978775e-08,-2.1188205281025615e-07,-1.749554623728398e-13,-2.6516318185959646e-15,-1.7230383055424384e-13,-7.561350106009051e-14,-6.969839904867881e-14,-5.915102011411732e-15,-1.7906742902640095e-07,-0.00028011812269957364,-1.4550990828945146e-11,-2.0362041092394535e-13,-8.434521003762644e-12,-7.295679888397713e-08,-1.0523217643673222e-06
74827,Disposal,-5.1953182470237706e-08,-2.1958455431972285e-05,-4.3471504398144015e-09,-2.1949296110503545e-05,-4.8121710289200146e-09,-0.0001686643746854702,-0.00016429630546219213,-4.368069223278103e-06,-0.00016139944625303515,-1.2278080420614837e-09,-2.0576187060345766e-08,-2.1239632478844395e-07,-1.9347249622197394e-13,-2.7052412119933635e-15,-1.9076725500998057e-13,-7.729772387047574e-14,-7.131870985602908e-14,-5.9790140144466994e-15,-1.7935758764169723e-07,-0.0002802478167700098,-1.4599154277926262e-11,-2.04293351396852e-13,-9.23343807457624e-12,-7.31559029784146e-08,-1.065365160166013e-06
74837,Disposal,-5.3826311472188004e-08,-2.876878365820704e-05,-5.13923289168852e-09,-2.875864478771999e-05,-4.999637595345467e-09,-0.00020461060718980224,-0.00019993755028029759,-4.673056909504627e-06,-0.000163538797240848,-1.257947940559384e-09,-2.2544778691851052e-08,-2.2075302748945342e-07,-4.943664848989768e-13,-3.5763712396922756e-15,-4.907901136592847e-13,-1.0466563405341815e-13,-9.764807695079607e-14,-7.017557102622102e-15,-1.840725427374659e-07,-0.00028235529070343043,-1.538179000622062e-11,-2.1522835020307467e-13,-2.221550345382655e-11,-7.639126052138379e-08,-1.2773148395659044e-06
74839,Disposal,-5.4015055909303744e-08,-2.94550212672002e-05,-5.219046485078285e-09,-2.944478369319199e-05,-5.0185275231193425e-09,-0.0002082327023115998,-0.00020352891354694574,-4.703788764654017e-06,-0.00016375436733642994,-1.2609849647957224e-09,-2.274314234913913e-08,-2.2159508436103216e-07,-5.246858416892564e-13,-3.664150002693359e-15,-5.21021691686563e-13,-1.0742334096903115e-13,-1.0030113585210039e-13,-7.122205116930788e-15,-1.8454764164664418e-07,-0.0002825676487315669,-1.5460651707603592e-11,-2.1633020714533162e-13,-2.352363152191749e-11,-7.671726889436829e-08,-1.2986717898312315e-06
74844,Disposal,-5.367878186655637e-08,-2.823239506116313e-05,-5.076847646662122e-09,-2.8222333340984588e-05,-4.9848725318687556e-09,-0.0002017794442000747,-0.00019713040844075496,-4.649035759319748e-06,-0.00016337029971226827,-1.2555740905284769e-09,-2.2389730349348582e-08,-2.2009484481619545e-07,-4.70667758628535e-13,-3.507760124650824e-15,-4.67159998503884e-13,-1.025101087307909e-13,-9.55743483715167e-14,-6.935760359274236e-15,-1.8370118792681196e-07,-0.0002821893038451026,-1.532014879505563e-11,-2.143670982232139e-13,-2.1193022362726744e-11,-7.613644036650145e-08,-1.2606214604216705e-06
74846,Disposal,-5.37568511226148e-08,-2.8516239504115175e-05,-5.109860475832118e-09,-2.8506136957777274e-05,-4.9926858620566e-09,-0.0002032776301908926,-0.00019861588299432216,-4.661747196570411e-06,-0.00016345946470832165,-1.2568302770756701e-09,-2.2471778347107656e-08,-2.2044313986810592e-07,-4.832085765988988e-13,-3.5440675402755918e-15,-4.796645090586231e-13,-1.0365076289055869e-13,-9.667171758604362e-14,-6.979045304515094e-15,-1.8389770030598728e-07,-0.00028227714025251137,-1.5352767898710033e-11,-2.148228528567243e-13,-2.1734095713897298e-11,-7.627128530040598e-08,-1.2694552106734389e-06
74847,Disposal,-5.3689705905470744e-08,-2.827211271567898e-05,-5.0814670506213046e-09,-2.826204528279641e-05,-4.9859658319375954e-09,-0.00020198908167955084,-0.00019733826724009258,-4.650814439458315e-06,-0.00016338277635077956,-1.2557498656212356e-09,-2.2401211123799617e-08,-2.2014358088584503e-07,-4.724225644310116e-13,-3.5128405319864413e-15,-4.689097238990252e-13,-1.0266971766083916e-13,-9.572790054567806e-14,-6.941817115161137e-15,-1.8372868542052013e-07,-0.0002822015945774737,-1.532471310597216e-11,-2.1443087084771728e-13,-2.1268733425469496e-11,-7.615530888632284e-08,-1.2618575453593569e-06
74848,Disposal,-5.3614512907670445e-08,-2.7998725781409427e-05,-5.049670493096748e-09,-2.7988697670552776e-05,-4.978440363535695e-09,-0.0002005460924466614,-0.00019590752112467962,-4.638571321981798e-06,-0.00016329689640660422,-1.2545399599932224e-09,-2.232218597066636e-08,-2.198081178573187e-07,-4.603437802121159e-13,-3.477870768457962e-15,-4.568659094436581e-13,-1.0157108793056318e-13,-9.467096103965431e-14,-6.9001268909088925e-15,-1.8353941302776153e-07,-0.0002821169942735572,-1.5293295768172787e-11,-2.1399190730579018e-13,-2.0747594511657935e-11,-7.602543196254537e-08,-1.253349251611144e-06
74849,Disposal,-5.354710240565352e-08,-2.7753634469410844e-05,-5.021164887949401e-09,-2.7743641610739715e-05,-4.971693783166178e-09,-0.0001992524529929924,-0.00019462485762248866,-4.627595370503759e-06,-0.00016321990506007727,-1.2534552799277451e-09,-2.225133994243876e-08,-2.1950737534375193e-07,-4.495151534547085e-13,-3.44652038499368e-15,-4.460686330697148e-13,-1.0058616667705331e-13,-9.372341506081439e-14,-6.862751616238953e-15,-1.833697303792829e-07,-0.0002820411501241732,-1.5265130133405624e-11,-2.1359837661019227e-13,-2.028039361758136e-11,-7.59089973358065e-08,-1.2457215685867506e-06
74850,Disposal,-5.349509752533406e-08,-2.7564554964490045e-05,-4.9991737954672676e-09,-2.755458930166576e-05,-4.966489028800246e-09,-0.00019825445471450935,-0.00019363532691249908,-4.61912780201029e-06,-0.00016316050888823502,-1.252618486619547e-09,-2.21966846719861e-08,-2.1927536285375323e-07,-4.4116124090853647e-13,-3.4223346440297647e-15,-4.377389062645067e-13,-9.982633385604866e-14,-9.299241597680858e-14,-6.8339178792401e-15,-1.832388260607807e-07,-0.000281982638975411,-1.524340131636136e-11,-2.1329478123388937e-13,-1.991996422075694e-11,-7.581917203192323e-08,-1.239837073872579e-06
74853,Disposal,-5.3469189466471795e-08,-2.7470358363843262e-05,-4.988218159862057e-09,-2.7460406249585897e-05,-4.963896097489802e-09,-0.00019775726679705722,-0.00019314235741188783,-4.614909385169381e-06,-0.00016313091859773094,-1.252201608623652e-09,-2.216945622813002e-08,-2.1915977767769396e-07,-4.3699944577225494e-13,-3.4102856671516055e-15,-4.335891601051033e-13,-9.944779643165422e-14,-9.262824309187268e-14,-6.819553339781563e-15,-1.8317361147383718e-07,-0.0002819534895902587,-1.5232576342483295e-11,-2.1314353452721008e-13,-1.9740403649301814e-11,-7.57744223998496e-08,-1.2369055060179288e-06
74854,Disposal,-5.340306877304181e-08,-2.7229956541899548e-05,-4.960257970832304e-09,-2.722003900532491e-05,-4.957278603791246e-09,-0.000196488379380917,-0.0001918842359372711,-4.604143443645914e-06,-0.0001630554003762646,-1.2511376824410368e-09,-2.2099965742626844e-08,-2.1886478946449365e-07,-4.263780101105767e-13,-3.3795351307821597e-15,-4.2299847497979445e-13,-9.848172031135408e-14,-9.169882712102066e-14,-6.7828931903334565e-15,-1.830071754728469e-07,-0.0002818790966158729,-1.52049496189613e-11,-2.1275753350807542e-13,-1.92821420110827e-11,-7.566021559187624e-08,-1.2294237683695379e-06
74857,Disposal,-5.324531234333974e-08,-2.665638522622862e-05,-4.893548150255496e-09,-2.6646550188059417e-05,-4.9414900189276345e-09,-0.00019346095879471098,-0.00018888250165907276,-4.5784571356382464e-06,-0.0001628752225169898,-1.2485992759705477e-09,-2.19341693735544e-08,-2.1816098124796381e-07,-4.010364766000311e-13,-3.306167859850496e-15,-3.977303087401806e-13,-9.617677292418935e-14,-8.948134666726611e-14,-6.6954262569232515e-15,-1.8261007816596653e-07,-0.00028170160346773393,-1.513903540903532e-11,-2.1183657912176784e-13,-1.8188782033068915e-11,-7.538773117982718e-08,-1.211573196057748e-06
74858,Disposal,-5.3170304704128024e-08,-2.638367221928945e-05,-4.861829974564312e-09,-2.6373876406213284e-05,-4.933983101590889e-09,-0.00019202152668090658,-0.0001874552824821823,-4.566244198724303e-06,-0.00016278955427584144,-1.2473923528862034e-09,-2.1855339025672637e-08,-2.1782634517082e-07,-3.8898746784507536e-13,-3.2712843004394225e-15,-3.8571618354463584e-13,-9.508085143087863e-14,-8.842701262745304e-14,-6.6538388034256114e-15,-1.8242127234941324e-07,-0.0002816172117123975,-1.510769551825311e-11,-2.1139869767079263e-13,-1.7668927781078838e-11,-7.525817441622399e-08,-1.2030858761417603e-06
74865,Disposal,-5.2985191973631046e-08,-2.5710638780467923e-05,-4.783552106199404e-09,-2.570093977171929e-05,-4.9154566424138775e-09,-0.00018846912572879502,-0.00018393302206139907,-4.53610366739594e-06,-0.0001625781320500187,-1.2444137652384553e-09,-2.16607921622361e-08,-2.1700049064968205e-07,-3.5925149783119354e-13,-3.1851945234527057e-15,-3.5606630330774083e-13,-9.237620664843939e-14,-8.582500228534908e-14,-6.551204363090353e-15,-1.819553150068919e-07,-0.0002814089397493557,-1.5030351226163133e-11,-2.1031804199523934e-13,-1.6385969924283526e-11,-7.493843889972221e-08,-1.182139863432106e-06
74886,Disposal,-5.4222083715507694e-08,-3.0207733606146544e-05,-5.306591492482158e-09,-3.0197387767366335e-05,-5.03924728771817e-09,-0.0002122056639436714,-0.00020746816637864484,-4.737497565026525e-06,-0.00016399081935935308,-1.2643161806696602e-09,-2.29607211738531e-08,-2.225187099231196e-07,-5.579421856521639e-13,-3.760431752837165e-15,-5.54181753899327e-13,-1.1044818250405733e-13,-1.0321119228851917e-13,-7.23699021553818e-15,-1.8506876262059246e-07,-0.0002828005775392538,-1.554715261475783e-11,-2.1753879919176198e-13,-2.49584758453272e-11,-7.707485717243613e-08,-1.32209755340977e-06
74887,Disposal,-5.4347010602779383e-08,-3.066194316977839e-05,-5.359418817814331e-09,-3.065153200073547e-05,-5.051750225095499e-09,-0.00021460307006531852,-0.00020984523158289824,-4.7578384824202554e-06,-0.00016413350171567281,-1.2663263378441565e-09,-2.309201486722765e-08,-2.230760537340397e-07,-5.78010077060092e-13,-3.8185310949839206e-15,-5.741915459651082e-13,-1.1227346406593917e-13,-1.0496720902391647e-13,-7.306255042022737e-15,-1.8538322289702134e-07,-0.0002829411338801329,-1.559934989818125e-11,-2.1826810046346222e-13,-2.582430463581553e-11,-7.729063683664144e-08,-1.336233373034628e-06
74891,Disposal,-5.438664540181888e-08,-3.080604749487233e-05,-5.376179024276388e-09,-3.079561559889151e-05,-5.055716956526791e-09,-0.0002153636806266057,-0.00021059938870417115,-4.764291922434546e-06,-0.00016417876968514457,-1.2669640882707375e-09,-2.3133669624387638e-08,-2.232528788389004e-07,-5.843768957687837e-13,-3.8369639223808485e-15,-5.805399318464027e-13,-1.1285256012344662e-13,-1.0552432984824412e-13,-7.328230275202536e-15,-1.854829898097681e-07,-0.0002829857273415256,-1.5615910215052e-11,-2.1849948147338237e-13,-2.6099000907075348e-11,-7.735909594752119e-08,-1.3407181591549414e-06
74892,Disposal,-5.451221184762628e-08,-3.1262582367408956e-05,-5.429276797128487e-09,-3.1252084806709586e-05,-5.068283902225271e-09,-0.00021777336017939433,-0.0002129886232049988,-4.784736974395522e-06,-0.00016432218249846095,-1.2689845363698468e-09,-2.3265635470924058e-08,-2.2381307595065417e-07,-6.045475239976138e-13,-3.895360701940801e-15,-6.00652163295673e-13,-1.146871861461444e-13,-1.072893364457639e-13,-7.397849700380533e-15,-1.857990599538429e-07,-0.00028312700325534455,-1.566837472051931e-11,-2.192325163757173e-13,-2.696926227573407e-11,-7.757598028766208e-08,-1.3549263465806606e-06
74897,Disposal,-5.447900026418599e-08,-3.1141831589482915e-05,-5.415232749753954e-09,-3.113135139671385e-05,-5.0649600192964295e-09,-0.00021713601416695286,-0.000212356684788072,-4.779329378880837e-06,-0.00016428425065619816,-1.2684501397784735e-09,-2.323073128377971e-08,-2.236649071225856e-07,-5.992125119395966e-13,-3.879915098582924e-15,-5.953325968410139e-13,-1.1420193839669381e-13,-1.068225026231669e-13,-7.379435773526935e-15,-1.8571546126714424e-07,-0.00028308963661038034,-1.565449816862858e-11,-2.1903863297265529e-13,-2.6739083282658165e-11,-7.751861566040704e-08,-1.3511683649065731e-06
74901,Disposal,-5.444522280640256e-08,-3.1019023403867585e-05,-5.400949413394674e-09,-3.1008560874951665e-05,-5.061579502510533e-09,-0.00021648780875791572,-0.00021171397911166684,-4.773829646248831e-06,-0.00016424567251363585,-1.2679066378904296e-09,-2.319523238292624e-08,-2.2351421372538862e-07,-5.937865994748148e-13,-3.8642063258802185e-15,-5.899223931489347e-13,-1.1370842277130835e-13,-1.0634771466965061e-13,-7.36070810165778e-15,-1.8563043818729638e-07,-0.00028305163329521,-1.564038518161874e-11,-2.1884144609435994e-13,-2.650498239327316e-11,-7.746027362806e-08,-1.347346352999925e-06
74907,Disposal,-5.439417143845621e-08,-3.083341068218591e-05,-5.379361528816323e-09,-3.082297485047947e-05,-5.056470177605384e-09,-0.00021550810883337625,-0.00021074259150228154,-4.7655173310946464e-06,-0.00016418736537390793,-1.267085187234079e-09,-2.3141579219897196e-08,-2.2328645519729834e-07,-5.855858563798131e-13,-3.840464031822063e-15,-5.817453923479911e-13,-1.1296252152733791e-13,-1.0563011849450745e-13,-7.332403032830502e-15,-1.8550193400675465e-07,-0.0002829941949516147,-1.5619054763643522e-11,-2.185434171561672e-13,-2.6151161489486218e-11,-7.737209527611941e-08,-1.3415697508236266e-06
74910,Disposal,-5.4087819142566246e-08,-2.9719574056038454e-05,-5.249815577943137e-09,-2.9709298430644762e-05,-5.025809815736419e-09,-0.0002096290632124762,-0.00020491342695086283,-4.715636261613377e-06,-0.00016383747218120815,-1.2621557738871559e-09,-2.2819613906588027e-08,-2.2191970733537392e-07,-5.363743156078147e-13,-3.697989763511453e-15,-5.326763258443032e-13,-1.0848646989954017e-13,-1.0132392172406969e-13,-7.162548175470479e-15,-1.8473079794666328e-07,-0.00028264951528600733,-1.5491053834738542e-11,-2.16754986147757e-13,-2.4027930505295566e-11,-7.684294901321838e-08,-1.3069051490638475e-06
74912,Disposal,-5.371914019628413e-08,-2.8379130001374114e-05,-5.09391380960713e-09,-2.8369047175888767e-05,-4.988911675725293e-09,-0.0002025539396578728,-0.0001978983326514095,-4.655607006463334e-06,-0.00016341639404558947,-1.2562234830477708e-09,-2.243214551140142e-08,-2.202748978518876e-07,-4.77150803200202e-13,-3.526529442117489e-15,-4.736242737580845e-13,-1.0309977614930441e-13,-9.614163940039263e-14,-6.958136748911803e-15,-1.8380277607808638e-07,-0.00028223471135724353,-1.5337011419437794e-11,-2.1460270307847729e-13,-2.147273319661889e-11,-7.620614919401432e-08,-1.2651881160220092e-06
75085,Disposal,-5.171265885653871e-08,-4.760147785669235e-05,-6.593161178616978e-09,-4.759004097850558e-05,-4.843717008131016e-09,-0.0002717000296350951,-0.0002668325342097314,-4.867495425363575e-06,-0.0001468299834890674,-1.4612659868651352e-09,-2.4811044012207357e-08,-2.1408563643060022e-07,-1.229559776056127e-12,-5.634067687931678e-15,-1.2239257083681952e-12,-1.6874741528193036e-13,-1.5991920388265257e-13,-8.828211399277857e-15,-1.7147023411808345e-07,-0.00024869964379382414,-1.5632196221554045e-11,-2.1737254232523394e-13,-5.381075844721686e-11,-7.477898249454917e-08,-1.7249573705225e-06
75086,Disposal,-5.1944090402626405e-08,-4.844291738868459e-05,-6.691025696370585e-09,-4.843135948383946e-05,-4.866879148732342e-09,-0.0002761413105911016,-0.0002712361328856132,-4.905177705488232e-06,-0.00014709430767934916,-1.4649898752364288e-09,-2.505427029529849e-08,-2.1511813586031177e-07,-1.2667362657348976e-12,-5.741698806206962e-15,-1.260994566928691e-12,-1.7212881494006e-13,-1.6317228796170313e-13,-8.95652697835696e-15,-1.7205278307568953e-07,-0.00024896002946413475,-1.5728893564040357e-11,-2.1872359912781197e-13,-5.541473738246542e-11,-7.517872207336956e-08,-1.7511444841410685e-06
75087,Disposal,-5.151591901456321e-08,-4.6886170529948884e-05,-6.509966600853767e-09,-4.687483653646406e-05,-4.824026883950657e-09,-0.0002679244989080851,-0.00026308903717027325,-4.83546173781178e-06,-0.0001466052816266574,-1.4581003112168163e-09,-2.4604277470184153e-08,-2.1320790918003656e-07,-1.1979560607102778e-12,-5.542570527933007e-15,-1.1924134901823451e-12,-1.6587288911796321e-13,-1.5715375872850356e-13,-8.719130389459719e-15,-1.7097500953958552e-07,-0.00024847829006527855,-1.55499938589038e-11,-2.162240096107767e-13,-5.244721675384176e-11,-7.443916407783827e-08,-1.7026957182879367e-06
75098,Disposal,-5.803903581266444e-08,-7.060293878610219e-05,-9.268370502518614e-09,-7.058819354189775e-05,-5.4768737019001905e-09,-0.00039310619906505237,-0.00038720862665725094,-5.897572407801323e-06,-0.00015405550868048361,-1.5630616235343415e-09,-3.145984007516399e-08,-2.423098811792611e-07,-2.245810549078679e-12,-8.576255293422511e-15,-2.2372342937852566e-12,-2.6118083344929264e-13,-2.488450072225601e-13,-1.233582622673269e-14,-1.8739470233996297e-07,-0.000255817506212347,-1.827549982283666e-11,-2.5430482215802743e-13,-9.765687858773788e-11,-8.570620180691719e-08,-2.440804258920255e-06
75414,Disposal,-5.204424796367253e-08,-2.22895516350258e-05,-4.385658935089355e-09,-2.2280344691041684e-05,-4.8212850490202266e-09,-0.00017041196462546978,-0.00016602906788411428,-4.382896741355525e-06,-0.0001615034546011695,-1.2292733467606948e-09,-2.0671893639074742e-08,-2.1280260073322042e-07,-2.081009919219033e-13,-2.747592745569371e-15,-2.0535339917633394e-13,-7.862826343421889e-14,-7.259875880290622e-14,-6.029504631312674e-15,-1.7958681355826365e-07,-0.0002803502753585257,-1.463720350395535e-11,-2.0482497578628864e-13,-9.864584241409179e-12,-7.331319563192739e-08,-1.0756694702897722e-06
75415,Disposal,-5.243071093550754e-08,-2.369465490487115e-05,-4.54908096206716e-09,-2.3685245860858542e-05,-4.859963050538034e-09,-0.00017782837205145704,-0.00017338255041412834,-4.445821637328768e-06,-0.000161944844350454,-1.2354917944662062e-09,-2.1078052409479197e-08,-2.145267511559682e-07,-2.701812784106229e-13,-2.9273238260281675e-15,-2.6725395458459473e-13,-8.427479599615191e-14,-7.803101971146297e-14,-6.2437762846889645e-15,-1.805596005667837e-07,-0.0002807850882510315,-1.4798676487986867e-11,-2.0708107887970343e-13,-1.254303701310705e-11,-7.398071286629986e-08,-1.1193988145554763e-06
75416,Disposal,-5.198359809940637e-08,-2.2069040670698697e-05,-4.3600121733640535e-09,-2.2059865443438278e-05,-4.815215087049477e-09,-0.00016924806501150962,-0.0001648750434371892,-4.373021574320458e-06,-0.00016143418476076158,-1.2282974498785314e-09,-2.060815279948389e-08,-2.1253201985811722e-07,-1.983583743270861e-13,-2.719386509969418e-15,-1.9563898781711667e-13,-7.774212049579036e-14,-7.174624275150303e-14,-5.995877744287373e-15,-1.794341484795202e-07,-0.00028028203766220405,-1.4611862616786617e-11,-2.0447091250892893e-13,-9.444239191855127e-12,-7.320843830040925e-08,-1.0688067719526714e-06
75417,Disposal,-5.1716424217700266e-08,-2.1097649044173626e-05,-4.247033439342983e-09,-2.108861353495359e-05,-4.7884757806857114e-09,-0.00016412087171041134,-0.000159791352075315,-4.329519635096379e-06,-0.00016112903828812108,-1.2239984434206059e-09,-2.0327362599163572e-08,-2.1134006100393904e-07,-1.5544033992947445e-13,-2.5951328196316303e-15,-1.5284520710984282e-13,-7.38384967783916e-14,-6.799075169763035e-14,-5.847745080761284e-15,-1.787616305409827e-07,-0.0002799814379753698,-1.4500231316821386e-11,-2.029111982156431e-13,-7.592541419664666e-12,-7.27469628587487e-08,-1.0385753151161844e-06
75418,Disposal,-5.1712859948143104e-08,-2.108469006187939e-05,-4.245526231154416e-09,-2.1075656416586902e-05,-4.788119061327354e-09,-0.00016405247168986998,-0.00015972353239831867,-4.3289392915513275e-06,-0.0001611249674400428,-1.2239410919394423e-09,-2.032361667925343e-08,-2.1132415951450374e-07,-1.5486778604628761e-13,-2.5934751963527045e-15,-1.522743108499349e-13,-7.378641995452798e-14,-6.794065105773971e-14,-5.845768896788295e-15,-1.787526587238287e-07,-0.00027997742778430683,-1.4498742084260358e-11,-2.0289039063468517e-13,-7.567838593339166e-12,-7.274080648276766e-08,-1.0381720082488248e-06
75419,Disposal,-5.1820889680165186e-08,-2.147746489612549e-05,-4.291208325087223e-09,-2.1468374756903412e-05,-4.798930896984672e-09,-0.00016612561340120075,-0.00016177908443057302,-4.346528970627773e-06,-0.00016124835110111155,-1.2256793625841822e-09,-2.0437152066400288e-08,-2.1180611903380982e-07,-1.722213676362307e-13,-2.6437162333291865e-15,-1.695776514029015e-13,-7.536482058790102e-14,-6.945915537249715e-14,-5.905665215403918e-15,-1.7902458624988897e-07,-0.00028009897298703117,-1.4543879353455656e-11,-2.0352104927563735e-13,-8.316558538710457e-12,-7.29274005763932e-08,-1.0503958684548742e-06
75420,Disposal,-5.1893535325128464e-08,-2.1741590157061228e-05,-4.321927693865655e-09,-2.1732462027946238e-05,-4.8062014211252125e-09,-0.00016751971772693494,-0.00016316136040537744,-4.358357321557535e-06,-0.00016133132164513207,-1.226848279601231e-09,-2.0513500042749548e-08,-2.1213021740442345e-07,-1.838909525127952e-13,-2.6775013077384628e-15,-1.8121345120505671e-13,-7.642623145947836e-14,-7.04802883815332e-14,-5.945943077945207e-15,-1.7920744656199154e-07,-0.00028018070724184077,-1.4574232349535506e-11,-2.0394514181818173e-13,-8.820042554733438e-12,-7.305287759113755e-08,-1.0586159222492113e-06
75421,Disposal,-5.252902623863793e-08,-2.405210998846794e-05,-4.590655154917297e-09,-2.4042649530666653e-05,-4.8698026463617824e-09,-0.00017971508927241687,-0.00017525325968433236,-4.461829588084523e-06,-0.00016205713290113583,-1.2370737534525093e-09,-2.1181378279074874e-08,-2.1496537111132892e-07,-2.8597436242997786e-13,-2.9730470050777843e-15,-2.8300131542490005e-13,-8.571126106763376e-14,-7.941297456051933e-14,-6.298286507114449e-15,-1.8080707537444724e-07,-0.0002808957036642721,-1.4839754848733948e-11,-2.0765502638745376e-13,-1.322442932067936e-11,-7.415052773609312e-08,-1.1305234605125314e-06
75422,Disposal,-5.243407949891095e-08,-2.3706902338125487e-05,-4.550505412789504e-09,-2.369749153252947e-05,-4.860300183225835e-09,-0.00017789301637823794,-0.00017344664626274393,-4.446370115494045e-06,-0.00016194869167727297,-1.2355459969044562e-09,-2.1081592649216696e-08,-2.145417795298082e-07,-2.7072239462713017e-13,-2.928890432881123e-15,-2.677935041942491e-13,-8.432401339686178e-14,-7.807836943608857e-14,-6.245643960773237e-15,-1.8056807976131213e-07,-0.00028078887825137773,-1.4800083950083602e-11,-2.0710074396243756e-13,-1.2566383461905705e-11,-7.398653120929965e-08,-1.1197799767352562e-06
75423,Disposal,-5.233515171649325e-08,-2.334722040043905e-05,-4.508672223311203e-09,-2.3337861328926508e-05,-4.850399289227278e-09,-0.0001759945453897356,-0.00017156428295045164,-4.430262439283979e-06,-0.000161835703597532,-1.2339541827167586e-09,-2.0977623085781336e-08,-2.1410042708388792e-07,-2.5483092371848353e-13,-2.8828824100764986e-15,-2.5194804130840707e-13,-8.287859951400237e-14,-7.66878053604509e-14,-6.190794153551493e-15,-1.8031906324865452e-07,-0.00028067757373229795,-1.475874968161602e-11,-2.0652322090795837e-13,-1.1880746253879047e-11,-7.381565843613714e-08,-1.1085860270684986e-06
75424,Disposal,-5.2229939733807395e-08,-2.2964690347956005e-05,-4.464181659593715e-09,-2.295538629683674e-05,-4.839869459663809e-09,-0.0001739754776224171,-0.00016956234606900874,-4.413131553408392e-06,-0.0001617155381637288,-1.2322612515435118e-09,-2.086704905247461e-08,-2.1363103855860539e-07,-2.379299771771619e-13,-2.8339518146418263e-15,-2.350960253625201e-13,-8.134136844806e-14,-7.520890833199225e-14,-6.1324601160677684e-15,-1.8005422843301498e-07,-0.0002805591988041627,-1.4714789731922805e-11,-2.0590901179375847e-13,-1.1151555239012417e-11,-7.36339312932447e-08,-1.096681002921163e-06
75425,Disposal,-5.213944856913111e-08,-2.2635682291181424e-05,-4.425916028387796e-09,-2.262642556223347e-05,-4.830812919555764e-09,-0.00017223890932324774,-0.0001678405117742298,-4.3983975490179685e-06,-0.00016161218577190903,-1.2308051881781695e-09,-2.0771946072743145e-08,-2.132273249011475e-07,-2.23393739976667e-13,-2.7918673822781796e-15,-2.2060187259438888e-13,-8.001922028601033e-14,-7.393693235430238e-14,-6.082287931707988e-15,-1.7982644819066743e-07,-0.0002804573863979901,-1.4676980473459083e-11,-2.0538074023495034e-13,-1.0524389563370798e-11,-7.347763064769244e-08,-1.0864416796702324e-06
75426,Disposal,-5.204134478078678e-08,-2.2278996233698844e-05,-4.38443127793601e-09,-2.2269790807928344e-05,-4.8209944925627005e-09,-0.00017035625117118816,-0.000165973827133544,-4.382424037644198e-06,-0.00016150013879795042,-1.2292266326062476e-09,-2.0668842497627642e-08,-2.127896485893811e-07,-2.076346330766543e-13,-2.7462425717238723e-15,-2.0488839050493043e-13,-7.858584561442155e-14,-7.255795063226632e-14,-6.027894982155267e-15,-1.7957950579839933e-07,-0.0002803470089618978,-1.4635990488380985e-11,-2.0480802751344843e-13,-9.844463197961838e-12,-7.330818111630234e-08,-1.075340967190822e-06
75427,Disposal,-5.1937220206823126e-08,-2.190041978521558e-05,-4.340400542327514e-09,-2.1891268811180168e-05,-4.8105734930794e-09,-0.00016835805129215422,-0.00016399258108569813,-4.365470206456153e-06,-0.0001613812153228813,-1.2275511985666622e-09,-2.0559411292021687e-08,-2.123251113858155e-07,-1.909083647061383e-13,-2.6978176939356087e-15,-1.8821054701220268e-13,-7.706450245807335e-14,-7.10943386073493e-14,-5.970163850724079e-15,-1.793174081585179e-07,-0.0002802298574868908,-1.459248488268456e-11,-2.0420016650077634e-13,-9.122808669429473e-12,-7.312833219749803e-08,-1.0635589863201676e-06
75428,Disposal,-5.184228279638099e-08,-2.1555246054315848e-05,-4.300254745236503e-09,-2.1546144727606967e-05,-4.801071963637284e-09,-0.000166536157431369,-0.00016218614517848515,-4.350012252883849e-06,-0.00016127278475424543,-1.2260235921330423e-09,-2.0459635466908425e-08,-2.1190156142559253e-07,-1.7565789553244237e-13,-2.6536654604791798e-15,-1.7300423007196318e-13,-7.567739109560119e-14,-6.975986461866256e-14,-5.91752647693867e-15,-1.7907843602863408e-07,-0.00028012304257045683,-1.4552817882020753e-11,-2.036459385384899e-13,-8.464827468981868e-12,-7.296435178468924e-08,-1.0528165581770367e-06
75429,Disposal,-5.1750576761328104e-08,-2.1221820968063654e-05,-4.2614753867295806e-09,-2.1212767598840094e-05,-4.791893836827035e-09,-0.00016477627519441185,-0.0001604411947542407,-4.33508044017118e-06,-0.00016116804482630957,-1.2245479806907653e-09,-2.0363255701833157e-08,-2.1149242779409817e-07,-1.6092650509212241e-13,-2.611016032291051e-15,-1.5831548905983135e-13,-7.433749270742397e-14,-6.847081199110777e-14,-5.866680716316212e-15,-1.7884759776985153e-07,-0.0002800198633029264,-1.4514501023193691e-11,-2.0311057477935602e-13,-7.829241910545243e-12,-7.280595275721423e-08,-1.0424397690139533e-06
75430,Disposal,-5.16501533074057e-08,-2.0856701063288468e-05,-4.219009728717929e-09,-2.0847700210306765e-05,-4.781843252977328e-09,-0.00016284910156150976,-0.0001585303723266335,-4.318729234876307e-06,-0.0001610533484999355,-1.222932100148166e-09,-2.0257714241104792e-08,-2.1104440261923606e-07,-1.4479477386807347e-13,-2.5643124223923426e-15,-1.4223046144568102e-13,-7.287022586977017e-14,-6.705922422513205e-14,-5.811001644638168e-15,-1.7859481642093582e-07,-0.000279906875990667,-1.4472541829290567e-11,-2.0252432025678186e-13,-7.133238675811616e-12,-7.263249658905894e-08,-1.0310765800179356e-06
75431,Disposal,-5.155209211755511e-08,-2.0500169885541348e-05,-4.177542991718142e-09,-2.049122031346029e-05,-4.772029089328298e-09,-0.0001609672608947161,-0.00015666449823521715,-4.3027626594989506e-06,-0.00016094135017886177,-1.2213542300145004e-09,-2.015465543548365e-08,-2.1060691635468333e-07,-1.2904250986605603e-13,-2.5187074229813096e-15,-1.265238024430746e-13,-7.14374735961846e-14,-6.568084128266649e-14,-5.756632313518129e-15,-1.7834798125565798e-07,-0.000279796546482515,-1.4431569642828118e-11,-2.0195185621782003e-13,-6.453607547105616e-12,-7.246312063581422e-08,-1.019980687674822e-06
75432,Disposal,-5.173899143371611e-08,-2.1179698998053034e-05,-4.256576346305177e-09,-2.117065168735308e-05,-4.7907343536381705e-09,-0.0001645539472716974,-0.00016022075318439298,-4.333194087304463e-06,-0.00016115481291219952,-1.2243615650205541e-09,-2.0351079936596762e-08,-2.1144074147754096e-07,-1.5906547179880703e-13,-2.605628081566337e-15,-1.5645984371724067e-13,-7.416822182154529e-14,-6.83079645079436e-14,-5.860257313601737e-15,-1.7881843571032257e-07,-0.0002800068285488187,-1.4509660410879373e-11,-2.030429416673413e-13,-7.748947664744552e-12,-7.278594202808761e-08,-1.0411288574480392e-06
75433,Disposal,-5.2049942906823085e-08,-2.2310257326969406e-05,-4.3880671325649576e-09,-2.2301047404826306e-05,-4.821855010532387e-09,-0.0001705212532811767,-0.00016613742927451653,-4.383824006660196e-06,-0.00016150995894883695,-1.2293649822050934e-09,-2.0677878820776808e-08,-2.12828007924481e-07,-2.0901581100701425e-13,-2.750241274303548e-15,-2.0626556973271067e-13,-7.871147110036414e-14,-7.267880894821851e-14,-6.0326621521456765e-15,-1.7960114861004057e-07,-0.00028035668278920966,-1.4639582980209034e-11,-2.048582218662372e-13,-9.904054093317205e-12,-7.332303220872469e-08,-1.0763138687127872e-06
75434,Disposal,-5.250953824817247e-08,-2.3981255492380747e-05,-4.582414347554907e-09,-2.3971805225784608e-05,-4.867852248575359e-09,-0.00017934110550750574,-0.00017488244900419817,-4.458656503307619e-06,-0.00016203487514333627,-1.2367601786512299e-09,-2.1160897097637177e-08,-2.148784281712589e-07,-2.828438683869378e-13,-2.963983788579458e-15,-2.7987988459835835e-13,-8.542652596815616e-14,-7.913904443911813e-14,-6.287481529038056e-15,-1.807580210915571e-07,-0.00028087377755460323,-1.4831612324863436e-11,-2.075412589148165e-13,-1.3089364215142389e-11,-7.411686715164642e-08,-1.1283183409895296e-06
75435,Disposal,-5.243134769570098e-08,-2.369697003955446e-05,-4.54935022626346e-09,-2.36875606625494e-05,-4.860026778795392e-09,-0.00017784059178108544,-0.00017339466646482276,-4.445925316262721e-06,-0.0001619455716113887,-1.2355020403636204e-09,-2.1078721621683365e-08,-2.1452959197238975e-07,-2.702835657139722e-13,-2.9276199620254063e-15,-2.673559457519468e-13,-8.428409957095322e-14,-7.803997023909187e-14,-6.244129331861388e-15,-1.8056120339056982e-07,-0.00028078580467553197,-1.4798942540819974e-11,-2.0708479617410648e-13,-1.2547450196851223e-11,-7.39818127088055e-08,-1.1194708657162419e-06
75436,Disposal,-5.234943910608077e-08,-2.33991665357484e-05,-4.514713873706659e-09,-2.3389799992674403e-05,-4.8518292002832535e-09,-0.00017626872716123055,-0.00017183613841239293,-4.432588748837661e-06,-0.00016185202160926294,-1.2341840763714508e-09,-2.0992638621576674e-08,-2.1416416827151153e-07,-2.571260083796565e-13,-2.8895269999975194e-15,-2.54236481379659e-13,-8.308734968260961e-14,-7.688863398724829e-14,-6.198715695361346e-15,-1.8035502681564364e-07,-0.00028069364860012656,-1.4764719276632496e-11,-2.066066281841903e-13,-1.1979767637633728e-11,-7.384033629528257e-08,-1.1102026843512512e-06
75437,Disposal,-5.2269864324708426e-08,-2.3109848299197524e-05,-4.4810644091630366e-09,-2.3100523369594302e-05,-4.843865194054961e-09,-0.00017474164942674804,-0.00017032201724866846,-4.419632178079607e-06,-0.00016176113711227597,-1.2329036649149746e-09,-2.0909008370523298e-08,-2.1380915652926943e-07,-2.4434334720666935e-13,-2.8525194145995823e-15,-2.414908277920698e-13,-8.192469859602765e-14,-7.577010257373812e-14,-6.154596022289565e-15,-1.8015472479665e-07,-0.0002806041183129305,-1.4731471130397844e-11,-2.061420845577737e-13,-1.1428259966117369e-11,-7.370289094641708e-08,-1.1011985797847078e-06
75438,Disposal,-5.2140204552443095e-08,-2.2638430897648365e-05,-4.426235707979918e-09,-2.262917377336047e-05,-4.830888579905706e-09,-0.0001722534170009751,-0.0001678548963608081,-4.398520640167008e-06,-0.00016161304920077248,-1.2308173524553046e-09,-2.077274058418362e-08,-2.132306976148146e-07,-2.2351517893462436e-13,-2.792218964984349e-15,-2.2072295996964003e-13,-8.003026580575867e-14,-7.394755872446591e-14,-6.0827070812927856e-15,-1.7982835111746287e-07,-0.00028045823696147104,-1.4677296340411836e-11,-2.05385153533023e-13,-1.0529629044886271e-11,-7.347893641804153e-08,-1.0865272212535617e-06
75439,Disposal,-5.1770965964650056e-08,-2.1295952096645476e-05,-4.270097286311614e-09,-2.128688806492933e-05,-4.793934429832074e-09,-0.00016516755366077792,-0.0001608291533980325,-4.338400262745434e-06,-0.00016119133188353957,-1.2248760566096886e-09,-2.03846840257718e-08,-2.1158339136910799e-07,-1.6420176734426868e-13,-2.6204983729286242e-15,-1.6158126897134006e-13,-7.463539524624318e-14,-6.875740988077503e-14,-5.8779853654681755e-15,-1.7889892054473858e-07,-0.0002800428033751155,-1.4523020094210478e-11,-2.0322960337469205e-13,-7.970553037691743e-12,-7.284116995938991e-08,-1.04474686324121e-06
75440,Disposal,-5.1832033794120094e-08,-2.1517982700155242e-05,-4.295920791284785e-09,-2.1508886733141343e-05,-4.800046222611899e-09,-0.00016633947422491373,-0.0001619911307409628,-4.348343483950994e-06,-0.00016126107909324283,-1.2258586788315415e-09,-2.0448864131852973e-08,-2.118558369374301e-07,-1.74011525652401e-13,-2.648898990249884e-15,-1.7136262666215115e-13,-7.55276449899944e-14,-6.961580099965848e-14,-5.911843990335947e-15,-1.7905263770647568e-07,-0.0002801115113277683,-1.4548535616709395e-11,-2.0358610665965438e-13,-8.39379487203601e-12,-7.294664922029662e-08,-1.0516568554864556e-06
75441,Disposal,-5.1899781401616544e-08,-2.1764299661300236e-05,-4.3245689468568375e-09,-2.175516826581219e-05,-4.806826541184553e-09,-0.00016763958289235954,-0.00016328020856854852,-4.359374323811043e-06,-0.00016133845545700029,-1.22694878314966e-09,-2.0520064445890692e-08,-2.121580833998804e-07,-1.8489430405245066e-13,-2.6804061502658087e-15,-1.8221389790218484e-13,-7.651749162369748e-14,-7.056808545294974e-14,-5.949406170747761e-15,-1.7922316890152892e-07,-0.00028018773475749567,-1.457684210178222e-11,-2.039816053179565e-13,-8.86333213769736e-12,-7.306366611166049e-08,-1.059322682919607e-06
75442,Disposal,-5.2062240582533374e-08,-2.235496925440188e-05,-4.393267400735925e-09,-2.2345752901214166e-05,-4.8230857869701125e-09,-0.0001707572515012057,-0.0001663714251553276,-4.385826345878125e-06,-0.00016152400445485987,-1.2295628600326655e-09,-2.0690803238403693e-08,-2.128828722823108e-07,-2.109912738246165e-13,-2.7559605144471697e-15,-2.0823531331016934e-13,-7.889114996068168e-14,-7.285166944947148e-14,-6.03948051121024e-15,-1.7963210375979052e-07,-0.0002803705190124352,-1.4644721227695366e-11,-2.0493001354159502e-13,-9.989285398751891e-12,-7.334427333938299e-08,-1.0777053844180302e-06
75443,Disposal,-5.225636837004113e-08,-2.3060779665422186e-05,-4.475357429637268e-09,-2.3051461793501123e-05,-4.842514491418102e-09,-0.0001744826556661296,-0.00017006522093413257,-4.417434731997084e-06,-0.00016174572301964332,-1.2326865059775063e-09,-2.0894824604541585e-08,-2.1374894621769804e-07,-2.4217539634657457e-13,-2.846242894749159e-15,-2.3932915345182537e-13,-8.172751192346903e-14,-7.558039863751183e-14,-6.147113285957226e-15,-1.8012075339363154e-07,-0.0002805889338954994,-1.4725832214819114e-11,-2.0606329753988973e-13,-1.1334723767775552e-11,-7.367958009132545e-08,-1.0996714755319039e-06
75444,Disposal,-5.234304763075775e-08,-2.3375928389974993e-05,-4.512011136500791e-09,-2.3366565189310073e-05,-4.851189528412308e-09,-0.0001761460717233146,-0.00017171452365094309,-4.431548072371537e-06,-0.00016184472173347663,-1.2340812332585166e-09,-2.0985921409456853e-08,-2.1413565359951625e-07,-2.5609930039452844e-13,-2.8865545373057394e-15,-2.532127458572227e-13,-8.299396512532867e-14,-7.679879313812257e-14,-6.195171987206134e-15,-1.803389384847746e-07,-0.00028068645749496226,-1.4762048773458872e-11,-2.0656931587150142e-13,-1.1935470341277174e-11,-7.382929663497325e-08,-1.1094794714042527e-06
75445,Disposal,-5.244436782239978e-08,-2.3744308656528333e-05,-4.554855994349138e-09,-2.373489247067438e-05,-4.8613298595998146e-09,-0.00017809045417767615,-0.00017364240889086572,-4.448045286810455e-06,-0.00016196044224810703,-1.2357115429108146e-09,-2.109240530947727e-08,-2.1458767944412184e-07,-2.723750809547283e-13,-2.9336751901063117e-15,-2.69441405764622e-13,-8.447433401700163e-14,-7.82229857682498e-14,-6.251348248751857e-15,-1.8059397706107632e-07,-0.000280800453734726,-1.4804382644694714e-11,-2.0716080539170975e-13,-1.263768858186044e-11,-7.400430169118819e-08,-1.120944128730526e-06
75446,Disposal,-5.253808479192726e-08,-2.4085045104570988e-05,-4.594485708548349e-09,-2.4075579909617602e-05,-4.870709244828928e-09,-0.00017988892719941085,-0.0001754256226743597,-4.46330452505117e-06,-0.00016206747891836556,-1.2372195116338164e-09,-2.1190898494810342e-08,-2.1500578457813307e-07,-2.874295020535881e-13,-2.9772598370662036e-15,-2.844522422165219e-13,-8.5843613763338e-14,-7.954030480560875e-14,-6.3033089577292825e-15,-1.8082987715262024e-07,-0.0002809058955223406,-1.4843539717498197e-11,-2.077079086338457e-13,-1.3287211291873622e-11,-7.416617410037585e-08,-1.1315484606398598e-06
75447,Disposal,-5.272401925104913e-08,-2.476106618687172e-05,-4.67311105795877e-09,-2.475150375786948e-05,-4.889317944280731e-09,-0.00018345709751293587,-0.00017896351866058624,-4.49357885234967e-06,-0.00016227983966254103,-1.2402113214447585e-09,-2.138630896566134e-08,-2.1583530512644375e-07,-3.172974721610544e-13,-3.0637317727184548e-15,-3.142337403883359e-13,-8.856026465703669e-14,-8.2153865657365e-14,-6.406398999671716e-15,-1.812979029130472e-07,-0.0002811150920194937,-1.4921227346421964e-11,-2.0879336141708503e-13,-1.4575864290178785e-11,-7.448732894565958e-08,-1.1525874541951566e-06
75448,Disposal,-5.265540906744118e-08,-2.4511613068829226e-05,-4.64409814833048e-09,-2.4502086519383556e-05,-4.8824512973336125e-09,-0.00018214043560146678,-0.00017765802803584025,-4.482407565626559e-06,-0.00016220147812741833,-1.2391073377000659e-09,-2.1314202114960717e-08,-2.1552921040148016e-07,-3.0627613204611264e-13,-3.0318234572289267e-15,-3.0324430858888367e-13,-8.755781509768316e-14,-8.118945652762966e-14,-6.368358570053529e-15,-1.8112520048065357e-07,-0.0002810378980977881,-1.4892560457510147e-11,-2.083928271906295e-13,-1.4100348781981915e-11,-7.436882217179118e-08,-1.1448240239113213e-06
75449,Disposal,-5.258346878068978e-08,-2.4250052351464662e-05,-4.613677051513738e-09,-2.4240563423046257e-05,-4.875251366879861e-09,-0.000180759867433817,-0.00017628917337088033,-4.4706940629367076e-06,-0.00016211931319197348,-1.2379497703684302e-09,-2.123859544488116e-08,-2.1520825888773988e-07,-2.947198538588341e-13,-2.998366421474761e-15,-2.9172148743735934e-13,-8.650671007272359e-14,-8.017823828435424e-14,-6.328471788369389e-15,-1.809441156641479e-07,-0.00028095695744771357,-1.486250217606943e-11,-2.0797285240569646e-13,-1.3601753380898323e-11,-7.424456348531407e-08,-1.1366837833315107e-06
75450,Disposal,-5.249906643386164e-08,-2.3943182037478967e-05,-4.57798617397676e-09,-2.393373724709692e-05,-4.866804208066107e-09,-0.00017914014643230722,-0.00017468319497676406,-4.456951455543194e-06,-0.00016202291500270165,-1.2365916801548162e-09,-2.114989159508101e-08,-2.148317096383417e-07,-2.811617066279818e-13,-2.9591136958729986e-15,-2.782025929321088e-13,-8.52735244006117e-14,-7.899184889473698e-14,-6.281675505874755e-15,-1.8073166191704464e-07,-0.0002808619956241154,-1.482723696363034e-11,-2.0748012629828624e-13,-1.3016787378266186e-11,-7.409877973567887e-08,-1.1271334265049393e-06
75451,Disposal,-5.199317650524252e-08,-2.2103865868301366e-05,-4.364062554929785e-09,-2.209468563203301e-05,-4.816173713418542e-09,-0.00016943187915503544,-0.0001650572980000184,-4.374581155017069e-06,-0.00016144512451556005,-1.2284515728350244e-09,-2.0618219361665433e-08,-2.12574752574251e-07,-1.998970215501035e-13,-2.723841108095155e-15,-1.9717318044200832e-13,-7.788206865224216e-14,-7.188088022878295e-14,-6.001188423459234e-15,-1.7945825880687054e-07,-0.0002802928144109503,-1.4615864691720947e-11,-2.045268295633735e-13,-9.51062409682661e-12,-7.322498257874743e-08,-1.0698905948201935e-06
75452,Disposal,-5.200032916791001e-08,-2.2129871541379133e-05,-4.367087172335849e-09,-2.212068756464033e-05,-4.8168895664696025e-09,-0.00016956914213852632,-0.00016519339636856015,-4.375745769966198e-06,-0.0001614532937638752,-1.228566663961457e-09,-2.062573655447787e-08,-2.1260666317697543e-07,-2.0104600445381388e-13,-2.727167573715607e-15,-1.9831883688009828e-13,-7.798657476434079e-14,-7.198142059780268e-14,-6.00515416653814e-15,-1.7947626316388887e-07,-0.00028030086193469835,-1.4618853236209977e-11,-2.0456858555436452e-13,-9.560196942203796e-12,-7.323733699805839e-08,-1.0706999382010572e-06
75453,Disposal,-5.204386589924426e-08,-2.2288162523994284e-05,-4.385497373056628e-09,-2.2278955779809985e-05,-4.82124681123391e-09,-0.00017040463262817766,-0.00016602179809553598,-4.38283453264174e-06,-0.00016150301823511507,-1.2292671990884974e-09,-2.0671492103016417e-08,-2.1280089620628375e-07,-2.080396182046457e-13,-2.7474150601052984e-15,-2.0529220314454044e-13,-7.862268116789017e-14,-7.259338836948963e-14,-6.029292798400578e-15,-1.7958585184306888e-07,-0.00028034984549447337,-1.463704386878246e-11,-2.0482274536112162e-13,-9.861936273553428e-12,-7.331253571206678e-08,-1.0756262386527643e-06
75454,Disposal,-5.2079317480865175e-08,-2.241705749424256e-05,-4.400488639362296e-09,-2.240783221072545e-05,-4.82479487774396e-09,-0.00017108496526638083,-0.00016669635841595407,-4.38860685042678e-06,-0.00016154350843951705,-1.2298376387488368e-09,-2.0708750448186394e-08,-2.129590584725121e-07,-2.1373445704794915e-13,-2.7639024121495203e-15,-2.1097055463579965e-13,-7.914065707912436e-14,-7.309170840276829e-14,-6.048948676356101e-15,-1.7967508895126726e-07,-0.0002803897323811142,-1.4651856342654885e-11,-2.0502970548095305e-13,-1.0107639986389718e-11,-7.337376937076727e-08,-1.07963768225913e-06
75455,Disposal,-5.219455100220553e-08,-2.2836023888001626e-05,-4.449216970420286e-09,-2.2826738343347892e-05,-4.836327683311702e-09,-0.00017329635110584002,-0.0001688889816368148,-4.407369469025251e-06,-0.00016167511974202317,-1.2316918231820165e-09,-2.0829856760428268e-08,-2.1347315668893454e-07,-2.3224523437791106e-13,-2.817493692052051e-15,-2.29427740685859e-13,-8.082431082578214e-14,-7.471147174092268e-14,-6.112839084859483e-15,-1.7996514952802485e-07,-0.0002805193826306316,-1.4700003518212055e-11,-2.0570241858132233e-13,-1.0906287119803436e-11,-7.357280619208777e-08,-1.092676670966677e-06
75456,Disposal,-5.172385120491917e-08,-2.1124652107304946e-05,-4.250174059257714e-09,-2.1115612714156986e-05,-4.789219088696725e-09,-0.00016426339911194073,-0.0001599326701956656,-4.330728916275181e-06,-0.00016113752084988096,-1.2241179486125547e-09,-2.0335168097274594e-08,-2.1137319546722905e-07,-1.5663338953034084e-13,-2.5985868644811753e-15,-1.5403480266585965e-13,-7.394701099120079e-14,-6.809514807005901e-14,-5.851862921141804e-15,-1.7878032541527988e-07,-0.00027998979414408607,-1.4503334480322162e-11,-2.0295455566528374e-13,-7.644015521846753e-12,-7.275979110447827e-08,-1.039415699071755e-06
75457,Disposal,-5.172732869496673e-08,-2.113729557638939e-05,-4.251644571347575e-09,-2.1128254364695056e-05,-4.789567122984976e-09,-0.00016433013379260123,-0.0001599988386624442,-4.331295130157073e-06,-0.00016114149258474844,-1.2241739037533655e-09,-2.033882281502182e-08,-2.1138870980203617e-07,-1.571920034057895e-13,-2.6002041294951164e-15,-1.545917992762944e-13,-7.399781989714618e-14,-6.814402890631497e-14,-5.853790990831255e-15,-1.7878907879500076e-07,-0.00027999370669875873,-1.4504787454438295e-11,-2.0297485664267458e-13,-7.668116906805347e-12,-7.276579759076098e-08,-1.039809186599805e-06
75458,Disposal,-5.175412596418282e-08,-2.1234725170794436e-05,-4.2629762237228846e-09,-2.1225669945522433e-05,-4.792249048279116e-09,-0.00016484438607779875,-0.00016050872774728186,-4.33565833051695e-06,-0.00016117209846630196,-1.2246050897386087e-09,-2.0366985787177534e-08,-2.1150826206555065e-07,-1.6149663870409797e-13,-2.6126666485475475e-15,-1.5888397205555042e-13,-7.438934939473577e-14,-6.852070084807289e-14,-5.8686485466628966e-15,-1.7885653166178757e-07,-0.0002800238565423098,-1.4515983960545133e-11,-2.0313129440354574e-13,-7.853840314315681e-12,-7.281208310926983e-08,-1.0428413710426433e-06
75459,Disposal,-5.180942242317177e-08,-2.1435772207635564e-05,-4.286359212705662e-09,-2.1426688065192307e-05,-4.7977832305438465e-09,-0.00016590555130956527,-0.00016156088946724217,-4.344661842323132e-06,-0.00016123525403862902,-1.2254948467491963e-09,-2.0425100389163932e-08,-2.1175495947278106e-07,-1.7037930086328507e-13,-2.6383831933239845e-15,-1.6774091766996107e-13,-7.51972748080248e-14,-6.929796753191844e-14,-5.899307276106387e-15,-1.7899572139234883e-07,-0.0002800860710752161,-1.453908807372039e-11,-2.0345410543919945e-13,-8.237082603067903e-12,-7.290759378445724e-08,-1.0490983169029948e-06
75460,Disposal,-5.187660156053657e-08,-2.1680022323315392e-05,-4.314766981622429e-09,-2.1670903049678297e-05,-4.804506655467645e-09,-0.00016719475076600485,-0.00016283915064359197,-4.355600122412891e-06,-0.0001613119811373671,-1.226575804002671e-09,-2.0495703261411598e-08,-2.120546697853561e-07,-1.8117076187666338e-13,-2.6696259767801446e-15,-1.7850113589988325e-13,-7.617881563925056e-14,-7.024226136696446e-14,-5.936554272286125e-15,-1.7916482166025227e-07,-0.0002801616549141928,-1.4567157039094874e-11,-2.038462854685099e-13,-8.702679981830079e-12,-7.302362878715972e-08,-1.0566998203830037e-06
75461,Disposal,-5.1957870015204876e-08,-2.197549842248089e-05,-4.349132642912533e-09,-2.1966336649670003e-05,-4.812640167969725e-09,-0.00016875433089301852,-0.00016438549843160143,-4.368832461417137e-06,-0.00016140480002415578,-1.2278834677953054e-09,-2.0581113502563604e-08,-2.1241723761380057e-07,-1.9422548979625776e-13,-2.7074212333228264e-15,-1.9151806856293492e-13,-7.736621264487746e-14,-7.138459965437464e-14,-5.9816129905028555e-15,-1.7936938691660386e-07,-0.00028025309076812734,-1.460111284039872e-11,-2.0432071646277472e-13,-9.265925967918638e-12,-7.316399952913358e-08,-1.0658955687240614e-06
75462,Disposal,-5.204149599698586e-08,-2.2279546026023768e-05,-4.384495222115831e-09,-2.2270340521175055e-05,-4.821009626587959e-09,-0.00017035915308165185,-0.00016597670442259683,-4.382448659055019e-06,-0.0001615003115060365,-1.229229065776033e-09,-2.0669001420448092e-08,-2.127903232192747e-07,-2.076589240065617e-13,-2.7463128973509685e-15,-2.0491261110921076e-13,-7.858805500381777e-14,-7.25600761809136e-14,-6.027978822904202e-15,-1.795798864329353e-07,-0.0002803471790965749,-1.4636053669934402e-11,-2.0480891028711472e-13,-9.845511229667515e-12,-7.330844230411684e-08,-1.0753580777181175e-06
75463,Disposal,-5.2135196192755694e-08,-2.2620221487986406e-05,-4.424117843264285e-09,-2.2610966982810077e-05,-4.830387333065236e-09,-0.00017215730420703457,-0.00016775959904088527,-4.39770516614933e-06,-0.00016160732901853548,-1.230736764598055e-09,-2.0767476977161407e-08,-2.132083535195154e-07,-2.2271065061783446e-13,-2.7898897433938103e-15,-2.1992076087444065e-13,-7.995708967216308e-14,-7.387715944037242e-14,-6.079930231790682e-15,-1.7981574430233965e-07,-0.00028045260201188705,-1.467520373428197e-11,-2.0535591560699343e-13,-1.0494917686065355e-11,-7.347028574087213e-08,-1.0859605116308088e-06
75464,Disposal,-5.154162985248571e-08,-2.0462131149801155e-05,-4.17311885618893e-09,-2.045318704894043e-05,-4.770982004526583e-09,-0.00016076648507398243,-0.00015646542590741584,-4.3010591665665995e-06,-0.00016092940094467249,-1.2211858851717686e-09,-2.0143659968838924e-08,-2.1056024042436935e-07,-1.2736188206943877e-13,-2.513841771309583e-15,-1.2484804029812906e-13,-7.128461155068142e-14,-6.553377996581743e-14,-5.750831584864005e-15,-1.783216461180615e-07,-0.00027978477529596284,-1.4427198271484411e-11,-2.0189077934808752e-13,-6.38109689300514e-12,-7.244504971375089e-08,-1.0187968537130675e-06
75465,Disposal,-5.1641789456655065e-08,-2.0826291748827056e-05,-4.215472941127337e-09,-2.081729526970416e-05,-4.781006181755493e-09,-0.00016268859530518622,-0.00015837122789402083,-4.317367411165433e-06,-0.00016104379592115067,-1.2227975201953634e-09,-2.024892413290737e-08,-2.1100708847051167e-07,-1.434512292374371e-13,-2.56042267345968e-15,-1.4089080656397732e-13,-7.274802333279127e-14,-6.694165896587323e-14,-5.806364366918073e-15,-1.7857376331638407e-07,-0.0002798974657485418,-1.4469047222983816e-11,-2.0247549356204886e-13,-7.075271468452132e-12,-7.261805014805771e-08,-1.0301301873865143e-06
75466,Disposal,-5.184009668498544e-08,-2.154729778373366e-05,-4.29933031319127e-09,-2.1538197600247315e-05,-4.800853173155304e-09,-0.00016649420491852916,-0.00016214454861393062,-4.3496563045985625e-06,-0.00016127028793765208,-1.2259884161384908e-09,-2.0457337941967888e-08,-2.1189180839577722e-07,-1.7530672496340227e-13,-2.6526487727451378e-15,-1.7265407619065715e-13,-7.564545026276953e-14,-6.972913585978707e-14,-5.9163144029824875e-15,-1.7907293324849792e-07,-0.00028012058295727655,-1.455190447515854e-11,-2.0363317640332688e-13,-8.449676221505665e-12,-7.296057582906311e-08,-1.0525691936821525e-06
75467,Disposal,-5.193858692228165e-08,-2.1905388893512297e-05,-4.340978479741474e-09,-2.1896237204755802e-05,-4.810710276746741e-09,-0.0001683842792089652,-0.00016401858647037965,-4.365692738585541e-06,-0.0001613827762853474,-1.227573189932528e-09,-2.056084766111933e-08,-2.1233120879541832e-07,-1.9112790989777928e-13,-2.69845330785969e-15,-1.8842945658991963e-13,-7.708447126207754e-14,-7.111354964566225e-14,-5.970921616415323e-15,-1.7932084839248412e-07,-0.00028023139519048736,-1.4593055927362816e-11,-2.0420814514607616e-13,-9.13228094251846e-12,-7.313069285347164e-08,-1.0637136339194323e-06
75468,Disposal,-5.213693329704558e-08,-2.2626537257143247e-05,-4.424852405498738e-09,-2.261728184355174e-05,-4.8305611860013705e-09,-0.00017219064006090441,-0.00016779265205496267,-4.39798800594176e-06,-0.00016160931301204294,-1.2307647157679545e-09,-2.0769302611682334e-08,-2.132161033670145e-07,-2.2298969399284298e-13,-2.7906976128499906e-15,-2.2019899637999298e-13,-7.998247015270359e-14,-7.390157679576148e-14,-6.080893356942137e-15,-1.7982011686221938e-07,-0.00028045455644321916,-1.4675929535804245e-11,-2.0536605651737195e-13,-1.0506957007136325e-11,-7.347328615005982e-08,-1.0861570697412973e-06
75469,Disposal,-5.223294712997987e-08,-2.2975624648273562e-05,-4.4654533849962725e-09,-2.296631902444256e-05,-4.840170445999373e-09,-0.0001740331909790176,-0.0001696195697536223,-4.413621225395347e-06,-0.0001617189729917442,-1.2323096425594466e-09,-2.0870209718361256e-08,-2.1364445563542785e-07,-2.3841307654134066e-13,-2.8353504546224675e-15,-2.3557772608671816e-13,-8.138530890717788e-14,-7.525118136163515e-14,-6.134127545542766e-15,-1.800617985138229e-07,-0.0002805625824520771,-1.4716046290169066e-11,-2.0592656844550085e-13,-1.1172398551828397e-11,-7.363912581101746e-08,-1.0970212980390753e-06
75470,Disposal,-5.2332500491442735e-08,-2.3337581068189747e-05,-4.507551110544119e-09,-2.3328223383129974e-05,-4.850133949223187e-09,-0.00017594366712561828,-0.00017151383636562228,-4.429830759996017e-06,-0.00016183267556212983,-1.2339115227324039e-09,-2.097483674301357e-08,-2.1408859901464256e-07,-2.544050386462334e-13,-2.8816494134439737e-15,-2.5152338923278946e-13,-8.283986299933537e-14,-7.665053879870682e-14,-6.18932420062858e-15,-1.8031238970558892e-07,-0.00028067459081564897,-1.4757641939732718e-11,-2.0650774352079913e-13,-1.1862371450592656e-11,-7.381107911407425e-08,-1.1082860336890311e-06
75471,Disposal,-5.2133501558357804e-08,-2.2614060130994385e-05,-4.423401240100532e-09,-2.2604806512023675e-05,-4.830217730602411e-09,-0.00017212478337050215,-0.00016772735412908814,-4.397429241414047e-06,-0.00016160539353103338,-1.2307094967971238e-09,-2.0765695976978996e-08,-2.1320079314549135e-07,-2.2243842948261065e-13,-2.789101625272507e-15,-2.1964932785733815e-13,-7.99323297106515e-14,-7.385333905688195e-14,-6.078990653769582e-15,-1.7981147864573965e-07,-0.0002804506953638043,-1.467449567764262e-11,-2.0534602262840061e-13,-1.0483172710399247e-11,-7.346735868770276e-08,-1.0857687591049765e-06
75472,Disposal,-5.1959848705383457e-08,-2.1982692550360054e-05,-4.349969363590352e-09,-2.1973529742797146e-05,-4.812838199313755e-09,-0.00016879230289448745,-0.0001644231482576416,-4.369154636845897e-06,-0.0001614070599394012,-1.2279153062437406e-09,-2.0583193035218778e-08,-2.1242606526290677e-07,-1.9454334082497564e-13,-2.7083414563444575e-15,-1.9183499936863113e-13,-7.739512288812877e-14,-7.141241282689217e-14,-5.9827100612366244e-15,-1.7937436758549039e-07,-0.00028025531700987005,-1.460193958197785e-11,-2.043322677092282e-13,-9.279639644465717e-12,-7.316741721696386e-08,-1.0661194629398613e-06
75473,Disposal,-5.187951005003664e-08,-2.169059701844714e-05,-4.315996882762217e-09,-2.168147622382135e-05,-4.804797743021943e-09,-0.00016725056605672816,-0.00016289449236656735,-4.356073690160823e-06,-0.00016131530300141303,-1.2266226035440922e-09,-2.0498759979920684e-08,-2.1206764560391202e-07,-1.8163797316098569e-13,-2.6709786185555504e-15,-1.7896699454243017e-13,-7.622131099291984e-14,-7.028314412926167e-14,-5.938166863658203e-15,-1.791721427776847e-07,-0.0002801649272813393,-1.4568372271892915e-11,-2.0386326472043442e-13,-8.722837803744915e-12,-7.302865246862154e-08,-1.057028923939906e-06
75474,Disposal,-5.180532662804957e-08,-2.14208807030459e-05,-4.2846272404606184e-09,-2.1411798702490405e-05,-4.797373315024124e-09,-0.00016582695106174498,-0.0001614829561073278,-4.343994954417239e-06,-0.0001612305761209141,-1.2254289426661766e-09,-2.0420795854882778e-08,-2.117366866564802e-07,-1.6972136426103356e-13,-2.636478375175029e-15,-1.6708488588585854e-13,-7.513743197129794e-14,-6.924039557974375e-14,-5.897036391554223e-15,-1.7898541164322718e-07,-0.0002800814628600597,-1.4537376757737845e-11,-2.0343019490515448e-13,-8.208695940963465e-12,-7.290051933222824e-08,-1.048634866461443e-06
75475,Disposal,-5.1742676548926396e-08,-2.119309735134711e-05,-4.2581346560041665e-09,-2.118404811352362e-05,-4.791103167475676e-09,-0.00016462466637754441,-0.00016029087227029462,-4.333794107249855e-06,-0.0001611590217813469,-1.2244208609891048e-09,-2.0354952860969052e-08,-2.114571821029326e-07,-1.5965743797583028e-13,-2.6073419061410797e-15,-1.570500960696892e-13,-7.422206429688136e-14,-6.83597637972915e-14,-5.86230049958988e-15,-1.78827711714656e-07,-0.0002800109747043901,-1.4511200135491743e-11,-2.0306445472404124e-13,-7.774488034115872e-12,-7.2792307134431e-08,-1.0415458383321948e-06
75476,Disposal,-5.230348602393446e-08,-2.3232090177367493e-05,-4.495281880533884e-09,-2.322274766536475e-05,-4.8472301222071236e-09,-0.00017538686575531453,-0.00017096175920561224,-4.425106549702317e-06,-0.00016179953735880265,-1.2334446605436497e-09,-2.0944343574700078e-08,-2.1395915503147733e-07,-2.4974423907032997e-13,-2.8681557491753453e-15,-2.4687608332115465e-13,-8.241593846453534e-14,-7.624270112960394e-14,-6.173237334931435e-15,-1.802393558081442e-07,-0.00028064194638277644,-1.4745519037954057e-11,-2.0633836214491108e-13,-1.166128134214615e-11,-7.376096394517216e-08,-1.10500296718377e-06
75477,Disposal,-5.2333327412028475e-08,-2.3340587588616296e-05,-4.507900787093026e-09,-2.3331229471120085e-05,-4.850216709119999e-09,-0.00017595953612321893,-0.00017152957072188437,-4.429965401334588e-06,-0.00016183362001036063,-1.2339248284377208e-09,-2.0975705806993313e-08,-2.1409228820502143e-07,-2.5453787276129114e-13,-2.8820339867178977e-15,-2.5165583877457327e-13,-8.285194496928803e-14,-7.666216228840644e-14,-6.189782680881621e-15,-1.803144711924622e-07,-0.0002806755211912812,-1.475798744588536e-11,-2.065125709382426e-13,-1.1868102575943005e-11,-7.381250741065804e-08,-1.1083796020192714e-06
75478,Disposal,-5.2391679082430186e-08,-2.355274277257372e-05,-4.532575720914785e-09,-2.3543354140189634e-05,-4.856056663166949e-09,-0.00017707933230868842,-0.0001726398659381602,-4.439466370528243e-06,-0.0001619002650217744,-1.234863745843441e-09,-2.1037031326974893e-08,-2.1435261601007207e-07,-2.6391131518562864e-13,-2.909171408753645e-15,-2.61002143776875e-13,-8.370450946053025e-14,-7.748237410990936e-14,-6.222135350620915e-15,-1.804613513621786e-07,-0.0002807411731694499,-1.4782368095597412e-11,-2.0685321776263086e-13,-1.2272519569836535e-11,-7.391329519237649e-08,-1.114982253423e-06
75479,Disposal,-5.244687204647257e-08,-2.3753413522167593e-05,-4.555914945409932e-09,-2.3743996026734732e-05,-4.861580487446587e-09,-0.00017813851142342368,-0.00017369005839240292,-4.44845303102079e-06,-0.00016196330238974074,-1.2357518375511148e-09,-2.109503715947157e-08,-2.1459885168909335e-07,-2.7277735221795633e-13,-2.9348398214710625e-15,-2.698425123964853e-13,-8.451092273002182e-14,-7.825818603199645e-14,-6.252736698025416e-15,-1.806002805799694e-07,-0.00028080327125928054,-1.4805428966239563e-11,-2.0717542461292622e-13,-1.2655044567808785e-11,-7.400862710616749e-08,-1.1212274885465458e-06
75480,Disposal,-5.250488696476558e-08,-2.3964344341765303e-05,-4.580447478235467e-09,-2.3954896507548406e-05,-4.867386738656473e-09,-0.0001792518451764696,-0.00017479394600710045,-4.457899169369182e-06,-0.0001620295627875184,-1.236685336390167e-09,-2.1156008765023125e-08,-2.1485767712177485e-07,-2.8209669976411034e-13,-2.961820631296186e-15,-2.791348791328142e-13,-8.535856700410054e-14,-7.90736643461538e-14,-6.284902657946776e-15,-1.807463130926001e-07,-0.0002808685443546865,-1.4829668913292283e-11,-2.075141055375271e-13,-1.3057127639219026e-11,-7.410883323361978e-08,-1.127792035526392e-06
75481,Disposal,-5.256790483491106e-08,-2.4193464909201974e-05,-4.607095588987445e-09,-2.4183984119917497e-05,-4.87369369547969e-09,-0.00018046118794454302,-0.00017599302804332536,-4.468159901217645e-06,-0.00016210153719109938,-1.2376993360707876e-09,-2.122223829415567e-08,-2.1513882252345744e-07,-2.9221970692819735e-13,-2.991128147707601e-15,-2.892285787804898e-13,-8.627930839898899e-14,-7.995946592995452e-14,-6.319842469034522e-15,-1.80904938807998e-07,-0.00028093944631527387,-1.485599920695893e-11,-2.07881992818165e-13,-1.3493884589454638e-11,-7.421768069757168e-08,-1.1349226802176498e-06
75482,Disposal,-5.2719313578182454e-08,-2.4743957286889932e-05,-4.671121189189415e-09,-2.4734397318709787e-05,-4.888846990953909e-09,-0.00018336679342241205,-0.00017887398075983272,-4.4928126625793705e-06,-0.000162274465187059,-1.2401356040209089e-09,-2.1381363471669044e-08,-2.1581431142600235e-07,-3.1654156657377806e-13,-3.0615433207055815e-15,-3.134800232530725e-13,-8.84915110195502e-14,-8.208772104681997e-14,-6.403789972730265e-15,-1.8128605800741675e-07,-0.0002811097976255169,-1.4919261209702446e-11,-2.087658905236623e-13,-1.4543250758091587e-11,-7.447920108356994e-08,-1.1520549944156034e-06
75483,Disposal,-5.278781562509593e-08,-2.4993017241203795e-05,-4.700088371492998e-09,-2.4983421450016932e-05,-4.89570281536035e-09,-0.00018468138013950984,-0.00018017741379730236,-4.503966342207506e-06,-0.00016235270321635596,-1.2412378477738598e-09,-2.1453356674568815e-08,-2.1611992371424867e-07,-3.275455359249942e-13,-3.0934013454134565e-15,-3.2445213457958075e-13,-8.949238061546364e-14,-8.30506101687384e-14,-6.4417704467252685e-15,-1.8145848824304333e-07,-0.00028118686988167526,-1.4947882916653737e-11,-2.091657934670489e-13,-1.501801680502017e-11,-7.459752107859408e-08,-1.159806188736139e-06
75484,Disposal,-5.287403196222039e-08,-2.5306482866726605e-05,-4.7365463237376324e-09,-2.529684198888084e-05,-4.904331522018393e-09,-0.00018633591247375954,-0.00018181790816558863,-4.518004308170947e-06,-0.00016245117321271008,-1.242625126304642e-09,-2.1543966963334578e-08,-2.165045658272953e-07,-3.413950772750499e-13,-3.1334976975969567e-15,-3.38261579577453e-13,-9.075207013405401e-14,-8.426249765078182e-14,-6.489572483272232e-15,-1.816755080839834e-07,-0.0002812838726417285,-1.498390605533026e-11,-2.0966910933186718e-13,-1.5615555001345047e-11,-7.474643803858583e-08,-1.1695618035355125e-06
75485,Disposal,-5.199009534832261e-08,-2.2092663388429836e-05,-4.362759638619595e-09,-2.2083484763446255e-05,-4.815865344957111e-09,-0.00016937275029476468,-0.0001649986708216494,-4.374079473115328e-06,-0.00016144160544341216,-1.2284019949593276e-09,-2.0614981175869593e-08,-2.1256100642418443e-07,-1.9940207347423348e-13,-2.7224081644430133e-15,-1.9667966530979043e-13,-7.783705048971526e-14,-7.183757039185426e-14,-5.999480097861038e-15,-1.7945050305886533e-07,-0.00028028934777416946,-1.461457731456353e-11,-2.0450884230931577e-13,-9.48926957157162e-12,-7.321966065790187e-08,-1.0695419534715861e-06
75486,Disposal,-5.1994232446552094e-08,-2.210770506298491e-05,-4.364509076541835e-09,-2.2098524274514187e-05,-4.816279394175953e-09,-0.00016945214316877157,-0.00016507739008267213,-4.37475308609948e-06,-0.00016144633053451625,-1.2284685636369698e-09,-2.0619329118240257e-08,-2.1257946350851377e-07,-2.0006664488737368e-13,-2.7243321912940725e-15,-1.9734231269607959e-13,-7.789749679781513e-14,-7.189572291518711e-14,-6.001773882628059e-15,-1.7946091677428937e-07,-0.00028029400245981555,-1.4616305887919926e-11,-2.0453299396366183e-13,-9.517942492464791e-12,-7.322680645082314e-08,-1.0700100774729088e-06
75487,Disposal,-5.201956786644637e-08,-2.219981966109845e-05,-4.375222562632873e-09,-2.2190625623521202e-05,-4.818815014611909e-09,-0.00016993834187327411,-0.00016555946360888473,-4.378878264389436e-06,-0.00016147526679866092,-1.228876227488856e-09,-2.0645955739008285e-08,-2.1269249393601834e-07,-2.0413645296725324e-13,-2.7361148528252755e-15,-2.0140033811442798e-13,-7.826766750970503e-14,-7.225184658323229e-14,-6.015820926472782e-15,-1.795246899404779e-07,-0.00028032250756382274,-1.4626891600265394e-11,-2.0468089770441356e-13,-9.69353428413303e-12,-7.327056699362286e-08,-1.0728768496591603e-06
75488,Disposal,-5.206822671641549e-08,-2.23767336585091e-05,-4.395798732853283e-09,-2.2367514174884796e-05,-4.823684891443896e-09,-0.0001708721282449348,-0.0001664853272213275,-4.38680102360734e-06,-0.00016153084137928984,-1.2296591809306995e-09,-2.0697094451156866e-08,-2.129095785802375e-07,-2.1195286894095345e-13,-2.7587444663101263e-15,-2.0919412447464335e-13,-7.897861215589528e-14,-7.293581267521652e-14,-6.042799480678808e-15,-1.7964717178362767e-07,-0.00028037725406437517,-1.464722237003293e-11,-2.0496495954199686e-13,-1.0030773401631386e-11,-7.335461287466783e-08,-1.0783827318702548e-06
75489,Disposal,-5.211439341998977e-08,-2.254458670233936e-05,-4.4153210592515105e-09,-2.2535343075930915e-05,-4.828305349187725e-09,-0.00017175808914720664,-0.00016736377114207317,-4.394318005133527e-06,-0.0001615835696125257,-1.2304020340701591e-09,-2.074561400651898e-08,-2.1311554486235376e-07,-2.1936895377444273e-13,-2.7802150653567223e-15,-2.16588738709086e-13,-7.965314455358264e-14,-7.358474827158853e-14,-6.06839628199414e-15,-1.7976338050926574e-07,-0.0002804291966290749,-1.4666511864583056e-11,-2.052344726657306e-13,-1.0350740239751813e-11,-7.343435420187356e-08,-1.0836066208876846e-06
75490,Disposal,-5.219688974939291e-08,-2.2844527112268432e-05,-4.45020594694276e-09,-2.2835240344571584e-05,-4.836561749894675e-09,-0.0001733412327718005,-0.0001689334825019374,-4.407750269863104e-06,-0.00016167779088805762,-1.2317294551885502e-09,-2.0832314700130493e-08,-2.1348359068195766e-07,-2.3262092391610355e-13,-2.8185813656185812e-15,-2.29802342550485e-13,-8.085848178939339e-14,-7.47443460027457e-14,-6.114135786647728e-15,-1.799710365160312e-07,-0.00028052201397568536,-1.4700980699765694e-11,-2.0571607177748527e-13,-1.0922496237734176e-11,-7.357684578751654e-08,-1.0929413066196652e-06
75491,Disposal,-5.2271586589261545e-08,-2.311611011399349e-05,-4.4817926961782876e-09,-2.3106784283735502e-05,-4.844037561800009e-09,-0.00017477470049904255,-0.0001703547878974147,-4.419912601627895e-06,-0.00016176310415692114,-1.2329313773035839e-09,-2.0910818409011292e-08,-2.1381684017136132e-07,-2.44620006769575e-13,-2.8533203825875335e-15,-2.417666863869875e-13,-8.194986225616638e-14,-7.579431133651217e-14,-6.155550919654236e-15,-1.8015906000261955e-07,-0.00028060605604794415,-1.4732190731541943e-11,-2.0615213883637e-13,-1.1440196437660811e-11,-7.37058657237053e-08,-1.1013934587383173e-06
75492,Disposal,-5.234628939032175e-08,-2.3387714789437307e-05,-4.513381966198678e-09,-2.337834989350079e-05,-4.8515139703135375e-09,-0.00017620828262437355,-0.00017177620672036433,-4.432075904009241e-06,-0.0001618484242342218,-1.234133395338177e-09,-2.0989328382891366e-08,-2.141501162557863e-07,-2.566200472115019e-13,-2.8880621719085072e-15,-2.537319850395934e-13,-8.304132982070742e-14,-7.684436046290633e-14,-6.196969357801123e-15,-1.8034709849444808e-07,-0.00028069010482719217,-1.476340325403906e-11,-2.0658824069564627e-13,-1.195793795272302e-11,-7.38348959563478e-08,-1.1098462853821303e-06
75493,Disposal,-5.243019406544668e-08,-2.3692775667103155e-05,-4.548862395324196e-09,-2.3683366893386698e-05,-4.859911321129383e-09,-0.00017781845307024275,-0.00017337271559102795,-4.445737479214844e-06,-0.00016194425401926265,-1.2354834776812144e-09,-2.1077509197519247e-08,-2.1452444521258192e-07,-2.7009824990907337e-13,-2.9270834469459112e-15,-2.6717116646212746e-13,-8.426724411190516e-14,-7.802375440215508e-14,-6.243489709750113e-15,-1.8055829952498424e-07,-0.0002807845067159749,-1.4798460527966976e-11,-2.0707806148288102e-13,-1.2539454749997722e-11,-7.397982010373603e-08,-1.1193403292917398e-06
75494,Disposal,-5.2510567306727456e-08,-2.398499694666188e-05,-4.582849501365725e-09,-2.3975546141921658e-05,-4.867955238851924e-09,-0.0001793608536284518,-0.00017490202957118114,-4.458824057270721e-06,-0.00016203605045877575,-1.2367767368916733e-09,-2.116197860139776e-08,-2.1488301917187714e-07,-2.830091733567874e-13,-2.964462369502915e-15,-2.8004471098728445e-13,-8.544156133522193e-14,-7.915350925196765e-14,-6.288052083254288e-15,-1.8076061139092922e-07,-0.00028087493535744457,-1.4832042288838582e-11,-2.0754726637829532e-13,-1.3096496294900902e-11,-7.411864459054921e-08,-1.1284347817848969e-06
75495,Disposal,-5.268185533050947e-08,-2.4607766473995042e-05,-4.655281372161953e-09,-2.459822609452966e-05,-4.885098093217417e-09,-0.00018264795191248083,-0.00017816123829821902,-4.486713614261829e-06,-0.00016223168311541445,-1.2395328757616181e-09,-2.134199619220078e-08,-2.156471967002264e-07,-3.1052438273890095e-13,-3.044122734991014e-15,-3.0748026000390987e-13,-8.79442161152178e-14,-8.156119460220148e-14,-6.383021513016367e-15,-1.81191769810736e-07,-0.0002810676530212317,-1.4903610305297224e-11,-2.0854721583913137e-13,-1.4283639476766864e-11,-7.44145014157793e-08,-1.147816491046693e-06
75496,Disposal,-5.276521186477725e-08,-2.491083441943495e-05,-4.690530011189916e-09,-2.490125044883878e-05,-4.893440584979616e-09,-0.00018424760327574797,-0.00017974731733598606,-4.500285939761953e-06,-0.00016232688685404684,-1.2408741381516359e-09,-2.142960093037951e-08,-2.1601908020335784e-07,-3.239145336852637e-13,-3.0828890879383937e-15,-3.208316445973253e-13,-8.916212163086929e-14,-8.2732883678714e-14,-6.4292379521553304e-15,-1.8140159108604716e-07,-0.00028116143819190956,-1.49384385535582e-11,-2.0903383667611588e-13,-1.4861357282921886e-11,-7.455847878819638e-08,-1.1572485113162779e-06
75497,Disposal,-5.17593322219709e-08,-2.1253654098983742e-05,-4.265177772804436e-09,-2.1244596151109762e-05,-4.792770101164658e-09,-0.00016494429662999936,-0.00016060779060318657,-4.336506026812844e-06,-0.0001611780446732798,-1.2246888619086638e-09,-2.037245737803027e-08,-2.1153148905550942e-07,-1.623329567955402e-13,-2.615087905965705e-15,-1.597178688895745e-13,-7.44654169775798e-14,-6.859388185821669e-14,-5.871535119363144e-15,-1.7886963661700542e-07,-0.0002800297141487894,-1.4518159252984373e-11,-2.031616876240011e-13,-7.88992324235519e-12,-7.282107560545552e-08,-1.0434304733777777e-06
75498,Disposal,-5.290470193553507e-08,-2.541799285068681e-05,-4.749515610763095e-09,-2.5408335934040613e-05,-4.907401035428135e-09,-0.00018692448378439727,-0.00018240148571221533,-4.522998072181935e-06,-0.00016248620221372316,-1.2431186266891195e-09,-2.1576200009079384e-08,-2.1664139561775385e-07,-3.463218124831775e-13,-3.1477612825798006e-15,-3.431740512005976e-13,-9.120018293040473e-14,-8.469360569798427e-14,-6.506577232420489e-15,-1.8175270914531798e-07,-0.0002813183796987609,-1.4996720664936386e-11,-2.0984815526048916e-13,-1.5828118897551104e-11,-7.479941267589218e-08,-1.1730321950592585e-06
75499,Disposal,-5.273111524114427e-08,-2.478686580963539e-05,-4.67611171046438e-09,-2.4777299669799497e-05,-4.890028125425297e-09,-0.00018359327292292776,-0.00017909853868320312,-4.494734239724673e-06,-0.00016228794418358776,-1.240325500671596e-09,-2.1393766597625818e-08,-2.1586696289242389e-07,-3.1843735134776064e-13,-3.0670318818095504e-15,-3.1537031946595115e-13,-8.866394273760703e-14,-8.225360941656218e-14,-6.410333321044881e-15,-1.8131576461644498e-07,-0.00028112307578043156,-1.492419221182648e-11,-2.088347865635317e-13,-1.4625044355860164e-11,-7.449958547740684e-08,-1.153390384919161e-06
75500,Disposal,-5.263085333553915e-08,-2.4422333262732502e-05,-4.633714365733406e-09,-2.44128195546571e-05,-4.879993709660289e-09,-0.00018166919947873014,-0.00017719079014058748,-4.4784093381427055e-06,-0.0001621734323658897,-1.238712219549475e-09,-2.1288394918404845e-08,-2.154196584427537e-07,-3.023315707750025e-13,-3.0204034026626293e-15,-2.993111673723399e-13,-8.719903624984537e-14,-8.084429243115998e-14,-6.354743818685421e-15,-1.8106338990960305e-07,-0.00028101027022760635,-1.488230051646981e-11,-2.0824947513171892e-13,-1.3930160761479514e-11,-7.432640834319227e-08,-1.142045475557926e-06
75501,Disposal,-5.2815792750092906e-08,-2.509473655891092e-05,-4.7119189446894625e-09,-2.5085126137143202e-05,-4.898502823024627e-09,-0.00018521827441582344,-0.00018070975276610046,-4.508521649723013e-06,-0.00016238465664291445,-1.241688018427773e-09,-2.148275963297973e-08,-2.1624473973908479e-07,-3.320396998204285e-13,-3.1064125761659446e-15,-3.2893328724426253e-13,-8.990114874798256e-14,-8.344386658275722e-14,-6.457282165225371e-15,-1.8152891098911801e-07,-0.00028121834719135435,-1.4959572393232656e-11,-2.0932911901917315e-13,-1.5211917420223962e-11,-7.464584450014984e-08,-1.1629718770936768e-06
75502,Disposal,-5.271804003326057e-08,-2.473932692831887e-05,-4.670582650421798e-09,-2.4729767626136463e-05,-4.8887195319836794e-09,-0.00018334235349231695,-0.00017884974819160036,-4.492605300716612e-06,-0.00016227301063716747,-1.2401151118312956e-09,-2.1380025021475298e-08,-2.1580862968369977e-07,-3.1633698802584773e-13,-3.0609510373006895e-15,-3.132760369885471e-13,-8.847290351147159e-14,-8.206981964668946e-14,-6.40308386478216e-15,-1.8128285229808608e-07,-0.00028110836474891143,-1.4918729093784954e-11,-2.0875845579162517e-13,-1.453442422055888e-11,-7.447700135618063e-08,-1.1519108893178694e-06
75503,Disposal,-5.262073785476787e-08,-2.4385555366417372e-05,-4.629436873471602e-09,-2.437604694821216e-05,-4.878981331737594e-09,-0.0001814750786128854,-0.0001769983163033629,-4.476762309522526e-06,-0.0001621618792033698,-1.2385494546980489e-09,-2.127776390966265e-08,-2.153745296420169e-07,-3.0070664939826495e-13,-3.015699028839311e-15,-2.9769095036942557e-13,-8.705124099980256e-14,-8.07021056376771e-14,-6.349135362125491e-15,-1.8103792768166304e-07,-0.0002809988892111215,-1.487807403946143e-11,-2.0819042272793725e-13,-1.386005355979795e-11,-7.430893640346998e-08,-1.140900881189777e-06
75504,Disposal,-5.2528693199701886e-08,-2.4050899124472865e-05,-4.59051432409531e-09,-2.4041438840833615e-05,-4.869769315146601e-09,-0.00017970869809753477,-0.00017524692273570726,-4.46177536182759e-06,-0.000162056752528414,-1.2370683946332725e-09,-2.1181028267056596e-08,-2.1496388530475951e-07,-2.8592086402503746e-13,-2.9728921197403193e-15,-2.829479719052972e-13,-8.570639510288726e-14,-7.940829324684853e-14,-6.298101856038755e-15,-1.808062370639908e-07,-0.00028089532895923266,-1.4839615697522263e-11,-2.0765308216451755e-13,-1.3222121133022721e-11,-7.414995249539549e-08,-1.13048577624431e-06
75505,Disposal,-5.2147973511004945e-08,-2.2666677301247452e-05,-4.429520935927258e-09,-2.265741611419841e-05,-4.831666113105382e-09,-0.0001724025069945047,-0.0001680027213925045,-4.39978560200023e-06,-0.0001616219223371962,-1.2309423601948915e-09,-2.0780905481953312e-08,-2.1326535773535641e-07,-2.2476316181626712e-13,-2.795832049336859e-15,-2.219673297669303e-13,-8.014377649291071e-14,-7.405676196765209e-14,-6.087014525258649e-15,-1.7984790678646478e-07,-0.0002804669778851564,-1.468054238728624e-11,-2.0543050735142577e-13,-1.0583473242415464e-11,-7.3492355332947e-08,-1.0874063002036722e-06
75506,Disposal,-5.205914598859396e-08,-2.234371792017321e-05,-4.3919588023678804e-09,-2.2334503185297137e-05,-4.822776073704395e-09,-0.0001706978647781679,-0.00016631254230204165,-4.385322476126276e-06,-0.00016152047003593076,-1.2295130659463374e-09,-2.068755093078062e-08,-2.128690661848636e-07,-2.1049416726505879e-13,-2.7545213216839615e-15,-2.0773964594337486e-13,-7.884593547257195e-14,-7.280817073702008e-14,-6.0377647355518915e-15,-1.796243141887312e-07,-0.0002803670372575453,-1.4643428236246817e-11,-2.0491194784457253e-13,-9.967837745759528e-12,-7.333892820947795e-08,-1.0773552226338445e-06
75507,Disposal,-5.196125121044075e-08,-2.19877917825908e-05,-4.350562435206554e-09,-2.197862824159071e-05,-4.8129785648770505e-09,-0.00016881921763064567,-0.0001644498346343158,-4.369382996329893e-06,-0.0001614086617781302,-1.2279378734881888e-09,-2.0584667017905524e-08,-2.1243232234279191e-07,-1.9476863515354978e-13,-2.7089937148211195e-15,-1.9205964143872864e-13,-7.741561460674452e-14,-7.143212693652754e-14,-5.9834876702170316e-15,-1.7937789790740618e-07,-0.0002802568949806594,-1.4602525580361198e-11,-2.0434045528793273e-13,-9.28935996395759e-12,-7.316983969043548e-08,-1.0662781602302983e-06
75508,Disposal,-5.286232050815958e-08,-2.5263902325782816e-05,-4.731593948734185e-09,-2.525426757241823e-05,-4.90315941583759e-09,-0.0001861111641247696,-0.00018159506670569853,-4.51609741907114e-06,-0.00016243779724619222,-1.2424366811755093e-09,-2.1531658643708516e-08,-2.1645231681525136e-07,-3.3951378339625474e-13,-3.1280510896539052e-15,-3.3638573230660085e-13,-9.058095644006176e-14,-8.40978772894189e-14,-6.48307915064289e-15,-1.8164602854469627e-07,-0.0002812706959816426,-1.4979012744528536e-11,-2.0960073991575077e-13,-1.5534386612971826e-11,-7.472620945785525e-08,-1.168236620416299e-06
75509,Disposal,-5.263673657092522e-08,-2.4443723548169112e-05,-4.636202185581742e-09,-2.443420676346768e-05,-4.880582515842966e-09,-0.00018178210155159598,-0.0001773027342899221,-4.479367261673895e-06,-0.00016218015176718112,-1.2388068847418831e-09,-2.1294577988516474e-08,-2.1544590567345176e-07,-3.0327663657655496e-13,-3.0231394998558753e-15,-3.0025349707669904e-13,-8.72849950158798e-14,-8.092698927906708e-14,-6.3580057368127615e-15,-1.8107819892202787e-07,-0.0002810168895075425,-1.4884758665484805e-11,-2.0828382042873605e-13,-1.3970935607389172e-11,-7.433657014729842e-08,-1.1427111797633557e-06
75510,Disposal,-5.224323613893778e-08,-2.3013033458907043e-05,-4.469804256417434e-09,-2.3003722454459642e-05,-4.8412001909764946e-09,-0.00017423064193293223,-0.00016981534542461065,-4.415296508321601e-06,-0.0001617307243454709,-1.2324751995954611e-09,-2.0881023099025342e-08,-2.136903586078658e-07,-2.4006587298069723e-13,-2.8401355306365414e-15,-2.372257374500607e-13,-8.153563954256839e-14,-7.539580732899356e-14,-6.1398322135748595e-15,-1.8008769753901868e-07,-0.0002805741587066527,-1.472034527118469e-11,-2.059866338764214e-13,-1.1243708422552842e-11,-7.365689747688083e-08,-1.098185527597051e-06
75511,Disposal,-5.2333986966348086e-08,-2.3342985598254128e-05,-4.508179690148864e-09,-2.333362713584531e-05,-4.850282718659939e-09,-0.00017597219328292194,-0.0001715421204912551,-4.430072791666845e-06,-0.00016183437330507963,-1.2339354411078713e-09,-2.0976398975009378e-08,-2.1409523071424444e-07,-2.5464382164669633e-13,-2.8823407235054404e-15,-2.5176148092319093e-13,-8.286158158447101e-14,-7.667143321837541e-14,-6.19014836609561e-15,-1.8031613139258562e-07,-0.0002806762632616537,-1.475826302262073e-11,-2.0651642130075906e-13,-1.1872673738574856e-11,-7.381364662426305e-08,-1.1084542323978747e-06
75512,Disposal,-5.258337257812183e-08,-2.4249702577870174e-05,-4.6136363707246304e-09,-2.4240213699760712e-05,-4.8752417387308776e-09,-0.00018075802126098453,-0.00017628734286199762,-4.470678398986933e-06,-0.00016211920331643442,-1.237948222404766e-09,-2.1238494339420726e-08,-2.152078296934566e-07,-2.9470440015844216e-13,-2.9983216808586063e-15,-2.917060784775835e-13,-8.650530447639983e-14,-8.017688602686187e-14,-6.328418449537997e-15,-1.8094387350742112e-07,-0.00028095684920935736,-1.48624619804573e-11,-2.079722907919664e-13,-1.3601086631290854e-11,-7.424439731966102e-08,-1.1366728977473286e-06
75513,Disposal,-5.216137702125036e-08,-2.2715409825307427e-05,-4.435188823855882e-09,-2.2706141628919847e-05,-4.8330075637161725e-09,-0.0001726597267028933,-0.00016825775870684935,-4.401967996043997e-06,-0.00016163723084656952,-1.2311580316397795e-09,-2.079499209215178e-08,-2.133251556190869e-07,-2.269162626736117e-13,-2.802065576359928e-15,-2.2411419709725177e-13,-8.033961247866009e-14,-7.424516647222309e-14,-6.094446006437025e-15,-1.7988164549259074e-07,-0.0002804820582925545,-1.46861426774914e-11,-2.055087546949778e-13,-1.0676368737673005e-11,-7.351550651363428e-08,-1.0889229441168201e-06
75514,Disposal,-5.259718407503756e-08,-2.4299918461129575e-05,-4.619476782319172e-09,-2.4290422360325767e-05,-4.876624021478778e-09,-0.00018102307042676473,-0.0001765501432042941,-4.472927222470668e-06,-0.0001621349777983516,-1.2381704586280644e-09,-2.1253009729027395e-08,-2.1526944775257612e-07,-2.9692303880652587e-13,-3.004744948918753e-15,-2.9391829385760714e-13,-8.670710147312993e-14,-8.037102533709826e-14,-6.336076136031693e-15,-1.8097863917903008e-07,-0.0002809723886461506,-1.4868232736735285e-11,-2.08052919890191e-13,-1.3696809753274765e-11,-7.426825319433889e-08,-1.138235706470205e-06
75515,Disposal,-5.1981661001854866e-08,-2.2061997765421873e-05,-4.359193040791487e-09,-2.20528235511627e-05,-4.815021218380295e-09,-0.00016921089119224916,-0.0001648381850211389,-4.3727061711103135e-06,-0.00016143197234957368,-1.2282662806832854e-09,-2.0606116979193165e-08,-2.1252337776869147e-07,-1.9804720461687254e-13,-2.7184856302959184e-15,-1.9532871898657661e-13,-7.771381795402733e-14,-7.171901421973671e-14,-5.994803734290654e-15,-1.7942927250570206e-07,-0.0002802798582166923,-1.461105325354926e-11,-2.0445960407294228e-13,-9.430813780666965e-12,-7.32050924533436e-08,-1.0685875840565999e-06
76874,Disposal,-5.3436413561064796e-08,-2.7351191625459898e-05,-4.974358345887609e-09,-2.7341256651295886e-05,-4.9606158181060874e-09,-0.00019712828165237503,-0.0001925187089245014,-4.609572727873672e-06,-0.0001630934843550622,-1.2516742223832406e-09,-2.2135009923026605e-08,-2.1901355256615197e-07,-4.317344197648926e-13,-3.395042683163141e-15,-4.283393770817294e-13,-9.896891428610554e-14,-9.21675333145825e-14,-6.801380971523055e-15,-1.8309110945606039e-07,-0.000281916613130486,-1.5218881826744117e-11,-2.1295219453614422e-13,-1.951324420304115e-11,-7.571781029642491e-08,-1.2331968225071712e-06
76875,Disposal,-5.3289545694459516e-08,-2.6817208981217335e-05,-4.912252927755111e-09,-2.6807350811306744e-05,-4.945916982819219e-09,-0.0001943098177479072,-0.00018972415842416658,-4.585659323740624e-06,-0.00016292574261641372,-1.2493110201758767e-09,-2.1980657044588886e-08,-2.183583221488801e-07,-4.0814199332478404e-13,-3.3267393209437043e-15,-4.0481525400384045e-13,-9.682305749897088e-14,-9.010310637428657e-14,-6.71995112468433e-15,-1.8272142034477423e-07,-0.0002817513708005635,-1.5157517105134456e-11,-2.1209480567273484e-13,-1.84953494160854e-11,-7.546413312867701e-08,-1.2165783209470943e-06
76876,Disposal,-5.320784923659686e-08,-2.6520176746712325e-05,-4.877706278492884e-09,-2.6510361299798932e-05,-4.937740634885528e-09,-0.0001927420240369275,-0.0001881696667407731,-4.572357296154435e-06,-0.0001628324348956709,-1.247996469525572e-09,-2.1894796987377346e-08,-2.1799384484412805e-07,-3.9501851221831356e-13,-3.2887450143440536e-15,-3.9172976720396945e-13,-9.562940702496632e-14,-8.895475192183382e-14,-6.674655103132513e-15,-1.8251577773825613e-07,-0.00028165945339646633,-1.512338247440062e-11,-2.1161787607083846e-13,-1.7929137075065716e-11,-7.532302311921979e-08,-1.207334142871763e-06
76877,Disposal,-5.3152733982682684e-08,-2.631978853584327e-05,-4.854399914963972e-09,-2.63100019113403e-05,-4.9322245879938295e-09,-0.00019168433621634962,-0.00018712095292772461,-4.563383288625018e-06,-0.000162769486282531,-1.2471096282258378e-09,-2.1836872825447892e-08,-2.177479558579601e-07,-3.8616495831470453e-13,-3.263112742023838e-15,-3.829018455726807e-13,-9.482412916248992e-14,-8.818003232093259e-14,-6.644096841557366e-15,-1.823770441288642e-07,-0.0002815974427389852,-1.510035407281038e-11,-2.1129612287865117e-13,-1.7547150661442976e-11,-7.522782543005999e-08,-1.201097700862169e-06
76878,Disposal,-5.347075140248891e-08,-2.7476037255651464e-05,-4.988878649400585e-09,-2.7466084324582823e-05,-4.964052419228347e-09,-0.0001977872410888275,-0.00019317207738521483,-4.615163703612689e-06,-0.00016313270252684507,-1.2522267412188799e-09,-2.217109776705714e-08,-2.1916674603647723e-07,-4.372503506259817e-13,-3.4110120716674877e-15,-4.338393385543141e-13,-9.947061756387906e-14,-9.265019821975238e-14,-6.820419344126725e-15,-1.8317754310811088e-07,-0.00028195524693822477,-1.5233228954733186e-11,-2.1315265283591423e-13,-1.9751228934410948e-11,-7.577712025006136e-08,-1.2370822433583494e-06
76879,Disposal,-5.357276174284727e-08,-2.7846926767044994e-05,-5.0320153476330276e-09,-2.7836920489875436e-05,-4.974261821905346e-09,-0.0001997448678238521,-0.0001951130945340098,-4.6317732898423e-06,-0.0001632492112788774,-1.2538681558256347e-09,-2.2278306988711064e-08,-2.196218508829219e-07,-4.5363699466639137e-13,-3.458453689692426e-15,-4.5017854097669895e-13,-1.0096107007929702e-13,-9.408409182556439e-14,-6.876978253732682e-15,-1.8343431889535937e-07,-0.0002820700196703862,-1.527585118573639e-11,-2.1374817132336474e-13,-2.04582303777248e-11,-7.595331736397913e-08,-1.248624992903051e-06
76880,Disposal,-5.381307746763418e-08,-2.872066742346551e-05,-5.133636681943121e-09,-2.871053547367434e-05,-4.998313109209605e-09,-0.000204356640375899,-0.00019968573826108503,-4.670902114813937e-06,-0.00016352368232848186,-1.2577349965744487e-09,-2.2530870226075962e-08,-2.2069398583162582e-07,-4.922406129423616e-13,-3.570216544131246e-15,-4.886703963982303e-13,-1.0447227468115253e-13,-9.74620550784805e-14,-7.010219602672049e-15,-1.8403923070335425e-07,-0.0002823404010083785,-1.5376260539333158e-11,-2.151510924040406e-13,-2.212378274896953e-11,-7.636840211899275e-08,-1.2758173756862468e-06
76881,Disposal,-5.397892213001947e-08,-2.9323645960574774e-05,-5.2037667406179925e-09,-2.931342728265327e-05,-5.01491118087738e-09,-0.00020753927797720518,-0.00020284137260751596,-4.697905369689199e-06,-0.00016371309797573737,-1.2604035481186867e-09,-2.2705167038608133e-08,-2.2143387856547393e-07,-5.188814165997414e-13,-3.647345383195184e-15,-5.152340712165461e-13,-1.0689539760528389e-13,-9.979322660596396e-14,-7.102170999319955e-15,-1.8445668734152779e-07,-0.0002825269942983281,-1.544555419609385e-11,-2.161192644751117e-13,-2.3273199712587013e-11,-7.665485691140201e-08,-1.2945831536898696e-06
76882,Disposal,-5.3553733035476905e-08,-2.777774213385729e-05,-5.023968755447319e-09,-2.7767745807711718e-05,-4.9723573901067226e-09,-0.00019937969791901375,-0.00019475102293229244,-4.628674986721304e-06,-0.0001632274780806475,-1.2535619711965503e-09,-2.225830849739057e-08,-2.195369569700557e-07,-4.5058027852240106e-13,-3.449604070493019e-15,-4.4713067445190815e-13,-1.0068304547252007e-13,-9.381661755060963e-14,-6.8664279219104564e-15,-1.8338642069897867e-07,-0.0002820486103041717,-1.526790056074697e-11,-2.1363708506493709e-13,-2.032634841822946e-11,-7.592045007514875e-08,-1.2464718425208056e-06
76883,Disposal,-5.336298942515818e-08,-2.708423592474143e-05,-4.943309779806418e-09,-2.70743393475806e-05,-4.953267381006007e-09,-0.0001957192377168101,-0.0001911216200957657,-4.597617621044391e-06,-0.00016300962467560734,-1.2504927789262138e-09,-2.2057843780520788e-08,-2.1868598106722624e-07,-4.1993978037000776e-13,-3.360895558496605e-15,-4.165788848115111e-13,-9.789612904031616e-14,-9.113545756011576e-14,-6.760671480200421e-15,-1.829062895619768e-07,-0.00028183400298866125,-1.5188203559513285e-11,-2.1252355729992032e-13,-1.9004364712220073e-11,-7.559098863507958e-08,-1.2248886803293403e-06
76884,Disposal,-5.360505013447237e-08,-2.796432100131032e-05,-5.045669008634941e-09,-2.7954297838991748e-05,-4.9774933099166115e-09,-0.00020036449734821388,-0.0001957274667793249,-4.637030568888997e-06,-0.0001632860887189502,-1.2543876976432178e-09,-2.2312240934254463e-08,-2.197659010200047e-07,-4.588237078793762e-13,-3.473469947228046e-15,-4.553502379321483e-13,-1.0143282925927197e-13,-9.453794893583903e-14,-6.89488032343297e-15,-1.835155937656264e-07,-0.00028210634762411023,-1.5289342007174022e-11,-2.139366652944194e-13,-2.0682011019971766e-11,-7.600908741040189e-08,-1.25227851289348e-06
76885,Disposal,-5.381725810368381e-08,-2.873586739296187e-05,-5.135404530526499e-09,-2.8725733256915554e-05,-4.99873151578218e-09,-0.0002044368687612902,-0.00019976528594455213,-4.671582816738045e-06,-0.00016352845714530075,-1.2578022658047373e-09,-2.2535263925139454e-08,-2.2071263715384202e-07,-4.929121781441548e-13,-3.572160818975062e-15,-4.893400173251798e-13,-1.0453335711156425e-13,-9.752081958488965e-14,-7.0125375266746135e-15,-1.8404975401019816e-07,-0.0002823451046788094,-1.537800730377705e-11,-2.1517549822454969e-13,-2.2152757416740208e-11,-7.637562311250866e-08,-1.2762904261112226e-06
76886,Disposal,-5.402039373196928e-08,-2.9474428539378394e-05,-5.2213036684651115e-09,-2.946418817396663e-05,-5.019061743285841e-09,-0.0002083351376560968,-0.00020363047977341484,-4.704657882681955e-06,-0.0001637604638071911,-1.261070853932654e-09,-2.2748752209975667e-08,-2.2161889830926533e-07,-5.255432939795207e-13,-3.6666324465622204e-15,-5.218766615329585e-13,-1.0750133081977324e-13,-1.0037616618492917e-13,-7.125164634844089e-15,-1.845610777709853e-07,-0.0002825736543628487,-1.546288197082892e-11,-2.163613684184819e-13,-2.3560626284560448e-11,-7.672648863567065e-08,-1.2992757790927697e-06
76887,Disposal,-5.40674913484294e-08,-2.9645666199162027e-05,-5.241219646213748e-09,-2.9635401204147114e-05,-5.023775368687728e-09,-0.00020923896321745062,-0.00020452663677960985,-4.712326437840732e-06,-0.0001638142552610593,-1.2618286860830952e-09,-2.2798250121508045e-08,-2.2182901772884282e-07,-5.331089179483524e-13,-3.68853598224436e-15,-5.29420381966108e-13,-1.081894645979431e-13,-1.0103818702373753e-13,-7.151277574205596e-15,-1.8467962974818284e-07,-0.0002826266443058332,-1.5482560421870374e-11,-2.166363160484803e-13,-2.3887044985811505e-11,-7.680783787990931e-08,-1.304605003454162e-06
76888,Disposal,-5.40053707451379e-08,-2.941980791733178e-05,-5.214950959051355e-09,-2.940957540816056e-05,-5.0175582121591534e-09,-0.00020804683942517524,-0.00020334462762388388,-4.702211801291328e-06,-0.0001637433056500732,-1.2608291240262986e-09,-2.2732963587768832e-08,-2.2155187535756246e-07,-5.23130045119016e-13,-3.659645754817599e-15,-5.194703993641982e-13,-1.0728183298814896e-13,-1.0016499774178867e-13,-7.116835246360312e-15,-1.8452326259208385e-07,-0.00028255675186808385,-1.545660502662076e-11,-2.1627366685447003e-13,-2.3456506708688484e-11,-7.670054021796306e-08,-1.2975758869661601e-06
76889,Disposal,-5.4219444571025455e-08,-3.019813819646479e-05,-5.305475488175907e-09,-3.018779373781984e-05,-5.038983156761963e-09,-0.00021215501751137964,-0.0002074179496586518,-4.73706785272779e-06,-0.0001639878051214927,-1.2642737150697292e-09,-2.2957947527330806e-08,-2.225069357496376e-07,-5.575182411672255e-13,-3.759204374475333e-15,-5.537590367927503e-13,-1.1040962249613771e-13,-1.031740955355371e-13,-7.235526960600658e-15,-1.8506211948618368e-07,-0.00028279760821455863,-1.5546049920409614e-11,-2.1752339232884295e-13,-2.4940184768643208e-11,-7.707029871650559e-08,-1.3217989269797068e-06
76890,Disposal,-5.4261473315550505e-08,-3.035094643596892e-05,-5.3232480126405485e-09,-3.0340579998477134e-05,-5.0431894791343576e-09,-0.00021296156902010622,-0.00020821765793899724,-4.743911081108939e-06,-0.0001640358072804591,-1.2649499856803814e-09,-2.3002118235631484e-08,-2.2269444110699787e-07,-5.642696163079987e-13,-3.77875054633223e-15,-5.604908657616666e-13,-1.110236960084616e-13,-1.0376486650858807e-13,-7.25882949987357e-15,-1.8516791232958145e-07,-0.0002828448951250964,-1.556361048193336e-11,-2.177687487729159e-13,-2.5231472719800807e-11,-7.714289276394122e-08,-1.326554594591702e-06
76891,Disposal,-5.449989010048167e-08,-3.121778292098104e-05,-5.424066349967875e-09,-3.120729180391439e-05,-5.067050716669361e-09,-0.00021753690001714257,-0.00021275416930133787,-4.782730715804689e-06,-0.0001643081094998058,-1.2687862712167962e-09,-2.3252685755080068e-08,-2.2375810420149153e-07,-6.025681944148941e-13,-3.889630266973318e-15,-5.98678564147921e-13,-1.145071555829534e-13,-1.0711613758787346e-13,-7.391017995079963e-15,-1.857680442125738e-07,-0.00028311313994913636,-1.5663226415442437e-11,-2.19160584175545e-13,-2.6883864138792447e-11,-7.755469757967701e-08,-1.3535321071266631e-06
76892,Disposal,-5.471771396345613e-08,-3.200974759656818e-05,-5.516176642041647e-09,-3.19991425689535e-05,-5.088850972623346e-09,-0.00022171704309074779,-0.00021689884573281414,-4.818197357933625e-06,-0.00016455689198939318,-1.2722912028651958e-09,-2.348161084958621e-08,-2.2472989485881818e-07,-6.375587855013461e-13,-3.990932904212319e-15,-6.335678525971338e-13,-1.1768973612672771e-13,-1.1017794723594533e-13,-7.51178889078242e-15,-1.863163405294009e-07,-0.0002833582154953575,-1.575423815967436e-11,-2.204322017091545e-13,-2.8393532521136072e-11,-7.793093332071744e-08,-1.3781794741126057e-06
76894,Disposal,-5.4894665686275046e-08,-3.2653109218399794e-05,-5.591003498242063e-09,-3.2642411654240016e-05,-5.106560661526456e-09,-0.00022511283044114827,-0.00022026582134816586,-4.8470090929823844e-06,-0.00016475899330895726,-1.275138474440852e-09,-2.366758078564458e-08,-2.2551934018719093e-07,-6.659837950051316e-13,-4.0732272678360305e-15,-6.619105677372956e-13,-1.2027514207142397e-13,-1.1266524355312368e-13,-7.609898518300321e-15,-1.8676175535472334e-07,-0.00028355730543680116,-1.5828172597888247e-11,-2.2146521485227987e-13,-2.96199290118286e-11,-7.823657275642504e-08,-1.3982020464403415e-06
76942,Disposal,-5.5171297239352145e-08,-5.2851197729976726e-05,-7.253160581030584e-09,-5.283879119652502e-05,-5.153372870666751e-09,-0.00029899199693243463,-0.0002937275021500637,-5.264494782370726e-06,-0.00015543133449594866,-1.5302073837718203e-09,-2.699143693269955e-08,-2.2879973814568346e-07,-1.4339933783840916e-12,-6.311134050448432e-15,-1.4276822443336435e-12,-1.8952063581905636e-13,-1.7979715855479317e-13,-9.723477264263308e-15,-1.80246358104785e-07,-0.0002635585907096724,-1.6666966917127272e-11,-2.3337360827511495e-13,-6.26717619989427e-11,-8.010021625937573e-08,-1.8988892050800373e-06
76943,Disposal,-5.529197027512023e-08,-5.3289941127137936e-05,-7.304189097457782e-09,-5.3277471487966547e-05,-5.165450073919717e-09,-0.00030130776962946027,-0.00029602362655274835,-5.28414307671165e-06,-0.0001555691584141113,-1.5321490936304029e-09,-2.7118259980185367e-08,-2.2933810399389368e-07,-1.4533779434728913e-12,-6.367255067677738e-15,-1.4470106884052136e-12,-1.9128376521429048e-13,-1.8149338164133438e-13,-9.790383572956197e-15,-1.805501107797605e-07,-0.00026369436100476853,-1.6717386845031608e-11,-2.340780763073185e-13,-6.350810868847814e-11,-8.030864846884918e-08,-1.912543689750675e-06
76944,Disposal,-5.511400104025481e-08,-5.2642880031856485e-05,-7.228931970071685e-09,-5.2630503461336066e-05,-5.147638550338134e-09,-0.00029789245574107895,-0.0002926372900733467,-5.2551656677320255e-06,-0.0001553658949666855,-1.5292854496053474e-09,-2.693122067533413e-08,-2.2854411917803316e-07,-1.4247894837967576e-12,-6.284487493027808e-15,-1.41850499630373e-12,-1.8868349260623593e-13,-1.7899178281313427e-13,-9.691709793101789e-15,-1.801021347194117e-07,-0.00026349412625156196,-1.6643027267235382e-11,-2.3303912310720713e-13,-6.227466014322978e-11,-8.000125153791767e-08,-1.8924059831466471e-06
76956,Disposal,-5.523226582325368e-08,-5.3072867496141154e-05,-7.278942118433363e-09,-5.306042907929196e-05,-5.1594747307479e-09,-0.00030016201292711633,-0.0002948875910829588,-5.274421844157327e-06,-0.00015550096835462016,-1.531188409066095e-09,-2.705551273523547e-08,-2.2907174094380152e-07,-1.443787194173083e-12,-6.33948851195514e-15,-1.4374477056611284e-12,-1.904114355058163e-13,-1.8065415464268676e-13,-9.757280863129613e-15,-1.8039982545009277e-07,-0.00026362718700026223,-1.6692440972579496e-11,-2.337295321818433e-13,-6.309431599360394e-11,-8.020552409861402e-08,-1.9057879674172488e-06
76957,Disposal,-5.5415305518615276e-08,-5.373836378739745e-05,-7.356343370851834e-09,-5.3725829650310256e-05,-5.177793716345406e-09,-0.0003036746313533645,-0.000298370406514796,-5.304224838568186e-06,-0.00015571002291128608,-1.5341336401919498e-09,-2.7247880912839336e-08,-2.2988834690902209e-07,-1.4731901578591038e-12,-6.424614189217269e-15,-1.4667655436698865e-12,-1.9308579158986265e-13,-1.8322702566602367e-13,-9.858765923839045e-15,-1.8086056464289504e-07,-0.00026383312657321967,-1.676891910363024e-11,-2.347980858416214e-13,-6.436290629876087e-11,-8.052167897018685e-08,-1.926499410520715e-06
76958,Disposal,-5.5369393490415765e-08,-5.357143669308344e-05,-7.336928737994767e-09,-5.355892656559841e-05,-5.1731987470319055e-09,-0.00030279355779212714,-0.00029749680846818477,-5.296749323942147e-06,-0.0001556575855496421,-1.5333948849496116e-09,-2.7199629012193466e-08,-2.2968351682542172e-07,-1.465814983336249e-12,-6.403262031220935e-15,-1.4594117213050288e-12,-1.9241498020272763e-13,-1.8258166987724898e-13,-9.833310325478722e-15,-1.807449969745225e-07,-0.00026378147054602656,-1.6749736018220756e-11,-2.34530059468088e-13,-6.404470453520932e-11,-8.044237753040686e-08,-1.9213043387198116e-06
76959,Disposal,-5.5181211634241404e-08,-5.288724451761926e-05,-7.257353040922324e-09,-5.287483279945482e-05,-5.154365123504725e-09,-0.000299182258864986,-0.00029391614979531577,-5.266109069669926e-06,-0.00015544265799287697,-1.5303669130169066e-09,-2.7001856607366973e-08,-2.2884396982992074e-07,-1.4355859979102654e-12,-6.315744905913007e-15,-1.429270253004352e-12,-1.896654930438204e-13,-1.799365188136381e-13,-9.728974230182344e-15,-1.8027131416849223e-07,-0.0002635697454826608,-1.6671109375899026e-11,-2.334314867747621e-13,-6.274047553790027e-11,-8.011734087399413e-08,-1.9000110460296109e-06
76970,Disposal,-5.512223332116377e-08,-5.267281098428004e-05,-7.232413121257798e-09,-5.266043010870499e-05,-5.148462453782181e-09,-0.0002980504371098401,-0.00029279393104093723,-5.256506068902565e-06,-0.0001553752972760172,-1.5294179125113959e-09,-2.693987250833052e-08,-2.2858084634633591e-07,-1.4261118934311321e-12,-6.288316053201067e-15,-1.419823577377931e-12,-1.8880377280278536e-13,-1.79107498679929e-13,-9.696274122856447e-15,-1.8012285664234443e-07,-0.0002635033884632997,-1.6646466900681873e-11,-2.330871817202648e-13,-6.23317154815803e-11,-8.001547072522772e-08,-1.8933374882899485e-06
76971,Disposal,-5.530953830535409e-08,-5.3353815025869035e-05,-7.31161801903645e-09,-5.334133619953183e-05,-5.1672083181748474e-09,-0.00030164490844839436,-0.0002963579048997732,-5.287003548620951e-06,-0.0001555892233337167,-1.5324317749873754e-09,-2.7136723352043024e-08,-2.2941648130029048e-07,-1.4562000206948842e-12,-6.375425374500326e-15,-1.4498245953203838e-12,-1.915404481619307e-13,-1.8174032411922946e-13,-9.800124042701323e-15,-1.8059433222611438e-07,-0.0002637141269502751,-1.6724727166025217e-11,-2.3418063538863894e-13,-6.362986715617733e-11,-8.03389928066246e-08,-1.914531560512312e-06
76972,Disposal,-5.5491713848421277e-08,-5.401616942953714e-05,-7.388653850884618e-09,-5.400359533486859e-05,-5.1854408176502936e-09,-0.0003051409433829228,-0.000299824277543392,-5.316665839530587e-06,-0.0001557972909188165,-1.5353631013248186e-09,-2.7328183336472083e-08,-2.302292319710785e-07,-1.4854641694725798e-12,-6.460149163258581e-15,-1.4790040203093212e-12,-1.9420217829103598e-13,-1.8430104831073513e-13,-9.901129980300951e-15,-1.8105289621408037e-07,-0.0002639190942578771,-1.6800844234672053e-11,-2.352441442787841e-13,-6.48924682947729e-11,-8.065365507323482e-08,-1.9351452224156787e-06
76973,Disposal,-5.543457826881329e-08,-5.3808435712253675e-05,-7.364493160436695e-09,-5.3795891496520786e-05,-5.1797225724473806e-09,-0.0003040444845556235,-0.00029873712167825263,-5.3073628773706355e-06,-0.00015573203483739,-1.5344437516333606e-09,-2.7268135884449086e-08,-2.2997432958478437e-07,-1.4762860763323197e-12,-6.433577304622745e-15,-1.469852499027697e-12,-1.933673818571898e-13,-1.8349793029371392e-13,-9.86945156347595e-15,-1.8090907713277745e-07,-0.00026385481051416837,-1.6776971695241255e-11,-2.349105967793029e-13,-6.44964796419999e-11,-8.055496778140165e-08,-1.928680175017644e-06
76974,Disposal,-5.525641520423466e-08,-5.316066989030069e-05,-7.289154069067168e-09,-5.314821884458161e-05,-5.161891649993232e-09,-0.00030062545098326435,-0.000295347097074726,-5.278353908538117e-06,-0.0001555285500118381,-1.5315769887585754e-09,-2.7080892871497146e-08,-2.2917948002480524e-07,-1.4476664804154527e-12,-6.350719586216963e-15,-1.441315760829236e-12,-1.9076427724227601e-13,-1.8099360692616412e-13,-9.770670316111979e-15,-1.8046061317309385e-07,-0.00026365435768144473,-1.6702531131000104e-11,-2.3387051203529876e-13,-6.326168772424135e-11,-8.024723605856633e-08,-1.908520536050427e-06
76975,Disposal,-5.5089614914379844e-08,-5.2554216879878204e-05,-7.218619908086285e-09,-5.254185306203291e-05,-5.145197937181517e-09,-0.00029742447443831276,-0.00029217327938237434,-5.2511950559381264e-06,-0.00015533804291675984,-1.528893060529174e-09,-2.690559172865062e-08,-2.2843532389284226e-07,-1.4208721675439737e-12,-6.2731463165862396e-15,-1.4145990212273878e-12,-1.8832719183786313e-13,-1.7864900275927096e-13,-9.678189078592291e-15,-1.800407510729354e-07,-0.00026346668920661465,-1.6632838191435173e-11,-2.328967611785553e-13,-6.210564760852132e-11,-7.99591306609192e-08,-1.8896466261799757e-06
76979,Disposal,-5.520909268193957e-08,-5.29886145171858e-05,-7.2691429863017324e-09,-5.2976188218683934e-05,-5.157155515557209e-09,-0.00029971730937244115,-0.00029444666063880865,-5.270648733632302e-06,-0.0001554745016869697,-1.53081553772282e-09,-2.703115859197084e-08,-2.289683572193443e-07,-1.440064728228177e-12,-6.328711454307853e-15,-1.4337360167738692e-12,-1.9007285741029764e-13,-1.8032842473099215e-13,-9.74443267930564e-15,-1.8034149507316187e-07,-0.00026360111469492497,-1.66827587092061e-11,-2.3359425144445556e-13,-6.29337102716974e-11,-8.016549834626763e-08,-1.9031658629775127e-06
76980,Disposal,-5.539527302450504e-08,-5.3665529583272236e-05,-7.347872311445098e-09,-5.3653005922137254e-05,-5.175788823524956e-09,-0.0003032901983056786,-0.00029798923520937224,-5.3009630963060835e-06,-0.00015568714326123607,-1.5338113039628305e-09,-2.7226827477532662e-08,-2.2979897474220133e-07,-1.469972196336056e-12,-6.415297742175464e-15,-1.463556898593881e-12,-1.9279310085741512e-13,-1.8294544180783598e-13,-9.847659049579211e-15,-1.8081013976020528e-07,-0.00026381058783770555,-1.67605490738025e-11,-2.3468113965214206e-13,-6.422406741047398e-11,-8.048707789313524e-08,-1.9242326789182327e-06
76981,Disposal,-5.556440877015924e-08,-5.4280473851122865e-05,-7.419394057132584e-09,-5.4267861740792216e-05,-5.19271627351083e-09,-0.00030653599335329646,-0.00030120749113946455,-5.3285022138316595e-06,-0.0001558803177431661,-1.5365328112381312e-09,-2.7404583100950272e-08,-2.305535501831209e-07,-1.4971416700267442e-12,-6.493957154657582e-15,-1.4906477128720869e-12,-1.9526430913563285e-13,-1.8532287397163252e-13,-9.941435164000416e-15,-1.812358805634381e-07,-0.00026400088395441977,-1.683121781970461e-11,-2.3566852449050223e-13,-6.539629383255435e-11,-8.077921720116918e-08,-1.943370852012101e-06
76982,Disposal,-5.553883774020745e-08,-5.4187502621232545e-05,-7.408580939573638e-09,-5.4174903883220224e-05,-5.190157072740338e-09,-0.000306045273180225,-0.00030072093450731916,-5.324338672905592e-06,-0.0001558511123824409,-1.5361213562628298e-09,-2.7377708862432984e-08,-2.3043946861434306e-07,-1.493034014233277e-12,-6.4820649187213505e-15,-1.4865519493145557e-12,-1.9489069597269685e-13,-1.8496343848486633e-13,-9.927257487830593e-15,-1.8117151433033307e-07,-0.00026397211376346226,-1.6820533664139925e-11,-2.355192452995306e-13,-6.521906910200817e-11,-8.073504970146687e-08,-1.940477419902213e-06
76983,Disposal,-5.534799205721296e-08,-5.349362529596599e-05,-7.32787880087498e-09,-5.3481126360317126e-05,-5.1710568479982895e-09,-0.0003023828541550402,-0.0002970895894675471,-5.293264687492837e-06,-0.00015563314239745377,-1.5330505215748678e-09,-2.717713687082926e-08,-2.2958803732856642e-07,-1.4623771194234636e-12,-6.393308936116781e-15,-1.455983810487347e-12,-1.9210228817720732e-13,-1.8228084372455787e-13,-9.821444452649523e-15,-1.806911262606361e-07,-0.0002637573916050856,-1.6740794014630083e-11,-2.3440512165212306e-13,-6.38963779625284e-11,-8.040541195661509e-08,-1.9188827079077796e-06
76988,Disposal,-5.5318157409707984e-08,-5.338515239217167e-05,-7.31526274468134e-09,-5.337266905849129e-05,-5.168070935697296e-09,-0.00030181031314223107,-0.0002965219062088502,-5.288406933380626e-06,-0.00015559906744450373,-1.5325704621413828e-09,-2.714578172265417e-08,-2.2945493422721625e-07,-1.4575845685210973e-12,-6.379433833398102e-15,-1.4512051346876995e-12,-1.9166638015784193e-13,-1.8186147731387092e-13,-9.804902843971112e-15,-1.8061602784342215e-07,-0.0002637238243804769,-1.672832842306957e-11,-2.342309522091689e-13,-6.368960344562474e-11,-8.035388013379535e-08,-1.915506835788398e-06
76989,Disposal,-5.549444559052023e-08,-5.4026101505920484e-05,-7.3898090115688875e-09,-5.401352598269295e-05,-5.18571421596462e-09,-0.0003051933668073256,-0.0002998762561785137,-5.317110628811654e-06,-0.00015580041091490417,-1.5354070568823367e-09,-2.73310542997799e-08,-2.302414192558586e-07,-1.485902988569039e-12,-6.4614196056935855e-15,-1.4794415689633452e-12,-1.942420912240635e-13,-1.8433944664873335e-13,-9.902644575330219e-15,-1.8105977243099676e-07,-0.00026392216776496624,-1.6801985618402105e-11,-2.352600917103597e-13,-6.491140113628611e-11,-8.065837346817508e-08,-1.935454326519812e-06
76990,Disposal,-5.546501612202623e-08,-5.3919101753229096e-05,-7.377364291777669e-09,-5.390654162008249e-05,-5.182768854804468e-09,-0.00030462860137159606,-0.0002993162825246068,-5.312318846989092e-06,-0.0001557667987277949,-1.5349335170501455e-09,-2.730012498026341e-08,-2.3011012380391858e-07,-1.4811755244431923e-12,-6.4477329382629675e-15,-1.4747277915049297e-12,-1.9381210319353448e-13,-1.8392577557825424e-13,-9.886327615280328e-15,-1.8098569391195347e-07,-0.0002638890564108305,-1.6789689319810746e-11,-2.350882876314551e-13,-6.470743478710898e-11,-8.060754148982309e-08,-1.932124301515812e-06
77002,Disposal,-5.5602907823622854e-08,-5.4420448828934655e-05,-7.435673995476683e-09,-5.440781658560196e-05,-5.1965693372111626e-09,-0.0003072748084191883,-0.00030194003769036065,-5.334770728827453e-06,-0.00015592428854708376,-1.5371522867587443e-09,-2.744504423010392e-08,-2.3072530831816162e-07,-1.5033260458731997e-12,-6.511861784544378e-15,-1.4968141840886554e-12,-1.9582681104352254e-13,-1.8586403035242061e-13,-9.962780691102023e-15,-1.8133278862909807e-07,-0.0002640441995784646,-1.684730359634614e-11,-2.358932752168147e-13,-6.566311861001685e-11,-8.084571459824701e-08,-1.9477271254082835e-06
77003,Disposal,-5.574466260375732e-08,-5.493584129755172e-05,-7.49561726350407e-09,-5.4923134923843835e-05,-5.210756444387728e-09,-0.0003099951497731518,-0.00030463729816609323,-5.35785160705834e-06,-0.00015608619049222052,-1.539433215984866e-09,-2.7594023437413197e-08,-2.313577274162575e-07,-1.5260971209909723e-12,-6.5777872202278834e-15,-1.519519333770745e-12,-1.9789796155514414e-13,-1.8785658593172783e-13,-1.0041375623416447e-14,-1.8168960731176677e-07,-0.0002642036891297769,-1.6906531954603482e-11,-2.3672081477758854e-13,-6.664557620989958e-11,-8.109056019974186e-08,-1.9637670672230854e-06
77004,Disposal,-5.5577287568158597e-08,-5.4327298624773594e-05,-7.4248400621252425e-09,-5.431467977950162e-05,-5.1940052098511e-09,-0.0003067831435852233,-0.0003014525444123463,-5.3305991728767174e-06,-0.0001558950269645775,-1.5367400397120222e-09,-2.7418118257332437e-08,-2.3061100713665413e-07,-1.4992104826367432e-12,-6.499946655458765e-15,-1.4927105359812844e-12,-1.9545247865654865e-13,-1.8550390293435271e-13,-9.948575722195984e-15,-1.8126829848777282e-07,-0.00026401537400344956,-1.6836598873247255e-11,-2.357437086559291e-13,-6.548555271299432e-11,-8.080146207389721e-08,-1.9448281232967678e-06
77038,Disposal,-5.582968293108041e-08,-5.524495846693479e-05,-7.531569463942536e-09,-5.5232207632018914e-05,-5.219265451948358e-09,-0.00031162673011298343,-0.0003062550352773562,-5.371694835626953e-06,-0.0001561832944936286,-1.5408012499179845e-09,-2.7683376762625622e-08,-2.317370336990826e-07,-1.5397545388090914e-12,-6.6173273480134355e-15,-1.5331372114610782e-12,-1.9914017641566908e-13,-1.890516618748563e-13,-1.0088514540812888e-14,-1.8190361661125367e-07,-0.0002642993462486714,-1.6942055373292244e-11,-2.372171485468136e-13,-6.723482524011825e-11,-8.123741135469387e-08,-1.9733873502360766e-06
77039,Disposal,-5.60114314828701e-08,-5.590576041439376e-05,-7.608424735723741e-09,-5.58929145344408e-05,-5.237455217266889e-09,-0.0003151145708827091,-0.00030971328327999135,-5.401287602717551e-06,-0.00015639087440051167,-1.5437257056801761e-09,-2.787438799448358e-08,-2.3254787940808823e-07,-1.5689500969512852e-12,-6.7018525573236026e-15,-1.5622482443939619e-12,-2.017956678613096e-13,-1.9160638412518213e-13,-1.0189283736127543e-14,-1.8236110579620415e-07,-0.00026450383314462726,-1.701799403531086e-11,-2.382781647367203e-13,-6.849446703705865e-11,-8.155133610165163e-08,-1.9939526969063335e-06
77040,Disposal,-5.597816581756029e-08,-5.578481300543899e-05,-7.594357818968737e-09,-5.577198452169833e-05,-5.23412592171437e-09,-0.00031447618701358274,-0.0003090803158121288,-5.395871201453642e-06,-0.00015635288078989182,-1.5431904388753491e-09,-2.783942696922735e-08,-2.323994693013332e-07,-1.5636063973392229e-12,-6.6863818022861284e-15,-1.5569200155369369e-12,-2.0130962993256744e-13,-1.9113879010860245e-13,-1.017083982396501e-14,-1.822773709770842e-07,-0.00026446640565167543,-1.700409488678994e-11,-2.38083965613183e-13,-6.826391321962983e-11,-8.149387806161811e-08,-1.990188595720511e-06
77208,Disposal,-5.1551571790882315e-08,-2.049827808021296e-05,-4.177322963291728e-09,-2.0489328780235686e-05,-4.771977013974883e-09,-0.00016095727557948193,-0.00015665459764091136,-4.302677938570572e-06,-0.000160940755899781,-1.2213458576103105e-09,-2.0154108590748095e-08,-2.1060459499010698e-07,-1.2895892610442968e-13,-2.5184654363437537e-15,-1.2644046066808583e-13,-7.142987120807774e-14,-6.567352738599246e-14,-5.756343822085307e-15,-1.783466715130322e-07,-0.0002797959610583939,-1.443135223855746e-11,-2.0194881864190295e-13,-6.4500013273109045e-12,-7.246222190282579e-08,-1.0199218112859727e-06
77209,Disposal,-5.2033583628138574e-08,-2.2250778210864783e-05,-4.381149350843664e-09,-2.224157684377334e-05,-4.820217740594765e-09,-0.00017020731097683772,-0.0001658261506300478,-4.3811603467899315e-06,-0.0001614912745768705,-1.2291017504690323e-09,-2.066068580359419e-08,-2.1275502329382978e-07,-2.0638790411425088e-13,-2.742633117642298e-15,-2.036452709966086e-13,-7.847244897789998e-14,-7.244885711177717e-14,-6.023591866122855e-15,-1.795599697780881e-07,-0.0002803382768207146,-1.4632747702994124e-11,-2.0476271926460137e-13,-9.790673100754214e-12,-7.329477568414237e-08,-1.074462771501231e-06
77210,Disposal,-5.2724185407093596e-08,-2.476167029753278e-05,-4.673181319690322e-09,-2.475210778163956e-05,-4.8893345735161525e-09,-0.00018346028612610678,-0.00017896668021980225,-4.493605906304578e-06,-0.00016228002943382612,-1.2402139950066488e-09,-2.1386483589725314e-08,-2.1583604640836513e-07,-3.17324162984223e-13,-3.0638090463709745e-15,-3.142603539378521e-13,-8.856269232950166e-14,-8.215620120578974e-14,-6.406491123711952e-15,-1.812983211534822e-07,-0.00028111527896312237,-1.4921296770181212e-11,-2.0879433140695014e-13,-1.4577015865233256e-11,-7.448761593828594e-08,-1.1526062552068962e-06
77211,Disposal,-5.268008060718303e-08,-2.4601313929428592e-05,-4.654530902118331e-09,-2.459177447805117e-05,-4.8849204752914665e-09,-0.00018261389413148625,-0.0001781274694822453,-4.486424649241022e-06,-0.00016222965615619403,-1.2395043192762584e-09,-2.1340131021417013e-08,-2.1563927902066448e-07,-3.1023929635139967e-13,-3.0432973701715544e-15,-3.071959989812281e-13,-8.791828599051901e-14,-8.15362484602621e-14,-6.382037530256944e-15,-1.8118730255792914e-07,-0.0002810656562643902,-1.4902868785689304e-11,-2.08536855315411e-13,-1.4271339430037619e-11,-7.441143602920162e-08,-1.1476156762391328e-06
77212,Disposal,-5.2515679230709506e-08,-2.400358289570707e-05,-4.585011159893932e-09,-2.3994129417696555e-05,-4.868466850617982e-09,-0.0001794589538702461,-0.00017499929747635267,-4.459656393893467e-06,-0.00016204188892457772,-1.2368589911676935e-09,-2.1167351050792052e-08,-2.1490582530477223e-07,-2.838303379403108e-13,-2.966839755403961e-15,-2.8086349818490687e-13,-8.551625062584583e-14,-7.922536427260093e-14,-6.290886353244933e-15,-1.8077347889338274e-07,-0.0002808806868281284,-1.4834178166476755e-11,-2.075771088945251e-13,-1.3131925425131454e-11,-7.412747414889635e-08,-1.1290132099913812e-06
77213,Disposal,-5.248573124072607e-08,-2.3894697900978536e-05,-4.572347175026853e-09,-2.388526008420873e-05,-4.865469594770844e-09,-0.00017888423776160582,-0.0001744294575765387,-4.454780185067126e-06,-0.00016200768452013606,-1.23637710797792e-09,-2.11358767837232e-08,-2.1477221654182858e-07,-2.7901958003223627e-13,-2.9529119408665548e-15,-2.7606666809136976e-13,-8.507868658238002e-14,-7.880440467974673e-14,-6.274281902633328e-15,-1.806980951756391e-07,-0.00028084699208089916,-1.4821665217861235e-11,-2.0740227777804742e-13,-1.2924365367315175e-11,-7.407574655555451e-08,-1.1256245128599757e-06
77214,Disposal,-5.248209908586529e-08,-2.3881492101087222e-05,-4.57081126045572e-09,-2.3872056183745452e-05,-4.865106081313006e-09,-0.00017881453498994344,-0.00017436034620168131,-4.454188788262181e-06,-0.0001620035361384276,-1.2363186641768158e-09,-2.1132059518785326e-08,-2.1475601219161893e-07,-2.784361212515477e-13,-2.951222746389732e-15,-2.75484898505158e-13,-8.502561790003265e-14,-7.875334981989738e-14,-6.272268080135299e-15,-1.8068895248068775e-07,-0.00028084290551148335,-1.482014762128258e-11,-2.0738107389458546e-13,-1.2899192049395794e-11,-7.406947292484684e-08,-1.1252135245844912e-06
77215,Disposal,-5.256070800702706e-08,-2.4167298660093294e-05,-4.604052295615694e-09,-2.415782163437539e-05,-4.8729734222837906e-09,-0.0001803230774096346,-0.0001758560893144604,-4.466988095174268e-06,-0.00016209331750050316,-1.2375835342964811e-09,-2.1214674685279255e-08,-2.1510671488380513e-07,-2.9106362945270985e-13,-2.9877811423132037e-15,-2.8807584831039666e-13,-8.617415699781684e-14,-7.985830475895228e-14,-6.315852238864613e-15,-1.8088682328030627e-07,-0.0002809313491008519,-1.485299220924199e-11,-2.07839978998381e-13,-1.3444005648913994e-11,-7.420524999399725e-08,-1.1341083394215164e-06
77216,Disposal,-5.2454463832317576e-08,-2.3781015760654058e-05,-4.559125253050224e-09,-2.3771594295112166e-05,-4.862340288839827e-09,-0.00017828420138862278,-0.00017383451224348666,-4.449689145136147e-06,-0.0001619719731724417,-1.2358739944631845e-09,-2.110301585504838e-08,-2.146327213783728e-07,-2.739968745902574e-13,-2.9383705086829714e-15,-2.710585040815745e-13,-8.462184478232993e-14,-7.836489887249477e-14,-6.256945909835188e-15,-1.8061939027786984e-07,-0.00028081181284438214,-1.4808600986339444e-11,-2.0721974412806148e-13,-1.2707660837207462e-11,-7.402173999992581e-08,-1.1220865199182482e-06
77217,Disposal,-5.2381976351831875e-08,-2.3517465554615748e-05,-4.528472766641919e-09,-2.350808199625498e-05,-4.855085594122413e-09,-0.0001768931323141069,-0.00017245524576715312,-4.4378865469537985e-06,-0.00016188918327232288,-1.2347076224183693e-09,-2.1026834103911934e-08,-2.1430932863642423e-07,-2.6235269679482733e-13,-2.904658991314132e-15,-2.594480378035132e-13,-8.35627448200451e-14,-7.734598907957857e-14,-6.216755740466564e-15,-1.8043692809019376e-07,-0.00028073025654181896,-1.477831407496117e-11,-2.067965749220154e-13,-1.220527300921347e-11,-7.389653617439323e-08,-1.113884362867959e-06
77218,Disposal,-5.234675933640712e-08,-2.3389423420869865e-05,-4.5135806903907415e-09,-2.3380058279175996e-05,-4.851561003475128e-09,-0.00017621730111227874,-0.00017178514869043812,-4.432152421840675e-06,-0.00016184896097227932,-1.2341409570850174e-09,-2.098982227943023e-08,-2.1415221285442778e-07,-2.5669553798226104e-13,-2.88828072820972e-15,-2.5380725725405134e-13,-8.304819610820908e-14,-7.685096619213449e-14,-6.1972299160746115e-15,-1.8034828142135147e-07,-0.00028069063356767076,-1.4763599608159038e-11,-2.0659098415852422e-13,-1.196119500058175e-11,-7.383570766958833e-08,-1.1098994610694559e-06
77219,Disposal,-5.2345560229457e-08,-2.3385063704107084e-05,-4.513073628905858e-09,-2.3375699189483765e-05,-4.851440994408758e-09,-0.00017619428968210948,-0.0001717623325019494,-4.431957180160111e-06,-0.00016184759143999638,-1.2341216626521582e-09,-2.0988562060884245e-08,-2.1414686320671084e-07,-2.5650291693336626e-13,-2.8877230634308493e-15,-2.536151938699354e-13,-8.303067619832761e-14,-7.683411111859572e-14,-6.1965650797319306e-15,-1.8034526308389636e-07,-0.0002806892844418828,-1.4763098594112362e-11,-2.0658398398231937e-13,-1.1952884369115941e-11,-7.383363651500588e-08,-1.1097637788322055e-06
77220,Disposal,-5.2381220497093105e-08,-2.351471741561567e-05,-4.528153141419029e-09,-2.3505334252527603e-05,-4.85500994664034e-09,-0.00017687862710376027,-0.00017244086362702094,-4.43776347673938e-06,-0.00016188831999030634,-1.2346954602100633e-09,-2.102603972759731e-08,-2.1430595649636844e-07,-2.6223127849049566e-13,-2.9043074684030873e-15,-2.5932697102209256e-13,-8.355170117885398e-14,-7.733536451668575e-14,-6.21633666216827e-15,-1.804350254870369e-07,-0.0002807294061229969,-1.477799826172922e-11,-2.0679216237453066e-13,-1.220003441879828e-11,-7.38952306261219e-08,-1.1137988358330403e-06
77221,Disposal,-5.2265342794215396e-08,-2.3093408904628108e-05,-4.479152407931186e-09,-2.30840863395501e-05,-4.843412670072024e-09,-0.0001746548791155689,-0.00017023598314472427,-4.418895970844634e-06,-0.0001617559729507491,-1.2328309104650816e-09,-2.0904256403584067e-08,-2.13788984354238e-07,-2.4361702171410764e-13,-2.8504166010829823e-15,-2.407666051130246e-13,-8.185863542563526e-14,-7.570654633385432e-14,-6.1520890917809745e-15,-1.8014334340582397e-07,-0.0002805990310991597,-1.472958193253334e-11,-2.0611568865525334e-13,-1.1396922666650166e-11,-7.369508114379741e-08,-1.1006869562193275e-06
77222,Disposal,-5.220421135154869e-08,-2.2871147016060863e-05,-4.453302003103951e-09,-2.2861856419546998e-05,-4.837294510753883e-09,-0.00017348173778406695,-0.00016907279539209237,-4.408942391974628e-06,-0.00016168615308670385,-1.231847264664346e-09,-2.084000944230685e-08,-2.1351625498454823e-07,-2.337970447672908e-13,-2.821986399378733e-15,-2.3097505836791206e-13,-8.096545624229326e-14,-7.484726104526573e-14,-6.118195197027544e-15,-1.799894661198426e-07,-0.00028053025157473915,-1.4704039830999848e-11,-2.0575881400759843e-13,-1.0973239949335549e-11,-7.358949200715045e-08,-1.0937697659665626e-06
77223,Disposal,-5.2181935551613094e-08,-2.2790156593668527e-05,-4.443882326075798e-09,-2.2780877646239126e-05,-4.8350651033164045e-09,-0.00017305425463535115,-0.0001686489392464682,-4.4053153888829415e-06,-0.0001616607112967647,-1.2314888321440447e-09,-2.0816598372758184e-08,-2.1341687462297408e-07,-2.302187251285413e-13,-2.811626665374989e-15,-2.274070984631663e-13,-8.06399890207321e-14,-7.453414448296648e-14,-6.105844537765637e-15,-1.799333944898004e-07,-0.0002805051888760881,-1.469473249718153e-11,-2.0562877179189965e-13,-1.08188534170477e-11,-7.355101618553205e-08,-1.091249198162739e-06
77224,Disposal,-5.220573342397053e-08,-2.2876680971685957e-05,-4.453945635685887e-09,-2.2867389579207408e-05,-4.837446842862604e-09,-0.0001735109470745681,-0.0001691017568548434,-4.409190219724732e-06,-0.00016168789148653416,-1.2318717558276631e-09,-2.0841609086020163e-08,-2.1352304549748437e-07,-2.3404154604914994e-13,-2.822694264661702e-15,-2.3121885178448823e-13,-8.098769493556512e-14,-7.486865583628005e-14,-6.119039099285084e-15,-1.7999329741128808e-07,-0.0002805319640718231,-1.4704675787336624e-11,-2.0576769959962043e-13,-1.0983788952459079e-11,-7.35921210030636e-08,-1.0939419926319432e-06
77225,Disposal,-5.2268370905191924e-08,-2.31044185198944e-05,-4.480432892918785e-09,-2.3095094371271883e-05,-4.843715729587378e-09,-0.00017471298999906798,-0.00017029360098339867,-4.419389015669314e-06,-0.0001617594314376991,-1.232879634796069e-09,-2.0907438839989382e-08,-2.138024938472575e-07,-2.4410344864409216e-13,-2.851824874830338e-15,-2.4125162376926176e-13,-8.190287854457862e-14,-7.574911053814652e-14,-6.153768006432142e-15,-1.8015096562899408e-07,-0.00028060243805348256,-1.4730847145893982e-11,-2.0613336623639106e-13,-1.1417909547229112e-11,-7.370031144116542e-08,-1.1010295952740823e-06
77226,Disposal,-5.217220172664606e-08,-2.2754766322708424e-05,-4.4397662230535405e-09,-2.2745492465563083e-05,-4.8340909222841014e-09,-0.00017286745792510996,-0.0001684637274226667,-4.403730502443332e-06,-0.00016164959403359877,-1.2313322083897826e-09,-2.080636847062507e-08,-2.1337344852615505e-07,-2.28655111828888e-13,-2.8070997869782934e-15,-2.2584801204190964e-13,-8.049777006669475e-14,-7.439732237913568e-14,-6.10044768755911e-15,-1.799088929484854e-07,-0.00028049423726390915,-1.469066548461366e-11,-2.0557194742780953e-13,-1.0751391351177863e-11,-7.353420345987553e-08,-1.09014778919467e-06
77227,Disposal,-5.208668111427102e-08,-2.244383021538416e-05,-4.403602469107461e-09,-2.2434601081069872e-05,-4.8255318451763006e-09,-0.0001712262768782386,-0.00016683647106206396,-4.3898058161746444e-06,-0.0001615519186431839,-1.229956124535559e-09,-2.071648936370429e-08,-2.1299191029163818e-07,-2.1491732967676052e-13,-2.7673269932467745e-15,-2.1215000268351374e-13,-7.924824564214454e-14,-7.31952142514802e-14,-6.05303139066437e-15,-1.7969362435422887e-07,-0.00028039801726989765,-1.4654933035497435e-11,-2.0507269308213725e-13,-1.0158675003307381e-11,-7.338648818877629e-08,-1.0804708975571485e-06
77228,Disposal,-5.20313283654433e-08,-2.224257851977291e-05,-4.380195677069228e-09,-2.2233378332066524e-05,-4.819992029309833e-09,-0.00017016403141781195,-0.00016578323827869996,-4.3807931391120034e-06,-0.00016148869878071878,-1.2290654617838154e-09,-2.0658315603109256e-08,-2.1274496175517578e-07,-2.0602562528177875e-13,-2.74158426993765e-15,-2.032840410118411e-13,-7.843949778937052e-14,-7.241715633765149e-14,-6.0223414517190625e-15,-1.795542929334467e-07,-0.00028033573940479807,-1.4631805403152428e-11,-2.0474955343627086e-13,-9.775042587464962e-12,-7.329088028710088e-08,-1.0742075823472922e-06
77229,Disposal,-5.2029879155042196e-08,-2.223730947610848e-05,-4.379582855354016e-09,-2.222811004626374e-05,-4.819846989380582e-09,-0.0001701362203839902,-0.00016575566320904653,-4.38055717494369e-06,-0.00016148704359856105,-1.2290421430191465e-09,-2.065679253477551e-08,-2.127384963059405e-07,-2.0579282834277127e-13,-2.7409102903582724e-15,-2.0305191805241298e-13,-7.841832366839312e-14,-7.239678572110106e-14,-6.0215379472920795e-15,-1.7955064504696456e-07,-0.00028033410888541515,-1.4631199890218434e-11,-2.047410931999553e-13,-9.76499856798962e-12,-7.328837714193699e-08,-1.0740436002192183e-06
77230,Disposal,-5.208546664004601e-08,-2.243941462623572e-05,-4.403088909325468e-09,-2.2430186127028267e-05,-4.825410298121753e-09,-0.00017120297054278735,-0.00016681336247043255,-4.38960807235482e-06,-0.00016155053155952323,-1.2299365828329681e-09,-2.0715212994701646e-08,-2.1298649208497653e-07,-2.1472224007357287e-13,-2.7667621816592254e-15,-2.119554778919136e-13,-7.923050120410794e-14,-7.317814317006283e-14,-6.0523580340451296e-15,-1.7969056733496864e-07,-0.0002803966508542534,-1.46544256006552e-11,-2.05065603194475e-13,-1.015025786611388e-11,-7.338439049110542e-08,-1.0803334764706333e-06
77231,Disposal,-5.2000620023639076e-08,-2.2130929035539596e-05,-4.367210165316457e-09,-2.2121744906698377e-05,-4.816918675903493e-09,-0.00016957472379769184,-0.00016519893066984707,-4.375793127844774e-06,-0.00016145362595802233,-1.2285713440246785e-09,-2.0626042233453314e-08,-2.126079607890748e-07,-2.0109272667121285e-13,-2.7273028410458582e-15,-1.98365423830167e-13,-7.799082439875505e-14,-7.198550896932112e-14,-6.005315429433943e-15,-1.7947699529269601e-07,-0.00028030118917904016,-1.461897476232222e-11,-2.0457028351913185e-13,-9.562212771378727e-12,-7.323783937791367e-08,-1.0707328493238154e-06
77232,Disposal,-5.1901182580554577e-08,-2.1769394072022492e-05,-4.325161457702378e-09,-2.176026194379076e-05,-4.806966774027132e-09,-0.00016766647217966133,-0.00016330686971228849,-4.359602467372888e-06,-0.00016134005578113283,-1.2269713290559622e-09,-2.0521537034873506e-08,-2.1216433456347026e-07,-1.851193853570894e-13,-2.6810577920084925e-15,-1.8243832756508092e-13,-7.653796396665221e-14,-7.058778092218149e-14,-5.950183044470756e-15,-1.7922669588539772e-07,-0.0002801893112362565,-1.4577427546082908e-11,-2.0398978515500925e-13,-8.873043266275618e-12,-7.306608629459584e-08,-1.059481230156017e-06
77233,Disposal,-5.186402384210201e-08,-2.1634292215678727e-05,-4.309448292922261e-09,-2.162517951953401e-05,-4.803247851783576e-09,-0.00016695337839349222,-0.00016259982620757464,-4.353552185917662e-06,-0.0001612976157870205,-1.2263734201003566e-09,-2.048248452889081e-08,-2.1199855605613337e-07,-1.791503138112648e-13,-2.6637764980753233e-15,-1.7648653731318944e-13,-7.599504513115149e-14,-7.006546448563197e-14,-5.929580645519558e-15,-1.791331615996988e-07,-0.0002801475036124324,-1.456190178341464e-11,-2.0377285895281142e-13,-8.615507788740703e-12,-7.300190395338251e-08,-1.0552766170761238e-06
77234,Disposal,-5.190495516874559e-08,-2.1783110459850815e-05,-4.3267567567453906e-09,-2.1773976358751728e-05,-4.807344342338749e-09,-0.0001677388699334285,-0.00016337865320353436,-4.360216729894191e-06,-0.00016134436455552295,-1.2270320325232797e-09,-2.0525501890222076e-08,-2.121811654373144e-07,-1.8572540293903303e-13,-2.6828122973585855e-15,-1.8304259064167443e-13,-7.659308449207327e-14,-7.064080976284074e-14,-5.9522747292325795e-15,-1.7923619207273823e-07,-0.0002801935558084487,-1.457900381888812e-11,-2.0401180886363912e-13,-8.899189883243139e-12,-7.307260248843385e-08,-1.0599081088476398e-06
77235,Disposal,-5.200433780822284e-08,-2.2144446168242987e-05,-4.368782289780702e-09,-2.2135260095193837e-05,-4.817290759358452e-09,-0.0001696460698442856,-0.00016526967137718394,-4.376398467101661e-06,-0.00016145787213973938,-1.2286311656652998e-09,-2.062994949216947e-08,-2.126245471643008e-07,-2.0168994076126666e-13,-2.729031859060137e-15,-1.9896090890220652e-13,-7.804514419972032e-14,-7.203776747099586e-14,-6.007376728724478e-15,-1.7948635353088995e-07,-0.00028030537209121137,-1.4620528136938883e-11,-2.0459198729390818e-13,-9.587979561857252e-12,-7.324426091235348e-08,-1.0711535268371036e-06
77236,Disposal,-5.197425156459565e-08,-2.2035058510488333e-05,-4.356059842156915e-09,-2.2025888170979363e-05,-4.814279666804999e-09,-0.00016906870058275633,-0.00016469720083529522,-4.3714997474611286e-06,-0.0001614235098320946,-1.2281470578819262e-09,-2.0598329925462503e-08,-2.1249032160208867e-07,-1.968569741904278e-13,-2.715039747349184e-15,-1.941419344430786e-13,-7.760556016014061e-14,-7.161486453577987e-14,-5.990695624360791e-15,-1.7941062180736483e-07,-0.0002802715217935902,-1.4607957422819198e-11,-2.0441634907689028e-13,-9.37946131171131e-12,-7.319229452073949e-08,-1.0677491859270587e-06
77237,Disposal,-5.182663574206452e-08,-2.1498356445774226e-05,-4.293638138940464e-09,-2.148926330166071e-05,-4.799505974565348e-09,-0.0001662358830499023,-0.00016188841849068365,-4.347464559218718e-06,-0.00016125491383287618,-1.2257718205634397e-09,-2.044319097208023e-08,-2.1183175428420867e-07,-1.7314439828829777e-13,-2.6463885356940077e-15,-1.7049800975260375e-13,-7.544877513977807e-14,-6.953992406111352e-14,-5.908851078664574e-15,-1.790390499754544e-07,-0.00028010543793186954,-1.4546280188280554e-11,-2.035545937778816e-13,-8.356382678517549e-12,-7.293732544792582e-08,-1.0510460511043916e-06
77238,Disposal,-5.172801087115209e-08,-2.113977583467679e-05,-4.251933040419888e-09,-2.1130734266239803e-05,-4.789635396567327e-09,-0.00016434322507661987,-0.00016001181887278015,-4.331406203839749e-06,-0.00016114227171650847,-1.2241848804244665e-09,-2.0339539757810236e-08,-2.1139175323554493e-07,-1.5730158620183884e-13,-2.6005213869603707e-15,-1.5470106481487847e-13,-7.400778703584863e-14,-6.815361781727042e-14,-5.854169218578244e-15,-1.7879079593785534e-07,-0.0002799944742211916,-1.4505072483101618e-11,-2.0297883906767833e-13,-7.672844854442348e-12,-7.276697587792896e-08,-1.039886376704508e-06
77239,Disposal,-5.171906194833229e-08,-2.1107239313374354e-05,-4.248148845780133e-09,-2.109820242475843e-05,-4.788739770140909e-09,-0.0001641714910102478,-0.00015984154189305945,-4.329949117188379e-06,-0.00016113205091118513,-1.224040886270741e-09,-2.0330134759779812e-08,-2.1135182886972627e-07,-1.558640572976296e-13,-2.596359540458724e-15,-1.5326769775717088e-13,-7.387703612883063e-14,-6.802782857703108e-14,-5.8492075517995786e-15,-1.78768270116512e-07,-0.00027998440570932973,-1.4501333420430951e-11,-2.0292659682475232e-13,-7.610822697399393e-12,-7.275151887260985e-08,-1.03887378156522e-06
77240,Disposal,-5.182275919605445e-08,-2.1484262087785417e-05,-4.29199887967681e-09,-2.1475170970903793e-05,-4.799118001943418e-09,-0.00016616149029636168,-0.00016181465692634406,-4.34683337001769e-06,-0.00016125048632546622,-1.2257094443452803e-09,-2.0439116860779497e-08,-2.118144596171146e-07,-1.7252168122500595e-13,-2.6445856830182893e-15,-1.6987709554198763e-13,-7.539213570762293e-14,-6.948543395239559e-14,-5.906701755227393e-15,-1.7902929211022186e-07,-0.0002801010763958198,-1.4544660479543621e-11,-2.03531963181725e-13,-8.32951556274706e-12,-7.293062969319601e-08,-1.0506074093006726e-06
77241,Disposal,-5.196950220015766e-08,-2.2017790756556232e-05,-4.354051497710284e-09,-2.200862290071778e-05,-4.813804340736711e-09,-0.00016897755803029028,-0.00016460683158657358,-4.3707264437167074e-06,-0.0001614180854552944,-1.2280706374314706e-09,-2.059333851319038e-08,-2.1246913297782108e-07,-1.9609405011635647e-13,-2.712830975838992e-15,-1.9338121914051748e-13,-7.75361681539148e-14,-7.154810578097728e-14,-5.988062372937547e-15,-1.7939866692329904e-07,-0.0002802661782418417,-1.4605973030771455e-11,-2.043886231197321e-13,-9.346544967145752e-12,-7.318409119248886e-08,-1.0672117823264856e-06
77242,Disposal,-5.182167187811758e-08,-2.1480308813863212e-05,-4.291539089957841e-09,-2.1471218265592295e-05,-4.799009180949229e-09,-0.00016614062415029057,-0.00016179396782017855,-4.346656330112049e-06,-0.00016124924447042052,-1.2256919486724154e-09,-2.0437974128490864e-08,-2.1180960870042364e-07,-1.7234701763769112e-13,-2.644080007593119e-15,-1.6970293763009796e-13,-7.537624912447491e-14,-6.94701502249648e-14,-5.9060988995101376e-15,-1.7902655516298447e-07,-0.0002800998530448349,-1.4544206173478999e-11,-2.0352561561018599e-13,-8.321979705617228e-12,-7.29287516259166e-08,-1.0504843762966002e-06
77243,Disposal,-5.1651463775502976e-08,-2.0861465667254955e-05,-4.2195638810387306e-09,-2.0852464128966616e-05,-4.781974407294169e-09,-0.00016287425006482426,-0.0001585553074561588,-4.3189426086655365e-06,-0.00016105484522077826,-1.2229531864563677e-09,-2.0259091496236157e-08,-2.1105024908911435e-07,-1.4500528364738483e-13,-2.5649218775386174e-15,-1.424403617698461e-13,-7.288937285491984e-14,-6.707764463054092e-14,-5.811728224378955e-15,-1.785981150716036e-07,-0.00027990835040986214,-1.4473089372547143e-11,-2.025319705398453e-13,-7.142321116208672e-12,-7.263476009191373e-08,-1.0312248630741434e-06
77244,Disposal,-5.1657283318919675e-08,-2.0882624381232085e-05,-4.222024767722715e-09,-2.0873619799625297e-05,-4.782556839054799e-09,-0.00016298592985863872,-0.00015866603969693244,-4.319890161706307e-06,-0.00016106149187775925,-1.223046826802388e-09,-2.0265207628364463e-08,-2.1107621216701145e-07,-1.4594011815643672e-13,-2.567628353714313e-15,-1.433724898027223e-13,-7.297440103043157e-14,-6.71594462014859e-14,-5.814954828945674e-15,-1.7861276376150107e-07,-0.0002799148980294027,-1.4475520909614545e-11,-2.0256594401430864e-13,-7.1826545331993265e-12,-7.264481188421968e-08,-1.0318833603587075e-06
77245,Disposal,-5.1829268351556194e-08,-2.150792809551705e-05,-4.2947513798218015e-09,-2.1498833574685737e-05,-4.7997694514863866e-09,-0.00016628640407263074,-0.0001619385108651573,-4.347893207473465e-06,-0.00016125792060694817,-1.2258141810110012e-09,-2.0445957750561016e-08,-2.118434993027455e-07,-1.7356729301138066e-13,-2.6476128748489804e-15,-1.709196801365317e-13,-7.548723966626815e-14,-6.957692895594524e-14,-5.9103107103229355e-15,-1.7904567666028232e-07,-0.0002801083999039893,-1.4547380152161677e-11,-2.035699624906711e-13,-8.374628463246388e-12,-7.294187261630969e-08,-1.051343938082365e-06
77246,Disposal,-5.1912807167001536e-08,-2.1811658779426845e-05,-4.3300770993508406e-09,-2.1802520572141165e-05,-4.8081301863201765e-09,-0.00016788955349800836,-0.0001635280582855442,-4.361495212464179e-06,-0.00016135333253381365,-1.2271583764270864e-09,-2.0533754059742248e-08,-2.1221619602782122e-07,-1.869867250753385e-13,-2.6864640007122092e-15,-1.8430026107462632e-13,-7.670780845545302e-14,-7.075118024148527e-14,-5.956628213967793e-15,-1.7925595676547977e-07,-0.00028020239016082515,-1.4582284561627786e-11,-2.0405764745322146e-13,-8.953609602659307e-12,-7.308616483345031e-08,-1.0607965839666855e-06
77247,Disposal,-5.1729696458546245e-08,-2.11459042985446e-05,-4.252645817913921e-09,-2.1136861848633095e-05,-4.7898040935875865e-09,-0.0001643755722968666,-0.00016004389164134803,-4.331680655518592e-06,-0.0001611441968711844,-1.2242120026530566e-09,-2.0341311249915076e-08,-2.1139927324762893e-07,-1.5757235405272514e-13,-2.6013052976209976e-15,-1.5497104875510413e-13,-7.403241481341264e-14,-6.817731103286036e-14,-5.855103780552295e-15,-1.7879503882174916e-07,-0.0002799963706904107,-1.4505776759697866e-11,-2.0298867923144906e-13,-7.684527128183545e-12,-7.276988730468298e-08,-1.0400771055370761e-06
77248,Disposal,-5.155159120072552e-08,-2.0498348650581017e-05,-4.177331171053279e-09,-2.0489399340453405e-05,-4.771978956551533e-09,-0.000160957648063564,-0.0001566549669646328,-4.302681098931211e-06,-0.0001609407780682847,-1.2213461699276703e-09,-2.0154128989799564e-08,-2.10604681584404e-07,-1.2896204404512537e-13,-2.518474463216562e-15,-1.2644356958190868e-13,-7.143015480138344e-14,-6.567380021764827e-14,-5.756354583735193e-15,-1.7834672037060637e-07,-0.0002797959828965794,-1.4431360348429639e-11,-2.0194893195316562e-13,-6.450135850802509e-12,-7.246225542843058e-08,-1.0199240075629198e-06
77249,Disposal,-5.1721781013775056e-08,-2.1117125299931937e-05,-4.249298645938305e-09,-2.110808698938625e-05,-4.789011899749661e-09,-0.00016422367116361616,-0.00015989327932119251,-4.330391842423655e-06,-0.00016113515642892303,-1.2240846378523827e-09,-2.0332992400375085e-08,-2.113639595993803e-07,-1.563008400529541e-13,-2.5976240874023744e-15,-1.537032159655517e-13,-7.391676384579081e-14,-6.806604872744408e-14,-5.850715118346757e-15,-1.7877511442432626e-07,-0.0002799874649538014,-1.4502469507566899e-11,-2.0294247025223106e-13,-7.629667681013335e-12,-7.275621537182636e-08,-1.0391814512709708e-06
77250,Disposal,-5.1902278999960735e-08,-2.1773380437094943e-05,-4.325625096122695e-09,-2.17642477354929e-05,-4.80707650591491e-09,-0.00016768751298723792,-0.00016332773199803473,-4.3597809892031885e-06,-0.00016134130803121125,-1.2269889711775556e-09,-2.052268933248106e-08,-2.1216922608509176e-07,-1.8529551097792965e-13,-2.681567700224458e-15,-1.826139432777052e-13,-7.655398352953303e-14,-7.060319258309996e-14,-5.9507909464330996e-15,-1.7922945574243945e-07,-0.00028019054482738464,-1.4577885654947573e-11,-2.0399618585933073e-13,-8.880642202813907e-12,-7.306798008236609e-08,-1.05960529301628e-06
77251,Disposal,-5.1871036236161104e-08,-2.1659787899715666e-05,-4.312413595511699e-09,-2.165067153645368e-05,-4.803949666466554e-09,-0.00016708794955596842,-0.00016273325559399763,-4.354693961970867e-06,-0.00016130562483078717,-1.2264862542110603e-09,-2.04898543044093e-08,-2.120298408701068e-07,-1.8027676437415712e-13,-2.667037729429158e-15,-1.77609726644728e-13,-7.609750180689404e-14,-7.016403318923055e-14,-5.933468617663525e-15,-1.7915081287895827e-07,-0.000280155393318734,-1.456483172050163e-11,-2.0381379608025176e-13,-8.664108476704793e-12,-7.30140160940785e-08,-1.0560700886795767e-06
77252,Disposal,-5.173064755589811e-08,-2.114936230124197e-05,-4.253048004587475e-09,-2.1140319353956024e-05,-4.789899281348122e-09,-0.0001643938243054088,-0.0001600619887897709,-4.3318355156379e-06,-0.00016114528314503798,-1.2242273064455967e-09,-2.034231081923767e-08,-2.1140351643525823e-07,-1.5772513556191274e-13,-2.6017476213806566e-15,-1.5512338794053208e-13,-7.404631110505822e-14,-6.819067999532579e-14,-5.855631109732467e-15,-1.7879743288072807e-07,-0.0002799974407784159,-1.4506174149716321e-11,-2.0299423157108842e-13,-7.691118883471627e-12,-7.277153008528604e-08,-1.040184724808677e-06
77253,Disposal,-5.166020049953647e-08,-2.0893230675552923e-05,-4.223258344039726e-09,-2.0884224568412445e-05,-4.782848796433764e-09,-0.00016304191193600726,-0.00015872154679144303,-4.320365144564239e-06,-0.00016106482366816328,-1.2230937661896907e-09,-2.0268273480926584e-08,-2.110892267597674e-07,-1.464087255564421e-13,-2.5689850374391738e-15,-1.4383974051900282e-13,-7.301702336825491e-14,-6.720045112920918e-14,-5.816572239045767e-15,-1.7862010675581706e-07,-0.0002799181801750011,-1.4476739773758028e-11,-2.0258297400344927e-13,-7.202872590498574e-12,-7.264985057739187e-08,-1.0322134473392824e-06
77254,Disposal,-5.172354464659502e-08,-2.1123537521600605e-05,-4.250044426184507e-09,-2.1114498288766702e-05,-4.789188407715129e-09,-0.00016425751611253995,-0.00015992683711088036,-4.3306790016596475e-06,-0.00016113717072137787,-1.2241130158840752e-09,-2.033484591543295e-08,-2.1137182780020087e-07,-1.5658414489378898e-13,-2.59844429439597e-15,-1.53985700599393e-13,-7.394253192933562e-14,-6.809083897728212e-14,-5.8516929520535356e-15,-1.787795537606149e-07,-0.0002799894492326163,-1.4503206393309984e-11,-2.0295276603151847e-13,-7.641890862945776e-12,-7.275926160235355e-08,-1.039381011157333e-06
77255,Disposal,-5.186705826618057e-08,-2.164532478414096e-05,-4.310731447505673e-09,-2.163621050115033e-05,-4.80355154312704e-09,-0.00016701161042840883,-0.000162657564169751,-4.354046258657866e-06,-0.000161301081484334,-1.226422246013378e-09,-2.048567360014072e-08,-2.1201209371417347e-07,-1.7963775485957833e-13,-2.665187707836562e-15,-1.7697256715174175e-13,-7.60393804895559e-14,-7.010811742913056e-14,-5.93126306042537e-15,-1.7914079971392216e-07,-0.000280150917669682,-1.456316963453232e-11,-2.0379057338873238e-13,-8.636538423435533e-12,-7.300714515504079e-08,-1.055619970475674e-06
77256,Disposal,-5.203311282475033e-08,-2.224906646244778e-05,-4.380950264127416e-09,-2.2239865341562016e-05,-4.820170621632556e-09,-0.0001701982760368844,-0.00016581719234751415,-4.3810836893702354e-06,-0.00016149073685966435,-1.229094174927615e-09,-2.066019100606065e-08,-2.127529228704516e-07,-2.063122756288544e-13,-2.7424141626380187e-15,-2.0356986146621637e-13,-7.846557016451888e-14,-7.244223933199506e-14,-6.023330832523869e-15,-1.7955878469322093e-07,-0.00028033774711567696,-1.4632550990673585e-11,-2.0475997079693952e-13,-9.78741011120009e-12,-7.329396249012754e-08,-1.074409498807736e-06
77257,Disposal,-5.191062706266606e-08,-2.1803732349332305e-05,-4.329155207486701e-09,-2.1794595282127782e-05,-4.807911997037007e-09,-0.00016784771626349594,-0.00016348657602123206,-4.36114024226388e-06,-0.00016135084257804511,-1.2271232970901492e-09,-2.0531462848007153e-08,-2.1220646979766315e-07,-1.8663651946293834e-13,-2.6854501066621093e-15,-1.8395106935627623e-13,-7.667595539056506e-14,-7.072053591998162e-14,-5.955419470583462e-15,-1.7925046910604193e-07,-0.000280199937306241,-1.458137366465135e-11,-2.0404492038622234e-13,-8.938499988218855e-12,-7.308239925350417e-08,-1.0605498991871105e-06
77258,Disposal,-5.1831674009540925e-08,-2.151667459426808e-05,-4.2957686506413395e-09,-2.15075788154028e-05,-4.8000102146382694e-09,-0.0001663325697884757,-0.00016198428488557615,-4.348284902899596e-06,-0.000161260668173603,-1.2258528896570182e-09,-2.0448486011119724e-08,-2.118542318089198e-07,-1.7395373090522812e-13,-2.648731666402947e-15,-1.7130499923882515e-13,-7.552238825004878e-14,-6.961074373972068e-14,-5.911644510328143e-15,-1.7905173207310333e-07,-0.00028011110653097034,-1.4548385290562156e-11,-2.0358400630034136e-13,-8.391301318776024e-12,-7.294602778325151e-08,-1.0516161448754254e-06
77259,Disposal,-5.182876893666478e-08,-2.1506112321308193e-05,-4.294540194275433e-09,-2.149701806164489e-05,-4.799719469026654e-09,-0.00016627682006438346,-0.00016192900817292832,-4.347811891455166e-06,-0.00016125735021177507,-1.225806145091361e-09,-2.044543288336027e-08,-2.1184127123315305e-07,-1.7348706845742535e-13,-2.647380613585747e-15,-1.7083968784383963e-13,-7.547994281598287e-14,-6.956990900270394e-14,-5.9100338132789686e-15,-1.7904441955584116e-07,-0.00028010783800789754,-1.4547171485306991e-11,-2.0356704699406852e-13,-8.371167176402314e-12,-7.294101000314511e-08,-1.0512874279188832e-06
77260,Disposal,-5.190550633650644e-08,-2.178511439730263e-05,-4.326989826817421e-09,-2.1775980007971473e-05,-4.807399504331086e-09,-0.00016774944710374603,-0.00016338914063129814,-4.360306472447921e-06,-0.00016134499405903946,-1.2270409011812044e-09,-2.052608114783884e-08,-2.1218362439508558e-07,-1.8581394092323958e-13,-2.683068627160897e-15,-1.831308722960787e-13,-7.660113749309931e-14,-7.064855717281144e-14,-5.952580320287898e-15,-1.792375794471475e-07,-0.00028019417593214965,-1.4579234109263993e-11,-2.0401502648442264e-13,-8.903009852876201e-12,-7.307355449161712e-08,-1.0599704749901136e-06
77261,Disposal,-5.203609103197576e-08,-2.2259894637501252e-05,-4.382209646518508e-09,-2.2250691959168057e-05,-4.820468686678835e-09,-0.00017025542924376953,-0.00016587386063503188,-4.381568608737689e-06,-0.00016149413835019863,-1.2291420962738686e-09,-2.0663320995407216e-08,-2.127662097248748e-07,-2.067906861655716e-13,-2.743799227809757e-15,-2.0404688693776184e-13,-7.850908414981656e-14,-7.248410207142237e-14,-6.0249820783942255e-15,-1.7956628130093942e-07,-0.00028034109792285004,-1.4633795353116565e-11,-2.0477735704872502e-13,-9.808051124645033e-12,-7.329910659136204e-08,-1.0747464911163049e-06
77262,Disposal,-5.2207736481697805e-08,-2.28839636951741e-05,-4.454792660570032e-09,-2.287467125520056e-05,-4.83764731296055e-09,-0.00017354938670083474,-0.00016913987033809425,-4.4095163627405e-06,-0.00016169017923261202,-1.231903986366255e-09,-2.0843714228098058e-08,-2.1353198185899622e-07,-2.343633114099349e-13,-2.823625820220141e-15,-2.315396855897148e-13,-8.101696120815721e-14,-7.489681152772388e-14,-6.120149680433371e-15,-1.7999833941705947e-07,-0.00028053421772970946,-1.4705512710229582e-11,-2.0577939309955219e-13,-1.0997671512788236e-11,-7.359558077968348e-08,-1.0941686441026494e-06
77263,Disposal,-5.208972970423749e-08,-2.245491428822552e-05,-4.404891613962347e-09,-2.2445683559657285e-05,-4.825836954270687e-09,-0.00017128478076325186,-0.0001668944785678107,-4.390302195441187e-06,-0.00016155540051973881,-1.2300051783871918e-09,-2.0719693322796075e-08,-2.1300551114880314e-07,-2.15407046292059e-13,-2.7687447910915413e-15,-2.1263830150096746e-13,-7.929278797548098e-14,-7.323806631573477e-14,-6.054721659746245e-15,-1.7970129812618072e-07,-0.0002804014472653124,-1.4656206805443978e-11,-2.050904902160289e-13,-1.0179803817296198e-11,-7.339175385843022e-08,-1.080815853865733e-06
77264,Disposal,-5.200948148731029e-08,-2.2163147572598707e-05,-4.370957376461328e-09,-2.2153958809673e-05,-4.81780554924015e-09,-0.00016974477948158894,-0.00016536754350741657,-4.3772359741724166e-06,-0.00016146374687390092,-1.2287139309022054e-09,-2.0635355315044534e-08,-2.1264749496815112e-07,-2.025162063924558e-13,-2.7314240132050213e-15,-1.9978478237925074e-13,-7.812029745778659e-14,-7.211006885267857e-14,-6.010228605108056e-15,-1.7949930096584987e-07,-0.00028031115928984384,-1.4622677282579426e-11,-2.0462201519087747e-13,-9.623628776691649e-12,-7.325314531962967e-08,-1.07173554822078e-06
77265,Disposal,-5.1974727230034425e-08,-2.203678793636372e-05,-4.35626098486872e-09,-2.202761734810647e-05,-4.8143272723711305e-09,-0.0001690778288277616,-0.00016470625163122926,-4.371577196532408e-06,-0.00016142405310237936,-1.2281547116569886e-09,-2.0598829832837373e-08,-2.1249244371682438e-07,-1.9693338370146443e-13,-2.7152609635315296e-15,-1.9421812273793293e-13,-7.761251001196174e-14,-7.162155065827258e-14,-5.990959353689206e-15,-1.794118191307644e-07,-0.0002802720569689637,-1.4608156166614584e-11,-2.0441912592835095e-13,-9.38275799860172e-12,-7.319311611271937e-08,-1.0678030087748948e-06
77266,Disposal,-5.200902258154984e-08,-2.2161479081613668e-05,-4.370763320846611e-09,-2.2152290558671796e-05,-4.8177596210167684e-09,-0.00016973597286274662,-0.00016535881160879154,-4.377161253955106e-06,-0.0001614632227452953,-1.228706546801577e-09,-2.063487302149255e-08,-2.1264544762437296e-07,-2.024424891073436e-13,-2.731210591391897e-15,-1.997112785159517e-13,-7.811359247824628e-14,-7.210361831018192e-14,-6.009974168064402e-15,-1.7949814582915002e-07,-0.000280310642970932,-1.462248554135729e-11,-2.0461933617948134e-13,-9.620448245837196e-12,-7.32523526757637e-08,-1.0716836217764717e-06
77267,Disposal,-5.208888007900397e-08,-2.245182521817027e-05,-4.404532336391267e-09,-2.2442594933911824e-05,-4.825751922046473e-09,-0.00017126847605270935,-0.00016687831219543595,-4.390163857273415e-06,-0.0001615544301399194,-1.2299915073489063e-09,-2.0718800397043026e-08,-2.1300172066481812e-07,-2.1527056496849402e-13,-2.7683496586407396e-15,-2.1250221530985327e-13,-7.928037427249742e-14,-7.322612368143514e-14,-6.0542505910623e-15,-1.796991594882011e-07,-0.0002804004913444811,-1.4655851812775175e-11,-2.0508553025283115e-13,-1.0173915333204652e-11,-7.33902863452984e-08,-1.0807197164423804e-06
77268,Disposal,-5.227486586738135e-08,-2.3128032923537146e-05,-4.483179391195452e-09,-2.3118705378387307e-05,-4.844365758634734e-09,-0.00017483763139895285,-0.00017041718485681943,-4.420446542133438e-06,-0.00016176684950861746,-1.2329841430819015e-09,-2.091426481310695e-08,-2.1383147021141335e-07,-2.451467804581041e-13,-2.854845465823317e-15,-2.422919349922808e-13,-8.199777512759923e-14,-7.584040603545292e-14,-6.157369092146349e-15,-1.8016731445229458e-07,-0.00028060974559263155,-1.4733560888224633e-11,-2.061712826872676e-13,-1.146292407836451e-11,-7.37115298489147e-08,-1.1017645180435928e-06
77269,Disposal,-5.21889745787542e-08,-2.281574911034749e-05,-4.446858890888432e-09,-2.28064664818731e-05,-4.8357695834924855e-09,-0.00017318933689928215,-0.00016878287539787905,-4.4064615014031225e-06,-0.0001616687507588903,-1.2316020947988517e-09,-2.0823996138693943e-08,-2.1344827825671273e-07,-2.3134945395217597e-13,-2.814900282889861e-15,-2.285345536692861e-13,-8.074283482706596e-14,-7.463308755063299e-14,-6.109747276432999e-15,-1.7995111280864214e-07,-0.00028051310854750484,-1.4697673562173486e-11,-2.0566986439860462e-13,-1.0867638690489587e-11,-7.35631743281546e-08,-1.0920456833724013e-06
77270,Disposal,-5.214343650959953e-08,-2.2650181657486882e-05,-4.427602392573536e-09,-2.2640922843053545e-05,-4.8312120407620165e-09,-0.00017231543978919118,-0.00016791639291343974,-4.399046875751475e-06,-0.00016161674050592446,-1.2308693568076707e-09,-2.077613725563813e-08,-2.1324511653901614e-07,-2.2403435112138867e-13,-2.793722040813232e-15,-2.2124062908057545e-13,-8.00774872801368e-14,-7.399298826312439e-14,-6.08449901701243e-15,-1.7983648645296202e-07,-0.00028046187326492584,-1.467864672532409e-11,-2.054040211324305e-13,-1.0552028718941898e-11,-7.348451880823129e-08,-1.0868929260621617e-06
77271,Disposal,-5.214586923796911e-08,-2.265902657882699e-05,-4.428631110536749e-09,-2.2649766492203275e-05,-4.831455513173162e-09,-0.00017236212499853972,-0.0001679626820196924,-4.399442978847357e-06,-0.00016161951899039355,-1.230908501034286e-09,-2.0778693966203768e-08,-2.132559698159211e-07,-2.2442513752303484e-13,-2.7948534219032538e-15,-2.2163028410113157e-13,-8.011303138385251e-14,-7.402718355785204e-14,-6.085847826000497e-15,-1.7984261000612404e-07,-0.0002804646103490352,-1.4679663174344574e-11,-2.0541822297426286e-13,-1.0568889190757235e-11,-7.348872073242995e-08,-1.0871681959434476e-06
77272,Disposal,-5.218731731477321e-08,-2.2809723624833002e-05,-4.44615809040107e-09,-2.280044186302146e-05,-4.835603721137116e-09,-0.00017315753321874572,-0.00016875134155733043,-4.406191661415327e-06,-0.00016166685795314595,-1.2315754283129241e-09,-2.0822254413484005e-08,-2.1344088460556978e-07,-2.31083235891909e-13,-2.8141295445071035e-15,-2.2826910634740186e-13,-8.071862087718116e-14,-7.460979245900672e-14,-6.10882841817447e-15,-1.7994694121915518e-07,-0.0002805112439452072,-1.469698111974086e-11,-2.0566018958195573e-13,-1.085615271737753e-11,-7.356031182294752e-08,-1.0918581594116466e-06
77273,Disposal,-5.2274624348024294e-08,-2.3127154806710793e-05,-4.4830772608860535e-09,-2.3117827387863012e-05,-4.84434158688546e-09,-0.0001748329965281276,-0.00017041258931079766,-4.420407217329962e-06,-0.0001617665736628671,-1.2329802568739043e-09,-2.091401098489509e-08,-2.1383039270662784e-07,-2.451079834918451e-13,-2.854733143199524e-15,-2.4225325034864553e-13,-8.199424633696896e-14,-7.583701115351696e-14,-6.1572351834520355e-15,-1.8016670651075821e-07,-0.00028060947385707627,-1.473345997596621e-11,-2.0616987273959268e-13,-1.1461250183998239e-11,-7.371111268518875e-08,-1.10173718946652e-06
77274,Disposal,-5.236858049177327e-08,-2.346876084512864e-05,-4.522808113716712e-09,-2.345938429210576e-05,-4.8537449091579016e-09,-0.0001766360594164255,-0.0001722003540178924,-4.435705398533142e-06,-0.00016187388350043363,-1.2344920740701038e-09,-2.1012755533786365e-08,-2.142495648829307e-07,-2.602008248412148e-13,-2.898429022138619e-15,-2.573023958190762e-13,-8.336702060963265e-14,-7.715769210875269e-14,-6.2093285008799946e-15,-1.804032086407699e-07,-0.0002807151847417134,-1.4772716981177356e-11,-2.067183722389131e-13,-1.2112430534983914e-11,-7.387339820747261e-08,-1.112368584594411e-06
77275,Disposal,-5.231344398008954e-08,-2.3268295345195178e-05,-4.499492761001142e-09,-2.3258947625699424e-05,-4.848226734745321e-09,-0.0001755779636491839,-0.0001711512357194249,-4.4267279297589605e-06,-0.0001618109106082237,-1.2336048907186392e-09,-2.0954809030700898e-08,-2.1400358105820107e-07,-2.5134385615140215e-13,-2.8727868635364832e-15,-2.484710692878657e-13,-8.256143215417126e-14,-7.6382673701086e-14,-6.178758453085305e-15,-1.8026442152228774e-07,-0.0002806531501669286,-1.4749679697609445e-11,-2.0639649494759302e-13,-1.1730296790475815e-11,-7.377816380088169e-08,-1.1061297372099395e-06
77276,Disposal,-5.2294816984336995e-08,-2.320057125635163e-05,-4.491616038975397e-09,-2.319123327780559e-05,-4.8463625070637715e-09,-0.0001752205027805085,-0.00017079680774615078,-4.4236950343577334e-06,-0.00016178963621563155,-1.2333051698981736e-09,-2.0935232723932726e-08,-2.1392047932545607e-07,-2.4835166979199125e-13,-2.864124067055853e-15,-2.4548754572493536e-13,-8.228927687484832e-14,-7.612084602742828e-14,-6.1684308474200586e-15,-1.8021753449611343e-07,-0.00028063219276999247,-1.4741896916833774e-11,-2.0628775381118144e-13,-1.1601198967300384e-11,-7.374599036747263e-08,-1.1040220415980387e-06
77277,Disposal,-5.231396733127119e-08,-2.3270198147042237e-05,-4.499714068389329e-09,-2.3260850153861047e-05,-4.848279112797745e-09,-0.00017558800700617517,-0.00017116119386302955,-4.426813143145658e-06,-0.00016181150834167733,-1.2336133117891994e-09,-2.095535905408716e-08,-2.1400591591620007e-07,-2.5142792576132467e-13,-2.8730302567725614e-15,-2.485548955045521e-13,-8.256907873276723e-14,-7.639003011133165e-14,-6.179048621435607e-15,-1.8026573887806957e-07,-0.0002806537389939513,-1.4749898365588418e-11,-2.0639955018006274e-13,-1.1733923972185958e-11,-7.377906775794576e-08,-1.106188955830254e-06
77278,Disposal,-5.236946628423481e-08,-2.347198141210353e-05,-4.5231826851765815e-09,-2.346260439585728e-05,-4.853833561071975e-09,-0.00017665305819319948,-0.00017221720856765743,-4.435849625542087e-06,-0.0001618748951878164,-1.234506327063279e-09,-2.1013686470003364e-08,-2.142535167219381e-07,-2.603431159629765e-13,-2.8988409747648136e-15,-2.574442749882117e-13,-8.337996274469267e-14,-7.717014312246574e-14,-6.209819622226965e-15,-1.804054383172503e-07,-0.00028071618135461153,-1.4773087085333305e-11,-2.067235433400489e-13,-1.2118569682707402e-11,-7.387492819036165e-08,-1.1124688144387208e-06
77279,Disposal,-5.245971729096019e-08,-2.380011630185647e-05,-4.56134676176539e-09,-2.3790692089029018e-05,-4.862866065683047e-09,-0.00017838501774757233,-0.0001739344732207757,-4.4505445267966895e-06,-0.0001619779732887844,-1.2359585261265597e-09,-2.1108537052312184e-08,-2.1465615894833338e-07,-2.748407748895328e-13,-2.9408137176494093e-15,-2.7189996117188343e-13,-8.469860200734288e-14,-7.843874335462849e-14,-6.259858652714417e-15,-1.806326140449311e-07,-0.00028081772355695886,-1.4810796000364934e-11,-2.072504128988326e-13,-1.2744070899458729e-11,-7.403081402367346e-08,-1.1226809631594154e-06
77280,Disposal,-5.249032542456193e-08,-2.3911401448796838e-05,-4.57428989888265e-09,-2.3901961229507906e-05,-4.86592939004834e-09,-0.0001789724023248365,-0.00017451687410293014,-4.4555282219064165e-06,-0.00016201293166099892,-1.2364510314686938e-09,-2.1140705106728963e-08,-2.1479271284957365e-07,-2.797575763462383e-13,-2.9550485430375882e-15,-2.7680252780320073e-13,-8.514581127611603e-14,-7.886898216084357e-14,-6.276829115272489e-15,-1.8070965944615397e-07,-0.0002808521610375857,-1.482358477193816e-11,-2.0742909781804917e-13,-1.295620620414992e-11,-7.408368184848504e-08,-1.1261443573501858e-06
77281,Disposal,-5.245235379695446e-08,-2.3773344087546258e-05,-4.558232990967789e-09,-2.3763923725443083e-05,-4.862129112202156e-09,-0.0001782437088108689,-0.00017379436322712262,-4.449345583746312e-06,-0.00016196956324433014,-1.2358400425828788e-09,-2.110079828329883e-08,-2.1462330775112145e-07,-2.7365792465355105e-13,-2.9373892013825173e-15,-2.707205354521685e-13,-8.459101548106977e-14,-7.833523946537424e-14,-6.255776015695555e-15,-1.806140789928611e-07,-0.0002808094388250158,-1.480771936576691e-11,-2.072074261114419e-13,-1.2693036848679268e-11,-7.401809544644294e-08,-1.1218477636349026e-06
77282,Disposal,-5.245633456811664e-08,-2.3787817387665827e-05,-4.559916323498115e-09,-2.3778394943826434e-05,-4.862527515889633e-09,-0.00017832010169443048,-0.00017387010795127562,-4.449993743154918e-06,-0.00016197410979008819,-1.2359040958534473e-09,-2.110498193150919e-08,-2.1464106740413435e-07,-2.742973841417914e-13,-2.9392405257115686e-15,-2.7135814361607985e-13,-8.464917772590803e-14,-7.839119459987906e-14,-6.257983126029e-15,-1.8062409920890424e-07,-0.00028081391762570197,-1.480938262213336e-11,-2.072306651557687e-13,-1.2720626316053537e-11,-7.402497122381488e-08,-1.1222981988001836e-06
77283,Disposal,-5.24896152527226e-08,-2.390881940382405e-05,-4.573989591401873e-09,-2.3899379555918046e-05,-4.865858314603909e-09,-0.00017895877379096192,-0.00017450336120106266,-4.45541258989929e-06,-0.0001620121205546499,-1.2364396043287952e-09,-2.1139958741508854e-08,-2.1478954451737563e-07,-2.796434964098541e-13,-2.9547182657243746e-15,-2.766887781441297e-13,-8.513543509855806e-14,-7.885899973302435e-14,-6.276435365533745e-15,-1.8070787183391306e-07,-0.00028085136201699606,-1.4823288046056436e-11,-2.0742495195932444e-13,-1.295128422747929e-11,-7.408245520589139e-08,-1.126063999460522e-06
77284,Disposal,-5.255077108348096e-08,-2.4131169962690443e-05,-4.599850309122351e-09,-2.4121698133466586e-05,-4.871978914731945e-09,-0.00018013238314149073,-0.00017566701300178962,-4.465370139701164e-06,-0.00016208196827299028,-1.2374236425502377e-09,-2.120423133379871e-08,-2.150623826911206e-07,-2.894673909887e-13,-2.983159809519282e-15,-2.8648423117918076e-13,-8.602897061138998e-14,-7.971862782929841e-14,-6.310342782091595e-15,-1.8086181050848907e-07,-0.0002809201689806733,-1.4848840337487074e-11,-2.0778196898038384e-13,-1.3375135970952782e-11,-7.418808646681075e-08,-1.1329839492926864e-06
77285,Disposal,-5.2667024886732235e-08,-2.4553845900580983e-05,-4.64901008264734e-09,-2.4544313276666135e-05,-4.883613832191834e-09,-0.00018236334867394058,-0.00017787904979071363,-4.4842988832269556e-06,-0.00016221474486689472,-1.2392942440017876e-09,-2.132640992586196e-08,-2.1558103275239296e-07,-3.0814206343396523e-13,-3.037225588619891e-15,-3.051048378453453e-13,-8.772753149133667e-14,-8.135273261267353e-14,-6.374798878663164e-15,-1.8115443929244968e-07,-0.00028105096715835246,-1.489741380993869e-11,-2.0846063830772217e-13,-1.4180854355977611e-11,-7.438888556759678e-08,-1.146138385694275e-06
77286,Disposal,-5.262672956586747e-08,-2.440734004818918e-05,-4.6319705640042615e-09,-2.439782849663078e-05,-4.879580994390666e-09,-0.00018159006238605889,-0.00017711232449071023,-4.477737895348648e-06,-0.00016216872249768976,-1.238645865337243e-09,-2.1284060983872053e-08,-2.1540126082191832e-07,-3.0166914042257827e-13,-3.0184855744807065e-15,-2.986506548480975e-13,-8.713878468261627e-14,-8.078632725877358e-14,-6.35245742384273e-15,-1.8105300974421827e-07,-0.0002810056305380381,-1.4880577512086797e-11,-2.0822540128715724e-13,-1.390158021660993e-11,-7.431928557199027e-08,-1.1415788597194428e-06
77287,Disposal,-5.260875545727588e-08,-2.4341989728507398e-05,-4.624369925720059e-09,-2.433248757647269e-05,-4.877782108986235e-09,-0.00018124513073115498,-0.0001767703194264393,-4.474811304715743e-06,-0.00016214819378507553,-1.2383566499078858e-09,-2.1265170838174495e-08,-2.1532107185380177e-07,-2.987818319556205e-13,-3.0101264141137776e-15,-2.957717055415066e-13,-8.687616860596554e-14,-8.053367679913291e-14,-6.342491806832655e-15,-1.8100776613589895e-07,-0.00028098540771019555,-1.4873067522356578e-11,-2.0812047159155844e-13,-1.3777007348095949e-11,-7.428823983635251e-08,-1.1395450400788744e-06
77288,Disposal,-5.262051385516656e-08,-2.4384740947973203e-05,-4.629342151670144e-09,-2.437523264690812e-05,-4.878958913401166e-09,-0.00018147077995446872,-0.00017699405411713797,-4.476725837330781e-06,-0.00016216162336740343,-1.23854585039464e-09,-2.1277528494087883e-08,-2.1537353029916788e-07,-3.0067066675455405e-13,-3.015594854071479e-15,-2.976550719004826e-13,-8.704796818679106e-14,-8.06989570196556e-14,-6.3490111671354725e-15,-1.8103736384005866e-07,-0.00028099863718719767,-1.487798044735382e-11,-2.0818911505752564e-13,-1.3858501089324124e-11,-7.430854950069982e-08,-1.1408755350210749e-06
77289,Disposal,-5.2663488134721136e-08,-2.4540986966665966e-05,-4.647514510691694e-09,-2.4531456192288422e-05,-4.8832598668455455e-09,-0.00018229547672813824,-0.00017781175370797865,-4.483723020159596e-06,-0.00016221070544734557,-1.2392373352963455e-09,-2.13226929259092e-08,-2.1556525402863544e-07,-3.075739298892531e-13,-3.035580762836837e-15,-3.045383491264163e-13,-8.767585672079054e-14,-8.130301876919216e-14,-6.372837951598401e-15,-1.8114553674121064e-07,-0.00028104698792752285,-1.4895936074831752e-11,-2.0843999136937517e-13,-1.4156342245070951e-11,-7.438277672123073e-08,-1.145738192512658e-06
77290,Disposal,-5.279133454914982e-08,-2.50058113561768e-05,-4.701576404612802e-09,-2.499621372477573e-05,-4.896054996448363e-09,-0.0001847489099583716,-0.00018024437065589064,-4.504539302480977e-06,-0.00016235672227411595,-1.241294469615546e-09,-2.145705493797576e-08,-2.1613562290107198e-07,-3.2811080563857293e-13,-3.095037880006295e-15,-3.250157677585666e-13,-8.95437949053216e-14,-8.310007341611601e-14,-6.443721489205622e-15,-1.814673459185597e-07,-0.00028119082905411324,-1.4949353202836304e-11,-2.091863363289065e-13,-1.5042405355987422e-11,-7.460359913166415e-08,-1.1602043646355456e-06
77291,Disposal,-5.2774854074835395e-08,-2.4945891596625573e-05,-4.694607373387814e-09,-2.493630258365517e-05,-4.894405597005201e-09,-0.00018443264185250634,-0.00017993078594328012,-4.501855909226247e-06,-0.0001623378994813625,-1.2410292877607366e-09,-2.1439734548517884e-08,-2.1606209757309196e-07,-3.254634302327176e-13,-3.087373359286648e-15,-3.2237605687343097e-13,-8.93030020179444e-14,-8.286841801081894e-14,-6.434584007125487e-15,-1.8142586201848202e-07,-0.0002811722867273478,-1.4942467287341815e-11,-2.0909012620842537e-13,-1.4928184394799906e-11,-7.457513327222287e-08,-1.1583395538063584e-06
77292,Disposal,-5.2792708091571436e-08,-2.501080528596708e-05,-4.7021572289169125e-09,-2.5001206936274784e-05,-4.896192463372078e-09,-0.00018477526888783705,-0.000180270505941643,-4.504762946194073e-06,-0.00016235829103384013,-1.2413165708318139e-09,-2.1458498481967603e-08,-2.1614175076821446e-07,-3.283314474936866e-13,-3.0956766689239528e-15,-3.2523577082476256e-13,-8.956386345670709e-14,-8.3119380416649e-14,-6.444483040058127e-15,-1.814708033370468e-07,-0.00028119237443878617,-1.494992709997439e-11,-2.0919435482882028e-13,-1.5051924944600938e-11,-7.460597157949328e-08,-1.160359784724392e-06
77293,Disposal,-5.2733821814988705e-08,-2.4796706379201044e-05,-4.677256228351106e-09,-2.478713882396784e-05,-4.89029900484944e-09,-0.00018364521335660896,-0.00017915003842556326,-4.495174931045749e-06,-0.00016229103543433538,-1.2403690512550655e-09,-2.139661110999771e-08,-2.1587903789256147e-07,-3.188721274891008e-13,-3.0682906193260883e-15,-3.158038368697747e-13,-8.870348794234242e-14,-8.229165398062847e-14,-6.411833961713968e-15,-1.8132257748097627e-07,-0.00028112612097049597,-1.4925323079689674e-11,-2.0885058706724878e-13,-1.4643802764152175e-11,-7.450426040054031e-08,-1.1536966411663294e-06
77469,Disposal,-6.514675622054251e-08,-6.691499295275869e-05,-9.558020315741509e-09,-6.689932875728504e-05,-6.106175157895419e-09,-0.0004030833825929032,-0.0003966330684168824,-6.450314176020532e-06,-0.00017857082854328527,-1.4575580609197977e-09,-3.382243505315362e-08,-2.7102495381852555e-07,-2.1617294128453447e-12,-8.446374297870528e-15,-2.153283038547475e-12,-2.572831294117503e-13,-2.444518996363979e-13,-1.2831229775352584e-14,-2.1143844484069874e-07,-0.0003004967583395216,-1.9886900538030756e-11,-2.796211882122948e-13,-9.417240798702516e-11,-9.569058031920834e-08,-2.4615881921499937e-06
77470,Disposal,-6.530152518035333e-08,-6.747770241614706e-05,-9.623466837061357e-09,-6.74619572845593e-05,-6.121664750686286e-09,-0.00040605347221728087,-0.000399577958160791,-6.475514056489652e-06,-0.00017874759433288617,-1.4600483970015448e-09,-3.398509169814878e-08,-2.717154338565458e-07,-2.186591047891507e-12,-8.51835219587251e-15,-2.1780726956956346e-12,-2.5954442747867463e-13,-2.4662738715140167e-13,-1.2917040327273073e-14,-2.118280222242997e-07,-0.0003006708902589806,-1.9951566515362152e-11,-2.805247022729973e-13,-9.524506275498332e-11,-9.595790463110576e-08,-2.4791007240571957e-06
77471,Disposal,-6.547666796078873e-08,-6.811448707965849e-05,-9.697528753144484e-09,-6.809865035750838e-05,-6.139193396950502e-09,-0.00040941454510677806,-0.00040291051385189515,-6.504031254882637e-06,-0.00017894762961072482,-1.4628665614843255e-09,-3.416916050041744e-08,-2.7249680884182597e-07,-2.214725474158099e-12,-8.599805280530906e-15,-2.206125668877569e-12,-2.6210340333092825e-13,-2.490892563314103e-13,-1.301414699951808e-14,-2.1226888366216177e-07,-0.00030086794494342035,-2.0024745136470915e-11,-2.815471551275447e-13,-9.645892203747192e-11,-9.626041957545195e-08,-2.4989186095972925e-06
77472,Disposal,-6.574587944475966e-08,-6.909328702680832e-05,-9.811369119757968e-09,-6.907730952105786e-05,-6.166136630699905e-09,-0.0004145808409601761,-0.0004080329759984229,-6.5478649617530215e-06,-0.00017925510328368818,-1.467198354325558e-09,-3.4452092147889934e-08,-2.736978581731322e-07,-2.2579708230504225e-12,-8.725006591943137e-15,-2.2492458164584796e-12,-2.6603679804419245e-13,-2.528733886470263e-13,-1.3163409397166264e-14,-2.129465305604088e-07,-0.0003011708371545043,-2.0137227792819423e-11,-2.831187645857179e-13,-9.832474178726853e-11,-9.67254144607014e-08,-2.5293806267135716e-06
77473,Disposal,-6.590818818165464e-08,-6.968340963506943e-05,-9.880003955984683e-09,-6.96673472502937e-05,-6.182380819741275e-09,-0.00041769562247700537,-0.00041112132998886796,-6.574292488137168e-06,-0.0001794404804553861,-1.4698100104636262e-09,-3.462267282911316e-08,-2.7442197587062955e-07,-2.284043625932983e-12,-8.800490989611362e-15,-2.2752431349433722e-12,-2.684082582739063e-13,-2.5515485794889847e-13,-1.3253400325007997e-14,-2.1335508672782387e-07,-0.00030135345214355017,-2.0205044059812292e-11,-2.840662945435255e-13,-9.944965236833386e-11,-9.700576183435065e-08,-2.5477463050586697e-06
77474,Disposal,-6.555243163688007e-08,-6.838994888782594e-05,-9.729566631079714e-09,-6.837407254521485e-05,-6.146775979998346e-09,-0.00041086848592629784,-0.00040435211863463,-6.516367291667639e-06,-0.0001790341613419177,-1.4640856497077438e-09,-3.4248785416037344e-08,-2.728348178716214e-07,-2.22689593047596e-12,-8.63504044756067e-15,-2.2182608900284e-12,-2.6321037112665303e-13,-2.501542174943525e-13,-1.3056153632300705e-14,-2.124595925403485e-07,-0.0003009531873225072,-2.0056400916587643e-11,-2.8198945018931094e-13,-9.698401614223779e-11,-9.63912822019288e-08,-2.5074914771579336e-06
77475,Disposal,-6.544721258823572e-08,-6.800739314490909e-05,-9.685073079409058e-09,-6.799157182638643e-05,-6.136245443259355e-09,-0.00040884928255988996,-0.00040235004730459524,-6.499235255294499e-06,-0.00017891398783789335,-1.4623926048384984e-09,-3.413820395666079e-08,-2.723653978225546e-07,-2.20999384887964e-12,-8.586106565983603e-15,-2.2014077423136567e-12,-2.6167303682141576e-13,-2.486752211442695e-13,-1.2997815677146414e-14,-2.1219473993859976e-07,-0.0003008348044443998,-2.001243801457691e-11,-2.813751998252838e-13,-9.625477615544498e-11,-9.620954285437661e-08,-2.4955856534780313e-06
77476,Disposal,-6.564564122750288e-08,-6.872884060607571e-05,-9.76898179202263e-09,-6.871291551969796e-05,-6.156104585713057e-09,-0.0004126572221066001,-0.0004061256781894309,-6.5315439171689145e-06,-0.00017914061852108954,-1.4655854543648055e-09,-3.4346745364276403e-08,-2.732506594057105e-07,-2.241868847704966e-12,-8.678389129459528e-15,-2.2331904585755074e-12,-2.6457223766211234e-13,-2.5146440463346905e-13,-1.3107833028643514e-14,-2.126942154807995e-07,-0.0003010580582536485,-2.0095345994991298e-11,-2.8253359144233084e-13,-9.763002236934696e-11,-9.655227824212926e-08,-2.5180383977538637e-06
77477,Disposal,-6.5157654705406e-08,-6.695461769777716e-05,-9.562628913763e-09,-6.693894780296293e-05,-6.107265900462786e-09,-0.00040329252967804256,-0.0003968404409826596,-6.452088695382749e-06,-0.00017858327599582814,-1.4577334248307853e-09,-3.3833888971210526e-08,-2.71073575882356e-07,-2.1634801137194953e-12,-8.451442820866607e-15,-2.1550286708986293e-12,-2.574423649767133e-13,-2.4460509261373626e-13,-1.2837272362977234e-14,-2.1146587801091273e-07,-0.0003005090203208051,-1.9891454171885955e-11,-2.79684811656728e-13,-9.42479419427139e-11,-9.570940470085708e-08,-2.4628213855767976e-06
77479,Disposal,-6.507934953509455e-08,-6.666991551705341e-05,-9.529516324491181e-09,-6.665428657176942e-05,-6.0994289594959e-09,-0.0004017898163810001,-0.0003953504775350338,-6.439338845966079e-06,-0.00017849384155576437,-1.456473442265468e-09,-3.37515930360036e-08,-2.707242283320467e-07,-2.150901399170465e-12,-8.415025689365596e-15,-2.1424863734811e-12,-2.5629826392136027e-13,-2.435044073046082e-13,-1.2793856616752242e-14,-2.1126877179911389e-07,-0.00030042091848419286,-1.9858736497912568e-11,-2.792276797971577e-13,-9.370523354438251e-11,-9.557415228462901e-08,-2.4539609409808386e-06
77480,Disposal,-6.499756001455033e-08,-6.63725449249626e-05,-9.494930322190851e-09,-6.635695875134276e-05,-6.091243297659452e-09,-0.00040022023675309474,-0.00039379421508742003,-6.426021665674501e-06,-0.00017840042754563114,-1.4551573941743714e-09,-3.366563517324e-08,-2.7035933584117483e-07,-2.1377629687458106e-12,-8.376988102406571e-15,-2.1293859806434044e-12,-2.5510325372727907e-13,-2.4235474473002246e-13,-1.2748508997256772e-14,-2.1106289493944813e-07,-0.00030032889637445333,-1.9824562983482263e-11,-2.787502069116377e-13,-9.313837621531605e-11,-9.543288153287994e-08,-2.444706232608075e-06
77483,Disposal,-6.490976858476937e-08,-6.605335257268131e-05,-9.457806316913032e-09,-6.603781230941187e-05,-6.082456952519592e-09,-0.0003985354776449347,-0.0003921237504058646,-6.411727239069853e-06,-0.00017830015859361133,-1.4537447713492328e-09,-3.3573369518389346e-08,-2.6996766667284087e-07,-2.1236604090977836e-12,-8.336159226991589e-15,-2.1153242498707926e-12,-2.538205508474582e-13,-2.4112071718569907e-13,-1.2699833661759255e-14,-2.108419103469403e-07,-0.00030023012146378333,-1.9787881735413876e-11,-2.782376959319604e-13,-9.25299215493706e-11,-9.52812439979028e-08,-2.4347723917584806e-06
77484,Disposal,-6.51310594371287e-08,-6.685792253901096e-05,-9.551382680704093e-09,-6.684226655213843e-05,-6.104604191834114e-09,-0.0004027821538865112,-0.00039633439550117524,-6.447758385335752e-06,-0.00017855290082497715,-1.4573054891757569e-09,-3.380593829482155e-08,-2.709549248177388e-07,-2.1592079272638064e-12,-8.439074245735401e-15,-2.1507688530180713e-12,-2.5705378687411257e-13,-2.442312600689795e-13,-1.2822526805133222e-14,-2.1139893361169797e-07,-0.00030047909775028896,-1.9880342066347194e-11,-2.795295531419325e-13,-9.406361853989696e-11,-9.56634680879817e-08,-2.459812058093716e-06
77485,Disposal,-6.48251332069501e-08,-6.57456350038964e-05,-9.422016898507475e-09,-6.573013900052642e-05,-6.073986471489519e-09,-0.00039691128466836143,-0.00039051333797939067,-6.3979466889704585e-06,-0.0001782034942533801,-1.4523829315111073e-09,-3.348442076134655e-08,-2.6959007778831295e-07,-2.11006482844706e-12,-8.296798126422837e-15,-2.1017680303206377e-12,-2.525839604065193e-13,-2.399310522296348e-13,-1.265290817688459e-14,-2.106288700248291e-07,-0.0003001348974549651,-1.975251915734793e-11,-2.777436094304678e-13,-9.194334048255496e-11,-9.513505774605122e-08,-2.425195666836702e-06
77486,Disposal,-6.505912618835805e-08,-6.65963874103586e-05,-9.52096456000968e-09,-6.658076904083284e-05,-6.097404965755813e-09,-0.0004014017207810446,-0.00039496567475245627,-6.4360460285880446e-06,-0.0001784707439277993,-1.456148035089939e-09,-3.3730339021408206e-08,-2.7063400470296387e-07,-2.1476527796372626e-12,-8.405620483112109e-15,-2.1392471591541507e-12,-2.5600278467967066e-13,-2.432201407540633e-13,-1.2782643925607584e-14,-2.112178665108772e-07,-0.00030039816501870856,-1.9850286725534266e-11,-2.791096194434975e-13,-9.356507191683462e-11,-9.553922155783985e-08,-2.451672613880713e-06
77487,Disposal,-5.68528997900734e-08,-3.676016405739079e-05,-6.050830938983239e-09,-3.674883711734158e-05,-5.276109110214328e-09,-0.00024392035041691468,-0.0002388204632963665,-5.099887120548097e-06,-0.00016909819215314465,-1.3241043635448585e-09,-2.5105888384489603e-08,-2.340230749505344e-07,-8.29428465991242e-13,-4.589177396598549e-15,-8.248392885946432e-13,-1.3610326533246833e-13,-1.2787050542289358e-13,-8.232759909574818e-15,-1.9056152680691806e-07,-0.00029116526744031146,-1.6421539443802548e-11,-2.3120310805244876e-13,-3.6690309149006805e-11,-8.136503683838945e-08,-1.52311560985782e-06
77488,Disposal,-5.689238303747776e-08,-3.6903717370580266e-05,-6.067527059420981e-09,-3.689236978284679e-05,-5.280060674049233e-09,-0.00024467805263056095,-0.0002395717367460259,-5.1063158845350006e-06,-0.0001691432870314198,-1.3247396754042634e-09,-2.514738386629781e-08,-2.3419922392900038e-07,-8.357709398865512e-13,-4.6075397423682125e-15,-8.311634001441827e-13,-1.3668014709959063e-13,-1.284254959835652e-13,-8.25465111602553e-15,-1.9066091224078446e-07,-0.00029120969038962504,-1.6438036438967087e-11,-2.3143360433048555e-13,-3.696395506375945e-11,-8.143323418207352e-08,-1.5275832474953268e-06
77492,Disposal,-5.6751240608587885e-08,-3.639055129051468e-05,-6.0078427338768505e-09,-3.637927751292856e-05,-5.265934852232698e-09,-0.00024196946258693943,-0.0002368861278760292,-5.083334710910177e-06,-0.00016898208446910112,-1.322468599319243e-09,-2.499904821825989e-08,-2.3356953675021936e-07,-8.130982310896589e-13,-4.541899090891297e-15,-8.085563319987674e-13,-1.346179435285401e-13,-1.2644154783102523e-13,-8.176395697514984e-15,-1.9030563494080644e-07,-0.0002910508898000899,-1.637906393493109e-11,-2.306096395689496e-13,-3.598574147690737e-11,-8.11894462627864e-08,-1.511612594901842e-06
77493,Disposal,-5.686709872641928e-08,-3.68117885941302e-05,-6.056835185515719e-09,-3.680045422877599e-05,-5.277530168689682e-09,-0.00024419283472881825,-0.00023909063570090095,-5.102199027917262e-06,-0.00016911440914005042,-1.3243328339277297e-09,-2.5120810959089466e-08,-2.3408642151640866e-07,-8.317093417812349e-13,-4.595780849857456e-15,-8.271135609313774e-13,-1.3631072312859594e-13,-1.2807009071948376e-13,-8.240632409112279e-15,-1.9059726772343193e-07,-0.000291181242788619,-1.6427472081050966e-11,-2.3128599895415924e-13,-3.678871749128652e-11,-8.138956191688696e-08,-1.5247222584138966e-06
77497,Disposal,-5.7183287817084316e-08,-3.7961389869184684e-05,-6.190540781835588e-09,-3.7949890153385815e-05,-5.3091750170191056e-09,-0.0002502606530993334,-0.00024510697134968594,-5.153681749647369e-06,-0.00016947553720050203,-1.3294205278819983e-09,-2.5453114392119632e-08,-2.3549705486052916e-07,-8.825010366230198e-13,-4.7428298843993035e-15,-8.777582067386206e-13,-1.4093049818153513e-13,-1.3251455697397677e-13,-8.415941207558478e-15,-1.9139316451575393e-07,-0.000291536989918643,-1.6559583045642143e-11,-2.3313185544635107e-13,-3.8980124192557654e-11,-8.193569875979664e-08,-1.5604999204576852e-06
77498,Disposal,-5.7273082314579373e-08,-3.828786498126425e-05,-6.2285118162206435e-09,-3.827631830761477e-05,-5.318161833256413e-09,-0.0002519838520254119,-0.00024681554970451796,-5.1683023208938655e-06,-0.00016957809391000584,-1.3308653814064236e-09,-2.554748519954398e-08,-2.358976604349298e-07,-8.969253632360862e-13,-4.784590320017267e-15,-8.921407729160687e-13,-1.4224246747986358e-13,-1.3377674035012229e-13,-8.465727129741407e-15,-1.916191911391715e-07,-0.00029163801849843563,-1.659710122077621e-11,-2.3365605998426147e-13,-3.960246148804779e-11,-8.209079608864335e-08,-1.570660413908023e-06
77499,Disposal,-5.720045422265977e-08,-3.8023803539739025e-05,-6.1977998700264796e-09,-3.801229484680313e-05,-5.3108930658602405e-09,-0.00025059008455089734,-0.0002454336077229014,-5.156476827995861e-06,-0.00016949514341378833,-1.3296967468295876e-09,-2.5471155670816233e-08,-2.355736403747621e-07,-8.85258598029345e-13,-4.7508134089450584e-15,-8.805077846203996e-13,-1.4118131307226814e-13,-1.327558540729076e-13,-8.425458999360668e-15,-1.914363750107918e-07,-0.00029155630399271007,-1.656675555875563e-11,-2.3323206991330946e-13,-3.909909912662533e-11,-8.196534939235125e-08,-1.562442346288676e-06
77502,Disposal,-5.712971018266017e-08,-3.7766592140019374e-05,-6.167884625214181e-09,-3.775512044253593e-05,-5.303812858218386e-09,-0.00024923247292485694,-0.00024408751482357516,-5.144958101281722e-06,-0.00016941434474391698,-1.3285584279083072e-09,-2.5396806213316473e-08,-2.3525802574836458e-07,-8.738944814370336e-13,-4.717912707786616e-15,-8.691765687292467e-13,-1.4014768616740925e-13,-1.3176145069920682e-13,-8.386235468202543e-15,-1.9125830133218023e-07,-0.0002914767092503892,-1.6537197096305943e-11,-2.3281907860724487e-13,-3.8608794533876634e-11,-8.184315692018597e-08,-1.5544374643068396e-06
77503,Disposal,-5.703713280367947e-08,-3.742999901881591e-05,-6.128736805040146e-09,-3.7418575734485334e-05,-5.29454752553275e-09,-0.00024745586918532945,-0.00024232598477122184,-5.129884414107564e-06,-0.00016930860963065714,-1.3270687959594265e-09,-2.529951069691671e-08,-2.3484500473797237e-07,-8.590231208453365e-13,-4.67485804650499e-15,-8.543482627988312e-13,-1.3879505674878496e-13,-1.3046015015166493e-13,-8.334906597120144e-15,-1.9102526976610896e-07,-0.0002913725496261332,-1.6498516170247613e-11,-2.3227862809498266e-13,-3.7967169965939314e-11,-8.168325286601688e-08,-1.543962080190629e-06
77504,Disposal,-5.6966679455814856e-08,-3.717384451846088e-05,-6.098944484030094e-09,-3.71624580775659e-05,-5.287496410951957e-09,-0.0002461038360790068,-0.00024098542306037152,-5.118413018635191e-06,-0.00016922814296808778,-1.3259351544690296e-09,-2.522546674646087e-08,-2.3453068699382214e-07,-8.477057001911482e-13,-4.642092536594633e-15,-8.430636076545532e-13,-1.3776567708810023e-13,-1.2946983284994606e-13,-8.29584423815425e-15,-1.9084792780451294e-07,-0.00029129328194409294,-1.6469079165556862e-11,-2.318673337986519e-13,-3.747888006854669e-11,-8.15615624911394e-08,-1.535990090820433e-06
77505,Disposal,-5.687381558087625e-08,-3.683620975436645e-05,-6.05967551447417e-09,-3.6824871876446804e-05,-5.2782024051672105e-09,-0.0002443217343463868,-0.00023921844166293512,-5.103292683451621e-06,-0.00016912208064009262,-1.3244409126085614e-09,-2.5127870133049325e-08,-2.3411638782183896e-07,-8.327883177229964e-13,-4.598904635567385e-15,-8.281894130874286e-13,-1.3640886173479909e-13,-1.2816450521337897e-13,-8.24435652142024e-15,-1.9061417508385207e-07,-0.000291188799980712,-1.6430278534997437e-11,-2.3132521077320216e-13,-3.6835269887631064e-11,-8.140116358751923e-08,-1.5254822889015177e-06
77506,Disposal,-5.694706014087545e-08,-3.7102512552444584e-05,-6.0906481440208805e-09,-3.709113637143062e-05,-5.285532869944648e-09,-0.00024572733213525626,-0.00024061211358398685,-5.115218551269361e-06,-0.00016920573522107615,-1.325619466569127e-09,-2.5204847547694863e-08,-2.3444315816800427e-07,-8.445541105670044e-13,-4.632968245449279e-15,-8.399211423215547e-13,-1.3747902323321169e-13,-1.2919405678505696e-13,-8.284966448154817e-15,-1.9079854295763223e-07,-0.0002912712080801021,-1.646088177134629e-11,-2.3175279967675317e-13,-3.7342904794566994e-11,-8.152767507681236e-08,-1.5337701115733421e-06
77507,Disposal,-5.68519620033007e-08,-3.6756754449338355e-05,-6.050434380900223e-09,-3.674542799970284e-05,-5.27601525460367e-09,-0.00024390235384468936,-0.00023880261941699774,-5.099734427691555e-06,-0.00016909712108166138,-1.32408927392844e-09,-2.5104902804109957e-08,-2.3401889114618976e-07,-8.29277822654733e-13,-4.5887412631467546e-15,-8.24689081391586e-13,-1.3608956351901114e-13,-1.278573235586604e-13,-8.232239960350845e-15,-1.9055916625272334e-07,-0.00029116421232815604,-1.6421147615245588e-11,-2.311976334176375e-13,-3.668380964513799e-11,-8.136341704845209e-08,-1.5230094967147251e-06
77512,Disposal,-5.676301688036037e-08,-3.643336749589533e-05,-6.0128225180827285e-09,-3.642208755993173e-05,-5.2671134455021325e-09,-0.00024219545481850874,-0.00023711020266471198,-5.085252153796665e-06,-0.00016899553446566993,-1.3226580874087108e-09,-2.501142465898421e-08,-2.3362207493740583e-07,-8.149899370969213e-13,-4.5473758433972225e-15,-8.104425612535235e-13,-1.34790004261049e-13,-1.266070792931843e-13,-8.182924967864787e-15,-1.903352776362882e-07,-0.0002910641393871539,-1.6383984328041043e-11,-2.3067838737950604e-13,-3.606735909636391e-11,-8.120978679975288e-08,-1.5129451123227483e-06
77513,Disposal,-5.669038733454642e-08,-3.616930076829655e-05,-5.982109957086171e-09,-3.615805881380686e-05,-5.259844532597252e-09,-0.00024080165944307327,-0.00023572823301890134,-5.0734264241718415e-06,-0.0001689125823089206,-1.3214894294377425e-09,-2.4935093602265477e-08,-2.3329804839089217e-07,-8.033229383408265e-13,-4.51359825616709e-15,-7.98809340084659e-13,-1.3372882861089647e-13,-1.2558617257951394e-13,-8.142656031382642e-15,-1.9015245784823175e-07,-0.00029098242324563896,-1.635363805855047e-11,-2.3025438882097367e-13,-3.556398665845907e-11,-8.108433759222531e-08,-1.5047268801912726e-06
77517,Disposal,-5.6465178204881607e-08,-3.5350484717205005e-05,-5.886876687288093e-09,-3.53393605353736e-05,-5.237305144107742e-09,-0.00023647978960463688,-0.00023144303231072884,-5.036757293907965e-06,-0.00016865536490771055,-1.3178656639086036e-09,-2.4698406856432635e-08,-2.3229330940057047e-07,-7.671459995177318e-13,-4.408860976909396e-15,-7.627371385408221e-13,-1.304383434245438e-13,-1.2242055299759307e-13,-8.017790426950774e-15,-1.8958557167412355e-07,-0.00029072903847083555,-1.6259540582599675e-11,-2.2893965739485673e-13,-3.400313332573694e-11,-8.069534566713743e-08,-1.4792438500418887e-06
77524,Disposal,-5.612000080877426e-08,-3.40954876714487e-05,-5.74091292400454e-09,-3.4084543999437566e-05,-5.202759087115112e-09,-0.00022985567192625186,-0.00022487511730459277,-4.98055462165909e-06,-0.00016826112852433062,-1.3123115287307207e-09,-2.4335637750485207e-08,-2.3075334879167788e-07,-7.116977076981397e-13,-4.2483304452060545e-15,-7.074493772529336e-13,-1.2539502608547541e-13,-1.1756861681729617e-13,-7.82640926817932e-15,-1.887167068383189e-07,-0.0002903406763431098,-1.6115317647333633e-11,-2.2692457225633245e-13,-3.16108178370337e-11,-8.009913884369089e-08,-1.4401860818022922e-06
