turbine_idx,phase,acidification - accumulated exceedance (AE)[mol H+-Eq],climate change - global warming potential (GWP100)[kg CO2-Eq],climate change: biogenic - global warming potential (GWP100)[kg CO2-Eq],climate change: fossil - global warming potential (GWP100)[kg CO2-Eq],climate change: land use and land use change - global warming potential (GWP100)[kg CO2-Eq],ecotoxicity: freshwater - comparative toxic unit for ecosystems (CTUe)[CTUe],"ecotoxicity: freshwater, inorganics - comparative toxic unit for ecosystems (CTUe)[CTUe]","ecotoxicity: freshwater, organics - comparative toxic unit for ecosystems (CTUe)[CTUe]","energy resources: non-renewable - abiotic depletion potential (ADP): fossil fuels[MJ, net calorific value]",eutrophication: freshwater - fraction of nutrients reaching freshwater end compartment (P)[kg P-Eq],eutrophication: marine - fraction of nutrients reaching marine end compartment (N)[kg N-Eq],eutrophication: terrestrial - accumulated exceedance (AE)[mol N-Eq],human toxicity: carcinogenic - comparative toxic unit for human (CTUh)[CTUh],"human toxicity: carcinogenic, inorganics - comparative toxic unit for human (CTUh)[CTUh]","human toxicity: carcinogenic, organics - comparative toxic unit for human (CTUh)[CTUh]",human toxicity: non-carcinogenic - comparative toxic unit for human (CTUh)[CTUh],"human toxicity: non-carcinogenic, inorganics - comparative toxic unit for human (CTUh)[CTUh]","human toxicity: non-carcinogenic, organics - comparative toxic unit for human (CTUh)[CTUh]",ionising radiation: human health - human exposure efficiency relative to u235[kBq U235-Eq],land use - soil quality index[dimensionless],material resources: metals/minerals - abiotic depletion potential (ADP): elements (ultimate reserves)[kg Sb-Eq],ozone depletion - ozone depletion potential (ODP)[kg CFC-11-Eq],particulate matter formation - impact on human health[disease incidence],photochemical oxidant formation: human health - tropospheric ozone concentration increase[kg NMVOC-Eq],water use - user deprivation potential (deprivation-weighted water consumption)[m3 world eq. deprived]
9972,Input,0.00013671117623545865,0.024518729513491124,3.436884107529767e-05,0.024411357391023607,7.300328139219999e-05,0.13307369889302778,0.12196311676250403,0.01111058213052385,0.27744016017678214,1.0006138881724011e-05,3.0543798817889666e-05,0.00027404781492182265,1.7799283102308186e-10,1.3975366089894792e-10,3.823917012413472e-11,8.49421009363136e-10,8.194064660385168e-10,3.00145433246193e-11,0.0012655158414777734,1.1078169620467666,5.69751200492501e-07,3.0659091663705683e-10,2.1045648504133574e-09,0.00011527426538867345,0.011964198172996467
9973,Input,0.000137153739972316,0.02452736653085833,3.43898874597407e-05,0.02441996066266005,7.30159807385226e-05,0.13357326897056526,0.12245993059504189,0.0111133383755235,0.27759865681822804,1.00405108413833e-05,3.0567867621261945e-05,0.00027437054992046525,1.7807196799346577e-10,1.398304843249321e-10,3.824148366853446e-11,8.551182750689268e-10,8.248283522321507e-10,3.028992283677617e-11,0.0012662134843876678,1.107958861056686,5.752812204445561e-07,3.0723992870631554e-10,2.10567979704682e-09,0.00011536905856251146,0.01197002353047969
9974,Input,0.00013640868626199303,0.02451282615780098,3.4354455982843135e-05,0.024405477100361964,7.29946014561541e-05,0.1327322453872083,0.1216235471355643,0.0111086982516441,0.2773318285606271,9.982645829086824e-06,3.052734791808225e-05,0.00027382722725716435,1.7793874132237216e-10,1.3970115249359934e-10,3.8237588828773606e-11,8.4552695838551e-10,8.157006355009947e-10,2.982632288451544e-11,0.0012650390062386259,1.1077199748239768,5.659714611030068e-07,3.0614732032027986e-10,2.10380279028623e-09,0.00011520947475570704,0.01196021657196643
9975,Input,0.0001367212140529973,0.024518925410256246,3.436931842974245e-05,0.024411552522399564,7.300356942691822e-05,0.13308502967516933,0.12197438503006952,0.01111064464509993,0.2774437550496441,1.0006918474426195e-05,3.054434472401912e-05,0.00027405513489578323,1.779946259339684e-10,1.397554033361801e-10,3.823922259778906e-11,8.495502294253806e-10,8.195294401997382e-10,3.0020789225642606e-11,0.0012655316647629943,1.1078201804676444,5.69876627242686e-07,3.0660563692294794e-10,2.1045901385920764e-09,0.00011527641539895143,0.011964330298316832
9976,Input,0.0001358785080777662,0.024502479268068447,3.432924304070789e-05,0.02439517063701047,7.297938801724473e-05,0.13213377530359122,0.12102837895141957,0.011105396352171776,0.27714195430169086,9.941469244466754e-06,3.0498514208029453e-05,0.00027344060033471966,1.7784393758729595e-10,1.3960912031585336e-10,3.823481727144337e-11,8.38701803644177e-10,8.092053772187918e-10,2.94964264253854e-11,0.0012642032507973124,1.1075499840335947,5.593466617967233e-07,3.053698231785929e-10,2.1024671174047676e-09,0.00011509591535488624,0.011953237967088276
9977,Input,0.00013559695592178463,0.024496984532150278,3.4315853658745356e-05,0.02438969736960059,7.297130889092029e-05,0.13181595660160414,0.12071231372956978,0.011103642872034483,0.27704112120715896,9.919602339111824e-06,3.0483202010221552e-05,0.0002732352813555286,1.777935918793813e-10,1.3956024644884984e-10,3.8233345430532205e-11,8.350772919432055e-10,8.057560576741216e-10,2.9321234269083834e-11,0.0012637594212445776,1.1074597100937142,5.558285492392454e-07,3.0495693180919276e-10,2.101757805723054e-09,0.00011503560941419632,0.01194953196539367
9978,Input,0.00013627712478615433,0.024510258620840667,3.4348199497804266e-05,0.024402919595037265,7.2990826305582e-05,0.13258373756514313,0.12147585866589909,0.011107878899244144,0.2772847120656965,9.972428033629032e-06,3.052019295478632e-05,0.00027373128742027734,1.7791521617616147e-10,1.396783150976273e-10,3.823690107853495e-11,8.438333250801207e-10,8.140888646077687e-10,2.9744460472352236e-11,0.001264831617057836,1.1076777923277386,5.643275451521064e-07,3.05954387690338e-10,2.1034713487053598e-09,0.00011518129547030483,0.011958484860658083
9979,Input,0.00013715939616835784,0.024527476916457912,3.439015644354228e-05,0.024420070616971542,7.301614304281104e-05,0.1335796537374584,0.12246628013568225,0.011113373601776262,0.277600682488208,1.0040950133006144e-05,3.056817523315833e-05,0.0002743746746425558,1.780729794053402e-10,1.3983146616849897e-10,3.8241513236841994e-11,8.551910891046254e-10,8.248976467736456e-10,3.029344233097994e-11,0.0012662224006289612,1.1079606746002537,5.753518969920433e-07,3.072482234200292e-10,2.1056940466479734e-09,0.00011537027006885507,0.0119700979815953
9980,Input,0.0001380739584751191,0.02454532539763485,3.443364900360126e-05,0.02443784936226457,7.304238636665323e-05,0.1346120202068532,0.12349295079772786,0.011119069409125456,0.27792821735368073,1.0111980125063625e-05,3.061791365160502e-05,0.0002750416096854653,1.7823651673150784e-10,1.3999022253245302e-10,3.824629419905559e-11,8.669645446143782e-10,8.361020278181897e-10,3.0862516796188904e-11,0.0012676640865508567,1.1082539102972417,5.867797375098887e-07,3.085894132323534e-10,2.107998094811196e-09,0.0001155661610931539,0.011982136140020564
9981,Input,0.00013765364741122546,0.024537122660591236,3.441366085839267e-05,0.02442967867417305,7.303032555977034e-05,0.13413756915428787,0.12302111740262446,0.011116451751663549,0.2777776901268846,1.0079336431671362e-05,3.059505505857187e-05,0.0002747351022169627,1.7816135886961077e-10,1.3991726188697257e-10,3.824409698263898e-11,8.615537447438557e-10,8.309527610243512e-10,3.060098371950469e-11,0.0012670015220222811,1.1081191461517468,5.815277740618518e-07,3.079730343233017e-10,2.106939209126113e-09,0.00011547613424181577,0.011976603688991656
9982,Input,0.00013796631958146757,0.024543224730733268,3.44285301713334e-05,0.024435756902888423,7.303929767349015e-05,0.13449051641888046,0.12337211737458101,0.011118399044299584,0.27788966832285894,1.0103620290304833e-05,3.0612059716565275e-05,0.00027496311514263813,1.7821726929835947e-10,1.399715377919495e-10,3.8245731506410745e-11,8.655788744242157e-10,8.34783334525487e-10,3.079553989872924e-11,0.0012674944081413285,1.108219398087664,5.854347442808073e-07,3.084315626556261e-10,2.1077269211652064e-09,0.00011554310580979497,0.011980719315770409
9983,Input,0.00013825576057002948,0.024548873424100563,3.444229471146969e-05,0.024441383526219565,7.304760316950706e-05,0.1348172401087272,0.12369703845338896,0.011120201655338354,0.27799332666800397,1.0126099886245613e-05,3.062780094807928e-05,0.00027517418697087676,1.782690256467272e-10,1.4002178105977681e-10,3.824724458695119e-11,8.693049416110429e-10,8.383293008328469e-10,3.097564077819661e-11,0.0012679506733901192,1.1083122014203515,5.890514311179526e-07,3.0885602286162663e-10,2.108456107108173e-09,0.00011560510146750388,0.011984529156225578
9984,Input,0.00013689039344145698,0.02452222709359496,3.437736385722063e-05,0.02441484130571593,7.300842402178393e-05,0.13327600094816772,0.12216430266987419,0.011111698278293641,0.27750434375730265,1.0020057886065779e-05,3.055354553532913e-05,0.0002741785072039001,1.7802487772176553e-10,1.3978477072249078e-10,3.82401069992755e-11,8.517281302512425e-10,8.216020713580222e-10,3.012605889322056e-11,0.0012657983535832244,1.1078744243781184,5.719905948268858e-07,3.068537355714271e-10,2.105016350624164e-09,0.00011531265210305635,0.011966557164945282
9985,Input,0.0001389360068167706,0.02456214902297543,3.447464423049379e-05,0.024454607255940265,7.306712280465239e-05,0.1355851084222095,0.12446067025773148,0.011124438164478088,0.2782369452397158,1.0178931590707894e-05,3.0664796101079864e-05,0.00027567024946591445,1.7839066378062492e-10,1.40139863141148e-10,3.82508006394777e-11,8.780619709161813e-10,8.466630557845456e-10,3.1398915131636233e-11,0.0012690229911864013,1.1085303084654508,5.975513939560778e-07,3.0985359222268186e-10,2.110169845039155e-09,0.00011575080409822073,0.011993483070055091
9986,Input,0.00013859144633651037,0.024555424624647645,3.4458258449808444e-05,0.024447909130540495,7.305723565732538e-05,0.13519616533558815,0.12407387306111807,0.011122292274470157,0.2781135467902992,1.0152171108677012e-05,3.064605719918037e-05,0.0002754189823220704,1.7832905124834776e-10,1.4008005183184302e-10,3.8248999416505524e-11,8.736263327373794e-10,8.424418158699044e-10,3.118451686747571e-11,0.001268479837384894,1.108419832195177,5.932459658971513e-07,3.093483002349866e-10,2.1093017970824507e-09,0.00011567700234090786,0.011988947705304332
9987,Input,0.00013827189255681335,0.024549188253894367,3.444306187779492e-05,0.024441697125940416,7.304806607613492e-05,0.13483545004600242,0.12371514792217975,0.01112030212382279,0.2779991040634663,1.0127352786003955e-05,3.0628678285252596e-05,0.0002751859510543279,1.78271910285603e-10,1.4002458136714375e-10,3.824732891846001e-11,8.695126138792744e-10,8.385269351827387e-10,3.098567869653626e-11,0.0012679761033231774,1.1083173738119463,5.892530070749316e-07,3.0887968014136273e-10,2.108496748269791e-09,0.0001156085567940483,0.01198474149759498
9988,Input,0.00013656508850539068,0.02451587848400847,3.43618937855101e-05,0.024408517500811522,7.299908941142275e-05,0.13290879369958478,0.12179912138959531,0.011109672309989592,0.2773878413520708,9.994792896623041e-06,3.053585384509302e-05,0.0002739412819652366,1.7796670836682913e-10,1.3972830193032167e-10,3.8238406436508236e-11,8.475403749025198e-10,8.176167327622677e-10,2.9923642140252306e-11,0.0012652855535878794,1.1077701220042335,5.679257728879644e-07,3.0637668150641106e-10,2.104196812977697e-09,0.0001152429747102047,0.01196227525618091
9989,Input,0.0001363707717108956,0.024512086222263956,3.4352652933582824e-05,0.024404740055830522,7.299351349983289e-05,0.13268944708799366,0.12158098496457974,0.01110846212341403,0.27731825011189665,9.979701174312179e-06,3.05252859374017e-05,0.00027379957846541324,1.779319616374196e-10,1.3969457101060065e-10,3.8237390626819736e-11,8.450388721422677e-10,8.152361410925895e-10,2.9802731049678254e-11,0.0012649792389880534,1.1077078182986806,5.654977028472331e-07,3.060917192865451e-10,2.103707272516506e-09,0.00011520135379970936,0.01195971751206711
9990,Input,0.0001360520005492603,0.024505865124984812,3.4337493579441506e-05,0.024398543265029524,7.298436637583216e-05,0.13232961522498182,0.12122313837814418,0.01110647684683776,0.277204087666352,9.954943634107737e-06,3.0507949586112197e-05,0.0002735671179137462,1.7787496061840997e-10,1.396392363984255e-10,3.8235724219985235e-11,8.409352281788553e-10,8.113308483262367e-10,2.9604379852618705e-11,0.0012644767386196932,1.1076056108459233,5.615145231667182e-07,3.0562424688877926e-10,2.1029041953461213e-09,0.000115133075882603,0.011955521605766576
9991,Input,0.0001382281430689343,0.024548334444476315,3.444098134460974e-05,0.024440846652445114,7.304681068656785e-05,0.1347860652156791,0.12366603555951962,0.011120029656159575,0.2779834359318135,1.0123954957607143e-05,3.06262989718708e-05,0.00027515404719566215,1.7826408722727656e-10,1.400169870134631e-10,3.824710021381423e-11,8.68949412613149e-10,8.379909564647479e-10,3.0958456148401626e-11,0.001267907138070292,1.1083033464335201,5.887063388309825e-07,3.088155222737096e-10,2.10838653059906e-09,0.00011559918604704747,0.011984165633859704
9992,Input,0.00013770221591700646,0.02453807051734721,3.441597056286993e-05,0.02443062282755348,7.303171923083716e-05,0.13419239373700492,0.12307563950529163,0.01111675423171343,0.2777950841074691,1.0083108531783475e-05,3.059769645396506e-05,0.0002747705202942743,1.7817004363992403e-10,1.3992569276076155e-10,3.824435087916324e-11,8.621789827815055e-10,8.315477779428395e-10,3.063120483866628e-11,0.001267078083816392,1.1081347186496937,5.821346579604689e-07,3.0804425919739907e-10,2.107061567303033e-09,0.00011548653717912883,0.01197724298427285
9993,Input,0.0001385746559506144,0.024555096945620854,3.4457459972917806e-05,0.02444758273178995,7.305675385796492e-05,0.13517721219124895,0.12405502448571058,0.011122187705538468,0.2781075336004432,1.0150867073984112e-05,3.0645144055009216e-05,0.00027540673810791985,1.783260488779303e-10,1.400771372347789e-10,3.824891164315216e-11,8.734101846850527e-10,8.422361154161762e-10,3.117406926887716e-11,0.0012684533695731435,1.1084144487013743,5.930361629664666e-07,3.0932367742433476e-10,2.1092594972221816e-09,0.00011567340599119257,0.011988726697589557
9994,Input,0.00013902999451055774,0.0245639832748039,3.447911387174908e-05,0.02445643434115487,7.306981977725557e-05,0.13569120260834006,0.1245661790974149,0.01112502351092529,0.2782706053265279,1.0186231197409205e-05,3.066990761640021e-05,0.00027573878901333013,1.7840747017645053e-10,1.4015617820728592e-10,3.825129196916537e-11,8.792719048081491e-10,8.478145070600939e-10,3.1457397748055815e-11,0.001269171150293728,1.1085604436970167,5.987258097036969e-07,3.099914235508038e-10,2.110406627346533e-09,0.00011577093541729141,0.011994720206923153
9995,Input,0.0001380388474533661,0.024544640175418464,3.443197927786357e-05,0.0244371668172831,7.304137885747918e-05,0.13457238655773385,0.12345353581672355,0.011118850741010381,0.27791564294108856,1.0109253207960427e-05,3.0616004140706596e-05,0.00027501600533830786,1.782302383592482e-10,1.399841277064286e-10,3.824611065282037e-11,8.665125491084897e-10,8.356718796875751e-10,3.0840669420915164e-11,0.001267608738691678,1.1082426526662859,5.863410105319173e-07,3.085379235259361e-10,2.1079096399464145e-09,0.00011555864062793845,0.011981673982287612
9996,Input,0.00013823656294422235,0.0245484987656871,3.4441381756838575e-05,0.024441010331635735,7.304705229450672e-05,0.13479556964950454,0.12367548755515995,0.011120082094344695,0.27798645136629996,1.0124608891921309e-05,3.0626756886304026e-05,0.000275160187302077,1.7826559282605436e-10,1.400184485965349e-10,3.824714422952021e-11,8.690578043830356e-10,8.380941090770712e-10,3.0963695305965025e-11,0.0012679204108845957,1.1083060460943093,5.888115487125407e-07,3.0882786987526047e-10,2.1084077427111796e-09,0.00011560098950864045,0.011984276462604655
9997,Input,0.00013809600813516823,0.02454575571598433,3.443469758843454e-05,0.024438277999315226,7.304301908064658e-05,0.13463691006895223,0.12351770333663435,0.011119206732318011,0.27793611406272345,1.0113692624219319e-05,3.0619112821098464e-05,0.0002750576891705505,1.782404595382698e-10,1.3999405007250134e-10,3.8246409465769226e-11,8.672483969989275e-10,8.363721600894046e-10,3.087623690952369e-11,0.001267698844909298,1.1082609800697276,5.870552572821896e-07,3.0862174867763077e-10,2.1080536443110607e-09,0.00011557088393211254,0.011982426374265876
9998,Input,0.0001362708083927479,0.024510135350913634,3.4347899117920296e-05,0.024402796806738736,7.299064505696016e-05,0.1325766075613018,0.12146876799995715,0.01110783956134478,0.27728244995730944,9.971937467409348e-06,3.051984943809423e-05,0.00027372668125613035,1.779140867111911e-10,1.3967721865220954e-10,3.8236868058982337e-11,8.437520121108422e-10,8.14011481931892e-10,2.9740530178950407e-11,0.0012648216601031442,1.1076757671053898,5.64248619160992e-07,3.059451248086024e-10,2.1034554358752346e-09,0.00011517994255562081,0.011958401719527138
9999,Input,0.00013707565677504023,0.024525842669152566,3.438617416637401e-05,0.024418442754841445,7.301374014472424e-05,0.13348512792856662,0.12237227584779384,0.011112852080772881,0.27757069265512363,1.0034446466281335e-05,3.0563621071069524e-05,0.00027431360856158723,1.7805800555787587e-10,1.3981693007674826e-10,3.8241075481128384e-11,8.541130848895493e-10,8.238717483037077e-10,3.024133658584171e-11,0.0012660903966052206,1.1079338252766118,5.743055380673207e-07,3.071254210473778e-10,2.1054830827869697e-09,0.00011535233384361392,0.01196899574058259
10000,Input,0.00013636182485641623,0.02451191161659457,3.435222746054188e-05,0.024404566132363754,7.299325677025008e-05,0.13267934779513765,0.1215709413918853,0.011108406403252464,0.27731504594881595,9.979006311864961e-06,3.052479936323548e-05,0.0002737930540649082,1.779303618069342e-10,1.3969301795065548e-10,3.823734385627946e-11,8.449236963993069e-10,8.151265324131197e-10,2.979716398618733e-11,0.0012649651354610955,1.1077049496727929,5.6538590813913e-07,3.0607859887912034e-10,2.1036847327906966e-09,0.00011519943746391108,0.011959599746824836
10001,Input,0.00013618967147660115,0.024508551893220383,3.434404060311773e-05,0.024401219535780408,7.298831683683754e-05,0.1324850194529349,0.12137768520461246,0.011107334248322517,0.27725339215696215,9.965635923526704e-06,3.0515436811576668e-05,0.0002736675130045505,1.7789957822530443e-10,1.3966313431733735e-10,3.8236443907967844e-11,8.42707510423653e-10,8.130174666323698e-10,2.969004379128327e-11,0.0012646937585387675,1.107649752212821,5.632347792826375e-07,3.058261389237317e-10,2.1032510284103355e-09,0.00011516256375759369,0.011957333734280543
13898,Input,9.776204556978132e-05,0.019626927881409188,2.498811451360878e-05,0.01955501550801578,4.6924258879775215e-05,0.09514013995923284,0.08654825322348712,0.00859188673574576,0.2141180832984687,7.31272184659189e-06,2.3469925512243038e-05,0.00020852379600455034,1.3418263946985203e-10,1.0162548426082201e-10,3.2557155209030474e-11,5.403095386154759e-10,5.227207351430944e-10,1.758880347238183e-11,0.0009413670431746014,0.7066597182823918,3.196860328059363e-07,2.396844422208702e-10,1.588103039972001e-09,8.736212339153834e-05,0.009080023462177936
13899,Input,9.761981313070567e-05,0.01962415209129317,2.4981350564500995e-05,0.01955225056320225,4.692017752639783e-05,0.09497958665425141,0.08638858572865314,0.008591000925598334,0.2140671451803612,7.301675284817835e-06,2.3462190209225256e-05,0.00020842007447879234,1.3415720619689862e-10,1.0160079452159153e-10,3.255641167530758e-11,5.384785345590863e-10,5.20978233366543e-10,1.750030119254375e-11,0.0009411428326385491,0.7066141143600584,3.179087786831671e-07,2.394758608078161e-10,1.5877447151344474e-09,8.733165848174153e-05,0.009078151291608315
13900,Input,9.704666033771385e-05,0.019612966514584405,2.4954093939022463e-05,0.01954110868971232,4.690373093304237e-05,0.09433260643108857,0.08574517504675215,0.008587431384336465,0.2138618802994886,7.25716105321988e-06,2.343101932754671e-05,0.0002080021087702105,1.3405471796339233e-10,1.0150130249930633e-10,3.2553415464086484e-11,5.311001538203522e-10,5.139564894766527e-10,1.7143664343699746e-11,0.000940239333438284,0.706430344640389,3.1074699357323484e-07,2.386353421453009e-10,1.5863007767278718e-09,8.720889430606004e-05,0.009070607022537844
13901,Input,9.734049408311923e-05,0.019618700936433246,2.4968067379350064e-05,0.019546820706574854,4.691216247901734e-05,0.09466428870586703,0.08607502735281863,0.008589261353048437,0.2139671118354498,7.279981815072918e-06,2.3446999458888978e-05,0.00020821638397065494,1.3410725980193758e-10,1.0155230829375325e-10,3.2554951508184815e-11,5.348827703826344e-10,5.175562718238238e-10,1.7326498558810866e-11,0.0009407025232843964,0.7065245564207079,3.144185697539164e-07,2.390662442532725e-10,1.5870410293015775e-09,8.727183085279445e-05,0.009074474683769594
13902,Input,9.728586644973786e-05,0.019617634830516855,2.496546952941884e-05,0.019545758766045855,4.69105949415593e-05,0.09460262452335219,0.08601370338602597,0.008588921137326245,0.21394754788183135,7.275739129433555e-06,2.3444028538189767e-05,0.0002081765473376077,1.3409749156960173e-10,1.0154282563261256e-10,3.255466593698964e-11,5.341795312413927e-10,5.168870240148538e-10,1.7292507226539336e-11,0.0009406164100809434,0.7065070411874308,3.1373597450859035e-07,2.3898613377329665e-10,1.5869034064218423e-09,8.726013010482028e-05,0.009073755633683907
13903,Input,9.671464408855577e-05,0.01960648692786875,2.493830470678502e-05,0.019534654419420084,4.689420374185692e-05,0.09395782338963692,0.08537245977102628,0.008585363618610689,0.2137429743521313,7.231374825899658e-06,2.3412962642934152e-05,0.00020775998937633012,1.3399534852597934e-10,1.0144366870869379e-10,3.255167981728605e-11,5.268260015738852e-10,5.098889300101785e-10,1.6937071563707074e-11,0.0009397159539498524,0.7063238904212358,3.0659831095570147e-07,2.38148446055658e-10,1.585464331333854e-09,8.713777941027807e-05,0.009066236774411963
13904,Input,9.806122225700197e-05,0.019632766575428128,2.5002342040744983e-05,0.01956083138964614,4.693284374122284e-05,0.0954778533966092,0.08688410341681638,0.008593749979792864,0.2142252283177604,7.335957571003405e-06,2.3486196219168594e-05,0.00020874196748970112,1.342361367057626e-10,1.0167741752189329e-10,3.2558719183869816e-11,5.441609365907772e-10,5.263859743274371e-10,1.7774962263340527e-11,0.0009418386554583537,0.7067556431677181,3.2342437129084744e-07,2.4012317966064744e-10,1.5888567529684514e-09,8.742620434837715e-05,0.009083961451237054
13905,Input,9.744064506887455e-05,0.019620655470280628,2.4972830119658438e-05,0.019548767603853944,4.691503630700355e-05,0.09477734007350624,0.08618745498961253,0.008589885083893758,0.21400297919998457,7.287760097285249e-06,2.3452446164488498e-05,0.00020828941803458737,1.341251682859221e-10,1.0156969322884994e-10,3.2555475057072645e-11,5.361720463196931e-10,5.18783230116434e-10,1.7388816203259495e-11,0.000940860398002346,0.7065566677857783,3.15669998425813e-07,2.3921311394251753e-10,1.587293338732076e-09,8.729328229359745e-05,0.00907579294653207
13906,Input,9.947389825023893e-05,0.01966033617969455,2.506952269648109e-05,0.019588293276583377,4.697338041466818e-05,0.09707249524523455,0.0884699472532726,0.008602547991961992,0.2147311540901006,7.445673840564916e-06,2.356302452180227e-05,0.00020977214675381626,1.344887441584941e-10,1.0192264007531964e-10,3.2566104083174966e-11,5.623467702219162e-10,5.436927887496915e-10,1.865398147222503e-11,0.0009440655514025586,0.7140895421957143,3.410763517352098e-07,2.4219484458302326e-10,1.592415694227438e-09,8.77287868463346e-05,0.009102556157452727
13907,Input,9.921903043026069e-05,0.019655362211869875,2.5057402304151822e-05,0.01958333874257155,4.696606699415304e-05,0.09678479807082872,0.08818383737148902,0.008600960699339747,0.214639877534624,7.425879389060708e-06,2.3549163550072998e-05,0.00020958628704890954,1.3444317000624962e-10,1.0187839826905941e-10,3.25647717371907e-11,5.590657745836772e-10,5.405703812877648e-10,1.8495393295912885e-11,0.000943663786158911,0.7140078240423652,3.378916711745637e-07,2.418210853310652e-10,1.591773608140854e-09,8.767419645052752e-05,0.009099201395101689
13908,Input,9.938776387126559e-05,0.019658655192155018,2.506542652433082e-05,0.019586618856838087,4.6970908792576796e-05,0.09697526595417716,0.08837325439896222,0.008602011555214983,0.21470030653382036,7.438984165942289e-06,2.3558340108556336e-05,0.00020970933415448664,1.344733420520173e-10,1.0190768824457378e-10,3.2565653807444027e-11,5.612379345841413e-10,5.426375491056373e-10,1.8600385478504344e-11,0.0009439297720022497,0.7140619249689095,3.400000664578331e-07,2.420685300053112e-10,1.5921986967017399e-09,8.771033763669664e-05,0.009101422391833614
13909,Input,9.910400574038365e-05,0.019653117404712428,2.5051932235906324e-05,0.019581102706110597,4.6962766365902815e-05,0.09665495712712956,0.08805471279065447,0.00860024433647513,0.2145986834070655,7.416945932315357e-06,2.354290793893037e-05,0.00020950240649106057,1.3442260188302097e-10,1.0185843144843404e-10,3.25641704345874e-11,5.575850246568779e-10,5.391612039737809e-10,1.842382068309726e-11,0.0009434824650232813,0.7139709437282985,3.364543893165521e-07,2.416524036118556e-10,1.5914838275283391e-09,8.764955919601454e-05,0.009097687353434632
13910,Input,9.89947068121071e-05,0.019650984340787114,2.504673445969435e-05,0.019578977976289276,4.695963003812158e-05,0.0965315794765755,0.08793201584346454,0.008599563633110981,0.21455953986320334,7.408457170040791e-06,2.353696372300303e-05,0.00020942270138526165,1.34403057611022e-10,1.0183945854707022e-10,3.256359906395227e-11,5.561779843056471e-10,5.378221734549007e-10,1.835581085074678e-11,0.0009433101697898022,0.713935899262573,3.350886532569289e-07,2.414921186230486e-10,1.5912084717728306e-09,8.762614834816243e-05,0.009096248678557507
13911,Input,9.918120054731652e-05,0.01965462392870572,2.5055603281336412e-05,0.01958260334395698,4.696498146738065e-05,0.09674209534581595,0.0881413702474011,0.008600725098414912,0.2146263294083461,7.42294131008545e-06,2.3547106174065098e-05,0.00020955870000052794,1.344364054612206e-10,1.0187183148337338e-10,3.2564573977847715e-11,5.585787783008769e-10,5.401069241561476e-10,1.847185414472963e-11,0.000943604152376429,0.7139956946641806,3.374189708829614e-07,2.417656084617136e-10,1.5916783036748075e-09,8.766609362968716e-05,0.00909870344966842
13912,Input,0.00010199006392552875,0.019709441347665547,2.5189180467134725e-05,0.019637206585523984,4.704558167440636e-05,0.09991276654813817,0.09129454811487425,0.008618218433263975,0.21563227583967456,7.641093252243987e-06,2.3699866047320573e-05,0.00021160703438280633,1.3493867195859e-10,1.0235941437791434e-10,3.2579257580676185e-11,5.947381823916337e-10,5.745185496505375e-10,2.0219632741096417e-11,0.0009480319521654196,0.7424201127171464,3.725168996794134e-07,2.4588475804749697e-10,1.5987546465980488e-09,8.82677269139431e-05,0.009135675826609672
13913,Input,0.00010185463874192986,0.019706798407078036,2.5182740241151616e-05,0.019634573971181943,4.704169565491562e-05,0.09975989733668528,0.09114252231862698,0.008617375018058355,0.21558377562381859,7.630575379766303e-06,2.369250095650034e-05,0.00021150827697725088,1.3491445592403687e-10,1.0233590629150289e-10,3.257854963253446e-11,5.929948103302506e-10,5.728594441430706e-10,2.013536618718028e-11,0.0009478184723628724,0.7423766914020443,3.7082470507569235e-07,2.4568615935691873e-10,1.5984134712147882e-09,8.823872005707297e-05,0.009133893258267547
13914,Input,0.0001015828537824062,0.01970149428651854,2.5169815344085747e-05,0.01962929057437658,4.703389679784981e-05,0.09945310393723752,0.09083742157014288,0.008615682367094708,0.21548644048383198,7.609467049176259e-06,2.3677719947109985e-05,0.00021131008062441408,1.3486585673593947e-10,1.0228872788535998e-10,3.257712885057998e-11,5.894960348990792e-10,5.695297833576149e-10,1.996625154146468e-11,0.0009473900394971927,0.7422895491139272,3.6742863774422256e-07,2.4528759141227323e-10,1.597728765938666e-09,8.818050616205837e-05,0.009130315819774661
13915,Input,7.754423666866389e-05,0.014527272054871995,1.8625854146022485e-05,0.014474017395646271,3.462880507968649e-05,0.07635814825725083,0.0700119819815986,0.006346166275652275,0.15931774118571226,5.816851157753489e-06,1.7550016157905766e-05,0.0001573397804102222,9.957865410548085e-11,7.563667337572492e-11,2.394198072975628e-11,4.707525838201871e-10,4.5426152214043415e-10,1.6491061679753095e-11,0.0007004487053130499,0.5069066191469742,3.065433518582532e-07,1.8445917707262737e-10,1.1808652448108506e-09,6.539392852020276e-05,0.006744502340155314
13916,Input,7.733124408523471e-05,0.01452311531881579,1.8615725155730155e-05,0.01446987690039286,3.462269326718166e-05,0.07611772024077076,0.06977288046273718,0.00634483977803363,0.15924146153079494,5.800308969870357e-06,1.7538432568507517e-05,0.00015718445778570707,9.954056786758317e-11,7.55997005769944e-11,2.3940867290589127e-11,4.680106616062802e-10,4.516521317831458e-10,1.6358529823134523e-11,0.0007001129508141733,0.5068383274316985,3.0388191998322644e-07,1.841468271311483e-10,1.1803286546113617e-09,6.534830742361095e-05,0.006741698771230844
13917,Input,7.644689558365074e-05,0.01450585648640199,1.8573669431331867e-05,0.014452685500043536,3.4597316927106365e-05,0.07511945939670871,0.06878012725730985,0.006339332139398916,0.15892474722346353,5.731625549857126e-06,1.7490337326117472e-05,0.00015653955584574029,9.938243321860384e-11,7.5446188944663e-11,2.393624427394121e-11,4.5662615815414616e-10,4.408179026500787e-10,1.5808255504067692e-11,0.0006987188929404154,0.5296000741153059,2.928316136633802e-07,1.82849945341794e-10,1.1781007238015527e-09,6.515888792476247e-05,0.006730058309682726
13918,Input,7.632936861540619e-05,0.014503562845099495,1.8568080365734984e-05,0.014450400820237649,3.459394449609206e-05,0.07498679385782928,0.06864819366524748,0.006338600192581836,0.1588826569476575,5.722497752265606e-06,1.7483945628709755e-05,0.00015645385052743695,9.936141765083202e-11,7.542578776039473e-11,2.393562989043764e-11,4.5511319559096824e-10,4.393780697097891e-10,1.5735125881179282e-11,0.0006985336272955176,0.5295623914968628,2.9136306478517316e-07,1.8267759407461663e-10,1.1778046392228301e-09,6.513371470471836e-05,0.0067285113311417255
13919,Input,7.67557659008818e-05,0.014511884360066209,1.858835794486812e-05,0.014458689822174497,3.4606179946826734e-05,0.07546811509413177,0.06912685933967701,0.006341255754454804,0.1590353638507342,5.755614135454324e-06,1.7507135220553555e-05,0.00015676479630967919,9.943766381955807e-11,7.549980489639688e-11,2.3937858923161566e-11,4.6060234535464526e-10,4.446018993247954e-10,1.6000446029850068e-11,0.0006992057859434959,0.529699107064819,2.9669107813061003e-07,1.833028983224024e-10,1.1788788578683397e-09,6.522504517000492e-05,0.006734123893606535
13920,Input,7.691211149049348e-05,0.014514935580625648,1.859579305333025e-05,0.014461729121295886,3.461066627641756e-05,0.0756445994551858,0.06930236999521996,0.00634222945996589,0.15909135635259233,5.76775680294263e-06,1.7515638066451435e-05,0.00015687880970356776,9.946562073347657e-11,7.552694449874382e-11,2.393867623473309e-11,4.6261503254919827e-10,4.4651730251569084e-10,1.609773003350765e-11,0.0006994522439855859,0.5297492360801983,2.9864468200269406e-07,1.835321764267358e-10,1.1792727378324599e-09,6.525853298977096e-05,0.006736181832101181
13921,Input,7.662539064329083e-05,0.014509339973189723,1.8582157871150823e-05,0.014456155376483822,3.460243883473336e-05,0.07532094628629815,0.06898050249658855,0.006340443789709646,0.15898867217960325,5.745488468298881e-06,1.7500044769668785e-05,0.00015666972151010246,9.941435078679126e-11,7.5477173412799e-11,2.393717737399261e-11,4.5892398261929977e-10,4.4300466089278224e-10,1.5919321726517686e-11,0.0006990002666781133,0.529657304905199,2.9506198447541804e-07,1.8311170526101397e-10,1.1785504047158739e-09,6.519711996188744e-05,0.0067324077961968655
17032,Input,0.00011031579323932372,0.018733808680191054,2.393744251466232e-05,0.018666881030342395,4.299020733397224e-05,0.1110915281161731,0.10291865893801347,0.008172869178159672,0.2054287144204523,8.382487006216731e-06,2.2870661082269828e-05,0.00020869168941063378,1.280489471978099e-10,9.694531395046978e-11,3.110363324734055e-11,7.524753107307551e-10,7.240168539547659e-10,2.8458456775989463e-11,0.0009032237647671872,0.6314497576029994,5.386098590031529e-07,2.546855055637756e-10,1.523515766164294e-09,8.55950520285016e-05,0.008596069924255862
17033,Input,0.00011033395671943131,0.018734163156349112,2.3938306289873283e-05,0.018667234121525007,4.299072853420873e-05,0.11111203122207632,0.10293904892348442,0.00817298229859195,0.20543521936054177,8.38389768303803e-06,2.28716489020907e-05,0.0002087049349394462,1.280521950978696e-10,9.694846689919437e-11,3.110372819867566e-11,7.527091350676737e-10,7.242393763031244e-10,2.8469758764549633e-11,0.0009032523970794639,0.6314555813513758,5.388368193232802e-07,2.547121419933514e-10,1.5235615252478143e-09,8.559894248265307e-05,0.008596309005671609
17034,Input,0.0001104027968770762,0.018735506632073906,2.3941580024936165e-05,0.018668572348149542,4.299270389940481e-05,0.11118973863465502,0.10301632760608713,0.008173411028567956,0.2054598732869136,8.389244192307658e-06,2.2875392770104462e-05,0.00020875513590788036,1.280645047406692e-10,9.696041667346444e-11,3.110408806720517e-11,7.535953366171194e-10,7.250827429624735e-10,2.8512593654646293e-11,0.0009033609144384279,0.6314776535398516,5.39697006034424e-07,2.5481309489446e-10,1.523734953605407e-09,8.561368742555553e-05,0.008597215131714223
17035,Input,0.00010974876515041957,0.018722742632425057,2.3910477153167014e-05,0.018655858218783145,4.2973936488722314e-05,0.11045146151615909,0.10228212373518489,0.008169337780974261,0.2052256429977122,8.338448453180517e-06,2.2839823292270793e-05,0.00020827819007875842,1.279475541523763e-10,9.684688509877895e-11,3.110066905359777e-11,7.451757752828815e-10,7.170701443385125e-10,2.8105630944369207e-11,0.0009023299203488804,0.6312679516444196,5.315246046457079e-07,2.5385396867392387e-10,1.5220872576667572e-09,8.547359970937531e-05,0.008588606273157039
17036,Input,0.00010989250538113398,0.018725547848410132,2.3917312806212215e-05,0.018658652474495784,4.297806110811227e-05,0.1106137168304177,0.10244348384891266,0.008170232981505078,0.20527712110563553,8.349612118433834e-06,2.2847640596450116e-05,0.00020838301114587502,1.2797325704087274e-10,9.687183657142704e-11,3.110142046944613e-11,7.470261896272803e-10,7.188311181993947e-10,2.8195071427885834e-11,0.0009025565077180502,0.6313140390093013,5.333206992589001e-07,2.5406476123735017e-10,1.5224493810695154e-09,8.550438757458628e-05,0.008590498290416694
17037,Input,0.00010997461873145357,0.018727150362068,2.3921217755928618e-05,0.01866024872696508,4.298041734696912e-05,0.1107064071467941,0.10253566277112733,0.008170744375666809,0.20530652859920007,8.355989497621557e-06,2.2852106326284007e-05,0.00020844289145191213,1.2798794012769434e-10,9.688609040283082e-11,3.110184972486395e-11,7.480832612664648e-10,7.198370958774853e-10,2.8246165388979772e-11,0.0009026859485011223,0.6313403669755153,5.343467400927514e-07,2.5418517904605526e-10,1.5226562484557843e-09,8.55219755160352e-05,0.00859157912822585
17038,Input,0.00011018066594271927,0.018731171553128083,2.3931016454874232e-05,0.018664254206810844,4.298632986233527e-05,0.11093899516234036,0.1027669675441744,0.008172027618166017,0.20538032088773414,8.37199226929875e-06,2.286331219201665e-05,0.0002085931492360685,1.2802478442987647e-10,9.692185757344521e-11,3.110292685643169e-11,7.507357734647164e-10,7.223613978863469e-10,2.8374375578369786e-11,0.0009030107545438944,0.631406431799269,5.369213866226635e-07,2.544873437193251e-10,1.5231753412449188e-09,8.556610897634771e-05,0.008594291276926888
17039,Input,0.00011005278897823151,0.018728675922620733,2.3924935188986685e-05,0.018661768326993077,4.2982660438649e-05,0.11079464645108342,0.10262341523853,0.008171231212553476,0.20533452393759646,8.3620606334717e-06,2.2856357610658594e-05,0.00020849989629073356,1.2800191812902834e-10,9.689965976169912e-11,3.110225836732965e-11,7.490895720621564e-10,7.207947662568252e-10,2.829480580533144e-11,0.00090280917350554,0.6313654306662319,5.353235101901134e-07,2.5429981436158313e-10,1.5228531820186219e-09,8.553871888015356e-05,0.008592608063934111
17040,Input,0.00011052347815328793,0.01873786183244784,2.3947319095543855e-05,0.018670918346509132,4.2996166843142925e-05,0.11132596478581355,0.10315180216569758,0.008174162620116037,0.20550309322422883,8.398616970988162e-06,2.2881956014369533e-05,0.00020884314147243688,1.2808608434556244e-10,9.698136540540657e-11,3.11047189401563e-11,7.551489056039832e-10,7.265612195994631e-10,2.8587686004520323e-11,0.0009035511524305959,0.6315163475226255,5.412049693167962e-07,2.549900718997409e-10,1.524038984802336e-09,8.563953627000937e-05,0.008598803629634222
17041,Input,0.00010986940430589089,0.018725097010776005,2.3916214220697583e-05,0.018658203398331477,4.2977398223807695e-05,0.11058764012103267,0.10241755101083436,0.008170089110198366,0.20526884785020386,8.347817960530209e-06,2.2846384245801817e-05,0.00020836616492720344,1.2796912622545547e-10,9.68678265190972e-11,3.110129970635868e-11,7.467288020358707e-10,7.185481049507089e-10,2.818069708516198e-11,0.0009025200919432994,0.6313066321220396,5.330320416117207e-07,2.540308839098672e-10,1.5223911827493038e-09,8.549943953194521e-05,0.008590194216652105
17042,Input,0.00010947841809296385,0.018717466573778683,2.3897620636398023e-05,0.01865060277425007,4.296617889219102e-05,0.1101462912339886,0.10197863714886027,0.008167654085128385,0.2051288228177856,8.31745179805721e-06,2.2825120483101695e-05,0.00020808104230103818,1.278992120825285e-10,9.679995629411463e-11,3.10992557884143e-11,7.41695510428736e-10,7.137580994142777e-10,2.793741101445842e-11,0.0009019037541446991,0.6311812703901895,5.281465045050916e-07,2.534575093878032e-10,1.521406174883705e-09,8.54156938000571e-05,0.008585047761414978
17043,Input,0.00010981561505712191,0.018724047266666637,2.391365624065039e-05,0.018657157755682205,4.2975854743758025e-05,0.11052692231489468,0.10235716819903867,0.008169754115856066,0.20524958414971106,8.343640388499749e-06,2.2843458920601527e-05,0.00020832693967740842,1.279595079087424e-10,9.685848939084333e-11,3.1101018517899495e-11,7.460363556901128e-10,7.17889128263334e-10,2.8147227426779055e-11,0.0009024353003417581,0.6312893856996399,5.323599223345952e-07,2.5395200290643185e-10,1.5222556720039875e-09,8.548791835841803e-05,0.00858948620201661
17044,Input,0.0001096032647373351,0.018719903064945646,2.3903557793591513e-05,0.018653029745791055,4.296976136097922e-05,0.11028721929160969,0.10211878767341524,0.008168431618194501,0.2051735345105446,8.327148082380905e-06,2.2831910260674516e-05,0.0002081720854169695,1.2792153651712475e-10,9.6821628080898e-11,3.1099908436227163e-11,7.433027015431959e-10,7.152876063328623e-10,2.801509521033382e-11,0.0009021005582861504,0.6312212999130641,5.297065158137963e-07,2.536405948334811e-10,1.5217206998532141e-09,8.544243482892451e-05,0.008586691087050305
17045,Input,0.00010917645533904983,0.018711573507237973,2.388326061618607e-05,0.018644732732537077,4.29575140846862e-05,0.10980543285852054,0.10163965936879858,0.008165773489722023,0.2050206800163058,8.293999692220787e-06,2.2808698256099272e-05,0.00020786083910575028,1.2784521665650643e-10,9.674753940736285e-11,3.109767724914399e-11,7.378082465184191e-10,7.100587278885762e-10,2.774951862984311e-11,0.0009014277499971016,0.6310844522095649,5.243733529455448e-07,2.530146862293844e-10,1.5206454429758036e-09,8.535101609277897e-05,0.008581073100046067
17046,Input,0.00010903872189502425,0.018708885518934768,2.3876710619491338e-05,0.01864205524648549,4.295356182976738e-05,0.1096499580611502,0.10148504236226098,0.008164915698889282,0.2049713531364131,8.283302547408608e-06,2.2801207630668505e-05,0.00020776039842530433,1.2782058787070005e-10,9.672363063635106e-11,3.109695723434941e-11,7.360351594761785e-10,7.083713436851917e-10,2.7663815790986992e-11,0.0009012106315287831,0.6310402907979707,5.226523156573674e-07,2.5281270251479466e-10,1.5202984524138972e-09,8.532151482727644e-05,0.008579260148640374
17047,Input,0.00010923499003373103,0.01871271586286371,2.3886044268765162e-05,0.01864587062485983,4.295919373509074e-05,0.10987150736830341,0.10170536933005184,0.008166138038251612,0.20504164321717924,8.298545821956896e-06,2.281188166210254e-05,0.00020790352492258338,1.2785568352944164e-10,9.675770028456505e-11,3.109798324487701e-11,7.385617825197513e-10,7.107758414397094e-10,2.7785941080042085e-11,0.0009015200221634051,0.6311032201621318,5.251047685643957e-07,2.53100526347213e-10,1.5207929088780914e-09,8.536355369815955e-05,0.008581843577817497
17048,Input,0.00010914724626767206,0.018711003466731352,2.3881871561244956e-05,0.018644164919238374,4.295667593171004e-05,0.10977246138607996,0.10160686980768563,0.0081655915783944,0.20501021928640958,8.291731153387913e-06,2.280710972243253e-05,0.000207839538694473,1.2783999364064664e-10,9.674246908472641e-11,3.1097524555920664e-11,7.374322287230157e-10,7.097008850568146e-10,2.77313436662013e-11,0.0009013817057782599,0.6310750869182769,5.240083733187749e-07,2.529718516311622e-10,1.5205718568387412e-09,8.534475977227602e-05,0.0085806886282325
17049,Input,0.00010955034905440197,0.018718870369235564,2.3901041356492565e-05,0.01865200108493119,4.2968242947861514e-05,0.11022748757474204,0.10205938551040468,0.008168102064337417,0.20515458366273162,8.323038356328706e-06,2.2829032444301963e-05,0.00020813349720596766,1.2791207440695988e-10,9.681244259254308e-11,3.109963181441721e-11,7.426215008921571e-10,7.146393317752605e-10,2.7982169116896862e-11,0.0009020171437450435,0.6312043335816816,5.290453121090491e-07,2.5356299489924217e-10,1.52158738987404e-09,8.54311007653461e-05,0.008585994570946786
17050,Input,0.00011008821087456264,0.018729367211825682,2.392661969855175e-05,0.018662456915258755,4.2983676868354936e-05,0.11083463101832863,0.10266317920156272,0.008171451816765953,0.2053472096846077,8.364811694822533e-06,2.285828402845306e-05,0.00020852572733994133,1.2800825209028056e-10,9.690580855158946e-11,3.110244353869156e-11,7.49545569556742e-10,7.21228722938486e-10,2.831684661825616e-11,0.0009028650114171725,0.6313767879727625,5.357661216766346e-07,2.543517599601949e-10,1.5229424200667859e-09,8.554630593190893e-05,0.008593074313632577
18055,Input,8.29277799984538e-05,0.013381496983364398,2.017859337645793e-05,0.01331426035274752,4.705803724040854e-05,0.08256405091490727,0.07614441697420055,0.006419633940706745,0.1537551790095232,6.126423665896742e-06,1.718269655650997e-05,0.00015797840329098266,1.0281548095258551e-10,8.218444977244136e-11,2.0631031180144604e-11,5.704519935636958e-10,5.490510459298333e-10,2.1400947633862683e-11,0.0007382175013413236,0.7323998353827343,4.144837449317267e-07,1.769218595282405e-10,1.2116792572561026e-09,6.677206969177118e-05,0.00655964826184485
18056,Input,8.348401977758598e-05,0.013392352487854697,2.0205045693399325e-05,0.013325073443645684,4.7073998515599693e-05,0.08319193957014087,0.0767688414208193,0.006423098149321591,0.15395438678342968,6.169624338832555e-06,1.7212947624902613e-05,0.00015838403536024784,1.0291494488797282e-10,8.22810059110104e-11,2.0633938976962897e-11,5.776126476207815e-10,5.558655870403243e-10,2.174706058045741e-11,0.000739094339423152,0.7325781822904525,4.2143419482301406e-07,1.7773757554831515e-10,1.213080586866941e-09,6.689121125192996e-05,0.006566969909078858
18057,Input,8.375087515212865e-05,0.013397560403263273,2.0217736161089227e-05,0.013330261011183725,4.708165591844844e-05,0.08349316840804391,0.07706840830874666,0.006424760099297285,0.15404995647677405,6.1903498104533844e-06,1.7227460539097332e-05,0.00015857863686454725,1.029626625930472e-10,8.232732860400875e-11,2.0635333989038888e-11,5.810479629147634e-10,5.591348550585403e-10,2.191310785622344e-11,0.0007395150014533013,0.7326637440079763,4.2476866491767924e-07,1.7812891434180645e-10,1.2137528730862785e-09,6.694836927415803e-05,0.00657048246065859
18058,Input,8.377721309376438e-05,0.013398074411168531,2.0218988677730202e-05,0.0133307730108063,4.7082411684487086e-05,0.08352289892242942,0.0770979747929284,0.006424924129501047,0.1540593889606045,6.192395361392195e-06,1.7228892926538206e-05,0.00015859784353434447,1.0296737220825877e-10,8.233190053510324e-11,2.0635471673155995e-11,5.813870197310943e-10,5.594575234342583e-10,2.192949629683623e-11,0.0007395565197177074,0.7326721887302392,4.2509776857125884e-07,1.7816753847789675e-10,1.2138192260133564e-09,6.695401062448137e-05,0.006570829140498401
18059,Input,8.406742455021528e-05,0.013403738140888745,2.0232789857929935e-05,0.01333641461174176,4.709073928904509e-05,0.08385049232362167,0.0774237607846809,0.006426731538940791,0.1541633232356611,6.2149347961516435e-06,1.7244676059904042e-05,0.00015880947721827175,1.0301926632773029e-10,8.238227754633949e-11,2.0636988781391253e-11,5.851230053995231e-10,5.630129288096263e-10,2.2110076589897036e-11,0.0007400139995067222,0.7327652390976961,4.28724082728593e-07,1.7859312856173708e-10,1.2145503529887835e-09,6.701617130948569e-05,0.0065746491224326605
18060,Input,8.325120446134904e-05,0.01338780889387664,2.0193974021136835e-05,0.013320547601964812,4.706731789067752e-05,0.08292913546782035,0.07650748727021821,0.006421648197602146,0.15387100795541553,6.151542607340982e-06,1.7200285977320835e-05,0.00015821425721415923,1.0287331405098469e-10,8.224059213842721e-11,2.0632721912557935e-11,5.746155409748584e-10,5.530133466879283e-10,2.1602194286930416e-11,0.0007387273370206485,0.7325035348213609,4.185250695677982e-07,1.7739615591185996e-10,1.2124940574443088e-09,6.68413443041748e-05,0.006563905418403955
18061,Input,8.310632767158319e-05,0.01338498149695027,2.0187084318342983e-05,0.013317731251974137,4.706316065777722e-05,0.08276559719509459,0.0763448512764053,0.0064207459186892985,0.1538191228082853,6.140290670594513e-06,1.7192406861442876e-05,0.0001581086073231843,1.0284740792884637e-10,8.221544337360877e-11,2.0631964555238075e-11,5.727504953392643e-10,5.512384487448945e-10,2.1512046594370074e-11,0.0007384989580171944,0.7324570830420667,4.1671477317143283e-07,1.7718369660423302e-10,1.2121290707190896e-09,6.681031299823255e-05,0.006561998440897392
18062,Input,8.304504220765011e-05,0.013383785457663125,2.018416985127918e-05,0.013316539885737657,4.706140207417397e-05,0.08269641759130153,0.07627605335267197,0.006420364238629571,0.1537971744663994,6.135530900828995e-06,1.7189073855012076e-05,0.00015806391553650585,1.0283644917750656e-10,8.220480499791218e-11,2.063164417959484e-11,5.719615477982643e-10,5.504876352843776e-10,2.1473912513887026e-11,0.0007384023496287709,0.732437433111604,4.159489855343177e-07,1.7709382253085068e-10,1.211974674829861e-09,6.679718620280733e-05,0.0065611917554277
18063,Input,8.28366484846189e-05,0.01337971847237911,2.0174259562556534e-05,0.01331248879059078,4.705542222575932e-05,0.08246118081136945,0.07604211442909194,0.00641906638227753,0.15372254181476505,6.119345886005724e-06,1.7177740374372035e-05,0.00015791194658306833,1.027991852841636e-10,8.216863050275236e-11,2.063055478141169e-11,5.692788281973349e-10,5.479345859591746e-10,2.1344242238160417e-11,0.000738073844622076,0.7323706159268488,4.1334501835338893e-07,1.767882167386422e-10,1.2114496704958451e-09,6.675255014076952e-05,0.006558448720170141
18064,Input,8.2657399329594e-05,0.013376220268762154,2.016573526127842e-05,0.013309004254821465,4.705027867939952e-05,0.0822588426918701,0.07584089265633791,0.0064179500355322295,0.1536583467922465,6.105424400324978e-06,1.7167991919386597e-05,0.00015778123100249584,1.0276713287251939e-10,8.213751513326555e-11,2.0629617739254305e-11,5.669712960191066e-10,5.457385892294126e-10,2.1232706789694172e-11,0.0007377912821532311,0.732313143351695,4.111052248024859e-07,1.765253509515769e-10,1.2109980897961585e-09,6.671415658319237e-05,0.006556089307684155
18065,Input,8.228378857827971e-05,0.013368928929054585,2.0147967977496777e-05,0.013301741403141214,4.7039557935864415e-05,0.08183710738809603,0.07542148416490603,0.006415623223190039,0.15352454448455655,6.076407712777006e-06,1.7147673120166827e-05,0.00015750877925085777,1.0270032572023931e-10,8.207266106703703e-11,2.0627664653202735e-11,5.621616843326802e-10,5.411614519593587e-10,2.100023237332179e-11,0.0007372023344604861,0.7321933527062091,4.0643680139359643e-07,1.7597745724358884e-10,1.2100568557665446e-09,6.663413251897832e-05,0.0065511715613693865
18066,Input,8.222664591679873e-05,0.013367813740171004,2.0145250523892997e-05,0.013300630571417312,4.703791822978932e-05,0.08177260421838434,0.07535733687427311,0.00641526734411126,0.15350407981659184,6.071969696076416e-06,1.7144565419809088e-05,0.0001574671085597468,1.0269010776351879e-10,8.206274182906242e-11,2.0627365934456837e-11,5.614260684236476e-10,5.404613923260247e-10,2.0964676097623025e-11,0.0007371122566495073,0.7321750310806148,4.0572277981481275e-07,1.7589365851838357e-10,1.2099128968003226e-09,6.662189307459501e-05,0.006550419406588171
18067,Input,7.376332514226239e-05,0.012016019691337056,1.810504313749674e-05,0.011955626609748533,4.228803845101328e-05,0.07333337568387815,0.06756631085094297,0.005767064832935212,0.137958689600984,5.446357586157246e-06,1.5405907052754632e-05,0.00014145939192459545,9.230090096493864e-11,7.375524260954473e-11,1.854565835539431e-11,5.026213700262113e-10,4.838764219356728e-10,1.8744948090538726e-11,0.0006624889060017966,0.6582613806472588,3.6268865317138114e-07,1.5790286872190344e-10,1.0874359181375153e-09,5.986517658928394e-05,0.005887414331482449
18068,Input,7.369410341174396e-05,0.012014668768884797,1.8101751256506567e-05,0.011954280965491677,4.228605213660093e-05,0.07325523754827777,0.06748860382171827,0.005766633726559521,0.13793389902080647,5.440981441817402e-06,1.5402142432922088e-05,0.0001414089126981149,9.228852309124104e-11,7.374322659908544e-11,1.8545296492155994e-11,5.017302563661121e-10,4.830283805944134e-10,1.8701875771699002e-11,0.0006623797871439125,0.6582391861152458,3.618236985467638e-07,1.5780135625077228e-10,1.087261528486994e-09,5.9850349916902255e-05,0.005886503182890066
18069,Input,8.21804348469243e-05,0.013366911890833107,2.0143052928696863e-05,0.013299732245699159,4.703659220523873e-05,0.08172044073132552,0.07530546118537682,0.00641497954594873,0.15348753011140195,6.068380687539892e-06,1.714205223343207e-05,0.00015743340961803256,1.0268184453776506e-10,8.205472017611055e-11,2.0627124361654978e-11,5.608311784186664e-10,5.398952565564644e-10,2.0935921862202304e-11,0.0007370394110397754,0.7321602144462718,4.0514535306894756e-07,1.7582589078328888e-10,1.2097964776893691e-09,6.66119950788601e-05,0.006549811141655278
18070,Input,8.234647091872075e-05,0.013370152229605262,2.01509488738623e-05,0.013302959924128614,4.704135660277559e-05,0.08190786379913126,0.07549185019626706,0.0064160136028642385,0.15354699309389908,6.081275971736244e-06,1.715108209564616e-05,0.00015755448969519018,1.0271153425384917e-10,8.208354192269769e-11,2.062799233115195e-11,5.629686143154423e-10,5.419293786734525e-10,2.1039235641990115e-11,0.0007373011448390652,0.7322134505165521,4.072200435899453e-07,1.760693798122216e-10,1.2102147707935384e-09,6.664755851279381e-05,0.0065519966335805604
18071,Input,8.241794404375798e-05,0.013371547089985416,2.0154347821271683e-05,0.013304349334643282,4.704340752085137e-05,0.08198854332988144,0.0755720845991699,0.0064164587307115675,0.15357258997255996,6.086826971888105e-06,1.7154969157440107e-05,0.00015760661072768974,1.0272431471033096e-10,8.209594874656026e-11,2.0628365963771145e-11,5.638887109032284e-10,5.428050020415282e-10,2.108370886170044e-11,0.0007374138127211747,0.7322363669121669,4.0811313033559307e-07,1.761741939144935e-10,1.2103948323609619e-09,6.666286741364164e-05,0.006552937416724569
20043,Input,8.89357164482808e-05,0.012791511882493986,2.107481303613999e-05,0.012717492073013141,5.294499644469962e-05,0.08862878170796641,0.08228223576690971,0.006346545941056778,0.15293761905511435,6.4608863827614235e-06,1.7171418279181936e-05,0.0001594014439439735,1.037442081487602e-10,8.539924044525847e-11,1.8344967703502253e-11,6.639789075067751e-10,6.379942162712128e-10,2.5984691235562618e-11,0.0007558533959930748,0.8744280023522929,5.11637402514115e-07,1.7482516259980869e-10,1.227192127239796e-09,6.750939986661892e-05,0.006640481887748678
20044,Input,8.888738044823081e-05,0.012790568563290163,2.107251438861249e-05,0.01271655243945617,5.294360944537418e-05,0.08857421957988902,0.08222797467085856,0.006346244909030551,0.15292030834248513,6.457132340336694e-06,1.7168789528599554e-05,0.00015936619541904624,1.0373556495392548e-10,8.5390849931502e-11,1.8344715022424006e-11,6.633566625903809e-10,6.374020478003219e-10,2.5954614790059202e-11,0.0007557772007133463,0.8658821911282721,5.110334238723557e-07,1.7475427869134636e-10,1.2270703548123636e-09,6.749904672994328e-05,0.006639845652883166
20045,Input,8.91798764826552e-05,0.01279627687854234,2.1086424213290554e-05,0.01272223845172325,5.295200260579333e-05,0.08890439183402446,0.08255632528741919,0.006348066546605343,0.15302506080011236,6.479849208119691e-06,1.7184696908607066e-05,0.00015957949510768147,1.0378786758987581e-10,8.544162351636649e-11,1.8346244073509832e-11,6.671220583678097e-10,6.409854417358477e-10,2.6136616631962402e-11,0.0007562382818358924,0.865975973998927,5.146882847919371e-07,1.7518321906929e-10,1.2278072373034558e-09,6.756169675101143e-05,0.006643695706154693
20046,Input,8.900682435691524e-05,0.012792899615357466,2.1078194615463878e-05,0.012718874383859088,5.294703688290732e-05,0.0887090489790318,0.0823620601846609,0.006346988794370972,0.15296308513776005,6.466409018177501e-06,1.7175285478702825e-05,0.00015945329864621273,1.0375692329912392e-10,8.541158387220678e-11,1.8345339426917657e-11,6.648943025460304e-10,6.388653653419002e-10,2.6028937204130436e-11,0.0007559654881600665,0.8744508016487383,5.125259257272678e-07,1.749294411185396e-10,1.2273712687209926e-09,6.752463054139653e-05,0.006641417863639114
20047,Input,8.932599083999762e-05,0.01279912842767948,2.1093372769354165e-05,0.012725078859559482,5.295619535063902e-05,0.08906932708458346,0.08272035055161178,0.006348976532971741,0.1530773891609271,6.491197261242796e-06,1.719264332952649e-05,0.00015968604748193026,1.0381399500748072e-10,8.546698710714831e-11,1.834700790033295e-11,6.690030356099171e-10,6.427755012251139e-10,2.6227534384803598e-11,0.0007564686117001457,0.8660228225789509,5.165140451154626e-07,1.753974932483735e-10,1.228175341820957e-09,6.759299313280299e-05,0.006645618973458506
20048,Input,8.895150236017139e-05,0.012791819958334371,2.1075563744665713e-05,0.012717798945168977,5.294544942072414e-05,0.08864660099267142,0.08229995673845192,0.006346644254219583,0.15294327250976605,6.4621124044200005e-06,1.7172276795092087e-05,0.00015941295565591077,1.0374703090430415e-10,8.54019806784333e-11,1.8345050225871365e-11,6.641821246413e-10,6.38187610827986e-10,2.5994513813314348e-11,0.0007558782803850606,0.8744330637820517,5.118346541198071e-07,1.7484831236669646e-10,1.2272318965382104e-09,6.751278106703237e-05,0.006640689673819481
20049,Input,8.862478421517324e-05,0.012785443768742858,2.1060026466955223e-05,0.012711447668017498,5.293607425839685e-05,0.0882777985006538,0.0819331890160696,0.006344609484584275,0.152826263987899,6.436737657316729e-06,1.715450824756951e-05,0.00015917469984934326,1.036886088466177e-10,8.534526657119944e-11,1.83433422754188e-11,6.599761765982558e-10,6.34184958888733e-10,2.5791217709523118e-11,0.0007553632526536646,0.8657979950173481,5.077521735411497e-07,1.7436918585521284e-10,1.226408798607857e-09,6.744280097753213e-05,0.006636389163333953
20050,Input,8.984076108552347e-05,0.012809174618048128,2.1117852977705847e-05,0.012735085798410966,5.2970966659447376e-05,0.08965040454316031,0.08329822206989794,0.006352182473262454,0.1532617453298521,6.5311771797030405e-06,1.722063907971932e-05,0.00016006143832545205,1.0390604357423403e-10,8.555634466304936e-11,1.8349698911185182e-11,6.756298389874863e-10,6.490819955324182e-10,2.6547843455068597e-11,0.0007572800785739701,0.866187873128946,5.229463157499632e-07,1.7615239491432102e-10,1.2294721976282841e-09,6.770325229166961e-05,0.006652394767433873
20051,Input,8.955424804140673e-05,0.012803583066070687,2.110422767772704e-05,0.012729516093212292,5.296274518066329e-05,0.08932698594433587,0.08297658784715183,0.0063503980971841316,0.15315913557798805,6.508924984201953e-06,1.7205057084295545e-05,0.00015985250167022423,1.0385481078582737e-10,8.550660964907261e-11,1.834820113675528e-11,6.719414641737265e-10,6.455718997228888e-10,2.636956445083811e-11,0.000756828428840443,0.8660960085817557,5.193662148096089e-07,1.7573222848823226e-10,1.2287503880280455e-09,6.764188377333896e-05,0.006648623466790404
20052,Input,9.155458081967939e-05,0.012842621305102248,2.119935470499878e-05,0.012768401805758382,5.3020144638856844e-05,0.0915849802577393,0.08522212427763674,0.00636285598010265,0.1538755205881602,6.664281945999542e-06,1.731384506738079e-05,0.0001613112235281532,1.0421250000129776e-10,8.585384193300666e-11,1.835865806829163e-11,6.976923931105352e-10,6.700781476821198e-10,2.7614245428415984e-11,0.0007599816876006409,0.8752676876461073,5.443612138421743e-07,1.786656819267171e-10,1.2337898074634853e-09,6.80703370716845e-05,0.006674953354552089
20053,Input,0.00011518658912304277,0.016211644394279027,2.6753739545096562e-05,0.016117938422221218,6.69522325127038e-05,0.11516728274952333,0.10713370820640741,0.008033574543116028,0.194186222798591,8.382278097230386e-06,2.1843234418022287e-05,0.00020341136554604322,1.3154155163574544e-10,1.08356685257418e-10,2.3184866378328096e-11,8.754272527791987e-10,8.40828861717093e-10,3.459839106210648e-11,0.0009591599551713743,1.1053300917631024,6.819373954407489e-07,2.250000029878866e-10,1.5571629748776903e-09,8.587771382502844e-05,0.008424650793615802
20054,Input,8.644413579527285e-05,0.012742886512678008,2.095632442099412e-05,0.012669056687605948,5.287350065105887e-05,0.08581626220771803,0.0794852335947751,0.006331028612942992,0.15204530201125172,6.267376380561078e-06,1.7035913808686274e-05,0.0001575844846865873,1.03298676515856e-10,8.496673378929251e-11,1.8331942726564017e-11,6.319039862572521e-10,6.074696485811501e-10,2.4434337676102364e-11,0.0007519257502502394,0.88642459789071,4.805040547592129e-07,1.7117130264549652e-10,1.220915111683126e-09,6.69757256897667e-05,0.00660768582518576
20055,Input,8.633886854968648e-05,0.012740832130557177,2.0951318373875118e-05,0.012667010332171068,5.2870480012229265e-05,0.08569743555822076,0.07936706253970438,0.006330373018516447,0.15200760234566643,6.259200741173104e-06,1.7030188855590137e-05,0.00015750771964342613,1.0327985316861223e-10,8.494846073667574e-11,1.833139243193701e-11,6.305488470574589e-10,6.061800105517454e-10,2.4368836505713843e-11,0.0007517598104286694,0.8863908461015739,4.791886962697798e-07,1.7101693004965683e-10,1.2206499129076597e-09,6.695317839210248e-05,0.006606300218355049
20056,Input,8.568897666167056e-05,0.012728148923470533,2.0920412374620155e-05,0.012654376679701878,5.285183139402849e-05,0.08496383152822826,0.07863750597478295,0.006326325553445367,0.1517748546689478,6.2087265249248274e-06,1.6994844522642814e-05,0.00015703379274854308,1.0316364284496513e-10,8.483564778523231e-11,1.8327995059733328e-11,6.221825792010887e-10,5.982181294450611e-10,2.3964449756028084e-11,0.000750735342244512,0.8861824715607247,4.7106802390532604e-07,1.7006387483091976e-10,1.2190126464253147e-09,6.681397739214241e-05,0.0065977458514744226
20057,Input,8.564757472129748e-05,0.012727340928489792,2.091844348046727e-05,0.012653571841642086,5.285064336723045e-05,0.08491709663144424,0.07859102892535882,0.006326067706085483,0.15176002727132804,6.205511020115452e-06,1.6992592880497103e-05,0.00015700360081446146,1.0315623956300531e-10,8.482846093588845e-11,1.8327778627117388e-11,6.216495986710623e-10,5.977109107323566e-10,2.3938687938706025e-11,0.0007506700775882566,0.8861691968753894,4.7055068925440613e-07,1.700031596011007e-10,1.218908342908796e-09,6.680510946871317e-05,0.006597200887928866
25031,Input,9.016216494265602e-05,0.01501803372203317,2.2537536670670863e-05,0.014943382935795519,5.211324956696721e-05,0.08847103035753603,0.08137722927988508,0.0070938010776510066,0.1736146377590641,6.570213141303064e-06,1.92437734180214e-05,0.0001746786026303818,1.1404505426196107e-10,9.128909097557779e-11,2.275596328638382e-11,5.987794261502357e-10,5.767959868286372e-10,2.1983439321598897e-11,0.0008204612355862584,0.8057791210587099,4.24183915932446e-07,1.9198618366721753e-10,1.3508484428806476e-09,7.399135975708812e-05,0.007514315957867551
25514,Input,6.468428981769138e-05,0.011938259528538631,1.733193200792954e-05,0.01188128772687976,3.9639869650929954e-05,0.06302529883100368,0.05738480748289218,0.005640491348111536,0.13522674868796133,4.7473579181372885e-06,1.4929873379388981e-05,0.0001343842270125878,8.91788824971506e-11,7.038905068318467e-11,1.8789831813966363e-11,3.8501682915267534e-10,3.719253214639132e-10,1.3091507688762415e-11,0.0006373480209082322,0.6200173449577189,2.474653299592611e-07,1.4586987161965391e-10,1.0530032455587051e-09,5.743592010563465e-05,0.00580141096717071
25515,Input,6.456764816658488e-05,0.011935983164972333,1.7326385044121143e-05,0.011879020257304152,3.96365226240507e-05,0.0628936326463742,0.057253867731408566,0.005639764914965666,0.13518497547336322,4.738298879195475e-06,1.4923529829902896e-05,0.00013429916730259248,8.915802523723434e-11,7.036880317869168e-11,1.8789222058543085e-11,3.8351526356251926e-10,3.704963346196051e-10,1.3018928942914487e-11,0.0006371641508481349,0.6199799461981077,2.4600784349089395e-07,1.4569881865475456e-10,1.052709391351069e-09,5.741093651256258e-05,0.0057998756418411795
25516,Input,6.430597265432472e-05,0.011930876339094522,1.7313940907894666e-05,0.011873933384329502,3.9629013857114826e-05,0.06259825088537012,0.056960115660688926,0.005638135224681236,0.1350912608592008,4.717975704470182e-06,1.4909298622220463e-05,0.00013410834315894763,8.911123376848235e-11,7.032337964378857e-11,1.8787854124694197e-11,3.8014663030614033e-10,3.672905255372565e-10,1.2856104768884099e-11,0.0006367516541824172,0.6198960452974747,2.427380979531357e-07,1.4531507603975342e-10,1.0520501547097531e-09,5.735488797026907e-05,0.0057964312715130875
25517,Input,6.432892071757865e-05,0.011931324190566212,1.731503221683221e-05,0.01187437948599862,3.9629672350747325e-05,0.0626241548733934,0.05698587673034966,0.005638278143043785,0.13509947931600266,4.719757978612261e-06,1.4910546651320531e-05,0.00013412507779521877,8.911533722308301e-11,7.032736313518663e-11,1.8787974087896794e-11,3.804420481248691e-10,3.675716642229757e-10,1.2870383901893693e-11,0.0006367878287541038,0.6199034031245718,2.430248436511821e-07,1.453487289777995e-10,1.0521079675483087e-09,5.7359803239117625e-05,0.005796733331218546
25518,Input,6.403001187210132e-05,0.011925490723712528,1.7300817427071056e-05,0.01186856881111044,3.962109517500635e-05,0.062286743778277226,0.05665032721118761,0.005636416567089667,0.13499243021965546,4.696543056279247e-06,1.489429051095278e-05,0.00013390710163087145,8.906188788125487e-11,7.027547636802942e-11,1.878641151322586e-11,3.7659409816270494e-10,3.639097063907393e-10,1.2684391771965864e-11,0.0006363166386872612,0.6198075641172222,2.3928985196145816e-07,1.4491038432330851e-10,1.051354929323027e-09,5.729577965157237e-05,0.0057927988676943366
25519,Input,6.408068180154005e-05,0.011926479591584226,1.73032270660131e-05,0.011869553815371874,3.9622549146329566e-05,0.06234394046763609,0.05670720833302926,0.005636732134606879,0.1350105767892216,4.700478364632739e-06,1.4897046192150717e-05,0.0001339440521495126,8.907094841733453e-11,7.028427202219102e-11,1.8786676395143934e-11,3.7724638850478327e-10,3.6453046803019744e-10,1.2715920474586066e-11,0.0006363965130964679,0.6198238103936818,2.399229940321465e-07,1.4498469089887148e-10,1.0514825815966783e-09,5.7306632694941316e-05,0.005793465823497644
25520,Input,6.414790765553487e-05,0.01192779156276515,1.7306424031895876e-05,0.011870860660544089,3.9624478189155745e-05,0.062419825639184925,0.056782674828332186,0.005637150810852781,0.13503465258032046,4.705699498108292e-06,1.490070226635333e-05,0.0001339930759038125,8.908296939866119e-11,7.02959415739154e-11,1.8787027824746214e-11,3.781118086027491e-10,3.653540577174548e-10,1.2757750885294548e-11,0.000636502485720285,0.6198453649887118,2.407630093405068e-07,1.450832764515846e-10,1.0516519430543646e-09,5.732103186851437e-05,0.005794350700858848
25521,Input,6.423799750985763e-05,0.011929549744856436,1.7310708309053234e-05,0.01187261197323394,3.962706331343258e-05,0.06252151990774149,0.05688380802581623,0.0056377118819253,0.1350669167225204,4.7126963769318525e-06,1.4905601797898617e-05,0.00013405877299236982,8.909907880288861e-11,7.031158002478495e-11,1.8787498778104075e-11,3.792715643502883e-10,3.6645775622833506e-10,1.2813808121953506e-11,0.0006366445004017589,0.619874250457781,2.418887199453122e-07,1.4521539166551612e-10,1.0518789055716722e-09,5.734032830541292e-05,0.005795536531425916
25522,Input,6.413870436302517e-05,0.011927611952483916,1.7305986363790315e-05,0.011870681752019017,3.962421410109531e-05,0.062409436876686424,0.056772343383066984,0.005637093493619472,0.1350313565783403,4.704984719258306e-06,1.4900201745819574e-05,0.00013398636449854303,8.90813237132466e-11,7.029434399959548e-11,1.8786979713651535e-11,3.7799333165032603e-10,3.6524130739374183e-10,1.2752024256584403e-11,0.0006364879779528554,0.6198424141412148,2.406480103314045e-07,1.450697799822215e-10,1.0516287572866527e-09,5.731906060599531e-05,0.00579422956018593
29891,Input,9.830548677367829e-05,0.014040201275902144,2.0679010351993734e-05,0.013975880090609055,4.364217494108271e-05,0.09812431112606543,0.09181317368358857,0.006311137442476907,0.16441776077340883,7.191704579253139e-06,1.8347233994769862e-05,0.00016886468727615717,1.0404128354775041e-10,8.343232875883535e-11,2.0608954788915513e-11,7.541517867456241e-10,7.239313972195704e-10,3.022038952605413e-11,0.0007499198903418033,0.6882482297836301,5.904042828021575e-07,1.9891763524704386e-10,1.2416053064691204e-09,6.92316273737031e-05,0.0071460801139977825
29892,Input,9.827350339996952e-05,0.014039577092465547,2.0677489363438185e-05,0.01397525834592247,4.3641257179627215e-05,0.09808820799525525,0.09177726974219794,0.006310938253057361,0.16440630647452986,7.189220572681131e-06,1.8345494580830424e-05,0.00016884136373378162,1.0403556444542193e-10,8.342677685266182e-11,2.0608787592760553e-11,7.537400544616362e-10,7.235395661726599e-10,3.020048828897674e-11,0.0007498694728040699,0.6882379749690459,5.90004637101406e-07,1.9887073218241407e-10,1.2415247310584537e-09,6.922477682258152e-05,0.007145659124725829
29893,Input,9.860875006179012e-05,0.014046119723502162,2.0693432219890958e-05,0.013981775414214902,4.365087706735725e-05,0.09846663755667656,0.09215361141918964,0.006313026137486967,0.1645263693389928,7.215257691803983e-06,1.836372695124982e-05,0.00016908583887247216,1.0409551152860638e-10,8.348497140175366e-11,2.061054012685314e-11,7.58055792852075e-10,7.276467017009665e-10,3.0409091151108967e-11,0.0007503979446087093,0.6883454649539438,5.941936850832684e-07,1.993623656163807e-10,1.2423693148005172e-09,6.929658364371475e-05,0.007150071893978071
29894,Input,9.85386198099342e-05,0.014044751070463513,2.0690097133622645e-05,0.013980412108646912,4.36488646829664e-05,0.0983874738737093,0.09207488450078284,0.006312589372926511,0.16450125338741972,7.209810986647333e-06,1.83599129215366e-05,0.00016903469711626267,1.0408297119779764e-10,8.347279768356572e-11,2.0610173514232357e-11,7.571529835038117e-10,7.267875299870939e-10,3.036545351671837e-11,0.0007502873935876884,0.688322979123147,5.933173781025841e-07,1.9925952081441422e-10,1.2421926363207891e-09,6.928156237423009e-05,0.007149148786743055
29895,Input,9.881863430841924e-05,0.014050215797654355,2.0703413391358954e-05,0.013985855484576705,4.365689968627882e-05,0.09870355685356014,0.0923892235768815,0.006314333276678679,0.1646015357961891,7.231558468974487e-06,1.837514149393e-05,0.00016923889477472919,1.0413304194971019e-10,8.352140463281922e-11,2.0611637316891418e-11,7.607577004439554e-10,7.30218011558255e-10,3.0539688885700965e-11,0.0007507287992277502,0.6884127600446032,5.968162769831901e-07,1.99670157235678e-10,1.2428980741965257e-09,6.93415389625076e-05,0.007152834548630694
29896,Input,9.817122752586792e-05,0.014037581089568577,2.067262557278766e-05,0.01397327014161771,4.363832237806645e-05,0.09797275803381474,0.09166245674520593,0.006310301288608853,0.16436967811753625,7.181277259829287e-06,1.833993231330042e-05,0.0001687667801171398,1.0401727599983611e-10,8.340902306402154e-11,2.0608252935815008e-11,7.524234241516461e-10,7.222865756911735e-10,3.0136848460473134e-11,0.0007497082484820616,0.6882051823019902,5.887266570562898e-07,1.9872074638114334e-10,1.241267068416856e-09,6.920287024979724e-05,0.0071443128925813195
29911,Input,7.073820333412712e-05,0.011475340343856999,1.675495505299155e-05,0.01142125271071429,3.733267808970685e-05,0.07054911013321458,0.06516049507372197,0.005388615059492651,0.13094407657820156,5.247103685061181e-06,1.4610636984745065e-05,0.00013395140822491903,8.578668937754656e-11,6.78666455529936e-11,1.7920043824553348e-11,4.882837444750504e-10,4.698832390042299e-10,1.8400505470820803e-11,0.0006155595772056056,0.5964765708508951,3.546095660152814e-07,1.5255633131646624e-10,1.0168182169691541e-09,5.6269930908299596e-05,0.00558230241842071
29912,Input,7.059128628485779e-05,0.011472473129486727,1.674796832443102e-05,0.011418396698850633,3.7328462311652786e-05,0.07038326879651526,0.06499556872247828,0.005387700074037024,0.13089146074698663,5.235693290421513e-06,1.4602646909471367e-05,0.00013384427049593738,8.57604184267012e-11,6.784114262512042e-11,1.791927580158116e-11,4.863924339209098e-10,4.680833456675112e-10,1.8309088253398945e-11,0.0006153279820042156,0.5964294649041231,3.52773775718666e-07,1.523408800035485e-10,1.0164480902374785e-09,5.623846259711339e-05,0.005580368585480734
29913,Input,7.048044268931858e-05,0.011470309920032394,1.674269709063918e-05,0.011416241941282027,3.732528165971463e-05,0.07025814751113553,0.06487113776050397,0.005387009750631592,0.130851764006934,5.227084560701771e-06,1.4596618686903799e-05,0.000133763438957615,8.574059794524982e-11,6.78219015892005e-11,1.7918696356049705e-11,4.849655085698714e-10,4.667253912978778e-10,1.8240117271993984e-11,0.0006151532518080991,0.5963939251724346,3.5138873839219637e-07,1.5217832978690444e-10,1.0161688430163555e-09,5.621472089542001e-05,0.005578909578528816
29914,Input,7.031653038786635e-05,0.011467111028491041,1.6734902142648632e-05,0.01141305554814471,3.732057820367131e-05,0.07007312177511993,0.0646871328547635,0.0053859889203564625,0.13079306161650245,5.214354220314678e-06,1.4587704325817715e-05,0.0001336439076178755,8.571128799085162e-11,6.779344850208601e-11,1.7917839488765984e-11,4.828554126536259e-10,4.6471728767302715e-10,1.8138124980598955e-11,0.0006148948658504863,0.5963413700456752,3.4934058527451256e-07,1.5193795523046675e-10,1.0157559003067131e-09,5.6179612354001584e-05,0.005576752041269579
29915,Input,7.026098704393509e-05,0.011466027051684506,1.673226074555196e-05,0.011411975806549002,3.731898438994064e-05,0.07001042392998814,0.0646247809283124,0.005385643001675773,0.13077316971679487,5.210040415504315e-06,1.4584683604252923e-05,0.00013360340321244102,8.570135601586667e-11,6.778380688526102e-11,1.7917549130606033e-11,4.821403852751705e-10,4.640368214157879e-10,1.8103563859382915e-11,0.0006148073091510589,0.5963235612085404,3.4864654784088816e-07,1.518565018767999e-10,1.015615970486057e-09,5.616771546905975e-05,0.005576020937911426
29916,Input,7.010535824245632e-05,0.011462989819870723,1.6724859724380213e-05,0.01140895044151778,3.7314518628552724e-05,0.06983474868606983,0.06445007492581663,0.005384673760253231,0.13071743392036067,5.19795341776646e-06,1.4576219740836422e-05,0.00013348991252883766,8.567352727431417e-11,6.77567917082013e-11,1.7916735566113254e-11,4.801369255254078e-10,4.6213019965761733e-10,1.8006725867790774e-11,0.0006145619810301921,0.5962736620166148,3.4670190053787287e-07,1.516282749298719e-10,1.0152238963194958e-09,5.613438117886794e-05,0.005573972434322458
33601,Input,5.8793748502644595e-05,0.010513071354134861,1.616047799767779e-05,0.010457982452586188,3.892842355098661e-05,0.05619057694697204,0.051186109155778085,0.005004467791194001,0.12275552756919828,4.183677761317067e-06,1.3472767127661569e-05,0.00012035658277253471,8.101658812288378e-11,6.551438446187381e-11,1.5502203661010383e-11,3.548060144178752e-10,3.4266339163081045e-10,1.2142622787064986e-11,0.0005835032595479394,0.6157151696275025,2.3327592990873237e-07,1.253274648405434e-10,9.578088511093942e-10,5.1700199950783994e-05,0.00539979960271866
33602,Input,5.8842526974665724e-05,0.010514023308565162,1.6162797687225764e-05,0.010458930687630904,3.8929823247025156e-05,0.056245638541540986,0.05124086696264731,0.005004771578893719,0.12277299674560462,4.187466168574421e-06,1.3475419942056652e-05,0.00012039215396554143,8.10253104382798e-11,6.55228517831269e-11,1.5502458655153313e-11,3.5543395541864554e-10,3.432609808636652e-10,1.2172974554980541e-11,0.0005835801523259213,0.6157308094468296,2.338854374237924e-07,1.2539899762650213e-10,9.579317382522758e-10,5.171064786097809e-05,0.005400441661733766
33603,Input,5.869008253306658e-05,0.010511048222312105,1.6155548100201575e-05,0.010455967225351198,3.892544886069931e-05,0.05607355783278108,0.05106973566341849,0.005003822169362641,0.12271840137325864,4.175626485924104e-06,1.3467129259869037e-05,0.0001202809854432356,8.099805110757707e-11,6.549638937037014e-11,1.5501661737207354e-11,3.534714889605291e-10,3.4139337097074475e-10,1.2078117989784535e-11,0.0005833398439251706,0.6156819312547658,2.3198058003622273e-07,1.2517544048828785e-10,9.575476864134198e-10,5.167799563204547e-05,0.005398435073089718
36688,Input,0.00010172575989890206,0.017130616088651678,2.5263211630207996e-05,0.017052277556470898,5.307532055055358e-05,0.09514551678146964,0.08736584582752853,0.007779670953941149,0.2112358977394101,6.9698383190829545e-06,2.2429792199240003e-05,0.00019167491087607874,1.1848013317791694e-10,9.44893733070912e-11,2.3990759870826295e-11,6.33481252698769e-10,6.098629814274213e-10,2.3618271271348094e-11,0.0008735957351153534,0.8198498110453302,4.488503511603563e-07,2.153346519991979e-10,1.5029594205106904e-09,8.076611904117859e-05,0.009827705020379093
9972,Assembly,1.7244225126746387e-05,0.0037528298065253,9.804549682744698e-06,0.0037307736141465003,1.22516426960573e-05,0.018405737153652985,0.017721194929851723,0.0006845422238012848,0.05668802481942316,1.4843842927080597e-06,3.559743393521501e-06,3.668978072860626e-05,1.2966971898257615e-11,8.816518451258395e-12,4.150453446999217e-12,4.754174459243532e-11,4.5697044131984493e-11,1.8447004604508683e-12,0.0007130442434175914,0.02032280810358863,3.003609432405719e-08,6.21298100472015e-11,1.9767632116490616e-10,1.5026589482818329e-05,0.0023390742500802616
9973,Assembly,1.7262783832872837e-05,0.003753366648953209,9.816203229563897e-06,0.0037312978947349057,1.2252550988741614e-05,0.018425999323786482,0.01774130659967553,0.0006846927241109718,0.05669500332898801,1.4858508889530262e-06,3.560883226637143e-06,3.670427674662028e-05,1.2970223693533667e-11,8.819615465929427e-12,4.150608227604237e-12,4.776924074401643e-11,4.5913566864164165e-11,1.8556738798523062e-12,0.0007131128309498424,0.020329210552229162,3.025471569614197e-08,6.21353314601461e-11,1.9773525652283228e-10,1.503147882188785e-05,0.002339460500925422
9974,Assembly,1.723154034926414e-05,0.003752462877565131,9.796584545128248e-06,0.003730415271137194,1.225102188281144e-05,0.018391888067531375,0.017707448709895802,0.0006844393576355952,0.05668325504504422,1.4833818819313094e-06,3.558964323615426e-06,3.667987277696171e-05,1.2964749313384861e-11,8.814401658110554e-12,4.150347655274306e-12,4.7386252176034567e-11,4.554905198970728e-11,1.837200186327329e-12,0.0007129973642020506,0.020318432063804757,2.9886667772504336e-08,6.212603619065605e-11,1.97636039159467e-10,1.5023247645423548e-05,0.0023388102496704377
9975,Assembly,1.724464605799388e-05,0.0037528419826840984,9.804813997614868e-06,0.003730785505389382,1.2251663297104057e-05,0.018406196721280868,0.017721651083972077,0.0006845456373088145,0.056688183099462545,1.4844175566749956e-06,3.559769246152176e-06,3.669010951375458e-05,1.2967045652442461e-11,8.816588694854048e-12,4.15045695758841e-12,4.754690444777397e-11,4.5701955098468154e-11,1.8449493493058587e-12,0.0007130457990559703,0.020322953317951902,3.0041052889932057e-08,6.212993527873556e-11,1.976776578816775e-10,1.5026700378242823e-05,0.0023390830106613603
9976,Assembly,1.7209307571708544e-05,0.003751819756315148,9.782623942896628e-06,0.0037297871985970434,1.224993377521018e-05,0.01836761459079748,0.017683355528053404,0.0006842590627441023,0.05667489499829485,1.4816249432818132e-06,3.557598837469037e-06,3.6662506978842414e-05,1.2960853759431038e-11,8.810691526714633e-12,4.1501622327164034e-12,4.711371855766731e-11,4.5289664201168567e-11,1.824054356498779e-12,0.0007129151983798628,0.02031076212089677,2.962476587582352e-08,6.211942170228852e-11,1.9756543635483168e-10,1.5017390362745228e-05,0.0023383475326543596
9977,Assembly,1.7197500811942743e-05,0.0037514782255244116,9.775210137926803e-06,0.0037294536594529343,1.2249355933552057e-05,0.018354724113763685,0.017670560796972424,0.0006841633167912839,0.0566704553792075,1.4806919175945825e-06,3.5568736933949943e-06,3.6653284837973e-05,1.295878501792663e-11,8.808721254220263e-12,4.150063763706365e-12,4.6968989049529105e-11,4.5151915811530725e-11,1.8170732379984156e-12,0.0007128715640601696,0.020306688982796705,2.9485682364166633e-08,6.211590906537512e-11,1.975279425981008e-10,1.5014279841385921e-05,0.0023381018058829415
9978,Assembly,1.722602337947129e-05,0.0037523032897448312,9.79312028068314e-06,0.0037302594175906427,1.2250751873508621e-05,0.0183858647068616,0.017701470088641407,0.0006843946182202126,0.056681180534773626,1.482945905030406e-06,3.5586254839988567e-06,3.6675563527547716e-05,1.2963782648134156e-11,8.81348100468398e-12,4.1503016434501734e-12,4.731862411038651e-11,4.54846860061758e-11,1.8339381042107466e-12,0.0007129769751005144,0.020316528799885953,2.9821677923662225e-08,6.212439483332104e-11,1.976185193718701e-10,1.5021794185480287e-05,0.0023386954283983784
9979,Assembly,1.726302102284434e-05,0.003753373510080236,9.816352167987684e-06,0.003731304595315053,1.2252562597197206e-05,0.018426258284919,0.01774156363733537,0.0006846946475836495,0.05669509251799039,1.485869632820146e-06,3.560897794300555e-06,3.67044620133127e-05,1.2970265253178158e-11,8.81965504739683e-12,4.150610205781328e-12,4.7772148263826445e-11,4.5916334137934543e-11,1.85581412589195e-12,0.0007131137075343795,0.020329292378871613,3.025750979162803e-08,6.213540202669154e-11,1.9773600974753297e-10,1.5031541310198548e-05,0.0023394654374132534
9980,Assembly,1.730137277124117e-05,0.003754482900227568,9.840434336889722e-06,0.0037323880262977345,1.2254439592945842e-05,0.018468130258408898,0.017783124600457875,0.0006850056579510442,0.05670951367651258,1.4889003683576043e-06,3.563253270623507e-06,3.67344181768427e-05,1.2976985120038238e-11,8.826055058617189e-12,4.150930061421047e-12,4.8242271294345777e-11,4.636378048953728e-11,1.8784908048085347e-12,0.0007132554443430839,0.02034252310183862,3.070929300319653e-08,6.2146812080744e-11,1.9785780024324202e-10,1.5041645177383224e-05,0.0023402636285765116
9981,Assembly,1.7283747220689085e-05,0.003753973050926267,9.829366745368344e-06,0.0037318901072105164,1.2253576970383989e-05,0.018448886896207373,0.017764024171217217,0.0006848627249901783,0.0567028860553694,1.4875075144550196e-06,3.5621707497805235e-06,3.672065103722806e-05,1.2973896829204139e-11,8.823113765820543e-12,4.150783063383594e-12,4.8026213941382873e-11,4.6158144798357886e-11,1.8680691430250334e-12,0.0007131903054800245,0.020336442576536804,3.050166419442122e-08,6.214156829153203e-11,1.9780182823078846e-10,1.503700168056028e-05,0.0023398967989198124
9982,Assembly,1.7296858983895554e-05,0.0037543523311813643,9.837599999635519e-06,0.003732260512500739,1.2254218680992354e-05,0.018463202160161087,0.017778233106399432,0.0006849690537616816,0.05670781638641322,1.4885436676519328e-06,3.562976044169332e-06,3.6730892503111586e-05,1.297619422910718e-11,8.82530181291482e-12,4.150892416192358e-12,4.818694043005026e-11,4.631111854414671e-11,1.875821885903582e-12,0.0007132387627095135,0.02034096591937893,3.065612063352412e-08,6.214546918088291e-11,1.9784346617970314e-10,1.504045600844709e-05,0.002340169685918805
9983,Assembly,1.7308996558216066e-05,0.00375470343135089,9.845221532605104e-06,0.003732603397105044,1.225481271324253e-05,0.018476453816511185,0.017791386334083132,0.000685067482428079,0.05671238039954608,1.4895028358611912e-06,3.563721506113706e-06,3.674037303989027e-05,1.2978320934846752e-11,8.827327290633215e-12,4.150993644213536e-12,4.8335725125956975e-11,4.6452726517030413e-11,1.8829986089265987e-12,0.0007132836196227318,0.02034515318306413,3.0799101137318466e-08,6.214908023865346e-11,1.978820104770297e-10,1.5043653683755386e-05,0.0023404222977284617
9984,Assembly,1.7251740517597303e-05,0.0037530472021046896,9.809268813407637e-06,0.00373098592278001,1.2252010511274758e-05,0.018413942366182542,0.017729339196933747,0.0006846031692488163,0.05669085078296713,1.4849781942401125e-06,3.5602049715706657e-06,3.6695650924535606e-05,1.2968288720254807e-11,8.817772594492588e-12,4.150516125762216e-12,4.763386968373011e-11,4.578472551178286e-11,1.8491441719472935e-12,0.0007130720180969712,0.020325400789932637,3.012462555292557e-08,6.213204595610835e-11,1.9770018717403072e-10,1.5028569431951625e-05,0.0023392306632508833
9985,Assembly,1.7337522370738662e-05,0.0037555285894383325,9.863133712986789e-06,0.0037334092469133327,1.225620881201428e-05,0.018507597952454224,0.017822299142282224,0.0006852988101720214,0.056723106775306224,1.4917570797317068e-06,3.565473496017652e-06,3.676265426409708e-05,1.2983319133631433e-11,8.832087582610663e-12,4.151231551020771e-12,4.8685399964568955e-11,4.6785534570725156e-11,1.899865393843843e-12,0.0007133890426556225,0.02035499411962301,3.11351349228114e-08,6.21575669720197e-11,1.9797259755565993e-10,1.5051168882751818e-05,0.0023410159877799482
9986,Assembly,1.732307338596339e-05,0.0037551106277542187,9.854060778730425e-06,0.0037330010653198412,1.2255501655649084e-05,0.018491822726219263,0.017806641088907726,0.0006851816373115578,0.05671767361753274,1.4906152529970948e-06,3.5645860725506252e-06,3.675136830794478e-05,1.298078743017561e-11,8.829676384463247e-12,4.151111045712361e-12,4.850828155942629e-11,4.6616959582822023e-11,1.8913219766043156e-12,0.0007133356434475895,0.020350009457314057,3.0964926027036077e-08,6.215326824499472e-11,1.9792671310209957e-10,1.5047362260388421e-05,0.002340715270017453
9987,Assembly,1.7309673045639288e-05,0.0037547229999106944,9.845646318568382e-06,0.0037326225077705115,1.2254845821616216e-05,0.018477192397270487,0.017792119428922993,0.0006850729683475175,0.05671263477471218,1.4895562950790863e-06,3.5637630544178847e-06,3.6740901437387724e-05,1.2978439466741818e-11,8.827440180586868e-12,4.150999286154949e-12,4.8344017637532264e-11,4.646061903411448e-11,1.8833986034178217e-12,0.0007132861197217496,0.0203453865601085,3.0807070152381e-08,6.214928150087455e-11,1.9788415874254716e-10,1.5043831906114522e-05,0.0023404363770418136
9988,Assembly,1.723809900518418e-05,0.003752652597944556,9.800702914335371e-06,0.0037306005521563265,1.2251342873895116e-05,0.018399048728473658,0.01771455618395424,0.0006844925445194422,0.05668572125377443,1.4839001777693285e-06,3.5593671412019978e-06,3.668499567689432e-05,1.2965898499443022e-11,8.815496144626382e-12,4.150402354816639e-12,4.7466649428471644e-11,4.5625571230302906e-11,1.841078198168777e-12,0.0007130216030698561,0.020320694692319525,2.9963928673479946e-08,6.212798746072033e-11,1.9765686694409425e-10,1.5024975540267883e-05,0.00233894675091007
9989,Assembly,1.722995042005591e-05,0.0037524168861339108,9.795586182724041e-06,0.0037303703558820497,1.2250944069139595e-05,0.01839015220211609,0.017705725737881414,0.0006844264642346982,0.05668265719430444,1.4832562382473873e-06,3.5588666738142634e-06,3.6678630899306746e-05,1.2964470731232993e-11,8.814136336053604e-12,4.150334395179388e-12,4.73667625212227e-11,4.553050243060584e-11,1.836260090616903e-12,0.0007129914882902223,0.02031788356435504,2.9867938422373283e-08,6.212556316976488e-11,1.9763099015193784e-10,1.5022828774466563e-05,0.002338777159459502
9990,Assembly,1.7216582898459158e-05,0.0037520302076284036,9.787192330387415e-06,0.003729992725456711,1.22502898413076e-05,0.018375557704255568,0.01769123964284415,0.0006843180614114437,0.056677630692096484,1.4821998738195703e-06,3.558045671332398e-06,3.666818966312634e-05,1.2962128518188366e-11,8.81190560885644e-12,4.150222909331923e-12,4.720290089753426e-11,4.53745447749979e-11,1.8283561225364024e-12,0.0007129420858527687,0.02031327198907112,2.971046915199737e-08,6.2121586189566e-11,1.9758854001212088e-10,1.5019307066371167e-05,0.002338498949519689
9991,Assembly,1.730783843104909e-05,0.003754669930534836,9.844494311155992e-06,0.0037325706801910304,1.2254756032651434e-05,0.0184751893873245,0.017790131296634,0.0006850580906905246,0.056711944916519576,1.4894113152054567e-06,3.563650376602411e-06,3.6739468438450886e-05,1.2978118011624359e-11,8.827134026253543e-12,4.150983985370815e-12,4.832152858274254e-11,4.643921475297229e-11,1.882313829770293e-12,0.0007132793395245463,0.020344753648222896,3.078545841090384e-08,6.214873568347339e-11,1.9787833270775826e-10,1.5043348572161594e-05,0.002340398194345715
9992,Assembly,1.7285783918571727e-05,0.0037540319659082047,9.830645646708244e-06,0.003731947643611872,1.2253676649627486e-05,0.018451110538239713,0.017766231296814632,0.0006848792414251058,0.05670365190162819,1.4876684639008731e-06,3.5622958390877937e-06,3.672224188138469e-05,1.2974253692689576e-11,8.823453643136344e-12,4.150800049553231e-12,4.805118017162959e-11,4.618190676684691e-11,1.86927340478272e-12,0.0007131978325177802,0.020337145203837493,3.052565647505712e-08,6.214217423086728e-11,1.9780829600488237e-10,1.5037538253878622e-05,0.0023399391874501948
9993,Assembly,1.7322369288877155e-05,0.0037550902605375234,9.853618655863465e-06,0.0037329811746856473,1.2255467196014445e-05,0.01849105400156494,0.01780587807407115,0.0006851759274938146,0.05671740886048462,1.4905596119337724e-06,3.5645428285243416e-06,3.6750818344818246e-05,1.2980664060606454e-11,8.829558887101575e-12,4.151105173504877e-12,4.849965060334747e-11,4.6608744946317084e-11,1.8909056570304233e-12,0.0007133330413113588,0.020349766555389653,3.095663177042011e-08,6.215305876860452e-11,1.9792447715884418e-10,1.5047176764192244e-05,0.002340700616081301
9994,Assembly,1.7341463701316005e-05,0.0037556425991899776,9.865608588126254e-06,0.0037335205888948332,1.2256401707020296e-05,0.018511901049349355,0.017826570277279342,0.0006853307720700344,0.05672458880821006,1.4920685422111226e-06,3.5657155634915983e-06,3.676573279762517e-05,1.2984009720575667e-11,8.832745298646372e-12,4.15126442192929e-12,4.8733713544855456e-11,4.683151771519732e-11,1.9021958296581817e-12,0.0007134036086569505,0.020356353813904757,3.118156375749345e-08,6.215873955988874e-11,1.9798511371528323e-10,1.505220723647359e-05,0.0023410980162498303
9995,Assembly,1.7299900406742575e-05,0.003754440309557356,9.839509796757324e-06,0.003732346432227522,1.2254367533078434e-05,0.018466522748716907,0.017781529030785382,0.0006849937179315461,0.05670896003286595,1.488784015189978e-06,3.563162841376857e-06,3.673326812779567e-05,1.2976727137187033e-11,8.825809355364917e-12,4.150917781822117e-12,4.822422277011826e-11,4.634660254718356e-11,1.877620222934735e-12,0.000713250002915926,0.0203420151602818,3.069194856416623e-08,6.21463740366074e-11,1.9785312457629998e-10,1.5041257279152683e-05,0.002340232985166993
9996,Assembly,1.7308191514634756e-05,0.0037546801440835643,9.844716022522534e-06,0.0037325806547479196,1.2254773313125385e-05,0.01847557487969855,0.017790513925705586,0.000685060953992989,0.05671207768424394,1.4894392175310477e-06,3.5636720621854887e-06,3.673974422847543e-05,1.2978179877765677e-11,8.82719294765881e-12,4.150986930106867e-12,4.832585674853042e-11,4.644333414697173e-11,1.882522601558735e-12,0.0007132806444178752,0.02034487545625777,3.07896177320026e-08,6.214884072960468e-11,1.978794539662855e-10,1.5043441592944315e-05,0.0023404055428554896
9997,Assembly,1.7302297413562624e-05,0.0037545096470937237,9.841014946470513e-06,0.0037324141473008394,1.2254484846416125e-05,0.018469139771674654,0.01778412661541234,0.000685013156262337,0.05670986136375113,1.4889734379427004e-06,3.563310060031719e-06,3.673514040562616e-05,1.2977147132816093e-11,8.826209359828464e-12,4.150937772987627e-12,4.8253605735889634e-11,4.637456820719207e-11,1.8790375286976086e-12,0.0007132588615497906,0.020342842088244974,3.072018528047205e-08,6.214708717169312e-11,1.9786073655387692e-10,1.504188877679133e-05,0.002340282872583917
9998,Assembly,1.7225758504427885e-05,0.003752295627779584,9.792953958004257e-06,0.00373025193491148,1.2250738910101445e-05,0.018385575519503546,0.01770118304926586,0.0006843924702377083,0.0566810809355337,1.4829249733586938e-06,3.5586092159818994e-06,3.66753566363251e-05,1.2963736237602677e-11,8.813436803224578e-12,4.150299434378098e-12,4.731537722169642e-11,4.5481595733195916e-11,1.8337814885005536e-12,0.0007129759962000749,0.020316437422348645,2.981855769830677e-08,6.212431603017154e-11,1.976176782299617e-10,1.5021724403465884e-05,0.002338689915718309
9999,Assembly,1.7259509450019092e-05,0.003753271931809184,9.814147150135187e-06,0.003731205393923829,1.2252390735221169e-05,0.018422424392322362,0.0177377582215514,0.0006846661707709833,0.05669377208409906,1.485592131819573e-06,3.5606821215609293e-06,3.670171915922657e-05,1.2969649966969797e-11,8.819069047894273e-12,4.1505809190755224e-12,4.772910273585173e-11,4.5875364937970386e-11,1.8537377978813874e-12,0.0007131007297916014,0.020328080943952175,3.021614349895652e-08,6.213435729633581e-11,1.977248583342863e-10,1.5030616177266706e-05,0.002339392353225037
10000,Assembly,1.7229575237840983e-05,0.0037524060333444004,9.795350594990848e-06,0.0037303597570422886,1.2250925707123474e-05,0.01838974258272678,0.017705319161001598,0.000684423421725207,0.05668251611697623,1.4832265895841758e-06,3.558843630984119e-06,3.6678337848265955e-05,1.2964404993042745e-11,8.81407372690316e-12,4.150331266139582e-12,4.736216346623174e-11,4.552612521391375e-11,1.836038252318034e-12,0.0007129901017268439,0.020317754132656223,2.986351877964338e-08,6.212545154905576e-11,1.9762979871660967e-10,1.502272993174288e-05,0.0023387693510246565
10001,Assembly,1.7222356065282133e-05,0.003752197206387522,9.790817468336588e-06,0.0037301558165298856,1.225057238930178e-05,0.018381860777733815,0.017697495899298147,0.0006843648784356916,0.05667980153847012,1.482656096614761e-06,3.558400245982275e-06,3.667269902545437e-05,1.2963140073437686e-11,8.812869015584648e-12,4.150271057853035e-12,4.727366947513407e-11,4.544189978591955e-11,1.831769689214558e-12,0.0007129634217833537,0.020315263636755256,2.977847699928547e-08,6.212330376824905e-11,1.976068733835726e-10,1.5020828022083814e-05,0.0023386191028617075
13898,Assembly,1.4561571246497759e-05,0.003247694332601018,7.980495936243163e-06,0.0032293180062314924,1.0395830433284434e-05,0.014662281549194592,0.014038207750218053,0.0006240737989765658,0.049708978100286606,1.2320173895463724e-06,3.1647639974568103e-06,3.258885550620826e-05,1.0338686752774289e-11,6.678368037627183e-12,3.6603187151471076e-12,3.419886249258453e-11,3.284785797085103e-11,1.3510045217334979e-12,0.0006018235987733935,0.02548730317163175,1.808257100639849e-08,5.515881769525439e-11,1.8425813984999178e-10,1.3629213982621542e-05,0.0019965994806534926
13899,Assembly,1.4555606794784662e-05,0.0032475218005981405,7.976750684994729e-06,0.0032291495113896456,1.0395538523502575e-05,0.014655769633194609,0.01403174420245149,0.0006240254307431438,0.04970673532629981,1.2315460505194967e-06,3.164397674528212e-06,3.258419673318348e-05,1.0337641681217428e-11,6.677372709917684e-12,3.660268971299747e-12,3.412574910839838e-11,3.2778271256557795e-11,1.3474778518405924e-12,0.0006018015559099824,0.025485245533803887,1.801230982502269e-08,5.5157043207277056e-11,1.8423919903083394e-10,1.3627642632410466e-05,0.0019964753462176433
13900,Assembly,1.4531571896837027e-05,0.0032468265499227523,7.961658479394889e-06,0.003228470529226104,1.0394362217254425e-05,0.014629528623285943,0.014005698101582273,0.0006238305217037007,0.04969769763993983,1.2296466998407384e-06,3.162921506285387e-06,3.2565423317017505e-05,1.033343036567237e-11,6.673361846711306e-12,3.660068518961066e-12,3.3831124755306305e-11,3.2497858293723915e-11,1.3332664615823972e-12,0.0006017127299796132,0.025476953888974686,1.7729178968193172e-08,5.5149892568878765e-11,1.8416287338056446e-10,1.3621310576459657e-05,0.001995975122787068
13901,Assembly,1.4543893679389154e-05,0.003247182978631541,7.969395682025762e-06,0.003228818617684568,1.0394965264949321e-05,0.014642981395947899,0.014019050951756236,0.0006239304441916886,0.04970233091969599,1.2306204250508425e-06,3.1636782818763663e-06,3.257504773698641e-05,1.033558934777072e-11,6.675418064481942e-12,3.6601712832887816e-12,3.398216751077259e-11,3.2641615407249616e-11,1.3405521035229792e-12,0.0006017582676724041,0.025481204701472724,1.7874329443108922e-08,5.5153558430562247e-11,1.8420200265283428e-10,1.3624556781902415e-05,0.0019962315684084494
13902,Assembly,1.4541602894785995e-05,0.003247116713755111,7.967957232306063e-06,0.0032287539033725105,1.0394853150296382e-05,0.014640480345117515,0.014016568477856263,0.0006239118672612791,0.04970146953086019,1.230439396477292e-06,3.1635375871461576e-06,3.257325842825726e-05,1.0335187964048158e-11,6.675035786025899e-12,3.6601521780222594e-12,3.395408663715086e-11,3.261488903216015e-11,1.3391976049907258e-12,0.0006017498016046847,0.025480414418428837,1.784734402345302e-08,5.5152876897718586e-11,1.8419472799642245e-10,1.36239532687812e-05,0.001996183891728674
13903,Assembly,1.4517648948605689e-05,0.0032464238047485335,7.952915858655617e-06,0.003228077208083923,1.0393680805956868e-05,0.014614327717366048,0.013990610102672501,0.0006237176146935733,0.04969246228426679,1.2285464429879272e-06,3.162066390775e-06,3.2554548242699584e-05,1.0330990832604771e-11,6.671038431779109e-12,3.659952400825663e-12,3.3660454606228535e-11,3.2335420526214456e-11,1.3250340800140936e-12,0.0006016612748482944,0.025472150700629095,1.756516677763094e-08,5.5145750343334174e-11,1.8411865941802802e-10,1.3617642539782606e-05,0.001995685353097046
13904,Assembly,1.4574117082849922e-05,0.003248057242450528,7.988373828716902e-06,0.003229672424175283,1.0396444446529733e-05,0.014675978941076463,0.014051803402665968,0.000624175538410523,0.049713695629536016,1.2330088205415436e-06,3.1655345339177134e-06,3.259865493233865e-05,1.0340884992840494e-11,6.680461644744957e-12,3.660423348095538e-12,3.4352651742171e-11,3.299422909963232e-11,1.3584226425386898e-12,0.0006018699645032863,0.025491631279008952,1.8230360832832093e-08,5.5162550215332224e-11,1.8429798063150207e-10,1.3632519215616693e-05,0.0019968605893677127
13905,Assembly,1.4548093464771721e-05,0.003247304464632026,7.972032848391395e-06,0.0032289372609744906,1.0395170809145814e-05,0.014647566670662953,0.014023602168655168,0.0006239645020078094,0.04970391013767933,1.2309523118445537e-06,3.1639362230509834e-06,3.257832814695388e-05,1.0336325220313472e-11,6.676118910589227e-12,3.660206309724247e-12,3.403364927924775e-11,3.269061392036824e-11,1.3430353588795178e-12,0.0006017737888468551,0.025482653558415117,1.7923802872805065e-08,5.5154807911491456e-11,1.842153395661432e-10,1.362566322621026e-05,0.0019963189759379645
13906,Assembly,1.4932366204853998e-05,0.003297988831972501,8.060418208352948e-06,0.0032794868318573424,1.0441581906807544e-05,0.015200203546451296,0.014549142339204188,0.0006510612072471324,0.050787662252816446,1.2463116037106213e-06,3.2713540417144894e-06,3.373370525001033e-05,1.0386607470701087e-11,6.707388730896398e-12,3.6792187398046914e-12,3.543221404056104e-11,3.400471113600333e-11,1.4275029045577112e-12,0.0006041871389380477,0.029943140675952492,1.9021785513000218e-08,5.6405716408042856e-11,1.9432541567739559e-10,1.4179599082491352e-05,0.0020078816765002555
13907,Assembly,1.492167844040756e-05,0.0032976796700419624,8.053707052816541e-06,0.0032791849041585823,1.0441058830565469e-05,0.015188534774927846,0.01453756023923252,0.0006509745356953502,0.05078364340226145,1.245467006296479e-06,3.2706976237635166e-06,3.372535714508915e-05,1.0384734795865803e-11,6.7056051925901385e-12,3.679129603275665e-12,3.5301201390002164e-11,3.388001796272566e-11,1.4211834272765143e-12,0.0006041476400967132,0.029939453572849287,1.8895883754985508e-08,5.6402536684167635e-11,1.942914754221435e-10,1.4176783363339504e-05,0.0020076592386846994
13908,Assembly,1.4928754199410212e-05,0.0032978843485155806,8.058150125962747e-06,0.003279384793260121,1.0441405129498935e-05,0.015196260002740521,0.01454522808675619,0.000651031915984359,0.05078630405390075,1.2460261660521686e-06,3.2711322006340463e-06,3.373088394901968e-05,1.0385974587020559e-11,6.7067859715351024e-12,3.6791886154854566e-12,3.5387937390435096e-11,3.396257019783624e-11,1.4253671925988677e-12,0.000604173790025781,0.029941894593430062,1.897923612508937e-08,5.640464179791232e-11,1.9431394532853558e-10,1.4178647490326721e-05,0.0020078065020702127
13909,Assembly,1.4916854933104697e-05,0.003297540141814409,8.050678233468701e-06,0.0032790486408205196,1.0440822760423183e-05,0.015183268528189261,0.014532333108331966,0.0006509354198573218,0.0507818296501809,1.2450858300630851e-06,3.2704013750207494e-06,3.3721589552225904e-05,1.0383889636825372e-11,6.704800261859461e-12,3.6790893749659126e-12,3.5242073919528317e-11,3.38237425428344e-11,1.4183313766939161e-12,0.0006041298138290606,0.029937789542093945,1.8839062887322222e-08,5.640110163931704e-11,1.9427615780638857e-10,1.4175512597880569e-05,0.0020075588500175334
13910,Assembly,1.4912271532972944e-05,0.003297407559098888,8.047800184338414e-06,0.0032789191604730428,1.0440598441508889e-05,0.015178264427546323,0.014527366176397586,0.0006508982511487627,0.05078010618403832,1.2447236282276442e-06,3.270119873109096e-06,3.371800950465025e-05,1.038308654857153e-11,6.704035399408678e-12,3.6790511491628524e-12,3.518588972845241e-11,3.377026843141533e-11,1.4156212970370893e-12,0.0006041128749270588,0.02993620834436698,1.878507047972711e-08,5.6399738028909863e-11,1.9426160267924535e-10,1.4174305089276105e-05,0.002007463458552065
13911,Assembly,1.4920092061719275e-05,0.0032976337813156262,8.05271091988621e-06,0.00327914008920508,1.0440981190661735e-05,0.015186802785927147,0.014535841114840067,0.0006509616710871042,0.05078304688660059,1.2453416431913421e-06,3.270600192027137e-06,3.372411804070947e-05,1.0384456835824328e-11,6.705340463032056e-12,3.6791163727922744e-12,3.5281755258139506e-11,3.386150982721671e-11,1.4202454309228114e-12,0.0006041417773065649,0.029938906298270607,1.8877196229943836e-08,5.640206471959398e-11,1.9428643768970874e-10,1.417636542777617e-05,0.002007626222368534
13912,Assembly,1.623391727549057e-05,0.0034939129057565805,8.266057358372594e-06,0.003475031149798711,1.0615698599498883e-05,0.017153591456384287,0.016396053519653984,0.0007575379367303297,0.05503410218051971,1.289135301280539e-06,3.6865589971921145e-06,3.817123583206106e-05,1.0546465949651266e-11,6.79316190484473e-12,3.753304044806536e-12,3.8139180292675256e-11,3.651307758221625e-11,1.6261027104590044e-12,0.0006129700529838586,0.047703831754758216,2.0639058534919275e-08,6.133927476575047e-11,2.340177354509349e-10,1.633328891523392e-05,0.002049230333047946
13913,Assembly,1.6228238282895335e-05,0.0034937486311486347,8.262491355137048e-06,0.003474870719132958,1.0615420660541644e-05,0.017147391201185056,0.0163898993177808,0.0007574918834042805,0.05503196674586847,1.2886865205757519e-06,3.6862102065070614e-06,3.816680002827166e-05,1.054547089529952e-11,6.7922142135959834e-12,3.753256681703537e-12,3.8069566120681204e-11,3.644682129342271e-11,1.6227448272584963e-12,0.0006129490650935863,0.047701872595635096,2.057216005908964e-08,6.133758520490426e-11,2.3399970114083915e-10,1.6331792769964838e-05,0.002049112139695747
13914,Assembly,1.6216841106006857e-05,0.0034934189482456112,8.255334739068471e-06,0.003474548750642022,1.061486286452294e-05,0.017134947901766315,0.016377548442836024,0.0007573994589303119,0.05502768113956668,1.2877858620538714e-06,3.685510218072857e-06,3.815789780845318e-05,1.0543473919555964e-11,6.790312290919291e-12,3.7531616286366756e-12,3.792985735740041e-11,3.6313851469868523e-11,1.6160058875319062e-12,0.0006129069444720256,0.04769794075689708,2.0437901429620814e-08,6.133419442326381e-11,2.3396350806279306e-10,1.6328790154272592e-05,0.002048874937318834
13915,Assembly,1.0329562989706875e-05,0.0022945269519203913,5.941920326659519e-06,0.002281023535623118,7.561495970614959e-06,0.010100202931340247,0.009693418851680284,0.0004067840796599817,0.0344679548141999,9.064199923820435e-07,2.1320516390893805e-06,2.1916241611351025e-05,7.563908697239164e-12,4.910637628473147e-12,2.653271068766018e-12,2.735290880051843e-11,2.628730839134194e-11,1.0656004091764958e-12,0.00043865251977914273,0.009820215062101513,1.5927640247764677e-08,3.8099330898531536e-11,1.1614967327868998e-10,8.996206454646952e-06,0.0014515942023843981
13916,Assembly,1.0320631243985806e-05,0.0022942685858454237,5.936311825925231e-06,0.002280771215182769,7.561058836730661e-06,0.010090451359751349,0.009683739711352914,0.0004067116483984538,0.03446459626794562,9.057141638266334e-07,2.1315030717763363e-06,2.1909265114930046e-05,7.562343706213133e-12,4.909147128685737e-12,2.6531965775273955e-12,2.724342176168074e-11,2.6183102528417933e-11,1.060319233262805e-12,0.0004386195106677571,0.009817133756602101,1.5822424372727505e-08,3.8096673608949696e-11,1.1612130946779768e-10,8.993853363164416e-06,0.0014514083114979314
13917,Assembly,1.1284971005989712e-05,0.0024546847205582363,6.0297292300426045e-06,0.002440954285837275,7.700705490920455e-06,0.011589051793904754,0.011094205871265866,0.0004948459226389059,0.03797291487572624,9.316577392870706e-07,2.4714445944095747e-06,2.5526773584558766e-05,7.67421343586032e-12,4.96003238872312e-12,2.7141810471372017e-12,2.797237718177507e-11,2.6819937797675646e-11,1.1524393840994293e-12,0.00044550976521115396,0.024644634711405697,1.5698976071316944e-08,4.2190154529885034e-11,1.489568017784049e-10,1.0764062084361148e-05,0.0014834184462414182
13918,Assembly,1.1280042566797943e-05,0.002454542156995697,6.026634520935432e-06,0.0024408150581895186,7.700464285244129e-06,0.011583670983803241,0.011088865027938953,0.0004948059558643052,0.03797106166678994,9.312682708422907e-07,2.4711419009911364e-06,2.552292403045634e-05,7.673349891000408e-12,4.959209947310546e-12,2.7141399436898648e-12,2.7911963436237558e-11,2.6762438147004294e-11,1.1495252892332634e-12,0.00044549155114602954,0.024642934480873013,1.5640919107054477e-08,4.218868826667871e-11,1.4894115093907347e-10,1.0762763674325022e-05,0.0014833158736919005
13919,Assembly,1.1297923340244163e-05,0.0024550593890572624,6.037862374272795e-06,0.0024413201872841694,7.701339398821576e-06,0.011603192995263373,0.011108242036729029,0.00049495095853436,0.037977785257738116,9.326812936583558e-07,2.4722400970382324e-06,2.5536890522097233e-05,7.676482901148227e-12,4.962193830848278e-12,2.7142890702999513e-12,2.8131149360007903e-11,2.6971051500418147e-11,1.160097859589761e-12,0.00044555763323801684,0.024649103053879254,1.5851554438963634e-08,4.2194007987422866e-11,1.489979334418982e-10,1.0767474410278714e-05,0.0014836880151444707
13920,Assembly,1.130447962041383e-05,0.002455249040714029,6.041979251677737e-06,0.0024415054011887208,7.701660273632237e-06,0.011610351062390223,0.011115346936237986,0.0004950041261522535,0.03798025057313036,9.331994017534062e-07,2.472642768711672e-06,2.5542011566355204e-05,7.677631670935244e-12,4.9632879209068465e-12,2.7143437500283993e-12,2.821151749004474e-11,2.7047543023350756e-11,1.1639744666939873e-12,0.000445581863325746,0.02465136486279918,1.592878735362363e-08,4.219595855067606e-11,1.4901875368205024e-10,1.0769201679225474e-05,0.001483824466939083
13921,Assembly,1.1292456113966267e-05,0.0024549012401535097,6.034429345215353e-06,0.0024411657389842504,7.701071824045732e-06,0.011597223943959565,0.011102317321449636,0.000494906622509944,0.03797572945219792,9.322492477239618e-07,2.4719043125541315e-06,2.5532620126840627e-05,7.675524951792145e-12,4.961281478452744e-12,2.714243473339403e-12,2.8064131059832763e-11,2.6907265869939975e-11,1.1568651898927915e-12,0.0004455374279739158,0.02464721695065568,1.57871505682289e-08,4.2192381429313895e-11,1.489805716206939e-10,1.0766034055392964e-05,0.0014835742291533498
17032,Assembly,1.4086126702669692e-05,0.0030213332007275567,7.998813445923642e-06,0.003003519149495849,9.815237785786665e-06,0.013799651667598481,0.013246110886536842,0.0005535407810616568,0.04563888419355654,1.2175173178643281e-06,2.8753653002916393e-06,2.9661131531850413e-05,9.779371945766612e-12,6.3051277021098894e-12,3.4742442436567275e-12,4.1547734856985615e-11,3.9848955777663915e-11,1.698779079321715e-12,0.0005691865301933679,0.01683921713351279,2.6217147670066605e-08,5.0556491051765197e-11,1.6052644624035128e-10,1.2239892916447295e-05,0.0018975564437017328
17033,Assembly,1.4086888379828206e-05,0.0030213552335466693,7.999291724978625e-06,0.0030035406667582123,9.815275063481898e-06,0.01380048325747697,0.013246936299656698,0.0005535469578202873,0.04563917060206476,1.2175775091757774e-06,2.875412080753746e-06,2.9661726470190156e-05,9.779505404326119e-12,6.305254808241019e-12,3.4742505960851036e-12,4.155707164054846e-11,3.9857842195621966e-11,1.6992294449265108e-12,0.0005691893451286505,0.016839479899615924,2.62261202193567e-08,5.055671765884081e-11,1.6052886503591036e-10,1.2240093582262255e-05,0.0018975722960162323
17034,Assembly,1.4089775160079346e-05,0.003021438738620154,8.001104417554506e-06,0.0030036222178554894,9.815416347112634e-06,0.013803635009123233,0.013250064641194584,0.0005535703679286662,0.0456402560992679,1.217805636128568e-06,2.8755893801681242e-06,2.9663981305103643e-05,9.780011216440374e-12,6.305736544453065e-12,3.474274671987313e-12,4.15924583422463e-11,3.989152199759308e-11,1.700936344653232e-12,0.0005692000138214046,0.016840475791364436,2.6260126461769893e-08,5.0557576506744234e-11,1.6053803234672374e-10,1.2240854111976496e-05,0.0018976323767839428
17035,Assembly,1.4062348641362313e-05,0.0030206453794928085,7.983882515457518e-06,0.0030028474229278203,9.81407404953342e-06,0.013773691068816863,0.013220343113998934,0.0005533479548179449,0.045629943083808015,1.2156382636248584e-06,2.8739049063655086e-06,2.96425587281915e-05,9.775205632290547e-12,6.301159698941142e-12,3.47404593334941e-12,4.1256258856308084e-11,3.9571539304493367e-11,1.6847195518147275e-12,0.0005690986534558587,0.01683101409310391,2.5937042346284082e-08,5.0549416825005756e-11,1.6045093620509395e-10,1.2233628524772817e-05,0.0018970615656529258
17036,Assembly,1.4068376321622156e-05,0.003020819740489922,7.987667469733997e-06,0.0030030177039663698,9.814369053821225e-06,0.013780272016976883,0.013226875181178804,0.0005533968357980962,0.04563220963321402,1.2161145992688798e-06,2.874275112646262e-06,2.9647266888395884e-05,9.776261782544825e-12,6.302165578018585e-12,3.4740962045262436e-12,4.133014730805316e-11,3.964186370047624e-11,1.6882836075769304e-12,0.0005691209299934257,0.016833093543741375,2.600804835930655e-08,5.055121012414988e-11,1.6047007781395162e-10,1.2235216532707863e-05,0.0018971870160253202
17037,Assembly,1.4071819707084465e-05,0.003020919346324468,7.989829670774746e-06,0.003003114979075097,9.814537578598942e-06,0.013784031463438137,0.013230606703787232,0.0005534247596509185,0.04563350442705474,1.2163867117833292e-06,2.874486597474629e-06,2.9649956482021146e-05,9.776865121188351e-12,6.302740198642573e-12,3.474124922545783e-12,4.1372356982356327e-11,3.9682037364694366e-11,1.6903196176619697e-12,0.0005691336557357183,0.016834281455141112,2.6048611405526336e-08,5.055223456803812e-11,1.6048101269019334e-10,1.2236123701502798e-05,0.001897258681072224
17038,Assembly,1.4080460201828137e-05,0.0030211692874650264,7.995255286620503e-06,0.003003359071720213,9.814960458195777e-06,0.013793465050744328,0.013239970221707881,0.0005534948290364625,0.0456367534560982,1.2170695243166694e-06,2.875017276821414e-06,2.965670548524372e-05,9.778379080178746e-12,6.304182095443124e-12,3.4741969847356248e-12,4.1478273811285484e-11,3.9782845229021565e-11,1.6954285822639297e-12,0.0005691655884689518,0.016837262283839416,2.6150396346970086e-08,5.0554805207348883e-11,1.6050845159929118e-10,1.2238400062162987e-05,0.0018974385103326587
17039,Assembly,1.4075097740318924e-05,0.003021014169062021,7.991888042382785e-06,0.003003207583008866,9.814698010774846e-06,0.013787610380343618,0.013234159037750262,0.0005534513425933709,0.04563473704457262,1.2166457573870352e-06,2.8746879267488443e-06,2.965251692069038e-05,9.77743948735989e-12,6.303287225841025e-12,3.474152261518869e-12,4.141253973758252e-11,3.97202818795471e-11,1.692257858035434e-12,0.0005691457703846952,0.016835412322739454,2.608722660415999e-08,5.05532098178756e-11,1.6049142247095338e-10,1.2236987307826172e-05,0.0018973269047457195
17040,Assembly,1.4094835873720465e-05,0.00302158512844817,8.004282185603287e-06,0.0030037651822360577,9.81566402651153e-06,0.013809160234863359,0.01325554882749128,0.0005536114073720971,0.04564215904650511,1.2182055575224596e-06,2.875900197579512e-06,2.9667934177443205e-05,9.780897937993025e-12,6.306581059382373e-12,3.4743168786106554e-12,4.1654493533156926e-11,3.99505648822041e-11,1.7039286509528303e-12,0.0005692187167340812,0.016842221654408494,2.6319741617719404e-08,5.055908212300954e-11,1.6055410323915386e-10,1.2242187370057989e-05,0.0018977377022795716
17041,Assembly,1.4067407588689617e-05,0.0030207917182271653,7.987059174386912e-06,0.003002990337410295,9.814321642486098e-06,0.013779214366116996,0.013225825386179417,0.0005533889799375983,0.045631845366869726,1.216038045436325e-06,2.874215615293958e-06,2.9646510220881177e-05,9.776092044355517e-12,6.302003919113921e-12,3.4740881252416005e-12,4.131827239540781e-11,3.9630561581682154e-11,1.6877108137256617e-12,0.0005691173498407578,0.016832759346798728,2.599663669507455e-08,5.055092191577387e-11,1.6046700148838644e-10,1.2234961317514373e-05,0.0018971668543873602
17042,Assembly,1.4051011762233672e-05,0.0030203174408059805,7.976763762091362e-06,0.0030025271578393085,9.813519204583274e-06,0.013761313601760578,0.013208057582436867,0.0005532560193237289,0.0456256801508807,1.2147423701155581e-06,2.8732086212812574e-06,2.9633703606344553e-05,9.773219221721594e-12,6.299267838552498e-12,3.4739513831691e-12,4.111728923444258e-11,3.9439272969405195e-11,1.6780162650373868e-12,0.0005690567556771256,0.016827103056102168,2.5803494023821542e-08,5.054604398259175e-11,1.6041493460968855e-10,1.223064179468116e-05,0.0018968256182159073
17043,Assembly,1.406515196135839e-05,0.0030207264703351676,7.985642800932209e-06,0.003002926616285752,9.814211248486131e-06,0.013776751699569463,0.01322338101145727,0.0005533706881122105,0.04563099719799424,1.2158597951557567e-06,2.8740770798426624e-06,2.9644748373142244e-05,9.775696820774184e-12,6.301627507585574e-12,3.474069313188613e-12,4.1290622486316127e-11,3.960424538327861e-11,1.6863771030375206e-12,0.0005691090137039993,0.01683198119243592,2.5970065427729445e-08,5.055025084259345e-11,1.6045983847803388e-10,1.2234367066667265e-05,0.0018971199094140888
17044,Assembly,1.405624714866685e-05,0.0030204688833443062,7.980051212223925e-06,0.0030026750566993377,9.813775432747265e-06,0.013767029533135366,0.013213731057873499,0.000553298475261883,0.04562764877919189,1.2151560949750137e-06,2.8735301666944485e-06,2.963779291383876e-05,9.774136548864753e-12,6.300141502291855e-12,3.4739950465729026e-12,4.1181465597680004e-11,3.9500353745554374e-11,1.6811118521256471e-12,0.0005690761041291881,0.01682890917838911,2.5865166823510095e-08,5.054760156587505e-11,1.6043156019615017e-10,1.2232021070760932e-05,0.0018969345790680687
17045,Assembly,1.4038349093460087e-05,0.0030199511513781556,7.968812507170703e-06,0.0030021694393976145,9.812899473372887e-06,0.01374748865365879,0.013194335321212005,0.0005531533324468043,0.045620918689895706,1.2137417064729497e-06,2.8724309092413023e-06,2.9623812923589156e-05,9.771000510663852e-12,6.297154734831851e-12,3.4738457758320053e-12,4.096206783080005e-11,3.929153876741603e-11,1.6705290633840354e-12,0.0005690099581688847,0.016822734643459472,2.5654327912635028e-08,5.054227670362287e-11,1.6037472281305866e-10,1.2227305781882786e-05,0.0018965620779409303
17046,Assembly,1.4032573305028785e-05,0.0030197840767845164,7.965185723038053e-06,0.003002006274264408,9.812616797073011e-06,0.01374118271794039,0.013188076223777568,0.000553106494162838,0.04561874685773576,1.2132852765059385e-06,2.872076173578261e-06,2.961930151354932e-05,9.769988496064968e-12,6.296190890618433e-12,3.4737976054465395e-12,4.089126711702641e-11,3.9224153170429025e-11,1.667113946597401e-12,0.0005689886125496047,0.016820742091363545,2.558628918282708e-08,5.0540558344983397e-11,1.6035638111638082e-10,1.2225784135500645e-05,0.0018964418700370036
17047,Assembly,1.4040803718876313e-05,0.003020022155631312,7.97035383726218e-06,0.0030022387821873955,9.813019606656592e-06,0.013750168583900624,0.013196995345869754,0.0005531732380308893,0.04562184168672686,1.213935682518139e-06,2.8725816666980365e-06,2.962573020672349e-05,9.771430602033292e-12,6.297564354493596e-12,3.4738662475397006e-12,4.0992157096288706e-11,3.932017665833243e-11,1.6719804379562787e-12,0.0005690190297441741,0.016823581448891494,2.5683243375426076e-08,5.05430069808553e-11,1.6038251776527645e-10,1.2227952459289432e-05,0.0018966131645379758
17048,Assembly,1.403712422452759e-05,0.003019915719941982,7.968043376642153e-06,0.003002134837039009,9.81283952633331e-06,0.013746151356622436,0.013193007957150095,0.0005531433994723602,0.04562045811039717,1.213644911568998e-06,2.8723556806040213e-06,2.9622856190830455e-05,9.770785893169435e-12,6.296950332810062e-12,3.4738355603593777e-12,4.0947053154322295e-11,3.927724833326511e-11,1.6698048210571992e-12,0.0005690054314127176,0.016822312083805892,2.563989896889175e-08,5.054191229205597e-11,1.6037083309744712e-10,1.222698308699846e-05,0.0018965365855031946
17049,Assembly,1.4054028153915925e-05,0.003020404695112568,7.978657841422897e-06,0.0030026123704395436,9.813666831604218e-06,0.01376460686159446,0.013211326381089065,0.0005532804805054096,0.045626814385027324,1.2149807395732345e-06,2.8733938811321194e-06,2.9636059679438514e-05,9.773747743923315e-12,6.29977120388572e-12,3.4739765400376004e-12,4.115426473772918e-11,3.9474464936125035e-11,1.6797998016041515e-12,0.0005690679033756977,0.01682814366166453,2.583902708759366e-08,5.054694139127784e-11,1.6042451351687245e-10,1.2231436470861734e-05,0.0018968883965059813
17050,Assembly,1.4076583141199527e-05,0.003021057136831958,7.992820768435424e-06,0.003003249545354861,9.814770708663584e-06,0.013789232122999281,0.01323576873466896,0.000553463388330343,0.045635295590205176,1.2167631407508818e-06,2.8747791566601412e-06,2.9653677152323803e-05,9.777699754402951e-12,6.303535104561031e-12,3.4741646498419254e-12,4.1430748064261657e-11,3.973761191618106e-11,1.6931361480806057e-12,0.0005691512599904959,0.016835924761633838,2.610472461163965e-08,5.0553651740474846e-11,1.6049613953646244e-10,1.2237378640525228e-05,0.001897357819473375
18055,Assembly,9.903517075705237e-06,0.002067907542243329,5.527823968941131e-06,0.0020557752315200255,6.604486754364607e-06,0.011230008184648255,0.010835193578880622,0.0003948146057676423,0.03144986305702158,8.325068188881227e-07,2.026244235287058e-06,2.0978071204978733e-05,7.312367323401254e-12,5.103745584829691e-12,2.208621738571562e-12,3.034277973840889e-11,2.912845117564776e-11,1.2143285627611333e-12,0.0003854925811349053,0.014795711545177392,2.1170194773369413e-08,3.4344305843941364e-11,1.1594081700458651e-10,8.607633915054676e-06,0.001271102121891106
18056,Assembly,9.926842734219561e-06,0.0020685822769508076,5.542470822645974e-06,0.00205643417777886,6.605628349303448e-06,0.011255474855550457,0.010860471092262567,0.0003950037632878993,0.03145863405269012,8.343501221311065e-07,2.02767684367245e-06,2.099629064138278e-05,7.316454368352064e-12,5.107638092536753e-12,2.2088162758153082e-12,3.062871009955299e-11,2.94005895066822e-11,1.228120592870795e-12,0.00038557878592443775,0.014803758514056952,2.144497079678593e-08,3.435124547604637e-11,1.1601489038147157e-10,8.613779120044685e-06,0.0012715875843610479
18057,Assembly,9.938033191236147e-06,0.002068905980126733,5.549497633345085e-06,0.002056750306465268,6.606176028121844e-06,0.011267692460721675,0.010872597949337714,0.0003950945113839714,0.031462841927462924,8.352344446764476e-07,2.0283641358467945e-06,2.1005031394396065e-05,7.31841512332148e-12,5.109505518494133e-12,2.2089096048273456e-12,3.076588485130352e-11,2.95311475483399e-11,1.234737302963625e-12,0.00038562014257000873,0.014807619037836171,2.1576794268236593e-08,3.435457475632089e-11,1.1605042699620837e-10,8.616727274852687e-06,0.0012718204844054224
18058,Assembly,9.939137660667519e-06,0.00206893792880069,5.550191161554497e-06,0.002056781507556519,6.606230082617763e-06,0.011268898307043786,0.01087379483905529,0.0003951034679885066,0.031463257233920086,8.353217250455476e-07,2.0284319698231785e-06,2.1005894084319814e-05,7.318608644812418e-12,5.109689828650743e-12,2.2089188161616733e-12,3.077942364778342e-11,2.9544033292489324e-11,1.2353903552941024e-12,0.00038562422436494784,0.014808000061640377,2.1589804907063847e-08,3.435490334775252e-11,1.1605393436901836e-10,8.617018250177427e-06,0.001271843471042983
18059,Assembly,9.9513075442035e-06,0.0020692899635697255,5.557832982412287e-06,0.0020571253048911825,6.606825696132486e-06,0.01128218523820325,0.010886983079539413,0.00039520215866384464,0.0314678333960771,8.362834464809717e-07,2.0291794161253772e-06,2.1015399857500546e-05,7.320741011666161e-12,5.111720698022717e-12,2.2090203136434415e-12,3.0928604396202064e-11,2.9686018214043903e-11,1.2425861821581646e-12,0.00038566920068354606,0.01481219847147398,2.1733166013092443e-08,3.435852401785916e-11,1.1609258126806537e-10,8.620224437432e-06,0.0012720967552843111
18060,Assembly,9.9170797313435e-06,0.0020682998653359054,5.536340351570192e-06,0.0020561583744519688,6.60515053236789e-06,0.01124481572748729,0.010849891136472849,0.0003949245910144493,0.03145496293421407,8.335786037256711e-07,2.0270772224536855e-06,2.0988664858389185e-05,7.314743727189034e-12,5.106008875341629e-12,2.208734851847405e-12,3.050903335231394e-11,2.9286685442325594e-11,1.2223479099883516e-12,0.00038554270473051906,0.014800390438499022,2.1329962720797808e-08,3.4348340878598096e-11,1.1598388681554334e-10,8.61120703171738e-06,0.0012713843930347514
18061,Assembly,9.91100439000419e-06,0.002068124125660265,5.5325254695273465e-06,0.0020559867469952683,6.604853195470822e-06,0.011238182743539087,0.010843307420008427,0.0003948753235306716,0.03145267846312233,8.330985016789869e-07,2.026704088938871e-06,2.0983919470596746e-05,7.313679225917613e-12,5.104995042743e-12,2.208684183174611e-12,3.043456066198644e-11,2.9215804988874355e-11,1.218755673112091e-12,0.0003855202520515874,0.014798294545572351,2.125839526073712e-08,3.434653339977467e-11,1.1596459385331224e-10,8.609606467347828e-06,0.0012712579507218576
18062,Assembly,9.908434412348467e-06,0.0020680497846455965,5.530911706437873e-06,0.002055914145522496,6.6047274166644965e-06,0.011235376873122002,0.01084052239061498,0.0003948544825070335,0.03145171209113875,8.328954099572983e-07,2.0265462468124586e-06,2.0981912086992573e-05,7.313228922909229e-12,5.104566173486181e-12,2.2086627494230484e-12,3.0403057386793493e-11,2.918582129389764e-11,1.217236092895861e-12,0.0003855107541682681,0.014797407945513277,2.1228120949721397e-08,3.4345768804021115e-11,1.1595643258646691e-10,8.608929400095709e-06,0.0012712044633701638
18063,Assembly,9.899695517716482e-06,0.0020677969971193803,5.525424302464342e-06,0.0020556672730956977,6.604299721220151e-06,0.011225835854011865,0.01083105223885623,0.0003947836151556419,0.031448426061425255,8.32204821401981e-07,2.02600952397048e-06,2.097508622461054e-05,7.311697722614953e-12,5.103107856042095e-12,2.208589866572858e-12,3.029593435330703e-11,2.908386540704567e-11,1.2120689462613736e-12,0.00038547845777792036,0.014794393170470497,2.1125176858579957e-08,3.4343168889694446e-11,1.1592868119693008e-10,8.60662711573076e-06,0.0012710225861738565
18064,Assembly,9.892178787097873e-06,0.00206757956278491,5.5207043305226335e-06,0.002055454926613957,6.603931840432324e-06,0.011217629178740203,0.01082290651989684,0.0003947226588433739,0.031445599594097144,8.316108139951844e-07,2.0255478636358596e-06,2.096921498220218e-05,7.310380665868089e-12,5.1018534892319624e-12,2.2085271766361245e-12,3.020379283888496e-11,2.8996168396299855e-11,1.2076244425851142e-12,0.0003854506781471523,0.014791800021928652,2.1036629847261655e-08,3.434093258219241e-11,1.1590481093321538e-10,8.604646813632208e-06,0.0012708661451194805
18065,Assembly,9.876511592608415e-06,0.0020671263622939417,5.510866447252951e-06,0.00205501233078375,6.603165062940318e-06,0.011200523925922632,0.01080592831891179,0.00039459560701085263,0.03143970836084768,8.303727185993719e-07,2.024585620525451e-06,2.095697749473938e-05,7.307635511724116e-12,5.09923900033079e-12,2.208396511393326e-12,3.001174138722993e-11,2.881338066673866e-11,1.1983607204912735e-12,0.00038539277679346926,0.01478639509728701,2.0852070453268006e-08,3.433627142478896e-11,1.1585505791117586e-10,8.600519250772753e-06,0.0012705400735134316
18066,Assembly,9.87411534146222e-06,0.0020670570466167367,5.50936177204917e-06,0.002054944637058103,6.603047786586512e-06,0.01119790772800043,0.010803331553192304,0.00039457617480813693,0.03143880731411362,8.301833555635513e-07,2.024438448282342e-06,2.095510580715811e-05,7.307215648501737e-12,5.098839121971562e-12,2.2083765265301754e-12,2.9982367684652455e-11,2.8785423823108098e-11,1.1969438615443616e-12,0.0003853839209523535,0.014785568430018896,2.082384263879261e-08,3.433555851452426e-11,1.1584744833333031e-10,8.599887952218334e-06,0.0012704902018238792
18067,Assembly,8.870976510477897e-06,0.0018583341133211531,4.949155863398551e-06,0.0018474483511389105,5.9366063188457026e-06,0.010060579969578983,0.00970586476593933,0.0003547152036396624,0.028264697528005922,7.458784272111809e-07,1.8197851096147105e-06,1.883569728224552e-05,6.568847357253452e-12,4.583304143918051e-12,1.985543213335401e-12,2.6871197883757582e-11,2.579917719386142e-11,1.072020689896168e-12,0.0003464814320514669,0.013291606567993991,1.8639937080390345e-08,3.086978811548788e-11,1.0413866219915476e-10,7.730495138528596e-06,0.0011421798814776481
18068,Assembly,8.868073729144347e-06,0.0018582501453888968,4.947333123281544e-06,0.0018473663480135204,5.936464252096465e-06,0.010057410748145118,0.009702719084373316,0.000354691663771814,0.02826360601401983,7.456490357776005e-07,1.819606827450593e-06,1.8833429949048085e-05,6.568338741482313e-12,4.582819737499007e-12,1.9855190039833056e-12,2.6835615037746406e-11,2.5765310708720803e-11,1.0703043290256052e-12,0.0003464707042234074,0.013290605156134989,1.8605742345386785e-08,3.086892450709184e-11,1.0412944407501894e-10,7.72973039328786e-06,0.0011421194676893291
18069,Assembly,9.87217750156671e-06,0.002067000991271751,5.508144946490503e-06,0.002054889893379652,6.6029529456106125e-06,0.011195792017918768,0.010801231557864808,0.000394560460053972,0.031438078640780805,8.30030218340798e-07,2.0243194306056428e-06,2.0953592179977307e-05,7.306876106586744e-12,5.098515741745288e-12,2.2083603648414554e-12,2.9958613274425504e-11,2.876281522174096e-11,1.1957980526845524e-12,0.0003853767592647108,0.014784899907099244,2.0801014904253864e-08,3.433498198649419e-11,1.158412944944222e-10,8.59937742329207e-06,0.0012704498707634955
18070,Assembly,9.879140147636046e-06,0.0020672023977596314,5.512516992763647e-06,0.002055086587058253,6.6032937086166734e-06,0.011203393750403514,0.010808776827340624,0.0003946169230628982,0.03144069675929944,8.305804393804944e-07,2.02474706033954e-06,2.0959030632537448e-05,7.308096078466401e-12,5.0996776447830876e-12,2.208418433683314e-12,3.0043962714995496e-11,2.8844047778572288e-11,1.1999149364232153e-12,0.00038540249116156706,0.014787301905576799,2.088303480513745e-08,3.4337053447935194e-11,1.158634051973674e-10,8.601211750384816e-06,0.001270594779999652
18071,Assembly,9.882137340160052e-06,0.0020672890966976143,5.514399016390008e-06,0.002055171257285226,6.603440396000184e-06,0.011206666048829408,0.010812024820278843,0.0003946412285505749,0.03144182377411146,8.308172916303872e-07,2.0249311410221873e-06,2.096137170936271e-05,7.308621236654941e-12,5.100177806225136e-12,2.208443430429804e-12,3.008070287134655e-11,2.887901575046346e-11,1.201687120883095e-12,0.00038541356790568394,0.014788335887745058,2.0918341703017933e-08,3.433794514466701e-11,1.1587292313536221e-10,8.602001368497558e-06,0.0012706571587095478
20043,Assembly,1.0755232631352556e-05,0.0020889358193867673,5.432293915902084e-06,0.0020773623137301054,6.141211740761925e-06,0.013633725183120272,0.01315375137015669,0.00047997381296358395,0.03319998906308623,8.207050832232398e-07,2.3201550322396233e-06,2.4246652601440723e-05,7.209572494317626e-12,5.227395627540967e-12,1.9821768667766568e-12,3.4716215661917736e-11,3.322627805924988e-11,1.489937602667866e-12,0.0003586011519534358,0.03379901477487961,2.6150139182248245e-08,3.625904917375141e-11,1.506562921280622e-10,1.0246484214091435e-05,0.0011858290777860758
20044,Assembly,1.0456660473758897e-05,0.0020410565551294965,5.396462358167043e-06,0.0020295608703317838,6.099222439546996e-06,0.013175751917385741,0.012721982215803842,0.0004537697015819064,0.032156202358268486,8.119945825711058e-07,2.2186914408792692e-06,2.316526287547573e-05,7.1741659264722914e-12,5.210156479423832e-12,1.964009447048457e-12,3.434089292325687e-11,3.2885926000264016e-11,1.4549669229928568e-12,0.0003565127104933229,0.029403757326744405,2.603345383513699e-08,3.504300356992421e-11,1.4089162480966915e-10,9.71885687371856e-06,0.0011760793884082548
20045,Assembly,1.0468926160018195e-05,0.0020414113611567346,5.404164336317804e-06,0.002029907374078619,6.099822741799832e-06,0.01318914344479593,0.01273527427563434,0.00045386916916159486,0.032160814544500475,8.129638747883137e-07,2.2194447711647515e-06,2.317484347919657e-05,7.17631507956323e-12,5.21220333603315e-12,1.9641117435300796e-12,3.449124803969004e-11,3.3029028643456175e-11,1.4622193962338597e-12,0.0003565580408706756,0.02940798878694324,2.6177943496285673e-08,3.504665274236248e-11,1.409305759415517e-10,9.722088300448067e-06,0.0011763346665322706
20046,Assembly,1.0758214508695206e-05,0.0020890220753068435,5.434166322684374e-06,0.0020774465513055647,6.1413576785960285e-06,0.013636980760617017,0.01315698276636297,0.00047999799425405,0.03320111031903021,8.209407251954701e-07,2.320338172298999e-06,2.424898171573243e-05,7.2100949690306e-12,5.2278932332368865e-12,1.9822017357937126e-12,3.475276808186111e-11,3.326106735031661e-11,1.4917007315445014e-12,0.0003586121720971362,0.033800043473561976,2.618526566744591e-08,3.625993631405347e-11,1.5066576143089416e-10,1.0247269797380087e-05,0.0011858911377505966
20047,Assembly,1.047505339818287e-05,0.002041588602037122,5.408011805874028e-06,0.0020300804676126397,6.100122618610322e-06,0.01319583308906828,0.012741914231569852,0.00045391885749843406,0.032163118530017944,8.134480779662239e-07,2.219821092063414e-06,2.3179629403075424e-05,7.1773886740252254e-12,5.213225829000042e-12,1.964162845025182e-12,3.4566356891179286e-11,3.3100514572436966e-11,1.4658423187423228e-12,0.00035658068534504596,0.029410102583421843,2.625012230042882e-08,3.5048475661044776e-11,1.4095003370826637e-10,9.723702537170321e-06,0.0011764621889416172
20048,Assembly,1.0755894606284791e-05,0.002088954968147862,5.432709589053723e-06,0.002077381014419939,6.14124413887115e-06,0.013634447919318022,0.013154468738122864,0.0004799791811951636,0.03320023798121472,8.207573955958405e-07,2.320195689219929e-06,2.4247169663377972e-05,7.209688483381888e-12,5.22750609569877e-12,1.982182387683116e-12,3.4724330276616644e-11,3.3234001260424846e-11,1.4903290161918014e-12,0.0003586035984185451,0.033799243145353076,2.6157937240312457e-08,3.625924611835169e-11,1.5065839430745465e-10,1.0246658613097334e-05,0.0011858428550599496
20049,Assembly,1.0445648621875515e-05,0.0020407380184135973,5.389547698782133e-06,0.0020292497872128686,6.0986835019487454e-06,0.013163729311131531,0.01271004890926198,0.00045368040186955665,0.032152061643222325,8.111243742434209e-07,2.2180151182220914e-06,2.3156661629129058e-05,7.172236466105229e-12,5.2083188584924124e-12,1.9639176076128156e-12,3.4205907547219266e-11,3.2757451728410046e-11,1.4484558188092182e-12,0.00035647201391991696,0.02939995841880114,2.590373433036462e-08,3.5039727426581094e-11,1.4085665537657644e-10,9.715955772894271e-06,0.0011758502055617913
20050,Assembly,1.0496640050937558e-05,0.0020422130330182637,5.421566687708595e-06,0.002030690287226724,6.101179103833071e-06,0.013219401134585461,0.012765307221891776,0.00045409391269369116,0.03217123561866063,8.151539567950443e-07,2.2211468947081677e-06,2.319649051963506e-05,7.181171016122522e-12,5.216828137254949e-12,1.9643428788675715e-12,3.4830970188773856e-11,3.3352364081837664e-11,1.4786061069361965e-12,0.0003566604632795589,0.02941754962389121,2.6504412853433518e-08,3.50548979203951e-11,1.410185846674688e-10,9.729389596600786e-06,0.0011769114585627788
20051,Assembly,1.0484625258616533e-05,0.002041865484528811,5.414022253097582e-06,0.0020303508711949857,6.1005910807298226e-06,0.013206283530132408,0.012752287050414535,0.0004539964797178782,0.032166717774444506,8.142044913968639e-07,2.2204089737522692e-06,2.3187105886636753e-05,7.179065823839932e-12,5.214823148985073e-12,1.964242674854858e-12,3.4683690577983335e-11,3.3212188595346616e-11,1.471501982636719e-12,0.0003566160601325835,0.029413404717978167,2.6362878720362012e-08,3.5051323391578486e-11,1.4098043027884798e-10,9.72622426852742e-06,0.0011766614021387588
20052,Assembly,1.0865053500542953e-05,0.002092112576518949,5.501253606955718e-06,0.0020804647363626993,6.146586549296049e-06,0.013753626275393758,0.013272761879072122,0.00048086439632163866,0.033241284290288185,8.293836448253338e-07,2.3268999778537668e-06,2.433243257377561e-05,7.228814944799459e-12,5.2457221660803794e-12,1.9830927787190773e-12,3.606242077631939e-11,3.450754812653965e-11,1.554872649779743e-12,0.0003590070176617507,0.03383690117007649,2.7443827920156847e-08,3.629172205324012e-11,1.5100504123747712e-10,1.0275416805766892e-05,0.0011881147114532066
20053,Assembly,1.3703909606070143e-05,0.002641820208513905,6.936354523227496e-06,0.002627121559887108,7.762294103571493e-06,0.017350487876480164,0.01674330263822346,0.0006071852382567107,0.04197708223098914,1.0460371434267237e-06,2.937749207137847e-06,3.071748516135429e-05,9.126789642547906e-12,6.6222760437517096e-12,2.504513598796196e-12,4.531700618409597e-11,4.3364290324470766e-11,1.952715859625196e-12,0.00045336080020415645,0.04272993666747102,3.4440601686198635e-08,4.583129703441284e-11,1.9066154742333164e-10,1.297302729190573e-05,0.0015002123522465279
20054,Assembly,1.1095567160767359e-05,0.002157644408000283,5.418524015856939e-06,0.002146026950673594,6.198933310833619e-06,0.01420329200327786,0.013684883977950693,0.0005184080253271743,0.03472523768007848,8.25273805161758e-07,2.4657465600944767e-06,2.5784751508270462e-05,7.243842396790421e-12,5.23531115390774e-12,2.0085312428826804e-12,3.3961153707105264e-11,3.2482336862540844e-11,1.4788168445644148e-12,0.0003613364380727904,0.040354807035100616,2.505853901286259e-08,3.805112813025458e-11,1.6496183890550565e-10,1.1009597826294744e-05,0.0011982157875987272
20055,Assembly,1.1091152827389186e-05,0.002157516715830786,5.415752128617195e-06,0.002145902246435855,6.198717266315956e-06,0.014198472487664808,0.013680100260013185,0.0005183722276516278,0.034723577787007694,8.249249637763539e-07,2.465475441874616e-06,2.578130351702938e-05,7.2430689318555145e-12,5.234574504750095e-12,2.008494427105418e-12,3.390704196846961e-11,3.243083523752013e-11,1.4762067309494672e-12,0.0003613201239919014,0.04035328416262539,2.5006538209929438e-08,3.8049814819009176e-11,1.649478206697582e-10,1.100843485876324e-05,0.0011981239148147885
20056,Assembly,1.1063899910895623e-05,0.002156728378445716,5.398639236363095e-06,0.0021451323557442484,6.197383465106503e-06,0.014168718084159301,0.013650566861805368,0.0005181512223539413,0.03471333005006285,8.227713101368432e-07,2.4638016303219392e-06,2.576001653906156e-05,7.238293765714698e-12,5.230026629395323e-12,2.008267136319375e-12,3.357297053162465e-11,3.211287794573242e-11,1.4600925858922329e-12,0.00036121940520923425,0.04034388235427917,2.468549912689539e-08,3.804170678578311e-11,1.6486127582244315e-10,1.1001255007513778e-05,0.0011975567167592238
20057,Assembly,1.106216373962704e-05,0.0021566781567118978,5.397549044351502e-06,0.0021450833091734337,6.197298494114925e-06,0.01416682255343721,0.013648685410422202,0.0005181371430150148,0.03471267720887222,8.226341097174943e-07,2.4636949986692328e-06,2.5758660433209497e-05,7.23798955951136e-12,5.229736902953534e-12,2.0082526565578257e-12,3.355168821380588e-11,3.209262219384734e-11,1.4590660199585366e-12,0.00036121298882966195,0.040343283403721814,2.4665047046759754e-08,3.804119025631974e-11,1.6485576240602079e-10,1.1000797608708225e-05,0.0011975205829029484
25031,Assembly,1.0641355247490565e-05,0.0022531957731140267,6.038569537574918e-06,0.00223984990883626,7.307294740193849e-06,0.012116245433592535,0.011699856203284184,0.00041638923030836323,0.03405382732538199,9.073767225704373e-07,2.16223020228136e-06,2.2347916095798593e-05,8.07967872541265e-12,5.657375647678237e-12,2.422303077734415e-12,3.204401611121798e-11,3.079474727655799e-11,1.249268834660007e-12,0.0004266113775504304,0.013001218014871928,2.2417685948400733e-08,3.712798541453408e-11,1.2059758648970381e-10,9.1037194790541e-06,0.001397409438171632
25514,Assembly,8.71843435590005e-06,0.0018944690701477378,4.781737149828952e-06,0.0018836573386051872,6.029994392723403e-06,0.009804976952780986,0.00943743899597648,0.0003675379568045176,0.028981486311151897,7.296923961496464e-07,1.8638870625791678e-06,1.9244638185505873e-05,6.491445932725608e-12,4.451407759918566e-12,2.04003817280704e-12,2.2550403377277626e-11,2.1677671199239717e-11,8.727321780379266e-13,0.0003509550212294624,0.015204260410585256,1.4268810992649843e-08,3.183481768147141e-11,1.0848880467227922e-10,7.970626588133152e-06,0.0011566277150347384
25515,Assembly,8.71354304207402e-06,0.0018943275805001218,4.778665752809641e-06,0.0018835191597432925,6.029755004021702e-06,0.00979963667570326,0.009432138384608237,0.0003674982910950345,0.02897964706222543,7.293058615258785e-07,1.8635866493154457e-06,1.924081762965186e-05,6.490588892849833e-12,4.450591513862585e-12,2.0399973789872455e-12,2.2490444721538626e-11,2.1620604686825332e-11,8.698400347133136e-13,0.00035093694436879626,0.015202572987693678,1.4211191364823544e-08,3.1833362463457216e-11,1.084732717289209e-10,7.969337958870532e-06,0.0011565259151524417
25516,Assembly,8.7025698001925e-06,0.0018940101606447954,4.771775337758431e-06,0.0018832091673509806,6.029217956058536e-06,0.009787656223380539,0.009420246918893212,0.0003674093044873375,0.02897552086544717,7.284387043421346e-07,1.8629126979959257e-06,1.923224654118789e-05,6.48866619759995e-12,4.448760336038858e-12,2.039905861561091e-12,2.2355932634251667e-11,2.149258087434259e-11,8.633517599090848e-13,0.000350896390486628,0.015198787399566583,1.4081926685485973e-08,3.1830097807001315e-11,1.0843842490643819e-10,7.966447029950969e-06,0.0011562975358720112
25517,Assembly,8.703532116637866e-06,0.0018940379972996477,4.772379604008166e-06,0.0018832363526422808,6.029265053360545e-06,0.009788706868797594,0.00942128976048375,0.0003674171083138574,0.028975882719041522,7.285147511136943e-07,1.8629718012623217e-06,1.923299819684924e-05,6.488834811513538e-12,4.448920924181649e-12,2.039913887331887e-12,2.236772889237615e-11,2.15038081325659e-11,8.639207598102609e-13,0.00035089994692584216,0.015199119382926599,1.4093262763563416e-08,3.183038410640398e-11,1.0844148085569238e-10,7.966700554704338e-06,0.0011563175639676016
25518,Assembly,8.690997512105641e-06,0.0018936754123498076,4.764508764318096e-06,0.0018828822519956726,6.0286515898184295e-06,0.009775021739680428,0.009407706279717015,0.0003673154599634255,0.028971169413220317,7.275242077097607e-07,1.8622019546340084e-06,1.9223207543780022e-05,6.486638539449778e-12,4.446829191392339e-12,2.0398093480574374e-12,2.2214077324575954e-11,2.135756804440368e-11,8.565092801722905e-13,0.0003508536227054602,0.015194795150342708,1.3945605247856041e-08,3.182665492791232e-11,1.0840167574214968e-10,7.963398280761165e-06,0.001156056689014287
25519,Assembly,8.693122332219868e-06,0.0018937368764185424,4.765843000148697e-06,0.001882942277836491,6.02875558190452e-06,0.009777341592495822,0.009410008901477451,0.00036733269101838384,0.02897196839550872,7.276921209888179e-07,1.8623324562063958e-06,1.9224867219322193e-05,6.487010843421985e-12,4.447183774250768e-12,2.0398270691712154e-12,2.224012377390787e-11,2.138235812693356e-11,8.577656469743265e-13,0.00035086147541712657,0.015195528178365187,1.3970635607496431e-08,3.1827287084551035e-11,1.0840842335877268e-10,7.963958070109053e-06,0.0011561009115780444
25520,Assembly,8.695941417392207e-06,0.001893818423295684,4.76761318503224e-06,0.001883021916558224,6.028893552430108e-06,0.009780419435476554,0.009413063883317509,0.0003673555521590571,0.028973028437771647,7.279148983580927e-07,1.8625055979444757e-06,1.922706917829297e-05,6.487504794227808e-12,4.447654213734972e-12,2.0398505804928343e-12,2.2274680656446816e-11,2.1415248136592805e-11,8.594325198540237e-13,0.00035087189392873284,0.015196500716423941,1.4003844402560127e-08,3.182812579244675e-11,1.0841737569588735e-10,7.964700765379915e-06,0.0011561595834500475
25521,Assembly,8.699719293869895e-06,0.0018939277048569524,4.769985422628434e-06,0.0018831286409865947,6.029078447731728e-06,0.009784544075169248,0.009417157886629847,0.00036738618853941556,0.02897444900809346,7.282134439257832e-07,1.862737626442946e-06,1.923002003947382e-05,6.488166741283812e-12,4.448284653098417e-12,2.0398820881853926e-12,2.232099058527304e-11,2.1459324276988198e-11,8.616663082848567e-13,0.00035088585585167013,0.01519780402172733,1.4048347749587199e-08,3.182924975097838e-11,1.0842937278775874e-10,7.965696056696902e-06,0.001156238210051087
25522,Assembly,8.69555548156679e-06,0.0018938072594395334,4.767370844796879e-06,0.0018830110139306238,6.028874664115133e-06,0.009779998075425811,0.00941264565298178,0.00036735242244404095,0.028972883316833224,7.278843998940028e-07,1.8624818946522676e-06,1.922676772771558e-05,6.487437171825395e-12,4.447589810058054e-12,2.03984736176734e-12,2.2269949781651923e-11,2.1410745458507616e-11,8.592043231443247e-13,0.00035087046762316543,0.015196367574906212,1.3999298082406438e-08,3.182801097242386e-11,1.0841615011120206e-10,7.964599089589767e-06,0.0011561515512069735
29891,Assembly,1.1229557141222224e-05,0.0022081333883492795,6.013743206467122e-06,0.0021953071183684367,6.812526774377772e-06,0.01280159441209158,0.012339820168212922,0.0004617742438786663,0.034350254162692835,9.028095694584568e-07,2.3092183973380182e-06,2.406102523589665e-05,7.441779848961542e-12,5.173590909168393e-12,2.268188939793147e-12,3.8469407347838906e-11,3.681606745302822e-11,1.6533398948106972e-12,0.0003966107176661509,0.025529258275842008,2.809686888896921e-08,3.763211555697568e-11,1.4120873125004253e-10,1.0049245393816451e-05,0.0013089781178774501
29892,Assembly,1.1228215933201412e-05,0.0022080945916052976,6.0129010232697415e-06,0.0021952692294485124,6.812461133517619e-06,0.012800130097450416,0.012338366729988521,0.00046176336746189936,0.03434974983696355,9.027035808925709e-07,2.309136023421072e-06,2.4059977631850455e-05,7.441544846915787e-12,5.173367092869507e-12,2.2681777540462792e-12,3.845296656467625e-11,3.680041970134183e-11,1.652546863334437e-12,0.0003966057609548503,0.02552879558111475,2.8081069471932093e-08,3.7631716533289595e-11,1.412044720859488e-10,1.0048892049098784e-05,0.0013089502041463935
29893,Assembly,1.124227434729739e-05,0.0022085012553621575,6.0217287069323216e-06,0.0021956663774804963,6.813149174730699e-06,0.012815478903357406,0.012353601530336034,0.0004618773730213783,0.034355036130984645,9.038145428951401e-07,2.3099994589338075e-06,2.407095851718778e-05,7.444008115865388e-12,5.175713113891123e-12,2.268295001974264e-12,3.862529728010308e-11,3.6964437936742135e-11,1.6608593433609586e-12,0.0003966577167282557,0.025533645502957548,2.8246677449021474e-08,3.7635899061373244e-11,1.4124911623629927e-10,1.0052595774607804e-05,0.0013092427932034746
29894,Assembly,1.1239333467540699e-05,0.002208416185367622,6.01988204371665e-06,0.002195583298080523,6.813005243383855e-06,0.012812268086527493,0.012350414562330016,0.0004618535241974831,0.03435393029109628,9.035821407449759e-07,2.309818836852023e-06,2.406866142569662e-05,7.443492824614206e-12,5.17522234973493e-12,2.2682704748792747e-12,3.8589247416370626e-11,3.693012696077263e-11,1.659120455598016e-12,0.0003966468480996033,0.02553263094776863,2.8212033914975368e-08,3.763502411829011e-11,1.4123977712613195e-10,1.005182099223908e-05,0.0013091815864962938
29895,Assembly,1.1251075746348792e-05,0.0022087558509359846,6.0272553592334646e-06,0.002195915015647512,6.813579929241045e-06,0.012825088164034156,0.012363139416786916,0.0004619487472472478,0.03435834566382847,9.045100708436559e-07,2.310540020653704e-06,2.407783320114087e-05,7.445550267977878e-12,5.1771818618632105e-12,2.2683684061146664e-12,3.8733186504657905e-11,3.706712305695627e-11,1.66606344770166e-12,0.00039669024411659727,0.0255366818409979,2.835035784159695e-08,3.763851757143111e-11,1.4127706611598437e-10,1.005491452592351e-05,0.0013094259712655137
29896,Assembly,1.1223927041606372e-05,0.00220797052805468,6.010207904543429e-06,0.002195148068921817,6.8122512283209405e-06,0.01279544753765391,0.012333718950607682,0.00046172858704623514,0.03434813711295064,9.023646525068582e-07,2.308872609547491e-06,2.40566276219199e-05,7.440793361476381e-12,5.17265137701616e-12,2.26814198446022e-12,3.840039251529089e-11,3.6750381594167035e-11,1.6500109211238636e-12,0.00039658991046998395,0.025527315983993323,2.8030546371946456e-08,3.763044054231212e-11,1.4119085220536346e-10,1.0047762129529083e-05,0.0013088609421045194
29911,Assembly,9.176039368151429e-06,0.001890984677622202,4.849949944180627e-06,0.0018803192377886242,5.815489889399115e-06,0.010458496154475385,0.010062386696961701,0.0003961094575136925,0.029419598752599006,7.393140176262163e-07,1.9640905920760103e-06,2.0393279685901595e-05,6.2685229429712526e-12,4.290964238392692e-12,1.9775587045785598e-12,2.6922031601679996e-11,2.5797306562595898e-11,1.1247250390841088e-12,0.00033813160965902284,0.021914886283081008,1.8383351494218885e-08,3.240916488626237e-11,1.2062765954755417e-10,8.559664187495996e-06,0.0011239689131358082
29912,Assembly,9.169878469471125e-06,0.0018908064630536268,4.846081338215852e-06,0.0018801451933502236,5.815188365189291e-06,0.010451769760060547,0.010055710263850902,0.0003960594962096545,0.029417282109936757,7.388271544360463e-07,1.9637122038257693e-06,2.0388467470133765e-05,6.267443450624732e-12,4.28993612827178e-12,1.9775073223529507e-12,2.6846510133184255e-11,2.572542791944844e-11,1.1210822137358268e-12,0.0003381088407852635,0.021912760874277647,1.831077616953912e-08,3.2407331953217785e-11,1.2060809488790622e-10,8.558041082823951e-06,0.0011238406901710174
29913,Assembly,9.165230294430352e-06,0.0018906720066126856,4.84316261505205e-06,0.001880013883121548,5.8149608760876164e-06,0.010446694938958005,0.010050673136743746,0.00039602180221426765,0.029415534286906415,7.3845983378264e-07,1.96342672358794e-06,2.038483682753055e-05,6.266629012724975e-12,4.289160456401299e-12,1.977468556323673e-12,2.678953191894636e-11,2.5671198085072056e-11,1.1183338338743132e-12,0.00033809166249420457,0.02191115733027151,1.825602071416524e-08,3.240594907158455e-11,1.2059333406040755e-10,8.556816509102378e-06,0.0011237439505855248
29914,Assembly,9.158356707690588e-06,0.0018904731763187699,4.838846491700462e-06,0.0018798197053552842,5.81462447178722e-06,0.010439190440368529,0.010043224378943848,0.0003959660614246918,0.029412949656788263,7.379166506300375e-07,1.9630045636735676e-06,2.0379467938313727e-05,6.265424645527305e-12,4.2880134152859e-12,1.977411230241403e-12,2.6705274184587056e-11,2.5591004575318372e-11,1.114269609268694e-12,0.0003380662597344981,0.02190878605579916,1.8175049931291058e-08,3.240390410624363e-11,1.2057150617585654e-10,8.555005644920067e-06,0.0011236008948859828
29915,Assembly,9.15602752318799e-06,0.0018904058006593406,4.837383929576431e-06,0.0018797539062519841,5.8145104777819425e-06,0.01043664746499393,0.010040700291900505,0.000395947173093438,0.029412073828688025,7.377325875158274e-07,1.962861510509709e-06,2.037764863581076e-05,6.265016533501014e-12,4.287624728783353e-12,1.9773918047176588e-12,2.667672259769014e-11,2.5563830192103447e-11,1.1128924055867022e-12,0.000338057651752018,0.021907982525420987,1.8147612161204753e-08,3.2403211149020456e-11,1.2056410957603967e-10,8.554392015246148e-06,0.0011235524190129056
29916,Assembly,9.149501301197986e-06,0.0018902170184870103,4.83328592656939e-06,0.0018795695414863766,5.814191074066546e-06,0.010429522215022871,0.010033627965792987,0.00039589424922989447,0.029409619815877575,7.372168547595059e-07,1.9624606849406444e-06,2.0372551069693496e-05,6.263873030409098e-12,4.286535654733055e-12,1.9773373756760423e-12,2.6596722926539924e-11,2.5487689355212213e-11,1.1090335713277173e-12,0.00033803353275050106,0.021905731086079093,1.8070733331599778e-08,3.2401269528396185e-11,1.205433847891787e-10,8.552672665204468e-06,0.0011234165928005518
33601,Assembly,7.48106027959109e-06,0.0016000199261509889,4.079225295708994e-06,0.0015908664927495148,5.074208105766155e-06,0.008949617245608723,0.008634003425968687,0.0003156138196400465,0.024583622906578333,6.173475505687094e-07,1.5957435008500652e-06,1.6507067394166873e-05,5.705704228416308e-12,4.053629490034984e-12,1.6520747383813235e-12,2.0052385217140515e-11,1.9280850249638262e-11,7.715349675022677e-13,0.00029609111218310976,0.014089554129943224,1.349463837307646e-08,2.6792492840994027e-11,9.379287393821781e-11,6.816457827108511e-06,0.0009641071473683949
33602,Assembly,7.483105782311141e-06,0.001600079095827961,4.08050972586024e-06,0.0015909242778861699,5.074308215932441e-06,0.008951850500655696,0.008636220093178623,0.0003156304074770829,0.02458439206366286,6.175091958142269e-07,1.5958691309302318e-06,1.6508665115693124e-05,5.7060626346563166e-12,4.053970836672538e-12,1.6520917979837775e-12,2.0077459378759838e-11,1.930471494336252e-11,7.727444353973332e-13,0.000296098671760961,0.014090259794768129,1.3518734374608768e-08,2.6793101399862283e-11,9.37993696731103e-11,6.816996720084013e-06,0.0009641497191484001
33603,Assembly,7.476713094983572e-06,0.0015998941763749337,4.076495573118948e-06,0.0015907436854541998,5.0739953476164505e-06,0.0089448710422086,0.008629292475706646,0.00031557856650196454,0.02458198826302306,6.170040155949821e-07,1.5954765067535105e-06,1.6503671852152716e-05,5.7049425290675205e-12,4.052904046439109e-12,1.6520384826284117e-12,1.999909660091454e-11,1.9230132043202108e-11,7.689645577124504e-13,0.000296075046264374,0.014088054422690417,1.3443428581988337e-08,2.6791199507223823e-11,9.377906894130318e-11,6.815312550094093e-06,0.0009640166721101909
36688,Assembly,1.1599204701853011e-05,0.0024432495109916515,6.72074401777292e-06,0.0024283745446136906,8.154222360189649e-06,0.016440899472535388,0.01599692245875712,0.000443977013778287,0.036805071929097655,1.004048903458266e-06,2.328048016050068e-06,2.4125659599511414e-05,8.665784516839688e-12,6.082414564161908e-12,2.583369952677782e-12,3.870444649729195e-11,3.735907626111417e-11,1.3453702361777888e-12,0.00047411718567895797,0.01121895206135976,3.7850228631590545e-08,4.0920504794634894e-11,1.2539809045313127e-10,9.634093502899052e-06,0.0015211807786802893
9972,Transport,1.7772045804033172e-05,0.0027845447392666916,1.073248607949906e-06,0.0027794632006564006,4.008290002344668e-06,0.016676609479522517,0.015768249469816868,0.0009083600097056752,0.037692038850743126,2.3862346236053593e-07,7.622464111314571e-06,8.225352579416599e-05,1.362755350009107e-12,6.712922583378003e-13,6.914630916713067e-13,1.820773331263563e-11,1.718502401259743e-11,1.0227093000383245e-12,8.280346135825005e-05,0.030773747446043193,5.328770244785087e-09,5.6444445784166343e-11,1.4328665526941905e-10,2.5313830136887684e-05,0.00022162671598991742
9973,Transport,1.77733566772313e-05,0.0027850747015967037,1.0734092910278431e-06,0.002779992743960669,4.008548345011698e-06,0.016680445838311988,0.01577193625792321,0.0009085095803888038,0.03770013684302468,2.386625455913258e-07,7.622823103117643e-06,8.225719242089603e-05,1.363002013935252e-12,6.714183673175534e-13,6.915836466176985e-13,1.8213512290219888e-11,1.7190510159306185e-11,1.0230021309138244e-12,8.281359975244021e-05,0.030781905297660755,5.330287305269006e-09,5.645646446471331e-11,1.433390870521929e-10,2.5315970648670256e-05,0.00022166830648744228
9974,Transport,1.7773147493413456e-05,0.002784990132361736,1.0733836498752479e-06,0.0027799082415921254,4.008507119738743e-06,0.016679833647766516,0.01577134793525953,0.0009084857125070138,0.03769884459832492,2.386563088481824e-07,7.622765816664575e-06,8.225660731550284e-05,1.362962652308308e-12,6.713982433590448e-13,6.915644089492632e-13,1.8212590104461538e-11,1.7189634702308945e-11,1.0229554021527154e-12,8.281198190869563e-05,0.030780603500851416,5.330045218921997e-09,5.645454657251301e-11,1.4333072020136958e-10,2.531562907449858e-05,0.0002216616696448623
9975,Transport,1.777326308545588e-05,0.002785036864134285,1.0733978188163696e-06,0.002779954936415227,4.008529900246096e-06,0.01668017193567155,0.01577167303410801,0.0009084989015635717,0.03769955867461295,2.3865975518492805e-07,7.622797472354684e-06,8.22569306365328e-05,1.3629844029910264e-12,6.714093635761329e-13,6.915750394148934e-13,1.8213099691371285e-11,1.7190118467561018e-11,1.0229812238103962e-12,8.281287590644696e-05,0.03078132285550116,5.3301789924403455e-09,5.6455606372830615e-11,1.4333534360572906e-10,2.5315817823592804e-05,0.00022166533707094235
9976,Transport,1.777342661637968e-05,0.0027851029767297147,1.0734178639681145e-06,0.0027800209967373565,4.008562128393759e-06,0.01668065051994482,0.015772132959496483,0.0009085175604483674,0.03770056889601395,2.386646308028333e-07,7.62284225644309e-06,8.225738804679738e-05,1.3630151742202868e-12,6.714250956225185e-13,6.915900785977681e-13,1.821382061658688e-11,1.71908028622383e-11,1.0230177543487091e-12,8.281414066719585e-05,0.030782340544331134,5.330368245148198e-09,5.645710569857435e-11,1.433418844503247e-10,2.5316084851608717e-05,0.00022167052546940173
9977,Transport,1.7772955448093444e-05,0.002784912491911534,1.0733601095105762e-06,0.0027798306625299615,4.008469272065732e-06,0.01667927161419039,0.01577080781406192,0.0009084638001284965,0.03769765822765126,2.3865058308342134e-07,7.622713223709132e-06,8.22560701479837e-05,1.362926515592187e-12,6.713797681629638e-13,6.915467474292233e-13,1.821174347368056e-11,1.7188830971786567e-11,1.0229125018941133e-12,8.281049661541219e-05,0.030779408360675598,5.329822966787675e-09,5.645278581384084e-11,1.433230388493396e-10,2.531531548560924e-05,0.00022165557656094088
9978,Transport,1.777354685655022e-05,0.00278515158765641,1.0734326026634526e-06,0.002780069569228811,4.008585824939226e-06,0.016681002410910143,0.01577247113105365,0.0009085312798565244,0.037701311686372585,2.3866821572191024e-07,7.622875185055625e-06,8.225772436904727e-05,1.3630377995303383e-12,6.714366630000909e-13,6.916011365302473e-13,1.821435069474492e-11,1.719130608041136e-11,1.0230446143336872e-12,8.28150706139277e-05,0.03078308882530229,5.330507397898875e-09,5.645820811504049e-11,1.4334669376865657e-10,2.5316281190585017e-05,0.00022167434036814436
9979,Transport,1.7774120230144033e-05,0.002785383392232304,1.0735028851545377e-06,0.0027803011905235936,4.008698823560025e-06,0.016682680427387565,0.01577408372558161,0.0009085967018059828,0.03770485373372221,2.386853106572005e-07,7.6230322074286285e-06,8.225932814502527e-05,1.3631456898907477e-12,6.714918228424281e-13,6.916538670483194e-13,1.8216878409210944e-11,1.7193705711175844e-11,1.0231726980352256e-12,8.281950512942511e-05,0.030786657055018478,5.331170957442952e-09,5.646346506442961e-11,1.4336962733672544e-10,2.531721744661277e-05,0.00022169253197742303
9980,Transport,1.77745031912678e-05,0.002785538216489713,1.0735498274310184e-06,0.002780455892365981,4.008774296304623e-06,0.016683801188934366,0.01577516079124923,0.000908640397685169,0.03770721949741992,2.386967285105864e-07,7.623137084013583e-06,8.2260399320708e-05,1.363217750784574e-12,6.715286645725609e-13,6.91689086212013e-13,1.8218566691306476e-11,1.719530844507242e-11,1.0232582462341791e-12,8.282246698022642e-05,0.0307890403061426,5.331614154533699e-09,5.6466976225856256e-11,1.4338494486284542e-10,2.5317842780015624e-05,0.00022170468230873884
9981,Transport,1.7774216210814643e-05,0.002785422195481853,1.0735146501899344e-06,0.002780339963092545,4.008717739121395e-06,0.016682961321290837,0.01577435366808662,0.00090860765320425,0.03770544665966723,2.3868817228768173e-07,7.623058492407261e-06,8.225959661133683e-05,1.363163750347763e-12,6.715010564009936e-13,6.916626939467692e-13,1.8217301539491418e-11,1.7194107400706865e-11,1.0231941387846793e-12,8.282024745131764e-05,0.03078725436379719,5.3312820349162065e-09,5.6464345058787887e-11,1.4337346633326542e-10,2.5317374172493382e-05,0.0002216955771871727
9982,Transport,1.7773908539806394e-05,0.002785297809656707,1.0734769367599333e-06,0.002780215675615641,4.008657104310224e-06,0.01668206090134293,0.015773488353412773,0.0009085725479301863,0.037703546004856654,2.386789991830367e-07,7.622974234547566e-06,8.22587360286775e-05,1.3631058566178699e-12,6.714714577510207e-13,6.916343988668491e-13,1.8215945173473298e-11,1.719281976412103e-11,1.0231254093523888e-12,8.281786790006359e-05,0.030785339659586342,5.330925970325572e-09,5.646152419131799e-11,1.4336116023112417e-10,2.5316871779569902e-05,0.00022168581560967957
9983,Transport,1.7773792689032043e-05,0.002785250973283519,1.073462736104194e-06,0.002780168876274606,4.008634272812816e-06,0.01668172185624147,0.015773162526889196,0.0009085593293523056,0.03770283033023773,2.3867554513228823e-07,7.622942508001908e-06,8.225841198395177e-05,1.363084057250174e-12,6.714603126433336e-13,6.916237446068402e-13,1.8215434445945215e-11,1.7192334916047754e-11,1.0230995298975877e-12,8.281697190125964e-05,0.030784618694791044,5.330791897379344e-09,5.6460462018828653e-11,1.433565264781084e-10,2.5316682607994898e-05,0.00022168213997472813
9984,Transport,1.777277710527652e-05,0.002784840391135551,1.0733382487594423e-06,0.0027797586187619577,4.008434124837887e-06,0.016678749681913303,0.01577030623070722,0.0009084434512061163,0.0376965565049545,2.386452658540481e-07,7.622664383280092e-06,8.225557130756148e-05,1.3628929572438387e-12,6.713626111788091e-13,6.915303460650296e-13,1.8210957250312186e-11,1.7188084587727823e-11,1.0228726625844877e-12,8.280911729834203e-05,0.03077829849418383,5.329616572423568e-09,5.645115068593709e-11,1.4331590556455675e-10,2.531502427140064e-05,0.00022164991822076226
9985,Transport,1.777326817363076e-05,0.002785038921191381,1.073398442510257e-06,0.0027799569918458673,4.00853090300721e-06,0.016680186826558363,0.015771687344433866,0.000908499482124524,0.037699590107097,2.386599068871014e-07,7.6227988657869975e-06,8.225694486860195e-05,1.3629853604209241e-12,6.714098530701157e-13,6.915755073508085e-13,1.8213122122563416e-11,1.719013976212551e-11,1.0229823604380319e-12,8.281291525878301e-05,0.03078135452033016,5.330184880934406e-09,5.645565302352767e-11,1.4333554712051622e-10,2.531582613202286e-05,0.00022166549850511082
9986,Transport,1.7773223465423396e-05,0.002785020846471584,1.0733929623063907e-06,0.0027799389314172238,4.008522092057726e-06,0.016680055984975416,0.01577156160405913,0.0009084943809163166,0.03769931391965287,2.3865857392736953e-07,7.622786622131398e-06,8.225681981584444e-05,1.3629769477827106e-12,6.714055520389973e-13,6.915713957437134e-13,1.8212925026666907e-11,1.7189952653421908e-11,1.0229723732451262e-12,8.281256948206682e-05,0.030781076291343332,5.330133140571726e-09,5.6455243118387406e-11,1.4333375889948912e-10,2.5315753128436562e-05,0.00022166408003336969
9987,Transport,1.777307045751453e-05,0.0027849589881408093,1.073374207035644e-06,0.0027798771219960253,4.008491937751946e-06,0.01667960819701478,0.015771131274306877,0.0009084769227079364,0.03769836870476345,2.386540120495133e-07,7.622744719844306e-06,8.225639183937093e-05,1.3629481566444178e-12,6.713908323305551e-13,6.915573243138626e-13,1.8212250492107186e-11,1.7189312298705037e-11,1.0229381934022736e-12,8.28113861071252e-05,0.03078012408954485,5.329956066044152e-09,5.6453840272421475e-11,1.4332763895024325e-10,2.531550328334688e-05,0.00022165922550200533
9988,Transport,1.776904690729212e-05,0.002783332339542119,1.0728810117861749e-06,0.0027782517595409013,4.007698989435608e-06,0.016667833006033143,0.015759815170562835,0.0009080178354703383,0.0376735129988934,2.385340512919344e-07,7.621642842445974e-06,8.224513761827906e-05,1.3621910546636003e-12,6.71003757658299e-13,6.911872970053012e-13,1.8194512692160032e-11,1.7172473304024424e-11,1.02203938813573e-12,8.278026766008013e-05,0.030755084653436782,5.325299651483069e-09,5.6416950537505026e-11,1.4316670659496833e-10,2.5308933268282756e-05,0.00022153156902401372
9989,Transport,1.7769615116779546e-05,0.0027835620563631835,1.0729506612759068e-06,0.0027784812947315805,4.007810970330957e-06,0.016669495909405085,0.015761413241210057,0.0009080826681950565,0.03767702314468787,2.385509922611798e-07,7.621798450592289e-06,8.224672694980085e-05,1.3622979733062592e-12,6.710584207018701e-13,6.912395526043888e-13,1.8197017640690287e-11,1.7174851322442825e-11,1.0221663182475883e-12,8.278466223598141e-05,0.03075862074578556,5.3259572346583106e-09,5.6422160140022585e-11,1.4318943361117199e-10,2.5309861091892653e-05,0.00022154959679002045
9990,Transport,1.776911028959612e-05,0.002783357963861509,1.0728887810072616e-06,0.0027782773635998893,4.0077114806159e-06,0.016668018498618837,0.015759993431225167,0.000908025067393701,0.03767390454661082,2.385359410133954e-07,7.621660200133681e-06,8.224531490411446e-05,1.3622029811626501e-12,6.71009855179938e-13,6.911931259827121e-13,1.8194792112713114e-11,1.7172738565850638e-11,1.0220535468625977e-12,8.278075786369673e-05,0.030755479095425465,5.325373003191618e-09,5.641753165524027e-11,1.4316924173505635e-10,2.5309036764615357e-05,0.00022153357997485262
9991,Transport,1.7771665605373894e-05,0.0027843910318237227,1.0732020042884014e-06,0.002779309614745421,4.008215074017672e-06,0.01667549680251427,0.015767180173490505,0.000908316629023795,0.037689690152323846,2.386121268690728e-07,7.6223599912498555e-06,8.225246234533752e-05,1.3626838089217255e-12,6.712556823630273e-13,6.914281265586983e-13,1.8206057208850238e-11,1.7183432839914773e-11,1.0226243689355908e-12,8.28005208725617e-05,0.030771381386341886,5.328330244666954e-09,5.644095995026812e-11,1.432714482352507e-10,2.5313209314285566e-05,0.00022161465330420506
9992,Transport,1.7771687975079147e-05,0.0027844000754910546,1.0732047463027304e-06,0.002779318651262189,4.008219482567121e-06,0.016675562268964793,0.015767243087556785,0.0009083191814080384,0.037689828342425485,2.386127938140942e-07,7.622366117350257e-06,8.225252491535523e-05,1.3626880181765433e-12,6.712578343794932e-13,6.914301837970502e-13,1.820615582557794e-11,1.7183526459560845e-11,1.0226293660172183e-12,8.280069388158356e-05,0.0307715205979273,5.328356132903837e-09,5.644116504588054e-11,1.4327234296978969e-10,2.5313245841554362e-05,0.0002216153630350717
9993,Transport,1.7771233190879495e-05,0.0027842162144628133,1.0731490001595471e-06,0.002779134935607495,4.008129855162099e-06,0.01667423131234431,0.015765964021831252,0.0009082672905130871,0.03768701888767133,2.3859923458055416e-07,7.622241571513119e-06,8.225125284426151e-05,1.362602442503476e-12,6.712140831062897e-13,6.913883593971863e-13,1.8204150911830952e-11,1.718162313829095e-11,1.0225277735401282e-12,8.279717654558634e-05,0.030768690376038486,5.327829815683382e-09,5.6436995377890314e-11,1.432541526929579e-10,2.53125032289666e-05,0.00022160093394981987
9994,Transport,1.7771490356240133e-05,0.0027843201817679027,1.0731805227520797e-06,0.002779238820708672,4.008180536482939e-06,0.016674983924109543,0.015766687291018787,0.0009082966330907848,0.03768860754102737,2.3860690187679263e-07,7.6223119980476096e-06,8.225197215821707e-05,1.3626508327044615e-12,6.712388229982216e-13,6.914120097062399e-13,1.8205284623967803e-11,1.718269940325609e-11,1.0225852207118398e-12,8.279916548227521e-05,0.03077029077251946,5.3281274305915344e-09,5.643935318665603e-11,1.4326443869037194e-10,2.531292315172138e-05,0.00022160909311831192
9995,Transport,1.7770811566195622e-05,0.0027840457592271913,1.0730973186147295e-06,0.0027789646151458527,4.0080467627276254e-06,0.016672997399282276,0.015764778216162123,0.000908219183120182,0.03768441427767502,2.385866639865028e-07,7.622126106641535e-06,8.225007352322715e-05,1.3625231063784926e-12,6.711735218538375e-13,6.913495845246551e-13,1.82022921816345e-11,1.7179858593196066e-11,1.0224335884385581e-12,8.27939156678359e-05,0.0307660665130941,5.3273418736399675e-09,5.643312973139343e-11,1.432372887171984e-10,2.531181476222173e-05,0.00022158755692723968
9996,Transport,1.7770207139228717e-05,0.0027838014003340804,1.0730232296902101e-06,0.0027787204494601862,4.007927644208094e-06,0.016671228503014966,0.015763078285035356,0.0009081502179796403,0.03768068039638143,2.385686432056394e-07,7.621960580084899e-06,8.224838288825471e-05,1.3624093727779143e-12,6.711153746064604e-13,6.912939981714541e-13,1.819962756853687e-11,1.717732900069246e-11,1.0222985678445395e-12,8.27892409831613e-05,0.03076230503142166,5.3266423763367835e-09,5.6427588070583215e-11,1.432131130887115e-10,2.531082779945049e-05,0.00022156838007755897
9997,Transport,1.7769012316219366e-05,0.0027833183549968994,1.0728767717116598e-06,0.0027782377860528533,4.007692172338422e-06,0.01666773177292669,0.015759717884299137,0.0009080138886275849,0.037673299310612474,2.385330199710699e-07,7.621633369438518e-06,8.224504086402992e-05,1.3621845457428073e-12,6.710004299185142e-13,6.911841158242929e-13,1.8194360197598104e-11,1.7172328536627975e-11,1.0220316609702536e-12,8.278000013006152e-05,0.030754869385599078,5.325259619579408e-09,5.641663339084746e-11,1.4316532303505163e-10,2.5308876784864742e-05,0.0002215304715418712
9998,Transport,1.777040147471967e-05,0.0027838799666589833,1.0730470507774699e-06,0.0027787989536649893,4.007965943220617e-06,0.016671797238930766,0.015763624847264044,0.0009081723916667518,0.03768188091471381,2.385744372510547e-07,7.622013800219689e-06,8.224892646158181e-05,1.3624459404301148e-12,6.711340701221892e-13,6.913118703079257e-13,1.8200484295524395e-11,1.7178142315828976e-11,1.0223419796955396e-12,8.279074398880307e-05,0.030763514423833904,5.326867278863109e-09,5.642936982658224e-11,1.432208860420845e-10,2.531114512793715e-05,0.000221574545822474
9999,Transport,1.777118654931691e-05,0.0027841973581224618,1.073143282970542e-06,0.0027791160941763016,4.008120663193196e-06,0.01667409481266698,0.015765832843958036,0.0009082619687089738,0.03768673075681753,2.385978439785056e-07,7.622228798394656e-06,8.225112238374075e-05,1.3625936660703592e-12,6.712095960820071e-13,6.913840699883519e-13,1.8203945292748158e-11,1.7181427938285776e-11,1.022517354462505e-12,8.279681581615211e-05,0.030768400115357822,5.3277758378679805e-09,5.6436567746871776e-11,1.4325228714236074e-10,2.531242706842384e-05,0.00022159945413789307
10000,Transport,1.7771148748754616e-05,0.0027841820760386563,1.0731386494860017e-06,0.0027791008241755937,4.008113213580149e-06,0.016673984186773006,0.015765726531109702,0.0009082576556633385,0.037686497241736,2.385967169678211e-07,7.622218446446019e-06,8.225101665226928e-05,1.3625865532274691e-12,6.712059595820371e-13,6.913805936454318e-13,1.8203778649168513e-11,1.718126973882702e-11,1.022508910341618e-12,8.279652346369443e-05,0.030768164874162306,5.3277320916540715e-09,5.643622117415717e-11,1.4325077521056292e-10,2.5312365344262334e-05,0.00022159825482723894
10001,Transport,1.7772465907836053e-05,0.0027847145796376298,1.0733001030694927e-06,0.0027796329067395157,4.008372795048815e-06,0.016677838941623793,0.015769430998057825,0.0009084079435659997,0.0376946340654123,2.3863598761004697e-07,7.622579159682246e-06,8.22547008611635e-05,1.362834399953492e-12,6.71332673278046e-13,6.915017266754459e-13,1.820958533803625e-11,1.718678219264018e-11,1.0228031453961937e-12,8.280671047338988e-05,0.03077636184421137,5.329256426728092e-09,5.6448297486535896e-11,1.4330345841358796e-10,2.531451612020114e-05,0.000221640044759015
13898,Transport,1.636301988554914e-05,0.0025352565935782613,9.80994779193149e-07,0.0025305818206630753,3.6937781359962315e-06,0.015125418358376911,0.014296331521007188,0.0008290868373697532,0.034236413168417086,2.178169612412514e-07,7.03598934601096e-06,7.594312331610554e-05,1.2418697135648592e-12,6.113396606872828e-13,6.305300528775767e-13,1.6374375009743467e-11,1.545185204090332e-11,9.225229688402652e-13,7.588434662173467e-05,0.027816526841723845,4.807521012500065e-09,5.127909687670693e-11,1.282479165138181e-10,2.3282847241157834e-05,0.00020183729654835918
13899,Transport,1.6363154921261067e-05,0.002535311186074798,9.81011331483527e-07,0.002530636369994919,3.693804748399334e-06,0.015125813549491577,0.014296711304541845,0.0008291022449497611,0.03423724735905772,2.1782098728427504e-07,7.036026326486092e-06,7.594350102277583e-05,1.2418951229171307e-12,6.113526514295499e-13,6.305424714875811e-13,1.637497031396773e-11,1.5452417180024042e-11,9.225531339438043e-13,7.588539099832218e-05,0.027817367198596326,4.807677287983292e-09,5.128033494541292e-11,1.282533176183069e-10,2.3283067739626236e-05,0.00020184158087002417
13900,Transport,1.636408097319009e-05,0.002535685572124279,9.811248442737021e-07,0.002531010460028279,3.693987251730315e-06,0.015128523702893517,0.014299315795382496,0.0008292079075110479,0.03424296809649004,2.178485972020894e-07,7.036279932290387e-06,7.59460912708343e-05,1.2420693759302771e-12,6.11441739728963e-13,6.306276362013146e-13,1.637905280901555e-11,1.5456292807925964e-11,9.227600010897048e-13,7.589255315520385e-05,0.027823130222997094,4.8087489986488125e-09,5.128882540987642e-11,1.2829035747361035e-10,2.3284579880593172e-05,0.0002018709620188011
13901,Transport,1.6363547478118147e-05,0.002535469889713669,9.810594499774828e-07,0.0025307949481514543,3.693882112240141e-06,0.015126962393598831,0.014297815357896367,0.0008291470357024929,0.03423967240093305,2.1783269123112917e-07,7.036133830929796e-06,7.594459903856202e-05,1.2419689894175218e-12,6.113904162910269e-13,6.305785731264951e-13,1.6376700898802977e-11,1.545406007310672e-11,9.226408256963753e-13,7.588842706326331e-05,0.027819810166074863,4.8081315901205375e-09,5.1283934084878514e-11,1.2826901895073645e-10,2.328370874180639e-05,0.00020185403564827124
13902,Transport,1.636375061166512e-05,0.002535552012933529,9.81084349505223e-07,0.0025308770064388824,3.693922145145203e-06,0.015127556877618718,0.014298386664370607,0.0008291702132481405,0.034240927269747125,2.178387475875403e-07,7.036189460473828e-06,7.59451672208196e-05,1.2420072125792285e-12,6.11409958199733e-13,6.305972543794959e-13,1.6377596411974093e-11,1.5454910209063253e-11,9.2268620291096e-13,7.588999811374739e-05,0.0278210743107207,4.808366674549389e-09,5.1285796505449e-11,1.2827714380524136e-10,2.328404043655106e-05,0.0002018604805319525
13903,Transport,1.6365440518016413e-05,0.002536235211513464,9.812914933802672e-07,0.002531559664833642,3.6942551864450385e-06,0.015132502502484211,0.014303139470855385,0.0008293630316288562,0.03425136676046895,2.178891315606318e-07,7.036652253159604e-06,7.594989403635579e-05,1.2423251982822111e-12,6.115725310299231e-13,6.307526672522882e-13,1.6385046355216175e-11,1.5461982650684986e-11,9.230637045313065e-13,7.590306797951193e-05,0.027831590968839217,4.810322386322833e-09,5.130129033400506e-11,1.2834473600473534e-10,2.3286799867792423e-05,0.0002019140967368006
13904,Transport,1.636329553552279e-05,0.0025353680338781417,9.810285675765431e-07,0.0025306931728503635,3.6938324602050583e-06,0.0151262250666083,0.014297106777565809,0.000829118289042518,0.034238116011500785,2.1782517964983038e-07,7.036064834686143e-06,7.594389433313674e-05,1.2419215819719941e-12,6.113661788409806e-13,6.305554031310139e-13,1.6375590211199344e-11,1.5453005665981534e-11,9.22584545217928e-13,7.588647851984304e-05,0.027818242272008516,4.807840019466579e-09,5.1281624160795765e-11,1.2825894185140285e-10,2.3283297347253e-05,0.00020184604218414094
13905,Transport,1.6364283597938703e-05,0.0025357674896461634,9.811496814343978e-07,0.002531092312780369,3.694027184363035e-06,0.015129116697880696,0.01429988567087794,0.0008292310270027826,0.03424421982217387,2.1785463838885347e-07,7.036335422496423e-06,7.594665802993846e-05,1.2421075033525933e-12,6.114612326901107e-13,6.306462706624828e-13,1.6379946079151776e-11,1.5457140814506097e-11,9.228052646457985e-13,7.589412027060226e-05,0.027824391201279063,4.808983494250392e-09,5.129068316555255e-11,1.2829846197740157e-10,2.328491074452606e-05,0.00020187739075967233
13906,Transport,1.6360262233664365e-05,0.002534141724786749,9.80656754132175e-07,0.0025294678333657736,3.6932346668463e-06,0.015117347904223448,0.014288575715041532,0.0008287721891819444,0.034219377620119895,2.1773474280455978e-07,7.0352341437352744e-06,7.593540992313409e-05,1.2413508126964815e-12,6.11074368311025e-13,6.302764443854571e-13,1.6362217915945153e-11,1.5440310968255563e-11,9.219069476897085e-13,7.586301872984775e-05,0.027799365368805583,4.8043296094652155e-09,5.1253813472400297e-11,1.2813761705480464e-10,2.327834429887476e-05,0.0002017498036359613
13907,Transport,1.6360673579041694e-05,0.002534308024284612,9.807071756690708e-07,0.0025296340013754785,3.693315733468153e-06,0.015118551734201888,0.014289732610496346,0.0008288191237055715,0.03422191872912682,2.1774700692464368e-07,7.035346793546793e-06,7.593656049205102e-05,1.2414282145885328e-12,6.11113940670835e-13,6.303142739176983e-13,1.6364031329872897e-11,1.5442032493336124e-11,9.2199883653689e-13,7.586620010665037e-05,0.027801925261369282,4.804805655369643e-09,5.1257584873548545e-11,1.281540698829654e-10,2.3279015980642406e-05,0.00020176285452366138
13908,Transport,1.6360256237462556e-05,0.002534139300630784,9.806560191349501e-07,0.002529465411126519,3.693233485134163e-06,0.015117330355934608,0.014288558850919552,0.0008287715050150836,0.03421934057824884,2.1773456402987775e-07,7.035232501633427e-06,7.593539315123437e-05,1.241349684405292e-12,6.110737914627886e-13,6.302758929425039e-13,1.636219148172108e-11,1.5440285873499738e-11,9.21905608221461e-13,7.586297235476155e-05,0.027799328053125693,4.804322670120637e-09,5.1253758496500146e-11,1.281373772211188e-10,2.327833450773657e-05,0.000201749613392529
13909,Transport,1.63603173350679e-05,0.0025341640012878216,9.806635083042269e-07,0.0025294900922534676,3.6932455260534044e-06,0.015117509162195664,0.01428873068594145,0.0008287784762542409,0.034219718012112925,2.1773638563383894e-07,7.035249233640412e-06,7.593556404656825e-05,1.2413611809979706e-12,6.110796691912265e-13,6.302815118067444e-13,1.6362460830192194e-11,1.5440541573613943e-11,9.219192565783648e-13,7.586344488834292e-05,0.027799708276933226,4.804393377770212e-09,5.1254318667080996e-11,1.2813982097874237e-10,2.327843427340751e-05,0.0002017515518559956
13910,Transport,1.636053779536401e-05,0.002534253129399046,9.806905316951951e-07,0.0025295791498936952,3.69328897365837e-06,0.015118154354115017,0.014289350723332402,0.0008288036307826419,0.03422107991788602,2.177429585812799e-07,7.0353096082360015e-06,7.593618069325523e-05,1.241402664493305e-12,6.11100877972563e-13,6.303017865207422e-13,1.6363432728245552e-11,1.5441464223897483e-11,9.219685043481844e-13,7.586514994523817e-05,0.027801080249741757,4.804648514273106e-09,5.125633994715298e-11,1.28148638861641e-10,2.3278794260828182e-05,0.00020175854647104524
13911,Transport,1.6360234503901004e-05,0.002534130514144849,9.806533550972922e-07,0.0025294566315878005,3.6932292019538654e-06,0.015117266751201517,0.014288497725986685,0.0008287690252148615,0.0342192063179604,2.1773391605126076e-07,7.035226549745435e-06,7.593533236056612e-05,1.2413455948521384e-12,6.110717006447922e-13,6.302738942073466e-13,1.6362095669429547e-11,1.5440194916184157e-11,9.219007532455063e-13,7.586280426572403e-05,0.02779919280040216,4.80429751808652e-09,5.125355923334197e-11,1.281365079308017e-10,2.3278299019220486e-05,0.00020174892384479918
13912,Transport,1.6355222086924197e-05,0.002532104084598632,9.80038947396463e-07,0.0025274318042802753,3.692241370963113e-06,0.015102597574996683,0.014274400466754763,0.0008281971082419462,0.034188241832571416,2.1758447257358508e-07,7.033853864263096e-06,7.592131219286757e-05,1.2404024201402412e-12,6.105894947442163e-13,6.298129253960251e-13,1.633999845560798e-11,1.5419217406735057e-11,9.207810488730398e-13,7.5824037847104e-05,0.027767999429448617,4.798496697888715e-09,5.120760311912836e-11,1.2793602327791845e-10,2.327011429348701e-05,0.000201589893271769
13913,Transport,1.6355411397647487e-05,0.002532180619500829,9.800621525621102e-07,0.00252750827866856,3.692278679710612e-06,0.01510315160559116,0.014274932896988316,0.0008282187086028713,0.034189411310121355,2.1759011680729133e-07,7.033905708330083e-06,7.592184171148103e-05,1.2404380422937301e-12,6.106077068658807e-13,6.298303354278501e-13,1.6340833030933745e-11,1.542000969267317e-11,9.208233382606958e-13,7.5825501990806e-05,0.027769177551628887,4.798715785301516e-09,5.120933880577648e-11,1.279435952526408e-10,2.327042341708062e-05,0.00020159589959425686
13914,Transport,1.635591387438832e-05,0.0025323837617610635,9.801237447202413e-07,0.0025277112603101387,3.6923777062080133e-06,0.015104622137648682,0.014276346096430075,0.0008282760412186343,0.03419251538820818,2.1760509797744302e-07,7.034043315103531e-06,7.592324718277436e-05,1.2405325921600844e-12,6.10656046269895e-13,6.298765458901897e-13,1.6343048196997118e-11,1.5422112612407798e-11,9.209355845894376e-13,7.582938818458676e-05,0.02777230457466882,4.799297296624422e-09,5.121394574063408e-11,1.279636931166919e-10,2.327124390634362e-05,0.00020161184183617288
13915,Transport,1.2008473743417356e-05,0.001858195310545678,7.193345835386305e-07,0.0018547649173137044,2.711058648437395e-06,0.01108114671636802,0.010473301838809618,0.0006078448775584213,0.025086453233393275,1.5969400890989632e-07,5.165051272622403e-06,5.575062044048805e-05,9.103121184670592e-13,4.4808857561147176e-13,4.622235428555876e-13,1.1984336648902523e-11,1.1308907870252996e-11,6.754287786496124e-13,5.566041036867159e-05,0.02037086120405805,3.51991034204753e-09,3.757514385598345e-11,9.381200188366814e-11,1.708478759317776e-05,0.00014793934201103848
13916,Transport,1.2008730354363206e-05,0.0018582990537108928,7.193660381725876e-07,0.0018548685784522264,2.7111092204959545e-06,0.011081897705600988,0.010474023548723638,0.0006078741568773696,0.025088038461821022,1.5970165967644958e-07,5.165121547326524e-06,5.575133820369703e-05,9.103604043451176e-13,4.481132621674413e-13,4.622471421776765e-13,1.1985467916904686e-11,1.1309981814932016e-11,6.754861019727553e-13,5.5662395017473806e-05,0.02037245815029409,3.5202073153369705e-09,3.757749658162268e-11,9.382226570582068e-11,1.7085206610634146e-05,0.00014794748358943325
13917,Transport,1.2009536892106053e-05,0.0018586251223360304,7.194649012565066e-07,0.0018551943892644205,2.7112681703561284e-06,0.011084258092679801,0.010476291909814478,0.0006079661828653443,0.025093020893703605,1.597257063201597e-07,5.165342423334185e-06,5.575359416014725e-05,9.105121686549832e-13,4.4819085293062757e-13,4.62321315724356e-13,1.198902353429273e-11,1.1313357262984308e-11,6.756662713085078e-13,5.5668632842442623e-05,0.02037747741168377,3.521140713426286e-09,3.758489128577427e-11,9.385452528042512e-11,1.708652359807742e-05,0.0001479730728730082
13918,Transport,1.2009708942731995e-05,0.0018586946792929768,7.194859907289109e-07,0.0018552638912247114,2.7113020775392436e-06,0.01108476161043576,0.010476775796587293,0.0006079858138484872,0.025094083746039674,1.5973083595003604e-07,5.16538954060267e-06,5.5754075400762194e-05,9.105445430165548e-13,4.482074045917145e-13,4.623371384248404e-13,1.1989782018570305e-11,1.131407731354038e-11,6.757047050300126e-13,5.56699634952235e-05,0.020378548120490045,3.521339825900493e-09,3.758646872401472e-11,9.386140689266527e-11,1.7086804537830063e-05,0.00014797853157881027
13919,Transport,1.2008949392196512e-05,0.0018583876067461258,7.193928872021435e-07,0.0018549570614711595,2.7111523877665324e-06,0.011082538734587036,0.010474639585484348,0.000607899149102709,0.025089391580250798,1.5970819021365415e-07,5.165181532370717e-06,5.575195087163139e-05,9.104016201789716e-13,4.481343341046242e-13,4.622672860743476e-13,1.1986433544038256e-11,1.1310898512054213e-11,6.755350319841299e-13,5.5664089072932245e-05,0.020373821270804372,3.5204608056378388e-09,3.757950481990994e-11,9.383102669361997e-11,1.708556427532948e-05,0.00014795443307354583
13920,Transport,1.2008643028826383e-05,0.0018582637495754267,7.193553340586737e-07,0.0018548333022307098,2.7110920106604682e-06,0.011081642141530242,0.010473777948500058,0.0006078641930302057,0.02508749900344762,1.5969905609578712e-07,5.165097632616875e-06,5.575109394654998e-05,9.103439725042677e-13,4.481048612524091e-13,4.622391112518587e-13,1.1985082942735891e-11,1.1309616348075932e-11,6.754665946600432e-13,5.566171963505201e-05,0.020371914704312537,3.520106254363764e-09,3.757669594145993e-11,9.381877289386605e-11,1.708506401763525e-05,0.00014794471298390985
13921,Transport,1.2009142101436893e-05,0.001858465515607328,7.194165089482706e-07,0.0018550349087320995,2.711190366282831e-06,0.011083102711170889,0.010475181573936345,0.0006079211372345664,0.025090582052329564,1.597139357729713e-07,5.165234307145402e-06,5.575248989619373e-05,9.104378818234267e-13,4.481528731713531e-13,4.622850086520739e-13,1.198728310170869e-11,1.1311705021155448e-11,6.755780805533262e-13,5.566557950102693e-05,0.020375020542702366,3.520683826120586e-09,3.7581271665705455e-11,9.38387346008718e-11,1.7085878948327776e-05,0.00014796054722188333
17032,Transport,1.5916550690185023e-05,0.002488038403294179,9.5974279095413e-07,0.0024834881920495202,3.590468453708618e-06,0.01488902910872605,0.014076978391229362,0.0008120507174967186,0.03366200664551503,2.133270159059994e-07,6.8302613777747315e-06,7.370861014021863e-05,1.217871595383945e-12,5.998405945133431e-13,6.180310008706019e-13,1.6227683194361842e-11,1.5315624995698816e-11,9.12058198663145e-13,7.408649940390574e-05,0.027455858794590417,4.752384201615351e-09,5.041133500654808e-11,1.2758060769861465e-10,2.266606077842783e-05,0.00019803778386563004
17033,Transport,1.5916183561968012e-05,0.0024878899799946714,9.596977894299614e-07,0.0024833398861039842,3.5903961012622784e-06,0.014887954683248274,0.014075945855095494,0.0008120088281528119,0.033659738690481736,2.1331607010524955e-07,6.830160837142143e-06,7.370758325055779e-05,1.2178025137309396e-12,5.998052759448103e-13,6.179972377861295e-13,1.6226064711552293e-11,1.5314088524236636e-11,9.11976187315776e-13,7.408366000602369e-05,0.027453574075120005,4.7519593277897535e-09,5.040796900839787e-11,1.2756592345077736e-10,2.2665461298420643e-05,0.0001980261358700628
17034,Transport,1.5915776270464205e-05,0.0024877253194045693,9.596478648052584e-07,0.002483175355706204,3.5903158335647595e-06,0.014886762717204,0.01407480036102772,0.0008119623561763122,0.03365722262450456,2.1330392685000194e-07,6.83004929751227e-06,7.370644402067887e-05,1.2177258746467334e-12,5.99766093576843e-13,6.179597810698905e-13,1.6224269169104606e-11,1.531238396505706e-11,9.118852040476653e-13,7.408050998219084e-05,0.027451039410700956,4.751487973392738e-09,5.04042347750023e-11,1.275496327678311e-10,2.266479623618267e-05,0.00019801321360091788
17035,Transport,1.5916726021227995e-05,0.0024881092864644117,9.597642825306474e-07,0.002483559019174499,3.5905030073857542e-06,0.0148895422268436,0.014077471504068058,0.0008120707227755727,0.033663089762810225,2.1333224334037426e-07,6.830309393408386e-06,7.37091005564463e-05,1.2179045870138724e-12,5.998574617580011e-13,6.180471252558716e-13,1.62284561403406e-11,1.531635877515644e-11,9.120973651842768e-13,7.408785542768435e-05,0.027456949918151844,4.752587110483481e-09,5.0412942521140984e-11,1.2758762051966528e-10,2.2666347074740753e-05,0.00019804334665028315
17036,Transport,1.5916852236516548e-05,0.002488160313023273,9.597797536388192e-07,0.0024836100053881502,3.590527881488231e-06,0.014889911604394608,0.014077826480449711,0.0008120851239449284,0.033663869464793585,2.1333600640552718e-07,6.830343958348824e-06,7.37094535916227e-05,1.2179283366478251e-12,5.998696039555007e-13,6.180587326923246e-13,1.62290125597749e-11,1.5316886999847338e-11,9.121255599276748e-13,7.408883158643868e-05,0.027457735383593775,4.752733178178667e-09,5.041409972020145e-11,1.2759266882838166e-10,2.2666553170427707e-05,0.00019804735112352565
17037,Transport,1.591715084550927e-05,0.0024882810352394075,9.598163562729408e-07,0.0024837306321527524,3.590586730386577e-06,0.014890785503743151,0.014078666308500513,0.0008121191952426668,0.033665714138497935,2.133449093293152e-07,6.830425734512121e-06,7.371028882703382e-05,1.217984525199573e-12,5.998983308189927e-13,6.180861943805808e-13,1.623032897594535e-11,1.5318136710913975e-11,9.12192265031492e-13,7.409114105136736e-05,0.027459593692893115,4.753078755389077e-09,5.041683750299934e-11,1.276046124716443e-10,2.2667040766076345e-05,0.00019805682518752405
17038,Transport,1.5917233869044776e-05,0.0024883146001535303,9.59826533059868e-07,0.002483764170528077,3.590603092397501e-06,0.014891028477717,0.014078899809485719,0.0008121286682313118,0.033666227021018263,2.1334738464729694e-07,6.830448471088589e-06,7.371052105110776e-05,1.2180001475429542e-12,5.999063178717242e-13,6.1809382967123e-13,1.6230694984763995e-11,1.5318484173427284e-11,9.122108113368278e-13,7.409178316177984e-05,0.027460110366576255,4.753174837699042e-09,5.0417598700461107e-11,1.2760793321386776e-10,2.2667176334380147e-05,0.0001980594593020615
17039,Transport,1.591789848750871e-05,0.002488583293380472,9.599080000855054e-07,0.0024840326513071278,3.5907340732633663e-06,0.0148929735284583,0.014080769027234312,0.0008122045012240169,0.03367033273864131,2.1336720001681571e-07,6.830630481508104e-06,7.37123800469501e-05,1.2181252072359412e-12,5.999702556778612e-13,6.1815495155808e-13,1.6233624951759015e-11,1.53212656738834e-11,9.123592778757313e-13,7.409692337212442e-05,0.027464246433145333,4.753943994021682e-09,5.042369222423982e-11,1.276345163578197e-10,2.266826158324709e-05,0.00019808054586681757
17040,Transport,1.5916779837477906e-05,0.0024881310434011128,9.597708791722533e-07,0.002483580758908626,3.5905136133189226e-06,0.014889699723727093,0.014077622860515334,0.0008120768632117904,0.033663422215695085,2.1333384785324291e-07,6.830324131365207e-06,7.370925108519363e-05,1.2179147134910269e-12,5.998626390035043e-13,6.180520744875228e-13,1.6228693388994663e-11,1.5316584002007326e-11,9.121093869874537e-13,7.40882716467025e-05,0.027457284828486427,4.752649391493001e-09,5.0413435932949874e-11,1.275897730405415e-10,2.266643495075896e-05,0.0001980450540958331
17041,Transport,1.591799530393857e-05,0.002488622434512372,9.599198675658742e-07,0.002484071761491277,3.590753153533478e-06,0.014893256868267358,0.014081041320284942,0.0008122155479824469,0.03367093082753568,2.133700865651698e-07,6.830656995365258e-06,7.371265085095323e-05,1.2181434249558079e-12,5.999795696383651e-13,6.181638553174431e-13,1.6234051766479725e-11,1.532167086115764e-11,9.123809053221991e-13,7.409767215784329e-05,0.027464848943037266,4.754056038710783e-09,5.042457988121827e-11,1.276383887827244e-10,2.2668419673830644e-05,0.0001980836175929709
17042,Transport,1.5918178665148132e-05,0.002488696564133751,9.599423434571872e-07,0.002484145832500528,3.5907892897699767e-06,0.0148937934872088,0.014081557017705209,0.0008122364695036228,0.03367206355163278,2.1337555341618285e-07,6.830707210116256e-06,7.371316372825759e-05,1.2181779276032933e-12,5.99997209403292e-13,6.181807182000015e-13,1.6234860113405563e-11,1.5322438247734606e-11,9.12421865671076e-13,7.409909028754824e-05,0.027465990040087804,4.754268240810654e-09,5.042626102002374e-11,1.2764572279117204e-10,2.2668719082522572e-05,0.0001980894351533141
17043,Transport,1.591772802712637e-05,0.002488514379330258,9.59887105540602e-07,0.0024839637917452415,3.590700479480337e-06,0.01489247466465745,0.014080289612969747,0.000812185051687731,0.03366927971012377,2.1336211779950204e-07,6.830583799738963e-06,7.371190325438527e-05,1.2180931321067674e-12,5.999538570018214e-13,6.18139275104946e-13,1.623287347806197e-11,1.5320552278669514e-11,9.12321199392572e-13,7.409560501840993e-05,0.02746318562077401,4.753746721920542e-09,5.042212936607459e-11,1.2762769835150816e-10,2.2667983240187377e-05,0.00019807513761518807
17044,Transport,1.5917586146254187e-05,0.002488457019459209,9.598697141901072e-07,0.002483906477226968,3.590672518055103e-06,0.01489205944071982,0.014079890577645181,0.0008121688630746709,0.03366840323312395,2.133578876703941e-07,6.83054494466877e-06,7.371150640120438e-05,1.218066434716793e-12,5.999402077395868e-13,6.181262269772062e-13,1.6232247996984814e-11,1.5319958491809678e-11,9.12289505175254e-13,7.409450770082628e-05,0.027462302664966926,4.753582524601594e-09,5.0420828537832064e-11,1.2762202345703275e-10,2.2667751564325007e-05,0.00019807063611491192
17045,Transport,1.5917879485670418e-05,0.002488575611280852,9.599056708946514e-07,0.0024840249752815196,3.5907303284422872e-06,0.014892917918297477,0.014080715585183983,0.0008122023331135249,0.03367021535372561,2.133666334835823e-07,6.8306252777216505e-06,7.371232689715017e-05,1.2181216317047268e-12,5.99968427657848e-13,6.181532040468788e-13,1.6233541182255044e-11,1.5321186149126332e-11,9.123550331288312e-13,7.40967764104448e-05,0.027464128180535164,4.753922003383653e-09,5.04235180067605e-11,1.2763375632987857e-10,2.2668230555334685e-05,0.00019807994298935407
17046,Transport,1.591787468252124e-05,0.0024885736694544936,9.599050821383977e-07,0.0024840230349905063,3.5907293818531214e-06,0.014892903861557604,0.014080702076483617,0.0008122017850740162,0.033670185682003737,2.1336649027935171e-07,6.8306239623456205e-06,7.371231346232276e-05,1.2181207279074448e-12,5.999679655839852e-13,6.181527623234596e-13,1.6233520007597222e-11,1.532116604742536e-11,9.123539601719807e-13,7.409673926251944e-05,0.02746409828948367,4.753916444746997e-09,5.042347396930849e-11,1.2763356421543567e-10,2.266822271232026e-05,0.00019807979059828818
17047,Transport,1.591809447961233e-05,0.0024886625294439197,9.599320242355957e-07,0.002484111824720933,3.590772698755777e-06,0.014893547112562746,0.014081320248632078,0.0008122268639306983,0.03367154349079082,2.1337304345356437e-07,6.830684155317872e-06,7.371292825396739e-05,1.2181620866090503e-12,5.999891105634921e-13,6.181729760455582e-13,1.6234488981914738e-11,1.532208592212385e-11,9.124030597910045e-13,7.409843919013602e-05,0.02746546613502179,4.75417081372933e-09,5.0425489168815777e-11,1.2764235557172468e-10,2.2668581616800058e-05,0.00019808676417161782
17048,Transport,1.591846898321786e-05,0.0024888139344796385,9.59977929813741e-07,0.002484263110045109,3.590846504719926e-06,0.014894643122612246,0.014082373527805551,0.0008122695948067231,0.03367385700769797,2.1338420914897067e-07,6.830786715752243e-06,7.371397577323357e-05,1.2182325560715637e-12,6.00025138661156e-13,6.182074174104077e-13,1.6236139979085686e-11,1.5323653260388018e-11,9.124867186977867e-13,7.410133562984045e-05,0.027467796753153677,4.754604223018532e-09,5.0428922787875955e-11,1.2765733481740703e-10,2.2669193140005656e-05,0.00019809864616851972
17049,Transport,1.5916562611975347e-05,0.002488043223058428,9.59744252293004e-07,0.0024834930080029237,3.5904708032166493e-06,0.014889063998649157,0.014077011920875727,0.00081205207777346,0.033662080293039555,2.1332737135005242e-07,6.830264642640479e-06,7.370864348650653e-05,1.2178738386791865e-12,5.998417414166566e-13,6.180320972625299e-13,1.6227735751511632e-11,1.5315674889686143e-11,9.1206086182561e-13,7.408659160794951e-05,0.027455932986508145,4.7523979985844405e-09,5.04114443109336e-11,1.275810845416238e-10,2.2666080245400446e-05,0.00019803816211212374
17050,Transport,1.5916159844124863e-05,0.002487880391299567,9.59694882164755e-07,0.002483330304990381,3.5903914270261563e-06,0.014887885271381318,0.014075879149435365,0.000812006121945982,0.033659592172183075,2.1331536296596343e-07,6.830154341844742e-06,7.370751690968075e-05,1.2177980508001858e-12,5.998029942344165e-13,6.179950565657696e-13,1.62259601515658e-11,1.5313989262487058e-11,9.119708890788575e-13,7.408347657039961e-05,0.027453426473776597,4.7519318793663245e-09,5.0407751552445255e-11,1.2756497479395717e-10,2.266542256979091e-05,0.0001980253833663896
18055,Transport,9.05478631478479e-06,0.0014185791903928914,5.467819132573329e-07,0.0014159901851971855,2.042223282450452e-06,0.008495580032741113,0.008032808638744419,0.0004627713939967084,0.01920172761445011,1.215687503402448e-07,3.883699680379482e-06,4.190884276823052e-05,6.942575160597977e-13,3.419888116269776e-13,3.5226870443281994e-13,9.274919209288161e-12,8.753943481067764e-12,5.209757282204612e-13,4.218635331850936e-05,0.015676648248449766,2.714518850661471e-09,2.8754946811054397e-11,7.298653697199196e-11,1.2897181406322732e-05,0.00011290740906858683
18056,Transport,9.05389824112111e-06,0.001418220158269343,5.466730557340277e-07,0.001415631436949857,2.0420482637536615e-06,0.00849298102529308,0.008030310960536115,0.00046267006475698107,0.019196241489869783,1.215422727312697e-07,3.8834564751890475e-06,4.1906358748694436e-05,6.940904093275049e-13,3.419033769229709e-13,3.521870324045338e-13,9.271004141222913e-12,8.750226796331136e-12,5.207773448918408e-13,4.217948488845439e-05,0.015671121571129553,2.7134910918638216e-09,2.8746804548567672e-11,7.295101615618173e-11,1.2895731279686824e-05,0.00011287923286850587
18057,Transport,9.053626050173199e-06,0.0014181101163910205,5.466396913480903e-07,0.0014155214820784356,2.0419946212384846e-06,0.00849218444013371,0.008029545432374538,0.0004626390077591882,0.019194560015110468,1.2153415745234616e-07,3.883381933792282e-06,4.190559740686006e-05,6.940391917971066e-13,3.4187719153540763e-13,3.5216200026169884e-13,9.269804188863773e-12,8.749087647651325e-12,5.207165412125113e-13,4.217737974271728e-05,0.015669427667121223,2.7131760879933104e-09,2.874430897839702e-11,7.294012917132737e-11,1.289528682180032e-05,0.00011287059697835139
18058,Transport,9.053408950957404e-06,0.0014180223471037911,5.466130799487104e-07,0.0014154337821878202,2.0419518360244008e-06,0.008491549084642502,0.008028934847912336,0.0004626142367301828,0.01919321887259847,1.2152768471435182e-07,3.8833224796520685e-06,4.1904990161408056e-05,6.939983407483494e-13,3.4185630609763343e-13,3.5214203465071576e-13,9.268847108115278e-12,8.748179063853963e-12,5.206680442613776e-13,4.2175700680675836e-05,0.015668076611053187,2.7129248412351612e-09,2.8742318514235132e-11,7.293144572357724e-11,1.2894932322654206e-05,0.00011286370900138297
18059,Transport,9.053161422353907e-06,0.0014179222757653574,5.465827386022366e-07,0.0014153337899728724,2.041903053884614e-06,0.00849082467549673,0.008028238681789895,0.0004625859937068515,0.01919168975084707,1.2152030473469294e-07,3.883254692210988e-06,4.190429780230321e-05,6.93951763873287e-13,3.418324932836319e-13,3.521192705896551e-13,9.2677558795715e-12,8.747143129764123e-12,5.20612749807439e-13,4.2173786275408285e-05,0.01566653618622696,2.7126383788499804e-09,2.8740049059633478e-11,7.292154517332768e-11,1.289452813566414e-05,0.00011285585558139865
18060,Transport,9.05320848957739e-06,0.0014179413041927138,5.465885079675346e-07,0.001415352803355007,2.0419123297413957e-06,0.008490962420899386,0.008028371056820511,0.00046259136407889007,0.019191980511244815,1.2152170802767402e-07,3.883267581899669e-06,4.190442945343467e-05,6.939606204020144e-13,3.418370212574601e-13,3.521235991445541e-13,9.267963375178132e-12,8.747340111206396e-12,5.206232639717987e-13,4.217415029693667e-05,0.015666829095888835,2.7126928492784972e-09,2.874048059330438e-11,7.292342774933957e-11,1.2894604991264348e-05,0.0001128573488984064
18061,Transport,9.053607353580582e-06,0.001418102557696708,5.466373995733763e-07,0.0014155139293605624,2.041990936574241e-06,0.00849212972329495,0.008029492848817724,0.00046263687447723996,0.019194444515866972,1.2153360001990698e-07,3.883376813599495e-06,4.1905545110858924e-05,6.940356737032536e-13,3.4187539288072215e-13,3.5216028082253124e-13,9.26972176503377e-12,8.749009400380575e-12,5.207123646532584e-13,4.2177235141831204e-05,0.015669311314121904,2.7131544506130633e-09,2.874413755954865e-11,7.293938135248104e-11,1.2895256292320543e-05,0.00011287000378551621
18062,Transport,9.054269558498381e-06,0.0014183702751705911,5.467185707534488e-07,0.0014157814351580533,2.0421214417862093e-06,0.00849406771063077,0.008031355278546549,0.0004627124320842368,0.01919853532367418,1.2155334343038295e-07,3.883558163052503e-06,4.190739735580209e-05,6.941602792449418e-13,3.419390984982378e-13,3.522211807467039e-13,9.272641091923376e-12,8.751780799883979e-12,5.208602920394594e-13,4.218235668562424e-05,0.015673432360663677,2.7139208137628233e-09,2.8750208954840784e-11,7.296586796037837e-11,1.289633760013205e-05,0.00011289101377491419
18063,Transport,9.053309107736428e-06,0.0014179819822949752,5.466008414529652e-07,0.0014153934492942802,2.0419321592440465e-06,0.008491256886725184,0.008028654042110431,0.0004626028446147679,0.019192602085533184,1.21524707923268e-07,3.8832951368869755e-06,4.1904710891206054e-05,6.93979553484318e-13,3.4184670095294783e-13,3.5213285253136994e-13,9.268406949801883e-12,8.747761209130154e-12,5.206457406717909e-13,4.217492848552155e-05,0.015667455264775827,2.712809293670875e-09,2.8741403106261713e-11,7.292745223428997e-11,1.2894769289653598e-05,0.00011286054124324982
18064,Transport,9.053374752408802e-06,0.0014180085212489905,5.466088879886808e-07,0.0014154199672647193,2.04194509628461e-06,0.008491449000284458,0.008028838665610024,0.000462610334674451,0.01919300760915742,1.215266650964593e-07,3.883313114140101e-06,4.190489450508325e-05,6.939919056879039e-13,3.4185301611956447e-13,3.5213888956833914e-13,9.268696343994032e-12,8.748035939213747e-12,5.206604047803493e-13,4.2175436186469256e-05,0.01566786378597947,2.7128852635957948e-09,2.8742004966417236e-11,7.293007786368506e-11,1.289487648018498e-05,0.00011286262397298128
18065,Transport,9.053839220836783e-06,0.001418196297435628,5.466658211968045e-07,0.0014156075949822073,2.042036632226154e-06,0.008492808298452016,0.008030144967911799,0.0004626633305402327,0.019195876888772098,1.2154051306191567e-07,3.883440312070968e-06,4.1906193663808685e-05,6.940793036194351e-13,3.418976990375338e-13,3.52181604581901e-13,9.270743950610545e-12,8.749979790030994e-12,5.207641605796149e-13,4.217902842103358e-05,0.015670754274946613,2.7134227882771475e-09,2.8746263423808874e-11,7.294865548641469e-11,1.2895634906052672e-05,0.00011287736031287436
18066,Transport,9.053677053544429e-06,0.001418130736131735,5.466459431950927e-07,0.0014155420855157233,2.0420046728185838e-06,0.008492333704938107,0.008029688877692285,0.00046264482724583846,0.019194875091280414,1.2153567810021023e-07,3.8833959014225816e-06,4.1905740067740264e-05,6.940487889814964e-13,3.4188209817559127e-13,3.521666908059049e-13,9.270029036956995e-12,8.74930110229942e-12,5.207279346576376e-13,4.2177774206715237e-05,0.015669745072294412,2.7132351136863738e-09,2.8744776600457263e-11,7.29421691838052e-11,1.289537010469696e-05,0.00011287221517879053
18067,Transport,8.140114477148025e-06,0.0012749709200165456,4.914707000693331e-07,0.001272643486159751,1.8359631567270158e-06,0.007634906619781332,0.007218961095260409,0.0004159455245209372,0.017256979128967405,1.092679246986264e-07,3.4915808155740344e-06,3.767770227858837e-05,6.239872703270077e-13,3.073695381504556e-13,3.1661773217655186e-13,8.333772608032918e-12,7.865631084838538e-12,4.68141523194437e-13,3.7921035862720344e-05,0.014087441959182996,2.4392371100072172e-09,2.584275290121037e-11,6.557378657471246e-11,1.159410777313907e-05,0.00010147791821082712
18068,Transport,8.139971343694529e-06,0.0012749130537495217,4.914531551810126e-07,0.0012725856656458955,1.835934948447092e-06,0.007634487730080049,0.0072185585370917625,0.00041592919298830036,0.01725609491407668,1.0926365722424008e-07,3.49154161747568e-06,3.767730192182824e-05,6.23960337241754e-13,3.073557683870531e-13,3.166045688547007e-13,8.333141604957648e-12,7.865032055789864e-12,4.681095491678414e-13,3.791992885757644e-05,0.014086551208287489,2.4390714630884035e-09,2.584144058873376e-11,6.556806157998982e-11,1.1593874051949164e-05,0.00010147337696949895
18069,Transport,9.054343689010933e-06,0.0014184002447963442,5.46727657459122e-07,0.0014158113810876984,2.042136051188819e-06,0.008494284658573414,0.008031563768194814,0.00046272089037861574,0.01919899326904933,1.2155555360596276e-07,3.8835784642123725e-06,4.190760470531479e-05,6.941742282091129e-13,3.41946230021958e-13,3.5222799818715464e-13,9.27296789589722e-12,8.752091044130366e-12,5.208768517669169e-13,4.21829300167129e-05,0.015673893691113185,2.714006604265984e-09,2.8750888617031174e-11,7.296883300302066e-11,1.2896458647107298e-05,0.00011289336573763892
18070,Transport,9.05462384100085e-06,0.0014185135051799924,5.467619976867613e-07,0.0014159245519196671,2.0421912626405077e-06,0.008495104542258915,0.008032351686527318,0.0004627528557316122,0.01920072392358956,1.2156390624059883e-07,3.883655185796229e-06,4.190838831487837e-05,6.942269437500583e-13,3.419731812798483e-13,3.522537624702098e-13,9.274202944468068e-12,8.753263510635614e-12,5.209394338325182e-13,4.2185096733761494e-05,0.01567563713843316,2.7143308213710415e-09,2.875345717764879e-11,7.298003841045439e-11,1.2896916104499963e-05,0.0001129022542103454
18071,Transport,9.054822477262668e-06,0.0014185938102287859,5.467863459501817e-07,0.0014160047934736026,2.0422304092350984e-06,0.008495685864670586,0.008032910344533756,0.0004627755201368473,0.019201951010173777,1.2156982851200914e-07,3.883709583727232e-06,4.1908943917836904e-05,6.942643206681955e-13,3.419922905395048e-13,3.522720301286906e-13,9.27507863138127e-12,8.754094824965304e-12,5.209838064160275e-13,4.2186633001896084e-05,0.015676873295486407,2.7145607011366107e-09,2.8755278365067414e-11,7.298798338434317e-11,1.2897240455672504e-05,0.00011290855640720724
20043,Transport,7.147437610580626e-06,0.001135115908687319,4.3546111308935094e-07,0.0011330701741037918,1.6102734704393356e-06,0.006829315100405622,0.006460118417640131,0.000369196682765503,0.01540853038079609,9.697706981989451e-08,3.0560019643121625e-06,3.296738812855926e-05,5.549288125011007e-13,2.7357372183116124e-13,2.8135509066993954e-13,7.531042688866612e-12,7.109524252595688e-12,4.2151843627097623e-13,3.349066858193512e-05,0.012652963646994033,2.195888935822472e-09,2.3069444144363208e-11,5.959257401980636e-11,1.0193380922451809e-05,9.03181106807913e-05
20044,Transport,7.148923728030169e-06,0.00113571671909931,4.3564327710514636e-07,0.0011336705094725274,1.6105663496789023e-06,0.006833664323311321,0.006464298074486766,0.00036936624882456646,0.0154177109542132,9.702137789739923e-08,3.056408947980417e-06,3.297154492875341e-05,5.552084517258111e-13,2.737166897060277e-13,2.814917620197834e-13,7.537594229809532e-12,7.115743815530005e-12,4.2185041427958023e-13,3.350216232865136e-05,0.012662212082050147,2.1976088047315267e-09,2.3083069543758766e-11,5.965201515217705e-11,1.0195807588826242e-05,9.03652612093057e-05
20045,Transport,7.148641512789266e-06,0.001135602624580596,4.356086839701168e-07,0.001133556505165019,1.610510731608355e-06,0.006832838401382701,0.006463504353328162,0.0003693340480545515,0.015415967553824926,9.701296374764891e-08,3.0563316613608325e-06,3.2970755548096754e-05,5.551553479477803e-13,2.736895399587049e-13,2.8146580798907556e-13,7.536350085407573e-12,7.114562714095276e-12,4.2178737131234907e-13,3.3499979654260836e-05,0.012660455794666431,2.1972821998466692e-09,2.308048206631947e-11,5.964072721965409e-11,1.01953467623716e-05,9.035630727516842e-05
20046,Transport,7.1476449343925055e-06,0.0011351997259555096,4.3548652624774797e-07,0.0011331539251001148,1.610314329148306e-06,0.006829921847518239,0.006460701509097712,0.0003692203384205397,0.015409811135205278,9.698325110760374e-08,3.056058741389574e-06,3.296796803135344e-05,5.549678241350976e-13,2.735936668528704e-13,2.8137415728222716e-13,7.531956674798468e-12,7.1103919252659485e-12,4.215647495325728e-13,3.349227204025042e-05,0.012654253868578026,2.1961288696031213e-09,2.3071344983184483e-11,5.960086647485376e-11,1.019371945943828e-05,9.032468851036105e-05
20047,Transport,7.14868182855464e-06,0.0011356189235155237,4.3561362576103834e-07,0.0011335727912128546,1.6105186769095218e-06,0.006832956388188043,0.006463617740103098,0.0003693386480849563,0.01541621660671372,9.701416574824281e-08,3.056342702115442e-06,3.297086831481071e-05,5.55162934070517e-13,2.7369341842692495e-13,2.81469515643592e-13,7.536527817246725e-12,7.114731439952088e-12,4.217963772946884e-13,3.350029145949268e-05,0.012660706688522717,2.1973288568800246e-09,2.3080851699557642e-11,5.964233975354032e-11,1.0195412593583142e-05,9.035758638648328e-05
20048,Transport,7.147551579907152e-06,0.001135161984425172,4.3547508312261007e-07,0.0011331162134109035,1.6102959311470655e-06,0.006829648639323167,0.006460438952653066,0.0003692096866701128,0.015409234432666135,9.698046777592711e-08,3.0560331756101604e-06,3.296770691071121e-05,5.549502578411846e-13,2.7358468593929286e-13,2.8136557190189176e-13,7.531545122041858e-12,7.110001226605461e-12,4.2154389543645013e-13,3.349155002947676e-05,0.012653672903126563,2.1960208313878836e-09,2.307048906688479e-11,5.959713251942306e-11,1.0193567021829404e-05,9.032172662243958e-05
20049,Transport,7.149090880865638e-06,0.0011357842959681327,4.356637662204378e-07,0.0011337380329102926,1.6105992916212489e-06,0.0068341535073532635,0.00646476818638365,0.0003693853209696249,0.01541874355017549,9.702636150134746e-08,3.0564547239546905e-06,3.2972012469820995e-05,5.552399044816701e-13,2.737327701885441e-13,2.81507134293126e-13,7.538331122203625e-12,7.116443368300993e-12,4.2188775390268215e-13,3.3503455101543806e-05,0.012663252310831355,2.1978022490416446e-09,2.308460207683282e-11,5.96587008645494e-11,1.0196080531025628e-05,9.037056452132685e-05
20050,Transport,7.148508768097205e-06,0.001135548958301965,4.355924125063852e-07,0.0011335028813187478,1.6104845707120686e-06,0.006832449915092139,0.00646313101321215,0.0003693189018800005,0.015415147516087293,9.700900601058991e-08,3.056295308297532e-06,3.2970384249608936e-05,5.551303696913288e-13,2.7367676961775417e-13,2.8145360007357463e-13,7.535764881132334e-12,7.114007163141537e-12,4.21757717990846e-13,3.349895299659732e-05,0.012659629695313425,2.197128575737898e-09,2.307926500272365e-11,5.96354177504633e-11,1.0195130004886715e-05,9.035209564143113e-05
20051,Transport,7.1486309731588806e-06,0.0011355983635986159,4.3560739205244477e-07,0.0011335522475520727,1.6105086544919516e-06,0.006832807556443833,0.006463474710961532,0.00036933284548231295,0.015415902444670492,9.701264951221614e-08,3.056328775009261e-06,3.2970726067830816e-05,5.551533647303233e-13,2.736885260223176e-13,2.8146483870800566e-13,7.53630362150258e-12,7.114518604597405e-12,4.2178501690522786e-13,3.349989813994839e-05,0.012660390204233351,2.197270002437496e-09,2.308038543420368e-11,5.964030565972625e-11,1.0195329552314172e-05,9.035597288090967e-05
20052,Transport,7.146505722831616e-06,0.0011347391633213441,4.353468849610949e-07,0.0011326937266193807,1.610089817003751e-06,0.006826587868083055,0.006457497513746141,0.00036909035433692745,0.015402773592260369,9.694928590912663e-08,3.055746760327708e-06,3.2964781557203014e-05,5.547534613754345e-13,2.734840721126072e-13,2.812693892628274e-13,7.526934466637138e-12,7.105624201153287e-12,4.2131026548390093e-13,3.348346129037257e-05,0.012647164305004656,2.194810471420659e-09,2.3060900174452916e-11,5.955530074570518e-11,1.0191859252232572e-05,9.028854437706793e-05
20053,Transport,9.025836094673787e-06,0.0014330731411839096,5.498131705120517e-07,0.0014304898216650846,2.0335063483146315e-06,0.008621222196255452,0.008155089392062435,0.00046613280419303206,0.019452114485542734,1.2243955588431767e-07,3.859366557366164e-06,4.1634115516783945e-05,7.006062738496895e-13,3.4538605294904156e-13,3.55220220900648e-13,9.505342499429586e-12,8.973286725797336e-12,5.320557736323154e-13,4.228779525794915e-05,0.015971733360820094,2.7717396383297253e-09,2.9123561686686344e-11,7.520757150482765e-11,1.2871972676623462e-05,0.00011402640866075192
20054,Transport,7.1493306480401135e-06,0.0011358812295011603,4.356931561931966e-07,0.0011338348898008049,1.610646544163607e-06,0.006834855202153753,0.006465442523740164,0.0003694126784136015,0.015420224725266302,9.703351007668581e-08,3.056520385874093e-06,3.2972683119531565e-05,5.552850209068907e-13,2.7375583633544113e-13,2.815291845714495e-13,7.539388134528473e-12,7.117446819967406e-12,4.219413145611182e-13,3.3505309479322044e-05,0.012664744434581333,2.1980797292023937e-09,2.308680037112993e-11,5.966829097625997e-11,1.0196472044455585e-05,9.037817169194475e-05
20055,Transport,7.149274477231917e-06,0.0011358585206591206,4.356862709365874e-07,0.0011338121989139837,1.6106354742016764e-06,0.006834690814496698,0.006465284545174519,0.0003694062693221914,0.015419877726966333,9.70318353634767e-08,3.0565050031050024e-06,3.297252600487923e-05,5.552744513780421e-13,2.737504325760816e-13,2.8152401880196046e-13,7.539140505816618e-12,7.117211739034364e-12,4.219287667823055e-13,3.350487504996893e-05,0.012664394871313765,2.198014723286043e-09,2.3086285371661832e-11,5.966604427870158e-11,1.0196380323702614e-05,9.037638954256326e-05
20056,Transport,7.1502955604650405e-06,0.001136271326146438,4.358114323915345e-07,0.001134224678008052,1.6108367059959358e-06,0.006837679083416823,0.006468156308457845,0.00036952277495898994,0.015426185525579115,9.706227860673845e-08,3.0567846338972634e-06,3.2975382063788296e-05,5.554665862081411e-13,2.738486631028454e-13,2.8161792310529573e-13,7.543641945867665e-12,7.1214850832653565e-12,4.221568626023601e-13,3.351277218626951e-05,0.012670749296377092,2.199196412732422e-09,2.3095647126260494e-11,5.97068851581625e-11,1.0198047640339049e-05,9.040878578023192e-05
20057,Transport,7.150194571582605e-06,0.0011362304981674108,4.357990534638928e-07,0.0011341838823105159,1.6108168034323118e-06,0.0068373835326440095,0.006467872280520462,0.00036951125212355797,0.015425561661126285,9.705926765815468e-08,3.056756977384759e-06,3.297509958907121e-05,5.55447583367688e-13,2.738389477429246e-13,2.8160863562476324e-13,7.54319673691177e-12,7.1210624338239126e-12,4.221343030879072e-13,3.351199113048134e-05,0.012670120820397032,2.1990795393055515e-09,2.3094721214342762e-11,5.970284584516567e-11,1.0197882736599258e-05,9.040558167332749e-05
25031,Transport,9.927766628258447e-06,0.0015635283417424865,6.015528104477364e-07,0.0015606886136266516,2.23817530538926e-06,0.009380352257506665,0.008870883030846767,0.0005094692266599125,0.021187048107015497,1.3383088252202452e-07,4.2530068862935236e-06,4.5888797303527947e-05,7.648759378906614e-13,3.7689123939976763e-13,3.879846984908937e-13,1.0280955276913432e-11,9.704271171082879e-12,5.766841058306246e-13,4.635519614668521e-05,0.01733648642706622,3.0045648219858185e-09,3.172527347091481e-11,8.107861705246189e-11,1.4147501933585416e-05,0.00012442930849125602
25514,Transport,8.502990429541759e-06,0.0013319031406062512,5.134038594292524e-07,0.0013294719396810125,1.917797065811103e-06,0.007976029012316919,0.007541516835375587,0.00043451217694134565,0.018027840252831332,1.1414527976810366e-07,3.647171160808361e-06,3.935661902923033e-05,6.518468926877242e-13,3.21094250435099e-13,3.30752642252625e-13,8.706588689036152e-12,8.21751395462972e-12,4.890747344064951e-13,3.961269512366847e-05,0.01471717714747699,2.548306397152403e-09,2.69971045988926e-11,6.850931785379864e-11,1.2111038900492258e-05,0.00010600911289358735
25515,Transport,8.503263756601278e-06,0.0013320136417939521,5.134373630764928e-07,0.0013295823534986498,1.9178509322274955e-06,0.007976828922383494,0.0075422855588139935,0.000434543363569517,0.01802952874598344,1.1415342891980157e-07,3.6472460133372444e-06,3.935738354886801e-05,6.518983239975709e-13,3.2112054511917986e-13,3.3077777887839085e-13,8.70779364993732e-12,8.218657858059994e-12,4.891357918773865e-13,3.961480905618017e-05,0.014718878121757194,2.5486227158335495e-09,2.6999610585450186e-11,6.852025028039137e-11,1.2111485213524083e-05,0.00010601778482952184
25516,Transport,8.503040696410883e-06,0.0013319234625924832,5.134100209979387e-07,0.0013294922455992432,1.91780697224374e-06,0.007976176121698255,0.0075416582093051935,0.00043451791239307693,0.018028150779218453,1.1414677845741234e-07,3.6471849267424017e-06,3.9356759630049876e-05,6.518563512862454e-13,3.2109908622210707e-13,3.3075726506413826e-13,8.70681029026373e-12,8.217724326936516e-12,4.890859633272753e-13,3.961308389150248e-05,0.014717489969235945,2.5483645704989243e-09,2.6997565468367215e-11,6.851132840795936e-11,1.2111120980761953e-05,0.00010601070772678627
25517,Transport,8.502819972699014e-06,0.0013318342279870312,5.133829653182223e-07,0.0013294030815489892,1.9177634727256456e-06,0.00797553015887493,0.007541037431066017,0.0004344927278089277,0.018026787246179832,1.1414019765632176e-07,3.6471244800085614e-06,3.935614224656606e-05,6.518148182245876e-13,3.2107785209957625e-13,3.3073696612501117e-13,8.705837230943393e-12,8.21680057422942e-12,4.890366567140322e-13,3.961137679732948e-05,0.014716116357133342,2.5481091291476e-09,2.699554177317998e-11,6.850249998906239e-11,1.2110760563212313e-05,0.0001060037047542597
25518,Transport,8.503170723166657e-06,0.0013319760300586206,5.134259593048334e-07,0.0013295447715018195,1.9178325974978987e-06,0.00797655665376504,0.007542023905314063,0.0004345327484509914,0.01802895402675311,1.1415065516014146e-07,3.6472205354798213e-06,3.935712332623269e-05,6.518808181150192e-13,3.2111159509141225e-13,3.307692230236068e-13,8.707383512531174e-12,8.218268503031695e-12,4.89115009499541e-13,3.961408952843759e-05,0.01471829915427491,2.5485150491671254e-09,2.6998757612689355e-11,6.851652916621973e-11,1.2111333300155753e-05,0.00010601483312768074
25519,Transport,8.50349106340967e-06,0.0013321055378262884,5.13465225693305e-07,0.0013296741768714755,1.9178957291210456e-06,0.007977494151082603,0.007542924851797382,0.0004345692992852367,0.01803093294646793,1.1416020599363696e-07,3.6473082628981572e-06,3.9358019345847276e-05,6.519410957850159e-13,3.2114241255055183e-13,3.3079868323446386e-13,8.708795730803973e-12,8.219609161741025e-12,4.891865690630089e-13,3.9616567064528257e-05,0.014720292701914287,2.5488857757368506e-09,2.700169463745471e-11,6.852934200735452e-11,1.2111856380546434e-05,0.00010602499666607886
25520,Transport,8.503384651435152e-06,0.0013320625173891955,5.134521820185855e-07,0.0013296311904493867,1.917874757791904e-06,0.007977182729265201,0.0075426255715904285,0.0004345571576747861,0.018030275580561344,1.1415703335743935e-07,3.6472791212339172e-06,3.9357721702268384e-05,6.519210724940823e-13,3.211321754768523e-13,3.307888970172297e-13,8.708326614175215e-12,8.21916381607021e-12,4.891627981050656e-13,3.961574406612861e-05,0.014719630476841956,2.5487626262195767e-09,2.700071900416697e-11,6.852508578368587e-11,1.211168262149362e-05,0.00010602162049897961
25521,Transport,8.503286524992442e-06,0.0013320228466427886,5.134401539605977e-07,0.0013295915510694808,1.91785541934868e-06,0.007976895555615215,0.007542349594171392,0.00043454596144383865,0.01802966939898953,1.1415410775150543e-07,3.647252248620572e-06,3.9357447234045e-05,6.519026082721787e-13,3.2112273549013606e-13,3.307798727820424e-13,8.707894024269756e-12,8.218753146249905e-12,4.89140878019912e-13,3.961498514866954e-05,0.014719019814452535,2.548649065465664e-09,2.6999819336396024e-11,6.852116096141022e-11,1.2111522391803136e-05,0.00010601850720962524
25522,Transport,8.50355396579961e-06,0.001332130968125103,5.134729360879028e-07,0.0013296995870632953,1.917908125721421e-06,0.007977678239167457,0.007543101762717086,0.00043457647645038684,0.018031321529489507,1.1416208140662641e-07,3.647325489158038e-06,3.935819528932119e-05,6.519529319797667e-13,3.211484639033682e-13,3.308044680763984e-13,8.709073035658465e-12,8.219872415074787e-12,4.892006205837387e-13,3.96170535564526e-05,0.014720684157292474,2.548958572045647e-09,2.7002271355120017e-11,6.853185795203173e-11,1.2111959093232154e-05,0.00010602699239052947
29891,Transport,9.180886671946364e-06,0.0014505900923308097,5.574746295355018e-07,0.0014479633624161802,2.069255285096064e-06,0.008712300799333137,0.008239967010731498,0.0004723337886016566,0.01966992805502335,1.2407288996728428e-07,3.930111447249713e-06,4.240184576899388e-05,7.094442085628245e-13,3.496435199922095e-13,3.598006885706151e-13,9.57157849874628e-12,9.03513904999604e-12,5.364394487503032e-13,4.29260504400046e-05,0.016117285032180885,2.794762565014712e-09,2.9452000021343544e-11,7.55836343900843e-11,1.308711368543209e-05,0.00011543293368807773
29892,Transport,9.181122204134933e-06,0.001450685313735615,5.575035003958311e-07,0.0014480585085322004,2.069301703021042e-06,0.008712990100161862,0.008240629437328303,0.00047236066283357585,0.019671383068252564,1.240799122779833e-07,3.930175949388575e-06,4.2402504573079294e-05,7.094885281007089e-13,3.4966617872384113e-13,3.5982234937686786e-13,9.572616841158085e-12,9.036124777786474e-12,5.364920633716761e-13,4.292787206407595e-05,0.01611875080068409,2.795035144068491e-09,2.945415948736741e-11,7.559305511251951e-11,1.3087498283595761e-05,0.00011544040649392936
29893,Transport,9.181004886366828e-06,0.0014506378842833797,5.57489119920204e-07,0.0014480111165810483,2.0692785824132325e-06,0.008712646761804287,0.008240299484932654,0.0004723472768716508,0.019670658331197927,1.2407641448932368e-07,3.930143821096407e-06,4.240217642504403e-05,7.094664526922491e-13,3.4965489248802226e-13,3.5981156020422706e-13,9.572099646395776e-12,9.03563379018501e-12,5.364658562108346e-13,4.292696471942944e-05,0.016118020706464693,2.794899373385019e-09,2.94530838648134e-11,7.558836268327338e-11,1.3087306716581275e-05,0.00011543668431519309
29894,Transport,9.18077514969404e-06,0.0014505450059008065,5.574609594575813e-07,0.0014479183116347012,2.0692333066498347e-06,0.008711974421943212,0.00823965335803492,0.0004723210639083086,0.019669239120090633,1.2406956496992219e-07,3.9300809061001174e-06,4.2401533831522006e-05,7.094232236829366e-13,3.496327912981752e-13,3.597904323847615e-13,9.571086853484743e-12,9.034672317257573e-12,5.364145362272364e-13,4.292518791832313e-05,0.016116591004728172,2.7946335014238766e-09,2.945097753470907e-11,7.557917376756436e-11,1.308693158185757e-05,0.00011542939538554327
29895,Transport,9.181059329265897e-06,0.0014506598945630037,5.574957933746665e-07,0.0014480331094577866,2.069289311844398e-06,0.008712806092618786,0.008240452603810242,0.0004723534888085617,0.0196709946552429,1.2407803768552005e-07,3.930158730665486e-06,4.2402328706583753e-05,7.094766970845015e-13,3.49660130018598e-13,3.598165670659036e-13,9.572339657629344e-12,9.035861639630675e-12,5.364780179987339e-13,4.292738578500037e-05,0.016118359516574518,2.794962379609361e-09,2.945358302202622e-11,7.559054026861235e-11,1.3087395615848646e-05,0.00011543841164264333
29896,Transport,9.180451846763144e-06,0.0014504143003720013,5.57421329911324e-07,0.0014477877094509423,2.069169591149704e-06,0.008711028254119823,0.008238744079088582,0.0004722841750312602,0.01966724189820621,1.2405992580491268e-07,3.9299923673289635e-06,4.240062952501088e-05,7.093623885309302e-13,3.496016888217306e-13,3.5976069970919974e-13,9.569661574218033e-12,9.033319259377677e-12,5.363423148404223e-13,4.292268746857639e-05,0.016114579019631866,2.794259346165001e-09,2.944801334667631e-11,7.556624242602258e-11,1.3086403663723373e-05,0.0001154191378489894
29911,Transport,8.124164049112189e-06,0.0012664492782234794,4.889948442391566e-07,0.0012641272253657778,1.8330580134642337e-06,0.007571579282997346,0.007157981106851322,0.0004135981761460368,0.017124477584575068,1.0865515280403901e-07,3.4885108769706784e-06,3.764841997229528e-05,6.200524223558816e-13,3.053458345542039e-13,3.147065878016776e-13,8.235121020027634e-12,7.771931188128878e-12,4.631898318988123e-13,3.7771927917673995e-05,0.013950570260978597,2.4135983714123956e-09,2.564633725463216e-11,6.466841348510367e-11,1.156631646524396e-05,0.00010081061578726579
29912,Transport,8.12413465754748e-06,0.0012664373957453432,4.889912415054294e-07,0.0012641153522827701,1.833052221069343e-06,0.0075714932666017315,0.007157898444034389,0.0004135948225673549,0.017124296016545068,1.086542765047078e-07,3.488502827884905e-06,3.76483377615239e-05,6.200468918142876e-13,3.053430070189059e-13,3.1470388479538146e-13,8.234991447469534e-12,7.771808181238335e-12,4.631832662312568e-13,3.777170060105076e-05,0.013950387350820655,2.413564356847565e-09,2.5646067779424695e-11,6.466723789303385e-11,1.1566268472050825e-05,0.00010080968327159526
29913,Transport,8.12410507708095e-06,0.0012664254368976165,4.889876156166587e-07,0.0012641034028905553,1.83304639144629e-06,0.007571406697372203,0.007157815249937249,0.000413591447434968,0.017124113281563536,1.0865339457333416e-07,3.4884947270670445e-06,3.7648255022377635e-05,6.200413257274822e-13,3.0534016131082355e-13,3.1470116441665844e-13,8.234861042138755e-12,7.771684383773157e-12,4.631766583656568e-13,3.7771471823446295e-05,0.013950203265085224,2.4135301236685412e-09,2.564579657227959e-11,6.466605474534445e-11,1.1566220170401791e-05,0.00010080874476257564
29914,Transport,8.124283676430669e-06,0.0012664976413851684,4.890095078128465e-07,0.0012641755502881267,1.8330815892307916e-06,0.007571929380409794,0.007158317554782057,0.00041361182562774985,0.01712521658900593,1.0865871945114386e-07,3.488543637749386e-06,3.764875458034449e-05,6.200749323470026e-13,3.053573429740157e-13,3.1471758937298663e-13,8.235648396430589e-12,7.7724318414495e-12,4.632165549811471e-13,3.777285312456082e-05,0.013951314728036861,2.4137368149154915e-09,2.564743405219241e-11,6.467319829082347e-11,1.1566511803500236e-05,0.00010081441124185303
29915,Transport,8.124090635170324e-06,0.0012664195982942982,4.889858453686638e-07,0.0012640975689036502,1.8330435452810673e-06,0.007571364432147129,0.007157774632534742,0.00041358979961240137,0.01712402406585531,1.0865296399276634e-07,3.4884907720487088e-06,3.764821462709333e-05,6.200386082271314e-13,3.053387719662118e-13,3.146998362609194e-13,8.234797375051892e-12,7.771623942808648e-12,4.631734322432994e-13,3.7771360128598175e-05,0.01395011338990575,2.4135134101893486e-09,2.564566416228712e-11,6.466547710356964e-11,1.1566196588349843e-05,0.0001008082865594108
29916,Transport,8.124255802746454e-06,0.0012664863725586682,4.890060911365579e-07,0.001264164290371559,1.8330760959748988e-06,0.0075718478061937745,0.007158239160954499,0.0004136086452392916,0.017125044397767325,1.0865788840689431e-07,3.488536004345813e-06,3.76486766152173e-05,6.200696874214104e-13,3.053546614622696e-13,3.147150259591407e-13,8.235525515440647e-12,7.772315187053681e-12,4.632103283870235e-13,3.7772637547342126e-05,0.013951141263982373,2.413704556978625e-09,2.5647178493602352e-11,6.467208341033162e-11,1.1566466288839035e-05,0.00010081352688446742
33601,Transport,6.455768623243233e-06,0.0010223022378141875,3.9257573048521907e-07,0.0010204548763294615,1.4547857542422995e-06,0.006144609190916015,0.00581189497162813,0.0003327142192878961,0.013868815981611155,8.739608972786635e-08,2.7621254650999263e-06,2.9799021706234412e-05,4.998916437493708e-13,2.463994630573669e-13,2.5349218069200383e-13,6.761705688264992e-12,6.3829653187952955e-12,3.787403694697423e-13,3.021288054400446e-05,0.011374698482903173,1.97311550910744e-09,2.0765177388381144e-11,5.344306702738695e-11,9.204452596626101e-06,8.134715260874912e-05
33602,Transport,6.455672029408706e-06,0.0010222631866735558,3.9256389028994784e-07,0.0010204158560654267,1.4547667178405592e-06,0.006144326502547205,0.005811623304619614,0.00033270319792760226,0.013868219267811864,8.739320981611509e-08,2.7620990122020627e-06,2.979875152484987e-05,4.99873467914744e-13,2.463901705110398e-13,2.534832974037043e-13,6.761279854854633e-12,6.382561063106699e-12,3.78718791747982e-13,3.0212133479855032e-05,0.011374097358270857,1.9730037220256993e-09,2.0764291772257755e-11,5.343920350576151e-11,9.204294869516245e-06,8.13440879449498e-05
33603,Transport,6.455847700536337e-06,0.0010223342073338677,3.925854235530683e-07,0.0010204868205717752,1.454801338540485e-06,0.006144840615945444,0.005812117373935326,0.00033272324201012954,0.01386930448599902,8.739844738999653e-08,2.7621471209702847e-06,2.9799242892324005e-05,4.999065235376023e-13,2.464070704726146e-13,2.534994530649876e-13,6.762054300094828e-12,6.3832962658555696e-12,3.7875803423930615e-13,3.021349213387459e-05,0.011375190598253766,1.973207024470419e-09,2.076590240490122e-11,5.344622992938267e-11,9.204581721150022e-06,8.134966151957886e-05
36688,Transport,1.064858036236194e-05,0.0016466513499426697,6.375942207352967e-07,0.0016436095814937302,2.4041742282058374e-06,0.009817325952765537,0.009278599446082426,0.000538726506683126,0.022227305666779447,1.415358389728166e-07,4.580835041937866e-06,4.9445406099777766e-05,8.067228723467993e-13,3.9708222594321716e-13,4.0964064640358256e-13,1.0611957049555964e-11,1.0013762726812168e-11,5.981943227438616e-13,4.9343346642317245e-05,0.018043772233431118,3.1174434979320417e-09,3.329301493472522e-11,8.30446806069769e-11,1.5149091818905538e-05,0.00013109941956413091
9972,Maintenance,1.6539896510606454e-08,4.735574708233324e-06,2.2638236030262077e-09,4.731133942585522e-06,2.1769420447699173e-09,3.852889286913319e-05,3.2569933706298686e-05,5.958959162834513e-06,6.261584353923786e-05,6.249259706785167e-10,4.267193293517575e-09,4.4581500597116486e-08,4.252402501701828e-15,1.9680556755217856e-15,2.284346826180043e-15,5.3002989976344e-14,4.123563371540177e-14,1.1767356260942226e-14,9.99058944446598e-08,2.2402557228223524e-05,4.717042677265215e-11,1.0406591374933544e-13,2.5680829789609415e-13,1.9823811159708885e-08,5.1202066307885e-07
9973,Maintenance,1.6539896510606454e-08,4.735574708233324e-06,2.2638236030262077e-09,4.731133942585522e-06,2.1769420447699173e-09,3.852889286913319e-05,3.2569933706298686e-05,5.958959162834513e-06,6.261584353923786e-05,6.249259706785167e-10,4.267193293517575e-09,4.4581500597116486e-08,4.252402501701828e-15,1.9680556755217856e-15,2.284346826180043e-15,5.3002989976344e-14,4.123563371540177e-14,1.1767356260942226e-14,9.99058944446598e-08,2.2402557228223524e-05,4.717042677265215e-11,1.0406591374933544e-13,2.5680829789609415e-13,1.9823811159708885e-08,5.1202066307885e-07
9974,Maintenance,1.6539896510606454e-08,4.735574708233324e-06,2.2638236030262077e-09,4.731133942585522e-06,2.1769420447699173e-09,3.852889286913319e-05,3.2569933706298686e-05,5.958959162834513e-06,6.261584353923786e-05,6.249259706785167e-10,4.267193293517575e-09,4.4581500597116486e-08,4.252402501701828e-15,1.9680556755217856e-15,2.284346826180043e-15,5.3002989976344e-14,4.123563371540177e-14,1.1767356260942226e-14,9.99058944446598e-08,2.2402557228223524e-05,4.717042677265215e-11,1.0406591374933544e-13,2.5680829789609415e-13,1.9823811159708885e-08,5.1202066307885e-07
9975,Maintenance,1.6539896510606454e-08,4.735574708233324e-06,2.2638236030262077e-09,4.731133942585522e-06,2.1769420447699173e-09,3.852889286913319e-05,3.2569933706298686e-05,5.958959162834513e-06,6.261584353923786e-05,6.249259706785167e-10,4.267193293517575e-09,4.4581500597116486e-08,4.252402501701828e-15,1.9680556755217856e-15,2.284346826180043e-15,5.3002989976344e-14,4.123563371540177e-14,1.1767356260942226e-14,9.99058944446598e-08,2.2402557228223524e-05,4.717042677265215e-11,1.0406591374933544e-13,2.5680829789609415e-13,1.9823811159708885e-08,5.1202066307885e-07
9976,Maintenance,1.6539896510606454e-08,4.735574708233324e-06,2.2638236030262077e-09,4.731133942585522e-06,2.1769420447699173e-09,3.852889286913319e-05,3.2569933706298686e-05,5.958959162834513e-06,6.261584353923786e-05,6.249259706785167e-10,4.267193293517575e-09,4.4581500597116486e-08,4.252402501701828e-15,1.9680556755217856e-15,2.284346826180043e-15,5.3002989976344e-14,4.123563371540177e-14,1.1767356260942226e-14,9.99058944446598e-08,2.2402557228223524e-05,4.717042677265215e-11,1.0406591374933544e-13,2.5680829789609415e-13,1.9823811159708885e-08,5.1202066307885e-07
9977,Maintenance,1.6539896510606454e-08,4.735574708233324e-06,2.2638236030262077e-09,4.731133942585522e-06,2.1769420447699173e-09,3.852889286913319e-05,3.2569933706298686e-05,5.958959162834513e-06,6.261584353923786e-05,6.249259706785167e-10,4.267193293517575e-09,4.4581500597116486e-08,4.252402501701828e-15,1.9680556755217856e-15,2.284346826180043e-15,5.3002989976344e-14,4.123563371540177e-14,1.1767356260942226e-14,9.99058944446598e-08,2.2402557228223524e-05,4.717042677265215e-11,1.0406591374933544e-13,2.5680829789609415e-13,1.9823811159708885e-08,5.1202066307885e-07
9978,Maintenance,1.6539896510606454e-08,4.735574708233324e-06,2.2638236030262077e-09,4.731133942585522e-06,2.1769420447699173e-09,3.852889286913319e-05,3.2569933706298686e-05,5.958959162834513e-06,6.261584353923786e-05,6.249259706785167e-10,4.267193293517575e-09,4.4581500597116486e-08,4.252402501701828e-15,1.9680556755217856e-15,2.284346826180043e-15,5.3002989976344e-14,4.123563371540177e-14,1.1767356260942226e-14,9.99058944446598e-08,2.2402557228223524e-05,4.717042677265215e-11,1.0406591374933544e-13,2.5680829789609415e-13,1.9823811159708885e-08,5.1202066307885e-07
9979,Maintenance,1.6539896510606454e-08,4.735574708233324e-06,2.2638236030262077e-09,4.731133942585522e-06,2.1769420447699173e-09,3.852889286913319e-05,3.2569933706298686e-05,5.958959162834513e-06,6.261584353923786e-05,6.249259706785167e-10,4.267193293517575e-09,4.4581500597116486e-08,4.252402501701828e-15,1.9680556755217856e-15,2.284346826180043e-15,5.3002989976344e-14,4.123563371540177e-14,1.1767356260942226e-14,9.99058944446598e-08,2.2402557228223524e-05,4.717042677265215e-11,1.0406591374933544e-13,2.5680829789609415e-13,1.9823811159708885e-08,5.1202066307885e-07
9980,Maintenance,1.6539896510606454e-08,4.735574708233324e-06,2.2638236030262077e-09,4.731133942585522e-06,2.1769420447699173e-09,3.852889286913319e-05,3.2569933706298686e-05,5.958959162834513e-06,6.261584353923786e-05,6.249259706785167e-10,4.267193293517575e-09,4.4581500597116486e-08,4.252402501701828e-15,1.9680556755217856e-15,2.284346826180043e-15,5.3002989976344e-14,4.123563371540177e-14,1.1767356260942226e-14,9.99058944446598e-08,2.2402557228223524e-05,4.717042677265215e-11,1.0406591374933544e-13,2.5680829789609415e-13,1.9823811159708885e-08,5.1202066307885e-07
9981,Maintenance,1.6539896510606454e-08,4.735574708233324e-06,2.2638236030262077e-09,4.731133942585522e-06,2.1769420447699173e-09,3.852889286913319e-05,3.2569933706298686e-05,5.958959162834513e-06,6.261584353923786e-05,6.249259706785167e-10,4.267193293517575e-09,4.4581500597116486e-08,4.252402501701828e-15,1.9680556755217856e-15,2.284346826180043e-15,5.3002989976344e-14,4.123563371540177e-14,1.1767356260942226e-14,9.99058944446598e-08,2.2402557228223524e-05,4.717042677265215e-11,1.0406591374933544e-13,2.5680829789609415e-13,1.9823811159708885e-08,5.1202066307885e-07
9982,Maintenance,1.6539896510606454e-08,4.735574708233324e-06,2.2638236030262077e-09,4.731133942585522e-06,2.1769420447699173e-09,3.852889286913319e-05,3.2569933706298686e-05,5.958959162834513e-06,6.261584353923786e-05,6.249259706785167e-10,4.267193293517575e-09,4.4581500597116486e-08,4.252402501701828e-15,1.9680556755217856e-15,2.284346826180043e-15,5.3002989976344e-14,4.123563371540177e-14,1.1767356260942226e-14,9.99058944446598e-08,2.2402557228223524e-05,4.717042677265215e-11,1.0406591374933544e-13,2.5680829789609415e-13,1.9823811159708885e-08,5.1202066307885e-07
9983,Maintenance,1.6539896510606454e-08,4.735574708233324e-06,2.2638236030262077e-09,4.731133942585522e-06,2.1769420447699173e-09,3.852889286913319e-05,3.2569933706298686e-05,5.958959162834513e-06,6.261584353923786e-05,6.249259706785167e-10,4.267193293517575e-09,4.4581500597116486e-08,4.252402501701828e-15,1.9680556755217856e-15,2.284346826180043e-15,5.3002989976344e-14,4.123563371540177e-14,1.1767356260942226e-14,9.99058944446598e-08,2.2402557228223524e-05,4.717042677265215e-11,1.0406591374933544e-13,2.5680829789609415e-13,1.9823811159708885e-08,5.1202066307885e-07
9984,Maintenance,1.6539896510606454e-08,4.735574708233324e-06,2.2638236030262077e-09,4.731133942585522e-06,2.1769420447699173e-09,3.852889286913319e-05,3.2569933706298686e-05,5.958959162834513e-06,6.261584353923786e-05,6.249259706785167e-10,4.267193293517575e-09,4.4581500597116486e-08,4.252402501701828e-15,1.9680556755217856e-15,2.284346826180043e-15,5.3002989976344e-14,4.123563371540177e-14,1.1767356260942226e-14,9.99058944446598e-08,2.2402557228223524e-05,4.717042677265215e-11,1.0406591374933544e-13,2.5680829789609415e-13,1.9823811159708885e-08,5.1202066307885e-07
9985,Maintenance,1.6539896510606454e-08,4.735574708233324e-06,2.2638236030262077e-09,4.731133942585522e-06,2.1769420447699173e-09,3.852889286913319e-05,3.2569933706298686e-05,5.958959162834513e-06,6.261584353923786e-05,6.249259706785167e-10,4.267193293517575e-09,4.4581500597116486e-08,4.252402501701828e-15,1.9680556755217856e-15,2.284346826180043e-15,5.3002989976344e-14,4.123563371540177e-14,1.1767356260942226e-14,9.99058944446598e-08,2.2402557228223524e-05,4.717042677265215e-11,1.0406591374933544e-13,2.5680829789609415e-13,1.9823811159708885e-08,5.1202066307885e-07
9986,Maintenance,1.6539896510606454e-08,4.735574708233324e-06,2.2638236030262077e-09,4.731133942585522e-06,2.1769420447699173e-09,3.852889286913319e-05,3.2569933706298686e-05,5.958959162834513e-06,6.261584353923786e-05,6.249259706785167e-10,4.267193293517575e-09,4.4581500597116486e-08,4.252402501701828e-15,1.9680556755217856e-15,2.284346826180043e-15,5.3002989976344e-14,4.123563371540177e-14,1.1767356260942226e-14,9.99058944446598e-08,2.2402557228223524e-05,4.717042677265215e-11,1.0406591374933544e-13,2.5680829789609415e-13,1.9823811159708885e-08,5.1202066307885e-07
9987,Maintenance,1.6539896510606454e-08,4.735574708233324e-06,2.2638236030262077e-09,4.731133942585522e-06,2.1769420447699173e-09,3.852889286913319e-05,3.2569933706298686e-05,5.958959162834513e-06,6.261584353923786e-05,6.249259706785167e-10,4.267193293517575e-09,4.4581500597116486e-08,4.252402501701828e-15,1.9680556755217856e-15,2.284346826180043e-15,5.3002989976344e-14,4.123563371540177e-14,1.1767356260942226e-14,9.99058944446598e-08,2.2402557228223524e-05,4.717042677265215e-11,1.0406591374933544e-13,2.5680829789609415e-13,1.9823811159708885e-08,5.1202066307885e-07
9988,Maintenance,1.6539896510606454e-08,4.735574708233324e-06,2.2638236030262077e-09,4.731133942585522e-06,2.1769420447699173e-09,3.852889286913319e-05,3.2569933706298686e-05,5.958959162834513e-06,6.261584353923786e-05,6.249259706785167e-10,4.267193293517575e-09,4.4581500597116486e-08,4.252402501701828e-15,1.9680556755217856e-15,2.284346826180043e-15,5.3002989976344e-14,4.123563371540177e-14,1.1767356260942226e-14,9.99058944446598e-08,2.2402557228223524e-05,4.717042677265215e-11,1.0406591374933544e-13,2.5680829789609415e-13,1.9823811159708885e-08,5.1202066307885e-07
9989,Maintenance,1.6539896510606454e-08,4.735574708233324e-06,2.2638236030262077e-09,4.731133942585522e-06,2.1769420447699173e-09,3.852889286913319e-05,3.2569933706298686e-05,5.958959162834513e-06,6.261584353923786e-05,6.249259706785167e-10,4.267193293517575e-09,4.4581500597116486e-08,4.252402501701828e-15,1.9680556755217856e-15,2.284346826180043e-15,5.3002989976344e-14,4.123563371540177e-14,1.1767356260942226e-14,9.99058944446598e-08,2.2402557228223524e-05,4.717042677265215e-11,1.0406591374933544e-13,2.5680829789609415e-13,1.9823811159708885e-08,5.1202066307885e-07
9990,Maintenance,1.6539896510606454e-08,4.735574708233324e-06,2.2638236030262077e-09,4.731133942585522e-06,2.1769420447699173e-09,3.852889286913319e-05,3.2569933706298686e-05,5.958959162834513e-06,6.261584353923786e-05,6.249259706785167e-10,4.267193293517575e-09,4.4581500597116486e-08,4.252402501701828e-15,1.9680556755217856e-15,2.284346826180043e-15,5.3002989976344e-14,4.123563371540177e-14,1.1767356260942226e-14,9.99058944446598e-08,2.2402557228223524e-05,4.717042677265215e-11,1.0406591374933544e-13,2.5680829789609415e-13,1.9823811159708885e-08,5.1202066307885e-07
9991,Maintenance,1.6539896510606454e-08,4.735574708233324e-06,2.2638236030262077e-09,4.731133942585522e-06,2.1769420447699173e-09,3.852889286913319e-05,3.2569933706298686e-05,5.958959162834513e-06,6.261584353923786e-05,6.249259706785167e-10,4.267193293517575e-09,4.4581500597116486e-08,4.252402501701828e-15,1.9680556755217856e-15,2.284346826180043e-15,5.3002989976344e-14,4.123563371540177e-14,1.1767356260942226e-14,9.99058944446598e-08,2.2402557228223524e-05,4.717042677265215e-11,1.0406591374933544e-13,2.5680829789609415e-13,1.9823811159708885e-08,5.1202066307885e-07
9992,Maintenance,1.6539896510606454e-08,4.735574708233324e-06,2.2638236030262077e-09,4.731133942585522e-06,2.1769420447699173e-09,3.852889286913319e-05,3.2569933706298686e-05,5.958959162834513e-06,6.261584353923786e-05,6.249259706785167e-10,4.267193293517575e-09,4.4581500597116486e-08,4.252402501701828e-15,1.9680556755217856e-15,2.284346826180043e-15,5.3002989976344e-14,4.123563371540177e-14,1.1767356260942226e-14,9.99058944446598e-08,2.2402557228223524e-05,4.717042677265215e-11,1.0406591374933544e-13,2.5680829789609415e-13,1.9823811159708885e-08,5.1202066307885e-07
9993,Maintenance,1.6539896510606454e-08,4.735574708233324e-06,2.2638236030262077e-09,4.731133942585522e-06,2.1769420447699173e-09,3.852889286913319e-05,3.2569933706298686e-05,5.958959162834513e-06,6.261584353923786e-05,6.249259706785167e-10,4.267193293517575e-09,4.4581500597116486e-08,4.252402501701828e-15,1.9680556755217856e-15,2.284346826180043e-15,5.3002989976344e-14,4.123563371540177e-14,1.1767356260942226e-14,9.99058944446598e-08,2.2402557228223524e-05,4.717042677265215e-11,1.0406591374933544e-13,2.5680829789609415e-13,1.9823811159708885e-08,5.1202066307885e-07
9994,Maintenance,1.6539896510606454e-08,4.735574708233324e-06,2.2638236030262077e-09,4.731133942585522e-06,2.1769420447699173e-09,3.852889286913319e-05,3.2569933706298686e-05,5.958959162834513e-06,6.261584353923786e-05,6.249259706785167e-10,4.267193293517575e-09,4.4581500597116486e-08,4.252402501701828e-15,1.9680556755217856e-15,2.284346826180043e-15,5.3002989976344e-14,4.123563371540177e-14,1.1767356260942226e-14,9.99058944446598e-08,2.2402557228223524e-05,4.717042677265215e-11,1.0406591374933544e-13,2.5680829789609415e-13,1.9823811159708885e-08,5.1202066307885e-07
9995,Maintenance,1.6539896510606454e-08,4.735574708233324e-06,2.2638236030262077e-09,4.731133942585522e-06,2.1769420447699173e-09,3.852889286913319e-05,3.2569933706298686e-05,5.958959162834513e-06,6.261584353923786e-05,6.249259706785167e-10,4.267193293517575e-09,4.4581500597116486e-08,4.252402501701828e-15,1.9680556755217856e-15,2.284346826180043e-15,5.3002989976344e-14,4.123563371540177e-14,1.1767356260942226e-14,9.99058944446598e-08,2.2402557228223524e-05,4.717042677265215e-11,1.0406591374933544e-13,2.5680829789609415e-13,1.9823811159708885e-08,5.1202066307885e-07
9996,Maintenance,1.6539896510606454e-08,4.735574708233324e-06,2.2638236030262077e-09,4.731133942585522e-06,2.1769420447699173e-09,3.852889286913319e-05,3.2569933706298686e-05,5.958959162834513e-06,6.261584353923786e-05,6.249259706785167e-10,4.267193293517575e-09,4.4581500597116486e-08,4.252402501701828e-15,1.9680556755217856e-15,2.284346826180043e-15,5.3002989976344e-14,4.123563371540177e-14,1.1767356260942226e-14,9.99058944446598e-08,2.2402557228223524e-05,4.717042677265215e-11,1.0406591374933544e-13,2.5680829789609415e-13,1.9823811159708885e-08,5.1202066307885e-07
9997,Maintenance,1.6539896510606454e-08,4.735574708233324e-06,2.2638236030262077e-09,4.731133942585522e-06,2.1769420447699173e-09,3.852889286913319e-05,3.2569933706298686e-05,5.958959162834513e-06,6.261584353923786e-05,6.249259706785167e-10,4.267193293517575e-09,4.4581500597116486e-08,4.252402501701828e-15,1.9680556755217856e-15,2.284346826180043e-15,5.3002989976344e-14,4.123563371540177e-14,1.1767356260942226e-14,9.99058944446598e-08,2.2402557228223524e-05,4.717042677265215e-11,1.0406591374933544e-13,2.5680829789609415e-13,1.9823811159708885e-08,5.1202066307885e-07
9998,Maintenance,1.6539896510606454e-08,4.735574708233324e-06,2.2638236030262077e-09,4.731133942585522e-06,2.1769420447699173e-09,3.852889286913319e-05,3.2569933706298686e-05,5.958959162834513e-06,6.261584353923786e-05,6.249259706785167e-10,4.267193293517575e-09,4.4581500597116486e-08,4.252402501701828e-15,1.9680556755217856e-15,2.284346826180043e-15,5.3002989976344e-14,4.123563371540177e-14,1.1767356260942226e-14,9.99058944446598e-08,2.2402557228223524e-05,4.717042677265215e-11,1.0406591374933544e-13,2.5680829789609415e-13,1.9823811159708885e-08,5.1202066307885e-07
9999,Maintenance,1.6539896510606454e-08,4.735574708233324e-06,2.2638236030262077e-09,4.731133942585522e-06,2.1769420447699173e-09,3.852889286913319e-05,3.2569933706298686e-05,5.958959162834513e-06,6.261584353923786e-05,6.249259706785167e-10,4.267193293517575e-09,4.4581500597116486e-08,4.252402501701828e-15,1.9680556755217856e-15,2.284346826180043e-15,5.3002989976344e-14,4.123563371540177e-14,1.1767356260942226e-14,9.99058944446598e-08,2.2402557228223524e-05,4.717042677265215e-11,1.0406591374933544e-13,2.5680829789609415e-13,1.9823811159708885e-08,5.1202066307885e-07
10000,Maintenance,1.6539896510606454e-08,4.735574708233324e-06,2.2638236030262077e-09,4.731133942585522e-06,2.1769420447699173e-09,3.852889286913319e-05,3.2569933706298686e-05,5.958959162834513e-06,6.261584353923786e-05,6.249259706785167e-10,4.267193293517575e-09,4.4581500597116486e-08,4.252402501701828e-15,1.9680556755217856e-15,2.284346826180043e-15,5.3002989976344e-14,4.123563371540177e-14,1.1767356260942226e-14,9.99058944446598e-08,2.2402557228223524e-05,4.717042677265215e-11,1.0406591374933544e-13,2.5680829789609415e-13,1.9823811159708885e-08,5.1202066307885e-07
10001,Maintenance,1.6539896510606454e-08,4.735574708233324e-06,2.2638236030262077e-09,4.731133942585522e-06,2.1769420447699173e-09,3.852889286913319e-05,3.2569933706298686e-05,5.958959162834513e-06,6.261584353923786e-05,6.249259706785167e-10,4.267193293517575e-09,4.4581500597116486e-08,4.252402501701828e-15,1.9680556755217856e-15,2.284346826180043e-15,5.3002989976344e-14,4.123563371540177e-14,1.1767356260942226e-14,9.99058944446598e-08,2.2402557228223524e-05,4.717042677265215e-11,1.0406591374933544e-13,2.5680829789609415e-13,1.9823811159708885e-08,5.1202066307885e-07
13898,Maintenance,9.951839875679355e-09,2.8493335000877238e-06,1.362113117796906e-09,2.8466615493518773e-06,1.3098376180462484e-09,2.3182332016100298e-05,1.9596904055519492e-05,3.585427960580811e-06,3.7675135886339264e-05,3.7600980092940475e-10,2.5675145154885034e-09,2.6824107096165818e-08,2.5586150890809426e-15,1.1841534157517313e-15,1.3744616733292115e-15,3.189120735057567e-14,2.4810942658842348e-14,7.080264691733317e-15,6.011207286044395e-08,1.347932631852054e-05,2.8381830189074165e-11,6.261510218552581e-14,1.545182013544524e-13,1.1927728463150744e-08,3.080761508230894e-07
13899,Maintenance,9.951839875679355e-09,2.8493335000877238e-06,1.362113117796906e-09,2.8466615493518773e-06,1.3098376180462484e-09,2.3182332016100298e-05,1.9596904055519492e-05,3.585427960580811e-06,3.7675135886339264e-05,3.7600980092940475e-10,2.5675145154885034e-09,2.6824107096165818e-08,2.5586150890809426e-15,1.1841534157517313e-15,1.3744616733292115e-15,3.189120735057567e-14,2.4810942658842348e-14,7.080264691733317e-15,6.011207286044395e-08,1.347932631852054e-05,2.8381830189074165e-11,6.261510218552581e-14,1.545182013544524e-13,1.1927728463150744e-08,3.080761508230894e-07
13900,Maintenance,9.951839875679355e-09,2.8493335000877238e-06,1.362113117796906e-09,2.8466615493518773e-06,1.3098376180462484e-09,2.3182332016100298e-05,1.9596904055519492e-05,3.585427960580811e-06,3.7675135886339264e-05,3.7600980092940475e-10,2.5675145154885034e-09,2.6824107096165818e-08,2.5586150890809426e-15,1.1841534157517313e-15,1.3744616733292115e-15,3.189120735057567e-14,2.4810942658842348e-14,7.080264691733317e-15,6.011207286044395e-08,1.347932631852054e-05,2.8381830189074165e-11,6.261510218552581e-14,1.545182013544524e-13,1.1927728463150744e-08,3.080761508230894e-07
13901,Maintenance,9.951839875679355e-09,2.8493335000877238e-06,1.362113117796906e-09,2.8466615493518773e-06,1.3098376180462484e-09,2.3182332016100298e-05,1.9596904055519492e-05,3.585427960580811e-06,3.7675135886339264e-05,3.7600980092940475e-10,2.5675145154885034e-09,2.6824107096165818e-08,2.5586150890809426e-15,1.1841534157517313e-15,1.3744616733292115e-15,3.189120735057567e-14,2.4810942658842348e-14,7.080264691733317e-15,6.011207286044395e-08,1.347932631852054e-05,2.8381830189074165e-11,6.261510218552581e-14,1.545182013544524e-13,1.1927728463150744e-08,3.080761508230894e-07
13902,Maintenance,9.951839875679355e-09,2.8493335000877238e-06,1.362113117796906e-09,2.8466615493518773e-06,1.3098376180462484e-09,2.3182332016100298e-05,1.9596904055519492e-05,3.585427960580811e-06,3.7675135886339264e-05,3.7600980092940475e-10,2.5675145154885034e-09,2.6824107096165818e-08,2.5586150890809426e-15,1.1841534157517313e-15,1.3744616733292115e-15,3.189120735057567e-14,2.4810942658842348e-14,7.080264691733317e-15,6.011207286044395e-08,1.347932631852054e-05,2.8381830189074165e-11,6.261510218552581e-14,1.545182013544524e-13,1.1927728463150744e-08,3.080761508230894e-07
13903,Maintenance,9.951839875679355e-09,2.8493335000877238e-06,1.362113117796906e-09,2.8466615493518773e-06,1.3098376180462484e-09,2.3182332016100298e-05,1.9596904055519492e-05,3.585427960580811e-06,3.7675135886339264e-05,3.7600980092940475e-10,2.5675145154885034e-09,2.6824107096165818e-08,2.5586150890809426e-15,1.1841534157517313e-15,1.3744616733292115e-15,3.189120735057567e-14,2.4810942658842348e-14,7.080264691733317e-15,6.011207286044395e-08,1.347932631852054e-05,2.8381830189074165e-11,6.261510218552581e-14,1.545182013544524e-13,1.1927728463150744e-08,3.080761508230894e-07
13904,Maintenance,9.951839875679355e-09,2.8493335000877238e-06,1.362113117796906e-09,2.8466615493518773e-06,1.3098376180462484e-09,2.3182332016100298e-05,1.9596904055519492e-05,3.585427960580811e-06,3.7675135886339264e-05,3.7600980092940475e-10,2.5675145154885034e-09,2.6824107096165818e-08,2.5586150890809426e-15,1.1841534157517313e-15,1.3744616733292115e-15,3.189120735057567e-14,2.4810942658842348e-14,7.080264691733317e-15,6.011207286044395e-08,1.347932631852054e-05,2.8381830189074165e-11,6.261510218552581e-14,1.545182013544524e-13,1.1927728463150744e-08,3.080761508230894e-07
13905,Maintenance,9.951839875679355e-09,2.8493335000877238e-06,1.362113117796906e-09,2.8466615493518773e-06,1.3098376180462484e-09,2.3182332016100298e-05,1.9596904055519492e-05,3.585427960580811e-06,3.7675135886339264e-05,3.7600980092940475e-10,2.5675145154885034e-09,2.6824107096165818e-08,2.5586150890809426e-15,1.1841534157517313e-15,1.3744616733292115e-15,3.189120735057567e-14,2.4810942658842348e-14,7.080264691733317e-15,6.011207286044395e-08,1.347932631852054e-05,2.8381830189074165e-11,6.261510218552581e-14,1.545182013544524e-13,1.1927728463150744e-08,3.080761508230894e-07
13906,Maintenance,9.951839875679355e-09,2.8493335000877238e-06,1.362113117796906e-09,2.8466615493518773e-06,1.3098376180462484e-09,2.3182332016100298e-05,1.9596904055519492e-05,3.585427960580811e-06,3.7675135886339264e-05,3.7600980092940475e-10,2.5675145154885034e-09,2.6824107096165818e-08,2.5586150890809426e-15,1.1841534157517313e-15,1.3744616733292115e-15,3.189120735057567e-14,2.4810942658842348e-14,7.080264691733317e-15,6.011207286044395e-08,1.347932631852054e-05,2.8381830189074165e-11,6.261510218552581e-14,1.545182013544524e-13,1.1927728463150744e-08,3.080761508230894e-07
13907,Maintenance,9.951839875679355e-09,2.8493335000877238e-06,1.362113117796906e-09,2.8466615493518773e-06,1.3098376180462484e-09,2.3182332016100298e-05,1.9596904055519492e-05,3.585427960580811e-06,3.7675135886339264e-05,3.7600980092940475e-10,2.5675145154885034e-09,2.6824107096165818e-08,2.5586150890809426e-15,1.1841534157517313e-15,1.3744616733292115e-15,3.189120735057567e-14,2.4810942658842348e-14,7.080264691733317e-15,6.011207286044395e-08,1.347932631852054e-05,2.8381830189074165e-11,6.261510218552581e-14,1.545182013544524e-13,1.1927728463150744e-08,3.080761508230894e-07
13908,Maintenance,9.951839875679355e-09,2.8493335000877238e-06,1.362113117796906e-09,2.8466615493518773e-06,1.3098376180462484e-09,2.3182332016100298e-05,1.9596904055519492e-05,3.585427960580811e-06,3.7675135886339264e-05,3.7600980092940475e-10,2.5675145154885034e-09,2.6824107096165818e-08,2.5586150890809426e-15,1.1841534157517313e-15,1.3744616733292115e-15,3.189120735057567e-14,2.4810942658842348e-14,7.080264691733317e-15,6.011207286044395e-08,1.347932631852054e-05,2.8381830189074165e-11,6.261510218552581e-14,1.545182013544524e-13,1.1927728463150744e-08,3.080761508230894e-07
13909,Maintenance,9.951839875679355e-09,2.8493335000877238e-06,1.362113117796906e-09,2.8466615493518773e-06,1.3098376180462484e-09,2.3182332016100298e-05,1.9596904055519492e-05,3.585427960580811e-06,3.7675135886339264e-05,3.7600980092940475e-10,2.5675145154885034e-09,2.6824107096165818e-08,2.5586150890809426e-15,1.1841534157517313e-15,1.3744616733292115e-15,3.189120735057567e-14,2.4810942658842348e-14,7.080264691733317e-15,6.011207286044395e-08,1.347932631852054e-05,2.8381830189074165e-11,6.261510218552581e-14,1.545182013544524e-13,1.1927728463150744e-08,3.080761508230894e-07
13910,Maintenance,9.951839875679355e-09,2.8493335000877238e-06,1.362113117796906e-09,2.8466615493518773e-06,1.3098376180462484e-09,2.3182332016100298e-05,1.9596904055519492e-05,3.585427960580811e-06,3.7675135886339264e-05,3.7600980092940475e-10,2.5675145154885034e-09,2.6824107096165818e-08,2.5586150890809426e-15,1.1841534157517313e-15,1.3744616733292115e-15,3.189120735057567e-14,2.4810942658842348e-14,7.080264691733317e-15,6.011207286044395e-08,1.347932631852054e-05,2.8381830189074165e-11,6.261510218552581e-14,1.545182013544524e-13,1.1927728463150744e-08,3.080761508230894e-07
13911,Maintenance,9.951839875679355e-09,2.8493335000877238e-06,1.362113117796906e-09,2.8466615493518773e-06,1.3098376180462484e-09,2.3182332016100298e-05,1.9596904055519492e-05,3.585427960580811e-06,3.7675135886339264e-05,3.7600980092940475e-10,2.5675145154885034e-09,2.6824107096165818e-08,2.5586150890809426e-15,1.1841534157517313e-15,1.3744616733292115e-15,3.189120735057567e-14,2.4810942658842348e-14,7.080264691733317e-15,6.011207286044395e-08,1.347932631852054e-05,2.8381830189074165e-11,6.261510218552581e-14,1.545182013544524e-13,1.1927728463150744e-08,3.080761508230894e-07
13912,Maintenance,9.951839875679355e-09,2.8493335000877238e-06,1.362113117796906e-09,2.8466615493518773e-06,1.3098376180462484e-09,2.3182332016100298e-05,1.9596904055519492e-05,3.585427960580811e-06,3.7675135886339264e-05,3.7600980092940475e-10,2.5675145154885034e-09,2.6824107096165818e-08,2.5586150890809426e-15,1.1841534157517313e-15,1.3744616733292115e-15,3.189120735057567e-14,2.4810942658842348e-14,7.080264691733317e-15,6.011207286044395e-08,1.347932631852054e-05,2.8381830189074165e-11,6.261510218552581e-14,1.545182013544524e-13,1.1927728463150744e-08,3.080761508230894e-07
13913,Maintenance,9.951839875679355e-09,2.8493335000877238e-06,1.362113117796906e-09,2.8466615493518773e-06,1.3098376180462484e-09,2.3182332016100298e-05,1.9596904055519492e-05,3.585427960580811e-06,3.7675135886339264e-05,3.7600980092940475e-10,2.5675145154885034e-09,2.6824107096165818e-08,2.5586150890809426e-15,1.1841534157517313e-15,1.3744616733292115e-15,3.189120735057567e-14,2.4810942658842348e-14,7.080264691733317e-15,6.011207286044395e-08,1.347932631852054e-05,2.8381830189074165e-11,6.261510218552581e-14,1.545182013544524e-13,1.1927728463150744e-08,3.080761508230894e-07
13914,Maintenance,9.951839875679355e-09,2.8493335000877238e-06,1.362113117796906e-09,2.8466615493518773e-06,1.3098376180462484e-09,2.3182332016100298e-05,1.9596904055519492e-05,3.585427960580811e-06,3.7675135886339264e-05,3.7600980092940475e-10,2.5675145154885034e-09,2.6824107096165818e-08,2.5586150890809426e-15,1.1841534157517313e-15,1.3744616733292115e-15,3.189120735057567e-14,2.4810942658842348e-14,7.080264691733317e-15,6.011207286044395e-08,1.347932631852054e-05,2.8381830189074165e-11,6.261510218552581e-14,1.545182013544524e-13,1.1927728463150744e-08,3.080761508230894e-07
13915,Maintenance,7.30923951117786e-09,2.0927246880509313e-06,1.0004191329108548e-09,2.0907622441074654e-06,9.620248105526494e-10,1.702652165328944e-05,1.4393164199658777e-05,2.6333574536306675e-06,2.7670922688617667e-05,2.761645814117074e-10,1.885739599568282e-09,1.9701263875688866e-08,1.879203316836892e-15,8.697146499373246e-16,1.0094886668995676e-15,2.342285202916622e-14,1.8222672858188357e-14,5.200179170977862e-15,4.414998066077363e-08,9.900041172503724e-06,2.084535093098653e-11,4.598835839484828e-14,1.134876120039061e-13,8.760452866059678e-09,2.2626995632744713e-07
13916,Maintenance,7.30923951117786e-09,2.0927246880509313e-06,1.0004191329108548e-09,2.0907622441074654e-06,9.620248105526494e-10,1.702652165328944e-05,1.4393164199658777e-05,2.6333574536306675e-06,2.7670922688617667e-05,2.761645814117074e-10,1.885739599568282e-09,1.9701263875688866e-08,1.879203316836892e-15,8.697146499373246e-16,1.0094886668995676e-15,2.342285202916622e-14,1.8222672858188357e-14,5.200179170977862e-15,4.414998066077363e-08,9.900041172503724e-06,2.084535093098653e-11,4.598835839484828e-14,1.134876120039061e-13,8.760452866059678e-09,2.2626995632744713e-07
13917,Maintenance,7.30923951117786e-09,2.0927246880509313e-06,1.0004191329108548e-09,2.0907622441074654e-06,9.620248105526494e-10,1.702652165328944e-05,1.4393164199658777e-05,2.6333574536306675e-06,2.7670922688617667e-05,2.761645814117074e-10,1.885739599568282e-09,1.9701263875688866e-08,1.879203316836892e-15,8.697146499373246e-16,1.0094886668995676e-15,2.342285202916622e-14,1.8222672858188357e-14,5.200179170977862e-15,4.414998066077363e-08,9.900041172503724e-06,2.084535093098653e-11,4.598835839484828e-14,1.134876120039061e-13,8.760452866059678e-09,2.2626995632744713e-07
13918,Maintenance,7.30923951117786e-09,2.0927246880509313e-06,1.0004191329108548e-09,2.0907622441074654e-06,9.620248105526494e-10,1.702652165328944e-05,1.4393164199658777e-05,2.6333574536306675e-06,2.7670922688617667e-05,2.761645814117074e-10,1.885739599568282e-09,1.9701263875688866e-08,1.879203316836892e-15,8.697146499373246e-16,1.0094886668995676e-15,2.342285202916622e-14,1.8222672858188357e-14,5.200179170977862e-15,4.414998066077363e-08,9.900041172503724e-06,2.084535093098653e-11,4.598835839484828e-14,1.134876120039061e-13,8.760452866059678e-09,2.2626995632744713e-07
13919,Maintenance,7.30923951117786e-09,2.0927246880509313e-06,1.0004191329108548e-09,2.0907622441074654e-06,9.620248105526494e-10,1.702652165328944e-05,1.4393164199658777e-05,2.6333574536306675e-06,2.7670922688617667e-05,2.761645814117074e-10,1.885739599568282e-09,1.9701263875688866e-08,1.879203316836892e-15,8.697146499373246e-16,1.0094886668995676e-15,2.342285202916622e-14,1.8222672858188357e-14,5.200179170977862e-15,4.414998066077363e-08,9.900041172503724e-06,2.084535093098653e-11,4.598835839484828e-14,1.134876120039061e-13,8.760452866059678e-09,2.2626995632744713e-07
13920,Maintenance,7.30923951117786e-09,2.0927246880509313e-06,1.0004191329108548e-09,2.0907622441074654e-06,9.620248105526494e-10,1.702652165328944e-05,1.4393164199658777e-05,2.6333574536306675e-06,2.7670922688617667e-05,2.761645814117074e-10,1.885739599568282e-09,1.9701263875688866e-08,1.879203316836892e-15,8.697146499373246e-16,1.0094886668995676e-15,2.342285202916622e-14,1.8222672858188357e-14,5.200179170977862e-15,4.414998066077363e-08,9.900041172503724e-06,2.084535093098653e-11,4.598835839484828e-14,1.134876120039061e-13,8.760452866059678e-09,2.2626995632744713e-07
13921,Maintenance,7.30923951117786e-09,2.0927246880509313e-06,1.0004191329108548e-09,2.0907622441074654e-06,9.620248105526494e-10,1.702652165328944e-05,1.4393164199658777e-05,2.6333574536306675e-06,2.7670922688617667e-05,2.761645814117074e-10,1.885739599568282e-09,1.9701263875688866e-08,1.879203316836892e-15,8.697146499373246e-16,1.0094886668995676e-15,2.342285202916622e-14,1.8222672858188357e-14,5.200179170977862e-15,4.414998066077363e-08,9.900041172503724e-06,2.084535093098653e-11,4.598835839484828e-14,1.134876120039061e-13,8.760452866059678e-09,2.2626995632744713e-07
17032,Maintenance,9.289409434854972e-09,2.6596715611801764e-06,1.2714459442544576e-09,2.6571774651451607e-06,1.2226500907578328e-09,2.1639232186460583e-05,1.8292463273266178e-05,3.346768913194412e-06,3.516734263553572e-05,3.50981229198396e-10,2.396611467050744e-09,2.5038597551156124e-08,2.3883044186387994e-15,1.1053318833517669e-15,1.2829725352870325e-15,2.976841329364039e-14,2.3159436616936357e-14,6.608976676704031e-15,5.6110795968808574e-08,1.2582093627205385e-05,2.6492632963393547e-11,5.844721461285823e-14,1.4423291124555849e-13,1.113377573455149e-08,2.87569488442402e-07
17033,Maintenance,9.289409434854972e-09,2.6596715611801764e-06,1.2714459442544576e-09,2.6571774651451607e-06,1.2226500907578328e-09,2.1639232186460583e-05,1.8292463273266178e-05,3.346768913194412e-06,3.516734263553572e-05,3.50981229198396e-10,2.396611467050744e-09,2.5038597551156124e-08,2.3883044186387994e-15,1.1053318833517669e-15,1.2829725352870325e-15,2.976841329364039e-14,2.3159436616936357e-14,6.608976676704031e-15,5.6110795968808574e-08,1.2582093627205385e-05,2.6492632963393547e-11,5.844721461285823e-14,1.4423291124555849e-13,1.113377573455149e-08,2.87569488442402e-07
17034,Maintenance,9.289409434854972e-09,2.6596715611801764e-06,1.2714459442544576e-09,2.6571774651451607e-06,1.2226500907578328e-09,2.1639232186460583e-05,1.8292463273266178e-05,3.346768913194412e-06,3.516734263553572e-05,3.50981229198396e-10,2.396611467050744e-09,2.5038597551156124e-08,2.3883044186387994e-15,1.1053318833517669e-15,1.2829725352870325e-15,2.976841329364039e-14,2.3159436616936357e-14,6.608976676704031e-15,5.6110795968808574e-08,1.2582093627205385e-05,2.6492632963393547e-11,5.844721461285823e-14,1.4423291124555849e-13,1.113377573455149e-08,2.87569488442402e-07
17035,Maintenance,9.289409434854972e-09,2.6596715611801764e-06,1.2714459442544576e-09,2.6571774651451607e-06,1.2226500907578328e-09,2.1639232186460583e-05,1.8292463273266178e-05,3.346768913194412e-06,3.516734263553572e-05,3.50981229198396e-10,2.396611467050744e-09,2.5038597551156124e-08,2.3883044186387994e-15,1.1053318833517669e-15,1.2829725352870325e-15,2.976841329364039e-14,2.3159436616936357e-14,6.608976676704031e-15,5.6110795968808574e-08,1.2582093627205385e-05,2.6492632963393547e-11,5.844721461285823e-14,1.4423291124555849e-13,1.113377573455149e-08,2.87569488442402e-07
17036,Maintenance,9.289409434854972e-09,2.6596715611801764e-06,1.2714459442544576e-09,2.6571774651451607e-06,1.2226500907578328e-09,2.1639232186460583e-05,1.8292463273266178e-05,3.346768913194412e-06,3.516734263553572e-05,3.50981229198396e-10,2.396611467050744e-09,2.5038597551156124e-08,2.3883044186387994e-15,1.1053318833517669e-15,1.2829725352870325e-15,2.976841329364039e-14,2.3159436616936357e-14,6.608976676704031e-15,5.6110795968808574e-08,1.2582093627205385e-05,2.6492632963393547e-11,5.844721461285823e-14,1.4423291124555849e-13,1.113377573455149e-08,2.87569488442402e-07
17037,Maintenance,9.289409434854972e-09,2.6596715611801764e-06,1.2714459442544576e-09,2.6571774651451607e-06,1.2226500907578328e-09,2.1639232186460583e-05,1.8292463273266178e-05,3.346768913194412e-06,3.516734263553572e-05,3.50981229198396e-10,2.396611467050744e-09,2.5038597551156124e-08,2.3883044186387994e-15,1.1053318833517669e-15,1.2829725352870325e-15,2.976841329364039e-14,2.3159436616936357e-14,6.608976676704031e-15,5.6110795968808574e-08,1.2582093627205385e-05,2.6492632963393547e-11,5.844721461285823e-14,1.4423291124555849e-13,1.113377573455149e-08,2.87569488442402e-07
17038,Maintenance,9.289409434854972e-09,2.6596715611801764e-06,1.2714459442544576e-09,2.6571774651451607e-06,1.2226500907578328e-09,2.1639232186460583e-05,1.8292463273266178e-05,3.346768913194412e-06,3.516734263553572e-05,3.50981229198396e-10,2.396611467050744e-09,2.5038597551156124e-08,2.3883044186387994e-15,1.1053318833517669e-15,1.2829725352870325e-15,2.976841329364039e-14,2.3159436616936357e-14,6.608976676704031e-15,5.6110795968808574e-08,1.2582093627205385e-05,2.6492632963393547e-11,5.844721461285823e-14,1.4423291124555849e-13,1.113377573455149e-08,2.87569488442402e-07
17039,Maintenance,9.289409434854972e-09,2.6596715611801764e-06,1.2714459442544576e-09,2.6571774651451607e-06,1.2226500907578328e-09,2.1639232186460583e-05,1.8292463273266178e-05,3.346768913194412e-06,3.516734263553572e-05,3.50981229198396e-10,2.396611467050744e-09,2.5038597551156124e-08,2.3883044186387994e-15,1.1053318833517669e-15,1.2829725352870325e-15,2.976841329364039e-14,2.3159436616936357e-14,6.608976676704031e-15,5.6110795968808574e-08,1.2582093627205385e-05,2.6492632963393547e-11,5.844721461285823e-14,1.4423291124555849e-13,1.113377573455149e-08,2.87569488442402e-07
17040,Maintenance,9.289409434854972e-09,2.6596715611801764e-06,1.2714459442544576e-09,2.6571774651451607e-06,1.2226500907578328e-09,2.1639232186460583e-05,1.8292463273266178e-05,3.346768913194412e-06,3.516734263553572e-05,3.50981229198396e-10,2.396611467050744e-09,2.5038597551156124e-08,2.3883044186387994e-15,1.1053318833517669e-15,1.2829725352870325e-15,2.976841329364039e-14,2.3159436616936357e-14,6.608976676704031e-15,5.6110795968808574e-08,1.2582093627205385e-05,2.6492632963393547e-11,5.844721461285823e-14,1.4423291124555849e-13,1.113377573455149e-08,2.87569488442402e-07
17041,Maintenance,9.289409434854972e-09,2.6596715611801764e-06,1.2714459442544576e-09,2.6571774651451607e-06,1.2226500907578328e-09,2.1639232186460583e-05,1.8292463273266178e-05,3.346768913194412e-06,3.516734263553572e-05,3.50981229198396e-10,2.396611467050744e-09,2.5038597551156124e-08,2.3883044186387994e-15,1.1053318833517669e-15,1.2829725352870325e-15,2.976841329364039e-14,2.3159436616936357e-14,6.608976676704031e-15,5.6110795968808574e-08,1.2582093627205385e-05,2.6492632963393547e-11,5.844721461285823e-14,1.4423291124555849e-13,1.113377573455149e-08,2.87569488442402e-07
17042,Maintenance,9.289409434854972e-09,2.6596715611801764e-06,1.2714459442544576e-09,2.6571774651451607e-06,1.2226500907578328e-09,2.1639232186460583e-05,1.8292463273266178e-05,3.346768913194412e-06,3.516734263553572e-05,3.50981229198396e-10,2.396611467050744e-09,2.5038597551156124e-08,2.3883044186387994e-15,1.1053318833517669e-15,1.2829725352870325e-15,2.976841329364039e-14,2.3159436616936357e-14,6.608976676704031e-15,5.6110795968808574e-08,1.2582093627205385e-05,2.6492632963393547e-11,5.844721461285823e-14,1.4423291124555849e-13,1.113377573455149e-08,2.87569488442402e-07
17043,Maintenance,9.289409434854972e-09,2.6596715611801764e-06,1.2714459442544576e-09,2.6571774651451607e-06,1.2226500907578328e-09,2.1639232186460583e-05,1.8292463273266178e-05,3.346768913194412e-06,3.516734263553572e-05,3.50981229198396e-10,2.396611467050744e-09,2.5038597551156124e-08,2.3883044186387994e-15,1.1053318833517669e-15,1.2829725352870325e-15,2.976841329364039e-14,2.3159436616936357e-14,6.608976676704031e-15,5.6110795968808574e-08,1.2582093627205385e-05,2.6492632963393547e-11,5.844721461285823e-14,1.4423291124555849e-13,1.113377573455149e-08,2.87569488442402e-07
17044,Maintenance,9.289409434854972e-09,2.6596715611801764e-06,1.2714459442544576e-09,2.6571774651451607e-06,1.2226500907578328e-09,2.1639232186460583e-05,1.8292463273266178e-05,3.346768913194412e-06,3.516734263553572e-05,3.50981229198396e-10,2.396611467050744e-09,2.5038597551156124e-08,2.3883044186387994e-15,1.1053318833517669e-15,1.2829725352870325e-15,2.976841329364039e-14,2.3159436616936357e-14,6.608976676704031e-15,5.6110795968808574e-08,1.2582093627205385e-05,2.6492632963393547e-11,5.844721461285823e-14,1.4423291124555849e-13,1.113377573455149e-08,2.87569488442402e-07
17045,Maintenance,9.289409434854972e-09,2.6596715611801764e-06,1.2714459442544576e-09,2.6571774651451607e-06,1.2226500907578328e-09,2.1639232186460583e-05,1.8292463273266178e-05,3.346768913194412e-06,3.516734263553572e-05,3.50981229198396e-10,2.396611467050744e-09,2.5038597551156124e-08,2.3883044186387994e-15,1.1053318833517669e-15,1.2829725352870325e-15,2.976841329364039e-14,2.3159436616936357e-14,6.608976676704031e-15,5.6110795968808574e-08,1.2582093627205385e-05,2.6492632963393547e-11,5.844721461285823e-14,1.4423291124555849e-13,1.113377573455149e-08,2.87569488442402e-07
17046,Maintenance,9.289409434854972e-09,2.6596715611801764e-06,1.2714459442544576e-09,2.6571774651451607e-06,1.2226500907578328e-09,2.1639232186460583e-05,1.8292463273266178e-05,3.346768913194412e-06,3.516734263553572e-05,3.50981229198396e-10,2.396611467050744e-09,2.5038597551156124e-08,2.3883044186387994e-15,1.1053318833517669e-15,1.2829725352870325e-15,2.976841329364039e-14,2.3159436616936357e-14,6.608976676704031e-15,5.6110795968808574e-08,1.2582093627205385e-05,2.6492632963393547e-11,5.844721461285823e-14,1.4423291124555849e-13,1.113377573455149e-08,2.87569488442402e-07
17047,Maintenance,9.289409434854972e-09,2.6596715611801764e-06,1.2714459442544576e-09,2.6571774651451607e-06,1.2226500907578328e-09,2.1639232186460583e-05,1.8292463273266178e-05,3.346768913194412e-06,3.516734263553572e-05,3.50981229198396e-10,2.396611467050744e-09,2.5038597551156124e-08,2.3883044186387994e-15,1.1053318833517669e-15,1.2829725352870325e-15,2.976841329364039e-14,2.3159436616936357e-14,6.608976676704031e-15,5.6110795968808574e-08,1.2582093627205385e-05,2.6492632963393547e-11,5.844721461285823e-14,1.4423291124555849e-13,1.113377573455149e-08,2.87569488442402e-07
17048,Maintenance,9.289409434854972e-09,2.6596715611801764e-06,1.2714459442544576e-09,2.6571774651451607e-06,1.2226500907578328e-09,2.1639232186460583e-05,1.8292463273266178e-05,3.346768913194412e-06,3.516734263553572e-05,3.50981229198396e-10,2.396611467050744e-09,2.5038597551156124e-08,2.3883044186387994e-15,1.1053318833517669e-15,1.2829725352870325e-15,2.976841329364039e-14,2.3159436616936357e-14,6.608976676704031e-15,5.6110795968808574e-08,1.2582093627205385e-05,2.6492632963393547e-11,5.844721461285823e-14,1.4423291124555849e-13,1.113377573455149e-08,2.87569488442402e-07
17049,Maintenance,9.289409434854972e-09,2.6596715611801764e-06,1.2714459442544576e-09,2.6571774651451607e-06,1.2226500907578328e-09,2.1639232186460583e-05,1.8292463273266178e-05,3.346768913194412e-06,3.516734263553572e-05,3.50981229198396e-10,2.396611467050744e-09,2.5038597551156124e-08,2.3883044186387994e-15,1.1053318833517669e-15,1.2829725352870325e-15,2.976841329364039e-14,2.3159436616936357e-14,6.608976676704031e-15,5.6110795968808574e-08,1.2582093627205385e-05,2.6492632963393547e-11,5.844721461285823e-14,1.4423291124555849e-13,1.113377573455149e-08,2.87569488442402e-07
17050,Maintenance,9.289409434854972e-09,2.6596715611801764e-06,1.2714459442544576e-09,2.6571774651451607e-06,1.2226500907578328e-09,2.1639232186460583e-05,1.8292463273266178e-05,3.346768913194412e-06,3.516734263553572e-05,3.50981229198396e-10,2.396611467050744e-09,2.5038597551156124e-08,2.3883044186387994e-15,1.1053318833517669e-15,1.2829725352870325e-15,2.976841329364039e-14,2.3159436616936357e-14,6.608976676704031e-15,5.6110795968808574e-08,1.2582093627205385e-05,2.6492632963393547e-11,5.844721461285823e-14,1.4423291124555849e-13,1.113377573455149e-08,2.87569488442402e-07
18055,Maintenance,1.1657038300011e-08,3.3375526691499957e-06,1.5955044475654824e-09,3.334422892902327e-06,1.5342718000994747e-09,2.7154509675710075e-05,2.295473640960659e-05,4.1997732661034916e-06,4.413058363795221e-05,4.404372161699768e-10,3.007445398717345e-09,3.1420284860869135e-08,2.9970210997156505e-15,1.3870522328479968e-15,1.6099688668676538e-15,3.735560762264326e-14,2.9062174677901805e-14,8.293432944741454e-15,7.041197852667542e-08,1.5788942056567597e-05,3.3244916083003284e-11,7.334388951730901e-14,1.8099412909964086e-13,1.3971485601057058e-08,3.608634719134851e-07
18056,Maintenance,1.1657038300011e-08,3.3375526691499957e-06,1.5955044475654824e-09,3.334422892902327e-06,1.5342718000994747e-09,2.7154509675710075e-05,2.295473640960659e-05,4.1997732661034916e-06,4.413058363795221e-05,4.404372161699768e-10,3.007445398717345e-09,3.1420284860869135e-08,2.9970210997156505e-15,1.3870522328479968e-15,1.6099688668676538e-15,3.735560762264326e-14,2.9062174677901805e-14,8.293432944741454e-15,7.041197852667542e-08,1.5788942056567597e-05,3.3244916083003284e-11,7.334388951730901e-14,1.8099412909964086e-13,1.3971485601057058e-08,3.608634719134851e-07
18057,Maintenance,1.1657038300011e-08,3.3375526691499957e-06,1.5955044475654824e-09,3.334422892902327e-06,1.5342718000994747e-09,2.7154509675710075e-05,2.295473640960659e-05,4.1997732661034916e-06,4.413058363795221e-05,4.404372161699768e-10,3.007445398717345e-09,3.1420284860869135e-08,2.9970210997156505e-15,1.3870522328479968e-15,1.6099688668676538e-15,3.735560762264326e-14,2.9062174677901805e-14,8.293432944741454e-15,7.041197852667542e-08,1.5788942056567597e-05,3.3244916083003284e-11,7.334388951730901e-14,1.8099412909964086e-13,1.3971485601057058e-08,3.608634719134851e-07
18058,Maintenance,1.1657038300011e-08,3.3375526691499957e-06,1.5955044475654824e-09,3.334422892902327e-06,1.5342718000994747e-09,2.7154509675710075e-05,2.295473640960659e-05,4.1997732661034916e-06,4.413058363795221e-05,4.404372161699768e-10,3.007445398717345e-09,3.1420284860869135e-08,2.9970210997156505e-15,1.3870522328479968e-15,1.6099688668676538e-15,3.735560762264326e-14,2.9062174677901805e-14,8.293432944741454e-15,7.041197852667542e-08,1.5788942056567597e-05,3.3244916083003284e-11,7.334388951730901e-14,1.8099412909964086e-13,1.3971485601057058e-08,3.608634719134851e-07
18059,Maintenance,1.1657038300011e-08,3.3375526691499957e-06,1.5955044475654824e-09,3.334422892902327e-06,1.5342718000994747e-09,2.7154509675710075e-05,2.295473640960659e-05,4.1997732661034916e-06,4.413058363795221e-05,4.404372161699768e-10,3.007445398717345e-09,3.1420284860869135e-08,2.9970210997156505e-15,1.3870522328479968e-15,1.6099688668676538e-15,3.735560762264326e-14,2.9062174677901805e-14,8.293432944741454e-15,7.041197852667542e-08,1.5788942056567597e-05,3.3244916083003284e-11,7.334388951730901e-14,1.8099412909964086e-13,1.3971485601057058e-08,3.608634719134851e-07
18060,Maintenance,1.1657038300011e-08,3.3375526691499957e-06,1.5955044475654824e-09,3.334422892902327e-06,1.5342718000994747e-09,2.7154509675710075e-05,2.295473640960659e-05,4.1997732661034916e-06,4.413058363795221e-05,4.404372161699768e-10,3.007445398717345e-09,3.1420284860869135e-08,2.9970210997156505e-15,1.3870522328479968e-15,1.6099688668676538e-15,3.735560762264326e-14,2.9062174677901805e-14,8.293432944741454e-15,7.041197852667542e-08,1.5788942056567597e-05,3.3244916083003284e-11,7.334388951730901e-14,1.8099412909964086e-13,1.3971485601057058e-08,3.608634719134851e-07
18061,Maintenance,1.1657038300011e-08,3.3375526691499957e-06,1.5955044475654824e-09,3.334422892902327e-06,1.5342718000994747e-09,2.7154509675710075e-05,2.295473640960659e-05,4.1997732661034916e-06,4.413058363795221e-05,4.404372161699768e-10,3.007445398717345e-09,3.1420284860869135e-08,2.9970210997156505e-15,1.3870522328479968e-15,1.6099688668676538e-15,3.735560762264326e-14,2.9062174677901805e-14,8.293432944741454e-15,7.041197852667542e-08,1.5788942056567597e-05,3.3244916083003284e-11,7.334388951730901e-14,1.8099412909964086e-13,1.3971485601057058e-08,3.608634719134851e-07
18062,Maintenance,1.1657038300011e-08,3.3375526691499957e-06,1.5955044475654824e-09,3.334422892902327e-06,1.5342718000994747e-09,2.7154509675710075e-05,2.295473640960659e-05,4.1997732661034916e-06,4.413058363795221e-05,4.404372161699768e-10,3.007445398717345e-09,3.1420284860869135e-08,2.9970210997156505e-15,1.3870522328479968e-15,1.6099688668676538e-15,3.735560762264326e-14,2.9062174677901805e-14,8.293432944741454e-15,7.041197852667542e-08,1.5788942056567597e-05,3.3244916083003284e-11,7.334388951730901e-14,1.8099412909964086e-13,1.3971485601057058e-08,3.608634719134851e-07
18063,Maintenance,1.1657038300011e-08,3.3375526691499957e-06,1.5955044475654824e-09,3.334422892902327e-06,1.5342718000994747e-09,2.7154509675710075e-05,2.295473640960659e-05,4.1997732661034916e-06,4.413058363795221e-05,4.404372161699768e-10,3.007445398717345e-09,3.1420284860869135e-08,2.9970210997156505e-15,1.3870522328479968e-15,1.6099688668676538e-15,3.735560762264326e-14,2.9062174677901805e-14,8.293432944741454e-15,7.041197852667542e-08,1.5788942056567597e-05,3.3244916083003284e-11,7.334388951730901e-14,1.8099412909964086e-13,1.3971485601057058e-08,3.608634719134851e-07
18064,Maintenance,1.1657038300011e-08,3.3375526691499957e-06,1.5955044475654824e-09,3.334422892902327e-06,1.5342718000994747e-09,2.7154509675710075e-05,2.295473640960659e-05,4.1997732661034916e-06,4.413058363795221e-05,4.404372161699768e-10,3.007445398717345e-09,3.1420284860869135e-08,2.9970210997156505e-15,1.3870522328479968e-15,1.6099688668676538e-15,3.735560762264326e-14,2.9062174677901805e-14,8.293432944741454e-15,7.041197852667542e-08,1.5788942056567597e-05,3.3244916083003284e-11,7.334388951730901e-14,1.8099412909964086e-13,1.3971485601057058e-08,3.608634719134851e-07
18065,Maintenance,1.1657038300011e-08,3.3375526691499957e-06,1.5955044475654824e-09,3.334422892902327e-06,1.5342718000994747e-09,2.7154509675710075e-05,2.295473640960659e-05,4.1997732661034916e-06,4.413058363795221e-05,4.404372161699768e-10,3.007445398717345e-09,3.1420284860869135e-08,2.9970210997156505e-15,1.3870522328479968e-15,1.6099688668676538e-15,3.735560762264326e-14,2.9062174677901805e-14,8.293432944741454e-15,7.041197852667542e-08,1.5788942056567597e-05,3.3244916083003284e-11,7.334388951730901e-14,1.8099412909964086e-13,1.3971485601057058e-08,3.608634719134851e-07
18066,Maintenance,1.1657038300011e-08,3.3375526691499957e-06,1.5955044475654824e-09,3.334422892902327e-06,1.5342718000994747e-09,2.7154509675710075e-05,2.295473640960659e-05,4.1997732661034916e-06,4.413058363795221e-05,4.404372161699768e-10,3.007445398717345e-09,3.1420284860869135e-08,2.9970210997156505e-15,1.3870522328479968e-15,1.6099688668676538e-15,3.735560762264326e-14,2.9062174677901805e-14,8.293432944741454e-15,7.041197852667542e-08,1.5788942056567597e-05,3.3244916083003284e-11,7.334388951730901e-14,1.8099412909964086e-13,1.3971485601057058e-08,3.608634719134851e-07
18067,Maintenance,1.0481111415475124e-08,3.0008704166601633e-06,1.434554768410097e-09,2.99805636280591e-06,1.3794990858397538e-09,2.4415244594627954e-05,2.063913179574293e-05,3.776112798885032e-06,3.967882338851749e-05,3.960072374639854e-10,2.7040633725879373e-09,2.8250701237931502e-08,2.6946906454463544e-15,1.2471305847515044e-15,1.4475600606948504e-15,3.358728653103305e-14,2.6130470101895546e-14,7.456816429137501e-15,6.330903038393815e-08,1.419620117634938e-05,2.989126916257533e-11,6.594517903183765e-14,1.627359869477682e-13,1.2562084249499916e-08,3.244606526596766e-07
18068,Maintenance,1.0481111415475124e-08,3.0008704166601633e-06,1.434554768410097e-09,2.99805636280591e-06,1.3794990858397538e-09,2.4415244594627954e-05,2.063913179574293e-05,3.776112798885032e-06,3.967882338851749e-05,3.960072374639854e-10,2.7040633725879373e-09,2.8250701237931502e-08,2.6946906454463544e-15,1.2471305847515044e-15,1.4475600606948504e-15,3.358728653103305e-14,2.6130470101895546e-14,7.456816429137501e-15,6.330903038393815e-08,1.419620117634938e-05,2.989126916257533e-11,6.594517903183765e-14,1.627359869477682e-13,1.2562084249499916e-08,3.244606526596766e-07
18069,Maintenance,1.1657038300011e-08,3.3375526691499957e-06,1.5955044475654824e-09,3.334422892902327e-06,1.5342718000994747e-09,2.7154509675710075e-05,2.295473640960659e-05,4.1997732661034916e-06,4.413058363795221e-05,4.404372161699768e-10,3.007445398717345e-09,3.1420284860869135e-08,2.9970210997156505e-15,1.3870522328479968e-15,1.6099688668676538e-15,3.735560762264326e-14,2.9062174677901805e-14,8.293432944741454e-15,7.041197852667542e-08,1.5788942056567597e-05,3.3244916083003284e-11,7.334388951730901e-14,1.8099412909964086e-13,1.3971485601057058e-08,3.608634719134851e-07
18070,Maintenance,1.1657038300011e-08,3.3375526691499957e-06,1.5955044475654824e-09,3.334422892902327e-06,1.5342718000994747e-09,2.7154509675710075e-05,2.295473640960659e-05,4.1997732661034916e-06,4.413058363795221e-05,4.404372161699768e-10,3.007445398717345e-09,3.1420284860869135e-08,2.9970210997156505e-15,1.3870522328479968e-15,1.6099688668676538e-15,3.735560762264326e-14,2.9062174677901805e-14,8.293432944741454e-15,7.041197852667542e-08,1.5788942056567597e-05,3.3244916083003284e-11,7.334388951730901e-14,1.8099412909964086e-13,1.3971485601057058e-08,3.608634719134851e-07
18071,Maintenance,1.1657038300011e-08,3.3375526691499957e-06,1.5955044475654824e-09,3.334422892902327e-06,1.5342718000994747e-09,2.7154509675710075e-05,2.295473640960659e-05,4.1997732661034916e-06,4.413058363795221e-05,4.404372161699768e-10,3.007445398717345e-09,3.1420284860869135e-08,2.9970210997156505e-15,1.3870522328479968e-15,1.6099688668676538e-15,3.735560762264326e-14,2.9062174677901805e-14,8.293432944741454e-15,7.041197852667542e-08,1.5788942056567597e-05,3.3244916083003284e-11,7.334388951730901e-14,1.8099412909964086e-13,1.3971485601057058e-08,3.608634719134851e-07
20043,Maintenance,1.5421611526753646e-08,4.415396037058778e-06,2.1107633985846416e-09,4.411255517639093e-06,2.0297560210954095e-09,3.592390182143253e-05,3.0367836022949893e-05,5.556065798482646e-06,5.8382300872492405e-05,5.826738726329647e-10,3.97868252924054e-09,4.1567284477722376e-08,3.964891763052297e-15,1.8349927444501803e-15,2.1298990186021167e-15,4.94193854627464e-14,3.844763622375981e-14,1.097174923898659e-14,9.3151120526685e-08,2.088788974936957e-05,4.3981169820049174e-11,9.702987524678642e-14,2.3944513827282567e-13,1.8483496223129916e-08,4.774022470218779e-07
20044,Maintenance,1.5421611526753646e-08,4.415396037058778e-06,2.1107633985846416e-09,4.411255517639093e-06,2.0297560210954095e-09,3.592390182143253e-05,3.0367836022949893e-05,5.556065798482646e-06,5.8382300872492405e-05,5.826738726329647e-10,3.97868252924054e-09,4.1567284477722376e-08,3.964891763052297e-15,1.8349927444501803e-15,2.1298990186021167e-15,4.94193854627464e-14,3.844763622375981e-14,1.097174923898659e-14,9.3151120526685e-08,2.088788974936957e-05,4.3981169820049174e-11,9.702987524678642e-14,2.3944513827282567e-13,1.8483496223129916e-08,4.774022470218779e-07
20045,Maintenance,1.5421611526753646e-08,4.415396037058778e-06,2.1107633985846416e-09,4.411255517639093e-06,2.0297560210954095e-09,3.592390182143253e-05,3.0367836022949893e-05,5.556065798482646e-06,5.8382300872492405e-05,5.826738726329647e-10,3.97868252924054e-09,4.1567284477722376e-08,3.964891763052297e-15,1.8349927444501803e-15,2.1298990186021167e-15,4.94193854627464e-14,3.844763622375981e-14,1.097174923898659e-14,9.3151120526685e-08,2.088788974936957e-05,4.3981169820049174e-11,9.702987524678642e-14,2.3944513827282567e-13,1.8483496223129916e-08,4.774022470218779e-07
20046,Maintenance,1.5421611526753646e-08,4.415396037058778e-06,2.1107633985846416e-09,4.411255517639093e-06,2.0297560210954095e-09,3.592390182143253e-05,3.0367836022949893e-05,5.556065798482646e-06,5.8382300872492405e-05,5.826738726329647e-10,3.97868252924054e-09,4.1567284477722376e-08,3.964891763052297e-15,1.8349927444501803e-15,2.1298990186021167e-15,4.94193854627464e-14,3.844763622375981e-14,1.097174923898659e-14,9.3151120526685e-08,2.088788974936957e-05,4.3981169820049174e-11,9.702987524678642e-14,2.3944513827282567e-13,1.8483496223129916e-08,4.774022470218779e-07
20047,Maintenance,1.5421611526753646e-08,4.415396037058778e-06,2.1107633985846416e-09,4.411255517639093e-06,2.0297560210954095e-09,3.592390182143253e-05,3.0367836022949893e-05,5.556065798482646e-06,5.8382300872492405e-05,5.826738726329647e-10,3.97868252924054e-09,4.1567284477722376e-08,3.964891763052297e-15,1.8349927444501803e-15,2.1298990186021167e-15,4.94193854627464e-14,3.844763622375981e-14,1.097174923898659e-14,9.3151120526685e-08,2.088788974936957e-05,4.3981169820049174e-11,9.702987524678642e-14,2.3944513827282567e-13,1.8483496223129916e-08,4.774022470218779e-07
20048,Maintenance,1.5421611526753646e-08,4.415396037058778e-06,2.1107633985846416e-09,4.411255517639093e-06,2.0297560210954095e-09,3.592390182143253e-05,3.0367836022949893e-05,5.556065798482646e-06,5.8382300872492405e-05,5.826738726329647e-10,3.97868252924054e-09,4.1567284477722376e-08,3.964891763052297e-15,1.8349927444501803e-15,2.1298990186021167e-15,4.94193854627464e-14,3.844763622375981e-14,1.097174923898659e-14,9.3151120526685e-08,2.088788974936957e-05,4.3981169820049174e-11,9.702987524678642e-14,2.3944513827282567e-13,1.8483496223129916e-08,4.774022470218779e-07
20049,Maintenance,1.5421611526753646e-08,4.415396037058778e-06,2.1107633985846416e-09,4.411255517639093e-06,2.0297560210954095e-09,3.592390182143253e-05,3.0367836022949893e-05,5.556065798482646e-06,5.8382300872492405e-05,5.826738726329647e-10,3.97868252924054e-09,4.1567284477722376e-08,3.964891763052297e-15,1.8349927444501803e-15,2.1298990186021167e-15,4.94193854627464e-14,3.844763622375981e-14,1.097174923898659e-14,9.3151120526685e-08,2.088788974936957e-05,4.3981169820049174e-11,9.702987524678642e-14,2.3944513827282567e-13,1.8483496223129916e-08,4.774022470218779e-07
20050,Maintenance,1.5421611526753646e-08,4.415396037058778e-06,2.1107633985846416e-09,4.411255517639093e-06,2.0297560210954095e-09,3.592390182143253e-05,3.0367836022949893e-05,5.556065798482646e-06,5.8382300872492405e-05,5.826738726329647e-10,3.97868252924054e-09,4.1567284477722376e-08,3.964891763052297e-15,1.8349927444501803e-15,2.1298990186021167e-15,4.94193854627464e-14,3.844763622375981e-14,1.097174923898659e-14,9.3151120526685e-08,2.088788974936957e-05,4.3981169820049174e-11,9.702987524678642e-14,2.3944513827282567e-13,1.8483496223129916e-08,4.774022470218779e-07
20051,Maintenance,1.5421611526753646e-08,4.415396037058778e-06,2.1107633985846416e-09,4.411255517639093e-06,2.0297560210954095e-09,3.592390182143253e-05,3.0367836022949893e-05,5.556065798482646e-06,5.8382300872492405e-05,5.826738726329647e-10,3.97868252924054e-09,4.1567284477722376e-08,3.964891763052297e-15,1.8349927444501803e-15,2.1298990186021167e-15,4.94193854627464e-14,3.844763622375981e-14,1.097174923898659e-14,9.3151120526685e-08,2.088788974936957e-05,4.3981169820049174e-11,9.702987524678642e-14,2.3944513827282567e-13,1.8483496223129916e-08,4.774022470218779e-07
20052,Maintenance,1.5421611526753646e-08,4.415396037058778e-06,2.1107633985846416e-09,4.411255517639093e-06,2.0297560210954095e-09,3.592390182143253e-05,3.0367836022949893e-05,5.556065798482646e-06,5.8382300872492405e-05,5.826738726329647e-10,3.97868252924054e-09,4.1567284477722376e-08,3.964891763052297e-15,1.8349927444501803e-15,2.1298990186021167e-15,4.94193854627464e-14,3.844763622375981e-14,1.097174923898659e-14,9.3151120526685e-08,2.088788974936957e-05,4.3981169820049174e-11,9.702987524678642e-14,2.3944513827282567e-13,1.8483496223129916e-08,4.774022470218779e-07
20053,Maintenance,1.9477682668943213e-08,5.576698824136719e-06,2.6659198097117594e-09,5.571469297818972e-06,2.5636065080285142e-09,4.537232433162117e-05,3.8354945744248966e-05,7.017378587372216e-06,7.37375551124748e-05,7.359241782832143e-10,5.025124359446821e-09,5.249998517095308e-08,5.0077064542486385e-15,2.3176181240338658e-15,2.690088330214773e-15,6.241728408653467e-14,4.8559831534999265e-14,1.3857452551535398e-14,1.1765099663726194e-07,2.6381658457437267e-05,5.554875167732559e-11,1.2254991096004442e-13,3.0242211793549816e-13,2.3344880230070268e-08,6.029648365088869e-07
20054,Maintenance,1.5421611526753646e-08,4.415396037058778e-06,2.1107633985846416e-09,4.411255517639093e-06,2.0297560210954095e-09,3.592390182143253e-05,3.0367836022949893e-05,5.556065798482646e-06,5.8382300872492405e-05,5.826738726329647e-10,3.97868252924054e-09,4.1567284477722376e-08,3.964891763052297e-15,1.8349927444501803e-15,2.1298990186021167e-15,4.94193854627464e-14,3.844763622375981e-14,1.097174923898659e-14,9.3151120526685e-08,2.088788974936957e-05,4.3981169820049174e-11,9.702987524678642e-14,2.3944513827282567e-13,1.8483496223129916e-08,4.774022470218779e-07
20055,Maintenance,1.5421611526753646e-08,4.415396037058778e-06,2.1107633985846416e-09,4.411255517639093e-06,2.0297560210954095e-09,3.592390182143253e-05,3.0367836022949893e-05,5.556065798482646e-06,5.8382300872492405e-05,5.826738726329647e-10,3.97868252924054e-09,4.1567284477722376e-08,3.964891763052297e-15,1.8349927444501803e-15,2.1298990186021167e-15,4.94193854627464e-14,3.844763622375981e-14,1.097174923898659e-14,9.3151120526685e-08,2.088788974936957e-05,4.3981169820049174e-11,9.702987524678642e-14,2.3944513827282567e-13,1.8483496223129916e-08,4.774022470218779e-07
20056,Maintenance,1.5421611526753646e-08,4.415396037058778e-06,2.1107633985846416e-09,4.411255517639093e-06,2.0297560210954095e-09,3.592390182143253e-05,3.0367836022949893e-05,5.556065798482646e-06,5.8382300872492405e-05,5.826738726329647e-10,3.97868252924054e-09,4.1567284477722376e-08,3.964891763052297e-15,1.8349927444501803e-15,2.1298990186021167e-15,4.94193854627464e-14,3.844763622375981e-14,1.097174923898659e-14,9.3151120526685e-08,2.088788974936957e-05,4.3981169820049174e-11,9.702987524678642e-14,2.3944513827282567e-13,1.8483496223129916e-08,4.774022470218779e-07
20057,Maintenance,1.5421611526753646e-08,4.415396037058778e-06,2.1107633985846416e-09,4.411255517639093e-06,2.0297560210954095e-09,3.592390182143253e-05,3.0367836022949893e-05,5.556065798482646e-06,5.8382300872492405e-05,5.826738726329647e-10,3.97868252924054e-09,4.1567284477722376e-08,3.964891763052297e-15,1.8349927444501803e-15,2.1298990186021167e-15,4.94193854627464e-14,3.844763622375981e-14,1.097174923898659e-14,9.3151120526685e-08,2.088788974936957e-05,4.3981169820049174e-11,9.702987524678642e-14,2.3944513827282567e-13,1.8483496223129916e-08,4.774022470218779e-07
25031,Maintenance,1.4845067024684763e-08,4.250324293083987e-06,2.0318514748527397e-09,4.246338569011273e-06,1.953872597856949e-09,3.458086915250048e-05,2.9232519595844514e-05,5.348349556655977e-06,5.619964995253032e-05,5.608903244491105e-10,3.829937533704136e-09,4.0013271183457476e-08,3.816662342066019e-15,1.7663906417248146e-15,2.050271700341205e-15,4.757181752636439e-14,3.7010252507803936e-14,1.0561565018560455e-14,8.966862025049491e-08,2.010698575798528e-05,4.233691223968429e-11,9.340236582515982e-14,2.304933644728679e-13,1.779248166165109e-08,4.595543301347032e-07
25514,Maintenance,1.124711953468209e-08,3.2201879119837707e-06,1.5393986686883374e-09,3.21716819405299e-06,1.4803192620885849e-09,2.619962364094698e-05,2.214753504633513e-05,4.052088594611858e-06,4.257873539892768e-05,4.249492787358921e-10,2.9016888357801567e-09,3.031539320271631e-08,2.891631106370688e-15,1.3382766584608712e-15,1.553354447909817e-15,3.604200084185652e-14,2.80402057647751e-14,8.001795077081422e-15,6.79359472604838e-08,1.5233725245306731e-05,3.207586142233574e-11,7.076475784924827e-14,1.7462948586669926e-13,1.3480179492249768e-08,3.481737384621555e-07
25515,Maintenance,1.124711953468209e-08,3.2201879119837707e-06,1.5393986686883374e-09,3.21716819405299e-06,1.4803192620885849e-09,2.619962364094698e-05,2.214753504633513e-05,4.052088594611858e-06,4.257873539892768e-05,4.249492787358921e-10,2.9016888357801567e-09,3.031539320271631e-08,2.891631106370688e-15,1.3382766584608712e-15,1.553354447909817e-15,3.604200084185652e-14,2.80402057647751e-14,8.001795077081422e-15,6.79359472604838e-08,1.5233725245306731e-05,3.207586142233574e-11,7.076475784924827e-14,1.7462948586669926e-13,1.3480179492249768e-08,3.481737384621555e-07
25516,Maintenance,1.124711953468209e-08,3.2201879119837707e-06,1.5393986686883374e-09,3.21716819405299e-06,1.4803192620885849e-09,2.619962364094698e-05,2.214753504633513e-05,4.052088594611858e-06,4.257873539892768e-05,4.249492787358921e-10,2.9016888357801567e-09,3.031539320271631e-08,2.891631106370688e-15,1.3382766584608712e-15,1.553354447909817e-15,3.604200084185652e-14,2.80402057647751e-14,8.001795077081422e-15,6.79359472604838e-08,1.5233725245306731e-05,3.207586142233574e-11,7.076475784924827e-14,1.7462948586669926e-13,1.3480179492249768e-08,3.481737384621555e-07
25517,Maintenance,1.124711953468209e-08,3.2201879119837707e-06,1.5393986686883374e-09,3.21716819405299e-06,1.4803192620885849e-09,2.619962364094698e-05,2.214753504633513e-05,4.052088594611858e-06,4.257873539892768e-05,4.249492787358921e-10,2.9016888357801567e-09,3.031539320271631e-08,2.891631106370688e-15,1.3382766584608712e-15,1.553354447909817e-15,3.604200084185652e-14,2.80402057647751e-14,8.001795077081422e-15,6.79359472604838e-08,1.5233725245306731e-05,3.207586142233574e-11,7.076475784924827e-14,1.7462948586669926e-13,1.3480179492249768e-08,3.481737384621555e-07
25518,Maintenance,1.124711953468209e-08,3.2201879119837707e-06,1.5393986686883374e-09,3.21716819405299e-06,1.4803192620885849e-09,2.619962364094698e-05,2.214753504633513e-05,4.052088594611858e-06,4.257873539892768e-05,4.249492787358921e-10,2.9016888357801567e-09,3.031539320271631e-08,2.891631106370688e-15,1.3382766584608712e-15,1.553354447909817e-15,3.604200084185652e-14,2.80402057647751e-14,8.001795077081422e-15,6.79359472604838e-08,1.5233725245306731e-05,3.207586142233574e-11,7.076475784924827e-14,1.7462948586669926e-13,1.3480179492249768e-08,3.481737384621555e-07
25519,Maintenance,1.124711953468209e-08,3.2201879119837707e-06,1.5393986686883374e-09,3.21716819405299e-06,1.4803192620885849e-09,2.619962364094698e-05,2.214753504633513e-05,4.052088594611858e-06,4.257873539892768e-05,4.249492787358921e-10,2.9016888357801567e-09,3.031539320271631e-08,2.891631106370688e-15,1.3382766584608712e-15,1.553354447909817e-15,3.604200084185652e-14,2.80402057647751e-14,8.001795077081422e-15,6.79359472604838e-08,1.5233725245306731e-05,3.207586142233574e-11,7.076475784924827e-14,1.7462948586669926e-13,1.3480179492249768e-08,3.481737384621555e-07
25520,Maintenance,1.124711953468209e-08,3.2201879119837707e-06,1.5393986686883374e-09,3.21716819405299e-06,1.4803192620885849e-09,2.619962364094698e-05,2.214753504633513e-05,4.052088594611858e-06,4.257873539892768e-05,4.249492787358921e-10,2.9016888357801567e-09,3.031539320271631e-08,2.891631106370688e-15,1.3382766584608712e-15,1.553354447909817e-15,3.604200084185652e-14,2.80402057647751e-14,8.001795077081422e-15,6.79359472604838e-08,1.5233725245306731e-05,3.207586142233574e-11,7.076475784924827e-14,1.7462948586669926e-13,1.3480179492249768e-08,3.481737384621555e-07
25521,Maintenance,1.124711953468209e-08,3.2201879119837707e-06,1.5393986686883374e-09,3.21716819405299e-06,1.4803192620885849e-09,2.619962364094698e-05,2.214753504633513e-05,4.052088594611858e-06,4.257873539892768e-05,4.249492787358921e-10,2.9016888357801567e-09,3.031539320271631e-08,2.891631106370688e-15,1.3382766584608712e-15,1.553354447909817e-15,3.604200084185652e-14,2.80402057647751e-14,8.001795077081422e-15,6.79359472604838e-08,1.5233725245306731e-05,3.207586142233574e-11,7.076475784924827e-14,1.7462948586669926e-13,1.3480179492249768e-08,3.481737384621555e-07
25522,Maintenance,1.124711953468209e-08,3.2201879119837707e-06,1.5393986686883374e-09,3.21716819405299e-06,1.4803192620885849e-09,2.619962364094698e-05,2.214753504633513e-05,4.052088594611858e-06,4.257873539892768e-05,4.249492787358921e-10,2.9016888357801567e-09,3.031539320271631e-08,2.891631106370688e-15,1.3382766584608712e-15,1.553354447909817e-15,3.604200084185652e-14,2.80402057647751e-14,8.001795077081422e-15,6.79359472604838e-08,1.5233725245306731e-05,3.207586142233574e-11,7.076475784924827e-14,1.7462948586669926e-13,1.3480179492249768e-08,3.481737384621555e-07
29891,Maintenance,1.0509542842249493e-08,3.0090106819553752e-06,1.4384461914887271e-09,3.006188994600921e-06,1.3832411629620764e-09,2.448147423491644e-05,2.069511822133047e-05,3.7863560135859785e-06,3.9786457542658636e-05,3.970814604473852e-10,2.7113985087889966e-09,2.8327335071093977e-08,2.7020003568623086e-15,1.2505135944813776e-15,1.4514867623809311e-15,3.367839657077052e-14,2.620135252245497e-14,7.47704404831555e-15,6.348076465811633e-08,1.423471028461281e-05,2.9972353257257683e-11,6.612406421437641e-14,1.631774302368481e-13,1.2596160595444085e-08,3.253407958927346e-07
29892,Maintenance,1.0509542842249493e-08,3.0090106819553752e-06,1.4384461914887271e-09,3.006188994600921e-06,1.3832411629620764e-09,2.448147423491644e-05,2.069511822133047e-05,3.7863560135859785e-06,3.9786457542658636e-05,3.970814604473852e-10,2.7113985087889966e-09,2.8327335071093977e-08,2.7020003568623086e-15,1.2505135944813776e-15,1.4514867623809311e-15,3.367839657077052e-14,2.620135252245497e-14,7.47704404831555e-15,6.348076465811633e-08,1.423471028461281e-05,2.9972353257257683e-11,6.612406421437641e-14,1.631774302368481e-13,1.2596160595444085e-08,3.253407958927346e-07
29893,Maintenance,1.0509542842249493e-08,3.0090106819553752e-06,1.4384461914887271e-09,3.006188994600921e-06,1.3832411629620764e-09,2.448147423491644e-05,2.069511822133047e-05,3.7863560135859785e-06,3.9786457542658636e-05,3.970814604473852e-10,2.7113985087889966e-09,2.8327335071093977e-08,2.7020003568623086e-15,1.2505135944813776e-15,1.4514867623809311e-15,3.367839657077052e-14,2.620135252245497e-14,7.47704404831555e-15,6.348076465811633e-08,1.423471028461281e-05,2.9972353257257683e-11,6.612406421437641e-14,1.631774302368481e-13,1.2596160595444085e-08,3.253407958927346e-07
29894,Maintenance,1.0509542842249493e-08,3.0090106819553752e-06,1.4384461914887271e-09,3.006188994600921e-06,1.3832411629620764e-09,2.448147423491644e-05,2.069511822133047e-05,3.7863560135859785e-06,3.9786457542658636e-05,3.970814604473852e-10,2.7113985087889966e-09,2.8327335071093977e-08,2.7020003568623086e-15,1.2505135944813776e-15,1.4514867623809311e-15,3.367839657077052e-14,2.620135252245497e-14,7.47704404831555e-15,6.348076465811633e-08,1.423471028461281e-05,2.9972353257257683e-11,6.612406421437641e-14,1.631774302368481e-13,1.2596160595444085e-08,3.253407958927346e-07
29895,Maintenance,1.0509542842249493e-08,3.0090106819553752e-06,1.4384461914887271e-09,3.006188994600921e-06,1.3832411629620764e-09,2.448147423491644e-05,2.069511822133047e-05,3.7863560135859785e-06,3.9786457542658636e-05,3.970814604473852e-10,2.7113985087889966e-09,2.8327335071093977e-08,2.7020003568623086e-15,1.2505135944813776e-15,1.4514867623809311e-15,3.367839657077052e-14,2.620135252245497e-14,7.47704404831555e-15,6.348076465811633e-08,1.423471028461281e-05,2.9972353257257683e-11,6.612406421437641e-14,1.631774302368481e-13,1.2596160595444085e-08,3.253407958927346e-07
29896,Maintenance,1.0509542842249493e-08,3.0090106819553752e-06,1.4384461914887271e-09,3.006188994600921e-06,1.3832411629620764e-09,2.448147423491644e-05,2.069511822133047e-05,3.7863560135859785e-06,3.9786457542658636e-05,3.970814604473852e-10,2.7113985087889966e-09,2.8327335071093977e-08,2.7020003568623086e-15,1.2505135944813776e-15,1.4514867623809311e-15,3.367839657077052e-14,2.620135252245497e-14,7.47704404831555e-15,6.348076465811633e-08,1.423471028461281e-05,2.9972353257257683e-11,6.612406421437641e-14,1.631774302368481e-13,1.2596160595444085e-08,3.253407958927346e-07
29911,Maintenance,1.0491890136268355e-08,3.0039564962824145e-06,1.4360300571174051e-09,3.0011395484697258e-06,1.3809177555677398e-09,2.4440353105944352e-05,2.0660356972179134e-05,3.7799961337652266e-06,3.9719628885354136e-05,3.9641448925967e-10,2.7068442173805315e-09,2.8279754113030896e-08,2.6974618513748125e-15,1.2484131273973048e-15,1.4490487239775079e-15,3.362182752285818e-14,2.6157342542256052e-14,7.464484980602127e-15,6.337413706348275e-08,1.4210800476245999e-05,2.992200918924683e-11,6.601299671302309e-14,1.6290334379541423e-13,1.2575003031997207e-08,3.247943263174381e-07
29912,Maintenance,1.0491890136268355e-08,3.0039564962824145e-06,1.4360300571174051e-09,3.0011395484697258e-06,1.3809177555677398e-09,2.4440353105944352e-05,2.0660356972179134e-05,3.7799961337652266e-06,3.9719628885354136e-05,3.9641448925967e-10,2.7068442173805315e-09,2.8279754113030896e-08,2.6974618513748125e-15,1.2484131273973048e-15,1.4490487239775079e-15,3.362182752285818e-14,2.6157342542256052e-14,7.464484980602127e-15,6.337413706348275e-08,1.4210800476245999e-05,2.992200918924683e-11,6.601299671302309e-14,1.6290334379541423e-13,1.2575003031997207e-08,3.247943263174381e-07
29913,Maintenance,1.0491890136268355e-08,3.0039564962824145e-06,1.4360300571174051e-09,3.0011395484697258e-06,1.3809177555677398e-09,2.4440353105944352e-05,2.0660356972179134e-05,3.7799961337652266e-06,3.9719628885354136e-05,3.9641448925967e-10,2.7068442173805315e-09,2.8279754113030896e-08,2.6974618513748125e-15,1.2484131273973048e-15,1.4490487239775079e-15,3.362182752285818e-14,2.6157342542256052e-14,7.464484980602127e-15,6.337413706348275e-08,1.4210800476245999e-05,2.992200918924683e-11,6.601299671302309e-14,1.6290334379541423e-13,1.2575003031997207e-08,3.247943263174381e-07
29914,Maintenance,1.0491890136268355e-08,3.0039564962824145e-06,1.4360300571174051e-09,3.0011395484697258e-06,1.3809177555677398e-09,2.4440353105944352e-05,2.0660356972179134e-05,3.7799961337652266e-06,3.9719628885354136e-05,3.9641448925967e-10,2.7068442173805315e-09,2.8279754113030896e-08,2.6974618513748125e-15,1.2484131273973048e-15,1.4490487239775079e-15,3.362182752285818e-14,2.6157342542256052e-14,7.464484980602127e-15,6.337413706348275e-08,1.4210800476245999e-05,2.992200918924683e-11,6.601299671302309e-14,1.6290334379541423e-13,1.2575003031997207e-08,3.247943263174381e-07
29915,Maintenance,1.0491890136268355e-08,3.0039564962824145e-06,1.4360300571174051e-09,3.0011395484697258e-06,1.3809177555677398e-09,2.4440353105944352e-05,2.0660356972179134e-05,3.7799961337652266e-06,3.9719628885354136e-05,3.9641448925967e-10,2.7068442173805315e-09,2.8279754113030896e-08,2.6974618513748125e-15,1.2484131273973048e-15,1.4490487239775079e-15,3.362182752285818e-14,2.6157342542256052e-14,7.464484980602127e-15,6.337413706348275e-08,1.4210800476245999e-05,2.992200918924683e-11,6.601299671302309e-14,1.6290334379541423e-13,1.2575003031997207e-08,3.247943263174381e-07
29916,Maintenance,1.0491890136268355e-08,3.0039564962824145e-06,1.4360300571174051e-09,3.0011395484697258e-06,1.3809177555677398e-09,2.4440353105944352e-05,2.0660356972179134e-05,3.7799961337652266e-06,3.9719628885354136e-05,3.9641448925967e-10,2.7068442173805315e-09,2.8279754113030896e-08,2.6974618513748125e-15,1.2484131273973048e-15,1.4490487239775079e-15,3.362182752285818e-14,2.6157342542256052e-14,7.464484980602127e-15,6.337413706348275e-08,1.4210800476245999e-05,2.992200918924683e-11,6.601299671302309e-14,1.6290334379541423e-13,1.2575003031997207e-08,3.247943263174381e-07
33601,Maintenance,1.124711953468209e-08,3.2201879119837707e-06,1.5393986686883374e-09,3.21716819405299e-06,1.4803192620885849e-09,2.619962364094698e-05,2.214753504633513e-05,4.052088594611858e-06,4.257873539892768e-05,4.249492787358921e-10,2.9016888357801567e-09,3.031539320271631e-08,2.891631106370688e-15,1.3382766584608712e-15,1.553354447909817e-15,3.604200084185652e-14,2.80402057647751e-14,8.001795077081422e-15,6.79359472604838e-08,1.5233725245306731e-05,3.207586142233574e-11,7.076475784924827e-14,1.7462948586669926e-13,1.3480179492249768e-08,3.481737384621555e-07
33602,Maintenance,1.124711953468209e-08,3.2201879119837707e-06,1.5393986686883374e-09,3.21716819405299e-06,1.4803192620885849e-09,2.619962364094698e-05,2.214753504633513e-05,4.052088594611858e-06,4.257873539892768e-05,4.249492787358921e-10,2.9016888357801567e-09,3.031539320271631e-08,2.891631106370688e-15,1.3382766584608712e-15,1.553354447909817e-15,3.604200084185652e-14,2.80402057647751e-14,8.001795077081422e-15,6.79359472604838e-08,1.5233725245306731e-05,3.207586142233574e-11,7.076475784924827e-14,1.7462948586669926e-13,1.3480179492249768e-08,3.481737384621555e-07
33603,Maintenance,1.124711953468209e-08,3.2201879119837707e-06,1.5393986686883374e-09,3.21716819405299e-06,1.4803192620885849e-09,2.619962364094698e-05,2.214753504633513e-05,4.052088594611858e-06,4.257873539892768e-05,4.249492787358921e-10,2.9016888357801567e-09,3.031539320271631e-08,2.891631106370688e-15,1.3382766584608712e-15,1.553354447909817e-15,3.604200084185652e-14,2.80402057647751e-14,8.001795077081422e-15,6.79359472604838e-08,1.5233725245306731e-05,3.207586142233574e-11,7.076475784924827e-14,1.7462948586669926e-13,1.3480179492249768e-08,3.481737384621555e-07
36688,Maintenance,2.3752107239495622e-08,6.80051886893438e-06,3.250962359764384e-09,6.794141710418037e-06,3.126196156571119e-09,5.532939064400077e-05,4.6772031353351216e-05,8.557359290649562e-06,8.991943992404852e-05,8.974245191185769e-10,6.127900053926618e-09,6.402123389353197e-08,6.106659747305631e-15,2.8262250267597032e-15,3.2804347205459287e-15,7.611490804218302e-14,5.921640401248631e-14,1.689850402969673e-14,1.4346979240079186e-07,3.217117721277645e-05,6.773905958349485e-11,1.494437853202557e-13,3.6878938315658864e-13,2.8467970658641743e-08,7.352869282155251e-07
9972,Disposal,-9.888204781057407e-08,-9.754325109222168e-05,-1.250521863476196e-08,-9.752137568301653e-05,-9.370190570479006e-09,-0.000507106257352003,-0.0004976654276352776,-9.440829716725279e-06,-0.00027857053575711067,-3.243644192553474e-09,-4.745531233128449e-08,-4.105083030746235e-07,-2.3351804511778442e-12,-1.1048154426075394e-14,-2.3241322967517678e-12,-3.284977848227829e-13,-3.11778269585261e-13,-1.671951523752232e-14,-3.2098300667442225e-07,-0.00047006006125909026,-2.994833207517705e-11,-4.15917559348323e-13,-1.0230114807951744e-10,-1.42844004300707e-07,-3.346962082248783e-06
9973,Disposal,-9.936215510258795e-08,-9.928882667138304e-05,-1.2708239655004057e-08,-9.92667001910418e-05,-9.418240686331118e-09,-0.0005163197436243246,-0.0005068007416023392,-9.519002021985269e-06,-0.00027911887920187967,-3.2513694400053764e-09,-4.795988793515328e-08,-4.126502345164887e-07,-2.4123034885856052e-12,-1.1271436366697231e-14,-2.4010320522189066e-12,-3.355125356660676e-13,-3.1852682834610794e-13,-1.6985707319960038e-14,-3.2219151090485144e-07,-0.0004706002342007888,-3.014893177746851e-11,-4.1872034156970993e-13,-1.0562862005154376e-10,-1.4367326846085526e-07,-3.4012875379509494e-06
9974,Disposal,-9.855389701572316e-08,-9.63501594160437e-05,-1.2366454841184844e-08,-9.632845561263219e-05,-9.337348570426455e-09,-0.0005008088882141005,-0.0004914214888545746,-9.387399359525765e-06,-0.00027819574591274603,-3.2383640267781786e-09,-4.711043757469128e-08,-4.0904430426257493e-07,-2.2824672630058546e-12,-1.0895542400576751e-14,-2.2715717206052766e-12,-3.237032397217301e-13,-3.071656653646904e-13,-1.6537574357040073e-14,-3.2015700042458474e-07,-0.0004696908559103611,-2.981122323961308e-11,-4.1400187252364644e-13,-1.0002683858531186e-10,-1.4227720663314286e-07,-3.309830920598383e-06
9975,Disposal,-9.889293715598323e-08,-9.758284260798384e-05,-1.2509823368019529e-08,-9.756096150421756e-05,-9.371280398351166e-09,-0.0005073152290466862,-0.000497872626298708,-9.442602747978013e-06,-0.000278582972771237,-3.243819409404529e-09,-4.746675664410157e-08,-4.105568843640586e-07,-2.3369296839166645e-12,-1.1053218698615101e-14,-2.3258764652180486e-12,-3.2865688685302143e-13,-3.1193133409518054e-13,-1.6725552757841352e-14,-3.2101041683921765e-07,-0.0004700723129574933,-2.99528818903612e-11,-4.1598112943822375e-13,-1.0237661869253545e-10,-1.4286281289625534e-07,-3.348194241521286e-06
9976,Disposal,-9.797874276987035e-08,-9.425901182776135e-05,-1.2123241701680535e-08,-9.423760880009797e-05,-9.279785961805917e-09,-0.0004897714058913388,-0.000480477654626783,-9.293751264555601e-06,-0.00027753884678688293,-3.2291094102661333e-09,-4.650597101951453e-08,-4.064783341479641e-07,-2.1900761596921085e-12,-1.0628057281506348e-14,-2.179448102410601e-12,-3.152997769994892e-13,-2.9908109283423195e-13,-1.621868416525764e-14,-3.187092483266176e-07,-0.0004690437448039885,-2.9570910766945194e-11,-4.1064422284482244e-13,-9.604062620216033e-11,-1.412837728516184e-07,-3.2447506416175643e-06
9977,Disposal,-9.767330598887952e-08,-9.314850383351946e-05,-1.1994082890873668e-08,-9.312726053340215e-05,-9.249217226533132e-09,-0.00048390992943486434,-0.0004746659101732972,-9.244019261567085e-06,-0.000277189999228361,-3.224194728166286e-09,-4.618496787964194e-08,-4.0511567072753977e-07,-2.141011684567702e-12,-1.0486008788739554e-14,-2.1305256757789615e-12,-3.1083710177529454e-13,-2.947877648666557e-13,-1.604933690863928e-14,-3.1794041675897416e-07,-0.00046870009519225545,-2.944329236090389e-11,-4.088611364519293e-13,-9.392374036251867e-11,-1.4075620790961492e-07,-3.210189632877356e-06
9978,Disposal,-9.841117492026453e-08,-9.583124997937537e-05,-1.230610252845584e-08,-9.580962081219464e-05,-9.323064652361649e-09,-0.0004980699836210269,-0.0004887058226405031,-9.36416098052357e-06,-0.0002780327391707735,-3.2360675328014952e-09,-4.696044175355019e-08,-4.084075696226378e-07,-2.259540801171048e-12,-1.0829167098693828e-14,-2.2487116340723535e-12,-3.216179559609396e-13,-3.051595128573342e-13,-1.645844310360578e-14,-3.1979774685979516e-07,-0.0004695302780240602,-2.975159071510107e-11,-4.131686859455536e-13,-9.903767682849842e-11,-1.4203069023859147e-07,-3.2936815244039735e-06
9979,Disposal,-9.936829112490201e-08,-9.931113604031531e-05,-1.2710834369833743e-08,-9.928900635115363e-05,-9.418854791944521e-09,-0.0005164374967980373,-0.0005069174956931023,-9.520001104934839e-06,-0.00027912588731791713,-3.2514681727085347e-09,-4.79663366752911e-08,-4.126776095206619e-07,-2.4132891613432025e-12,-1.1274290026686929e-14,-2.402014871316515e-12,-3.3560218785093946e-13,-3.1861307845693344e-13,-1.6989109394006473e-14,-3.222069562210295e-07,-0.0004706071378935234,-3.0151495546588306e-11,-4.1875616259250623e-13,-1.0567114688379435e-10,-1.4368386689057202e-07,-3.40198184568998e-06
9980,Disposal,-1.0036043755695064e-07,-0.00010291838511056284,-1.3130379301174298e-08,-0.00010289573658043373,-9.51815082804976e-09,-0.0005354772566264479,-0.0005257957116852936,-9.681544941154e-06,-0.0002802590444294926,-3.2674324724048525e-09,-4.900904711398762e-08,-4.171039318721204e-07,-2.572664675245311e-12,-1.1735704348888982e-14,-2.5609289708964207e-12,-3.5009823933076934e-13,-3.3255904138525986e-13,-1.7539197945509953e-14,-3.247043420768172e-07,-0.000471723410580296,-3.056603680061435e-11,-4.245481395672655e-13,-1.1254740037900724e-10,-1.4539754941821232e-07,-3.5142459331989043e-06
9981,Disposal,-9.990447067606159e-08,-0.00010126057931293024,-1.2937566438519371e-08,-0.00010123816922975809,-9.472516733721503e-09,-0.0005267270362744872,-0.0005171197330347071,-9.607303239779727e-06,-0.00027973827239722774,-3.260095660314446e-09,-4.8529842219382295e-08,-4.15069699493502e-07,-2.499419483188345e-12,-1.1523649310947066e-14,-2.4878958338773968e-12,-3.4343619916718455e-13,-3.261498088244036e-13,-1.728639034278148e-14,-3.2355660299087537e-07,-0.00047121039822771573,-3.0375523508934404e-11,-4.218862848348858e-13,-1.09387237970379e-10,-1.4460998172485404e-07,-3.462652031166112e-06
9982,Disposal,-1.0024366744353519e-07,-0.00010249383197057838,-1.3081001197667579e-08,-0.0001024712445051436,-9.50646423721682e-09,-0.000533236382857466,-0.0005235738507267877,-9.662532130678099e-06,-0.0002801256781438698,-3.2655535631774236e-09,-4.888632589839582e-08,-4.1658297836536236e-07,-2.5539070642386677e-12,-1.1681398451095447e-14,-2.5422256657875713e-12,-3.483921347471133e-13,-3.309176791626835e-13,-1.7474455584430274e-14,-3.244104136604035e-07,-0.0004715920314975049,-3.051724760208036e-11,-4.238664561116834e-13,-1.1173810361134007e-10,-1.4519585852194264e-07,-3.501033074887423e-06
9983,Disposal,-1.0055766228234202e-07,-0.00010363545537793132,-1.3213778919617841e-08,-0.00010361270370953148,-9.537889480350176e-09,-0.0005392620924958083,-0.0005295484349171362,-9.713657578671833e-06,-0.0002804843000902869,-3.270605950151651e-09,-4.921632325115015e-08,-4.1798382236213357e-07,-2.6043462808511947e-12,-1.1827427012044697e-14,-2.5925188538391493e-12,-3.5297985002856226e-13,-3.3533130223306427e-13,-1.7648547795498512e-14,-3.252007871817872e-07,-0.0004719453098554423,-3.0648441758539624e-11,-4.2569950294611796e-13,-1.1391430264615993e-10,-1.4573820534863175e-07,-3.5365624513206714e-06
9984,Disposal,-9.907646836582598e-08,-9.825012594911285e-05,-1.2587432465169968e-08,-9.822814886807208e-05,-9.389648575719253e-09,-0.0005108372798685675,-0.0005013647940965252,-9.472485772042032e-06,-0.0002787925886998051,-3.246772549327138e-09,-4.765964138585737e-08,-4.113756831522977e-07,-2.3664116030577393e-12,-1.1138572962922291e-14,-2.355273030094816e-12,-3.313384243560516e-13,-3.145111140207837e-13,-1.682731033526832e-14,-3.2147239324990784e-07,-0.00047027880553772124,-3.0029565387296263e-11,-4.17052552473394e-13,-1.036486155292887e-10,-1.4317981673502818e-07,-3.3689613008351623e-06
9985,Disposal,-1.0129561516059777e-07,-0.00010631850673807989,-1.3525834055472234e-08,-0.00010629536915871678,-9.611745307752532e-09,-0.0005534237576621708,-0.0005435899446960968,-9.833812966073926e-06,-0.00028132713591067724,-3.2824801055481585e-09,-4.999188535021914e-08,-4.212760957744382e-07,-2.7228888824354216e-12,-1.217062436289779e-14,-2.710718258072523e-12,-3.6376193074501034e-13,-3.457042302107988e-13,-1.805770053421203e-14,-3.2705832858985166e-07,-0.00047277558713661053,-3.0956775187641025e-11,-4.300075425068602e-13,-1.1902882092138154e-10,-1.47012832674638e-07,-3.6200638416657496e-06
9986,Disposal,-1.0092182493483855e-07,-0.00010495947907766337,-1.3367770901147203e-08,-0.00010493653697114187,-9.574335620478714e-09,-0.0005462505462341281,-0.0005364775947548867,-9.77295147924109e-06,-0.00028090022004536295,-3.2764655708032683e-09,-4.9599045182989885e-08,-4.196084830334253e-07,-2.662844308975681e-12,-1.1996786955340598e-14,-2.650847522020339e-12,-3.583005571208822e-13,-3.404501019258788e-13,-1.7850455195003896e-14,-3.2611744084113976e-07,-0.00047235503246230095,-3.0800597163990865e-11,-4.278254206838575e-13,-1.164381989493344e-10,-1.4636720441030641e-07,-3.577768453344926e-06
9987,Disposal,-1.0057516277739976e-07,-0.00010369908373206013,-1.3221179282870951e-08,-0.0001036763229118118,-9.539640965547302e-09,-0.0005395979352827346,-0.0005298814282284044,-9.716507054329908e-06,-0.0002805042878761521,-3.270887544822469e-09,-4.92347156459516e-08,-4.180618983698009e-07,-2.607157509419153e-12,-1.183556591050206e-14,-2.5953219435086495e-12,-3.5323554623336146e-13,-3.3557729541251764e-13,-1.765825082084432e-14,-3.252448386316687e-07,-0.00047196499981652765,-3.065575386180682e-11,-4.2580166776891756e-13,-1.1403559304888854e-10,-1.457684330364375e-07,-3.5385426802920717e-06
9988,Disposal,-9.872356717007372e-08,-9.696704668868754e-05,-1.2438202570106833e-08,-9.694525415661241e-05,-9.35432950512335e-09,-0.0005040649388176524,-0.0004946499133268011,-9.415025490851048e-06,-0.0002783895307572144,-3.241094133046847e-09,-4.7288754842547876e-08,-4.098012638930466e-07,-2.3097225825534275e-12,-1.0974450348777426e-14,-2.298748132204649e-12,-3.261822561376615e-13,-3.0955060936708976e-13,-1.6631646770572163e-14,-3.205840864170722e-07,-0.00046988175329500516,-2.9882115273574275e-11,-4.1499237714630896e-13,-1.0120276882524354e-10,-1.425702689973064e-07,-3.329029563500654e-06
9989,Disposal,-9.85127660984352e-08,-9.620061549958872e-05,-1.2349061977276723e-08,-9.617893320550712e-05,-9.333232104432991e-09,-0.0005000195664351895,-0.0004906388641175027,-9.380702317686699e-06,-0.0002781487691864031,-3.23770220280829e-09,-4.7067210450726575e-08,-4.088608044356878e-07,-2.2758601122181463e-12,-1.0876413778320074e-14,-2.264983698439825e-12,-3.2310228418214546e-13,-3.065875145704358e-13,-1.6514769611710072e-14,-3.200534675510568e-07,-0.00046964457915315346,-2.979403781064713e-11,-4.1376175743761967e-13,-9.974177319110529e-11,-1.4220616335563325e-07,-3.305176844598531e-06
9990,Disposal,-9.816695295009275e-08,-9.494330698388714e-05,-1.2202829376028118e-08,-9.492180553209117e-05,-9.298622420061527e-09,-0.0004933832483703739,-0.0004840588522397515,-9.324396130622242e-06,-0.00027775380669330476,-3.232137837951716e-09,-4.6703773191903165e-08,-4.0731800750723863e-07,-2.2203096950106962e-12,-1.0715587579387405e-14,-2.2095941074313083e-12,-3.180496779953517e-13,-3.017266420307306e-13,-1.632303596462154e-14,-3.1918300242865284e-07,-0.00046925550173499005,-2.964954924369581e-11,-4.117429608889764e-13,-9.734505150449866e-11,-1.4160885843067467e-07,-3.2660471392514156e-06
9991,Disposal,-1.0052770193412834e-07,-0.00010352652545111106,-1.3201109708876148e-08,-0.00010350378945041464,-9.53489098766618e-09,-0.0005386871392268781,-0.0005289783598692312,-9.708779357646633e-06,-0.0002804500815711782,-3.2701238681096875e-09,-4.9184835996023035e-08,-4.1785015846467655e-07,-2.5995335377530017e-12,-1.1813493450105253e-14,-2.587720044302895e-12,-3.525421054214863e-13,-3.3491016892853296e-13,-1.7631936492953823e-14,-3.2512537235646873e-07,-0.00047191160120385936,-3.063592364637557e-11,-4.2552459968445833e-13,-1.13706656937354e-10,-1.456864564095666e-07,-3.5331723558216513e-06
9992,Disposal,-9.995715934403349e-08,-0.00010145214493511547,-1.295984668150836e-08,-0.00010142970729851111,-9.477789922948692e-09,-0.0005277381567618053,-0.0005181222746174659,-9.615882144339095e-06,-0.0002797984495413299,-3.2609434562233285e-09,-4.8585216126217694e-08,-4.153047626063442e-07,-2.5078832373919478e-12,-1.1548153058816007e-14,-2.4963350843331304e-12,-3.4420602267171244e-13,-3.268904194707191e-13,-1.731560320099382e-14,-3.2368922850854377e-07,-0.00047126967871198664,-3.0397538027949444e-11,-4.221938720436549e-13,-1.0975240648340975e-10,-1.447009880993079e-07,-3.468613898326904e-06
9993,Disposal,-1.0090361018737272e-07,-0.00010489325384241738,-1.3360068504879792e-08,-0.00010487032126126117,-9.572512651445525e-09,-0.000545900996605281,-0.0005361310108981136,-9.769985707167186e-06,-0.00028087941649262147,-3.276172483333472e-09,-4.957990213443644e-08,-4.19527220488674e-07,-2.6599183449806597e-12,-1.1988315881833161e-14,-2.6479300290988258e-12,-3.580344251181581e-13,-3.4019406896068166e-13,-1.7840356157476956e-14,-3.2607159150759535e-07,-0.0004723345388895422,-3.079298662988789e-11,-4.2771908618068817e-13,-1.1631195828880237e-10,-1.4633574303175454e-07,-3.575707404756328e-06
9994,Disposal,-1.0139757601592494e-07,-0.00010668921633164371,-1.3568949828170557e-08,-0.0001066660254320578,-9.6219497578668e-09,-0.0005553804347560148,-0.0005455300202609913,-9.850414495023364e-06,-0.00028144358814452514,-3.2841207239076628e-09,-5.009904256487397e-08,-4.217309798503468e-07,-2.7392675773445103e-12,-1.2218042967079818e-14,-2.7270495343774295e-12,-3.652516602446147e-13,-3.4713742823742174e-13,-1.8114232007193458e-14,-3.2731497981563126e-07,-0.00047289030419272755,-3.099937674267723e-11,-4.306027721093719e-13,-1.1973547939957675e-10,-1.4718894431565516e-07,-3.6316009918435694e-06
9995,Disposal,-1.0032234799793396e-07,-0.00010277989897392935,-1.3114272524083486e-08,-0.000102757270362658,-9.514338747387892e-09,-0.0005347462999528947,-0.0005250709568517961,-9.675343101098246e-06,-0.00028021554132019104,-3.266819585923784e-09,-4.896901634886151e-08,-4.1693400063920285e-07,-2.5665460793944386e-12,-1.171799016125604e-14,-2.5548280892331813e-12,-3.495417204636804e-13,-3.3202364100398116e-13,-1.7518079459699712e-14,-3.246084647719469e-07,-0.0004716805556820591,-3.0550122120028863e-11,-4.243257793977612e-13,-1.1228341367819449e-10,-1.4533175931942856e-07,-3.5099359952215058e-06
9996,Disposal,-1.0053683608405292e-07,-0.00010355973542169465,-1.320497222974925e-08,-0.00010353699464431302,-9.535805151998586e-09,-0.0005388624278890988,-0.0005291521612856465,-9.710266603452043e-06,-0.0002804605139293573,-3.270270842691419e-09,-4.919443566112017e-08,-4.1789090919528123e-07,-2.6010008209999747e-12,-1.1817741439575558e-14,-2.5891830795603976e-12,-3.5267556264438616e-13,-3.3503856178679985e-13,-1.763700085758683e-14,-3.2514836442305226e-07,-0.00047192187811636785,-3.063974010112649e-11,-4.255779232507568e-13,-1.1376996284494569e-10,-1.4570223334795493e-07,-3.5342059099154102e-06
9997,Disposal,-1.003843577331747e-07,-0.00010300535416135729,-1.314049432892363e-08,-0.00010298269312222045,-9.520544808016087e-09,-0.000535936296134778,-0.0005262508564489515,-9.685439685826208e-06,-0.00028028636430579596,-3.2678173640394888e-09,-4.9034186364242015e-08,-4.172106483882024e-07,-2.5765071427029267e-12,-1.1746828827638136e-14,-2.5647603138752878e-12,-3.504477322027383e-13,-3.3289527188519806e-13,-1.755246031754069e-14,-3.2476455285603304e-07,-0.0004717503233811882,-3.057603119209542e-11,-4.2468778136352313e-13,-1.1271318356388159e-10,-1.45438865484802e-07,-3.5169525666857588e-06
9998,Disposal,-9.840432269474061e-08,-9.580633663659456e-05,-1.2303204955684208e-08,-9.57847110527713e-05,-9.322378867671961e-09,-0.0004979384861685828,-0.0004885754408850589,-9.363045283523591e-06,-0.0002780249130597966,-3.2359572759096514e-09,-4.6953240309437376e-08,-4.0837699937815153e-07,-2.2584400796152626e-12,-1.082598035640098e-14,-2.2476140992588606e-12,-3.215178394753706e-13,-3.05063195539601e-13,-1.6454643935769978e-14,-3.1978049874948464e-07,-0.00046952256852478784,-2.9748727700056306e-11,-4.1312868385394844e-13,-9.899018621805323e-11,-1.4201885474861084e-07,-3.2929061763091745e-06
9999,Disposal,-9.927744795359725e-08,-9.898084815675088e-05,-1.2672419887014802e-08,-9.895876597384167e-05,-9.409763022296002e-09,-0.0005146941733249871,-0.0005051889635390679,-9.50520978591898e-06,-0.0002790221328898641,-3.250006445321098e-09,-4.787086374917458e-08,-4.1227232543493145e-07,-2.39869637882289e-12,-1.123204188774265e-14,-2.387464336935146e-12,-3.3427489659101386e-13,-3.173361545489458e-13,-1.6938742042068492e-14,-3.219782899236132e-07,-0.00047050492944159363,-3.011353921178135e-11,-4.1822583608069817e-13,-1.0504154156141204e-10,-1.4352695824242124e-07,-3.3917026919244558e-06
10000,Disposal,-9.850306026463454e-08,-9.616532699899808e-05,-1.2344957710765291e-08,-9.61436497805626e-05,-9.332260724813642e-09,-0.0004998333068886858,-0.0004904541848998445,-9.379121988840863e-06,-0.0002781376838927008,-3.237546029450617e-09,-4.705700996630888e-08,-4.088175032175373e-07,-2.274300995337957e-12,-1.0871899917684317e-14,-2.263429095420272e-12,-3.2296047420139664e-13,-3.064510859203898e-13,-1.65093882810072e-14,-3.200290364678322e-07,-0.0004696336590340823,-2.978998249342266e-11,-4.1370509648105287e-13,-9.967450512316714e-11,-1.4218939897765127e-07,-3.3040786029076415e-06
10001,Disposal,-9.83163027738809e-08,-9.548631353574159e-05,-1.2265984329312118e-08,-9.546473398175769e-05,-9.313569654679461e-09,-0.0004962493422084276,-0.0004869006285550141,-9.348713653413282e-06,-0.00027792438314197337,-3.234540976510228e-09,-4.686073451862973e-08,-4.0798431082887113e-07,-2.244300815825671e-12,-1.0785045217381333e-14,-2.2335157706082884e-12,-3.2023179815846727e-13,-3.03825956243453e-13,-1.6405841915014652e-14,-3.1955893900962986e-07,-0.0004694235365367932,-2.97119509832393e-11,-4.1261483898340157e-13,-9.838014795262286e-11,-1.4186682255297003e-07,-3.2829464810678993e-06
13898,Disposal,-6.15014318908602e-08,-4.1977700244476344e-05,-5.864508757563959e-09,-4.1966048531926475e-05,-5.787203792316689e-09,-0.00022295838150959265,-0.0002174421462335845,-5.516235276008165e-06,-0.00018401547475038516,-1.964377029171621e-09,-2.6080562495329085e-08,-2.537505605768975e-07,-6.193101544020167e-13,-4.5991519527692554e-15,-6.14711002449247e-13,-1.3222908139339813e-13,-1.2424294820841979e-13,-7.986133184978479e-15,-1.9975383697216255e-07,-0.00031707694658697846,-1.7595595936386076e-11,-2.4769641614741433e-13,-2.78145761514946e-11,-8.733265274072254e-08,-1.5500879553161282e-06
13899,Disposal,-6.134713359329508e-08,-4.1416702016338525e-05,-5.79926126327599e-09,-4.14051309937709e-05,-5.771761304362197e-09,-0.00021999732411657626,-0.00021450621208659874,-5.49111202997755e-06,-0.00018383924651678776,-1.961894266360213e-09,-2.591840049953171e-08,-2.530621803325678e-07,-5.945241251685263e-13,-4.527392944130853e-15,-5.89996732224395e-13,-1.2997466007764988e-13,-1.220740764892485e-13,-7.900583588401503e-15,-1.993654443181512e-07,-0.0003169033442137564,-1.7531126612402663e-11,-2.467956497304084e-13,-2.6745183394876272e-11,-8.706614137905187e-08,-1.5326286801317575e-06
13900,Disposal,-6.07253591178093e-08,-3.9156052452777184e-05,-5.5363340166513696e-09,-3.914480658591236e-05,-5.70953284818596e-09,-0.0002080651775117245,-0.0002026753044025238,-5.389873109200781e-06,-0.00018312910117338518,-1.9518894991710796e-09,-2.5264937749315135e-08,-2.5028822059284847e-07,-4.946440839158047e-13,-4.2382263061211734e-15,-4.904058576096832e-13,-1.2089003857991913e-13,-1.1333419343892163e-13,-7.555845140997565e-15,-1.9780034189938665e-07,-0.00031620378027652187,-1.727133515172378e-11,-2.4316583932221046e-13,-2.2435860927763287e-11,-8.599218291853258e-08,-1.4622731944171963e-06
13901,Disposal,-6.104411935969136e-08,-4.031500192738918e-05,-5.67112686524164e-09,-4.030358936550138e-05,-5.741435022567092e-09,-0.00021418233749157604,-0.00020874056301918494,-5.441774472391139e-06,-0.00018349316581476105,-1.9570185646681637e-09,-2.5599943370376074e-08,-2.51710324768021e-07,-5.458488010023879e-13,-4.3864710976175985e-15,-5.414623299047699e-13,-1.2554738020488886e-13,-1.1781480070889123e-13,-7.7325794959977e-15,-1.9860271067656394e-07,-0.0003165624202314197,-1.7404520401536738e-11,-2.450267057445563e-13,-2.4645087465876717e-11,-8.654276077616972e-08,-1.4983417892667713e-06
13902,Disposal,-6.098485755636762e-08,-4.009953767933524e-05,-5.646067067208359e-09,-4.008815610828748e-05,-5.735503980563197e-09,-0.00021304507542437018,-0.00020761295011135814,-5.4321253130121e-06,-0.00018342548131607028,-1.956065002614979e-09,-2.55376613332235e-08,-2.5144593653240745e-07,-5.363291574755903e-13,-4.3589104030166676e-15,-5.319702470725732e-13,-1.2468151794502598e-13,-1.1698179573551031e-13,-7.699722209515776e-15,-1.9845353956166758e-07,-0.00031649574425468655,-1.737975947767297e-11,-2.4468074572369015e-13,-2.423436262821735e-11,-8.644040096956066e-08,-1.4916361538289297e-06
13903,Disposal,-6.036517727503154e-08,-3.784650219334891e-05,-5.384025383956608e-09,-3.783544468284935e-05,-5.673485115603722e-09,-0.0002011531173968858,-0.00019582189002256782,-5.331227374318015e-06,-0.00018271772780810357,-1.9460939324104318e-09,-2.4886399506207374e-08,-2.486813197465845e-07,-4.3678552147317873e-13,-4.070717705085716e-15,-4.327148037680928e-13,-1.156274942957801e-13,-1.0827134942257713e-13,-7.356144873203062e-15,-1.968937085531301e-07,-0.0003157985365137297,-1.7120843018748808e-11,-2.4106316085388437e-13,-1.9939554359186717e-11,-8.537005970082665e-08,-1.421517631921007e-06
13904,Disposal,-6.18259883268555e-08,-4.315772353959569e-05,-6.001752619213116e-09,-4.314590210091488e-05,-5.819686061612596e-09,-0.0002291867731990692,-0.00022361769280862363,-5.569080390445598e-06,-0.0001843861593808749,-1.9695993593088157e-09,-2.6421659709234964e-08,-2.5519852366032e-07,-6.714459552335349e-13,-4.7500923614565774e-15,-6.66695862872078e-13,-1.369711100419147e-13,-1.2880502884322518e-13,-8.166081198689666e-15,-2.0057079566543313e-07,-0.0003174421078909099,-1.7731202967398534e-11,-2.4959111973508253e-13,-3.00639742799527e-11,-8.789324206063768e-08,-1.5868124054125997e-06
13905,Disposal,-6.11527663512071e-08,-4.071002099561391e-05,-5.717069977189044e-09,-4.0698551617001916e-05,-5.752308634812007e-09,-0.0002162673247048724,-0.00021080786004962503,-5.459464655247396e-06,-0.00018361725446449108,-1.9587667674310154e-09,-2.571412747518862e-08,-2.5219503810410776e-07,-5.633015373600487e-13,-4.436999201464137e-15,-5.588645381585842e-13,-1.2713479949227037e-13,-1.193419814425094e-13,-7.792818049761074e-15,-1.9887619194013613e-07,-0.0003166846599182355,-1.744991557573103e-11,-2.4566096783824405e-13,-2.539808544180235e-11,-8.673042102976429e-08,-1.5106354940759685e-06
13906,Disposal,-6.335850441238522e-08,-4.872965026945516e-05,-6.649801470786625e-09,-4.8717027404590934e-05,-5.973063393471161e-09,-0.0002585964825515606,-0.0002527778739468041,-5.818608604756513e-06,-0.00018613648720026344,-1.99425856815998e-09,-2.803227933979959e-08,-2.62035629539281e-07,-9.176248768169312e-13,-5.462814645210936e-15,-9.121620621717196e-13,-1.5936239357819143e-13,-1.5034661970671362e-13,-9.015773871478016e-15,-2.0442837542597943e-07,-0.00031916635523289156,-1.8371522903437408e-11,-2.585376800351666e-13,-4.0685359137260936e-11,-9.054027676667113e-08,-1.7602207999572386e-06
13907,Disposal,-6.308201565227997e-08,-4.772439157919894e-05,-6.532883791976576e-09,-4.7711913303571894e-05,-5.945391835101078e-09,-0.00025329053232323674,-0.00024751694233018527,-5.773589993051529e-06,-0.0001858207019545946,-1.989809679078285e-09,-2.7741699535214974e-08,-2.608021136597208e-07,-8.732105274764374e-13,-5.334228914597533e-15,-8.678762985618393e-13,-1.5532267205058962e-13,-1.4646019541089163e-13,-8.862476639698182e-15,-2.0373241049936535e-07,-0.0003188552752943508,-1.8255999636270608e-11,-2.5692358711442426e-13,-3.8769102885514744e-11,-9.006271222380121e-08,-1.7289353391048532e-06
13908,Disposal,-6.32650630840653e-08,-4.8389915998568595e-05,-6.610288315865121e-09,-4.837734199865779e-05,-5.9637115949756325e-09,-0.00025680329921511953,-0.00025099990496799276,-5.803394247126817e-06,-0.00018602976534723805,-1.992755034688372e-09,-2.7934075843523668e-08,-2.616187541399124e-07,-9.026147339190389e-13,-5.419358189813145e-15,-8.971953757292253e-13,-1.579971411699633e-13,-1.490331751801506e-13,-8.963965989812874e-15,-2.0419316916594144e-07,-0.00031906122357162664,-1.833248099977444e-11,-2.5799218593808817e-13,-4.003774680938056e-11,-9.037888045809326e-08,-1.749647657605864e-06
13909,Disposal,-6.295723319097001e-08,-4.727070711992602e-05,-6.480117539464139e-09,-4.725829409903441e-05,-5.9329033521682214e-09,-0.00025089589780418316,-0.0002451426252127185,-5.7532725914646906e-06,-0.00018567818455104835,-1.9878018458141136e-09,-2.7610557628364112e-08,-2.6024541418500137e-07,-8.531658362344599e-13,-5.276196740164217e-15,-8.478896394942952e-13,-1.5349950066731508e-13,-1.4470620877815163e-13,-8.793291889163626e-15,-2.03418313765396e-07,-0.000318714881448393,-1.8203862697285626e-11,-2.561951289761748e-13,-3.790427506574207e-11,-8.984718201898932e-08,-1.714815861673327e-06
13910,Disposal,-6.283866221891634e-08,-4.683960641252761e-05,-6.4299779141806764e-09,-4.682725539808573e-05,-5.921036527734087e-09,-0.00024862046470519833,-0.00024288649814464914,-5.733966560549241e-06,-0.000185542761456363,-1.9858939595666772e-09,-2.7485943774709996e-08,-2.5971642639964836e-07,-8.341189405399334e-13,-5.221053322886571e-15,-8.288978872170462e-13,-1.5176708410118936e-13,-1.4303953304640324e-13,-8.7275510547863e-15,-2.0311985230955785e-07,-0.00031858147620369114,-1.815432105921843e-11,-2.555029324235029e-13,-3.7082497115756046e-11,-8.964238059398783e-08,-1.7013992312721407e-06
13911,Disposal,-6.304097658571187e-08,-4.757518161387563e-05,-6.515529768609235e-09,-4.7562724799545336e-05,-5.9412845617147715e-09,-0.00025250297320313244,-0.0002467360652965493,-5.7669079065831274e-06,-0.000185773830133428,-1.9891493330479137e-09,-2.7698568943073887e-08,-2.606190236119561e-07,-8.666181313209132e-13,-5.315143009057131e-15,-8.613029883118555e-13,-1.5472305852335349e-13,-1.4588333570300544e-13,-8.839722820348261e-15,-2.036291088282902e-07,-0.0003188091018791967,-1.8238852584616072e-11,-2.566840082368011e-13,-3.848467407963121e-11,-8.999182759522556e-08,-1.7242916562656445e-06
13912,Disposal,-6.608812138733204e-08,-5.865400012039133e-05,-7.80406351250502e-09,-5.86399498078578e-05,-6.2462490210585395e-09,-0.00031097912481861624,-0.0003047160729509521,-6.263051867664126e-06,-0.0001892540561267085,-2.038179931011862e-09,-3.09010092182544e-08,-2.742134333763414e-07,-1.3561025995456051e-12,-6.732268755695058e-15,-1.349370330789909e-12,-1.992442768475218e-13,-1.8871508620669952e-13,-1.0529190640822598e-14,-2.11299243076911e-07,-0.0003222374713263015,-1.9512018708546312e-11,-2.744727055093386e-13,-5.960347208739678e-11,-9.525500109164597e-08,-2.0690844404871224e-06
13913,Disposal,-6.594120781815927e-08,-5.81198513106124e-05,-7.741938768313466e-09,-5.8105877826232345e-05,-6.2315456117656134e-09,-0.0003081597838602376,-0.00030192065283811615,-6.239131022121385e-06,-0.0001890862621899291,-2.0358159934196187e-09,-3.0746608308051766e-08,-2.7355799906346555e-07,-1.332502831578134e-12,-6.663944138730843e-15,-1.3258388874394018e-12,-1.9709775230938838e-13,-1.8665001685486917e-13,-1.0447735454519523e-14,-2.1092943892520149e-07,-0.00032207217757601787,-1.9450634891368674e-11,-2.7361504984235067e-13,-5.858526055038357e-11,-9.500124498424881e-08,-2.052460767556299e-06
13914,Disposal,-6.564636680417653e-08,-5.704786743887284e-05,-7.617260546458301e-09,-5.703404814100396e-05,-6.202037322440535e-09,-0.0003025016451899155,-0.00029631052094072094,-6.19112424919456e-06,-0.00018874951634174943,-2.031071804297991e-09,-3.043674094058982e-08,-2.72242607173557e-07,-1.2851404296130429e-12,-6.526823384949264e-15,-1.2786136062280926e-12,-1.9278988970060612e-13,-1.825056267548482e-13,-1.0284262945758202e-14,-2.1018727854016017e-07,-0.00032174044935504384,-1.9327443636805224e-11,-2.7189381968010886e-13,-5.654181062460531e-11,-9.449198155520972e-08,-2.0190986988880366e-06
13915,Disposal,-5.1399315023366225e-08,-5.347805800497038e-05,-6.941245100932969e-09,-5.346624288224305e-05,-4.873877626432169e-09,-0.0002832898841510877,-0.0002782242175725322,-5.0656665785553836e-06,-0.00014226641150504507,-1.5429857971035834e-09,-2.570151491611577e-08,-2.1415930574476687e-07,-1.4554522605891856e-12,-6.274754568652682e-15,-1.4491775060205328e-12,-1.8812638276566151e-13,-1.7880730667159429e-13,-9.319076094067511e-15,-1.6239054198072597e-07,-0.00023988888583446457,-1.552585844852843e-11,-2.1828663923730168e-13,-6.359929191712419e-11,-7.4901298054732e-08,-1.8432969186531298e-06
13916,Disposal,-5.116825385876343e-08,-5.263796510712799e-05,-6.843537204893289e-09,-5.2626270817368775e-05,-4.850752554364388e-09,-0.00027885571099115815,-0.0002738276663862604,-5.028044604897596e-06,-0.00014200251033741408,-1.5392678684181145e-09,-2.5458677890727065e-08,-2.1312845872017644e-07,-1.4183352679136704e-12,-6.167295702492906e-15,-1.4121679722111764e-12,-1.8475039467673061e-13,-1.7555942880635546e-13,-9.190965870375425e-15,-1.6180892533054128e-07,-0.00023962891688362396,-1.542931585981662e-11,-2.1693774465691495e-13,-6.199787997894166e-11,-7.450219821643655e-08,-1.8171517147145135e-06
13917,Disposal,-5.0208884328609455e-08,-4.914988639829675e-05,-6.437852508907866e-09,-4.9138693808890476e-05,-4.754736897373381e-09,-0.0002604449554304999,-0.00025557311784227493,-4.871837588224832e-06,-0.00014090678860662273,-1.5238309709963606e-09,-2.445041480440687e-08,-2.0884836592595002e-07,-1.2642249400918005e-12,-5.721124827712601e-15,-1.258503815264087e-12,-1.7073323990192966e-13,-1.6207418966230397e-13,-8.659050239625965e-15,-1.5939404400084376e-07,-0.00023854952177778115,-1.5028469537884866e-11,-2.1133711349054185e-13,-5.5348792836330615e-11,-7.284512951340184e-08,-1.7085964234716545e-06
13918,Disposal,-5.008138731572002e-08,-4.868633236398438e-05,-6.38393836499629e-09,-4.8675206448882814e-05,-4.741976736588406e-09,-0.00025799822738125196,-0.0002531471491848903,-4.851078196361561e-06,-0.00014076117084074315,-1.5217794587816266e-09,-2.431642000086972e-08,-2.0827955585954535e-07,-1.2437441911883546e-12,-5.661830205583392e-15,-1.2380823609827703e-12,-1.6887040675284145e-13,-1.60282046327618e-13,-8.588360425223717e-15,-1.5907311432115143e-07,-0.00023840607376593906,-1.4975198397758273e-11,-2.1059280827595636e-13,-5.4465151317104534e-11,-7.262491060593291e-08,-1.6941697870903782e-06
13919,Disposal,-5.054395672437846e-08,-5.036814365252845e-05,-6.579543211747718e-09,-5.035677583769138e-05,-4.788271625346395e-09,-0.0002668751533675109,-0.0002619487584292061,-4.926394938304599e-06,-0.00014128948379746694,-1.5292225099599937e-09,-2.4802563916172528e-08,-2.103432444910895e-07,-1.318049994080885e-12,-5.876955859693567e-15,-1.3121730382211904e-12,-1.7562891511844784e-13,-1.667840863658089e-13,-8.844828752639191e-15,-1.6023747298957734e-07,-0.0002389265146806494,-1.5168470375104817e-11,-2.1329320740821507e-13,-5.767107375992216e-11,-7.342388249942859e-08,-1.746510783232808e-06
13920,Disposal,-5.0713565418890585e-08,-5.098480746930138e-05,-6.6512649513975005e-09,-5.0973350957941014e-05,-4.805246409017453e-09,-0.0002701300245276612,-0.00026517601346508034,-4.954011062580768e-06,-0.0001414831984470017,-1.5319516272987537e-09,-2.498081659193563e-08,-2.1109992992709973e-07,-1.3452954408989723e-12,-5.955835224966587e-15,-1.3393396056740046e-12,-1.7810703355707164e-13,-1.6916816646687208e-13,-8.93886709019983e-15,-1.6066440427815598e-07,-0.00023911734291628807,-1.523933672975329e-11,-2.14283353239113e-13,-5.884657804112925e-11,-7.371683870723466e-08,-1.7657024717859456e-06
13921,Disposal,-5.040252147640244e-08,-4.985391293992259e-05,-6.5197350629861414e-09,-4.984261908836205e-05,-4.774116497599192e-09,-0.0002641609439869715,-0.00025925757789984906,-4.903366087122343e-06,-0.00014112794679859824,-1.5269467222200223e-09,-2.465392052574103e-08,-2.0971225094096636e-07,-1.2953302476786273e-12,-5.811179027794287e-15,-1.289519068650832e-12,-1.735624332267684e-13,-1.6479602224410526e-13,-8.766410982663429e-15,-1.5988145861871902e-07,-0.0002387673846377821,-1.5109375524621507e-11,-2.1246753322017715e-13,-5.669083073648738e-11,-7.317958880908238e-08,-1.7305069973573298e-06
17032,Disposal,-7.641765175836252e-08,-0.00011592652082127553,-1.4300979849505852e-08,-0.0001159048899299251,-7.329911501120865e-09,-0.0006100542721909263,-0.0006016264467010595,-8.427825489866724e-06,-0.00018882465674072122,-2.1362905637659307e-09,-4.583016977698422e-08,-3.225392273662933e-07,-3.992810521346306e-12,-1.4095150911253708e-14,-3.97871537043505e-12,-4.3167218599019295e-13,-4.1266144105055075e-13,-1.9010744939642767e-14,-2.324019098097826e-07,-0.00030702223242895814,-2.4707531204406615e-11,-3.465601307566954e-13,-1.7325459759403129e-10,-1.15071413614981e-07,-3.815086796625018e-06
17033,Disposal,-7.643735608233162e-08,-0.00011599816186338525,-1.4309312136938122e-08,-0.0001159765206676985,-7.331883550005047e-09,-0.0006104324074982099,-0.000602001373699588,-8.431033798621614e-06,-0.00018884716157883093,-2.13660761951798e-09,-4.5850878317202045e-08,-3.2262713544799123e-07,-3.995975766573451e-12,-1.4104314737272697e-14,-3.9818714518361745e-12,-4.319600818948747e-13,-4.129384120325796e-13,-1.9021669862295705e-14,-2.3245150863752486e-07,-0.00030704440193735685,-2.4715764117315472e-11,-3.466751611464097e-13,-1.7339116203874095e-10,-1.151054478609492e-07,-3.8173163948767645e-06
17034,Disposal,-7.651203608639927e-08,-0.00011626968365345292,-1.4340891766886878e-08,-0.00011624800340400928,-7.339357676949118e-09,-0.0006118655521384589,-0.0006034223587493208,-8.443193389137944e-06,-0.00018893245561907358,-2.1378092707337145e-09,-4.592936433225775e-08,-3.229603098268267e-07,-4.007972144972873e-12,-1.4139045924470304e-14,-3.9938330990484e-12,-4.330512163771538e-13,-4.1398814071634264e-13,-1.9063075660811777e-14,-2.32639489745801e-07,-0.0003071284250675077,-2.474696711471269e-11,-3.4711112992083907e-13,-1.7390874555504943e-10,-1.1523443871754138e-07,-3.825766641978399e-06
17035,Disposal,-7.580252155769871e-08,-0.00011369002853268879,-1.4040862240384277e-08,-0.00011366871932243108,-7.268348017504428e-09,-0.00059824963236608,-0.0005899219639590586,-8.327668407021297e-06,-0.0001881221000022086,-2.1263927074027563e-09,-4.518368992212528e-08,-3.19794910128128e-07,-3.8939977970541195e-12,-1.3809074304578595e-14,-3.880188722749538e-12,-4.2268464265225224e-13,-4.040149522889698e-13,-1.866969036328301e-14,-2.3085353205728336e-07,-0.00030633014402383025,-2.445051587225859e-11,-3.429691084603524e-13,-1.6899132449674113e-10,-1.1400893146209479e-07,-3.7454831288134936e-06
17036,Disposal,-7.595845555584279e-08,-0.00011425697384605717,-1.4106801416731382e-08,-0.00011423558309043094,-7.283954209705085e-09,-0.000601242079627737,-0.0005928890216457058,-8.353057982031077e-06,-0.00018830019641340921,-2.12890178973053e-09,-4.534757098076777e-08,-3.2049058782150247e-07,-3.9190465804657615e-12,-1.388159402317833e-14,-3.905164986442582e-12,-4.2496296285936573e-13,-4.062068159969231e-13,-1.8756146862443213e-14,-2.3124604202236715e-07,-0.0003065055867381763,-2.4515668628996784e-11,-3.4387942381064566e-13,-1.70072053777344e-10,-1.1427826808363843e-07,-3.763127488000589e-06
17037,Disposal,-7.604753474371316e-08,-0.00011458084823318803,-1.414446997104123e-08,-0.00011455941089378089,-7.2928694362979336e-09,-0.000602951551423407,-0.0005945839893386839,-8.367562084723007e-06,-0.00018840193614856125,-2.1303351334446538e-09,-4.544119002334322e-08,-3.208880021421953e-07,-3.933356001823563e-12,-1.392302179206991e-14,-3.919432980031491e-12,-4.262644809129902e-13,-4.07458944726712e-13,-1.8805536186278746e-14,-2.314702681009442e-07,-0.00030660581051681187,-2.455288793156602e-11,-3.4439945249634093e-13,-1.7068943348779617e-10,-1.1443212989566415e-07,-3.7732070422067697e-06
17038,Disposal,-7.62710613465258e-08,-0.0001153935469479398,-1.4238991757544239e-08,-0.00011537199271574841,-7.315240434072462e-09,-0.0006072411327748468,-0.0005988371755132133,-8.403957261633367e-06,-0.00018865723189062268,-2.133931825991371e-09,-4.567610849359146e-08,-3.2188523477461253e-07,-3.969262664432326e-12,-1.4026976584023312e-14,-3.9552356878483e-12,-4.295303830387409e-13,-4.1060091411310914e-13,-1.8929468925632362e-14,-2.3203291909501565e-07,-0.00030685730226583883,-2.464628240968434e-11,-3.457043616255949e-13,-1.7223862575842685e-10,-1.1481821568031176e-07,-3.798499689832299e-06
17039,Disposal,-7.613233632678708e-08,-0.00011488917009155251,-1.418032967198765e-08,-0.00011486768840532922,-7.301356551488485e-09,-0.000604578933957518,-0.0005961975642607281,-8.38136969678984e-06,-0.0001884987903162819,-2.1316996476364946e-09,-4.5530313456168146e-08,-3.2126633252818894e-07,-3.9469782812024365e-12,-1.39624601891772e-14,-3.933015821013257e-12,-4.275034997453941e-13,-4.0865094592291685e-13,-1.8852553822477885e-14,-2.3168372678736002e-07,-0.0003067012215246255,-2.4588319953952347e-11,-3.44894509274979e-13,-1.7127716647072652e-10,-1.1457860322514028e-07,-3.7828025737085553e-06
17040,Disposal,-7.664295499342544e-08,-0.00011674567902106502,-1.4396252913271353e-08,-0.00011672393030784411,-7.352460307870329e-09,-0.0006143779479565132,-0.0006059134380138993,-8.464509942613786e-06,-0.00018908198162223628,-2.1399158435138685e-09,-4.6066955424226976e-08,-3.2354438619466884e-07,-4.029002576986539e-12,-1.4199931955803591e-14,-4.014802645030732e-12,-4.3496404613154397e-13,-4.1582838341139944e-13,-1.913566272014509e-14,-2.3296903286171715e-07,-0.00030727572308257366,-2.4801667999724482e-11,-3.478754115536325e-13,-1.7481610314153934e-10,-1.154605680833904e-07,-3.8405804750580714e-06
17041,Disposal,-7.593339477079899e-08,-0.00011416585776618351,-1.4096204064363921e-08,-0.00011414448011604407,-7.281446075284446e-09,-0.0006007611512960591,-0.0005924121737755644,-8.348977520494487e-06,-0.0001882715738171102,-2.1284985449370795e-09,-4.532123299141156e-08,-3.203787826389193e-07,-3.915020888928579e-12,-1.3869939085186003e-14,-3.901150949843389e-12,-4.2459680478190365e-13,-4.05854552693961e-13,-1.8742252087943226e-14,-2.3118296015452824e-07,-0.0003064773906282577,-2.4505197665313045e-11,-3.437331233400152e-13,-1.698983653930655e-10,-1.1423498190322068e-07,-3.7602917915002346e-06
17042,Disposal,-7.550924042585393e-08,-0.00011262371608525718,-1.3916843639552097e-08,-0.00011260256024577347,-7.2389958443614835e-09,-0.0005926214285726146,-0.0005843415129544945,-8.279915618119887e-06,-0.00018778713573735243,-2.1216736178280675e-09,-4.4875461935036866e-08,-3.184864774339085e-07,-3.846885970013587e-12,-1.3672679000121979e-14,-3.833213291013462e-12,-4.183995711668804e-13,-3.9989248844677283e-13,-1.8507082720108115e-14,-2.3011529813658453e-07,-0.00030600017083998464,-2.4327976371787793e-11,-3.4125698461662815e-13,-1.6695868562128434e-10,-1.1350236233570965e-07,-3.7122975650835945e-06
17043,Disposal,-7.587504247390878e-08,-0.00011395370030443731,-1.4071528865621517e-08,-0.00011393235316951333,-7.275606058537252e-09,-0.000599641343087979,-0.0005913018666386844,-8.339476449294363e-06,-0.00018820492809016706,-2.1275596174507406e-09,-4.5259906813012973e-08,-3.20118452038878e-07,-3.905647345866954e-12,-1.3842801371791287e-14,-3.89180454449516e-12,-4.237442311371644e-13,-4.050343320663132e-13,-1.8709899070851835e-14,-2.3103607840784356e-07,-0.00030641173794522135,-2.4480816753839912e-11,-3.4339247285829695e-13,-1.6949394405717816e-10,-1.141341930394015e-07,-3.753689069207617e-06
17044,Disposal,-7.564467805744057e-08,-0.00011311614064562041,-1.397411560063512e-08,-0.00011309491397930152,-7.252550718442183e-09,-0.0005952205408546735,-0.0005869185729327119,-8.301967921961537e-06,-0.000187941822697311,-2.123852899908782e-09,-4.501780204501048e-08,-3.190907134585069e-07,-3.868642276782978e-12,-1.373566654002591e-14,-3.8549066102429495e-12,-4.203784230947479e-13,-4.0179624794052785e-13,-1.8582175154220614e-14,-2.304562155803609e-07,-0.000306152552911842,-2.43845652822819e-11,-3.4204764577139944e-13,-1.678973610602093e-10,-1.1373629665763811e-07,-3.727622704229688e-06
17045,Disposal,-7.518166157562958e-08,-0.0001114327038871237,-1.377832170187581e-08,-0.00011141171935433633,-7.206211085692317e-09,-0.0005863350353229207,-0.0005781084569365036,-8.226578386416868e-06,-0.00018741299912632117,-2.1164026550243627e-09,-4.453118827180366e-08,-3.1702503027270755e-07,-3.794264657361013e-12,-1.3520332967055173e-14,-3.780744324393955e-12,-4.1361338263344945e-13,-3.9528792368318303e-13,-1.8325458950267e-14,-2.2929073155973736e-07,-0.0003056316089911911,-2.4191106507644844e-11,-3.393446367044356e-13,-1.646883400946045e-10,-1.1293655255811985e-07,-3.675231120534957e-06
17046,Disposal,-7.503224393174299e-08,-0.00011088945075474537,-1.3715138069782288e-08,-0.00011086854435961227,-7.191257063500769e-09,-0.000583467639985064,-0.0005752653901640811,-8.202249820982808e-06,-0.00018724234521849497,-2.1139984251951045e-09,-4.437415566857768e-08,-3.163584243812044e-07,-3.770262642122905e-12,-1.3450843788188105e-14,-3.756811798334716e-12,-4.114302715645498e-13,-3.931876561670489e-13,-1.824261539750139e-14,-2.2891462426509447e-07,-0.00030546349788439806,-2.4128676431327918e-11,-3.3847236268816276e-13,-1.6365277360680286e-10,-1.1267847129372334e-07,-3.658324104688492e-06
17047,Disposal,-7.524516188397342e-08,-0.00011166357850485611,-1.3805173819308933e-08,-0.00011164256076471109,-7.212566325913244e-09,-0.0005875536363084633,-0.0005793167186383682,-8.236917670094767e-06,-0.00018748552453553774,-2.1174244174582776e-09,-4.459792482623935e-08,-3.1730832800484423e-07,-3.8044651619925185e-12,-1.3549864849434269e-14,-3.790915297143082e-12,-4.14541172835584e-13,-3.9618050658979294e-13,-1.836066624579168e-14,-2.294505716466171e-07,-0.0003057030537472434,-2.421763837491926e-11,-3.3971534037471766e-13,-1.651284406715878e-10,-1.1304623331228427e-07,-3.682416354430359e-06
17048,Disposal,-7.51499746410854e-08,-0.0001113174964323759,-1.3764922376586419e-08,-0.00011129652847020678,-7.203039792730989e-09,-0.0005857269480447415,-0.0005775055290065809,-8.22141903816046e-06,-0.00018737680862654927,-2.1158927910535006e-09,-4.449788643615499e-08,-3.1688366345215414e-07,-3.7891745604621795e-12,-1.3505596427212793e-14,-3.7756689640349645e-12,-4.1315041122161675e-13,-3.948425208674385e-13,-1.830789035417882e-14,-2.2921097064986795e-07,-0.0003055959577421248,-2.4177866988600198e-11,-3.391596539344007e-13,-1.6446872796138136e-10,-1.1288182137698693e-07,-3.6716456570613735e-06
17049,Disposal,-7.558727343269998e-08,-0.00011290742873321063,-1.3949841140164914e-08,-0.00011288623208652402,-7.246805546654307e-09,-0.0005941189189238825,-0.0005858262977707019,-8.292621153180474e-06,-0.00018787625933220593,-2.122929221101188e-09,-4.4957471836169364e-08,-3.188346107650348e-07,-3.8594209650160264e-12,-1.3708969557443157e-14,-3.845711995458581e-12,-4.1953969569671487e-13,-4.0098934812948515e-13,-1.8550347567230306e-14,-2.3031171927089187e-07,-0.0003060879664630856,-2.4360580329700133e-11,-3.4171252763359025e-13,-1.674995077406153e-10,-1.136371446582497e-07,-3.7211272136376517e-06
17050,Disposal,-7.617076313248584e-08,-0.00011502888239071708,-1.4196579059212918e-08,-0.00011500738060927358,-7.305202384485327e-09,-0.0006053163625545919,-0.0005969287361063731,-8.387626448218567e-06,-0.0001885426786040851,-2.1323179606422478e-09,-4.557069865550321e-08,-3.2143776833994545e-07,-3.953151051378318e-12,-1.3980331219030398e-14,-3.939170720159284e-12,-4.280649460557583e-13,-4.091910867634401e-13,-1.8873859292318753e-14,-2.3178045299423356e-07,-0.0003067444558620739,-2.4604375543841115e-11,-3.451188382315033e-13,-1.7154349052175435e-10,-1.1464497583244081e-07,-3.787150672072167e-06
18055,Disposal,-6.32702964713786e-08,-8.15225218227919e-05,-9.860126804670418e-09,-8.15065925756754e-05,-6.069120311931135e-09,-0.000414115784398215,-0.0004077183957500831,-6.397388648131755e-06,-0.00016733700876441927,-2.1998419603883214e-09,-3.366290619520573e-08,-2.6427234286280115e-07,-2.293074264787062e-12,-9.303958847398757e-15,-2.2837703059396623e-12,-2.807567486537915e-13,-2.67732029719852e-13,-1.3024718933939961e-14,-2.0576911739562648e-07,-0.000274952663311515,-2.024542019288055e-11,-2.7665962585301995e-13,-9.98147100369492e-11,-9.278265409807442e-08,-2.668483748840477e-06
18056,Disposal,-6.387372316866277e-08,-8.37164624775461e-05,-1.0115295400860797e-08,-8.370021766966025e-05,-6.129512485087137e-09,-0.0004256958284514081,-0.00041920018831498004,-6.49564013642775e-06,-0.00016802619861710073,-2.2095514995541407e-09,-3.4297086086320354e-08,-2.6696444655977314e-07,-2.3900069723747267e-12,-9.58459254372832e-15,-2.3804223798309967e-12,-2.8957329446353964e-13,-2.7621400987767094e-13,-1.3359284585869155e-14,-2.072880356219315e-07,-0.0002756315840019385,-2.0497545536201558e-11,-2.801823251479296e-13,-1.0399686984952573e-10,-9.382492140302489e-08,-2.73676313317415e-06
18057,Disposal,-6.416321641124247e-08,-8.476900290545687e-05,-1.0237712232346927e-08,-8.475260670766604e-05,-6.158485558555801e-09,-0.0004312513408562496,-0.0004247085646848017,-6.542776171447587e-06,-0.0001683568366317987,-2.214209639456996e-09,-3.460133313717824e-08,-2.682559801165496e-07,-2.4365103239133305e-12,-9.719226226813968e-15,-2.4267910976865154e-12,-2.938030218625822e-13,-2.802832298018724e-13,-1.3519792060710243e-14,-2.0801673484012234e-07,-0.00027595729539821865,-2.061850237073178e-11,-2.8187233595803545e-13,-1.060032560611043e-10,-9.432494790682879e-08,-2.769520086853966e-06
18058,Disposal,-6.419178865244267e-08,-8.48728859484987e-05,-1.0249794459914718e-08,-8.485647480891223e-05,-6.161345126662058e-09,-0.0004317996556943001,-0.00042525222731698456,-6.547428377315353e-06,-0.00016838946975657125,-2.2146693859286672e-09,-3.463136154144805e-08,-2.6838345116897735e-07,-2.441100085542785e-12,-9.732514226328275e-15,-2.4313675713164555e-12,-2.942204851179577e-13,-2.806848513807903e-13,-1.3535633737167792e-14,-2.080886555856258e-07,-0.0002759894422783781,-2.0630440500341347e-11,-2.8203913569424683e-13,-1.0620128123871165e-10,-9.437429924140871e-08,-2.7727531142406615e-06
18059,Disposal,-6.450661931945e-08,-8.601754826261151e-05,-1.0382925625140752e-08,-8.600097248296528e-05,-6.1928540211844555e-09,-0.00043784140527158806,-0.0004312427153545794,-6.5986899170084235e-06,-0.00016874904632484532,-2.2197352219376907e-09,-3.4962237319766854e-08,-2.69788024096203e-07,-2.4916735671636666e-12,-9.87893150318694e-15,-2.4817946356604783e-12,-2.9882041251672246e-13,-2.8511022314947e-13,-1.3710189367252886e-14,-2.0888113301572525e-07,-0.00027634366103398354,-2.0761983884756476e-11,-2.8387706194721865e-13,-1.0838327313474576e-10,-9.491808975033767e-08,-2.8083770669251685e-06
18060,Disposal,-6.362115766970976e-08,-8.279818405427584e-05,-1.000849405431114e-08,-8.278207132500618e-05,-6.10423521542928e-09,-0.0004208489769326473,-0.00041439446016095616,-6.454516771690926e-06,-0.00016773773677111474,-2.20548755174564e-09,-3.403164877413941e-08,-2.6583766095927004e-07,-2.349435586045733e-12,-9.46713272656162e-15,-2.3399684533191697e-12,-2.8588311088117076e-13,-2.726638594446346e-13,-1.3219251436536615e-14,-2.0665228923977418e-07,-0.00027534742033516983,-2.039201794946871e-11,-2.7870789203271517e-13,-1.0224641816331668e-10,-9.338867825517944e-08,-2.7081846548766988e-06
18061,Disposal,-6.346399069596701e-08,-8.222675588440733e-05,-9.942033494581313e-09,-8.221072534528831e-05,-6.088505624518908e-09,-0.0004178328682854178,-0.0004114039418449975,-6.428926440420034e-06,-0.0001675582321453372,-2.2029586300157982e-09,-3.3866471902211845e-08,-2.651364825179465e-07,-2.32418874102411e-12,-9.394039592000512e-15,-2.314794701432108e-12,-2.835867759161803e-13,-2.7045466459337894e-13,-1.3132111322801778e-14,-2.0625667568461417e-07,-0.00027517059038912104,-2.0326350027595258e-11,-2.7779037878698303e-13,-1.0115714351834416e-10,-9.311721197951197e-08,-2.6904007811219595e-06
18062,Disposal,-6.339750626518727e-08,-8.198503158508087e-05,-9.91391949341607e-09,-8.196903581386031e-05,-6.081851727245387e-09,-0.00041655700057730005,-0.000410138899303055,-6.418101274244884e-06,-0.00016748229848966546,-2.2018888510559368e-09,-3.37965991417548e-08,-2.6483987154150344e-07,-2.3135088756536997e-12,-9.363119893481933e-15,-2.304145755760216e-12,-2.826153853028003e-13,-2.695201358010405e-13,-1.3095249501760251e-14,-2.0608932410051724e-07,-0.0002750957881706402,-2.0298571326368934e-11,-2.7740225433295334e-13,-1.0069636093146076e-10,-9.300237690708004e-08,-2.6828778855957135e-06
18063,Disposal,-6.317143409138541e-08,-8.116307767544309e-05,-9.81832127164969e-09,-8.114720012820798e-05,-6.059225963540461e-09,-0.0004122185685132084,-0.00040583727689229537,-6.381291620912821e-06,-0.00016722409538254553,-2.1982511985693795e-09,-3.355900536738093e-08,-2.6383128220063796e-07,-2.277193299933452e-12,-9.257981241087513e-15,-2.2679353186923628e-12,-2.793122903525702e-13,-2.663423849639421e-13,-1.2969905388628566e-14,-2.0552026551097608e-07,-0.0002748414323772789,-2.0204113251027468e-11,-2.760824846064319e-13,-9.912952611246586e-11,-9.261189429109166e-08,-2.657297199637273e-06
18064,Disposal,-6.2976978876808e-08,-8.045607680406893e-05,-9.736092784993506e-09,-8.04403009467945e-05,-6.039764489524313e-09,-0.00040848688086777586,-0.0004021372509455002,-6.349629922275461e-06,-0.00016700200285450374,-2.1951222841039855e-09,-3.3354639887095763e-08,-2.6296374749523725e-07,-2.245956580480431e-12,-9.167546585340557e-15,-2.2367890338950888e-12,-2.764711444188848e-13,-2.636090533446198e-13,-1.2862091074265398e-14,-2.0503079169261335e-07,-0.00027462264910313553,-2.012286545745694e-11,-2.749472891462934e-13,-9.778181844985873e-11,-9.227602199153425e-08,-2.635294059253238e-06
18065,Disposal,-6.257167398817318e-08,-7.898246803477075e-05,-9.564703153199762e-09,-7.896690413086703e-05,-5.999200750588707e-09,-0.0004007088881364473,-0.0003944252509995444,-6.2836371369027875e-06,-0.00016653909324552138,-2.188600657354607e-09,-3.292867893558417e-08,-2.6115553649959284e-07,-2.180849583341075e-12,-8.97905275576697e-15,-2.1718705305853065e-12,-2.705493164095399e-13,-2.5791194375576656e-13,-1.263737265377373e-14,-2.0401057666843775e-07,-0.0002741666370041309,-1.9953519893767675e-11,-2.7258119024506264e-13,-9.497277830510165e-11,-9.15759601018931e-08,-2.589432700470198e-06
18066,Disposal,-6.250968380195298e-08,-7.875708392373223e-05,-9.53848961497452e-09,-7.874155243747086e-05,-5.992996646466313e-09,-0.0003995192671095248,-0.000393245723374328,-6.273543735196675e-06,-0.0001664682925873784,-2.187603193795718e-09,-3.286352946552552e-08,-2.6087897596581056e-07,-2.1708916603303226e-12,-8.950223180984429e-15,-2.1619414371493364e-12,-2.6964359029727957e-13,-2.5704058766253147e-13,-1.2603002634748522e-14,-2.038545377922566e-07,-0.00027409689129977686,-1.992761898972474e-11,-2.7221930240305614e-13,-9.454314390750025e-11,-9.146888770251814e-08,-2.5824183410311886e-06
18067,Disposal,-5.602105275941586e-08,-7.014752711891975e-05,-8.4989576404318e-09,-7.013365801932622e-05,-5.370141953187112e-09,-0.00035570813224802133,-0.00035009721559184283,-5.610916656178313e-06,-0.0001494666436205109,-1.963982318692728e-09,-2.9356194670652402e-08,-2.3374656474658907e-07,-1.922527355434025e-12,-7.962317644995691e-15,-1.9145650377890277e-12,-2.397712817890526e-13,-2.285410078358047e-13,-1.1230273953248246e-14,-1.828300635223874e-07,-0.00024624110536126026,-1.784098508823327e-11,-2.436912368777425e-13,-8.373869244528539e-11,-8.192596764772975e-08,-2.3012226253509443e-06
18068,Disposal,-5.594595881289482e-08,-6.987450031559809e-05,-8.467202968319329e-09,-6.98606704862318e-05,-5.362626398039026e-09,-0.0003542670438560832,-0.0003486683541895969,-5.59868966648608e-06,-0.00014938087680546437,-1.9627740068660498e-09,-2.9277273616873352e-08,-2.3341154362147248e-07,-1.9104644825242106e-12,-7.927393946924293e-15,-1.9025370885772852e-12,-2.3867409927704695e-13,-2.2748546062977213e-13,-1.1188638647275172e-14,-1.8264104045700208e-07,-0.0002461566165008102,-1.780960913630214e-11,-2.4325285157982276e-13,-8.321824002459946e-11,-8.179626181003507e-08,-2.292725539526404e-06
18069,Disposal,-6.245955255582778e-08,-7.857481658381745e-05,-9.517290818572882e-09,-7.855931131358973e-05,-5.987979409227481e-09,-0.00039855722475842586,-0.00039229184352177946,-6.265381236646145e-06,-0.00016641103634351765,-2.1867965485149e-09,-3.281084331764342e-08,-2.6065532243235757e-07,-2.1628387229254494e-12,-8.926908804996362e-15,-2.1539118141204516e-12,-2.6891113276772083e-13,-2.563359250467832e-13,-1.2575207720938139e-14,-2.0372834970049726e-07,-0.00027404048819334445,-1.9906673019489565e-11,-2.719266449747837e-13,-9.419570007738341e-11,-9.138229862877004e-08,-2.576745853160311e-06
18070,Disposal,-6.263967379525168e-08,-7.922970194393722e-05,-9.593457955384572e-09,-7.92141024796721e-05,-6.006006309809309e-09,-0.00040201383663329335,-0.0003957191275927451,-6.29470904054804e-06,-0.0001666167576532013,-2.189694819732686e-09,-3.3000144302368485e-08,-2.6145890811515664e-07,-2.1917728743476284e-12,-9.010677205424276e-15,-2.182762197142203e-12,-2.715428478804873e-13,-2.588677732160329e-13,-1.2675074664454848e-14,-2.0418174268880382e-07,-0.0002742431441858287,-1.9981931753538867e-11,-2.7297816120032125e-13,-9.544406348639478e-11,-9.169341260437574e-08,-2.5971270649771474e-06
18071,Disposal,-6.271721012653147e-08,-7.951160877732866e-05,-9.626245428818318e-09,-7.949596876559611e-05,-6.01376630379964e-09,-0.0004035017955452607,-0.0003971944618396462,-6.307333705614299e-06,-0.0001667053139815386,-2.1909424311637403e-09,-3.308163221523305e-08,-2.6180482559780606e-07,-2.204228084833328e-12,-9.04673677545128e-15,-2.195181348057875e-12,-2.7267571558376396e-13,-2.599576514504319e-13,-1.271806413333247e-14,-2.0437691361397462e-07,-0.0002743303809948766,-2.0014328189148616e-11,-2.734308047123808e-13,-9.59814433042789e-11,-9.182733704524396e-08,-2.6059005133298693e-06
20043,Disposal,-7.410537032550752e-08,-0.00011076361372774505,-1.2896976252319295e-08,-0.00011074358746014454,-7.129291348323859e-09,-0.0005480972771269854,-0.0005403421259532388,-7.75515117374642e-06,-0.00018807753884359638,-2.7419263370436024e-09,-4.18886841832182e-08,-3.108320988126044e-07,-3.280419762552921e-12,-1.2609829457268189e-14,-3.2678099330956525e-12,-3.823184114240628e-13,-3.6537813727949007e-13,-1.6940274144573307e-14,-2.3919779223606433e-07,-0.00030429807044636634,-2.4468969550139417e-11,-3.325397877977404e-13,-1.424711610575135e-10,-1.0972431580771777e-07,-3.521796881089312e-06
20044,Disposal,-7.405293388718664e-08,-0.00011057296516290616,-1.2874802668658207e-08,-0.00011055296631683487,-7.124043402753981e-09,-0.0005470909970461052,-0.0005393443837082368,-7.746613337868166e-06,-0.00018801764977775928,-2.7410825996785107e-09,-4.183357536073082e-08,-3.105981609870242e-07,-3.2719965257860144e-12,-1.2585443013024709e-14,-3.259411082772989e-12,-3.81552273196111e-13,-3.6464107206280974e-13,-1.6911201133301797e-14,-2.3906580161939697e-07,-0.00030423907374789677,-2.4447060418386238e-11,-3.322336730614652e-13,-1.4210774066851305e-10,-1.0963374509631919e-07,-3.5158635544047045e-06
20045,Disposal,-7.437024293742533e-08,-0.00011172663839044694,-1.3008981857733395e-08,-0.0001117064736082504,-7.155800338919099e-09,-0.0005531803079711576,-0.0005453820295568582,-7.798278414299245e-06,-0.00018838005697414741,-2.7461883145314126e-09,-4.21670558312432e-08,-3.120137908739265e-07,-3.322968127672601e-12,-1.2733012903531842e-14,-3.3102351147690685e-12,-3.86188411752572e-13,-3.6910128086718334e-13,-1.7087130885389225e-14,-2.398645175229993e-07,-0.00030459608095429857,-2.4579639327457303e-11,-3.340860676813504e-13,-1.4430690945578687e-10,-1.1018181638669653e-07,-3.5517679429432135e-06
20046,Disposal,-7.418251045835635e-08,-0.00011104408006165422,-1.292959618693201e-08,-0.00011102401345377744,-7.137011689968091e-09,-0.0005495776328034562,-0.0005418099214746919,-7.767711328764187e-06,-0.0001881656426630548,-2.7431675733769023e-09,-4.196975570569279e-08,-3.111762487114437e-07,-3.2928113288763254e-12,-1.2645704768576345e-14,-3.2801656241077484e-12,-3.8344549035194716e-13,-3.664624464079064e-13,-1.6983043944041298e-14,-2.393919658685719e-07,-0.00030438486148907094,-2.4501200445069777e-11,-3.3299011837280256e-13,-1.4300579494923418e-10,-1.0985755591580333e-07,-3.530525498503891e-06
20047,Disposal,-7.452875246404439e-08,-0.00011230294781822096,-1.3076010137344201e-08,-0.00011228270014378849,-7.1716642952563625e-09,-0.0005562221808438042,-0.0005483980935003186,-7.82408734348569e-06,-0.00018856109496565636,-2.7487388388350108e-09,-4.233364367825814e-08,-3.1272095892687643e-07,-3.3484306364790173e-12,-1.2806730414803322e-14,-3.335623906064213e-12,-3.8850436248694985e-13,-3.713293471189074e-13,-1.7175015368043e-14,-2.4026351049117295e-07,-0.00030477442141841005,-2.4645868198334824e-11,-3.3501141851546255e-13,-1.4540548891062426e-10,-1.1045560158357591e-07,-3.5697037302348306e-06
20048,Disposal,-7.412249538745582e-08,-0.00011082587708101175,-1.290421785769852e-08,-0.00011080584185789478,-7.131005259410564e-09,-0.0005484259151747673,-0.0005406679756543481,-7.757939520419104e-06,-0.0001880970978372147,-2.742201890744578e-09,-4.190668201124037e-08,-3.109084998780352e-07,-3.2831706826393644e-12,-1.26177937542674e-14,-3.2705528888850962e-12,-3.825686222513953e-13,-3.6561885323770114e-13,-1.694976901369469e-14,-2.3924089866280507e-07,-0.00030431733800435445,-2.4476124788948936e-11,-3.3263976090784983e-13,-1.4258984945196206e-10,-1.0975389502959225e-07,-3.5237346287755985e-06
20049,Disposal,-7.37680610974692e-08,-0.00010953722379182127,-1.2754339669304365e-08,-0.00010951737391939847,-7.095532753620492e-09,-0.00054162415331955,-0.0005339239237026717,-7.700229616878126e-06,-0.00018769228890648537,-2.7364988059526343e-09,-4.1534184240686555e-08,-3.09327240933575e-07,-3.226235390341325e-12,-1.2452958148960981e-14,-3.213782432192363e-12,-3.7739005430225295e-13,-3.6063679886647825e-13,-1.675325543577523e-14,-2.3834873279491903e-07,-0.0003039185608638161,-2.4328034113727234e-11,-3.305706356453331e-13,-1.4013337735609271e-10,-1.0914169925855824e-07,-3.483629417627421e-06
20050,Disposal,-7.508719168535005e-08,-0.00011433332286848961,-1.3312155062319422e-08,-0.00011431278315939725,-7.227554030168627e-09,-0.0005669388939306718,-0.0005590238800755431,-7.915013855128412e-06,-0.0001891989034126399,-2.7577244994221218e-09,-4.2920543340065756e-08,-3.1521235730049394e-07,-3.4381366869204907e-12,-1.3066441931638335e-14,-3.425070244988852e-12,-3.966636053556539e-13,-3.7917896732262187e-13,-1.7484638033032537e-14,-2.4166918828988875e-07,-0.0003054027263034852,-2.487919675510781e-11,-3.3827148881065696e-13,-1.4927585473902125e-10,-1.1142016437933635e-07,-3.632892658384907e-06
20051,Disposal,-7.477637317429366e-08,-0.00011320324796340858,-1.3180720501181847e-08,-0.00011318287079622712,-7.196446680387302e-09,-0.000560974139525903,-0.0005531097339409068,-7.864405584996052e-06,-0.00018884390923553483,-2.7527232216859097e-09,-4.2593884194248544e-08,-3.138256840451206e-07,-3.388207706348931e-12,-1.2921890575130605e-14,-3.3752858157737994e-12,-3.921222987585482e-13,-3.748099918441943e-13,-1.731230691435439e-14,-2.4088681007619464e-07,-0.0003050530216598681,-2.4749329740334832e-11,-3.364569848209079e-13,-1.471216698284177e-10,-1.1088330385707991e-07,-3.5977226921405317e-06
20052,Disposal,-7.694639812962044e-08,-0.00012109303141639458,-1.4098350138784815e-08,-0.00012107151943905727,-7.41362719865865e-09,-0.00060261794596057,-0.000594400211325898,-8.217734634671666e-06,-0.00019132235307305117,-2.787640374654744e-09,-4.487450286107076e-08,-3.2350694646033917e-07,-3.73679419647164e-12,-1.393109704060783e-14,-3.722863099431032e-12,-4.2382809585543303e-13,-4.053126339975722e-13,-1.851546185786135e-14,-2.4634909815694614e-07,-0.0003074945358446688,-2.5656015323421094e-11,-3.491252101653796e-13,-1.6216142726921592e-10,-1.146314742181911e-07,-3.84326696223212e-06
20053,Disposal,-9.669827575349274e-08,-0.00015117511578537467,-1.7600891670400182e-08,-0.00015114820002834088,-9.314865363545586e-09,-0.0007517879888831105,-0.0007414880154321995,-1.0299973450910745e-05,-0.00024108742812205397,-3.5130042356335063e-09,-5.616631591041586e-08,-4.064251616654299e-07,-4.641553310183478e-12,-1.7369141080264413e-14,-4.624184169103214e-12,-5.281997740587745e-13,-5.050839577378851e-13,-2.311581632089002e-14,-3.099186675445254e-07,-0.0003878225760874889,-3.2200814010998427e-11,-4.381124335067456e-13,-2.0144381926862354e-10,-1.439415715769319e-07,-4.799105184802274e-06
20054,Disposal,-7.140242396879906e-08,-0.00010093623299319682,-1.1753992306591744e-08,-0.00010091762022591977,-6.858774970542757e-09,-0.000496226456652893,-0.0004889114061633325,-7.315050489560441e-06,-0.0001849904311472185,-2.698434122278021e-09,-3.9047984171268263e-08,-2.9877328220345934e-07,-2.8462263302782754e-12,-1.1352778964677188e-14,-2.8348735513135964e-12,-3.4282620718042183e-13,-3.2738456247009813e-13,-1.5441644710324143e-14,-2.3239405865184112e-07,-0.0003012569617003772,-2.3339617333489873e-11,-3.167604607182298e-13,-1.2373789373697106e-10,-1.0505565824365645e-07,-3.2159510940970793e-06
20055,Disposal,-7.128822669503434e-08,-0.00010052103419158242,-1.170570216933653e-08,-0.00010050248114353843,-6.847345874743413e-09,-0.0004940349568950901,-0.00048673850029963013,-7.296456595459918e-06,-0.00018486000337092557,-2.696596611761435e-09,-3.892796691819072e-08,-2.9826380706046393e-07,-2.8278820127415067e-12,-1.1299669609072624e-14,-2.816582343132432e-12,-3.41157693838161e-13,-3.257793649962229e-13,-1.5378328841938497e-14,-2.321066064703313e-07,-0.00030112847734213154,-2.3291903125643524e-11,-3.160937970495818e-13,-1.229464285081469e-10,-1.0485841127845728e-07,-3.2030293596422856e-06
20056,Disposal,-7.058320319565602e-08,-9.795770756913639e-05,-1.1407571746159584e-08,-9.793952321170366e-05,-6.7767856866623475e-09,-0.0004805052221019799,-0.0004733235592476808,-7.18166285429909e-06,-0.00018405477707938032,-2.6852523120961304e-09,-3.818701241935714e-08,-2.951184434600949e-07,-2.7146290906960498e-12,-1.0971786617616963e-14,-2.7036573040784312e-12,-3.3085673763719475e-13,-3.158693040734346e-13,-1.4987433563760524e-14,-2.3033195339648036e-07,-0.000300335249195089,-2.2997328336973827e-11,-3.1197799343112637e-13,-1.1806013335532641e-10,-1.0364066114255678e-07,-3.123254018751701e-06
20057,Disposal,-7.053828904697816e-08,-9.77944085682776e-05,-1.1388579082562174e-08,-9.777624769860796e-05,-6.772290587164238e-09,-0.0004796432983212753,-0.0004724689485042897,-7.174349816985682e-06,-0.00018400347942276366,-2.6845296134027346e-09,-3.813980925442223e-08,-2.9491806527622233e-07,-2.707414212633919e-12,-1.0950898540212215e-14,-2.696463314093705e-12,-3.3020050606655597e-13,-3.1523797483393387e-13,-1.4962531232622572e-14,-2.302188975450359e-07,-0.00030028471589093226,-2.2978562188233076e-11,-3.1171579250334007e-13,-1.1774884757950306e-10,-1.035630832877696e-07,-3.118171859753106e-06
25031,Disposal,-6.871930396781342e-08,-8.021449242997936e-05,-9.540217341730997e-09,-8.019840143934972e-05,-6.550773287977314e-09,-0.0003919946502183153,-0.00038530291583947074,-6.691734378844364e-06,-0.00018811877781700303,-2.5795235666049974e-09,-3.436642656222053e-08,-2.860045153328203e-07,-1.9617677204030055e-12,-8.830133515490106e-15,-1.9529375868875145e-12,-2.6330522479743606e-13,-2.506912278644779e-13,-1.2613996932958389e-14,-2.2425741668406915e-07,-0.00031315220245836444,-2.1545670241311023e-11,-2.9496926277937206e-13,-8.565144962577803e-11,-9.966922109891156e-08,-2.607133095889771e-06
25514,Disposal,-4.5360612825389714e-08,-3.611364214966263e-05,-4.362934217343832e-09,-3.610497959304785e-05,-4.299622397431239e-09,-0.00016686552143889392,-0.00016288628321049208,-3.9792382284017445e-06,-0.00013494743516631692,-1.8460545426826286e-09,-1.8940505574169583e-08,-1.8678685561258484e-07,-3.9631242372279314e-13,-3.5367688358447595e-15,-3.927756548869481e-13,-1.0041684360590726e-13,-9.461393351116115e-14,-5.802910094746214e-15,-1.5298730441741697e-07,-0.00022977242870052633,-1.3507212696124243e-11,-1.8406613707073785e-13,-1.7872270841957403e-11,-6.390883343149756e-08,-1.2083673514893064e-06
25515,Disposal,-4.523407623283826e-08,-3.565358001458944e-05,-4.309426202479079e-09,-3.564498363002948e-05,-4.286958357470243e-09,-0.00016443722431070632,-0.00016047858909605593,-3.958635214650381e-06,-0.00013480291432232402,-1.844018484273517e-09,-1.880752013808022e-08,-1.8622233032700638e-07,-3.7598595394587824e-13,-3.4779208732861174e-15,-3.725080330725919e-13,-9.85680429647351e-14,-9.283529018614751e-14,-5.732752778587659e-15,-1.526687922641e-07,-0.00022963006126606325,-1.3454342841370893e-11,-1.833274386217506e-13,-1.6995285692691002e-11,-6.369027340773693e-08,-1.1940493893010576e-06
25516,Disposal,-4.495020227048046e-08,-3.4621470183112e-05,-4.1893855731932824e-09,-3.461302224986578e-05,-4.2585476730137016e-09,-0.0001589895485541434,-0.000155077134428841,-3.9124141253023885e-06,-0.00013447869423862866,-1.8394507623479304e-09,-1.850917874989074e-08,-1.8495586640193142e-07,-3.303852672198442e-13,-3.3459005306219065e-15,-3.270393666892221e-13,-9.442041773604282e-14,-8.884505686223735e-14,-5.575360873805501e-15,-1.5195423764240477e-07,-0.00022931067217143978,-1.33357338694088e-11,-1.8167023218467757e-13,-1.502784493716443e-11,-6.319995279211964e-08,-1.1619282725765462e-06
25517,Disposal,-4.49750970632261e-08,-3.471198274767397e-05,-4.199912733071933e-09,-3.4703521795746296e-05,-4.261039194586984e-09,-0.0001594672914150197,-0.00015555082385547403,-3.916467559545667e-06,-0.00013450712725066166,-1.8398513362142787e-09,-1.8535342287274503e-08,-1.8506693103312448e-07,-3.343842942375911e-13,-3.3574782711146827e-15,-3.3102681596647624e-13,-9.478415053350438e-14,-8.919498691845118e-14,-5.589163615053237e-15,-1.5201690168198346e-07,-0.0002293386815219622,-1.3346135477750213e-11,-1.8181556362136524e-13,-1.5200382881262435e-11,-6.324295226274148e-08,-1.1647451865935052e-06
25518,Disposal,-4.465083119051775e-08,-3.353301588345321e-05,-4.062791740739581e-09,-3.3524724505706994e-05,-4.228586005456767e-09,-0.00015324447577260637,-0.00014938080601723568,-3.863669755370635e-06,-0.00013413677448031303,-1.8346336814347162e-09,-1.8194550444997878e-08,-1.836202642571119e-07,-2.822951686464248e-13,-3.206672993752514e-15,-2.790884956526723e-13,-9.004636724658956e-14,-8.463699054449422e-14,-5.409376702095409e-15,-1.5120067438139804e-07,-0.00022897384713334336,-1.3210649850661065e-11,-1.7992255629123869e-13,-1.2952998555155476e-11,-6.268286481756172e-08,-1.1280536145291672e-06
25519,Disposal,-4.470579955006323e-08,-3.373287001532166e-05,-4.086035987643532e-09,-3.372454989198314e-05,-4.2340873508607945e-09,-0.00015429934462069217,-0.00015042672477551142,-3.87261984518078e-06,-0.00013419955532144553,-1.8355181591058068e-09,-1.8252320226196148e-08,-1.8386549789462724e-07,-2.911251258663761e-13,-3.2322369503852714e-15,-2.878928889159907e-13,-9.08494988650622e-14,-8.540964534593243e-14,-5.439853519129825e-15,-1.5133903823496883e-07,-0.0002290356925186769,-1.3233616876456527e-11,-1.8024345193984804e-13,-1.3333966890313684e-11,-6.277780878377811e-08,-1.1342734350384178e-06
25520,Disposal,-4.477872830591649e-08,-3.399802461170797e-05,-4.116875074373935e-09,-3.398966635042427e-05,-4.241386209315955e-09,-0.00015569888197846274,-0.00015181438768550827,-3.884494292954482e-06,-0.0001342828492140243,-1.8366916315664363e-09,-1.8328965741971805e-08,-1.841908593248254e-07,-3.028401888519424e-13,-3.2661536902576185e-15,-2.995740351616846e-13,-9.191504621277161e-14,-8.643475786227585e-14,-5.48028835049583e-15,-1.5152261118092202e-07,-0.00022911774530404166,-1.3264088162679415e-11,-1.806691972341467e-13,-1.3839413058478627e-11,-6.290377480112317e-08,-1.1425255236057495e-06
25521,Disposal,-4.487646066036551e-08,-3.435336020868371e-05,-4.158202758083285e-09,-3.434495083846316e-05,-4.251167462448098e-09,-0.0001575744121381915,-0.00015367400481168625,-3.900407326505212e-06,-0.00013439447196334593,-1.8382642105185467e-09,-1.8431678953339168e-08,-1.846268785362891e-07,-3.1853962969255867e-13,-3.311605759255328e-15,-3.1522802393330317e-13,-9.334299393860547e-14,-8.780851857744547e-14,-5.5344753611600515e-15,-1.5176861861668917e-07,-0.00022922770483658784,-1.3304922954262105e-11,-1.812397415896698e-13,-1.4516765132897555e-11,-6.307258277421502e-08,-1.1535842073220867e-06
25522,Disposal,-4.4768744279941345e-08,-3.3961724659147754e-05,-4.112653169867769e-09,-3.395337161899022e-05,-4.240386987657055e-09,-0.00015550728379240186,-0.0001516244151242592,-3.8828686681426225e-06,-0.00013427144618956093,-1.8365309819106047e-09,-1.831847288752188e-08,-1.8414631699125062e-07,-3.0123638399088504e-13,-3.2615104516898437e-15,-2.97974873539195e-13,-9.176917162225097e-14,-8.629441884413588e-14,-5.474752778115149e-15,-1.5149747984501363e-07,-0.00022910651218850542,-1.3259916610462652e-11,-1.8061091224042455e-13,-1.3770216928461696e-11,-6.288652991637992e-08,-1.1413958037080017e-06
29891,Disposal,-8.110599068013454e-08,-0.00013959599408890514,-1.6827400347687428e-08,-0.00013957137556387886,-7.791124678832878e-09,-0.0007271001475841359,-0.0007178750437080958,-9.22510387603979e-06,-0.0001913675537243504,-2.3483010833474445e-09,-5.1570083862069874e-08,-3.4356823661510697e-07,-4.950631923030684e-12,-1.6931591820423767e-14,-4.933700331210257e-12,-5.205165982443325e-13,-4.982740457328799e-13,-2.224255251145328e-14,-2.469933944336517e-07,-0.00030532079745010447,-2.714803593031591e-11,-3.777532397385496e-13,-2.1450878451847933e-10,-1.2339980259221116e-07,-4.512404997545469e-06
29892,Disposal,-8.10712940937178e-08,-0.00013946984413255837,-1.6812728343136742e-08,-0.00013944524375204167,-7.787652173780926e-09,-0.0007264343036614032,-0.0007172148491728854,-9.219454488517529e-06,-0.00019132792582026738,-2.3477427920649247e-09,-5.153361898987439e-08,-3.4341344265424107e-07,-4.945058364418576e-12,-1.691545559154962e-14,-4.928142908827021e-12,-5.200096534158025e-13,-4.977863381805701e-13,-2.2223315235233183e-14,-2.4690605776502875e-07,-0.0003052817600152157,-2.7133538910542406e-11,-3.775506871483905e-13,-2.1426831343889537e-10,-1.2333987299715292e-07,-4.508478983715327e-06
29893,Disposal,-8.143498039143918e-08,-0.00014079213590012364,-1.6966518890457416e-08,-0.00014076734533059404,-7.824050639353143e-09,-0.0007334136159260259,-0.0007241349450982495,-9.278670827775978e-06,-0.00019174330171774914,-2.353594747849596e-09,-5.191584028987133e-08,-3.4503597813541933e-07,-5.003479872299034e-12,-1.7084593998075736e-14,-4.9863952783009534e-12,-5.253234005845464e-13,-5.028984420613345e-13,-2.2424958523212476e-14,-2.478215123658155e-07,-0.0003056909466711224,-2.7285495284177907e-11,-3.796738240104443e-13,-2.1678890827760662e-10,-1.239680492761931e-07,-4.549631084891444e-06
29894,Disposal,-8.135890085192272e-08,-0.0001405155256747369,-1.6934347444638732e-08,-0.00014049077489084843,-7.816436444050242e-09,-0.0007319536135378115,-0.0007226873301765163,-9.266283361294948e-06,-0.0001916564092304472,-2.3523705771724e-09,-5.183588341308125e-08,-3.4469655992519103e-07,-4.991258676600296e-12,-1.7049211933467645e-14,-4.974209464666824e-12,-5.242118177720021e-13,-5.018290410098085e-13,-2.2382776762194352e-14,-2.476300084105869e-07,-0.0003056053489113148,-2.725370752916703e-11,-3.792296849933642e-13,-2.162616250232245e-10,-1.2383664107537836e-07,-4.541022476518708e-06
29895,Disposal,-8.166266953289715e-08,-0.00014161996878577323,-1.7062800872767967e-08,-0.0001415950591466682,-7.846838232475158e-09,-0.000737783078365099,-0.0007284673346051544,-9.31574375994449e-06,-0.0001920033516070975,-2.357258418427262e-09,-5.2155133439457997e-08,-3.4605178135101814e-07,-5.040055192995261e-12,-1.719048464837185e-14,-5.022864708346885e-12,-5.286501207231835e-13,-5.06098921570593e-13,-2.2551199152591218e-14,-2.483946411127682e-07,-0.0003059471217290314,-2.7380628965234653e-11,-3.8100303331073306e-13,-2.183669497886159e-10,-1.243613247956588e-07,-4.575394735171061e-06
29896,Disposal,-8.09603419553841e-08,-0.00013906644400439404,-1.6765810463118584e-08,-0.00013904190164607338,-7.77654785774646e-09,-0.000724305079589146,-0.0007151036906134237,-9.20138897572207e-06,-0.00019120120440038814,-2.3459574979479573e-09,-5.141701225814693e-08,-3.429184452284735e-07,-4.927235335988228e-12,-1.686385544055134e-14,-4.910371480547673e-12,-5.183885540930328e-13,-4.962267554838654e-13,-2.2161798609168048e-14,-2.4662677409077126e-07,-0.00030515692678741765,-2.7087180593789962e-11,-3.7690296801160735e-13,-2.134993392185849e-10,-1.2314823118428647e-07,-4.495924445227014e-06
29911,Disposal,-5.299774813513282e-08,-7.246826945639639e-05,-8.580918639627429e-09,-7.245460684928806e-05,-5.081688468777878e-09,-0.0003603545802417748,-0.0003549029245072006,-5.451655734574133e-06,-0.0001381041836068499,-1.8939020860393424e-09,-2.8885065562475638e-08,-2.219066934280946e-07,-2.0829583224050755e-12,-8.259923074432952e-15,-2.0746983993306428e-12,-2.495185897408554e-13,-2.381902105190045e-13,-1.132837922185113e-14,-1.695957899886858e-07,-0.0002263759952958889,-1.7060465895725374e-11,-2.3401199966215824e-13,-9.059223686829099e-11,-7.806422406349092e-08,-2.3342401221588175e-06
29912,Disposal,-5.283836782264663e-08,-7.188879402266992e-05,-8.513522134334372e-09,-7.187521476317323e-05,-5.0657373624170815e-09,-0.0003572959965760067,-0.00035187029155421556,-5.425705021791078e-06,-0.00013792215106739304,-1.8913375502087103e-09,-2.871756255063805e-08,-2.2119564048595644e-07,-2.0573559330925278e-12,-8.185800589603455e-15,-2.0491701325029235e-12,-2.471899161297428e-13,-2.359499041915928e-13,-1.1240011938150212e-14,-1.691946051179484e-07,-0.00022619667510293088,-1.6993873190786986e-11,-2.3308156533277825e-13,-8.948762227169528e-11,-7.778893480382644e-08,-2.3162058030601706e-06
29913,Disposal,-5.2718121146158174e-08,-7.1451600783898e-05,-8.462673910723758e-09,-7.143808440715728e-05,-5.053702830069394e-09,-0.0003549884059154453,-0.00034958227976707954,-5.40612614836567e-06,-0.00013778481410562534,-1.8894027007561106e-09,-2.859118759151616e-08,-2.206591767799585e-07,-2.038039857116932e-12,-8.129877857901034e-15,-2.0299099792590295e-12,-2.454330161839799e-13,-2.3425967416264464e-13,-1.1173342021335553e-14,-1.6889192565515208e-07,-0.0002260613845084144,-1.6943631405447838e-11,-2.3237958631132034e-13,-8.86542305436374e-11,-7.758123902238863e-08,-2.302599562110351e-06
29914,Disposal,-5.2540303840707854e-08,-7.08050920740545e-05,-8.387481029112245e-09,-7.079166868651357e-05,-5.035906511893182e-09,-0.00035157600762448084,-0.00034619883414755624,-5.3771734769245355e-06,-0.00013758172418086882,-1.8865415013769638e-09,-2.8404307959049914e-08,-2.1986586977590496e-07,-2.009475802939651e-12,-8.04718094057126e-15,-2.0014286219990783e-12,-2.4283496338597705e-13,-2.3176021090830966e-13,-1.1074752477667641e-14,-1.6844433202461412e-07,-0.0002258613206923305,-1.6869335307202843e-11,-2.313415200485053e-13,-8.742183497316966e-11,-7.727410451117229e-08,-2.282479046735965e-06
29915,Disposal,-5.2480048645301224e-08,-7.05860160479891e-05,-8.362001159404313e-09,-7.057262417078059e-05,-5.029876049185907e-09,-0.00035041968189281704,-0.0003450523193219278,-5.367362570889199e-06,-0.0001375129051023751,-1.885571954980727e-09,-2.8340981902324127e-08,-2.1959704966064316e-07,-1.9997965838012264e-12,-8.01915825233733e-15,-1.991777425548888e-12,-2.4195458687468096e-13,-2.309132424626893e-13,-1.1041344411991939e-14,-1.6829266038836632e-07,-0.00022579352704141782,-1.6844159321623904e-11,-2.309897607787731e-13,-8.700422524880256e-11,-7.717002887048818e-08,-2.275661006261808e-06
29916,Disposal,-5.231121754547384e-08,-6.997217941237917e-05,-8.290608238060064e-09,-6.995887582505238e-05,-5.012979088775003e-09,-0.0003471797331428709,-0.0003418398600862894,-5.33987305658142e-06,-0.00013732007856463366,-1.8828553496605445e-09,-2.816354645078185e-08,-2.188438333544129e-07,-1.9726760475290905e-12,-7.940640520501497e-15,-1.964735407008588e-12,-2.3948782971521573e-13,-2.285400925089276e-13,-1.0947737206288432e-14,-1.6786768642574735e-07,-0.00022560357368440586,-1.6773617863649278e-11,-2.3000415440935416e-13,-8.583411023070846e-11,-7.68784157612226e-08,-2.2565573046780493e-06
33601,Disposal,-4.472402909575891e-08,-3.4395609953463794e-05,-4.156884928339125e-09,-3.438723258914105e-05,-4.220479394390123e-09,-0.00015772451994541816,-0.00015385064807278416,-3.873871872633939e-06,-0.0001340572888686922,-1.8366757640436818e-09,-1.837861146322998e-08,-1.8393294299854656e-07,-3.2140394115455566e-13,-3.314845908330553e-15,-3.1808909524622487e-13,-9.346177537255273e-14,-8.793454041838379e-14,-5.527234954168987e-15,-1.514764054426329e-07,-0.00022893173092466398,-1.3273763542304491e-11,-1.8092931218732305e-13,-1.462498246015083e-11,-6.286208694082077e-08,-1.1537247648250144e-06
33602,Disposal,-4.477694554182143e-08,-3.458800373193627e-05,-4.179261490923989e-09,-3.4579598695065226e-05,-4.225775380112649e-09,-0.00015874001160215174,-0.0001548575237375433,-3.882487864608402e-06,-0.00013411772616427493,-1.8375272250543936e-09,-1.8434224756697334e-08,-1.8416902231143854e-07,-3.2990428496738697e-13,-3.339455588217083e-15,-3.265648293791696e-13,-9.423492689683731e-14,-8.867835279450944e-14,-5.556574102327931e-15,-1.5160960431294705e-07,-0.00022899126768407023,-1.3295873232165559e-11,-1.81238229124662e-13,-1.4991729631171052e-11,-6.295348674443131e-08,-1.159712405700926e-06
33603,Disposal,-4.461156893740632e-08,-3.3986726961444515e-05,-4.109329358021583e-09,-3.397840840793384e-05,-4.20922415264005e-09,-0.00015556635625492624,-0.00015171079543478943,-3.855560820136799e-06,-0.00013392884509860978,-1.8348662048759602e-09,-1.826041985636245e-08,-1.8343121775267048e-07,-3.033386687794403e-13,-3.262544427354754e-15,-3.000761243520854e-13,-9.181864267333726e-14,-8.635376045623588e-14,-5.464882217101441e-15,-1.5119332584899924e-07,-0.00022880520101026424,-1.3226775140627545e-11,-1.8027278949398325e-13,-1.3845556629482392e-11,-6.266784040402018e-08,-1.1409995897392218e-06
36688,Disposal,-9.004066248381972e-08,-0.0001268966411439667,-1.3060129334629209e-08,-0.00012687523220905535,-8.348805576868344e-09,-0.0005586827038613686,-0.0005498860325852629,-8.796671276105603e-06,-0.00023916153337514014,-3.396566313020682e-09,-4.6603800188574397e-08,-3.758369279400502e-07,-2.850507579154152e-12,-1.2405749951335396e-14,-2.838101829202815e-12,-3.7397215604642997e-13,-3.5702040328690804e-13,-1.6951752759522262e-14,-2.80076317646964e-07,-0.00040065867710157855,-2.7960375670067846e-11,-3.9623992692002206e-13,-1.2420572630346003e-10,-1.306777371989876e-07,-3.952453457032076e-06
